ISO-10303-21;
HEADER;
FILE_DESCRIPTION(('Creo Elements/Direct Modeling STEP Export'),'2;1');
FILE_NAME(
'C:/temp/JobSpoolerServerData/JobServer Files/84bc3661-cd8e-4653-ae81-b4
b2bcd8806e/work/output/model.stp','2020-08-20T14:45:20',(''),(''),
'Creo Elements/Direct Modeling STEP processor for AP214 (Solid Model)',
'Creo Elements/Direct Modeling 20.1A  29-Sep-2018 (C) Parametric Technol
ogy GmbH','');
FILE_SCHEMA(('AUTOMOTIVE_DESIGN { 1 0 10303 214 1 1 1 1 }'));
ENDSEC;
DATA;
#10=CARTESIAN_POINT('',(7.26199425138285,3.92703501383657,
-8.15000000163903));
#20=DIRECTION('',(0.,0.,-1.));
#30=DIRECTION('',(-1.,0.,0.));
#40=AXIS2_PLACEMENT_3D('',#10,#20,#30);
#50=PLANE('',#40);
#60=CARTESIAN_POINT('',(-32.9742754795343,0.19999976936014,
-8.15000000163903));
#70=DIRECTION('',(-1.,0.,0.));
#80=VECTOR('',#70,1.);
#90=LINE('',#60,#80);
#100=CARTESIAN_POINT('',(13.1139895394543,0.199999769360096,
-8.15000000166684));
#110=VERTEX_POINT('',#100);
#120=CARTESIAN_POINT('',(7.70000000000148,0.199999769360096,
-8.15000000166684));
#130=VERTEX_POINT('',#120);
#140=EDGE_CURVE('',#110,#130,#90,.T.);
#150=ORIENTED_EDGE('',*,*,#140,.T.);
#160=CARTESIAN_POINT('',(-32.9742754795343,4.23220048010005,
-8.15000000163903));
#170=DIRECTION('',(-0.996194698091746,0.0871557427476591,0.));
#180=VECTOR('',#170,1.);
#190=LINE('',#160,#180);
#200=CARTESIAN_POINT('',(15.4000000000015,-2.30639464859905E-7,
-8.15000000166684));
#210=VERTEX_POINT('',#200);
#220=EDGE_CURVE('',#210,#110,#190,.T.);
#230=ORIENTED_EDGE('',*,*,#220,.T.);
#240=CARTESIAN_POINT('',(15.4000000000015,8.37903992059294,
-8.15000000163903));
#250=DIRECTION('',(0.,1.,0.));
#260=VECTOR('',#250,1.);
#270=LINE('',#240,#260);
#280=CARTESIAN_POINT('',(15.4000000000015,-1.10000023063941,
-8.15000000166684));
#290=VERTEX_POINT('',#280);
#300=EDGE_CURVE('',#290,#210,#270,.T.);
#310=ORIENTED_EDGE('',*,*,#300,.T.);
#320=CARTESIAN_POINT('',(-32.9742754795343,-14.0618482798193,
-8.15000000163903));
#330=DIRECTION('',(0.96592582628908,0.258819045102477,0.));
#340=VECTOR('',#330,1.);
#350=LINE('',#320,#340);
#360=CARTESIAN_POINT('',(14.1022758664048,-1.44772436423497,
-8.15000000166684));
#370=VERTEX_POINT('',#360);
#380=EDGE_CURVE('',#370,#290,#350,.T.);
#390=ORIENTED_EDGE('',*,*,#380,.T.);
#400=CARTESIAN_POINT('',(23.9290401512327,8.37903992059294,
-8.15000000163903));
#410=DIRECTION('',(-0.707106781186548,-0.707106781186548,0.));
#420=VECTOR('',#410,1.);
#430=LINE('',#400,#420);
#440=CARTESIAN_POINT('',(12.7500000000015,-2.80000023063827,
-8.15000000166684));
#450=VERTEX_POINT('',#440);
#460=EDGE_CURVE('',#370,#450,#430,.T.);
#470=ORIENTED_EDGE('',*,*,#460,.F.);
#480=CARTESIAN_POINT('',(12.7500000000015,8.37903992059294,
-8.15000000163903));
#490=DIRECTION('',(5.55111512312578E-17,1.,0.));
#500=VECTOR('',#490,1.);
#510=LINE('',#480,#500);
#520=CARTESIAN_POINT('',(12.7500000000015,-4.45000023064122,
-8.15000000166684));
#530=VERTEX_POINT('',#520);
#540=EDGE_CURVE('',#530,#450,#510,.T.);
#550=ORIENTED_EDGE('',*,*,#540,.T.);
#560=CARTESIAN_POINT('',(3.76700937811232,8.37903992059294,
-8.15000000163903));
#570=DIRECTION('',(-0.573576436351046,0.819152044288992,0.));
#580=VECTOR('',#570,1.);
#590=LINE('',#560,#580);
#600=CARTESIAN_POINT('',(14.4304980917035,-6.85000023063945,
-8.15000000166684));
#610=VERTEX_POINT('',#600);
#620=EDGE_CURVE('',#610,#530,#590,.T.);
#630=ORIENTED_EDGE('',*,*,#620,.T.);
#640=CARTESIAN_POINT('',(-32.9742754795343,-6.85000023063945,
-8.15000000163903));
#650=DIRECTION('',(-1.,0.,0.));
#660=VECTOR('',#650,1.);
#670=LINE('',#640,#660);
#680=CARTESIAN_POINT('',(15.5000000000106,-6.85000023063945,
-8.15000000166684));
#690=VERTEX_POINT('',#680);
#700=EDGE_CURVE('',#690,#610,#670,.T.);
#710=ORIENTED_EDGE('',*,*,#700,.T.);
#720=CARTESIAN_POINT('',(-32.9742754795343,-55.3242757101844,
-8.15000000163903));
#730=DIRECTION('',(-0.707106781186548,-0.707106781186547,0.));
#740=VECTOR('',#730,1.);
#750=LINE('',#720,#740);
#760=CARTESIAN_POINT('',(21.9000000000106,-0.450000230639452,
-8.15000000166684));
#770=VERTEX_POINT('',#760);
#780=EDGE_CURVE('',#770,#690,#750,.T.);
#790=ORIENTED_EDGE('',*,*,#780,.T.);
#800=CARTESIAN_POINT('',(21.9000000000106,8.37903992059294,
-8.15000000163903));
#810=DIRECTION('',(0.,-1.,0.));
#820=VECTOR('',#810,1.);
#830=LINE('',#800,#820);
#840=CARTESIAN_POINT('',(21.9000000000106,8.15591523257579,
-8.15000000166684));
#850=VERTEX_POINT('',#840);
#860=EDGE_CURVE('',#850,#770,#830,.T.);
#870=ORIENTED_EDGE('',*,*,#860,.T.);
#880=CARTESIAN_POINT('',(42.649999999994,22.0999999999848,
-8.15000000163903));
#890=DIRECTION('',(0.,0.,1.));
#900=DIRECTION('',(1.,0.,0.));
#910=AXIS2_PLACEMENT_3D('',#880,#890,#900);
#920=CIRCLE('',#910,25.);
#930=CARTESIAN_POINT('',(17.6500000000014,22.0999999999848,
-8.15000000166684));
#940=VERTEX_POINT('',#930);
#950=EDGE_CURVE('',#940,#850,#920,.T.);
#960=ORIENTED_EDGE('',*,*,#950,.T.);
#970=CARTESIAN_POINT('',(17.6500000000014,0.599999769361473,
-8.15000000163902));
#980=DIRECTION('',(8.00094898427962E-17,-1.,0.));
#990=VECTOR('',#980,1.);
#1000=LINE('',#970,#990);
#1010=CARTESIAN_POINT('',(17.6500000000014,24.4652048334008,
-8.15000000166684));
#1020=VERTEX_POINT('',#1010);
#1030=EDGE_CURVE('',#1020,#940,#1000,.T.);
#1040=ORIENTED_EDGE('',*,*,#1030,.T.);
#1050=CARTESIAN_POINT('',(24.6500000000004,24.4652048334008,
-8.15000000163903));
#1060=DIRECTION('',(0.,0.,1.));
#1070=DIRECTION('',(1.,0.,0.));
#1080=AXIS2_PLACEMENT_3D('',#1050,#1060,#1070);
#1090=CIRCLE('',#1080,7.);
#1100=CARTESIAN_POINT('',(18.9159356899754,28.4802398878596,
-8.15000000166684));
#1110=VERTEX_POINT('',#1100);
#1120=EDGE_CURVE('',#1110,#1020,#1090,.T.);
#1130=ORIENTED_EDGE('',*,*,#1120,.T.);
#1140=CARTESIAN_POINT('',(-0.606018608090658,0.599999769361473,
-8.15000000163903));
#1150=DIRECTION('',(0.573576436351046,0.819152044288992,0.));
#1160=VECTOR('',#1150,1.);
#1170=LINE('',#1140,#1160);
#1180=CARTESIAN_POINT('',(19.7000000000011,29.5999997693805,
-8.15000000166684));
#1190=VERTEX_POINT('',#1180);
#1200=EDGE_CURVE('',#1110,#1190,#1170,.T.);
#1210=ORIENTED_EDGE('',*,*,#1200,.F.);
#1220=CARTESIAN_POINT('',(19.6999999999993,0.599999769361473,
-8.15000000163903));
#1230=DIRECTION('',(0.,-1.,0.));
#1240=VECTOR('',#1230,1.);
#1250=LINE('',#1220,#1240);
#1260=CARTESIAN_POINT('',(19.7000000000011,30.799999769378,
-8.15000000166684));
#1270=VERTEX_POINT('',#1260);
#1280=EDGE_CURVE('',#1270,#1190,#1250,.T.);
#1290=ORIENTED_EDGE('',*,*,#1280,.T.);
#1300=CARTESIAN_POINT('',(42.1209598487623,8.37903992059294,
-8.15000000163903));
#1310=DIRECTION('',(0.707106781186231,-0.707106781186864,0.));
#1320=VECTOR('',#1310,1.);
#1330=LINE('',#1300,#1320);
#1340=CARTESIAN_POINT('',(18.1082245717725,32.391775197608,
-8.15000000166684));
#1350=VERTEX_POINT('',#1340);
#1360=EDGE_CURVE('',#1350,#1270,#1330,.T.);
#1370=ORIENTED_EDGE('',*,*,#1360,.T.);
#1380=CARTESIAN_POINT('',(-32.9742754795343,12.4994980995842,
-8.15000000163903));
#1390=DIRECTION('',(0.931839057155939,0.362871839026855,0.));
#1400=VECTOR('',#1390,1.);
#1410=LINE('',#1380,#1400);
#1420=CARTESIAN_POINT('',(15.965653659796,31.5574265607873,
-8.15000000166684));
#1430=VERTEX_POINT('',#1420);
#1440=EDGE_CURVE('',#1430,#1350,#1410,.T.);
#1450=ORIENTED_EDGE('',*,*,#1440,.T.);
#1460=CARTESIAN_POINT('',(-32.9742754795343,80.4973557001177,
-8.15000000163903));
#1470=DIRECTION('',(-0.707106781186548,0.707106781186547,0.));
#1480=VECTOR('',#1470,1.);
#1490=LINE('',#1460,#1480);
#1500=CARTESIAN_POINT('',(16.3389342456503,31.184145974933,
-8.15000000166684));
#1510=VERTEX_POINT('',#1500);
#1520=EDGE_CURVE('',#1510,#1430,#1490,.T.);
#1530=ORIENTED_EDGE('',*,*,#1520,.T.);
#1540=CARTESIAN_POINT('',(-6.4661718086898,8.37903992059294,
-8.15000000163903));
#1550=DIRECTION('',(0.707106781186547,0.707106781186548,0.));
#1560=VECTOR('',#1550,1.);
#1570=LINE('',#1540,#1560);
#1580=CARTESIAN_POINT('',(15.582329989781,30.4275417190637,
-8.15000000166684));
#1590=VERTEX_POINT('',#1580);
#1600=EDGE_CURVE('',#1590,#1510,#1570,.T.);
#1610=ORIENTED_EDGE('',*,*,#1600,.T.);
#1620=CARTESIAN_POINT('',(-32.9742754795343,78.9841471883722,
-8.15000000163903));
#1630=DIRECTION('',(0.707106781186598,-0.707106781186497,0.));
#1640=VECTOR('',#1630,1.);
#1650=LINE('',#1620,#1640);
#1660=CARTESIAN_POINT('',(11.1098795987757,34.8999921100684,
-8.15000000166684));
#1670=VERTEX_POINT('',#1660);
#1680=EDGE_CURVE('',#1670,#1590,#1650,.T.);
#1690=ORIENTED_EDGE('',*,*,#1680,.T.);
#1700=CARTESIAN_POINT('',(-15.4110725906998,8.37903992059294,
-8.15000000163903));
#1710=DIRECTION('',(-0.707106781186547,-0.707106781186548,0.));
#1720=VECTOR('',#1710,1.);
#1730=LINE('',#1700,#1720);
#1740=CARTESIAN_POINT('',(11.8664838546457,35.6565963659384,
-8.15000000166684));
#1750=VERTEX_POINT('',#1740);
#1760=EDGE_CURVE('',#1750,#1670,#1730,.T.);
#1770=ORIENTED_EDGE('',*,*,#1760,.T.);
#1780=CARTESIAN_POINT('',(-32.9742754795343,80.4973557001176,
-8.15000000163903));
#1790=DIRECTION('',(-0.707106781186548,0.707106781186547,0.));
#1800=VECTOR('',#1790,1.);
#1810=LINE('',#1780,#1800);
#1820=CARTESIAN_POINT('',(12.2397644405007,35.2833157800834,
-8.15000000166684));
#1830=VERTEX_POINT('',#1820);
#1840=EDGE_CURVE('',#1830,#1750,#1810,.T.);
#1850=ORIENTED_EDGE('',*,*,#1840,.T.);
#1860=CARTESIAN_POINT('',(1.76284357758772,8.37903992059294,
-8.15000000163903));
#1870=DIRECTION('',(-0.362871839026052,-0.931839057156251,0.));
#1880=VECTOR('',#1870,1.);
#1890=LINE('',#1860,#1880);
#1900=CARTESIAN_POINT('',(13.0741130773184,37.4258866920575,
-8.15000000166684));
#1910=VERTEX_POINT('',#1900);
#1920=EDGE_CURVE('',#1910,#1830,#1890,.T.);
#1930=ORIENTED_EDGE('',*,*,#1920,.T.);
#1940=CARTESIAN_POINT('',(-32.9742754795343,83.47427524891,
-8.15000000163903));
#1950=DIRECTION('',(0.707106781186549,-0.707106781186546,0.));
#1960=VECTOR('',#1950,1.);
#1970=LINE('',#1940,#1960);
#1980=CARTESIAN_POINT('',(10.5000000000009,39.999999769375,
-8.15000000166684));
#1990=VERTEX_POINT('',#1980);
#2000=EDGE_CURVE('',#1990,#1910,#1970,.T.);
#2010=ORIENTED_EDGE('',*,*,#2000,.T.);
#2020=CARTESIAN_POINT('',(-32.9742754795343,39.999999769375,
-8.15000000163903));
#2030=DIRECTION('',(1.,0.,0.));
#2040=VECTOR('',#2030,1.);
#2050=LINE('',#2020,#2040);
#2060=CARTESIAN_POINT('',(3.10000000000932,39.999999769375,
-8.15000000166684));
#2070=VERTEX_POINT('',#2060);
#2080=EDGE_CURVE('',#2070,#1990,#2050,.T.);
#2090=ORIENTED_EDGE('',*,*,#2080,.T.);
#2100=CARTESIAN_POINT('',(-8.40908816387408,8.37903992059294,
-8.15000000163903));
#2110=DIRECTION('',(0.342020143325669,0.939692620785908,0.));
#2120=VECTOR('',#2110,1.);
#2130=LINE('',#2100,#2120);
#2140=CARTESIAN_POINT('',(1.9000000000096,36.7030268660303,
-8.15000000166684));
#2150=VERTEX_POINT('',#2140);
#2160=EDGE_CURVE('',#2150,#2070,#2130,.T.);
#2170=ORIENTED_EDGE('',*,*,#2160,.T.);
#2180=CARTESIAN_POINT('',(1.9000000000096,8.37903992059294,
-8.15000000163903));
#2190=DIRECTION('',(0.,1.,0.));
#2200=VECTOR('',#2190,1.);
#2210=LINE('',#2180,#2200);
#2220=CARTESIAN_POINT('',(1.9000000000096,30.9999997693846,
-8.15000000166684));
#2230=VERTEX_POINT('',#2220);
#2240=EDGE_CURVE('',#2230,#2150,#2210,.T.);
#2250=ORIENTED_EDGE('',*,*,#2240,.T.);
#2260=CARTESIAN_POINT('',(-32.9742754795343,30.9999997693846,
-8.15000000163903));
#2270=DIRECTION('',(1.,1.38383250655425E-28,0.));
#2280=VECTOR('',#2270,1.);
#2290=LINE('',#2260,#2280);
#2300=CARTESIAN_POINT('',(-6.09999999999095,30.9999997693846,
-8.15000000166684));
#2310=VERTEX_POINT('',#2300);
#2320=EDGE_CURVE('',#2310,#2230,#2290,.T.);
#2330=ORIENTED_EDGE('',*,*,#2320,.T.);
#2340=CARTESIAN_POINT('',(-6.09999999999095,8.37903992059294,
-8.15000000163903));
#2350=DIRECTION('',(-2.01948391736579E-28,1.,0.));
#2360=VECTOR('',#2350,1.);
#2370=LINE('',#2340,#2360);
#2380=CARTESIAN_POINT('',(-6.09999999999095,36.7030268660303,
-8.15000000166684));
#2390=VERTEX_POINT('',#2380);
#2400=EDGE_CURVE('',#2310,#2390,#2370,.T.);
#2410=ORIENTED_EDGE('',*,*,#2400,.F.);
#2420=CARTESIAN_POINT('',(4.20908816389273,8.37903992059294,
-8.15000000163903));
#2430=DIRECTION('',(-0.342020143325669,0.939692620785908,0.));
#2440=VECTOR('',#2430,1.);
#2450=LINE('',#2420,#2440);
#2460=CARTESIAN_POINT('',(-7.29999999999068,39.9999997693751,
-8.15000000166684));
#2470=VERTEX_POINT('',#2460);
#2480=EDGE_CURVE('',#2390,#2470,#2450,.T.);
#2490=ORIENTED_EDGE('',*,*,#2480,.F.);
#2500=CARTESIAN_POINT('',(-32.9742754795343,39.999999769375,
-8.15000000163903));
#2510=DIRECTION('',(1.,0.,0.));
#2520=VECTOR('',#2510,1.);
#2530=LINE('',#2500,#2520);
#2540=CARTESIAN_POINT('',(-14.6999999999982,39.999999769375,
-8.15000000166684));
#2550=VERTEX_POINT('',#2540);
#2560=EDGE_CURVE('',#2550,#2470,#2530,.T.);
#2570=ORIENTED_EDGE('',*,*,#2560,.T.);
#2580=CARTESIAN_POINT('',(-32.9742754795343,21.7257242898391,
-8.15000000163903));
#2590=DIRECTION('',(0.707106781186549,0.707106781186546,0.));
#2600=VECTOR('',#2590,1.);
#2610=LINE('',#2580,#2600);
#2620=CARTESIAN_POINT('',(-17.2741130773157,37.4258866920575,
-8.15000000166684));
#2630=VERTEX_POINT('',#2620);
#2640=EDGE_CURVE('',#2630,#2550,#2610,.T.);
#2650=ORIENTED_EDGE('',*,*,#2640,.T.);
#2660=CARTESIAN_POINT('',(-5.962843577585,8.37903992059294,
-8.15000000163903));
#2670=DIRECTION('',(-0.362871839026052,0.931839057156251,0.));
#2680=VECTOR('',#2670,1.);
#2690=LINE('',#2660,#2680);
#2700=CARTESIAN_POINT('',(-16.439764440498,35.2833157800834,
-8.15000000166684));
#2710=VERTEX_POINT('',#2700);
#2720=EDGE_CURVE('',#2710,#2630,#2690,.T.);
#2730=ORIENTED_EDGE('',*,*,#2720,.T.);
#2740=CARTESIAN_POINT('',(-32.9742754795343,18.748804741047,
-8.15000000163903));
#2750=DIRECTION('',(-0.707106781186548,-0.707106781186547,0.));
#2760=VECTOR('',#2750,1.);
#2770=LINE('',#2740,#2760);
#2780=CARTESIAN_POINT('',(-16.066483854643,35.6565963659384,
-8.15000000166684));
#2790=VERTEX_POINT('',#2780);
#2800=EDGE_CURVE('',#2790,#2710,#2770,.T.);
#2810=ORIENTED_EDGE('',*,*,#2800,.T.);
#2820=CARTESIAN_POINT('',(11.2110725907025,8.37903992059294,
-8.15000000163903));
#2830=DIRECTION('',(-0.707106781186547,0.707106781186548,0.));
#2840=VECTOR('',#2830,1.);
#2850=LINE('',#2820,#2840);
#2860=CARTESIAN_POINT('',(-15.309879598773,34.8999921100684,
-8.15000000166684));
#2870=VERTEX_POINT('',#2860);
#2880=EDGE_CURVE('',#2870,#2790,#2850,.T.);
#2890=ORIENTED_EDGE('',*,*,#2880,.T.);
#2900=CARTESIAN_POINT('',(-32.9742754795343,17.2355962293096,
-8.15000000163903));
#2910=DIRECTION('',(0.707106781186598,0.707106781186497,0.));
#2920=VECTOR('',#2910,1.);
#2930=LINE('',#2900,#2920);
#2940=CARTESIAN_POINT('',(-19.7823299897783,30.4275417190637,
-8.15000000166684));
#2950=VERTEX_POINT('',#2940);
#2960=EDGE_CURVE('',#2950,#2870,#2930,.T.);
#2970=ORIENTED_EDGE('',*,*,#2960,.T.);
#2980=CARTESIAN_POINT('',(2.26617180869252,8.37903992059294,
-8.15000000163903));
#2990=DIRECTION('',(0.707106781186547,-0.707106781186548,0.));
#3000=VECTOR('',#2990,1.);
#3010=LINE('',#2980,#3000);
#3020=CARTESIAN_POINT('',(-20.5389342456476,31.184145974933,
-8.15000000166684));
#3030=VERTEX_POINT('',#3020);
#3040=EDGE_CURVE('',#3030,#2950,#3010,.T.);
#3050=ORIENTED_EDGE('',*,*,#3040,.T.);
#3060=CARTESIAN_POINT('',(-32.9742754795343,18.7488047410463,
-8.15000000163903));
#3070=DIRECTION('',(-0.707106781186548,-0.707106781186547,0.));
#3080=VECTOR('',#3070,1.);
#3090=LINE('',#3060,#3080);
#3100=CARTESIAN_POINT('',(-20.1656536597934,31.5574265607873,
-8.15000000166684));
#3110=VERTEX_POINT('',#3100);
#3120=EDGE_CURVE('',#3110,#3030,#3090,.T.);
#3130=ORIENTED_EDGE('',*,*,#3120,.T.);
#3140=CARTESIAN_POINT('',(-32.9742754795343,36.5452923509536,
-8.15000000163903));
#3150=DIRECTION('',(0.931839057155939,-0.362871839026855,0.));
#3160=VECTOR('',#3150,1.);
#3170=LINE('',#3140,#3160);
#3180=CARTESIAN_POINT('',(-22.3082245717672,32.3917751976069,
-8.15000000166684));
#3190=VERTEX_POINT('',#3180);
#3200=EDGE_CURVE('',#3190,#3110,#3170,.T.);
#3210=ORIENTED_EDGE('',*,*,#3200,.T.);
#3220=CARTESIAN_POINT('',(-46.3209598487633,8.37903992059294,
-8.15000000163903));
#3230=DIRECTION('',(0.707106781186231,0.707106781186864,0.));
#3240=VECTOR('',#3230,1.);
#3250=LINE('',#3220,#3240);
#3260=CARTESIAN_POINT('',(-23.8999999999967,30.7999997693759,
-8.15000000166684));
#3270=VERTEX_POINT('',#3260);
#3280=EDGE_CURVE('',#3270,#3190,#3250,.T.);
#3290=ORIENTED_EDGE('',*,*,#3280,.T.);
#3300=CARTESIAN_POINT('',(-23.8999999999975,0.599999769361473,
-8.15000000163903));
#3310=DIRECTION('',(0.,-1.,0.));
#3320=VECTOR('',#3310,1.);
#3330=LINE('',#3300,#3320);
#3340=CARTESIAN_POINT('',(-23.8999999999985,29.599999769375,
-8.15000000166684));
#3350=VERTEX_POINT('',#3340);
#3360=EDGE_CURVE('',#3270,#3350,#3330,.T.);
#3370=ORIENTED_EDGE('',*,*,#3360,.F.);
#3380=CARTESIAN_POINT('',(-3.59398139190747,0.599999769361473,
-8.15000000163903));
#3390=DIRECTION('',(-0.573576436351046,0.819152044288992,0.));
#3400=VECTOR('',#3390,1.);
#3410=LINE('',#3380,#3400);
#3420=CARTESIAN_POINT('',(-23.1159356899756,28.4802398878581,
-8.15000000166684));
#3430=VERTEX_POINT('',#3420);
#3440=EDGE_CURVE('',#3430,#3350,#3410,.T.);
#3450=ORIENTED_EDGE('',*,*,#3440,.T.);
#3460=CARTESIAN_POINT('',(-28.8499999999985,24.4652048334008,
-8.15000000163903));
#3470=DIRECTION('',(0.,0.,-1.));
#3480=DIRECTION('',(-1.,0.,0.));
#3490=AXIS2_PLACEMENT_3D('',#3460,#3470,#3480);
#3500=CIRCLE('',#3490,7.);
#3510=CARTESIAN_POINT('',(-21.8499999999985,24.4652048334008,
-8.15000000166684));
#3520=VERTEX_POINT('',#3510);
#3530=EDGE_CURVE('',#3430,#3520,#3500,.T.);
#3540=ORIENTED_EDGE('',*,*,#3530,.F.);
#3550=CARTESIAN_POINT('',(-21.8499999999985,0.599999769361473,
-8.15000000163902));
#3560=DIRECTION('',(-8.00094898427962E-17,-1.,0.));
#3570=VECTOR('',#3560,1.);
#3580=LINE('',#3550,#3570);
#3590=CARTESIAN_POINT('',(-21.8499999999985,22.0999999999848,
-8.15000000166684));
#3600=VERTEX_POINT('',#3590);
#3610=EDGE_CURVE('',#3520,#3600,#3580,.T.);
#3620=ORIENTED_EDGE('',*,*,#3610,.F.);
#3630=CARTESIAN_POINT('',(-46.8499999999921,22.0999999999848,
-8.15000000163903));
#3640=DIRECTION('',(0.,0.,-1.));
#3650=DIRECTION('',(-1.,0.,0.));
#3660=AXIS2_PLACEMENT_3D('',#3630,#3640,#3650);
#3670=CIRCLE('',#3660,25.);
#3680=CARTESIAN_POINT('',(-25.0999999999894,9.77370696436865,
-8.15000000166684));
#3690=VERTEX_POINT('',#3680);
#3700=EDGE_CURVE('',#3600,#3690,#3670,.T.);
#3710=ORIENTED_EDGE('',*,*,#3700,.F.);
#3720=CARTESIAN_POINT('',(-25.0999999999894,8.37903992059294,
-8.15000000163903));
#3730=DIRECTION('',(0.,-1.,0.));
#3740=VECTOR('',#3730,1.);
#3750=LINE('',#3720,#3740);
#3760=CARTESIAN_POINT('',(-25.0999999999894,5.99999976936086,
-8.15000000166684));
#3770=VERTEX_POINT('',#3760);
#3780=EDGE_CURVE('',#3690,#3770,#3750,.T.);
#3790=ORIENTED_EDGE('',*,*,#3780,.F.);
#3800=CARTESIAN_POINT('',(-32.9742754795343,5.99999976936086,
-8.15000000163903));
#3810=DIRECTION('',(1.,0.,0.));
#3820=VECTOR('',#3810,1.);
#3830=LINE('',#3800,#3820);
#3840=CARTESIAN_POINT('',(-21.8567385805803,5.99999976936086,
-8.15000000166684));
#3850=VERTEX_POINT('',#3840);
#3860=EDGE_CURVE('',#3770,#3850,#3830,.T.);
#3870=ORIENTED_EDGE('',*,*,#3860,.F.);
#3880=CARTESIAN_POINT('',(-29.2000000000073,4.4747090672469,
-8.15000000163903));
#3890=DIRECTION('',(0.,0.,1.));
#3900=DIRECTION('',(1.,0.,0.));
#3910=AXIS2_PLACEMENT_3D('',#3880,#3890,#3900);
#3920=CIRCLE('',#3910,7.5);
#3930=CARTESIAN_POINT('',(-21.9272727272807,2.64237776082331,
-8.15000000166684));
#3940=VERTEX_POINT('',#3930);
#3950=EDGE_CURVE('',#3940,#3850,#3920,.T.);
#3960=ORIENTED_EDGE('',*,*,#3950,.T.);
#3970=CARTESIAN_POINT('',(9.20000000000738,-5.20000023064252,
-8.15000000163903));
#3980=DIRECTION('',(0.,0.,1.));
#3990=DIRECTION('',(1.,0.,0.));
#4000=AXIS2_PLACEMENT_3D('',#3970,#3980,#3990);
#4010=CIRCLE('',#4000,32.1);
#4020=CARTESIAN_POINT('',(-22.7702453151326,-2.3167009936973,
-8.15000000166684));
#4030=VERTEX_POINT('',#4020);
#4040=EDGE_CURVE('',#3940,#4030,#4010,.T.);
#4050=ORIENTED_EDGE('',*,*,#4040,.F.);
#4060=CARTESIAN_POINT('',(-23.5172136636172,-2.24933418909577,
-8.15000000163903));
#4070=DIRECTION('',(0.,0.,1.));
#4080=DIRECTION('',(1.,0.,0.));
#4090=AXIS2_PLACEMENT_3D('',#4060,#4070,#4080);
#4100=CIRCLE('',#4090,0.75);
#4110=CARTESIAN_POINT('',(-24.0475437495071,-2.77966427498569,
-8.15000000166684));
#4120=VERTEX_POINT('',#4110);
#4130=EDGE_CURVE('',#4120,#4030,#4100,.T.);
#4140=ORIENTED_EDGE('',*,*,#4130,.T.);
#4150=CARTESIAN_POINT('',(-35.2062479450857,8.37903992059294,
-8.15000000163903));
#4160=DIRECTION('',(-0.707106781186548,0.707106781186548,0.));
#4170=VECTOR('',#4160,1.);
#4180=LINE('',#4150,#4170);
#4190=CARTESIAN_POINT('',(-25.4171572875112,-1.4100507369816,
-8.15000000166684));
#4200=VERTEX_POINT('',#4190);
#4210=EDGE_CURVE('',#4120,#4200,#4180,.T.);
#4220=ORIENTED_EDGE('',*,*,#4210,.F.);
#4230=CARTESIAN_POINT('',(-25.6999999999891,-1.6928934494529,
-8.15000000163903));
#4240=DIRECTION('',(0.,0.,1.));
#4250=DIRECTION('',(1.,0.,0.));
#4260=AXIS2_PLACEMENT_3D('',#4230,#4240,#4250);
#4270=CIRCLE('',#4260,0.4);
#4280=CARTESIAN_POINT('',(-26.0999999999891,-1.69289344945964,
-8.15000000166684));
#4290=VERTEX_POINT('',#4280);
#4300=EDGE_CURVE('',#4200,#4290,#4270,.T.);
#4310=ORIENTED_EDGE('',*,*,#4300,.F.);
#4320=CARTESIAN_POINT('',(-26.0999999999891,8.37903992059294,
-8.15000000163903));
#4330=DIRECTION('',(0.,-1.,0.));
#4340=VECTOR('',#4330,1.);
#4350=LINE('',#4320,#4340);
#4360=CARTESIAN_POINT('',(-26.0999999999891,-6.85000023063945,
-8.15000000166684));
#4370=VERTEX_POINT('',#4360);
#4380=EDGE_CURVE('',#4290,#4370,#4350,.T.);
#4390=ORIENTED_EDGE('',*,*,#4380,.F.);
#4400=CARTESIAN_POINT('',(-32.9742754795343,-6.85000023064618,
-8.15000000163903));
#4410=DIRECTION('',(-1.,0.,0.));
#4420=VECTOR('',#4410,1.);
#4430=LINE('',#4400,#4420);
#4440=CARTESIAN_POINT('',(-20.4340605720008,-6.85000023063945,
-8.15000000166684));
#4450=VERTEX_POINT('',#4440);
#4460=EDGE_CURVE('',#4450,#4370,#4430,.T.);
#4470=ORIENTED_EDGE('',*,*,#4460,.T.);
#4480=CARTESIAN_POINT('',(-27.4999999999891,-0.500000230639452,
-8.15000000163903));
#4490=DIRECTION('',(0.,0.,1.));
#4500=DIRECTION('',(1.,0.,0.));
#4510=AXIS2_PLACEMENT_3D('',#4480,#4490,#4500);
#4520=CIRCLE('',#4510,9.5);
#4530=CARTESIAN_POINT('',(-19.5199999999807,-5.65457101780162,
-8.15000000166684));
#4540=VERTEX_POINT('',#4530);
#4550=EDGE_CURVE('',#4450,#4540,#4520,.T.);
#4560=ORIENTED_EDGE('',*,*,#4550,.F.);
#4570=CARTESIAN_POINT('',(-25.3999999999892,-1.85646622726462,
-8.15000000163903));
#4580=DIRECTION('',(0.,0.,1.));
#4590=DIRECTION('',(1.,0.,0.));
#4600=AXIS2_PLACEMENT_3D('',#4570,#4580,#4590);
#4610=CIRCLE('',#4600,7.);
#4620=CARTESIAN_POINT('',(-18.3999999999892,-1.85646622726462,
-8.15000000166684));
#4630=VERTEX_POINT('',#4620);
#4640=EDGE_CURVE('',#4540,#4630,#4610,.T.);
#4650=ORIENTED_EDGE('',*,*,#4640,.F.);
#4660=CARTESIAN_POINT('',(-18.3999999999892,8.37903992059294,
-8.15000000163903));
#4670=DIRECTION('',(0.,1.,0.));
#4680=VECTOR('',#4670,1.);
#4690=LINE('',#4660,#4680);
#4700=CARTESIAN_POINT('',(-18.3999999999892,-1.30000023063351,
-8.15000000166684));
#4710=VERTEX_POINT('',#4700);
#4720=EDGE_CURVE('',#4630,#4710,#4690,.T.);
#4730=ORIENTED_EDGE('',*,*,#4720,.F.);
#4740=CARTESIAN_POINT('',(-32.9742754795343,-2.57508411419761,
-8.15000000163903));
#4750=DIRECTION('',(-0.996194698091745,-0.0871557427476619,0.));
#4760=VECTOR('',#4750,1.);
#4770=LINE('',#4740,#4760);
#4780=CARTESIAN_POINT('',(-19.2999999999892,-1.37874002780684,
-8.15000000166684));
#4790=VERTEX_POINT('',#4780);
#4800=EDGE_CURVE('',#4710,#4790,#4770,.T.);
#4810=ORIENTED_EDGE('',*,*,#4800,.F.);
#4820=CARTESIAN_POINT('',(-19.2999999999892,8.37903992059294,
-8.15000000163903));
#4830=DIRECTION('',(0.,1.,0.));
#4840=VECTOR('',#4830,1.);
#4850=LINE('',#4820,#4840);
#4860=CARTESIAN_POINT('',(-19.2999999999891,-0.300000230639441,
-8.15000000166684));
#4870=VERTEX_POINT('',#4860);
#4880=EDGE_CURVE('',#4790,#4870,#4850,.T.);
#4890=ORIENTED_EDGE('',*,*,#4880,.F.);
#4900=CARTESIAN_POINT('',(-10.9999999999891,-0.300000230639442,
-8.15000000163903));
#4910=DIRECTION('',(0.,0.,1.));
#4920=DIRECTION('',(1.,0.,0.));
#4930=AXIS2_PLACEMENT_3D('',#4900,#4910,#4920);
#4940=CIRCLE('',#4930,8.3);
#4950=CARTESIAN_POINT('',(-18.3351716529821,3.58397412832959,
-8.15000000166684));
#4960=VERTEX_POINT('',#4950);
#4970=EDGE_CURVE('',#4960,#4870,#4940,.T.);
#4980=ORIENTED_EDGE('',*,*,#4970,.T.);
#4990=CARTESIAN_POINT('',(-17.8932938425582,3.34999976936056,
-8.15000000163903));
#5000=DIRECTION('',(0.,0.,1.));
#5010=DIRECTION('',(1.,0.,0.));
#5020=AXIS2_PLACEMENT_3D('',#4990,#5000,#5010);
#5030=CIRCLE('',#5020,0.5);
#5040=CARTESIAN_POINT('',(-17.4514160321399,3.11602541038087,
-8.15000000166684));
#5050=VERTEX_POINT('',#5040);
#5060=EDGE_CURVE('',#5050,#4960,#5030,.T.);
#5070=ORIENTED_EDGE('',*,*,#5060,.T.);
#5080=CARTESIAN_POINT('',(-10.9999999999891,-0.300000230639442,
-8.15000000163903));
#5090=DIRECTION('',(0.,0.,1.));
#5100=DIRECTION('',(1.,0.,0.));
#5110=AXIS2_PLACEMENT_3D('',#5080,#5090,#5100);
#5120=CIRCLE('',#5110,7.3);
#5130=CARTESIAN_POINT('',(-18.2938330115134,-2.30640207377064E-7,
-8.15000000166684));
#5140=VERTEX_POINT('',#5130);
#5150=EDGE_CURVE('',#5050,#5140,#5120,.T.);
#5160=ORIENTED_EDGE('',*,*,#5150,.F.);
#5170=CARTESIAN_POINT('',(-5.12638860322072,-2.30640205600707E-7,
-8.15000000163903));
#5180=DIRECTION('',(-1.,-2.71926214689131E-32,0.));
#5190=VECTOR('',#5180,1.);
#5200=LINE('',#5170,#5190);
#5210=CARTESIAN_POINT('',(7.70000000000148,-2.30640205600707E-7,
-8.15000000166684));
#5220=VERTEX_POINT('',#5210);
#5230=EDGE_CURVE('',#5220,#5140,#5200,.T.);
#5240=ORIENTED_EDGE('',*,*,#5230,.T.);
#5250=CARTESIAN_POINT('',(7.70000000000148,0.599999769361473,
-8.15000000163903));
#5260=DIRECTION('',(0.,1.,0.));
#5270=VECTOR('',#5260,1.);
#5280=LINE('',#5250,#5270);
#5290=EDGE_CURVE('',#5220,#130,#5280,.T.);
#5300=ORIENTED_EDGE('',*,*,#5290,.F.);
#5310=EDGE_LOOP('',(#5300,#5240,#5160,#5070,#4980,#4890,#4810,#4730,
#4650,#4560,#4470,#4390,#4310,#4220,#4140,#4050,#3960,#3870,#3790,#3710,
#3620,#3540,#3450,#3370,#3290,#3210,#3130,#3050,#2970,#2890,#2810,#2730,
#2650,#2570,#2490,#2410,#2330,#2250,#2170,#2090,#2010,#1930,#1850,#1770,
#1690,#1610,#1530,#1450,#1370,#1290,#1210,#1130,#1040,#960,#870,#790,
#710,#630,#550,#470,#390,#310,#230,#150));
#5320=FACE_OUTER_BOUND('',#5310,.T.);
#5330=ADVANCED_FACE('',(#5320),#50,.T.);
#5340=COLOUR_RGB('',1.,0.839215755462646,0.301960796117783);
#5350=FILL_AREA_STYLE_COLOUR('',#5340);
#5360=FILL_AREA_STYLE('',(#5350));
#5370=SURFACE_STYLE_FILL_AREA(#5360);
#5380=SURFACE_SIDE_STYLE('',(#5370));
#5390=SURFACE_STYLE_USAGE(.BOTH.,#5380);
#5400=PRESENTATION_STYLE_ASSIGNMENT((#5390));
#5410=CARTESIAN_POINT('',(-18.274328766436,19.1554470583513,
-1.69361413782099E-9));
#5420=DIRECTION('',(0.,0.,-1.));
#5430=DIRECTION('',(-1.,0.,0.));
#5440=AXIS2_PLACEMENT_3D('',#5410,#5420,#5430);
#5450=PLANE('',#5440);
#5460=CARTESIAN_POINT('',(7.70000000000148,0.599999769361473,
-1.66683200575335E-9));
#5470=DIRECTION('',(0.,1.,0.));
#5480=VECTOR('',#5470,1.);
#5490=LINE('',#5460,#5480);
#5500=CARTESIAN_POINT('',(7.70000000000148,-2.30640205600707E-7,
-1.66683733482387E-9));
#5510=VERTEX_POINT('',#5500);
#5520=CARTESIAN_POINT('',(7.70000000000148,0.199999769360096,
-1.66683733482387E-9));
#5530=VERTEX_POINT('',#5520);
#5540=EDGE_CURVE('',#5510,#5530,#5490,.T.);
#5550=ORIENTED_EDGE('',*,*,#5540,.T.);
#5560=CARTESIAN_POINT('',(-5.12638860322072,-2.30640205600707E-7,
-1.66683200575335E-9));
#5570=DIRECTION('',(-1.,-2.71926214689131E-32,0.));
#5580=VECTOR('',#5570,1.);
#5590=LINE('',#5560,#5580);
#5600=CARTESIAN_POINT('',(-18.2938330115134,-2.30640207377064E-7,
-1.66683733482387E-9));
#5610=VERTEX_POINT('',#5600);
#5620=EDGE_CURVE('',#5510,#5610,#5590,.T.);
#5630=ORIENTED_EDGE('',*,*,#5620,.F.);
#5640=CARTESIAN_POINT('',(-10.9999999999891,-0.300000230639442,
-1.66683200575335E-9));
#5650=DIRECTION('',(0.,0.,1.));
#5660=DIRECTION('',(1.,0.,0.));
#5670=AXIS2_PLACEMENT_3D('',#5640,#5650,#5660);
#5680=CIRCLE('',#5670,7.3);
#5690=CARTESIAN_POINT('',(-17.4514160321399,3.11602541038087,
-1.66683733482387E-9));
#5700=VERTEX_POINT('',#5690);
#5710=EDGE_CURVE('',#5700,#5610,#5680,.T.);
#5720=ORIENTED_EDGE('',*,*,#5710,.T.);
#5730=CARTESIAN_POINT('',(-17.8932938425582,3.34999976936056,
-1.66683200575335E-9));
#5740=DIRECTION('',(0.,0.,1.));
#5750=DIRECTION('',(1.,0.,0.));
#5760=AXIS2_PLACEMENT_3D('',#5730,#5740,#5750);
#5770=CIRCLE('',#5760,0.5);
#5780=CARTESIAN_POINT('',(-18.3351716529821,3.58397412832959,
-1.66683733482387E-9));
#5790=VERTEX_POINT('',#5780);
#5800=EDGE_CURVE('',#5700,#5790,#5770,.T.);
#5810=ORIENTED_EDGE('',*,*,#5800,.F.);
#5820=CARTESIAN_POINT('',(-10.9999999999891,-0.300000230639442,
-1.66683200575335E-9));
#5830=DIRECTION('',(0.,0.,1.));
#5840=DIRECTION('',(1.,0.,0.));
#5850=AXIS2_PLACEMENT_3D('',#5820,#5830,#5840);
#5860=CIRCLE('',#5850,8.3);
#5870=CARTESIAN_POINT('',(-19.2999999999891,-0.300000230639441,
-1.66683733482387E-9));
#5880=VERTEX_POINT('',#5870);
#5890=EDGE_CURVE('',#5790,#5880,#5860,.T.);
#5900=ORIENTED_EDGE('',*,*,#5890,.F.);
#5910=CARTESIAN_POINT('',(-19.2999999999892,8.37903992059294,
-1.66683200575335E-9));
#5920=DIRECTION('',(0.,1.,0.));
#5930=VECTOR('',#5920,1.);
#5940=LINE('',#5910,#5930);
#5950=CARTESIAN_POINT('',(-19.2999999999892,-1.37874002780684,
-1.66683733482387E-9));
#5960=VERTEX_POINT('',#5950);
#5970=EDGE_CURVE('',#5960,#5880,#5940,.T.);
#5980=ORIENTED_EDGE('',*,*,#5970,.T.);
#5990=CARTESIAN_POINT('',(-32.9742754795343,-2.57508411419761,
-1.66683200575335E-9));
#6000=DIRECTION('',(-0.996194698091745,-0.0871557427476619,0.));
#6010=VECTOR('',#6000,1.);
#6020=LINE('',#5990,#6010);
#6030=CARTESIAN_POINT('',(-18.3999999999892,-1.30000023063351,
-1.66683733482387E-9));
#6040=VERTEX_POINT('',#6030);
#6050=EDGE_CURVE('',#6040,#5960,#6020,.T.);
#6060=ORIENTED_EDGE('',*,*,#6050,.T.);
#6070=CARTESIAN_POINT('',(-18.3999999999892,8.37903992059294,
-1.66683200575335E-9));
#6080=DIRECTION('',(0.,1.,0.));
#6090=VECTOR('',#6080,1.);
#6100=LINE('',#6070,#6090);
#6110=CARTESIAN_POINT('',(-18.3999999999892,-1.85646622726462,
-1.66683733482387E-9));
#6120=VERTEX_POINT('',#6110);
#6130=EDGE_CURVE('',#6120,#6040,#6100,.T.);
#6140=ORIENTED_EDGE('',*,*,#6130,.T.);
#6150=CARTESIAN_POINT('',(-25.3999999999892,-1.85646622726462,
-1.66683200575335E-9));
#6160=DIRECTION('',(0.,0.,1.));
#6170=DIRECTION('',(1.,0.,0.));
#6180=AXIS2_PLACEMENT_3D('',#6150,#6160,#6170);
#6190=CIRCLE('',#6180,7.);
#6200=CARTESIAN_POINT('',(-19.5199999999807,-5.65457101780162,
-1.66683733482387E-9));
#6210=VERTEX_POINT('',#6200);
#6220=EDGE_CURVE('',#6210,#6120,#6190,.T.);
#6230=ORIENTED_EDGE('',*,*,#6220,.T.);
#6240=CARTESIAN_POINT('',(-27.4999999999891,-0.500000230639452,
-1.66683200575335E-9));
#6250=DIRECTION('',(0.,0.,1.));
#6260=DIRECTION('',(1.,0.,0.));
#6270=AXIS2_PLACEMENT_3D('',#6240,#6250,#6260);
#6280=CIRCLE('',#6270,9.5);
#6290=CARTESIAN_POINT('',(-20.4340605720008,-6.85000023063945,
-1.66683733482387E-9));
#6300=VERTEX_POINT('',#6290);
#6310=EDGE_CURVE('',#6300,#6210,#6280,.T.);
#6320=ORIENTED_EDGE('',*,*,#6310,.T.);
#6330=CARTESIAN_POINT('',(-32.9742754795343,-6.85000023064618,
-1.66683200575335E-9));
#6340=DIRECTION('',(-1.,0.,0.));
#6350=VECTOR('',#6340,1.);
#6360=LINE('',#6330,#6350);
#6370=CARTESIAN_POINT('',(-26.0999999999891,-6.85000023063945,
-1.66683733482387E-9));
#6380=VERTEX_POINT('',#6370);
#6390=EDGE_CURVE('',#6300,#6380,#6360,.T.);
#6400=ORIENTED_EDGE('',*,*,#6390,.F.);
#6410=CARTESIAN_POINT('',(-26.0999999999891,8.37903992059294,
-1.66683200575335E-9));
#6420=DIRECTION('',(0.,-1.,0.));
#6430=VECTOR('',#6420,1.);
#6440=LINE('',#6410,#6430);
#6450=CARTESIAN_POINT('',(-26.0999999999891,-1.69289344945964,
-1.66683733482387E-9));
#6460=VERTEX_POINT('',#6450);
#6470=EDGE_CURVE('',#6460,#6380,#6440,.T.);
#6480=ORIENTED_EDGE('',*,*,#6470,.T.);
#6490=CARTESIAN_POINT('',(-25.6999999999891,-1.6928934494529,
-1.66683200575335E-9));
#6500=DIRECTION('',(0.,0.,1.));
#6510=DIRECTION('',(1.,0.,0.));
#6520=AXIS2_PLACEMENT_3D('',#6490,#6500,#6510);
#6530=CIRCLE('',#6520,0.4);
#6540=CARTESIAN_POINT('',(-25.4171572875112,-1.4100507369816,
-1.66683733482387E-9));
#6550=VERTEX_POINT('',#6540);
#6560=EDGE_CURVE('',#6550,#6460,#6530,.T.);
#6570=ORIENTED_EDGE('',*,*,#6560,.T.);
#6580=CARTESIAN_POINT('',(-35.2062479450857,8.37903992059294,
-1.66683200575335E-9));
#6590=DIRECTION('',(-0.707106781186548,0.707106781186548,0.));
#6600=VECTOR('',#6590,1.);
#6610=LINE('',#6580,#6600);
#6620=CARTESIAN_POINT('',(-24.5636038969212,-2.26360412757156,
-1.66683733482387E-9));
#6630=VERTEX_POINT('',#6620);
#6640=EDGE_CURVE('',#6630,#6550,#6610,.T.);
#6650=ORIENTED_EDGE('',*,*,#6640,.T.);
#6660=CARTESIAN_POINT('',(-25.1999999999891,-2.90000023063944,
-1.66683200575335E-9));
#6670=DIRECTION('',(0.,0.,1.));
#6680=DIRECTION('',(1.,0.,0.));
#6690=AXIS2_PLACEMENT_3D('',#6660,#6670,#6680);
#6700=CIRCLE('',#6690,0.900000000000001);
#6710=CARTESIAN_POINT('',(-24.5999999999891,-3.57082062388938,
-1.66683733482387E-9));
#6720=VERTEX_POINT('',#6710);
#6730=EDGE_CURVE('',#6720,#6630,#6700,.T.);
#6740=ORIENTED_EDGE('',*,*,#6730,.T.);
#6750=CARTESIAN_POINT('',(-24.5999999999891,0.599999769361473,
-1.66683200575335E-9));
#6760=DIRECTION('',(0.,1.,0.));
#6770=VECTOR('',#6760,1.);
#6780=LINE('',#6750,#6770);
#6790=CARTESIAN_POINT('',(-24.5999999999891,-4.50000023063945,
-1.66683733482387E-9));
#6800=VERTEX_POINT('',#6790);
#6810=EDGE_CURVE('',#6800,#6720,#6780,.T.);
#6820=ORIENTED_EDGE('',*,*,#6810,.T.);
#6830=CARTESIAN_POINT('',(-5.12638860322072,-4.50000023063945,
-1.66683200575335E-9));
#6840=DIRECTION('',(-1.,0.,0.));
#6850=VECTOR('',#6840,1.);
#6860=LINE('',#6830,#6850);
#6870=CARTESIAN_POINT('',(-22.8923666936473,-4.50000023063945,
-1.66683733482387E-9));
#6880=VERTEX_POINT('',#6870);
#6890=EDGE_CURVE('',#6880,#6800,#6860,.T.);
#6900=ORIENTED_EDGE('',*,*,#6890,.T.);
#6910=CARTESIAN_POINT('',(9.20000000000738,-5.20000023064252,
-1.66683200575335E-9));
#6920=DIRECTION('',(0.,0.,1.));
#6930=DIRECTION('',(1.,0.,0.));
#6940=AXIS2_PLACEMENT_3D('',#6910,#6920,#6930);
#6950=CIRCLE('',#6940,32.1);
#6960=CARTESIAN_POINT('',(-21.9272727272807,2.64237776082331,
-1.66683733482387E-9));
#6970=VERTEX_POINT('',#6960);
#6980=EDGE_CURVE('',#6970,#6880,#6950,.T.);
#6990=ORIENTED_EDGE('',*,*,#6980,.T.);
#7000=CARTESIAN_POINT('',(-29.2000000000073,4.4747090672469,
-1.66683200575335E-9));
#7010=DIRECTION('',(0.,0.,1.));
#7020=DIRECTION('',(1.,0.,0.));
#7030=AXIS2_PLACEMENT_3D('',#7000,#7010,#7020);
#7040=CIRCLE('',#7030,7.5);
#7050=CARTESIAN_POINT('',(-21.8567385805803,5.99999976936086,
-1.66683733482387E-9));
#7060=VERTEX_POINT('',#7050);
#7070=EDGE_CURVE('',#6970,#7060,#7040,.T.);
#7080=ORIENTED_EDGE('',*,*,#7070,.F.);
#7090=CARTESIAN_POINT('',(-32.9742754795343,5.99999976936086,
-1.66683200575335E-9));
#7100=DIRECTION('',(1.,0.,0.));
#7110=VECTOR('',#7100,1.);
#7120=LINE('',#7090,#7110);
#7130=CARTESIAN_POINT('',(-25.0999999999894,5.99999976936086,
-1.66683733482387E-9));
#7140=VERTEX_POINT('',#7130);
#7150=EDGE_CURVE('',#7140,#7060,#7120,.T.);
#7160=ORIENTED_EDGE('',*,*,#7150,.T.);
#7170=CARTESIAN_POINT('',(-25.0999999999894,8.37903992059294,
-1.66683200575335E-9));
#7180=DIRECTION('',(0.,-1.,0.));
#7190=VECTOR('',#7180,1.);
#7200=LINE('',#7170,#7190);
#7210=CARTESIAN_POINT('',(-25.0999999999894,9.77370696436865,
-1.66683733482387E-9));
#7220=VERTEX_POINT('',#7210);
#7230=EDGE_CURVE('',#7220,#7140,#7200,.T.);
#7240=ORIENTED_EDGE('',*,*,#7230,.T.);
#7250=CARTESIAN_POINT('',(-46.8499999999921,22.0999999999848,
-1.66683200575335E-9));
#7260=DIRECTION('',(0.,0.,-1.));
#7270=DIRECTION('',(-1.,0.,0.));
#7280=AXIS2_PLACEMENT_3D('',#7250,#7260,#7270);
#7290=CIRCLE('',#7280,25.);
#7300=CARTESIAN_POINT('',(-21.8499999999985,22.0999999999848,
-1.66683733482387E-9));
#7310=VERTEX_POINT('',#7300);
#7320=EDGE_CURVE('',#7310,#7220,#7290,.T.);
#7330=ORIENTED_EDGE('',*,*,#7320,.T.);
#7340=CARTESIAN_POINT('',(-21.8499999999985,0.599999769361473,
-1.66683200575335E-9));
#7350=DIRECTION('',(8.00094898427962E-17,1.,0.));
#7360=VECTOR('',#7350,1.);
#7370=LINE('',#7340,#7360);
#7380=CARTESIAN_POINT('',(-21.8499999999985,24.4652048334008,
-1.66683733482387E-9));
#7390=VERTEX_POINT('',#7380);
#7400=EDGE_CURVE('',#7310,#7390,#7370,.T.);
#7410=ORIENTED_EDGE('',*,*,#7400,.F.);
#7420=CARTESIAN_POINT('',(-28.8499999999985,24.4652048334008,
-1.66683200575335E-9));
#7430=DIRECTION('',(0.,0.,-1.));
#7440=DIRECTION('',(-1.,0.,0.));
#7450=AXIS2_PLACEMENT_3D('',#7420,#7430,#7440);
#7460=CIRCLE('',#7450,7.);
#7470=CARTESIAN_POINT('',(-23.1159356899756,28.4802398878581,
-1.66683733482387E-9));
#7480=VERTEX_POINT('',#7470);
#7490=EDGE_CURVE('',#7480,#7390,#7460,.T.);
#7500=ORIENTED_EDGE('',*,*,#7490,.T.);
#7510=CARTESIAN_POINT('',(-3.59398139190747,0.599999769361473,
-1.66683200575335E-9));
#7520=DIRECTION('',(-0.573576436351046,0.819152044288992,0.));
#7530=VECTOR('',#7520,1.);
#7540=LINE('',#7510,#7530);
#7550=CARTESIAN_POINT('',(-23.8999999999985,29.5999997693752,
-1.66683733482387E-9));
#7560=VERTEX_POINT('',#7550);
#7570=EDGE_CURVE('',#7480,#7560,#7540,.T.);
#7580=ORIENTED_EDGE('',*,*,#7570,.F.);
#7590=CARTESIAN_POINT('',(-23.8999999999986,0.599999769361473,
-1.66683200575335E-9));
#7600=DIRECTION('',(0.,-1.,0.));
#7610=VECTOR('',#7600,1.);
#7620=LINE('',#7590,#7610);
#7630=CARTESIAN_POINT('',(-23.8999999999967,30.7999997693759,
-1.66683733482387E-9));
#7640=VERTEX_POINT('',#7630);
#7650=EDGE_CURVE('',#7640,#7560,#7620,.T.);
#7660=ORIENTED_EDGE('',*,*,#7650,.T.);
#7670=CARTESIAN_POINT('',(-46.3209598487633,8.37903992059294,
-1.66683200575335E-9));
#7680=DIRECTION('',(0.707106781186231,0.707106781186864,0.));
#7690=VECTOR('',#7680,1.);
#7700=LINE('',#7670,#7690);
#7710=CARTESIAN_POINT('',(-22.3082245717671,32.3917751976069,
-1.66683733482387E-9));
#7720=VERTEX_POINT('',#7710);
#7730=EDGE_CURVE('',#7640,#7720,#7700,.T.);
#7740=ORIENTED_EDGE('',*,*,#7730,.F.);
#7750=CARTESIAN_POINT('',(-32.9742754795343,36.5452923509536,
-1.66683200575335E-9));
#7760=DIRECTION('',(0.931839057155939,-0.362871839026855,0.));
#7770=VECTOR('',#7760,1.);
#7780=LINE('',#7750,#7770);
#7790=CARTESIAN_POINT('',(-20.1656536597934,31.5574265607873,
-1.66683733482387E-9));
#7800=VERTEX_POINT('',#7790);
#7810=EDGE_CURVE('',#7720,#7800,#7780,.T.);
#7820=ORIENTED_EDGE('',*,*,#7810,.F.);
#7830=CARTESIAN_POINT('',(-32.9742754795343,18.7488047410463,
-1.66683200575335E-9));
#7840=DIRECTION('',(-0.707106781186548,-0.707106781186547,0.));
#7850=VECTOR('',#7840,1.);
#7860=LINE('',#7830,#7850);
#7870=CARTESIAN_POINT('',(-20.5389342456476,31.184145974933,
-1.66683733482387E-9));
#7880=VERTEX_POINT('',#7870);
#7890=EDGE_CURVE('',#7800,#7880,#7860,.T.);
#7900=ORIENTED_EDGE('',*,*,#7890,.F.);
#7910=CARTESIAN_POINT('',(2.26617180869252,8.37903992059294,
-1.66683200575335E-9));
#7920=DIRECTION('',(0.707106781186547,-0.707106781186548,0.));
#7930=VECTOR('',#7920,1.);
#7940=LINE('',#7910,#7930);
#7950=CARTESIAN_POINT('',(-19.7823299897783,30.4275417190637,
-1.66683733482387E-9));
#7960=VERTEX_POINT('',#7950);
#7970=EDGE_CURVE('',#7880,#7960,#7940,.T.);
#7980=ORIENTED_EDGE('',*,*,#7970,.F.);
#7990=CARTESIAN_POINT('',(-32.9742754795343,17.2355962293096,
-1.66683200575335E-9));
#8000=DIRECTION('',(0.707106781186598,0.707106781186497,0.));
#8010=VECTOR('',#8000,1.);
#8020=LINE('',#7990,#8010);
#8030=CARTESIAN_POINT('',(-15.309879598773,34.8999921100684,
-1.66683733482387E-9));
#8040=VERTEX_POINT('',#8030);
#8050=EDGE_CURVE('',#7960,#8040,#8020,.T.);
#8060=ORIENTED_EDGE('',*,*,#8050,.F.);
#8070=CARTESIAN_POINT('',(11.2110725907025,8.37903992059294,
-1.66683200575335E-9));
#8080=DIRECTION('',(-0.707106781186547,0.707106781186548,0.));
#8090=VECTOR('',#8080,1.);
#8100=LINE('',#8070,#8090);
#8110=CARTESIAN_POINT('',(-16.066483854643,35.6565963659384,
-1.66683733482387E-9));
#8120=VERTEX_POINT('',#8110);
#8130=EDGE_CURVE('',#8040,#8120,#8100,.T.);
#8140=ORIENTED_EDGE('',*,*,#8130,.F.);
#8150=CARTESIAN_POINT('',(-32.9742754795343,18.748804741047,
-1.66683200575335E-9));
#8160=DIRECTION('',(-0.707106781186548,-0.707106781186547,0.));
#8170=VECTOR('',#8160,1.);
#8180=LINE('',#8150,#8170);
#8190=CARTESIAN_POINT('',(-16.439764440498,35.2833157800834,
-1.66683733482387E-9));
#8200=VERTEX_POINT('',#8190);
#8210=EDGE_CURVE('',#8120,#8200,#8180,.T.);
#8220=ORIENTED_EDGE('',*,*,#8210,.F.);
#8230=CARTESIAN_POINT('',(-5.962843577585,8.37903992059294,
-1.66683200575335E-9));
#8240=DIRECTION('',(-0.362871839026052,0.931839057156251,0.));
#8250=VECTOR('',#8240,1.);
#8260=LINE('',#8230,#8250);
#8270=CARTESIAN_POINT('',(-17.2741130773157,37.4258866920575,
-1.66683733482387E-9));
#8280=VERTEX_POINT('',#8270);
#8290=EDGE_CURVE('',#8200,#8280,#8260,.T.);
#8300=ORIENTED_EDGE('',*,*,#8290,.F.);
#8310=CARTESIAN_POINT('',(-32.9742754795343,21.7257242898391,
-1.66683200575335E-9));
#8320=DIRECTION('',(0.707106781186549,0.707106781186546,0.));
#8330=VECTOR('',#8320,1.);
#8340=LINE('',#8310,#8330);
#8350=CARTESIAN_POINT('',(-14.6999999999982,39.999999769375,
-1.66683733482387E-9));
#8360=VERTEX_POINT('',#8350);
#8370=EDGE_CURVE('',#8280,#8360,#8340,.T.);
#8380=ORIENTED_EDGE('',*,*,#8370,.F.);
#8390=CARTESIAN_POINT('',(-32.9742754795343,39.999999769375,
-1.66683200575335E-9));
#8400=DIRECTION('',(1.,0.,0.));
#8410=VECTOR('',#8400,1.);
#8420=LINE('',#8390,#8410);
#8430=CARTESIAN_POINT('',(-7.29999999999068,39.9999997693751,
-1.66683733482387E-9));
#8440=VERTEX_POINT('',#8430);
#8450=EDGE_CURVE('',#8360,#8440,#8420,.T.);
#8460=ORIENTED_EDGE('',*,*,#8450,.F.);
#8470=CARTESIAN_POINT('',(4.20908816389273,8.37903992059294,
-1.66683200575335E-9));
#8480=DIRECTION('',(-0.342020143325669,0.939692620785908,0.));
#8490=VECTOR('',#8480,1.);
#8500=LINE('',#8470,#8490);
#8510=CARTESIAN_POINT('',(-6.09999999999095,36.7030268660303,
-1.66683733482387E-9));
#8520=VERTEX_POINT('',#8510);
#8530=EDGE_CURVE('',#8520,#8440,#8500,.T.);
#8540=ORIENTED_EDGE('',*,*,#8530,.T.);
#8550=CARTESIAN_POINT('',(-6.09999999999095,8.37903992059294,
-1.66683200575335E-9));
#8560=DIRECTION('',(-2.01948391736579E-28,1.,0.));
#8570=VECTOR('',#8560,1.);
#8580=LINE('',#8550,#8570);
#8590=CARTESIAN_POINT('',(-6.09999999999095,30.9999997693846,
-1.66683733482387E-9));
#8600=VERTEX_POINT('',#8590);
#8610=EDGE_CURVE('',#8600,#8520,#8580,.T.);
#8620=ORIENTED_EDGE('',*,*,#8610,.T.);
#8630=CARTESIAN_POINT('',(-32.9742754795343,30.9999997693846,
-1.66683200575335E-9));
#8640=DIRECTION('',(1.,1.38383250655425E-28,0.));
#8650=VECTOR('',#8640,1.);
#8660=LINE('',#8630,#8650);
#8670=CARTESIAN_POINT('',(1.9000000000096,30.9999997693846,
-1.66683733482387E-9));
#8680=VERTEX_POINT('',#8670);
#8690=EDGE_CURVE('',#8600,#8680,#8660,.T.);
#8700=ORIENTED_EDGE('',*,*,#8690,.F.);
#8710=CARTESIAN_POINT('',(1.9000000000096,8.37903992059294,
-1.66683200575335E-9));
#8720=DIRECTION('',(0.,1.,0.));
#8730=VECTOR('',#8720,1.);
#8740=LINE('',#8710,#8730);
#8750=CARTESIAN_POINT('',(1.9000000000096,36.7030268660303,
-1.66683733482387E-9));
#8760=VERTEX_POINT('',#8750);
#8770=EDGE_CURVE('',#8680,#8760,#8740,.T.);
#8780=ORIENTED_EDGE('',*,*,#8770,.F.);
#8790=CARTESIAN_POINT('',(-8.40908816387408,8.37903992059294,
-1.66683200575335E-9));
#8800=DIRECTION('',(0.342020143325669,0.939692620785908,0.));
#8810=VECTOR('',#8800,1.);
#8820=LINE('',#8790,#8810);
#8830=CARTESIAN_POINT('',(3.10000000000932,39.999999769375,
-1.66683733482387E-9));
#8840=VERTEX_POINT('',#8830);
#8850=EDGE_CURVE('',#8760,#8840,#8820,.T.);
#8860=ORIENTED_EDGE('',*,*,#8850,.F.);
#8870=CARTESIAN_POINT('',(-32.9742754795343,39.999999769375,
-1.66683200575335E-9));
#8880=DIRECTION('',(1.,0.,0.));
#8890=VECTOR('',#8880,1.);
#8900=LINE('',#8870,#8890);
#8910=CARTESIAN_POINT('',(10.5000000000009,39.999999769375,
-1.66683733482387E-9));
#8920=VERTEX_POINT('',#8910);
#8930=EDGE_CURVE('',#8840,#8920,#8900,.T.);
#8940=ORIENTED_EDGE('',*,*,#8930,.F.);
#8950=CARTESIAN_POINT('',(-32.9742754795343,83.47427524891,
-1.66683200575335E-9));
#8960=DIRECTION('',(0.707106781186549,-0.707106781186546,0.));
#8970=VECTOR('',#8960,1.);
#8980=LINE('',#8950,#8970);
#8990=CARTESIAN_POINT('',(13.0741130773184,37.4258866920575,
-1.66683733482387E-9));
#9000=VERTEX_POINT('',#8990);
#9010=EDGE_CURVE('',#8920,#9000,#8980,.T.);
#9020=ORIENTED_EDGE('',*,*,#9010,.F.);
#9030=CARTESIAN_POINT('',(1.76284357758772,8.37903992059294,
-1.66683200575335E-9));
#9040=DIRECTION('',(-0.362871839026052,-0.931839057156251,0.));
#9050=VECTOR('',#9040,1.);
#9060=LINE('',#9030,#9050);
#9070=CARTESIAN_POINT('',(12.2397644405007,35.2833157800834,
-1.66683733482387E-9));
#9080=VERTEX_POINT('',#9070);
#9090=EDGE_CURVE('',#9000,#9080,#9060,.T.);
#9100=ORIENTED_EDGE('',*,*,#9090,.F.);
#9110=CARTESIAN_POINT('',(-32.9742754795343,80.4973557001176,
-1.66683200575335E-9));
#9120=DIRECTION('',(-0.707106781186548,0.707106781186547,0.));
#9130=VECTOR('',#9120,1.);
#9140=LINE('',#9110,#9130);
#9150=CARTESIAN_POINT('',(11.8664838546457,35.6565963659384,
-1.66683733482387E-9));
#9160=VERTEX_POINT('',#9150);
#9170=EDGE_CURVE('',#9080,#9160,#9140,.T.);
#9180=ORIENTED_EDGE('',*,*,#9170,.F.);
#9190=CARTESIAN_POINT('',(-15.4110725906998,8.37903992059294,
-1.66683200575335E-9));
#9200=DIRECTION('',(-0.707106781186547,-0.707106781186548,0.));
#9210=VECTOR('',#9200,1.);
#9220=LINE('',#9190,#9210);
#9230=CARTESIAN_POINT('',(11.1098795987757,34.8999921100684,
-1.66683733482387E-9));
#9240=VERTEX_POINT('',#9230);
#9250=EDGE_CURVE('',#9160,#9240,#9220,.T.);
#9260=ORIENTED_EDGE('',*,*,#9250,.F.);
#9270=CARTESIAN_POINT('',(-32.9742754795343,78.9841471883722,
-1.66683200575335E-9));
#9280=DIRECTION('',(0.707106781186598,-0.707106781186497,0.));
#9290=VECTOR('',#9280,1.);
#9300=LINE('',#9270,#9290);
#9310=CARTESIAN_POINT('',(15.582329989781,30.4275417190637,
-1.66683733482387E-9));
#9320=VERTEX_POINT('',#9310);
#9330=EDGE_CURVE('',#9240,#9320,#9300,.T.);
#9340=ORIENTED_EDGE('',*,*,#9330,.F.);
#9350=CARTESIAN_POINT('',(-6.4661718086898,8.37903992059294,
-1.66683200575335E-9));
#9360=DIRECTION('',(0.707106781186547,0.707106781186548,0.));
#9370=VECTOR('',#9360,1.);
#9380=LINE('',#9350,#9370);
#9390=CARTESIAN_POINT('',(16.3389342456503,31.184145974933,
-1.66683733482387E-9));
#9400=VERTEX_POINT('',#9390);
#9410=EDGE_CURVE('',#9320,#9400,#9380,.T.);
#9420=ORIENTED_EDGE('',*,*,#9410,.F.);
#9430=CARTESIAN_POINT('',(-32.9742754795343,80.4973557001177,
-1.66683200575335E-9));
#9440=DIRECTION('',(-0.707106781186548,0.707106781186547,0.));
#9450=VECTOR('',#9440,1.);
#9460=LINE('',#9430,#9450);
#9470=CARTESIAN_POINT('',(15.965653659796,31.5574265607873,
-1.66683733482387E-9));
#9480=VERTEX_POINT('',#9470);
#9490=EDGE_CURVE('',#9400,#9480,#9460,.T.);
#9500=ORIENTED_EDGE('',*,*,#9490,.F.);
#9510=CARTESIAN_POINT('',(-32.9742754795343,12.4994980995842,
-1.66683200575335E-9));
#9520=DIRECTION('',(0.931839057155939,0.362871839026855,0.));
#9530=VECTOR('',#9520,1.);
#9540=LINE('',#9510,#9530);
#9550=CARTESIAN_POINT('',(18.1082245717725,32.391775197608,
-1.66683733482387E-9));
#9560=VERTEX_POINT('',#9550);
#9570=EDGE_CURVE('',#9480,#9560,#9540,.T.);
#9580=ORIENTED_EDGE('',*,*,#9570,.F.);
#9590=CARTESIAN_POINT('',(42.1209598487623,8.37903992059294,
-1.66683200575335E-9));
#9600=DIRECTION('',(0.707106781186231,-0.707106781186864,0.));
#9610=VECTOR('',#9600,1.);
#9620=LINE('',#9590,#9610);
#9630=CARTESIAN_POINT('',(19.7000000000011,30.799999769378,
-1.66683733482387E-9));
#9640=VERTEX_POINT('',#9630);
#9650=EDGE_CURVE('',#9560,#9640,#9620,.T.);
#9660=ORIENTED_EDGE('',*,*,#9650,.F.);
#9670=CARTESIAN_POINT('',(19.7000000000005,0.599999769361473,
-1.66683200575335E-9));
#9680=DIRECTION('',(0.,-1.,0.));
#9690=VECTOR('',#9680,1.);
#9700=LINE('',#9670,#9690);
#9710=CARTESIAN_POINT('',(19.7000000000011,29.5999997693805,
-1.66683733482387E-9));
#9720=VERTEX_POINT('',#9710);
#9730=EDGE_CURVE('',#9640,#9720,#9700,.T.);
#9740=ORIENTED_EDGE('',*,*,#9730,.F.);
#9750=CARTESIAN_POINT('',(-0.606018608090658,0.599999769361473,
-1.66683200575335E-9));
#9760=DIRECTION('',(0.573576436351046,0.819152044288992,0.));
#9770=VECTOR('',#9760,1.);
#9780=LINE('',#9750,#9770);
#9790=CARTESIAN_POINT('',(18.9159356899761,28.4802398878606,
-1.66683733482387E-9));
#9800=VERTEX_POINT('',#9790);
#9810=EDGE_CURVE('',#9800,#9720,#9780,.T.);
#9820=ORIENTED_EDGE('',*,*,#9810,.T.);
#9830=CARTESIAN_POINT('',(24.6500000000004,24.4652048334008,
-1.66683200575335E-9));
#9840=DIRECTION('',(0.,0.,1.));
#9850=DIRECTION('',(1.,0.,0.));
#9860=AXIS2_PLACEMENT_3D('',#9830,#9840,#9850);
#9870=CIRCLE('',#9860,7.);
#9880=CARTESIAN_POINT('',(17.6500000000014,24.4652048334008,
-1.66683733482387E-9));
#9890=VERTEX_POINT('',#9880);
#9900=EDGE_CURVE('',#9800,#9890,#9870,.T.);
#9910=ORIENTED_EDGE('',*,*,#9900,.F.);
#9920=CARTESIAN_POINT('',(17.6500000000004,0.599999769361473,
-1.66683200575335E-9));
#9930=DIRECTION('',(-8.00094898427962E-17,1.,0.));
#9940=VECTOR('',#9930,1.);
#9950=LINE('',#9920,#9940);
#9960=CARTESIAN_POINT('',(17.649999999994,22.0999999999848,
-1.66683733482387E-9));
#9970=VERTEX_POINT('',#9960);
#9980=EDGE_CURVE('',#9970,#9890,#9950,.T.);
#9990=ORIENTED_EDGE('',*,*,#9980,.T.);
#10000=CARTESIAN_POINT('',(42.649999999994,22.0999999999848,
-1.66683200575335E-9));
#10010=DIRECTION('',(0.,0.,1.));
#10020=DIRECTION('',(1.,0.,0.));
#10030=AXIS2_PLACEMENT_3D('',#10000,#10010,#10020);
#10040=CIRCLE('',#10030,25.);
#10050=CARTESIAN_POINT('',(21.9000000000106,8.1559152325758,
-1.66683733482387E-9));
#10060=VERTEX_POINT('',#10050);
#10070=EDGE_CURVE('',#9970,#10060,#10040,.T.);
#10080=ORIENTED_EDGE('',*,*,#10070,.F.);
#10090=CARTESIAN_POINT('',(21.9000000000106,8.37903992059294,
-1.66683200575335E-9));
#10100=DIRECTION('',(0.,-1.,0.));
#10110=VECTOR('',#10100,1.);
#10120=LINE('',#10090,#10110);
#10130=CARTESIAN_POINT('',(21.9000000000106,-0.450000230639452,
-1.66683733482387E-9));
#10140=VERTEX_POINT('',#10130);
#10150=EDGE_CURVE('',#10060,#10140,#10120,.T.);
#10160=ORIENTED_EDGE('',*,*,#10150,.F.);
#10170=CARTESIAN_POINT('',(-32.9742754795343,-55.3242757101844,
-1.66683200575335E-9));
#10180=DIRECTION('',(-0.707106781186548,-0.707106781186547,0.));
#10190=VECTOR('',#10180,1.);
#10200=LINE('',#10170,#10190);
#10210=CARTESIAN_POINT('',(15.5000000000106,-6.85000023063945,
-1.66683733482387E-9));
#10220=VERTEX_POINT('',#10210);
#10230=EDGE_CURVE('',#10140,#10220,#10200,.T.);
#10240=ORIENTED_EDGE('',*,*,#10230,.F.);
#10250=CARTESIAN_POINT('',(-32.9742754795343,-6.85000023063945,
-1.66683200575335E-9));
#10260=DIRECTION('',(-1.,0.,0.));
#10270=VECTOR('',#10260,1.);
#10280=LINE('',#10250,#10270);
#10290=CARTESIAN_POINT('',(14.4304980917035,-6.85000023063945,
-1.66683733482387E-9));
#10300=VERTEX_POINT('',#10290);
#10310=EDGE_CURVE('',#10220,#10300,#10280,.T.);
#10320=ORIENTED_EDGE('',*,*,#10310,.F.);
#10330=CARTESIAN_POINT('',(3.76700937811232,8.37903992059294,
-1.66683200575335E-9));
#10340=DIRECTION('',(-0.573576436351046,0.819152044288992,0.));
#10350=VECTOR('',#10340,1.);
#10360=LINE('',#10330,#10350);
#10370=CARTESIAN_POINT('',(12.7500000000015,-4.45000023064122,
-1.66683733482387E-9));
#10380=VERTEX_POINT('',#10370);
#10390=EDGE_CURVE('',#10300,#10380,#10360,.T.);
#10400=ORIENTED_EDGE('',*,*,#10390,.F.);
#10410=CARTESIAN_POINT('',(12.7500000000015,8.37903992059294,
-1.66683200575335E-9));
#10420=DIRECTION('',(5.55111512312578E-17,1.,0.));
#10430=VECTOR('',#10420,1.);
#10440=LINE('',#10410,#10430);
#10450=CARTESIAN_POINT('',(12.7500000000015,-2.80000023063827,
-1.66683733482387E-9));
#10460=VERTEX_POINT('',#10450);
#10470=EDGE_CURVE('',#10380,#10460,#10440,.T.);
#10480=ORIENTED_EDGE('',*,*,#10470,.F.);
#10490=CARTESIAN_POINT('',(23.9290401512327,8.37903992059294,
-1.66683200575335E-9));
#10500=DIRECTION('',(-0.707106781186548,-0.707106781186548,0.));
#10510=VECTOR('',#10500,1.);
#10520=LINE('',#10490,#10510);
#10530=CARTESIAN_POINT('',(14.1022758664048,-1.44772436423498,
-1.66683733482387E-9));
#10540=VERTEX_POINT('',#10530);
#10550=EDGE_CURVE('',#10540,#10460,#10520,.T.);
#10560=ORIENTED_EDGE('',*,*,#10550,.T.);
#10570=CARTESIAN_POINT('',(-32.9742754795343,-14.0618482798193,
-1.66683200575335E-9));
#10580=DIRECTION('',(0.96592582628908,0.258819045102477,0.));
#10590=VECTOR('',#10580,1.);
#10600=LINE('',#10570,#10590);
#10610=CARTESIAN_POINT('',(15.4000000000015,-1.1000002306394,
-1.66683733482387E-9));
#10620=VERTEX_POINT('',#10610);
#10630=EDGE_CURVE('',#10540,#10620,#10600,.T.);
#10640=ORIENTED_EDGE('',*,*,#10630,.F.);
#10650=CARTESIAN_POINT('',(15.4000000000015,8.37903992059294,
-1.66683200575335E-9));
#10660=DIRECTION('',(0.,1.,0.));
#10670=VECTOR('',#10660,1.);
#10680=LINE('',#10650,#10670);
#10690=CARTESIAN_POINT('',(15.4000000000015,-2.30639464859905E-7,
-1.66683733482387E-9));
#10700=VERTEX_POINT('',#10690);
#10710=EDGE_CURVE('',#10620,#10700,#10680,.T.);
#10720=ORIENTED_EDGE('',*,*,#10710,.F.);
#10730=CARTESIAN_POINT('',(-32.9742754795343,4.23220048010005,
-1.66683200575335E-9));
#10740=DIRECTION('',(-0.996194698091746,0.0871557427476591,0.));
#10750=VECTOR('',#10740,1.);
#10760=LINE('',#10730,#10750);
#10770=CARTESIAN_POINT('',(13.1139895394543,0.199999769360096,
-1.66683733482387E-9));
#10780=VERTEX_POINT('',#10770);
#10790=EDGE_CURVE('',#10700,#10780,#10760,.T.);
#10800=ORIENTED_EDGE('',*,*,#10790,.F.);
#10810=CARTESIAN_POINT('',(-32.9742754795343,0.19999976936014,
-1.66683200575335E-9));
#10820=DIRECTION('',(-1.,0.,0.));
#10830=VECTOR('',#10820,1.);
#10840=LINE('',#10810,#10830);
#10850=EDGE_CURVE('',#10780,#5530,#10840,.T.);
#10860=ORIENTED_EDGE('',*,*,#10850,.F.);
#10870=EDGE_LOOP('',(#10860,#10800,#10720,#10640,#10560,#10480,#10400,
#10320,#10240,#10160,#10080,#9990,#9910,#9820,#9740,#9660,#9580,#9500,
#9420,#9340,#9260,#9180,#9100,#9020,#8940,#8860,#8780,#8700,#8620,#8540,
#8460,#8380,#8300,#8220,#8140,#8060,#7980,#7900,#7820,#7740,#7660,#7580,
#7500,#7410,#7330,#7240,#7160,#7080,#6990,#6900,#6820,#6740,#6650,#6570,
#6480,#6400,#6320,#6230,#6140,#6060,#5980,#5900,#5810,#5720,#5630,#5550)
);
#10880=FACE_OUTER_BOUND('',#10870,.T.);
#10890=ADVANCED_FACE('',(#10880),#5450,.F.);
#10900=COLOUR_RGB('',0.501960813999176,1.,0.501960813999176);
#10910=FILL_AREA_STYLE_COLOUR('',#10900);
#10920=FILL_AREA_STYLE('',(#10910));
#10930=SURFACE_STYLE_FILL_AREA(#10920);
#10940=SURFACE_SIDE_STYLE('',(#10930));
#10950=SURFACE_STYLE_USAGE(.BOTH.,#10940);
#10960=PRESENTATION_STYLE_ASSIGNMENT((#10950));
#10970=CARTESIAN_POINT('',(-22.6999909999852,-1.20000023063656,
-2.87500000166513));
#10980=DIRECTION('',(0.,0.,1.));
#10990=DIRECTION('',(1.,0.,0.));
#11000=AXIS2_PLACEMENT_3D('',#10970,#10980,#10990);
#11010=CYLINDRICAL_SURFACE('',#11000,4.);
#11020=CARTESIAN_POINT('',(-22.6999909999852,-1.20000023063656,
-2.87500000166513));
#11030=DIRECTION('',(0.,0.,1.));
#11040=DIRECTION('',(1.,0.,0.));
#11050=AXIS2_PLACEMENT_3D('',#11020,#11030,#11040);
#11060=CIRCLE('',#11050,4.);
#11070=CARTESIAN_POINT('',(-18.7019892713272,-1.32642086838203,
-2.87500000166513));
#11080=VERTEX_POINT('',#11070);
#11090=CARTESIAN_POINT('',(-18.7050387870835,-0.999110169578262,
-2.87500000166513));
#11100=VERTEX_POINT('',#11090);
#11110=EDGE_CURVE('',#11080,#11100,#11060,.T.);
#11120=ORIENTED_EDGE('',*,*,#11110,.F.);
#11130=CARTESIAN_POINT('',(-18.7050387870835,-0.999110169578262,
-2.87500000166513));
#11140=DIRECTION('',(0.,0.,1.));
#11150=VECTOR('',#11140,1.);
#11160=LINE('',#11130,#11150);
#11170=CARTESIAN_POINT('',(-18.7050387870835,-0.999110169578262,
-5.27500000166514));
#11180=VERTEX_POINT('',#11170);
#11190=EDGE_CURVE('',#11180,#11100,#11160,.T.);
#11200=ORIENTED_EDGE('',*,*,#11190,.T.);
#11210=CARTESIAN_POINT('',(-22.6999909999852,-1.20000023063656,
-5.27500000166514));
#11220=DIRECTION('',(0.,0.,1.));
#11230=DIRECTION('',(1.,0.,0.));
#11240=AXIS2_PLACEMENT_3D('',#11210,#11220,#11230);
#11250=CIRCLE('',#11240,4.);
#11260=CARTESIAN_POINT('',(-18.7019892713272,-1.32642086838203,
-5.27500000166514));
#11270=VERTEX_POINT('',#11260);
#11280=EDGE_CURVE('',#11270,#11180,#11250,.T.);
#11290=ORIENTED_EDGE('',*,*,#11280,.T.);
#11300=CARTESIAN_POINT('',(-18.7019892713272,-1.32642086838203,
-2.87500000166513));
#11310=DIRECTION('',(0.,0.,1.));
#11320=VECTOR('',#11310,1.);
#11330=LINE('',#11300,#11320);
#11340=EDGE_CURVE('',#11270,#11080,#11330,.T.);
#11350=ORIENTED_EDGE('',*,*,#11340,.F.);
#11360=EDGE_LOOP('',(#11350,#11290,#11200,#11120));
#11370=FACE_OUTER_BOUND('',#11360,.T.);
#11380=ADVANCED_FACE('',(#11370),#11010,.T.);
#11390=COLOUR_RGB('',0.823529481887817,0.823529481887817,
0.784313797950745);
#11400=FILL_AREA_STYLE_COLOUR('',#11390);
#11410=FILL_AREA_STYLE('',(#11400));
#11420=SURFACE_STYLE_FILL_AREA(#11410);
#11430=SURFACE_SIDE_STYLE('',(#11420));
#11440=SURFACE_STYLE_USAGE(.BOTH.,#11430);
#11450=PRESENTATION_STYLE_ASSIGNMENT((#11440));
#11460=CARTESIAN_POINT('',(-19.0825688514397,-1.35971726721133,
-1.66683200575335E-9));
#11470=DIRECTION('',(0.0871557427476619,-0.996194698091745,0.));
#11480=DIRECTION('',(-0.996194698091745,-0.0871557427476619,0.));
#11490=AXIS2_PLACEMENT_3D('',#11460,#11470,#11480);
#11500=PLANE('',#11490);
#11510=ORIENTED_EDGE('',*,*,#6050,.F.);
#11520=CARTESIAN_POINT('',(-19.2999999999892,-1.37874002780684,
-1.66683200575335E-9));
#11530=DIRECTION('',(0.,0.,-1.));
#11540=VECTOR('',#11530,1.);
#11550=LINE('',#11520,#11540);
#11560=CARTESIAN_POINT('',(-19.2999999999892,-1.37874002780684,
-2.87500000166513));
#11570=VERTEX_POINT('',#11560);
#11580=EDGE_CURVE('',#5960,#11570,#11550,.T.);
#11590=ORIENTED_EDGE('',*,*,#11580,.F.);
#11600=CARTESIAN_POINT('',(-32.9742754795357,-2.57508411419773,
-2.87500000166513));
#11610=DIRECTION('',(-0.996194698091745,-0.0871557427476619,0.));
#11620=VECTOR('',#11610,1.);
#11630=LINE('',#11600,#11620);
#11640=EDGE_CURVE('',#11080,#11570,#11630,.T.);
#11650=ORIENTED_EDGE('',*,*,#11640,.T.);
#11660=ORIENTED_EDGE('',*,*,#11340,.T.);
#11670=CARTESIAN_POINT('',(-32.9742754795357,-2.57508411419773,
-5.27500000166514));
#11680=DIRECTION('',(-0.996194698091745,-0.0871557427476619,0.));
#11690=VECTOR('',#11680,1.);
#11700=LINE('',#11670,#11690);
#11710=CARTESIAN_POINT('',(-19.2999999999892,-1.37874002780684,
-5.27500000166514));
#11720=VERTEX_POINT('',#11710);
#11730=EDGE_CURVE('',#11270,#11720,#11700,.T.);
#11740=ORIENTED_EDGE('',*,*,#11730,.F.);
#11750=EDGE_CURVE('',#11720,#4790,#11550,.T.);
#11760=ORIENTED_EDGE('',*,*,#11750,.F.);
#11770=ORIENTED_EDGE('',*,*,#4800,.T.);
#11780=CARTESIAN_POINT('',(-18.3999999999892,-1.3000002306335,
-8.88178419700125E-15));
#11790=DIRECTION('',(0.,0.,1.));
#11800=VECTOR('',#11790,1.);
#11810=LINE('',#11780,#11800);
#11820=EDGE_CURVE('',#4710,#6040,#11810,.T.);
#11830=ORIENTED_EDGE('',*,*,#11820,.F.);
#11840=EDGE_LOOP('',(#11830,#11770,#11760,#11740,#11660,#11650,#11590,
#11510));
#11850=FACE_OUTER_BOUND('',#11840,.T.);
#11860=ADVANCED_FACE('',(#11850),#11500,.F.);
#11870=COLOUR_RGB('',1.,0.839215755462646,0.301960796117783);
#11880=FILL_AREA_STYLE_COLOUR('',#11870);
#11890=FILL_AREA_STYLE('',(#11880));
#11900=SURFACE_STYLE_FILL_AREA(#11890);
#11910=SURFACE_SIDE_STYLE('',(#11900));
#11920=SURFACE_STYLE_USAGE(.BOTH.,#11910);
#11930=PRESENTATION_STYLE_ASSIGNMENT((#11920));
#11940=CARTESIAN_POINT('',(-10.9999999999891,-0.300000230639442,
-1.66683200575335E-9));
#11950=DIRECTION('',(0.,0.,1.));
#11960=DIRECTION('',(1.,0.,0.));
#11970=AXIS2_PLACEMENT_3D('',#11940,#11950,#11960);
#11980=CYLINDRICAL_SURFACE('',#11970,8.3);
#11990=CARTESIAN_POINT('',(-10.9999999999891,-0.300000230639442,
-2.87500000166513));
#12000=DIRECTION('',(0.,0.,1.));
#12010=DIRECTION('',(1.,0.,0.));
#12020=AXIS2_PLACEMENT_3D('',#11990,#12000,#12010);
#12030=CIRCLE('',#12020,8.3);
#12040=CARTESIAN_POINT('',(-19.269165750669,0.414770913002214,
-2.87500000166513));
#12050=VERTEX_POINT('',#12040);
#12060=CARTESIAN_POINT('',(-19.2999999999891,-0.300000230639441,
-2.87500000166513));
#12070=VERTEX_POINT('',#12060);
#12080=EDGE_CURVE('',#12050,#12070,#12030,.T.);
#12090=ORIENTED_EDGE('',*,*,#12080,.F.);
#12100=CARTESIAN_POINT('',(-19.2999999999892,-0.300000230639441,
-1.66683200575335E-9));
#12110=DIRECTION('',(0.,0.,-1.));
#12120=VECTOR('',#12110,1.);
#12130=LINE('',#12100,#12120);
#12140=EDGE_CURVE('',#5880,#12070,#12130,.T.);
#12150=ORIENTED_EDGE('',*,*,#12140,.T.);
#12160=ORIENTED_EDGE('',*,*,#5890,.T.);
#12170=CARTESIAN_POINT('',(-18.3351716529821,3.58397412832959,
-1.66683200575335E-9));
#12180=DIRECTION('',(0.,0.,-1.));
#12190=VECTOR('',#12180,1.);
#12200=LINE('',#12170,#12190);
#12210=EDGE_CURVE('',#5790,#4960,#12200,.T.);
#12220=ORIENTED_EDGE('',*,*,#12210,.F.);
#12230=ORIENTED_EDGE('',*,*,#4970,.F.);
#12240=CARTESIAN_POINT('',(-19.2999999999891,-0.300000230639441,
-5.27500000166514));
#12250=VERTEX_POINT('',#12240);
#12260=EDGE_CURVE('',#12250,#4870,#12130,.T.);
#12270=ORIENTED_EDGE('',*,*,#12260,.T.);
#12280=CARTESIAN_POINT('',(-10.9999999999891,-0.300000230639442,
-5.27500000166514));
#12290=DIRECTION('',(0.,0.,1.));
#12300=DIRECTION('',(1.,0.,0.));
#12310=AXIS2_PLACEMENT_3D('',#12280,#12290,#12300);
#12320=CIRCLE('',#12310,8.3);
#12330=CARTESIAN_POINT('',(-19.269165750669,0.414770913002214,
-5.27500000166514));
#12340=VERTEX_POINT('',#12330);
#12350=EDGE_CURVE('',#12340,#12250,#12320,.T.);
#12360=ORIENTED_EDGE('',*,*,#12350,.T.);
#12370=CARTESIAN_POINT('',(-19.269165750669,0.414770913002214,
-1.66683200575335E-9));
#12380=DIRECTION('',(0.,0.,-1.));
#12390=VECTOR('',#12380,1.);
#12400=LINE('',#12370,#12390);
#12410=EDGE_CURVE('',#12050,#12340,#12400,.T.);
#12420=ORIENTED_EDGE('',*,*,#12410,.T.);
#12430=EDGE_LOOP('',(#12420,#12360,#12270,#12230,#12220,#12160,#12150,
#12090));
#12440=FACE_OUTER_BOUND('',#12430,.T.);
#12450=ADVANCED_FACE('',(#12440),#11980,.F.);
#12460=COLOUR_RGB('',1.,0.839215755462646,0.301960796117783);
#12470=FILL_AREA_STYLE_COLOUR('',#12460);
#12480=FILL_AREA_STYLE('',(#12470));
#12490=SURFACE_STYLE_FILL_AREA(#12480);
#12500=SURFACE_SIDE_STYLE('',(#12490));
#12510=SURFACE_STYLE_USAGE(.BOTH.,#12500);
#12520=PRESENTATION_STYLE_ASSIGNMENT((#12510));
#12530=CARTESIAN_POINT('',(-19.2999999999892,-0.300000230639441,
-1.66683200575335E-9));
#12540=DIRECTION('',(-1.,0.,0.));
#12550=DIRECTION('',(0.,1.,0.));
#12560=AXIS2_PLACEMENT_3D('',#12530,#12540,#12550);
#12570=PLANE('',#12560);
#12580=CARTESIAN_POINT('',(-19.2999999999892,8.37903992059294,
-5.27500000166514));
#12590=DIRECTION('',(0.,1.,0.));
#12600=VECTOR('',#12590,1.);
#12610=LINE('',#12580,#12600);
#12620=EDGE_CURVE('',#11720,#12250,#12610,.T.);
#12630=ORIENTED_EDGE('',*,*,#12620,.F.);
#12640=ORIENTED_EDGE('',*,*,#12260,.F.);
#12650=ORIENTED_EDGE('',*,*,#4880,.T.);
#12660=ORIENTED_EDGE('',*,*,#11750,.T.);
#12670=EDGE_LOOP('',(#12660,#12650,#12640,#12630));
#12680=FACE_OUTER_BOUND('',#12670,.T.);
#12690=ADVANCED_FACE('',(#12680),#12570,.F.);
#12700=COLOUR_RGB('',0.313725501298904,0.784313797950745,
0.313725501298904);
#12710=FILL_AREA_STYLE_COLOUR('',#12700);
#12720=FILL_AREA_STYLE('',(#12710));
#12730=SURFACE_STYLE_FILL_AREA(#12720);
#12740=SURFACE_SIDE_STYLE('',(#12730));
#12750=SURFACE_STYLE_USAGE(.BOTH.,#12740);
#12760=PRESENTATION_STYLE_ASSIGNMENT((#12750));
#12770=ORIENTED_EDGE('',*,*,#11580,.T.);
#12780=ORIENTED_EDGE('',*,*,#5970,.F.);
#12790=ORIENTED_EDGE('',*,*,#12140,.F.);
#12800=CARTESIAN_POINT('',(-19.2999999999892,8.37903992059294,
-2.87500000166513));
#12810=DIRECTION('',(0.,1.,0.));
#12820=VECTOR('',#12810,1.);
#12830=LINE('',#12800,#12820);
#12840=EDGE_CURVE('',#11570,#12070,#12830,.T.);
#12850=ORIENTED_EDGE('',*,*,#12840,.T.);
#12860=EDGE_LOOP('',(#12850,#12790,#12780,#12770));
#12870=FACE_OUTER_BOUND('',#12860,.T.);
#12880=ADVANCED_FACE('',(#12870),#12570,.F.);
#12890=COLOUR_RGB('',1.,0.839215755462646,0.301960796117783);
#12900=FILL_AREA_STYLE_COLOUR('',#12890);
#12910=FILL_AREA_STYLE('',(#12900));
#12920=SURFACE_STYLE_FILL_AREA(#12910);
#12930=SURFACE_SIDE_STYLE('',(#12920));
#12940=SURFACE_STYLE_USAGE(.BOTH.,#12930);
#12950=PRESENTATION_STYLE_ASSIGNMENT((#12940));
#12960=CARTESIAN_POINT('',(-17.8932938425582,3.34999976936056,
-1.66683200575335E-9));
#12970=DIRECTION('',(0.,0.,1.));
#12980=DIRECTION('',(1.,0.,0.));
#12990=AXIS2_PLACEMENT_3D('',#12960,#12970,#12980);
#13000=CYLINDRICAL_SURFACE('',#12990,0.5);
#13010=ORIENTED_EDGE('',*,*,#5800,.T.);
#13020=CARTESIAN_POINT('',(-17.4514160321399,3.11602541038088,
-1.66683200575335E-9));
#13030=DIRECTION('',(0.,0.,-1.));
#13040=VECTOR('',#13030,1.);
#13050=LINE('',#13020,#13040);
#13060=CARTESIAN_POINT('',(-17.4514160321399,3.11602541038087,
-2.87500000166513));
#13070=VERTEX_POINT('',#13060);
#13080=EDGE_CURVE('',#5700,#13070,#13050,.T.);
#13090=ORIENTED_EDGE('',*,*,#13080,.F.);
#13100=CARTESIAN_POINT('',(-17.8932938425582,3.34999976936056,
-2.87500000166513));
#13110=DIRECTION('',(0.,0.,1.));
#13120=DIRECTION('',(1.,0.,0.));
#13130=AXIS2_PLACEMENT_3D('',#13100,#13110,#13120);
#13140=CIRCLE('',#13130,0.5);
#13150=CARTESIAN_POINT('',(-18.1999909999847,3.74488817590912,
-2.87500000166513));
#13160=VERTEX_POINT('',#13150);
#13170=EDGE_CURVE('',#13070,#13160,#13140,.T.);
#13180=ORIENTED_EDGE('',*,*,#13170,.F.);
#13190=CARTESIAN_POINT('',(-18.1999909999852,3.74488817590872,
-1.66683200575335E-9));
#13200=DIRECTION('',(0.,0.,1.));
#13210=VECTOR('',#13200,1.);
#13220=LINE('',#13190,#13210);
#13230=CARTESIAN_POINT('',(-18.1999909999847,3.74488817590912,
-5.27500000166514));
#13240=VERTEX_POINT('',#13230);
#13250=EDGE_CURVE('',#13240,#13160,#13220,.T.);
#13260=ORIENTED_EDGE('',*,*,#13250,.T.);
#13270=CARTESIAN_POINT('',(-17.8932938425582,3.34999976936056,
-5.27500000166514));
#13280=DIRECTION('',(0.,0.,1.));
#13290=DIRECTION('',(1.,0.,0.));
#13300=AXIS2_PLACEMENT_3D('',#13270,#13280,#13290);
#13310=CIRCLE('',#13300,0.5);
#13320=CARTESIAN_POINT('',(-17.4514160321399,3.11602541038087,
-5.27500000166514));
#13330=VERTEX_POINT('',#13320);
#13340=EDGE_CURVE('',#13330,#13240,#13310,.T.);
#13350=ORIENTED_EDGE('',*,*,#13340,.T.);
#13360=EDGE_CURVE('',#13330,#5050,#13050,.T.);
#13370=ORIENTED_EDGE('',*,*,#13360,.F.);
#13380=ORIENTED_EDGE('',*,*,#5060,.F.);
#13390=ORIENTED_EDGE('',*,*,#12210,.T.);
#13400=EDGE_LOOP('',(#13390,#13380,#13370,#13350,#13260,#13180,#13090,
#13010));
#13410=FACE_OUTER_BOUND('',#13400,.T.);
#13420=ADVANCED_FACE('',(#13410),#13000,.F.);
#13430=COLOUR_RGB('',1.,0.839215755462646,0.301960796117783);
#13440=FILL_AREA_STYLE_COLOUR('',#13430);
#13450=FILL_AREA_STYLE('',(#13440));
#13460=SURFACE_STYLE_FILL_AREA(#13450);
#13470=SURFACE_SIDE_STYLE('',(#13460));
#13480=SURFACE_STYLE_USAGE(.BOTH.,#13470);
#13490=PRESENTATION_STYLE_ASSIGNMENT((#13480));
#13500=CARTESIAN_POINT('',(-10.9999999999891,-0.300000230639442,
-1.66683200575335E-9));
#13510=DIRECTION('',(0.,0.,1.));
#13520=DIRECTION('',(1.,0.,0.));
#13530=AXIS2_PLACEMENT_3D('',#13500,#13510,#13520);
#13540=CYLINDRICAL_SURFACE('',#13530,7.3);
#13550=CARTESIAN_POINT('',(-10.9999999999891,-0.300000230639442,
-5.27500000166514));
#13560=DIRECTION('',(0.,0.,1.));
#13570=DIRECTION('',(1.,0.,0.));
#13580=AXIS2_PLACEMENT_3D('',#13550,#13560,#13570);
#13590=CIRCLE('',#13580,7.3);
#13600=CARTESIAN_POINT('',(-18.1999909999852,0.904213039497937,
-5.27500000166514));
#13610=VERTEX_POINT('',#13600);
#13620=EDGE_CURVE('',#13330,#13610,#13590,.T.);
#13630=ORIENTED_EDGE('',*,*,#13620,.F.);
#13640=CARTESIAN_POINT('',(-18.1999909999852,0.904213039497937,
-1.66683200575335E-9));
#13650=DIRECTION('',(0.,0.,1.));
#13660=VECTOR('',#13650,1.);
#13670=LINE('',#13640,#13660);
#13680=CARTESIAN_POINT('',(-18.1999909999852,0.904213039497937,
-2.87500000166513));
#13690=VERTEX_POINT('',#13680);
#13700=EDGE_CURVE('',#13610,#13690,#13670,.T.);
#13710=ORIENTED_EDGE('',*,*,#13700,.F.);
#13720=CARTESIAN_POINT('',(-10.9999999999891,-0.300000230639442,
-2.87500000166513));
#13730=DIRECTION('',(0.,0.,1.));
#13740=DIRECTION('',(1.,0.,0.));
#13750=AXIS2_PLACEMENT_3D('',#13720,#13730,#13740);
#13760=CIRCLE('',#13750,7.3);
#13770=EDGE_CURVE('',#13070,#13690,#13760,.T.);
#13780=ORIENTED_EDGE('',*,*,#13770,.T.);
#13790=ORIENTED_EDGE('',*,*,#13080,.T.);
#13800=ORIENTED_EDGE('',*,*,#5710,.F.);
#13810=CARTESIAN_POINT('',(-18.2938330115134,-2.30640207377064E-7,
-1.66683200575335E-9));
#13820=DIRECTION('',(0.,0.,1.));
#13830=VECTOR('',#13820,1.);
#13840=LINE('',#13810,#13830);
#13850=EDGE_CURVE('',#5140,#5610,#13840,.T.);
#13860=ORIENTED_EDGE('',*,*,#13850,.T.);
#13870=ORIENTED_EDGE('',*,*,#5150,.T.);
#13880=ORIENTED_EDGE('',*,*,#13360,.T.);
#13890=EDGE_LOOP('',(#13880,#13870,#13860,#13800,#13790,#13780,#13710,
#13630));
#13900=FACE_OUTER_BOUND('',#13890,.T.);
#13910=ADVANCED_FACE('',(#13900),#13540,.T.);
#13920=COLOUR_RGB('',1.,0.839215755462646,0.301960796117783);
#13930=FILL_AREA_STYLE_COLOUR('',#13920);
#13940=FILL_AREA_STYLE('',(#13930));
#13950=SURFACE_STYLE_FILL_AREA(#13940);
#13960=SURFACE_SIDE_STYLE('',(#13950));
#13970=SURFACE_STYLE_USAGE(.BOTH.,#13960);
#13980=PRESENTATION_STYLE_ASSIGNMENT((#13970));
#13990=CARTESIAN_POINT('',(-2.09999999998526,8.36904738842925,
-5.27500000166514));
#14000=DIRECTION('',(0.,0.,1.));
#14010=DIRECTION('',(1.,0.,0.));
#14020=AXIS2_PLACEMENT_3D('',#13990,#14000,#14010);
#14030=PLANE('',#14020);
#14040=CARTESIAN_POINT('',(-18.1999909999852,-46.2550893096008,
-5.27500000166514));
#14050=DIRECTION('',(0.,1.,0.));
#14060=VECTOR('',#14050,1.);
#14070=LINE('',#14040,#14060);
#14080=EDGE_CURVE('',#13610,#13240,#14070,.T.);
#14090=ORIENTED_EDGE('',*,*,#14080,.T.);
#14100=ORIENTED_EDGE('',*,*,#13620,.T.);
#14110=ORIENTED_EDGE('',*,*,#13340,.F.);
#14120=EDGE_LOOP('',(#14110,#14100,#14090));
#14130=FACE_OUTER_BOUND('',#14120,.T.);
#14140=ADVANCED_FACE('',(#14130),#14030,.F.);
#14150=COLOUR_RGB('',0.823529481887817,0.823529481887817,
0.784313797950745);
#14160=FILL_AREA_STYLE_COLOUR('',#14150);
#14170=FILL_AREA_STYLE('',(#14160));
#14180=SURFACE_STYLE_FILL_AREA(#14170);
#14190=SURFACE_SIDE_STYLE('',(#14180));
#14200=SURFACE_STYLE_USAGE(.BOTH.,#14190);
#14210=PRESENTATION_STYLE_ASSIGNMENT((#14200));
#14220=CARTESIAN_POINT('',(-18.1999909999852,0.904213039506176,
-2.87500000166513));
#14230=DIRECTION('',(1.,0.,0.));
#14240=DIRECTION('',(0.,-1.,0.));
#14250=AXIS2_PLACEMENT_3D('',#14220,#14230,#14240);
#14260=PLANE('',#14250);
#14270=CARTESIAN_POINT('',(-18.1999909999852,-46.2550893096008,
-2.87500000166513));
#14280=DIRECTION('',(0.,1.,0.));
#14290=VECTOR('',#14280,1.);
#14300=LINE('',#14270,#14290);
#14310=EDGE_CURVE('',#13690,#13160,#14300,.T.);
#14320=ORIENTED_EDGE('',*,*,#14310,.T.);
#14330=ORIENTED_EDGE('',*,*,#13700,.T.);
#14340=ORIENTED_EDGE('',*,*,#14080,.F.);
#14350=ORIENTED_EDGE('',*,*,#13250,.F.);
#14360=EDGE_LOOP('',(#14350,#14340,#14330,#14320));
#14370=FACE_OUTER_BOUND('',#14360,.T.);
#14380=ADVANCED_FACE('',(#14370),#14260,.F.);
#14390=COLOUR_RGB('',0.823529481887817,0.823529481887817,
0.784313797950745);
#14400=FILL_AREA_STYLE_COLOUR('',#14390);
#14410=FILL_AREA_STYLE('',(#14400));
#14420=SURFACE_STYLE_FILL_AREA(#14410);
#14430=SURFACE_SIDE_STYLE('',(#14420));
#14440=SURFACE_STYLE_USAGE(.BOTH.,#14430);
#14450=PRESENTATION_STYLE_ASSIGNMENT((#14440));
#14460=CARTESIAN_POINT('',(-2.09999999998526,8.36904738842925,
-2.87500000166513));
#14470=DIRECTION('',(0.,0.,1.));
#14480=DIRECTION('',(1.,0.,0.));
#14490=AXIS2_PLACEMENT_3D('',#14460,#14470,#14480);
#14500=PLANE('',#14490);
#14510=ORIENTED_EDGE('',*,*,#13170,.T.);
#14520=ORIENTED_EDGE('',*,*,#13770,.F.);
#14530=ORIENTED_EDGE('',*,*,#14310,.F.);
#14540=EDGE_LOOP('',(#14530,#14520,#14510));
#14550=FACE_OUTER_BOUND('',#14540,.T.);
#14560=ADVANCED_FACE('',(#14550),#14500,.T.);
#14570=COLOUR_RGB('',0.823529481887817,0.823529481887817,
0.784313797950745);
#14580=FILL_AREA_STYLE_COLOUR('',#14570);
#14590=FILL_AREA_STYLE('',(#14580));
#14600=SURFACE_STYLE_FILL_AREA(#14590);
#14610=SURFACE_SIDE_STYLE('',(#14600));
#14620=SURFACE_STYLE_USAGE(.BOTH.,#14610);
#14630=PRESENTATION_STYLE_ASSIGNMENT((#14620));
#14640=CARTESIAN_POINT('',(-21.3903764436644,-6.85000023063945,
-1.66683200575335E-9));
#14650=DIRECTION('',(-0.,1.,0.));
#14660=DIRECTION('',(1.,0.,0.));
#14670=AXIS2_PLACEMENT_3D('',#14640,#14650,#14660);
#14680=PLANE('',#14670);
#14690=ORIENTED_EDGE('',*,*,#6390,.T.);
#14700=CARTESIAN_POINT('',(-20.4340605720008,-6.85000023063945,
-1.66683200575335E-9));
#14710=DIRECTION('',(0.,0.,1.));
#14720=VECTOR('',#14710,1.);
#14730=LINE('',#14700,#14720);
#14740=EDGE_CURVE('',#4450,#6300,#14730,.T.);
#14750=ORIENTED_EDGE('',*,*,#14740,.T.);
#14760=ORIENTED_EDGE('',*,*,#4460,.F.);
#14770=CARTESIAN_POINT('',(-26.0999999999891,-6.85000023063945,
-1.66683200575335E-9));
#14780=DIRECTION('',(0.,0.,1.));
#14790=VECTOR('',#14780,1.);
#14800=LINE('',#14770,#14790);
#14810=EDGE_CURVE('',#4370,#6380,#14800,.T.);
#14820=ORIENTED_EDGE('',*,*,#14810,.F.);
#14830=EDGE_LOOP('',(#14820,#14760,#14750,#14690));
#14840=FACE_OUTER_BOUND('',#14830,.T.);
#14850=ADVANCED_FACE('',(#14840),#14680,.F.);
#14860=COLOUR_RGB('',1.,0.839215755462646,0.301960796117783);
#14870=FILL_AREA_STYLE_COLOUR('',#14860);
#14880=FILL_AREA_STYLE('',(#14870));
#14890=SURFACE_STYLE_FILL_AREA(#14880);
#14900=SURFACE_SIDE_STYLE('',(#14890));
#14910=SURFACE_STYLE_USAGE(.BOTH.,#14900);
#14920=PRESENTATION_STYLE_ASSIGNMENT((#14910));
#14930=CARTESIAN_POINT('',(-22.4502670232887,5.99999976936086,
-1.66683200575335E-9));
#14940=DIRECTION('',(-0.,1.,0.));
#14950=DIRECTION('',(1.,0.,0.));
#14960=AXIS2_PLACEMENT_3D('',#14930,#14940,#14950);
#14970=PLANE('',#14960);
#14980=ORIENTED_EDGE('',*,*,#7150,.F.);
#14990=CARTESIAN_POINT('',(-21.8567385805803,5.99999976936086,
-1.66683200575335E-9));
#15000=DIRECTION('',(0.,0.,1.));
#15010=VECTOR('',#15000,1.);
#15020=LINE('',#14990,#15010);
#15030=EDGE_CURVE('',#3850,#7060,#15020,.T.);
#15040=ORIENTED_EDGE('',*,*,#15030,.T.);
#15050=ORIENTED_EDGE('',*,*,#3860,.T.);
#15060=CARTESIAN_POINT('',(-25.0999999999894,5.99999976936086,
-1.66683200575335E-9));
#15070=DIRECTION('',(0.,0.,1.));
#15080=VECTOR('',#15070,1.);
#15090=LINE('',#15060,#15080);
#15100=EDGE_CURVE('',#3770,#7140,#15090,.T.);
#15110=ORIENTED_EDGE('',*,*,#15100,.F.);
#15120=EDGE_LOOP('',(#15110,#15050,#15040,#14980));
#15130=FACE_OUTER_BOUND('',#15120,.T.);
#15140=ADVANCED_FACE('',(#15130),#14970,.F.);
#15150=COLOUR_RGB('',1.,0.839215755462646,0.301960796117783);
#15160=FILL_AREA_STYLE_COLOUR('',#15150);
#15170=FILL_AREA_STYLE('',(#15160));
#15180=SURFACE_STYLE_FILL_AREA(#15170);
#15190=SURFACE_SIDE_STYLE('',(#15180));
#15200=SURFACE_STYLE_USAGE(.BOTH.,#15190);
#15210=PRESENTATION_STYLE_ASSIGNMENT((#15200));
#15220=CARTESIAN_POINT('',(-46.8499999999921,22.0999999999848,
-1.66683200575335E-9));
#15230=DIRECTION('',(0.,0.,-1.));
#15240=DIRECTION('',(-1.,0.,0.));
#15250=AXIS2_PLACEMENT_3D('',#15220,#15230,#15240);
#15260=CYLINDRICAL_SURFACE('',#15250,25.);
#15270=CARTESIAN_POINT('',(-46.8499999999921,22.0999999999848,
-7.40000000163902));
#15280=DIRECTION('',(0.,0.,-1.));
#15290=DIRECTION('',(-1.,0.,0.));
#15300=AXIS2_PLACEMENT_3D('',#15270,#15280,#15290);
#15310=CIRCLE('',#15300,25.);
#15320=CARTESIAN_POINT('',(-21.8499999999921,22.0999999999848,
-7.40000000163902));
#15330=VERTEX_POINT('',#15320);
#15340=CARTESIAN_POINT('',(-24.2084453910311,11.499999769351,
-7.40000000163902));
#15350=VERTEX_POINT('',#15340);
#15360=EDGE_CURVE('',#15330,#15350,#15310,.T.);
#15370=ORIENTED_EDGE('',*,*,#15360,.F.);
#15380=CARTESIAN_POINT('',(-24.2084453910311,11.499999769351,
-1.66683200575335E-9));
#15390=DIRECTION('',(0.,0.,-1.));
#15400=VECTOR('',#15390,1.);
#15410=LINE('',#15380,#15400);
#15420=CARTESIAN_POINT('',(-24.2084453910311,11.499999769351,
-0.750000001639023));
#15430=VERTEX_POINT('',#15420);
#15440=EDGE_CURVE('',#15430,#15350,#15410,.T.);
#15450=ORIENTED_EDGE('',*,*,#15440,.T.);
#15460=CARTESIAN_POINT('',(-46.8499999999921,22.0999999999848,
-0.750000001639023));
#15470=DIRECTION('',(0.,0.,-1.));
#15480=DIRECTION('',(-1.,0.,0.));
#15490=AXIS2_PLACEMENT_3D('',#15460,#15470,#15480);
#15500=CIRCLE('',#15490,25.);
#15510=CARTESIAN_POINT('',(-21.8499999999921,22.0999999999848,
-0.750000001639023));
#15520=VERTEX_POINT('',#15510);
#15530=EDGE_CURVE('',#15520,#15430,#15500,.T.);
#15540=ORIENTED_EDGE('',*,*,#15530,.T.);
#15550=CARTESIAN_POINT('',(-21.8499999999921,22.0999999999848,
2.99833316799425E-6));
#15560=DIRECTION('',(0.,0.,-1.));
#15570=VECTOR('',#15560,1.);
#15580=LINE('',#15550,#15570);
#15590=EDGE_CURVE('',#7310,#15520,#15580,.T.);
#15600=ORIENTED_EDGE('',*,*,#15590,.T.);
#15610=ORIENTED_EDGE('',*,*,#7320,.F.);
#15620=CARTESIAN_POINT('',(-25.0999999999893,9.77370696436865,
2.99833316799425E-6));
#15630=DIRECTION('',(0.,0.,-1.));
#15640=VECTOR('',#15630,1.);
#15650=LINE('',#15620,#15640);
#15660=EDGE_CURVE('',#7220,#3690,#15650,.T.);
#15670=ORIENTED_EDGE('',*,*,#15660,.F.);
#15680=ORIENTED_EDGE('',*,*,#3700,.T.);
#15690=CARTESIAN_POINT('',(-21.8499999999921,22.0999999999848,
2.99836097639172E-6));
#15700=DIRECTION('',(0.,0.,-1.));
#15710=VECTOR('',#15700,1.);
#15720=LINE('',#15690,#15710);
#15730=EDGE_CURVE('',#15330,#3600,#15720,.T.);
#15740=ORIENTED_EDGE('',*,*,#15730,.T.);
#15750=EDGE_LOOP('',(#15740,#15680,#15670,#15610,#15600,#15540,#15450,
#15370));
#15760=FACE_OUTER_BOUND('',#15750,.T.);
#15770=ADVANCED_FACE('',(#15760),#15260,.F.);
#15780=COLOUR_RGB('',1.,0.839215755462646,0.301960796117783);
#15790=FILL_AREA_STYLE_COLOUR('',#15780);
#15800=FILL_AREA_STYLE('',(#15790));
#15810=SURFACE_STYLE_FILL_AREA(#15800);
#15820=SURFACE_SIDE_STYLE('',(#15810));
#15830=SURFACE_STYLE_USAGE(.BOTH.,#15820);
#15840=PRESENTATION_STYLE_ASSIGNMENT((#15830));
#15850=CARTESIAN_POINT('',(-23.8999999999985,29.915298558254,
-1.66683200575335E-9));
#15860=DIRECTION('',(1.,0.,0.));
#15870=DIRECTION('',(0.,-1.,0.));
#15880=AXIS2_PLACEMENT_3D('',#15850,#15860,#15870);
#15890=PLANE('',#15880);
#15900=ORIENTED_EDGE('',*,*,#7650,.F.);
#15910=CARTESIAN_POINT('',(-23.8999999999986,29.5999997693752,
-1.66683200575335E-9));
#15920=DIRECTION('',(-1.45325078413767E-13,2.07545721066263E-13,1.));
#15930=VECTOR('',#15920,1.);
#15940=LINE('',#15910,#15930);
#15950=EDGE_CURVE('',#3350,#7560,#15940,.T.);
#15960=ORIENTED_EDGE('',*,*,#15950,.T.);
#15970=ORIENTED_EDGE('',*,*,#3360,.T.);
#15980=CARTESIAN_POINT('',(-23.8999999999986,30.799999769374,
-1.66683200575335E-9));
#15990=DIRECTION('',(1.45325078413767E-13,1.45325078413898E-13,-1.));
#16000=VECTOR('',#15990,1.);
#16010=LINE('',#15980,#16000);
#16020=EDGE_CURVE('',#7640,#3270,#16010,.T.);
#16030=ORIENTED_EDGE('',*,*,#16020,.T.);
#16040=EDGE_LOOP('',(#16030,#15970,#15960,#15900));
#16050=FACE_OUTER_BOUND('',#16040,.T.);
#16060=ADVANCED_FACE('',(#16050),#15890,.F.);
#16070=COLOUR_RGB('',1.,0.839215755462646,0.301960796117783);
#16080=FILL_AREA_STYLE_COLOUR('',#16070);
#16090=FILL_AREA_STYLE('',(#16080));
#16100=SURFACE_STYLE_FILL_AREA(#16090);
#16110=SURFACE_SIDE_STYLE('',(#16100));
#16120=SURFACE_STYLE_USAGE(.BOTH.,#16110);
#16130=PRESENTATION_STYLE_ASSIGNMENT((#16120));
#16140=CARTESIAN_POINT('',(-23.1159356899756,28.4802398878581,
-1.66683200575335E-9));
#16150=DIRECTION('',(0.819152044288992,0.573576436351046,0.));
#16160=DIRECTION('',(0.573576436351046,-0.819152044288992,0.));
#16170=AXIS2_PLACEMENT_3D('',#16140,#16150,#16160);
#16180=PLANE('',#16170);
#16190=ORIENTED_EDGE('',*,*,#7570,.T.);
#16200=CARTESIAN_POINT('',(-23.1159356899756,28.4802398878582,
2.99836199424419E-6));
#16210=DIRECTION('',(0.,0.,-1.));
#16220=VECTOR('',#16210,1.);
#16230=LINE('',#16200,#16220);
#16240=CARTESIAN_POINT('',(-23.1159356899756,28.4802398878582,
-0.750000001639023));
#16250=VERTEX_POINT('',#16240);
#16260=EDGE_CURVE('',#7480,#16250,#16230,.T.);
#16270=ORIENTED_EDGE('',*,*,#16260,.F.);
#16280=CARTESIAN_POINT('',(-3.59398139190746,0.599999769361473,
-0.750000001639023));
#16290=DIRECTION('',(-0.573576436351046,0.819152044288992,0.));
#16300=VECTOR('',#16290,1.);
#16310=LINE('',#16280,#16300);
#16320=CARTESIAN_POINT('',(-23.7054790531083,29.3221950668041,
-0.750000001639023));
#16330=VERTEX_POINT('',#16320);
#16340=EDGE_CURVE('',#16250,#16330,#16310,.T.);
#16350=ORIENTED_EDGE('',*,*,#16340,.F.);
#16360=CARTESIAN_POINT('',(-23.7054790531083,29.3221950668041,
-1.66683200575335E-9));
#16370=DIRECTION('',(0.,0.,1.));
#16380=VECTOR('',#16370,1.);
#16390=LINE('',#16360,#16380);
#16400=CARTESIAN_POINT('',(-23.7054790531083,29.3221950668041,
-7.40000000163902));
#16410=VERTEX_POINT('',#16400);
#16420=EDGE_CURVE('',#16410,#16330,#16390,.T.);
#16430=ORIENTED_EDGE('',*,*,#16420,.T.);
#16440=CARTESIAN_POINT('',(-3.59398139190746,0.599999769361473,
-7.40000000163902));
#16450=DIRECTION('',(-0.573576436351046,0.819152044288992,0.));
#16460=VECTOR('',#16450,1.);
#16470=LINE('',#16440,#16460);
#16480=CARTESIAN_POINT('',(-23.1159356899756,28.4802398878581,
-7.40000000163902));
#16490=VERTEX_POINT('',#16480);
#16500=EDGE_CURVE('',#16490,#16410,#16470,.T.);
#16510=ORIENTED_EDGE('',*,*,#16500,.T.);
#16520=CARTESIAN_POINT('',(-23.1159356899756,28.4802398878581,
2.99833316799425E-6));
#16530=DIRECTION('',(0.,0.,-1.));
#16540=VECTOR('',#16530,1.);
#16550=LINE('',#16520,#16540);
#16560=EDGE_CURVE('',#16490,#3430,#16550,.T.);
#16570=ORIENTED_EDGE('',*,*,#16560,.F.);
#16580=ORIENTED_EDGE('',*,*,#3440,.F.);
#16590=ORIENTED_EDGE('',*,*,#15950,.F.);
#16600=EDGE_LOOP('',(#16590,#16580,#16570,#16510,#16430,#16350,#16270,
#16190));
#16610=FACE_OUTER_BOUND('',#16600,.T.);
#16620=ADVANCED_FACE('',(#16610),#16180,.F.);
#16630=COLOUR_RGB('',1.,0.839215755462646,0.301960796117783);
#16640=FILL_AREA_STYLE_COLOUR('',#16630);
#16650=FILL_AREA_STYLE('',(#16640));
#16660=SURFACE_STYLE_FILL_AREA(#16650);
#16670=SURFACE_SIDE_STYLE('',(#16660));
#16680=SURFACE_STYLE_USAGE(.BOTH.,#16670);
#16690=PRESENTATION_STYLE_ASSIGNMENT((#16680));
#16700=CARTESIAN_POINT('',(-21.8499999999985,22.0999999999848,
-1.66683200575335E-9));
#16710=DIRECTION('',(1.,-8.00094898427962E-17,0.));
#16720=DIRECTION('',(-8.00094898427962E-17,-1.,0.));
#16730=AXIS2_PLACEMENT_3D('',#16700,#16710,#16720);
#16740=PLANE('',#16730);
#16750=CARTESIAN_POINT('',(-21.8499999999985,0.599999769361473,
-7.40000000163902));
#16760=DIRECTION('',(8.00094898427962E-17,1.,0.));
#16770=VECTOR('',#16760,1.);
#16780=LINE('',#16750,#16770);
#16790=CARTESIAN_POINT('',(-21.8499999999985,24.4652048334008,
-7.40000000163902));
#16800=VERTEX_POINT('',#16790);
#16810=EDGE_CURVE('',#15330,#16800,#16780,.T.);
#16820=ORIENTED_EDGE('',*,*,#16810,.T.);
#16830=ORIENTED_EDGE('',*,*,#15730,.F.);
#16840=ORIENTED_EDGE('',*,*,#3610,.T.);
#16850=CARTESIAN_POINT('',(-21.8499999999985,24.4652048334008,
-7.39999700163902));
#16860=DIRECTION('',(0.,0.,-1.));
#16870=VECTOR('',#16860,1.);
#16880=LINE('',#16850,#16870);
#16890=EDGE_CURVE('',#16800,#3520,#16880,.T.);
#16900=ORIENTED_EDGE('',*,*,#16890,.T.);
#16910=EDGE_LOOP('',(#16900,#16840,#16830,#16820));
#16920=FACE_OUTER_BOUND('',#16910,.T.);
#16930=ADVANCED_FACE('',(#16920),#16740,.F.);
#16940=COLOUR_RGB('',1.,0.839215755462646,0.301960796117783);
#16950=FILL_AREA_STYLE_COLOUR('',#16940);
#16960=FILL_AREA_STYLE('',(#16950));
#16970=SURFACE_STYLE_FILL_AREA(#16960);
#16980=SURFACE_SIDE_STYLE('',(#16970));
#16990=SURFACE_STYLE_USAGE(.BOTH.,#16980);
#17000=PRESENTATION_STYLE_ASSIGNMENT((#16990));
#17010=CARTESIAN_POINT('',(-17.9479529999827,17.506811000001,
-7.40000000163902));
#17020=DIRECTION('',(0.,0.,-1.));
#17030=DIRECTION('',(-1.,0.,0.));
#17040=AXIS2_PLACEMENT_3D('',#17010,#17020,#17030);
#17050=PLANE('',#17040);
#17060=CARTESIAN_POINT('',(-7.50058466214406,8.37903992059294,
-7.40000000163902));
#17070=DIRECTION('',(-0.611956859996264,0.790891143902568,0.));
#17080=VECTOR('',#17070,1.);
#17090=LINE('',#17060,#17080);
#17100=CARTESIAN_POINT('',(-17.2999999999745,21.0437738467072,
-7.40000000166764));
#17110=VERTEX_POINT('',#17100);
#17120=EDGE_CURVE('',#17110,#16410,#17090,.T.);
#17130=ORIENTED_EDGE('',*,*,#17120,.T.);
#17140=CARTESIAN_POINT('',(-17.2999999999459,8.37903992059294,
-7.40000000163902));
#17150=DIRECTION('',(0.,-1.,0.));
#17160=VECTOR('',#17150,1.);
#17170=LINE('',#17140,#17160);
#17180=CARTESIAN_POINT('',(-17.2999999999459,15.5251260352655,
-7.40000000163902));
#17190=VERTEX_POINT('',#17180);
#17200=EDGE_CURVE('',#17110,#17190,#17170,.T.);
#17210=ORIENTED_EDGE('',*,*,#17200,.F.);
#17220=CARTESIAN_POINT('',(-22.3530459505102,8.37903992059294,
-7.40000000163902));
#17230=DIRECTION('',(-0.577350269184772,-0.816496580931159,0.));
#17240=VECTOR('',#17230,1.);
#17250=LINE('',#17220,#17240);
#17260=CARTESIAN_POINT('',(-18.4210741821179,13.9396877223914,
-7.40000000163902));
#17270=VERTEX_POINT('',#17260);
#17280=EDGE_CURVE('',#17190,#17270,#17250,.T.);
#17290=ORIENTED_EDGE('',*,*,#17280,.F.);
#17300=CARTESIAN_POINT('',(-32.9742754795343,7.80473134896969,
-7.40000000163902));
#17310=DIRECTION('',(0.921470147258837,0.388449182919436,0.));
#17320=VECTOR('',#17310,1.);
#17330=LINE('',#17300,#17320);
#17340=EDGE_CURVE('',#15350,#17270,#17330,.T.);
#17350=ORIENTED_EDGE('',*,*,#17340,.T.);
#17360=ORIENTED_EDGE('',*,*,#15360,.T.);
#17370=ORIENTED_EDGE('',*,*,#16810,.F.);
#17380=CARTESIAN_POINT('',(-28.8499999999985,24.4652048334008,
-7.40000000163902));
#17390=DIRECTION('',(0.,0.,-1.));
#17400=DIRECTION('',(-1.,0.,0.));
#17410=AXIS2_PLACEMENT_3D('',#17380,#17390,#17400);
#17420=CIRCLE('',#17410,7.);
#17430=EDGE_CURVE('',#16490,#16800,#17420,.T.);
#17440=ORIENTED_EDGE('',*,*,#17430,.T.);
#17450=ORIENTED_EDGE('',*,*,#16500,.F.);
#17460=EDGE_LOOP('',(#17450,#17440,#17370,#17360,#17350,#17290,#17210,
#17130));
#17470=FACE_OUTER_BOUND('',#17460,.T.);
#17480=ADVANCED_FACE('',(#17470),#17050,.F.);
#17490=COLOUR_RGB('',0.313725501298904,0.784313797950745,
0.313725501298904);
#17500=FILL_AREA_STYLE_COLOUR('',#17490);
#17510=FILL_AREA_STYLE('',(#17500));
#17520=SURFACE_STYLE_FILL_AREA(#17510);
#17530=SURFACE_SIDE_STYLE('',(#17520));
#17540=SURFACE_STYLE_USAGE(.BOTH.,#17530);
#17550=PRESENTATION_STYLE_ASSIGNMENT((#17540));
#17560=CARTESIAN_POINT('',(-19.0085696437478,-0.458578874399217,
-2.87500000166513));
#17570=DIRECTION('',(-0.707106781186548,0.707106781186548,0.));
#17580=DIRECTION('',(0.707106781186548,0.707106781186548,0.));
#17590=AXIS2_PLACEMENT_3D('',#17560,#17570,#17580);
#17600=PLANE('',#17590);
#17610=CARTESIAN_POINT('',(-64.8050800789494,-46.2550893096008,
-2.87500000166513));
#17620=DIRECTION('',(0.707106781186548,0.707106781186548,0.));
#17630=VECTOR('',#17620,1.);
#17640=LINE('',#17610,#17630);
#17650=CARTESIAN_POINT('',(-19.1499909999852,-0.600000230636581,
-2.87500000166513));
#17660=VERTEX_POINT('',#17650);
#17670=CARTESIAN_POINT('',(-18.9499909999852,-0.40000023063658,
-2.87500000166513));
#17680=VERTEX_POINT('',#17670);
#17690=EDGE_CURVE('',#17660,#17680,#17640,.T.);
#17700=ORIENTED_EDGE('',*,*,#17690,.F.);
#17710=CARTESIAN_POINT('',(-18.9499909999852,-0.40000023063658,
-8.88178419700125E-15));
#17720=DIRECTION('',(0.,0.,1.));
#17730=VECTOR('',#17720,1.);
#17740=LINE('',#17710,#17730);
#17750=CARTESIAN_POINT('',(-18.9499909999852,-0.40000023063658,
-5.27500000166514));
#17760=VERTEX_POINT('',#17750);
#17770=EDGE_CURVE('',#17760,#17680,#17740,.T.);
#17780=ORIENTED_EDGE('',*,*,#17770,.T.);
#17790=CARTESIAN_POINT('',(-64.8050800789494,-46.2550893096008,
-5.27500000166514));
#17800=DIRECTION('',(0.707106781186548,0.707106781186548,0.));
#17810=VECTOR('',#17800,1.);
#17820=LINE('',#17790,#17810);
#17830=CARTESIAN_POINT('',(-19.1499909999852,-0.600000230636581,
-5.27500000166514));
#17840=VERTEX_POINT('',#17830);
#17850=EDGE_CURVE('',#17840,#17760,#17820,.T.);
#17860=ORIENTED_EDGE('',*,*,#17850,.T.);
#17870=CARTESIAN_POINT('',(-19.1499909999852,-0.60000023063658,
-8.88178419700125E-15));
#17880=DIRECTION('',(0.,0.,-1.));
#17890=VECTOR('',#17880,1.);
#17900=LINE('',#17870,#17890);
#17910=EDGE_CURVE('',#17660,#17840,#17900,.T.);
#17920=ORIENTED_EDGE('',*,*,#17910,.T.);
#17930=EDGE_LOOP('',(#17920,#17860,#17780,#17700));
#17940=FACE_OUTER_BOUND('',#17930,.T.);
#17950=ADVANCED_FACE('',(#17940),#17600,.F.);
#17960=COLOUR_RGB('',0.823529481887817,0.823529481887817,
0.784313797950745);
#17970=FILL_AREA_STYLE_COLOUR('',#17960);
#17980=FILL_AREA_STYLE('',(#17970));
#17990=SURFACE_STYLE_FILL_AREA(#17980);
#18000=SURFACE_SIDE_STYLE('',(#17990));
#18010=SURFACE_STYLE_USAGE(.BOTH.,#18000);
#18020=PRESENTATION_STYLE_ASSIGNMENT((#18010));
#18030=CARTESIAN_POINT('',(-2.09999999998526,8.36904738842925,
-2.87500000166513));
#18040=DIRECTION('',(0.,0.,1.));
#18050=DIRECTION('',(1.,0.,0.));
#18060=AXIS2_PLACEMENT_3D('',#18030,#18040,#18050);
#18070=PLANE('',#18060);
#18080=CARTESIAN_POINT('',(16.2700461062239,0.159212611045062,
-2.87500000166513));
#18090=DIRECTION('',(-0.819152044288954,-0.5735764363511,0.));
#18100=VECTOR('',#18090,1.);
#18110=LINE('',#18080,#18100);
#18120=CARTESIAN_POINT('',(15.4000000000015,-0.450000230636421,
-2.87500000166513));
#18130=VERTEX_POINT('',#18120);
#18140=CARTESIAN_POINT('',(13.0337497242859,-2.10686651146907,
-2.87500000166513));
#18150=VERTEX_POINT('',#18140);
#18160=EDGE_CURVE('',#18130,#18150,#18110,.T.);
#18170=ORIENTED_EDGE('',*,*,#18160,.T.);
#18180=CARTESIAN_POINT('',(15.4000000000015,8.37903992059294,
-2.87500000166513));
#18190=DIRECTION('',(0.,-1.,0.));
#18200=VECTOR('',#18190,1.);
#18210=LINE('',#18180,#18200);
#18220=CARTESIAN_POINT('',(15.4000000000015,-1.1000002306394,
-2.87500000166513));
#18230=VERTEX_POINT('',#18220);
#18240=EDGE_CURVE('',#18130,#18230,#18210,.T.);
#18250=ORIENTED_EDGE('',*,*,#18240,.F.);
#18260=CARTESIAN_POINT('',(-32.9742754795357,-14.0618482798197,
-2.87500000166513));
#18270=DIRECTION('',(-0.96592582628908,-0.258819045102477,0.));
#18280=VECTOR('',#18270,1.);
#18290=LINE('',#18260,#18280);
#18300=CARTESIAN_POINT('',(14.1022758664048,-1.44772436423497,
-2.87500000166513));
#18310=VERTEX_POINT('',#18300);
#18320=EDGE_CURVE('',#18230,#18310,#18290,.T.);
#18330=ORIENTED_EDGE('',*,*,#18320,.F.);
#18340=CARTESIAN_POINT('',(23.9290401512327,8.37903992059294,
-2.87500000166513));
#18350=DIRECTION('',(-0.707106781186548,-0.707106781186548,0.));
#18360=VECTOR('',#18350,1.);
#18370=LINE('',#18340,#18360);
#18380=CARTESIAN_POINT('',(13.1429922757581,-2.4070079548817,
-2.87500000166513));
#18390=VERTEX_POINT('',#18380);
#18400=EDGE_CURVE('',#18310,#18390,#18370,.T.);
#18410=ORIENTED_EDGE('',*,*,#18400,.F.);
#18420=CARTESIAN_POINT('',(29.1023887185469,-46.2550893096008,
-2.87500000166513));
#18430=DIRECTION('',(0.342020143325453,-0.939692620785987,0.));
#18440=VECTOR('',#18430,1.);
#18450=LINE('',#18420,#18440);
#18460=EDGE_CURVE('',#18150,#18390,#18450,.T.);
#18470=ORIENTED_EDGE('',*,*,#18460,.T.);
#18480=EDGE_LOOP('',(#18470,#18410,#18330,#18250,#18170));
#18490=FACE_OUTER_BOUND('',#18480,.T.);
#18500=ADVANCED_FACE('',(#18490),#18070,.T.);
#18510=COLOUR_RGB('',0.823529481887817,0.823529481887817,
0.784313797950745);
#18520=FILL_AREA_STYLE_COLOUR('',#18510);
#18530=FILL_AREA_STYLE('',(#18520));
#18540=SURFACE_STYLE_FILL_AREA(#18530);
#18550=SURFACE_SIDE_STYLE('',(#18540));
#18560=SURFACE_STYLE_USAGE(.BOTH.,#18550);
#18570=PRESENTATION_STYLE_ASSIGNMENT((#18560));
#18580=CARTESIAN_POINT('',(13.0337497242859,-2.10686651146907,
-2.87500000166513));
#18590=DIRECTION('',(0.5735764363511,-0.819152044288954,0.));
#18600=DIRECTION('',(-0.819152044288954,-0.5735764363511,0.));
#18610=AXIS2_PLACEMENT_3D('',#18580,#18590,#18600);
#18620=PLANE('',#18610);
#18630=ORIENTED_EDGE('',*,*,#18160,.F.);
#18640=CARTESIAN_POINT('',(13.0337497242859,-2.10686651146907,
-2.87500000166513));
#18650=DIRECTION('',(0.,0.,-1.));
#18660=VECTOR('',#18650,1.);
#18670=LINE('',#18640,#18660);
#18680=CARTESIAN_POINT('',(13.0337497242859,-2.10686651146907,
-5.27500000166514));
#18690=VERTEX_POINT('',#18680);
#18700=EDGE_CURVE('',#18150,#18690,#18670,.T.);
#18710=ORIENTED_EDGE('',*,*,#18700,.F.);
#18720=CARTESIAN_POINT('',(16.2700461062239,0.159212611045062,
-5.27500000166514));
#18730=DIRECTION('',(-0.819152044288954,-0.5735764363511,0.));
#18740=VECTOR('',#18730,1.);
#18750=LINE('',#18720,#18740);
#18760=CARTESIAN_POINT('',(15.4000000000015,-0.450000230636421,
-5.27500000166514));
#18770=VERTEX_POINT('',#18760);
#18780=EDGE_CURVE('',#18770,#18690,#18750,.T.);
#18790=ORIENTED_EDGE('',*,*,#18780,.T.);
#18800=CARTESIAN_POINT('',(15.4000000000015,-0.45000023112193,
-8.88178419700125E-15));
#18810=DIRECTION('',(0.,0.,-1.));
#18820=VECTOR('',#18810,1.);
#18830=LINE('',#18800,#18820);
#18840=EDGE_CURVE('',#18130,#18770,#18830,.T.);
#18850=ORIENTED_EDGE('',*,*,#18840,.T.);
#18860=EDGE_LOOP('',(#18850,#18790,#18710,#18630));
#18870=FACE_OUTER_BOUND('',#18860,.T.);
#18880=ADVANCED_FACE('',(#18870),#18620,.F.);
#18890=COLOUR_RGB('',0.823529481887817,0.823529481887817,
0.784313797950745);
#18900=FILL_AREA_STYLE_COLOUR('',#18890);
#18910=FILL_AREA_STYLE('',(#18900));
#18920=SURFACE_STYLE_FILL_AREA(#18910);
#18930=SURFACE_SIDE_STYLE('',(#18920));
#18940=SURFACE_STYLE_USAGE(.BOTH.,#18930);
#18950=PRESENTATION_STYLE_ASSIGNMENT((#18940));
#18960=CARTESIAN_POINT('',(15.4000000006949,-0.450000230636421,
-2.87500000166513));
#18970=DIRECTION('',(0.984807753012219,0.17364817766687,0.));
#18980=DIRECTION('',(0.17364817766687,-0.984807753012219,0.));
#18990=AXIS2_PLACEMENT_3D('',#18960,#18970,#18980);
#19000=PLANE('',#18990);
#19010=CARTESIAN_POINT('',(23.4766730590681,-46.2550893096008,
-2.87500000166513));
#19020=DIRECTION('',(0.17364817766687,-0.984807753012219,0.));
#19030=VECTOR('',#19020,1.);
#19040=LINE('',#19010,#19030);
#19050=CARTESIAN_POINT('',(15.3194096229076,0.00705051374553811,
-2.87500000166513));
#19060=VERTEX_POINT('',#19050);
#19070=EDGE_CURVE('',#19060,#18130,#19040,.T.);
#19080=ORIENTED_EDGE('',*,*,#19070,.F.);
#19090=ORIENTED_EDGE('',*,*,#18840,.F.);
#19100=CARTESIAN_POINT('',(23.4766730590681,-46.2550893096008,
-5.27500000166514));
#19110=DIRECTION('',(0.17364817766687,-0.984807753012219,0.));
#19120=VECTOR('',#19110,1.);
#19130=LINE('',#19100,#19120);
#19140=CARTESIAN_POINT('',(15.3194096229076,0.00705051374553811,
-5.27500000166514));
#19150=VERTEX_POINT('',#19140);
#19160=EDGE_CURVE('',#19150,#18770,#19130,.T.);
#19170=ORIENTED_EDGE('',*,*,#19160,.T.);
#19180=CARTESIAN_POINT('',(15.3194096229075,0.00705051374554344,
-8.88178419700125E-15));
#19190=DIRECTION('',(0.,0.,-1.));
#19200=VECTOR('',#19190,1.);
#19210=LINE('',#19180,#19200);
#19220=EDGE_CURVE('',#19060,#19150,#19210,.T.);
#19230=ORIENTED_EDGE('',*,*,#19220,.T.);
#19240=EDGE_LOOP('',(#19230,#19170,#19090,#19080));
#19250=FACE_OUTER_BOUND('',#19240,.T.);
#19260=ADVANCED_FACE('',(#19250),#19000,.F.);
#19270=COLOUR_RGB('',0.823529481887817,0.823529481887817,
0.784313797950745);
#19280=FILL_AREA_STYLE_COLOUR('',#19270);
#19290=FILL_AREA_STYLE('',(#19280));
#19300=SURFACE_STYLE_FILL_AREA(#19290);
#19310=SURFACE_SIDE_STYLE('',(#19300));
#19320=SURFACE_STYLE_USAGE(.BOTH.,#19310);
#19330=PRESENTATION_STYLE_ASSIGNMENT((#19320));
#19340=CARTESIAN_POINT('',(-2.09999999998526,8.36904738842925,
-5.27500000166514));
#19350=DIRECTION('',(0.,0.,1.));
#19360=DIRECTION('',(1.,0.,0.));
#19370=AXIS2_PLACEMENT_3D('',#19340,#19350,#19360);
#19380=PLANE('',#19370);
#19390=ORIENTED_EDGE('',*,*,#19160,.F.);
#19400=CARTESIAN_POINT('',(15.4000000000015,8.37903992059294,
-5.27500000166514));
#19410=DIRECTION('',(0.,-1.,0.));
#19420=VECTOR('',#19410,1.);
#19430=LINE('',#19400,#19420);
#19440=CARTESIAN_POINT('',(15.4000000000015,-2.30639463083548E-7,
-5.27500000166514));
#19450=VERTEX_POINT('',#19440);
#19460=EDGE_CURVE('',#19450,#18770,#19430,.T.);
#19470=ORIENTED_EDGE('',*,*,#19460,.T.);
#19480=CARTESIAN_POINT('',(-32.9742754795357,4.23220048010017,
-5.27500000166514));
#19490=DIRECTION('',(0.996194698091746,-0.0871557427476591,0.));
#19500=VECTOR('',#19490,1.);
#19510=LINE('',#19480,#19500);
#19520=EDGE_CURVE('',#19150,#19450,#19510,.T.);
#19530=ORIENTED_EDGE('',*,*,#19520,.T.);
#19540=EDGE_LOOP('',(#19530,#19470,#19390));
#19550=FACE_OUTER_BOUND('',#19540,.T.);
#19560=ADVANCED_FACE('',(#19550),#19380,.F.);
#19570=COLOUR_RGB('',0.823529481887817,0.823529481887817,
0.784313797950745);
#19580=FILL_AREA_STYLE_COLOUR('',#19570);
#19590=FILL_AREA_STYLE('',(#19580));
#19600=SURFACE_STYLE_FILL_AREA(#19590);
#19610=SURFACE_SIDE_STYLE('',(#19600));
#19620=SURFACE_STYLE_USAGE(.BOTH.,#19610);
#19630=PRESENTATION_STYLE_ASSIGNMENT((#19620));
#19640=CARTESIAN_POINT('',(-32.9742754795357,4.23220048010017,
-2.87500000166513));
#19650=DIRECTION('',(0.996194698091746,-0.0871557427476591,0.));
#19660=VECTOR('',#19650,1.);
#19670=LINE('',#19640,#19660);
#19680=CARTESIAN_POINT('',(15.4000000000015,-2.30639463083548E-7,
-2.87500000166513));
#19690=VERTEX_POINT('',#19680);
#19700=EDGE_CURVE('',#19060,#19690,#19670,.T.);
#19710=ORIENTED_EDGE('',*,*,#19700,.F.);
#19720=CARTESIAN_POINT('',(15.4000000000015,8.37903992059294,
-2.87500000166513));
#19730=DIRECTION('',(0.,-1.,0.));
#19740=VECTOR('',#19730,1.);
#19750=LINE('',#19720,#19740);
#19760=EDGE_CURVE('',#19690,#18130,#19750,.T.);
#19770=ORIENTED_EDGE('',*,*,#19760,.F.);
#19780=ORIENTED_EDGE('',*,*,#19070,.T.);
#19790=EDGE_LOOP('',(#19780,#19770,#19710));
#19800=FACE_OUTER_BOUND('',#19790,.T.);
#19810=ADVANCED_FACE('',(#19800),#18070,.T.);
#19820=COLOUR_RGB('',0.823529481887817,0.823529481887817,
0.784313797950745);
#19830=FILL_AREA_STYLE_COLOUR('',#19820);
#19840=FILL_AREA_STYLE('',(#19830));
#19850=SURFACE_STYLE_FILL_AREA(#19840);
#19860=SURFACE_SIDE_STYLE('',(#19850));
#19870=SURFACE_STYLE_USAGE(.BOTH.,#19860);
#19880=PRESENTATION_STYLE_ASSIGNMENT((#19870));
#19890=CARTESIAN_POINT('',(29.1023887185469,-46.2550893096008,
-5.27500000166514));
#19900=DIRECTION('',(0.342020143325453,-0.939692620785987,0.));
#19910=VECTOR('',#19900,1.);
#19920=LINE('',#19890,#19910);
#19930=CARTESIAN_POINT('',(13.1429922757581,-2.4070079548817,
-5.27500000166514));
#19940=VERTEX_POINT('',#19930);
#19950=EDGE_CURVE('',#18690,#19940,#19920,.T.);
#19960=ORIENTED_EDGE('',*,*,#19950,.F.);
#19970=CARTESIAN_POINT('',(23.9290401512327,8.37903992059294,
-5.27500000166514));
#19980=DIRECTION('',(-0.707106781186548,-0.707106781186548,0.));
#19990=VECTOR('',#19980,1.);
#20000=LINE('',#19970,#19990);
#20010=CARTESIAN_POINT('',(14.1022758664048,-1.44772436423497,
-5.27500000166514));
#20020=VERTEX_POINT('',#20010);
#20030=EDGE_CURVE('',#20020,#19940,#20000,.T.);
#20040=ORIENTED_EDGE('',*,*,#20030,.T.);
#20050=CARTESIAN_POINT('',(-32.9742754795357,-14.0618482798197,
-5.27500000166514));
#20060=DIRECTION('',(-0.96592582628908,-0.258819045102477,0.));
#20070=VECTOR('',#20060,1.);
#20080=LINE('',#20050,#20070);
#20090=CARTESIAN_POINT('',(15.4000000000015,-1.1000002306394,
-5.27500000166514));
#20100=VERTEX_POINT('',#20090);
#20110=EDGE_CURVE('',#20100,#20020,#20080,.T.);
#20120=ORIENTED_EDGE('',*,*,#20110,.T.);
#20130=CARTESIAN_POINT('',(15.4000000000015,8.37903992059294,
-5.27500000166514));
#20140=DIRECTION('',(0.,-1.,0.));
#20150=VECTOR('',#20140,1.);
#20160=LINE('',#20130,#20150);
#20170=EDGE_CURVE('',#18770,#20100,#20160,.T.);
#20180=ORIENTED_EDGE('',*,*,#20170,.T.);
#20190=ORIENTED_EDGE('',*,*,#18780,.F.);
#20200=EDGE_LOOP('',(#20190,#20180,#20120,#20040,#19960));
#20210=FACE_OUTER_BOUND('',#20200,.T.);
#20220=ADVANCED_FACE('',(#20210),#19380,.F.);
#20230=COLOUR_RGB('',0.823529481887817,0.823529481887817,
0.784313797950745);
#20240=FILL_AREA_STYLE_COLOUR('',#20230);
#20250=FILL_AREA_STYLE('',(#20240));
#20260=SURFACE_STYLE_FILL_AREA(#20250);
#20270=SURFACE_SIDE_STYLE('',(#20260));
#20280=SURFACE_STYLE_USAGE(.BOTH.,#20270);
#20290=PRESENTATION_STYLE_ASSIGNMENT((#20280));
#20300=CARTESIAN_POINT('',(13.1429922757574,-2.40700795488107,
-2.87500000166513));
#20310=DIRECTION('',(0.939692620785987,0.342020143325453,0.));
#20320=DIRECTION('',(0.342020143325453,-0.939692620785987,0.));
#20330=AXIS2_PLACEMENT_3D('',#20300,#20310,#20320);
#20340=PLANE('',#20330);
#20350=ORIENTED_EDGE('',*,*,#18460,.F.);
#20360=CARTESIAN_POINT('',(13.1429922757578,-2.40700795488199,
-8.88178419700125E-15));
#20370=DIRECTION('',(0.,0.,1.));
#20380=VECTOR('',#20370,1.);
#20390=LINE('',#20360,#20380);
#20400=EDGE_CURVE('',#19940,#18390,#20390,.T.);
#20410=ORIENTED_EDGE('',*,*,#20400,.T.);
#20420=ORIENTED_EDGE('',*,*,#19950,.T.);
#20430=ORIENTED_EDGE('',*,*,#18700,.T.);
#20440=EDGE_LOOP('',(#20430,#20420,#20410,#20350));
#20450=FACE_OUTER_BOUND('',#20440,.T.);
#20460=ADVANCED_FACE('',(#20450),#20340,.F.);
#20470=COLOUR_RGB('',0.823529481887817,0.823529481887817,
0.784313797950745);
#20480=FILL_AREA_STYLE_COLOUR('',#20470);
#20490=FILL_AREA_STYLE('',(#20480));
#20500=SURFACE_STYLE_FILL_AREA(#20490);
#20510=SURFACE_SIDE_STYLE('',(#20500));
#20520=SURFACE_STYLE_USAGE(.BOTH.,#20510);
#20530=PRESENTATION_STYLE_ASSIGNMENT((#20520));
#20540=CARTESIAN_POINT('',(14.231685388956,-1.41304918717447,
-1.66683200575335E-9));
#20550=DIRECTION('',(0.258819045102477,-0.96592582628908,0.));
#20560=DIRECTION('',(-0.96592582628908,-0.258819045102477,0.));
#20570=AXIS2_PLACEMENT_3D('',#20540,#20550,#20560);
#20580=PLANE('',#20570);
#20590=CARTESIAN_POINT('',(15.4000000000015,-1.1000002306394,
-1.66683200575335E-9));
#20600=DIRECTION('',(0.,0.,-1.));
#20610=VECTOR('',#20600,1.);
#20620=LINE('',#20590,#20610);
#20630=EDGE_CURVE('',#10620,#18230,#20620,.T.);
#20640=ORIENTED_EDGE('',*,*,#20630,.T.);
#20650=ORIENTED_EDGE('',*,*,#10630,.T.);
#20660=CARTESIAN_POINT('',(14.1022758664048,-1.44772436423496,
-1.66683200575335E-9));
#20670=DIRECTION('',(0.,0.,1.));
#20680=VECTOR('',#20670,1.);
#20690=LINE('',#20660,#20680);
#20700=EDGE_CURVE('',#18310,#10540,#20690,.T.);
#20710=ORIENTED_EDGE('',*,*,#20700,.T.);
#20720=ORIENTED_EDGE('',*,*,#18320,.T.);
#20730=EDGE_LOOP('',(#20720,#20710,#20650,#20640));
#20740=FACE_OUTER_BOUND('',#20730,.T.);
#20750=ADVANCED_FACE('',(#20740),#20580,.F.);
#20760=COLOUR_RGB('',1.,0.839215755462646,0.301960796117783);
#20770=FILL_AREA_STYLE_COLOUR('',#20760);
#20780=FILL_AREA_STYLE('',(#20770));
#20790=SURFACE_STYLE_FILL_AREA(#20780);
#20800=SURFACE_SIDE_STYLE('',(#20790));
#20810=SURFACE_STYLE_USAGE(.BOTH.,#20800);
#20820=PRESENTATION_STYLE_ASSIGNMENT((#20810));
#20830=CARTESIAN_POINT('',(15.4000000000015,-1.1000002306394,
-1.66683200575335E-9));
#20840=DIRECTION('',(1.,0.,0.));
#20850=DIRECTION('',(0.,-1.,0.));
#20860=AXIS2_PLACEMENT_3D('',#20830,#20840,#20850);
#20870=PLANE('',#20860);
#20880=ORIENTED_EDGE('',*,*,#19760,.T.);
#20890=CARTESIAN_POINT('',(15.4000000000015,-2.30639463083548E-7,
-1.66683200575335E-9));
#20900=DIRECTION('',(0.,0.,-1.));
#20910=VECTOR('',#20900,1.);
#20920=LINE('',#20890,#20910);
#20930=EDGE_CURVE('',#10700,#19690,#20920,.T.);
#20940=ORIENTED_EDGE('',*,*,#20930,.T.);
#20950=ORIENTED_EDGE('',*,*,#10710,.T.);
#20960=ORIENTED_EDGE('',*,*,#20630,.F.);
#20970=ORIENTED_EDGE('',*,*,#18240,.T.);
#20980=EDGE_LOOP('',(#20970,#20960,#20950,#20940,#20880));
#20990=FACE_OUTER_BOUND('',#20980,.T.);
#21000=ADVANCED_FACE('',(#20990),#20870,.F.);
#21010=COLOUR_RGB('',1.,0.839215755462646,0.301960796117783);
#21020=FILL_AREA_STYLE_COLOUR('',#21010);
#21030=FILL_AREA_STYLE('',(#21020));
#21040=SURFACE_STYLE_FILL_AREA(#21030);
#21050=SURFACE_SIDE_STYLE('',(#21040));
#21060=SURFACE_STYLE_USAGE(.BOTH.,#21050);
#21070=PRESENTATION_STYLE_ASSIGNMENT((#21060));
#21080=CARTESIAN_POINT('',(15.4000000000015,-2.30639463083548E-7,
-1.66683200575335E-9));
#21090=DIRECTION('',(0.0871557427476591,0.996194698091746,0.));
#21100=DIRECTION('',(0.996194698091746,-0.0871557427476591,0.));
#21110=AXIS2_PLACEMENT_3D('',#21080,#21090,#21100);
#21120=PLANE('',#21110);
#21130=CARTESIAN_POINT('',(-32.9742754795357,4.23220048010017,
-5.27500000166514));
#21140=DIRECTION('',(0.996194698091746,-0.0871557427476591,0.));
#21150=VECTOR('',#21140,1.);
#21160=LINE('',#21130,#21150);
#21170=CARTESIAN_POINT('',(13.1139895394526,0.199999769360243,
-5.27500000166514));
#21180=VERTEX_POINT('',#21170);
#21190=CARTESIAN_POINT('',(13.4460859896212,0.170945094773289,
-5.27500000166514));
#21200=VERTEX_POINT('',#21190);
#21210=EDGE_CURVE('',#21180,#21200,#21160,.T.);
#21220=ORIENTED_EDGE('',*,*,#21210,.F.);
#21230=CARTESIAN_POINT('',(13.4460859896214,0.170945094773273,
-8.88178419700125E-15));
#21240=DIRECTION('',(0.,0.,1.));
#21250=VECTOR('',#21240,1.);
#21260=LINE('',#21230,#21250);
#21270=CARTESIAN_POINT('',(13.4460859896212,0.170945094773289,
-2.87500000166513));
#21280=VERTEX_POINT('',#21270);
#21290=EDGE_CURVE('',#21200,#21280,#21260,.T.);
#21300=ORIENTED_EDGE('',*,*,#21290,.F.);
#21310=CARTESIAN_POINT('',(-32.9742754795357,4.23220048010017,
-2.87500000166513));
#21320=DIRECTION('',(0.996194698091746,-0.0871557427476591,0.));
#21330=VECTOR('',#21320,1.);
#21340=LINE('',#21310,#21330);
#21350=CARTESIAN_POINT('',(13.1139895394526,0.199999769360243,
-2.87500000166513));
#21360=VERTEX_POINT('',#21350);
#21370=EDGE_CURVE('',#21360,#21280,#21340,.T.);
#21380=ORIENTED_EDGE('',*,*,#21370,.T.);
#21390=CARTESIAN_POINT('',(13.1139895394543,0.199999769360096,
-1.66683200575335E-9));
#21400=DIRECTION('',(0.,0.,-1.));
#21410=VECTOR('',#21400,1.);
#21420=LINE('',#21390,#21410);
#21430=EDGE_CURVE('',#10780,#21360,#21420,.T.);
#21440=ORIENTED_EDGE('',*,*,#21430,.T.);
#21450=ORIENTED_EDGE('',*,*,#10790,.T.);
#21460=ORIENTED_EDGE('',*,*,#20930,.F.);
#21470=ORIENTED_EDGE('',*,*,#19700,.T.);
#21480=ORIENTED_EDGE('',*,*,#19220,.F.);
#21490=ORIENTED_EDGE('',*,*,#19520,.F.);
#21500=EDGE_CURVE('',#19450,#210,#20920,.T.);
#21510=ORIENTED_EDGE('',*,*,#21500,.F.);
#21520=ORIENTED_EDGE('',*,*,#220,.F.);
#21530=EDGE_CURVE('',#21180,#110,#21420,.T.);
#21540=ORIENTED_EDGE('',*,*,#21530,.T.);
#21550=EDGE_LOOP('',(#21540,#21520,#21510,#21490,#21480,#21470,#21460,
#21450,#21440,#21380,#21300,#21220));
#21560=FACE_OUTER_BOUND('',#21550,.T.);
#21570=ADVANCED_FACE('',(#21560),#21120,.F.);
#21580=COLOUR_RGB('',1.,0.839215755462646,0.301960796117783);
#21590=FILL_AREA_STYLE_COLOUR('',#21580);
#21600=FILL_AREA_STYLE('',(#21590));
#21610=SURFACE_STYLE_FILL_AREA(#21600);
#21620=SURFACE_SIDE_STYLE('',(#21610));
#21630=SURFACE_STYLE_USAGE(.BOTH.,#21620);
#21640=PRESENTATION_STYLE_ASSIGNMENT((#21630));
#21650=CARTESIAN_POINT('',(-2.09999999998526,8.36904738842925,
-5.27500000166514));
#21660=DIRECTION('',(0.,0.,1.));
#21670=DIRECTION('',(1.,0.,0.));
#21680=AXIS2_PLACEMENT_3D('',#21650,#21660,#21670);
#21690=PLANE('',#21680);
#21700=CARTESIAN_POINT('',(16.2700461062239,-3.15813282253568,
-5.27500000166514));
#21710=DIRECTION('',(-0.866025403784441,0.499999999999996,0.));
#21720=VECTOR('',#21710,1.);
#21730=LINE('',#21700,#21720);
#21740=CARTESIAN_POINT('',(10.8000000000148,-2.30636233666814E-7,
-5.27500000166514));
#21750=VERTEX_POINT('',#21740);
#21760=CARTESIAN_POINT('',(10.4535898385073,0.199999769360096,
-5.27500000166514));
#21770=VERTEX_POINT('',#21760);
#21780=EDGE_CURVE('',#21750,#21770,#21730,.T.);
#21790=ORIENTED_EDGE('',*,*,#21780,.T.);
#21800=CARTESIAN_POINT('',(16.2700461062239,-2.30636233666814E-7,
-5.27500000166514));
#21810=DIRECTION('',(-1.,0.,0.));
#21820=VECTOR('',#21810,1.);
#21830=LINE('',#21800,#21820);
#21840=CARTESIAN_POINT('',(13.1500000006955,-2.30636233666814E-7,
-5.27500000166514));
#21850=VERTEX_POINT('',#21840);
#21860=EDGE_CURVE('',#21850,#21750,#21830,.T.);
#21870=ORIENTED_EDGE('',*,*,#21860,.T.);
#21880=CARTESIAN_POINT('',(16.2700461062239,1.8013592282731,
-5.27500000166514));
#21890=DIRECTION('',(0.866025403784625,0.499999999999678,0.));
#21900=VECTOR('',#21890,1.);
#21910=LINE('',#21880,#21900);
#21920=EDGE_CURVE('',#21850,#21200,#21910,.T.);
#21930=ORIENTED_EDGE('',*,*,#21920,.F.);
#21940=ORIENTED_EDGE('',*,*,#21210,.T.);
#21950=CARTESIAN_POINT('',(-32.9742754795357,0.199999769360096,
-5.27500000166514));
#21960=DIRECTION('',(1.,0.,0.));
#21970=VECTOR('',#21960,1.);
#21980=LINE('',#21950,#21970);
#21990=EDGE_CURVE('',#21770,#21180,#21980,.T.);
#22000=ORIENTED_EDGE('',*,*,#21990,.T.);
#22010=EDGE_LOOP('',(#22000,#21940,#21930,#21870,#21790));
#22020=FACE_OUTER_BOUND('',#22010,.T.);
#22030=ADVANCED_FACE('',(#22020),#21690,.F.);
#22040=COLOUR_RGB('',0.823529481887817,0.823529481887817,
0.784313797950745);
#22050=FILL_AREA_STYLE_COLOUR('',#22040);
#22060=FILL_AREA_STYLE('',(#22050));
#22070=SURFACE_STYLE_FILL_AREA(#22060);
#22080=SURFACE_SIDE_STYLE('',(#22070));
#22090=SURFACE_STYLE_USAGE(.BOTH.,#22080);
#22100=PRESENTATION_STYLE_ASSIGNMENT((#22090));
#22110=CARTESIAN_POINT('',(10.8000000000148,-2.30636233666814E-7,
-2.87500000166513));
#22120=DIRECTION('',(0.499999999999996,0.866025403784441,0.));
#22130=DIRECTION('',(0.866025403784441,-0.499999999999996,0.));
#22140=AXIS2_PLACEMENT_3D('',#22110,#22120,#22130);
#22150=PLANE('',#22140);
#22160=CARTESIAN_POINT('',(16.2700461062239,-3.15813282253568,
-2.87500000166513));
#22170=DIRECTION('',(-0.866025403784441,0.499999999999996,0.));
#22180=VECTOR('',#22170,1.);
#22190=LINE('',#22160,#22180);
#22200=CARTESIAN_POINT('',(10.8000000000148,-2.30636233666814E-7,
-2.87500000166513));
#22210=VERTEX_POINT('',#22200);
#22220=CARTESIAN_POINT('',(10.4535898385073,0.199999769360096,
-2.87500000166513));
#22230=VERTEX_POINT('',#22220);
#22240=EDGE_CURVE('',#22210,#22230,#22190,.T.);
#22250=ORIENTED_EDGE('',*,*,#22240,.T.);
#22260=CARTESIAN_POINT('',(10.8000000000148,-2.30636233666814E-7,
-2.87500000166513));
#22270=DIRECTION('',(0.,0.,-1.));
#22280=VECTOR('',#22270,1.);
#22290=LINE('',#22260,#22280);
#22300=EDGE_CURVE('',#22210,#21750,#22290,.T.);
#22310=ORIENTED_EDGE('',*,*,#22300,.F.);
#22320=ORIENTED_EDGE('',*,*,#21780,.F.);
#22330=CARTESIAN_POINT('',(10.4535898385074,0.199999769360094,
-8.88178419700125E-15));
#22340=DIRECTION('',(0.,0.,-1.));
#22350=VECTOR('',#22340,1.);
#22360=LINE('',#22330,#22350);
#22370=EDGE_CURVE('',#22230,#21770,#22360,.T.);
#22380=ORIENTED_EDGE('',*,*,#22370,.T.);
#22390=EDGE_LOOP('',(#22380,#22320,#22310,#22250));
#22400=FACE_OUTER_BOUND('',#22390,.T.);
#22410=ADVANCED_FACE('',(#22400),#22150,.F.);
#22420=COLOUR_RGB('',0.823529481887817,0.823529481887817,
0.784313797950745);
#22430=FILL_AREA_STYLE_COLOUR('',#22420);
#22440=FILL_AREA_STYLE('',(#22430));
#22450=SURFACE_STYLE_FILL_AREA(#22440);
#22460=SURFACE_SIDE_STYLE('',(#22450));
#22470=SURFACE_STYLE_USAGE(.BOTH.,#22460);
#22480=PRESENTATION_STYLE_ASSIGNMENT((#22470));
#22490=CARTESIAN_POINT('',(-2.09999999998526,8.36904738842925,
-2.87500000166513));
#22500=DIRECTION('',(0.,0.,1.));
#22510=DIRECTION('',(1.,0.,0.));
#22520=AXIS2_PLACEMENT_3D('',#22490,#22500,#22510);
#22530=PLANE('',#22520);
#22540=CARTESIAN_POINT('',(-32.9742754795357,0.199999769360096,
-2.87500000166513));
#22550=DIRECTION('',(1.,0.,0.));
#22560=VECTOR('',#22550,1.);
#22570=LINE('',#22540,#22560);
#22580=EDGE_CURVE('',#22230,#21360,#22570,.T.);
#22590=ORIENTED_EDGE('',*,*,#22580,.F.);
#22600=ORIENTED_EDGE('',*,*,#21370,.F.);
#22610=CARTESIAN_POINT('',(16.2700461062239,1.8013592282731,
-2.87500000166513));
#22620=DIRECTION('',(0.866025403784625,0.499999999999678,0.));
#22630=VECTOR('',#22620,1.);
#22640=LINE('',#22610,#22630);
#22650=CARTESIAN_POINT('',(13.1500000006955,-2.30636233666814E-7,
-2.87500000166513));
#22660=VERTEX_POINT('',#22650);
#22670=EDGE_CURVE('',#22660,#21280,#22640,.T.);
#22680=ORIENTED_EDGE('',*,*,#22670,.T.);
#22690=CARTESIAN_POINT('',(16.2700461062239,-2.30636233666814E-7,
-2.87500000166513));
#22700=DIRECTION('',(-1.,0.,0.));
#22710=VECTOR('',#22700,1.);
#22720=LINE('',#22690,#22710);
#22730=EDGE_CURVE('',#22660,#22210,#22720,.T.);
#22740=ORIENTED_EDGE('',*,*,#22730,.F.);
#22750=ORIENTED_EDGE('',*,*,#22240,.F.);
#22760=EDGE_LOOP('',(#22750,#22740,#22680,#22600,#22590));
#22770=FACE_OUTER_BOUND('',#22760,.T.);
#22780=ADVANCED_FACE('',(#22770),#22530,.T.);
#22790=COLOUR_RGB('',0.823529481887817,0.823529481887817,
0.784313797950745);
#22800=FILL_AREA_STYLE_COLOUR('',#22790);
#22810=FILL_AREA_STYLE('',(#22800));
#22820=SURFACE_STYLE_FILL_AREA(#22810);
#22830=SURFACE_SIDE_STYLE('',(#22820));
#22840=SURFACE_STYLE_USAGE(.BOTH.,#22830);
#22850=PRESENTATION_STYLE_ASSIGNMENT((#22840));
#22860=CARTESIAN_POINT('',(13.4460859896212,0.170945094773169,
-2.87500000166513));
#22870=DIRECTION('',(-0.499999999999678,0.866025403784625,0.));
#22880=DIRECTION('',(0.866025403784625,0.499999999999678,0.));
#22890=AXIS2_PLACEMENT_3D('',#22860,#22870,#22880);
#22900=PLANE('',#22890);
#22910=ORIENTED_EDGE('',*,*,#22670,.F.);
#22920=ORIENTED_EDGE('',*,*,#21290,.T.);
#22930=ORIENTED_EDGE('',*,*,#21920,.T.);
#22940=CARTESIAN_POINT('',(13.1500000006955,-2.30636233666814E-7,
-2.87500000166513));
#22950=DIRECTION('',(0.,0.,-1.));
#22960=VECTOR('',#22950,1.);
#22970=LINE('',#22940,#22960);
#22980=EDGE_CURVE('',#22660,#21850,#22970,.T.);
#22990=ORIENTED_EDGE('',*,*,#22980,.T.);
#23000=EDGE_LOOP('',(#22990,#22930,#22920,#22910));
#23010=FACE_OUTER_BOUND('',#23000,.T.);
#23020=ADVANCED_FACE('',(#23010),#22900,.F.);
#23030=COLOUR_RGB('',0.823529481887817,0.823529481887817,
0.784313797950745);
#23040=FILL_AREA_STYLE_COLOUR('',#23030);
#23050=FILL_AREA_STYLE('',(#23040));
#23060=SURFACE_STYLE_FILL_AREA(#23050);
#23070=SURFACE_SIDE_STYLE('',(#23060));
#23080=SURFACE_STYLE_USAGE(.BOTH.,#23070);
#23090=PRESENTATION_STYLE_ASSIGNMENT((#23080));
#23100=CARTESIAN_POINT('',(13.1500000006955,-2.30636233666814E-7,
-2.87500000166513));
#23110=DIRECTION('',(-0.,1.,0.));
#23120=DIRECTION('',(1.,0.,0.));
#23130=AXIS2_PLACEMENT_3D('',#23100,#23110,#23120);
#23140=PLANE('',#23130);
#23150=ORIENTED_EDGE('',*,*,#22730,.T.);
#23160=ORIENTED_EDGE('',*,*,#22980,.F.);
#23170=ORIENTED_EDGE('',*,*,#21860,.F.);
#23180=ORIENTED_EDGE('',*,*,#22300,.T.);
#23190=EDGE_LOOP('',(#23180,#23170,#23160,#23150));
#23200=FACE_OUTER_BOUND('',#23190,.T.);
#23210=ADVANCED_FACE('',(#23200),#23140,.F.);
#23220=COLOUR_RGB('',0.823529481887817,0.823529481887817,
0.784313797950745);
#23230=FILL_AREA_STYLE_COLOUR('',#23220);
#23240=FILL_AREA_STYLE('',(#23230));
#23250=SURFACE_STYLE_FILL_AREA(#23240);
#23260=SURFACE_SIDE_STYLE('',(#23250));
#23270=SURFACE_STYLE_USAGE(.BOTH.,#23260);
#23280=PRESENTATION_STYLE_ASSIGNMENT((#23270));
#23290=CARTESIAN_POINT('',(13.1139895394543,0.199999769360096,
-1.66683200575335E-9));
#23300=DIRECTION('',(-0.,1.,0.));
#23310=DIRECTION('',(1.,0.,0.));
#23320=AXIS2_PLACEMENT_3D('',#23290,#23300,#23310);
#23330=PLANE('',#23320);
#23340=ORIENTED_EDGE('',*,*,#10850,.T.);
#23350=ORIENTED_EDGE('',*,*,#21430,.F.);
#23360=ORIENTED_EDGE('',*,*,#22580,.T.);
#23370=ORIENTED_EDGE('',*,*,#22370,.F.);
#23380=ORIENTED_EDGE('',*,*,#21990,.F.);
#23390=ORIENTED_EDGE('',*,*,#21530,.F.);
#23400=ORIENTED_EDGE('',*,*,#140,.F.);
#23410=CARTESIAN_POINT('',(7.70000000000148,0.19999976936014,
-1.66683200575335E-9));
#23420=DIRECTION('',(0.,0.,-1.));
#23430=VECTOR('',#23420,1.);
#23440=LINE('',#23410,#23430);
#23450=EDGE_CURVE('',#5530,#130,#23440,.T.);
#23460=ORIENTED_EDGE('',*,*,#23450,.T.);
#23470=EDGE_LOOP('',(#23460,#23400,#23390,#23380,#23370,#23360,#23350,
#23340));
#23480=FACE_OUTER_BOUND('',#23470,.T.);
#23490=ADVANCED_FACE('',(#23480),#23330,.F.);
#23500=COLOUR_RGB('',1.,0.839215755462646,0.301960796117783);
#23510=FILL_AREA_STYLE_COLOUR('',#23500);
#23520=FILL_AREA_STYLE('',(#23510));
#23530=SURFACE_STYLE_FILL_AREA(#23520);
#23540=SURFACE_SIDE_STYLE('',(#23530));
#23550=SURFACE_STYLE_USAGE(.BOTH.,#23540);
#23560=PRESENTATION_STYLE_ASSIGNMENT((#23550));
#23570=CARTESIAN_POINT('',(7.70000000000148,0.19999976936014,
-1.66683200575335E-9));
#23580=DIRECTION('',(-1.,-0.,-0.));
#23590=DIRECTION('',(0.,0.,-1.));
#23600=AXIS2_PLACEMENT_3D('',#23570,#23580,#23590);
#23610=PLANE('',#23600);
#23620=ORIENTED_EDGE('',*,*,#23450,.F.);
#23630=ORIENTED_EDGE('',*,*,#5290,.T.);
#23640=CARTESIAN_POINT('',(7.70000000000148,-2.30640205600707E-7,
-1.66683200575335E-9));
#23650=DIRECTION('',(0.,0.,-1.));
#23660=VECTOR('',#23650,1.);
#23670=LINE('',#23640,#23660);
#23680=EDGE_CURVE('',#5510,#5220,#23670,.T.);
#23690=ORIENTED_EDGE('',*,*,#23680,.T.);
#23700=ORIENTED_EDGE('',*,*,#5540,.F.);
#23710=EDGE_LOOP('',(#23700,#23690,#23630,#23620));
#23720=FACE_OUTER_BOUND('',#23710,.T.);
#23730=ADVANCED_FACE('',(#23720),#23610,.F.);
#23740=COLOUR_RGB('',1.,0.839215755462646,0.301960796117783);
#23750=FILL_AREA_STYLE_COLOUR('',#23740);
#23760=FILL_AREA_STYLE('',(#23750));
#23770=SURFACE_STYLE_FILL_AREA(#23760);
#23780=SURFACE_SIDE_STYLE('',(#23770));
#23790=SURFACE_STYLE_USAGE(.BOTH.,#23780);
#23800=PRESENTATION_STYLE_ASSIGNMENT((#23790));
#23810=CARTESIAN_POINT('',(7.50000000000148,-2.30640205600707E-7,
-1.66683200575335E-9));
#23820=DIRECTION('',(-2.71926214689131E-32,1.,0.));
#23830=DIRECTION('',(1.,2.71926214689131E-32,0.));
#23840=AXIS2_PLACEMENT_3D('',#23810,#23820,#23830);
#23850=PLANE('',#23840);
#23860=ORIENTED_EDGE('',*,*,#23680,.F.);
#23870=ORIENTED_EDGE('',*,*,#5230,.F.);
#23880=ORIENTED_EDGE('',*,*,#13850,.F.);
#23890=ORIENTED_EDGE('',*,*,#5620,.T.);
#23900=EDGE_LOOP('',(#23890,#23880,#23870,#23860));
#23910=FACE_OUTER_BOUND('',#23900,.T.);
#23920=ADVANCED_FACE('',(#23910),#23850,.F.);
#23930=COLOUR_RGB('',1.,0.839215755462646,0.301960796117783);
#23940=FILL_AREA_STYLE_COLOUR('',#23930);
#23950=FILL_AREA_STYLE('',(#23940));
#23960=SURFACE_STYLE_FILL_AREA(#23950);
#23970=SURFACE_SIDE_STYLE('',(#23960));
#23980=SURFACE_STYLE_USAGE(.BOTH.,#23970);
#23990=PRESENTATION_STYLE_ASSIGNMENT((#23980));
#24000=CARTESIAN_POINT('',(19.7000000000011,30.3857862070012,
-1.66683200575335E-9));
#24010=DIRECTION('',(-1.,0.,0.));
#24020=DIRECTION('',(0.,1.,0.));
#24030=AXIS2_PLACEMENT_3D('',#24000,#24010,#24020);
#24040=PLANE('',#24030);
#24050=ORIENTED_EDGE('',*,*,#9730,.T.);
#24060=CARTESIAN_POINT('',(19.7000000000005,30.7999997693785,
-1.66683200575335E-9));
#24070=DIRECTION('',(-1.45325078413767E-13,1.45325078413898E-13,-1.));
#24080=VECTOR('',#24070,1.);
#24090=LINE('',#24060,#24080);
#24100=EDGE_CURVE('',#9640,#1270,#24090,.T.);
#24110=ORIENTED_EDGE('',*,*,#24100,.F.);
#24120=ORIENTED_EDGE('',*,*,#1280,.F.);
#24130=CARTESIAN_POINT('',(19.7000000000005,29.5999997693797,
-1.66683200575335E-9));
#24140=DIRECTION('',(1.45325078413767E-13,2.07545721066263E-13,1.));
#24150=VECTOR('',#24140,1.);
#24160=LINE('',#24130,#24150);
#24170=EDGE_CURVE('',#1190,#9720,#24160,.T.);
#24180=ORIENTED_EDGE('',*,*,#24170,.F.);
#24190=EDGE_LOOP('',(#24180,#24120,#24110,#24050));
#24200=FACE_OUTER_BOUND('',#24190,.T.);
#24210=ADVANCED_FACE('',(#24200),#24040,.F.);
#24220=COLOUR_RGB('',1.,0.839215755462646,0.301960796117783);
#24230=FILL_AREA_STYLE_COLOUR('',#24220);
#24240=FILL_AREA_STYLE('',(#24230));
#24250=SURFACE_STYLE_FILL_AREA(#24240);
#24260=SURFACE_SIDE_STYLE('',(#24250));
#24270=SURFACE_STYLE_USAGE(.BOTH.,#24260);
#24280=PRESENTATION_STYLE_ASSIGNMENT((#24270));
#24290=CARTESIAN_POINT('',(19.5191520442902,29.3417221219086,
-1.66683200575335E-9));
#24300=DIRECTION('',(-0.819152044288992,0.573576436351046,0.));
#24310=DIRECTION('',(0.573576436351046,0.819152044288992,0.));
#24320=AXIS2_PLACEMENT_3D('',#24290,#24300,#24310);
#24330=PLANE('',#24320);
#24340=CARTESIAN_POINT('',(-0.606018608093819,0.599999769361473,
-7.40000000163902));
#24350=DIRECTION('',(0.573576436351046,0.819152044288992,0.));
#24360=VECTOR('',#24350,1.);
#24370=LINE('',#24340,#24360);
#24380=CARTESIAN_POINT('',(18.9159356899788,28.4802398878587,
-7.40000000163902));
#24390=VERTEX_POINT('',#24380);
#24400=CARTESIAN_POINT('',(19.5054790530769,29.3221950667611,
-7.40000000163902));
#24410=VERTEX_POINT('',#24400);
#24420=EDGE_CURVE('',#24390,#24410,#24370,.T.);
#24430=ORIENTED_EDGE('',*,*,#24420,.F.);
#24440=CARTESIAN_POINT('',(19.5054790530769,29.3221950667611,
-1.66683200575335E-9));
#24450=DIRECTION('',(0.,0.,1.));
#24460=VECTOR('',#24450,1.);
#24470=LINE('',#24440,#24460);
#24480=CARTESIAN_POINT('',(19.5054790530769,29.3221950667611,
-0.750000001639023));
#24490=VERTEX_POINT('',#24480);
#24500=EDGE_CURVE('',#24410,#24490,#24470,.T.);
#24510=ORIENTED_EDGE('',*,*,#24500,.F.);
#24520=CARTESIAN_POINT('',(-0.606018608093819,0.599999769361473,
-0.750000001639023));
#24530=DIRECTION('',(0.573576436351046,0.819152044288992,0.));
#24540=VECTOR('',#24530,1.);
#24550=LINE('',#24520,#24540);
#24560=CARTESIAN_POINT('',(18.9159356899775,28.4802398878582,
-0.750000001639023));
#24570=VERTEX_POINT('',#24560);
#24580=EDGE_CURVE('',#24570,#24490,#24550,.T.);
#24590=ORIENTED_EDGE('',*,*,#24580,.T.);
#24600=CARTESIAN_POINT('',(18.9159356899775,28.4802398878582,
2.99836199424419E-6));
#24610=DIRECTION('',(0.,0.,-1.));
#24620=VECTOR('',#24610,1.);
#24630=LINE('',#24600,#24620);
#24640=EDGE_CURVE('',#9800,#24570,#24630,.T.);
#24650=ORIENTED_EDGE('',*,*,#24640,.T.);
#24660=ORIENTED_EDGE('',*,*,#9810,.F.);
#24670=ORIENTED_EDGE('',*,*,#24170,.T.);
#24680=ORIENTED_EDGE('',*,*,#1200,.T.);
#24690=CARTESIAN_POINT('',(18.9159356899788,28.4802398878587,
-8.15000300163903));
#24700=DIRECTION('',(0.,0.,1.));
#24710=VECTOR('',#24700,1.);
#24720=LINE('',#24690,#24710);
#24730=EDGE_CURVE('',#1110,#24390,#24720,.T.);
#24740=ORIENTED_EDGE('',*,*,#24730,.F.);
#24750=EDGE_LOOP('',(#24740,#24680,#24670,#24660,#24650,#24590,#24510,
#24430));
#24760=FACE_OUTER_BOUND('',#24750,.T.);
#24770=ADVANCED_FACE('',(#24760),#24330,.F.);
#24780=COLOUR_RGB('',1.,0.839215755462646,0.301960796117783);
#24790=FILL_AREA_STYLE_COLOUR('',#24780);
#24800=FILL_AREA_STYLE('',(#24790));
#24810=SURFACE_STYLE_FILL_AREA(#24800);
#24820=SURFACE_SIDE_STYLE('',(#24810));
#24830=SURFACE_STYLE_USAGE(.BOTH.,#24820);
#24840=PRESENTATION_STYLE_ASSIGNMENT((#24830));
#24850=CARTESIAN_POINT('',(24.6500000000014,24.4652048334008,
-1.66683200575335E-9));
#24860=DIRECTION('',(0.,0.,1.));
#24870=DIRECTION('',(1.,0.,0.));
#24880=AXIS2_PLACEMENT_3D('',#24850,#24860,#24870);
#24890=CYLINDRICAL_SURFACE('',#24880,7.);
#24900=CARTESIAN_POINT('',(24.6500000000014,24.4652048334008,
-7.40000000163902));
#24910=DIRECTION('',(0.,0.,1.));
#24920=DIRECTION('',(1.,0.,0.));
#24930=AXIS2_PLACEMENT_3D('',#24900,#24910,#24920);
#24940=CIRCLE('',#24930,7.);
#24950=CARTESIAN_POINT('',(17.6500000000004,24.4652048334008,
-7.40000000163902));
#24960=VERTEX_POINT('',#24950);
#24970=EDGE_CURVE('',#24390,#24960,#24940,.T.);
#24980=ORIENTED_EDGE('',*,*,#24970,.T.);
#24990=ORIENTED_EDGE('',*,*,#24730,.T.);
#25000=ORIENTED_EDGE('',*,*,#1120,.F.);
#25010=CARTESIAN_POINT('',(17.6500000000004,24.4652048334008,
-7.39999700163902));
#25020=DIRECTION('',(0.,0.,-1.));
#25030=VECTOR('',#25020,1.);
#25040=LINE('',#25010,#25030);
#25050=EDGE_CURVE('',#24960,#1020,#25040,.T.);
#25060=ORIENTED_EDGE('',*,*,#25050,.T.);
#25070=EDGE_LOOP('',(#25060,#25000,#24990,#24980));
#25080=FACE_OUTER_BOUND('',#25070,.T.);
#25090=ADVANCED_FACE('',(#25080),#24890,.F.);
#25100=COLOUR_RGB('',1.,0.839215755462646,0.301960796117783);
#25110=FILL_AREA_STYLE_COLOUR('',#25100);
#25120=FILL_AREA_STYLE('',(#25110));
#25130=SURFACE_STYLE_FILL_AREA(#25120);
#25140=SURFACE_SIDE_STYLE('',(#25130));
#25150=SURFACE_STYLE_USAGE(.BOTH.,#25140);
#25160=PRESENTATION_STYLE_ASSIGNMENT((#25150));
#25170=CARTESIAN_POINT('',(17.6500000000014,24.4652048334008,
-1.66683200575335E-9));
#25180=DIRECTION('',(-1.,-8.00094898427962E-17,-0.));
#25190=DIRECTION('',(-8.00094898427962E-17,1.,0.));
#25200=AXIS2_PLACEMENT_3D('',#25170,#25180,#25190);
#25210=PLANE('',#25200);
#25220=CARTESIAN_POINT('',(17.6500000000014,0.599999769361473,
-7.40000000163902));
#25230=DIRECTION('',(-8.00094898427962E-17,1.,0.));
#25240=VECTOR('',#25230,1.);
#25250=LINE('',#25220,#25240);
#25260=CARTESIAN_POINT('',(17.649999999994,22.0999999999848,
-7.40000000163902));
#25270=VERTEX_POINT('',#25260);
#25280=EDGE_CURVE('',#25270,#24960,#25250,.T.);
#25290=ORIENTED_EDGE('',*,*,#25280,.F.);
#25300=ORIENTED_EDGE('',*,*,#25050,.F.);
#25310=ORIENTED_EDGE('',*,*,#1030,.F.);
#25320=CARTESIAN_POINT('',(17.649999999994,22.0999999999848,
2.99836097639172E-6));
#25330=DIRECTION('',(0.,0.,-1.));
#25340=VECTOR('',#25330,1.);
#25350=LINE('',#25320,#25340);
#25360=EDGE_CURVE('',#25270,#940,#25350,.T.);
#25370=ORIENTED_EDGE('',*,*,#25360,.T.);
#25380=EDGE_LOOP('',(#25370,#25310,#25300,#25290));
#25390=FACE_OUTER_BOUND('',#25380,.T.);
#25400=ADVANCED_FACE('',(#25390),#25210,.F.);
#25410=COLOUR_RGB('',1.,0.839215755462646,0.301960796117783);
#25420=FILL_AREA_STYLE_COLOUR('',#25410);
#25430=FILL_AREA_STYLE('',(#25420));
#25440=SURFACE_STYLE_FILL_AREA(#25430);
#25450=SURFACE_SIDE_STYLE('',(#25440));
#25460=SURFACE_STYLE_USAGE(.BOTH.,#25450);
#25470=PRESENTATION_STYLE_ASSIGNMENT((#25460));
#25480=CARTESIAN_POINT('',(17.6500000000014,24.4652048334008,
-8.15000300163903));
#25490=DIRECTION('',(0.,0.,1.));
#25500=VECTOR('',#25490,1.);
#25510=LINE('',#25480,#25500);
#25520=CARTESIAN_POINT('',(17.6500000000014,24.4652048334008,
-0.750000001639023));
#25530=VERTEX_POINT('',#25520);
#25540=EDGE_CURVE('',#25530,#9890,#25510,.T.);
#25550=ORIENTED_EDGE('',*,*,#25540,.F.);
#25560=ORIENTED_EDGE('',*,*,#9900,.T.);
#25570=ORIENTED_EDGE('',*,*,#24640,.F.);
#25580=CARTESIAN_POINT('',(24.6500000000014,24.4652048334008,
-0.750000001639023));
#25590=DIRECTION('',(0.,0.,1.));
#25600=DIRECTION('',(1.,0.,0.));
#25610=AXIS2_PLACEMENT_3D('',#25580,#25590,#25600);
#25620=CIRCLE('',#25610,7.);
#25630=EDGE_CURVE('',#24570,#25530,#25620,.T.);
#25640=ORIENTED_EDGE('',*,*,#25630,.F.);
#25650=EDGE_LOOP('',(#25640,#25570,#25560,#25550));
#25660=FACE_OUTER_BOUND('',#25650,.T.);
#25670=ADVANCED_FACE('',(#25660),#24890,.F.);
#25680=COLOUR_RGB('',1.,0.839215755462646,0.301960796117783);
#25690=FILL_AREA_STYLE_COLOUR('',#25680);
#25700=FILL_AREA_STYLE('',(#25690));
#25710=SURFACE_STYLE_FILL_AREA(#25700);
#25720=SURFACE_SIDE_STYLE('',(#25710));
#25730=SURFACE_STYLE_USAGE(.BOTH.,#25720);
#25740=PRESENTATION_STYLE_ASSIGNMENT((#25730));
#25750=CARTESIAN_POINT('',(13.7479529999846,17.506811000001,
-7.40000000163902));
#25760=DIRECTION('',(0.,0.,1.));
#25770=DIRECTION('',(1.,0.,0.));
#25780=AXIS2_PLACEMENT_3D('',#25750,#25760,#25770);
#25790=PLANE('',#25780);
#25800=ORIENTED_EDGE('',*,*,#24420,.T.);
#25810=ORIENTED_EDGE('',*,*,#24970,.F.);
#25820=ORIENTED_EDGE('',*,*,#25280,.T.);
#25830=CARTESIAN_POINT('',(42.649999999994,22.0999999999848,
-7.40000000163902));
#25840=DIRECTION('',(0.,0.,1.));
#25850=DIRECTION('',(1.,0.,0.));
#25860=AXIS2_PLACEMENT_3D('',#25830,#25840,#25850);
#25870=CIRCLE('',#25860,25.);
#25880=CARTESIAN_POINT('',(20.008445391033,11.499999769351,
-7.40000000163902));
#25890=VERTEX_POINT('',#25880);
#25900=EDGE_CURVE('',#25270,#25890,#25870,.T.);
#25910=ORIENTED_EDGE('',*,*,#25900,.F.);
#25920=CARTESIAN_POINT('',(28.7742754795362,7.80473134896971,
-7.40000000163902));
#25930=DIRECTION('',(-0.921470147258837,0.388449182919436,0.));
#25940=VECTOR('',#25930,1.);
#25950=LINE('',#25920,#25940);
#25960=CARTESIAN_POINT('',(14.2210741821198,13.9396877223915,
-7.40000000163902));
#25970=VERTEX_POINT('',#25960);
#25980=EDGE_CURVE('',#25890,#25970,#25950,.T.);
#25990=ORIENTED_EDGE('',*,*,#25980,.F.);
#26000=CARTESIAN_POINT('',(18.153045950512,8.37903992059295,
-7.40000000163902));
#26010=DIRECTION('',(0.577350269184772,-0.816496580931159,0.));
#26020=VECTOR('',#26010,1.);
#26030=LINE('',#26000,#26020);
#26040=CARTESIAN_POINT('',(13.0999999999477,15.5251260352656,
-7.40000000163902));
#26050=VERTEX_POINT('',#26040);
#26060=EDGE_CURVE('',#26050,#25970,#26030,.T.);
#26070=ORIENTED_EDGE('',*,*,#26060,.T.);
#26080=CARTESIAN_POINT('',(13.0999999999477,8.37903992059295,
-7.40000000163902));
#26090=DIRECTION('',(0.,-1.,0.));
#26100=VECTOR('',#26090,1.);
#26110=LINE('',#26080,#26100);
#26120=CARTESIAN_POINT('',(13.0999999999871,21.0437738467211,
-7.40000000163902));
#26130=VERTEX_POINT('',#26120);
#26140=EDGE_CURVE('',#26130,#26050,#26110,.T.);
#26150=ORIENTED_EDGE('',*,*,#26140,.T.);
#26160=CARTESIAN_POINT('',(3.30058466214595,8.37903992059295,
-7.40000000163902));
#26170=DIRECTION('',(0.611956859996264,0.790891143902568,0.));
#26180=VECTOR('',#26170,1.);
#26190=LINE('',#26160,#26180);
#26200=EDGE_CURVE('',#26130,#24410,#26190,.T.);
#26210=ORIENTED_EDGE('',*,*,#26200,.F.);
#26220=EDGE_LOOP('',(#26210,#26150,#26070,#25990,#25910,#25820,#25810,
#25800));
#26230=FACE_OUTER_BOUND('',#26220,.T.);
#26240=ADVANCED_FACE('',(#26230),#25790,.T.);
#26250=COLOUR_RGB('',0.313725501298904,0.784313797950745,
0.313725501298904);
#26260=FILL_AREA_STYLE_COLOUR('',#26250);
#26270=FILL_AREA_STYLE('',(#26260));
#26280=SURFACE_STYLE_FILL_AREA(#26270);
#26290=SURFACE_SIDE_STYLE('',(#26280));
#26300=SURFACE_STYLE_USAGE(.BOTH.,#26290);
#26310=PRESENTATION_STYLE_ASSIGNMENT((#26300));
#26320=CARTESIAN_POINT('',(2.47500000000326,19.8157104932044,
-5.65000000163903));
#26330=DIRECTION('',(-0.,1.,0.));
#26340=DIRECTION('',(1.,0.,0.));
#26350=AXIS2_PLACEMENT_3D('',#26320,#26330,#26340);
#26360=PLANE('',#26350);
#26370=CARTESIAN_POINT('',(-5.12638860322072,19.8157104932044,
-5.65000000163902));
#26380=DIRECTION('',(-1.,0.,0.));
#26390=VECTOR('',#26380,1.);
#26400=LINE('',#26370,#26390);
#26410=CARTESIAN_POINT('',(11.3499999999477,19.8157104932044,
-5.65000000163902));
#26420=VERTEX_POINT('',#26410);
#26430=CARTESIAN_POINT('',(2.47500000000326,19.8157104932044,
-5.65000000163902));
#26440=VERTEX_POINT('',#26430);
#26450=EDGE_CURVE('',#26420,#26440,#26400,.T.);
#26460=ORIENTED_EDGE('',*,*,#26450,.F.);
#26470=CARTESIAN_POINT('',(2.47500000000326,19.8157104932044,
-5.65000000163903));
#26480=DIRECTION('',(0.,0.,1.));
#26490=VECTOR('',#26480,1.);
#26500=LINE('',#26470,#26490);
#26510=CARTESIAN_POINT('',(2.47500000000326,19.8157104932044,
-1.25000000166676));
#26520=VERTEX_POINT('',#26510);
#26530=EDGE_CURVE('',#26440,#26520,#26500,.T.);
#26540=ORIENTED_EDGE('',*,*,#26530,.F.);
#26550=CARTESIAN_POINT('',(-5.12638860322072,19.8157104932044,
-1.25000000166676));
#26560=DIRECTION('',(1.,0.,0.));
#26570=VECTOR('',#26560,1.);
#26580=LINE('',#26550,#26570);
#26590=CARTESIAN_POINT('',(11.7499999999755,19.8157104932044,
-1.25000000166676));
#26600=VERTEX_POINT('',#26590);
#26610=EDGE_CURVE('',#26520,#26600,#26580,.T.);
#26620=ORIENTED_EDGE('',*,*,#26610,.F.);
#26630=CARTESIAN_POINT('',(-5.12638860322072,19.8157104932044,
-18.126388604863));
#26640=DIRECTION('',(0.707106781186548,0.,0.707106781186547));
#26650=VECTOR('',#26640,1.);
#26660=LINE('',#26630,#26650);
#26670=CARTESIAN_POINT('',(12.1497784688845,19.8157104932044,
-0.850221532757763));
#26680=VERTEX_POINT('',#26670);
#26690=EDGE_CURVE('',#26600,#26680,#26660,.T.);
#26700=ORIENTED_EDGE('',*,*,#26690,.F.);
#26710=CARTESIAN_POINT('',(12.1497784688845,19.8157104932044,
1.77635683940025E-15));
#26720=DIRECTION('',(0.,0.,-1.));
#26730=VECTOR('',#26720,1.);
#26740=LINE('',#26710,#26730);
#26750=CARTESIAN_POINT('',(12.1497784688845,19.8157104932044,
-6.44977847057576));
#26760=VERTEX_POINT('',#26750);
#26770=EDGE_CURVE('',#26680,#26760,#26740,.T.);
#26780=ORIENTED_EDGE('',*,*,#26770,.F.);
#26790=CARTESIAN_POINT('',(-5.12638860322072,19.8157104932044,
10.8263886015294));
#26800=DIRECTION('',(-0.707106781186548,0.,0.707106781186547));
#26810=VECTOR('',#26800,1.);
#26820=LINE('',#26790,#26810);
#26830=EDGE_CURVE('',#26760,#26420,#26820,.T.);
#26840=ORIENTED_EDGE('',*,*,#26830,.F.);
#26850=EDGE_LOOP('',(#26840,#26780,#26700,#26620,#26540,#26460));
#26860=FACE_OUTER_BOUND('',#26850,.T.);
#26870=ADVANCED_FACE('',(#26860),#26360,.F.);
#26880=COLOUR_RGB('',0.823529481887817,0.823529481887817,
0.784313797950745);
#26890=FILL_AREA_STYLE_COLOUR('',#26880);
#26900=FILL_AREA_STYLE('',(#26890));
#26910=SURFACE_STYLE_FILL_AREA(#26900);
#26920=SURFACE_SIDE_STYLE('',(#26910));
#26930=SURFACE_STYLE_USAGE(.BOTH.,#26920);
#26940=PRESENTATION_STYLE_ASSIGNMENT((#26930));
#26950=CARTESIAN_POINT('',(2.47500000000326,8.49999976936559,
-1.64999999999901));
#26960=DIRECTION('',(1.,0.,1.22464679914735E-16));
#26970=DIRECTION('',(-1.38383250655425E-28,-1.,1.12998499446348E-12));
#26980=AXIS2_PLACEMENT_3D('',#26950,#26960,#26970);
#26990=PLANE('',#26980);
#27000=ORIENTED_EDGE('',*,*,#26530,.T.);
#27010=CARTESIAN_POINT('',(2.47500000000326,0.599999769361473,
-5.65000000163902));
#27020=DIRECTION('',(0.,1.,0.));
#27030=VECTOR('',#27020,1.);
#27040=LINE('',#27010,#27030);
#27050=CARTESIAN_POINT('',(2.47500000000326,16.2499997693663,
-5.65000000163902));
#27060=VERTEX_POINT('',#27050);
#27070=EDGE_CURVE('',#27060,#26440,#27040,.T.);
#27080=ORIENTED_EDGE('',*,*,#27070,.T.);
#27090=CARTESIAN_POINT('',(2.47500000000326,0.599999769361473,
9.99999999797106));
#27100=DIRECTION('',(-1.11022302462516E-16,-0.707106781195465,
0.70710678117763));
#27110=VECTOR('',#27100,1.);
#27120=LINE('',#27090,#27110);
#27130=CARTESIAN_POINT('',(2.47500000000326,15.1499997693663,
-4.55000000166677));
#27140=VERTEX_POINT('',#27130);
#27150=EDGE_CURVE('',#27060,#27140,#27120,.T.);
#27160=ORIENTED_EDGE('',*,*,#27150,.F.);
#27170=CARTESIAN_POINT('',(2.47500000000326,15.1499997693663,
-1.66683200575335E-9));
#27180=DIRECTION('',(-1.22464679914735E-16,0.,1.));
#27190=VECTOR('',#27180,1.);
#27200=LINE('',#27170,#27190);
#27210=CARTESIAN_POINT('',(2.47500000000326,15.1499997693663,
-2.35000000166676));
#27220=VERTEX_POINT('',#27210);
#27230=EDGE_CURVE('',#27140,#27220,#27200,.T.);
#27240=ORIENTED_EDGE('',*,*,#27230,.F.);
#27250=CARTESIAN_POINT('',(2.47500000000326,0.599999769361473,
-16.9000000016716));
#27260=DIRECTION('',(-1.11022302462516E-16,0.707106781186548,
0.707106781186547));
#27270=VECTOR('',#27260,1.);
#27280=LINE('',#27250,#27270);
#27290=CARTESIAN_POINT('',(2.47500000000326,16.2499997693663,
-1.25000000166676));
#27300=VERTEX_POINT('',#27290);
#27310=EDGE_CURVE('',#27220,#27300,#27280,.T.);
#27320=ORIENTED_EDGE('',*,*,#27310,.F.);
#27330=CARTESIAN_POINT('',(2.47500000000326,0.599999769361473,
-1.25000000166676));
#27340=DIRECTION('',(0.,-1.,0.));
#27350=VECTOR('',#27340,1.);
#27360=LINE('',#27330,#27350);
#27370=EDGE_CURVE('',#26520,#27300,#27360,.T.);
#27380=ORIENTED_EDGE('',*,*,#27370,.T.);
#27390=EDGE_LOOP('',(#27380,#27320,#27240,#27160,#27080,#27000));
#27400=FACE_OUTER_BOUND('',#27390,.T.);
#27410=ADVANCED_FACE('',(#27400),#26990,.T.);
#27420=COLOUR_RGB('',0.313725501298904,0.784313797950745,
0.313725501298904);
#27430=FILL_AREA_STYLE_COLOUR('',#27420);
#27440=FILL_AREA_STYLE('',(#27430));
#27450=SURFACE_STYLE_FILL_AREA(#27440);
#27460=SURFACE_SIDE_STYLE('',(#27450));
#27470=SURFACE_STYLE_USAGE(.BOTH.,#27460);
#27480=PRESENTATION_STYLE_ASSIGNMENT((#27470));
#27490=CARTESIAN_POINT('',(10.7499999999755,15.6999997693663,
-5.1000000016529));
#27500=DIRECTION('',(-0.,-0.70710678117763,-0.707106781195465));
#27510=DIRECTION('',(0.,-0.707106781195465,0.70710678117763));
#27520=AXIS2_PLACEMENT_3D('',#27490,#27500,#27510);
#27530=PLANE('',#27520);
#27540=CARTESIAN_POINT('',(-5.12638860322072,16.2499997693663,
-5.65000000163902));
#27550=DIRECTION('',(1.,0.,0.));
#27560=VECTOR('',#27550,1.);
#27570=LINE('',#27540,#27560);
#27580=CARTESIAN_POINT('',(11.3499999999477,16.2499997693663,
-5.65000000163902));
#27590=VERTEX_POINT('',#27580);
#27600=EDGE_CURVE('',#27060,#27590,#27570,.T.);
#27610=ORIENTED_EDGE('',*,*,#27600,.F.);
#27620=CARTESIAN_POINT('',(11.3499999999755,8.37903992059295,
2.2209598469358));
#27630=DIRECTION('',(3.92523114670944E-17,0.707106781195465,
-0.70710678117763));
#27640=VECTOR('',#27630,1.);
#27650=LINE('',#27620,#27640);
#27660=CARTESIAN_POINT('',(11.3499999999755,15.1499997693663,
-4.55000000166677));
#27670=VERTEX_POINT('',#27660);
#27680=EDGE_CURVE('',#27670,#27590,#27650,.T.);
#27690=ORIENTED_EDGE('',*,*,#27680,.T.);
#27700=CARTESIAN_POINT('',(-5.12638860322072,15.1499997693663,
-4.55000000166677));
#27710=DIRECTION('',(1.,0.,0.));
#27720=VECTOR('',#27710,1.);
#27730=LINE('',#27700,#27720);
#27740=EDGE_CURVE('',#27140,#27670,#27730,.T.);
#27750=ORIENTED_EDGE('',*,*,#27740,.T.);
#27760=ORIENTED_EDGE('',*,*,#27150,.T.);
#27770=EDGE_LOOP('',(#27760,#27750,#27690,#27610));
#27780=FACE_OUTER_BOUND('',#27770,.T.);
#27790=ADVANCED_FACE('',(#27780),#27530,.F.);
#27800=COLOUR_RGB('',0.823529481887817,0.823529481887817,
0.784313797950745);
#27810=FILL_AREA_STYLE_COLOUR('',#27800);
#27820=FILL_AREA_STYLE('',(#27810));
#27830=SURFACE_STYLE_FILL_AREA(#27820);
#27840=SURFACE_SIDE_STYLE('',(#27830));
#27850=SURFACE_STYLE_USAGE(.BOTH.,#27840);
#27860=PRESENTATION_STYLE_ASSIGNMENT((#27850));
#27870=CARTESIAN_POINT('',(10.1499999999755,15.1499997693663,
-0.750000001639023));
#27880=DIRECTION('',(-0.,-1.,-0.));
#27890=DIRECTION('',(-1.,0.,0.));
#27900=AXIS2_PLACEMENT_3D('',#27870,#27880,#27890);
#27910=PLANE('',#27900);
#27920=CARTESIAN_POINT('',(-5.12638860322072,15.1499997693663,
-2.35000000166676));
#27930=DIRECTION('',(1.,0.,6.12323399573677E-17));
#27940=VECTOR('',#27930,1.);
#27950=LINE('',#27920,#27940);
#27960=CARTESIAN_POINT('',(11.3499999999755,15.1499997693663,
-2.35000000166676));
#27970=VERTEX_POINT('',#27960);
#27980=EDGE_CURVE('',#27220,#27970,#27950,.T.);
#27990=ORIENTED_EDGE('',*,*,#27980,.T.);
#28000=ORIENTED_EDGE('',*,*,#27230,.T.);
#28010=ORIENTED_EDGE('',*,*,#27740,.F.);
#28020=CARTESIAN_POINT('',(11.3499999999755,15.1499997693663,
1.77635683940025E-15));
#28030=DIRECTION('',(0.,0.,1.));
#28040=VECTOR('',#28030,1.);
#28050=LINE('',#28020,#28040);
#28060=EDGE_CURVE('',#27670,#27970,#28050,.T.);
#28070=ORIENTED_EDGE('',*,*,#28060,.F.);
#28080=EDGE_LOOP('',(#28070,#28010,#28000,#27990));
#28090=FACE_OUTER_BOUND('',#28080,.T.);
#28100=ADVANCED_FACE('',(#28090),#27910,.F.);
#28110=COLOUR_RGB('',0.823529481887817,0.823529481887817,
0.784313797950745);
#28120=FILL_AREA_STYLE_COLOUR('',#28110);
#28130=FILL_AREA_STYLE('',(#28120));
#28140=SURFACE_STYLE_FILL_AREA(#28130);
#28150=SURFACE_SIDE_STYLE('',(#28140));
#28160=SURFACE_STYLE_USAGE(.BOTH.,#28150);
#28170=PRESENTATION_STYLE_ASSIGNMENT((#28160));
#28180=CARTESIAN_POINT('',(10.0249999999868,15.1499997693663,
-2.35000000166676));
#28190=DIRECTION('',(-4.32978028117747E-17,-0.707106781186547,
0.707106781186548));
#28200=DIRECTION('',(-4.32978028117747E-17,0.707106781186548,
0.707106781186547));
#28210=AXIS2_PLACEMENT_3D('',#28180,#28190,#28200);
#28220=PLANE('',#28210);
#28230=CARTESIAN_POINT('',(-5.12638860322072,16.2499997693663,
-1.25000000166676));
#28240=DIRECTION('',(-1.,6.12323399573677E-17,0.));
#28250=VECTOR('',#28240,1.);
#28260=LINE('',#28230,#28250);
#28270=CARTESIAN_POINT('',(11.7499999999755,16.2499997693663,
-1.25000000166676));
#28280=VERTEX_POINT('',#28270);
#28290=EDGE_CURVE('',#28280,#27300,#28260,.T.);
#28300=ORIENTED_EDGE('',*,*,#28290,.F.);
#28310=ORIENTED_EDGE('',*,*,#27310,.T.);
#28320=ORIENTED_EDGE('',*,*,#27980,.F.);
#28330=CARTESIAN_POINT('',(11.4434004316606,15.4068509565004,
-2.09314881453265));
#28340=DIRECTION('',(-0.249029122545875,-0.68483008700116,
-0.68483008700116));
#28350=VECTOR('',#28340,1.);
#28360=LINE('',#28330,#28350);
#28370=EDGE_CURVE('',#28280,#27970,#28360,.T.);
#28380=ORIENTED_EDGE('',*,*,#28370,.T.);
#28390=EDGE_LOOP('',(#28380,#28320,#28310,#28300));
#28400=FACE_OUTER_BOUND('',#28390,.T.);
#28410=ADVANCED_FACE('',(#28400),#28220,.F.);
#28420=COLOUR_RGB('',0.823529481887817,0.823529481887817,
0.784313797950745);
#28430=FILL_AREA_STYLE_COLOUR('',#28420);
#28440=FILL_AREA_STYLE('',(#28430));
#28450=SURFACE_STYLE_FILL_AREA(#28440);
#28460=SURFACE_SIDE_STYLE('',(#28450));
#28470=SURFACE_STYLE_USAGE(.BOTH.,#28460);
#28480=PRESENTATION_STYLE_ASSIGNMENT((#28470));
#28490=CARTESIAN_POINT('',(11.3499999999755,16.2499997693663,
-5.65000000163902));
#28500=DIRECTION('',(-0.707106781186548,-0.499999999993694,
-0.500000000006306));
#28510=DIRECTION('',(0.,0.707106781195465,-0.70710678117763));
#28520=AXIS2_PLACEMENT_3D('',#28490,#28500,#28510);
#28530=PLANE('',#28520);
#28540=CARTESIAN_POINT('',(28.7742754795362,9.03262855136374,
-23.0742754812275));
#28550=DIRECTION('',(0.678598344546803,-0.281084637710203,
-0.678598344546803));
#28560=VECTOR('',#28550,1.);
#28570=LINE('',#28540,#28560);
#28580=EDGE_CURVE('',#27590,#26050,#28570,.T.);
#28590=ORIENTED_EDGE('',*,*,#28580,.F.);
#28600=ORIENTED_EDGE('',*,*,#26060,.F.);
#28610=CARTESIAN_POINT('',(28.7742754795362,7.80473134896971,
-21.8463782788644));
#28620=DIRECTION('',(-0.679929055472475,0.286626633350149,
0.674938258345656));
#28630=VECTOR('',#28620,1.);
#28640=LINE('',#28610,#28630);
#28650=EDGE_CURVE('',#25970,#27670,#28640,.T.);
#28660=ORIENTED_EDGE('',*,*,#28650,.F.);
#28670=ORIENTED_EDGE('',*,*,#27680,.F.);
#28680=EDGE_LOOP('',(#28670,#28660,#28600,#28590));
#28690=FACE_OUTER_BOUND('',#28680,.T.);
#28700=ADVANCED_FACE('',(#28690),#28530,.F.);
#28710=COLOUR_RGB('',0.313725501298904,0.784313797950745,
0.313725501298904);
#28720=FILL_AREA_STYLE_COLOUR('',#28710);
#28730=FILL_AREA_STYLE('',(#28720));
#28740=SURFACE_STYLE_FILL_AREA(#28730);
#28750=SURFACE_SIDE_STYLE('',(#28740));
#28760=SURFACE_STYLE_USAGE(.BOTH.,#28750);
#28770=PRESENTATION_STYLE_ASSIGNMENT((#28760));
#28780=CARTESIAN_POINT('',(13.5079456469475,14.2403097204326,
-12.4261744565307));
#28790=DIRECTION('',(0.388449182919436,0.921470147258837,0.));
#28800=DIRECTION('',(0.921470147258837,-0.388449182919436,0.));
#28810=AXIS2_PLACEMENT_3D('',#28780,#28790,#28800);
#28820=PLANE('',#28810);
#28830=CARTESIAN_POINT('',(28.7742754795362,7.80473134896971,
-0.750000001639023));
#28840=DIRECTION('',(-0.921470147258837,0.388449182919436,0.));
#28850=VECTOR('',#28840,1.);
#28860=LINE('',#28830,#28850);
#28870=CARTESIAN_POINT('',(20.008445391033,11.499999769351,
-0.750000001639023));
#28880=VERTEX_POINT('',#28870);
#28890=CARTESIAN_POINT('',(13.2477057564769,14.3500148184405,
-0.750000001639023));
#28900=VERTEX_POINT('',#28890);
#28910=EDGE_CURVE('',#28880,#28900,#28860,.T.);
#28920=ORIENTED_EDGE('',*,*,#28910,.F.);
#28930=CARTESIAN_POINT('',(28.7742754795362,7.80473134896971,
12.3408131933028));
#28940=DIRECTION('',(-0.727669360168636,0.306751737138606,
-0.613515015329059));
#28950=VECTOR('',#28940,1.);
#28960=LINE('',#28930,#28950);
#28970=EDGE_CURVE('',#28900,#27970,#28960,.T.);
#28980=ORIENTED_EDGE('',*,*,#28970,.F.);
#28990=ORIENTED_EDGE('',*,*,#28060,.T.);
#29000=ORIENTED_EDGE('',*,*,#28650,.T.);
#29010=ORIENTED_EDGE('',*,*,#25980,.T.);
#29020=CARTESIAN_POINT('',(20.008445391033,11.499999769351,
-1.66683200575335E-9));
#29030=DIRECTION('',(0.,0.,1.));
#29040=VECTOR('',#29030,1.);
#29050=LINE('',#29020,#29040);
#29060=EDGE_CURVE('',#25890,#28880,#29050,.T.);
#29070=ORIENTED_EDGE('',*,*,#29060,.F.);
#29080=EDGE_LOOP('',(#29070,#29010,#29000,#28990,#28980,#28920));
#29090=FACE_OUTER_BOUND('',#29080,.T.);
#29100=ADVANCED_FACE('',(#29090),#28820,.T.);
#29110=COLOUR_RGB('',0.313725501298904,0.784313797950745,
0.313725501298904);
#29120=FILL_AREA_STYLE_COLOUR('',#29110);
#29130=FILL_AREA_STYLE('',(#29120));
#29140=SURFACE_STYLE_FILL_AREA(#29130);
#29150=SURFACE_SIDE_STYLE('',(#29140));
#29160=SURFACE_STYLE_USAGE(.BOTH.,#29150);
#29170=PRESENTATION_STYLE_ASSIGNMENT((#29160));
#29180=CARTESIAN_POINT('',(13.7479529999846,17.506811000001,
-0.750000001639023));
#29190=DIRECTION('',(0.,0.,1.));
#29200=DIRECTION('',(1.,0.,0.));
#29210=AXIS2_PLACEMENT_3D('',#29180,#29190,#29200);
#29220=PLANE('',#29210);
#29230=CARTESIAN_POINT('',(12.2500000000032,8.37903992059295,
-0.750000001639023));
#29240=DIRECTION('',(0.,-1.,0.));
#29250=VECTOR('',#29240,1.);
#29260=LINE('',#29230,#29250);
#29270=CARTESIAN_POINT('',(12.2500000000032,19.9452364885346,
-0.750000001639021));
#29280=VERTEX_POINT('',#29270);
#29290=CARTESIAN_POINT('',(12.2500000000032,16.1696830386616,
-0.750000001639025));
#29300=VERTEX_POINT('',#29290);
#29310=EDGE_CURVE('',#29280,#29300,#29260,.T.);
#29320=ORIENTED_EDGE('',*,*,#29310,.F.);
#29330=CARTESIAN_POINT('',(16.5215311501074,8.37903992059295,
-0.750000001639023));
#29340=DIRECTION('',(-0.480767105993087,0.876848327702706,0.));
#29350=VECTOR('',#29340,1.);
#29360=LINE('',#29330,#29350);
#29370=EDGE_CURVE('',#28900,#29300,#29360,.T.);
#29380=ORIENTED_EDGE('',*,*,#29370,.T.);
#29390=ORIENTED_EDGE('',*,*,#28910,.T.);
#29400=CARTESIAN_POINT('',(42.649999999994,22.0999999999848,
-0.750000001639023));
#29410=DIRECTION('',(0.,0.,1.));
#29420=DIRECTION('',(1.,0.,0.));
#29430=AXIS2_PLACEMENT_3D('',#29400,#29410,#29420);
#29440=CIRCLE('',#29430,25.);
#29450=CARTESIAN_POINT('',(17.649999999994,22.0999999999848,
-0.750000001639023));
#29460=VERTEX_POINT('',#29450);
#29470=EDGE_CURVE('',#29460,#28880,#29440,.T.);
#29480=ORIENTED_EDGE('',*,*,#29470,.T.);
#29490=CARTESIAN_POINT('',(17.6500000000014,0.599999769361473,
-0.750000001639023));
#29500=DIRECTION('',(-8.00094898427962E-17,1.,0.));
#29510=VECTOR('',#29500,1.);
#29520=LINE('',#29490,#29510);
#29530=EDGE_CURVE('',#29460,#25530,#29520,.T.);
#29540=ORIENTED_EDGE('',*,*,#29530,.F.);
#29550=ORIENTED_EDGE('',*,*,#25630,.T.);
#29560=ORIENTED_EDGE('',*,*,#24580,.F.);
#29570=CARTESIAN_POINT('',(3.30058466214595,8.37903992059295,
-0.750000001639023));
#29580=DIRECTION('',(0.611956859996264,0.790891143902568,0.));
#29590=VECTOR('',#29580,1.);
#29600=LINE('',#29570,#29590);
#29610=EDGE_CURVE('',#29280,#24490,#29600,.T.);
#29620=ORIENTED_EDGE('',*,*,#29610,.T.);
#29630=EDGE_LOOP('',(#29620,#29560,#29550,#29540,#29480,#29390,#29380,
#29320));
#29640=FACE_OUTER_BOUND('',#29630,.T.);
#29650=ADVANCED_FACE('',(#29640),#29220,.F.);
#29660=COLOUR_RGB('',0.313725501298904,0.784313797950745,
0.313725501298904);
#29670=FILL_AREA_STYLE_COLOUR('',#29660);
#29680=FILL_AREA_STYLE('',(#29670));
#29690=SURFACE_STYLE_FILL_AREA(#29680);
#29700=SURFACE_SIDE_STYLE('',(#29690));
#29710=SURFACE_STYLE_USAGE(.BOTH.,#29700);
#29720=PRESENTATION_STYLE_ASSIGNMENT((#29710));
#29730=CARTESIAN_POINT('',(13.3137379999755,31.4100021693766,
0.313737998333232));
#29740=DIRECTION('',(0.707106781186547,0.,-0.707106781186548));
#29750=DIRECTION('',(-0.707106781186548,0.,-0.707106781186547));
#29760=AXIS2_PLACEMENT_3D('',#29730,#29740,#29750);
#29770=PLANE('',#29760);
#29780=CARTESIAN_POINT('',(11.7499999999755,0.599999769361473,
-1.25000000166676));
#29790=DIRECTION('',(0.,-1.,0.));
#29800=VECTOR('',#29790,1.);
#29810=LINE('',#29780,#29800);
#29820=EDGE_CURVE('',#26600,#28280,#29810,.T.);
#29830=ORIENTED_EDGE('',*,*,#29820,.F.);
#29840=CARTESIAN_POINT('',(28.7742754795362,13.5153314712484,
15.774275477894));
#29850=DIRECTION('',(-0.70258906038109,0.112859312711156,
-0.70258906038109));
#29860=VECTOR('',#29850,1.);
#29870=LINE('',#29840,#29860);
#29880=EDGE_CURVE('',#29300,#28280,#29870,.T.);
#29890=ORIENTED_EDGE('',*,*,#29880,.T.);
#29900=ORIENTED_EDGE('',*,*,#29310,.T.);
#29910=CARTESIAN_POINT('',(-2.71849523454199,0.599999769361473,
-15.7184952361842));
#29920=DIRECTION('',(-0.521975147833683,-0.674599058766028,
-0.521975147833683));
#29930=VECTOR('',#29920,1.);
#29940=LINE('',#29910,#29930);
#29950=EDGE_CURVE('',#29280,#26680,#29940,.T.);
#29960=ORIENTED_EDGE('',*,*,#29950,.F.);
#29970=ORIENTED_EDGE('',*,*,#26690,.T.);
#29980=EDGE_LOOP('',(#29970,#29960,#29900,#29890,#29830));
#29990=FACE_OUTER_BOUND('',#29980,.T.);
#30000=ADVANCED_FACE('',(#29990),#29770,.T.);
#30010=COLOUR_RGB('',0.313725501298904,0.784313797950745,
0.313725501298904);
#30020=FILL_AREA_STYLE_COLOUR('',#30010);
#30030=FILL_AREA_STYLE('',(#30020));
#30040=SURFACE_STYLE_FILL_AREA(#30030);
#30050=SURFACE_SIDE_STYLE('',(#30040));
#30060=SURFACE_STYLE_USAGE(.BOTH.,#30050);
#30070=PRESENTATION_STYLE_ASSIGNMENT((#30060));
#30080=CARTESIAN_POINT('',(11.3499999999755,15.1499997693663,
-2.35000000166676));
#30090=DIRECTION('',(-0.68483008700116,-0.375485438727062,
0.624514561272938));
#30100=DIRECTION('',(-0.249029122545875,-0.68483008700116,
-0.684830087001159));
#30110=AXIS2_PLACEMENT_3D('',#30080,#30090,#30100);
#30120=PLANE('',#30110);
#30130=ORIENTED_EDGE('',*,*,#28370,.F.);
#30140=ORIENTED_EDGE('',*,*,#28970,.T.);
#30150=ORIENTED_EDGE('',*,*,#29370,.F.);
#30160=ORIENTED_EDGE('',*,*,#29880,.F.);
#30170=EDGE_LOOP('',(#30160,#30150,#30140,#30130));
#30180=FACE_OUTER_BOUND('',#30170,.T.);
#30190=ADVANCED_FACE('',(#30180),#30120,.F.);
#30200=COLOUR_RGB('',0.313725501298904,0.784313797950745,
0.313725501298904);
#30210=FILL_AREA_STYLE_COLOUR('',#30200);
#30220=FILL_AREA_STYLE('',(#30210));
#30230=SURFACE_STYLE_FILL_AREA(#30220);
#30240=SURFACE_SIDE_STYLE('',(#30230));
#30250=SURFACE_STYLE_USAGE(.BOTH.,#30240);
#30260=PRESENTATION_STYLE_ASSIGNMENT((#30250));
#30270=CARTESIAN_POINT('',(11.7499999999755,31.4100021693766,
-1.25000000166676));
#30280=DIRECTION('',(0.,0.,-1.));
#30290=DIRECTION('',(-1.,0.,0.));
#30300=AXIS2_PLACEMENT_3D('',#30270,#30280,#30290);
#30310=PLANE('',#30300);
#30320=ORIENTED_EDGE('',*,*,#26610,.T.);
#30330=ORIENTED_EDGE('',*,*,#27370,.F.);
#30340=ORIENTED_EDGE('',*,*,#28290,.T.);
#30350=ORIENTED_EDGE('',*,*,#29820,.T.);
#30360=EDGE_LOOP('',(#30350,#30340,#30330,#30320));
#30370=FACE_OUTER_BOUND('',#30360,.T.);
#30380=ADVANCED_FACE('',(#30370),#30310,.T.);
#30390=COLOUR_RGB('',0.823529481887817,0.823529481887817,
0.784313797950745);
#30400=FILL_AREA_STYLE_COLOUR('',#30390);
#30410=FILL_AREA_STYLE('',(#30400));
#30420=SURFACE_STYLE_FILL_AREA(#30410);
#30430=SURFACE_SIDE_STYLE('',(#30420));
#30440=SURFACE_STYLE_USAGE(.BOTH.,#30430);
#30450=PRESENTATION_STYLE_ASSIGNMENT((#30440));
#30460=CARTESIAN_POINT('',(21.6553086931273,32.1006282119104,
-7.40000000163902));
#30470=DIRECTION('',(0.790891143902568,-0.611956859996264,0.));
#30480=DIRECTION('',(-0.611956859996264,-0.790891143902568,0.));
#30490=AXIS2_PLACEMENT_3D('',#30460,#30470,#30480);
#30500=PLANE('',#30490);
#30510=ORIENTED_EDGE('',*,*,#29950,.T.);
#30520=ORIENTED_EDGE('',*,*,#29610,.F.);
#30530=ORIENTED_EDGE('',*,*,#24500,.T.);
#30540=ORIENTED_EDGE('',*,*,#26200,.T.);
#30550=CARTESIAN_POINT('',(-2.71849523454199,0.599999769361473,
8.41849523285071));
#30560=DIRECTION('',(0.521975147833683,0.674599058766028,
-0.521975147833683));
#30570=VECTOR('',#30560,1.);
#30580=LINE('',#30550,#30570);
#30590=EDGE_CURVE('',#26760,#26130,#30580,.T.);
#30600=ORIENTED_EDGE('',*,*,#30590,.T.);
#30610=ORIENTED_EDGE('',*,*,#26770,.T.);
#30620=EDGE_LOOP('',(#30610,#30600,#30540,#30530,#30520,#30510));
#30630=FACE_OUTER_BOUND('',#30620,.T.);
#30640=ADVANCED_FACE('',(#30630),#30500,.T.);
#30650=COLOUR_RGB('',0.313725501298904,0.784313797950745,
0.313725501298904);
#30660=FILL_AREA_STYLE_COLOUR('',#30650);
#30670=FILL_AREA_STYLE('',(#30660));
#30680=SURFACE_STYLE_FILL_AREA(#30670);
#30690=SURFACE_SIDE_STYLE('',(#30680));
#30700=SURFACE_STYLE_USAGE(.BOTH.,#30690);
#30710=PRESENTATION_STYLE_ASSIGNMENT((#30700));
#30720=CARTESIAN_POINT('',(11.3499999999755,31.4100021693766,
-5.65000000166677));
#30730=DIRECTION('',(0.707106781186547,-0.,0.707106781186548));
#30740=DIRECTION('',(0.707106781186548,0.,-0.707106781186547));
#30750=AXIS2_PLACEMENT_3D('',#30720,#30730,#30740);
#30760=PLANE('',#30750);
#30770=CARTESIAN_POINT('',(11.3499999999477,0.599999769361473,
-5.65000000163902));
#30780=DIRECTION('',(0.,1.,0.));
#30790=VECTOR('',#30780,1.);
#30800=LINE('',#30770,#30790);
#30810=EDGE_CURVE('',#27590,#26420,#30800,.T.);
#30820=ORIENTED_EDGE('',*,*,#30810,.F.);
#30830=ORIENTED_EDGE('',*,*,#26830,.T.);
#30840=ORIENTED_EDGE('',*,*,#30590,.F.);
#30850=ORIENTED_EDGE('',*,*,#26140,.F.);
#30860=ORIENTED_EDGE('',*,*,#28580,.T.);
#30870=EDGE_LOOP('',(#30860,#30850,#30840,#30830,#30820));
#30880=FACE_OUTER_BOUND('',#30870,.T.);
#30890=ADVANCED_FACE('',(#30880),#30760,.T.);
#30900=COLOUR_RGB('',0.313725501298904,0.784313797950745,
0.313725501298904);
#30910=FILL_AREA_STYLE_COLOUR('',#30900);
#30920=FILL_AREA_STYLE('',(#30910));
#30930=SURFACE_STYLE_FILL_AREA(#30920);
#30940=SURFACE_SIDE_STYLE('',(#30930));
#30950=SURFACE_STYLE_USAGE(.BOTH.,#30940);
#30960=PRESENTATION_STYLE_ASSIGNMENT((#30950));
#30970=CARTESIAN_POINT('',(13.5655099999846,19.804683000001,
-5.65000000163902));
#30980=DIRECTION('',(0.,0.,1.));
#30990=DIRECTION('',(1.,0.,0.));
#31000=AXIS2_PLACEMENT_3D('',#30970,#30980,#30990);
#31010=PLANE('',#31000);
#31020=ORIENTED_EDGE('',*,*,#26450,.T.);
#31030=ORIENTED_EDGE('',*,*,#30810,.T.);
#31040=ORIENTED_EDGE('',*,*,#27600,.T.);
#31050=ORIENTED_EDGE('',*,*,#27070,.F.);
#31060=EDGE_LOOP('',(#31050,#31040,#31030,#31020));
#31070=FACE_OUTER_BOUND('',#31060,.T.);
#31080=ADVANCED_FACE('',(#31070),#31010,.T.);
#31090=COLOUR_RGB('',0.823529481887817,0.823529481887817,
0.784313797950745);
#31100=FILL_AREA_STYLE_COLOUR('',#31090);
#31110=FILL_AREA_STYLE('',(#31100));
#31120=SURFACE_STYLE_FILL_AREA(#31110);
#31130=SURFACE_SIDE_STYLE('',(#31120));
#31140=SURFACE_STYLE_USAGE(.BOTH.,#31130);
#31150=PRESENTATION_STYLE_ASSIGNMENT((#31140));
#31160=CARTESIAN_POINT('',(17.649999999994,22.0999999999848,
-8.15000300163903));
#31170=DIRECTION('',(0.,0.,1.));
#31180=VECTOR('',#31170,1.);
#31190=LINE('',#31160,#31180);
#31200=EDGE_CURVE('',#29460,#9970,#31190,.T.);
#31210=ORIENTED_EDGE('',*,*,#31200,.F.);
#31220=ORIENTED_EDGE('',*,*,#9980,.F.);
#31230=ORIENTED_EDGE('',*,*,#25540,.T.);
#31240=ORIENTED_EDGE('',*,*,#29530,.T.);
#31250=EDGE_LOOP('',(#31240,#31230,#31220,#31210));
#31260=FACE_OUTER_BOUND('',#31250,.T.);
#31270=ADVANCED_FACE('',(#31260),#25210,.F.);
#31280=COLOUR_RGB('',1.,0.839215755462646,0.301960796117783);
#31290=FILL_AREA_STYLE_COLOUR('',#31280);
#31300=FILL_AREA_STYLE('',(#31290));
#31310=SURFACE_STYLE_FILL_AREA(#31300);
#31320=SURFACE_SIDE_STYLE('',(#31310));
#31330=SURFACE_STYLE_USAGE(.BOTH.,#31320);
#31340=PRESENTATION_STYLE_ASSIGNMENT((#31330));
#31350=CARTESIAN_POINT('',(21.9000000000106,7.26971004999435,
-1.66683200575335E-9));
#31360=DIRECTION('',(-1.,0.,0.));
#31370=DIRECTION('',(0.,1.,0.));
#31380=AXIS2_PLACEMENT_3D('',#31350,#31360,#31370);
#31390=PLANE('',#31380);
#31400=ORIENTED_EDGE('',*,*,#10150,.T.);
#31410=CARTESIAN_POINT('',(21.9000000000106,8.15591523257578,
-1.66683200575335E-9));
#31420=DIRECTION('',(0.,0.,1.));
#31430=VECTOR('',#31420,1.);
#31440=LINE('',#31410,#31430);
#31450=EDGE_CURVE('',#850,#10060,#31440,.T.);
#31460=ORIENTED_EDGE('',*,*,#31450,.T.);
#31470=ORIENTED_EDGE('',*,*,#860,.F.);
#31480=CARTESIAN_POINT('',(21.9000000000106,-0.450000230639452,
-1.66683200575335E-9));
#31490=DIRECTION('',(0.,0.,1.));
#31500=VECTOR('',#31490,1.);
#31510=LINE('',#31480,#31500);
#31520=EDGE_CURVE('',#770,#10140,#31510,.T.);
#31530=ORIENTED_EDGE('',*,*,#31520,.F.);
#31540=EDGE_LOOP('',(#31530,#31470,#31460,#31400));
#31550=FACE_OUTER_BOUND('',#31540,.T.);
#31560=ADVANCED_FACE('',(#31550),#31390,.F.);
#31570=COLOUR_RGB('',1.,0.839215755462646,0.301960796117783);
#31580=FILL_AREA_STYLE_COLOUR('',#31570);
#31590=FILL_AREA_STYLE('',(#31580));
#31600=SURFACE_STYLE_FILL_AREA(#31590);
#31610=SURFACE_SIDE_STYLE('',(#31600));
#31620=SURFACE_STYLE_USAGE(.BOTH.,#31610);
#31630=PRESENTATION_STYLE_ASSIGNMENT((#31620));
#31640=CARTESIAN_POINT('',(15.0857864376375,-6.85000023063945,
-1.66683200575335E-9));
#31650=DIRECTION('',(-0.,1.,0.));
#31660=DIRECTION('',(1.,0.,0.));
#31670=AXIS2_PLACEMENT_3D('',#31640,#31650,#31660);
#31680=PLANE('',#31670);
#31690=ORIENTED_EDGE('',*,*,#10310,.T.);
#31700=CARTESIAN_POINT('',(15.5000000000106,-6.85000023063945,
-1.66683200575335E-9));
#31710=DIRECTION('',(0.,0.,1.));
#31720=VECTOR('',#31710,1.);
#31730=LINE('',#31700,#31720);
#31740=EDGE_CURVE('',#690,#10220,#31730,.T.);
#31750=ORIENTED_EDGE('',*,*,#31740,.T.);
#31760=ORIENTED_EDGE('',*,*,#700,.F.);
#31770=CARTESIAN_POINT('',(14.4304980917035,-6.85000023063945,
-1.66683200575335E-9));
#31780=DIRECTION('',(0.,0.,1.));
#31790=VECTOR('',#31780,1.);
#31800=LINE('',#31770,#31790);
#31810=EDGE_CURVE('',#610,#10300,#31800,.T.);
#31820=ORIENTED_EDGE('',*,*,#31810,.F.);
#31830=EDGE_LOOP('',(#31820,#31760,#31750,#31690));
#31840=FACE_OUTER_BOUND('',#31830,.T.);
#31850=ADVANCED_FACE('',(#31840),#31680,.F.);
#31860=COLOUR_RGB('',1.,0.839215755462646,0.301960796117783);
#31870=FILL_AREA_STYLE_COLOUR('',#31860);
#31880=FILL_AREA_STYLE('',(#31870));
#31890=SURFACE_STYLE_FILL_AREA(#31880);
#31900=SURFACE_SIDE_STYLE('',(#31890));
#31910=SURFACE_STYLE_USAGE(.BOTH.,#31900);
#31920=PRESENTATION_STYLE_ASSIGNMENT((#31910));
#31930=CARTESIAN_POINT('',(12.7500000000015,-3.81940265288325,
-1.66683200575335E-9));
#31940=DIRECTION('',(1.,-5.55111512312578E-17,0.));
#31950=DIRECTION('',(-5.55111512312578E-17,-1.,0.));
#31960=AXIS2_PLACEMENT_3D('',#31930,#31940,#31950);
#31970=PLANE('',#31960);
#31980=ORIENTED_EDGE('',*,*,#10470,.T.);
#31990=CARTESIAN_POINT('',(12.7500000000015,-4.45000023064122,
-1.66683200575335E-9));
#32000=DIRECTION('',(0.,0.,1.));
#32010=VECTOR('',#32000,1.);
#32020=LINE('',#31990,#32010);
#32030=EDGE_CURVE('',#530,#10380,#32020,.T.);
#32040=ORIENTED_EDGE('',*,*,#32030,.T.);
#32050=ORIENTED_EDGE('',*,*,#540,.F.);
#32060=CARTESIAN_POINT('',(12.7500000000015,-2.80000023063826,
-1.66683200575335E-9));
#32070=DIRECTION('',(0.,0.,1.));
#32080=VECTOR('',#32070,1.);
#32090=LINE('',#32060,#32080);
#32100=EDGE_CURVE('',#450,#10460,#32090,.T.);
#32110=ORIENTED_EDGE('',*,*,#32100,.F.);
#32120=EDGE_LOOP('',(#32110,#32050,#32040,#31980));
#32130=FACE_OUTER_BOUND('',#32120,.T.);
#32140=ADVANCED_FACE('',(#32130),#31970,.F.);
#32150=COLOUR_RGB('',1.,0.839215755462646,0.301960796117783);
#32160=FILL_AREA_STYLE_COLOUR('',#32150);
#32170=FILL_AREA_STYLE('',(#32160));
#32180=SURFACE_STYLE_FILL_AREA(#32170);
#32190=SURFACE_SIDE_STYLE('',(#32180));
#32200=SURFACE_STYLE_USAGE(.BOTH.,#32190);
#32210=PRESENTATION_STYLE_ASSIGNMENT((#32200));
#32220=CARTESIAN_POINT('',(12.8964466094082,-2.65355362123155,
-1.66683200575335E-9));
#32230=DIRECTION('',(0.707106781186548,-0.707106781186548,0.));
#32240=DIRECTION('',(-0.707106781186548,-0.707106781186548,0.));
#32250=AXIS2_PLACEMENT_3D('',#32220,#32230,#32240);
#32260=PLANE('',#32250);
#32270=ORIENTED_EDGE('',*,*,#10550,.F.);
#32280=ORIENTED_EDGE('',*,*,#32100,.T.);
#32290=ORIENTED_EDGE('',*,*,#460,.T.);
#32300=EDGE_CURVE('',#370,#20020,#20690,.T.);
#32310=ORIENTED_EDGE('',*,*,#32300,.F.);
#32320=ORIENTED_EDGE('',*,*,#20030,.F.);
#32330=ORIENTED_EDGE('',*,*,#20400,.F.);
#32340=ORIENTED_EDGE('',*,*,#18400,.T.);
#32350=ORIENTED_EDGE('',*,*,#20700,.F.);
#32360=EDGE_LOOP('',(#32350,#32340,#32330,#32320,#32310,#32290,#32280,
#32270));
#32370=FACE_OUTER_BOUND('',#32360,.T.);
#32380=ADVANCED_FACE('',(#32370),#32260,.F.);
#32390=COLOUR_RGB('',1.,0.839215755462646,0.301960796117783);
#32400=FILL_AREA_STYLE_COLOUR('',#32390);
#32410=FILL_AREA_STYLE('',(#32400));
#32420=SURFACE_STYLE_FILL_AREA(#32410);
#32430=SURFACE_SIDE_STYLE('',(#32420));
#32440=SURFACE_STYLE_USAGE(.BOTH.,#32430);
#32450=PRESENTATION_STYLE_ASSIGNMENT((#32440));
#32460=ORIENTED_EDGE('',*,*,#20110,.F.);
#32470=ORIENTED_EDGE('',*,*,#32300,.T.);
#32480=ORIENTED_EDGE('',*,*,#380,.F.);
#32490=EDGE_CURVE('',#20100,#290,#20620,.T.);
#32500=ORIENTED_EDGE('',*,*,#32490,.T.);
#32510=EDGE_LOOP('',(#32500,#32480,#32470,#32460));
#32520=FACE_OUTER_BOUND('',#32510,.T.);
#32530=ADVANCED_FACE('',(#32520),#20580,.F.);
#32540=COLOUR_RGB('',1.,0.839215755462646,0.301960796117783);
#32550=FILL_AREA_STYLE_COLOUR('',#32540);
#32560=FILL_AREA_STYLE('',(#32550));
#32570=SURFACE_STYLE_FILL_AREA(#32560);
#32580=SURFACE_SIDE_STYLE('',(#32570));
#32590=SURFACE_STYLE_USAGE(.BOTH.,#32580);
#32600=PRESENTATION_STYLE_ASSIGNMENT((#32590));
#32610=ORIENTED_EDGE('',*,*,#19460,.F.);
#32620=ORIENTED_EDGE('',*,*,#20170,.F.);
#32630=ORIENTED_EDGE('',*,*,#32490,.F.);
#32640=ORIENTED_EDGE('',*,*,#300,.F.);
#32650=ORIENTED_EDGE('',*,*,#21500,.T.);
#32660=EDGE_LOOP('',(#32650,#32640,#32630,#32620,#32610));
#32670=FACE_OUTER_BOUND('',#32660,.T.);
#32680=ADVANCED_FACE('',(#32670),#20870,.F.);
#32690=COLOUR_RGB('',1.,0.839215755462646,0.301960796117783);
#32700=FILL_AREA_STYLE_COLOUR('',#32690);
#32710=FILL_AREA_STYLE('',(#32700));
#32720=SURFACE_STYLE_FILL_AREA(#32710);
#32730=SURFACE_SIDE_STYLE('',(#32720));
#32740=SURFACE_STYLE_USAGE(.BOTH.,#32730);
#32750=PRESENTATION_STYLE_ASSIGNMENT((#32740));
#32760=CARTESIAN_POINT('',(14.1319130979663,-6.42357666699049,
-1.66683200575335E-9));
#32770=DIRECTION('',(0.819152044288992,0.573576436351046,0.));
#32780=DIRECTION('',(0.573576436351046,-0.819152044288992,0.));
#32790=AXIS2_PLACEMENT_3D('',#32760,#32770,#32780);
#32800=PLANE('',#32790);
#32810=ORIENTED_EDGE('',*,*,#10390,.T.);
#32820=ORIENTED_EDGE('',*,*,#31810,.T.);
#32830=ORIENTED_EDGE('',*,*,#620,.F.);
#32840=ORIENTED_EDGE('',*,*,#32030,.F.);
#32850=EDGE_LOOP('',(#32840,#32830,#32820,#32810));
#32860=FACE_OUTER_BOUND('',#32850,.T.);
#32870=ADVANCED_FACE('',(#32860),#32800,.F.);
#32880=COLOUR_RGB('',1.,0.839215755462646,0.301960796117783);
#32890=FILL_AREA_STYLE_COLOUR('',#32880);
#32900=FILL_AREA_STYLE('',(#32890));
#32910=SURFACE_STYLE_FILL_AREA(#32900);
#32920=SURFACE_SIDE_STYLE('',(#32910));
#32930=SURFACE_STYLE_USAGE(.BOTH.,#32920);
#32940=PRESENTATION_STYLE_ASSIGNMENT((#32930));
#32950=CARTESIAN_POINT('',(21.4606601717904,-0.889340058859625,
-1.66683200575335E-9));
#32960=DIRECTION('',(-0.707106781186547,0.707106781186548,0.));
#32970=DIRECTION('',(0.707106781186548,0.707106781186547,0.));
#32980=AXIS2_PLACEMENT_3D('',#32950,#32960,#32970);
#32990=PLANE('',#32980);
#33000=ORIENTED_EDGE('',*,*,#10230,.T.);
#33010=ORIENTED_EDGE('',*,*,#31520,.T.);
#33020=ORIENTED_EDGE('',*,*,#780,.F.);
#33030=ORIENTED_EDGE('',*,*,#31740,.F.);
#33040=EDGE_LOOP('',(#33030,#33020,#33010,#33000));
#33050=FACE_OUTER_BOUND('',#33040,.T.);
#33060=ADVANCED_FACE('',(#33050),#32990,.F.);
#33070=COLOUR_RGB('',1.,0.839215755462646,0.301960796117783);
#33080=FILL_AREA_STYLE_COLOUR('',#33070);
#33090=FILL_AREA_STYLE('',(#33080));
#33100=SURFACE_STYLE_FILL_AREA(#33090);
#33110=SURFACE_SIDE_STYLE('',(#33100));
#33120=SURFACE_STYLE_USAGE(.BOTH.,#33110);
#33130=PRESENTATION_STYLE_ASSIGNMENT((#33120));
#33140=CARTESIAN_POINT('',(42.649999999994,22.0999999999848,
-1.66683200575335E-9));
#33150=DIRECTION('',(0.,0.,1.));
#33160=DIRECTION('',(1.,0.,0.));
#33170=AXIS2_PLACEMENT_3D('',#33140,#33150,#33160);
#33180=CYLINDRICAL_SURFACE('',#33170,25.);
#33190=ORIENTED_EDGE('',*,*,#10070,.T.);
#33200=ORIENTED_EDGE('',*,*,#31200,.T.);
#33210=ORIENTED_EDGE('',*,*,#29470,.F.);
#33220=ORIENTED_EDGE('',*,*,#29060,.T.);
#33230=ORIENTED_EDGE('',*,*,#25900,.T.);
#33240=ORIENTED_EDGE('',*,*,#25360,.F.);
#33250=ORIENTED_EDGE('',*,*,#950,.F.);
#33260=ORIENTED_EDGE('',*,*,#31450,.F.);
#33270=EDGE_LOOP('',(#33260,#33250,#33240,#33230,#33220,#33210,#33200,
#33190));
#33280=FACE_OUTER_BOUND('',#33270,.T.);
#33290=ADVANCED_FACE('',(#33280),#33180,.F.);
#33300=COLOUR_RGB('',1.,0.839215755462646,0.301960796117783);
#33310=FILL_AREA_STYLE_COLOUR('',#33300);
#33320=FILL_AREA_STYLE('',(#33310));
#33330=SURFACE_STYLE_FILL_AREA(#33320);
#33340=SURFACE_SIDE_STYLE('',(#33330));
#33350=SURFACE_STYLE_USAGE(.BOTH.,#33340);
#33360=PRESENTATION_STYLE_ASSIGNMENT((#33350));
#33370=CARTESIAN_POINT('',(-23.6071067811855,31.0928929881874,
-1.66683200575335E-9));
#33380=DIRECTION('',(0.707106781186864,-0.707106781186231,0.));
#33390=DIRECTION('',(-0.707106781186231,-0.707106781186864,0.));
#33400=AXIS2_PLACEMENT_3D('',#33370,#33380,#33390);
#33410=PLANE('',#33400);
#33420=ORIENTED_EDGE('',*,*,#7730,.T.);
#33430=ORIENTED_EDGE('',*,*,#16020,.F.);
#33440=ORIENTED_EDGE('',*,*,#3280,.F.);
#33450=CARTESIAN_POINT('',(-22.3082245717672,32.3917751976069,
-1.66683200575335E-9));
#33460=DIRECTION('',(0.,0.,1.));
#33470=VECTOR('',#33460,1.);
#33480=LINE('',#33450,#33470);
#33490=EDGE_CURVE('',#3190,#7720,#33480,.T.);
#33500=ORIENTED_EDGE('',*,*,#33490,.F.);
#33510=EDGE_LOOP('',(#33500,#33440,#33430,#33420));
#33520=FACE_OUTER_BOUND('',#33510,.T.);
#33530=ADVANCED_FACE('',(#33520),#33410,.F.);
#33540=COLOUR_RGB('',1.,0.839215755462646,0.301960796117783);
#33550=FILL_AREA_STYLE_COLOUR('',#33540);
#33560=FILL_AREA_STYLE('',(#33550));
#33570=SURFACE_STYLE_FILL_AREA(#33560);
#33580=SURFACE_SIDE_STYLE('',(#33570));
#33590=SURFACE_STYLE_USAGE(.BOTH.,#33580);
#33600=PRESENTATION_STYLE_ASSIGNMENT((#33590));
#33610=CARTESIAN_POINT('',(-20.3497831816801,31.3732970389006,
-1.66683200575335E-9));
#33620=DIRECTION('',(-0.707106781186547,0.707106781186548,0.));
#33630=DIRECTION('',(0.707106781186548,0.707106781186547,0.));
#33640=AXIS2_PLACEMENT_3D('',#33610,#33620,#33630);
#33650=PLANE('',#33640);
#33660=ORIENTED_EDGE('',*,*,#7890,.T.);
#33670=CARTESIAN_POINT('',(-20.1656536597934,31.5574265607873,
-1.66683200575335E-9));
#33680=DIRECTION('',(0.,0.,1.));
#33690=VECTOR('',#33680,1.);
#33700=LINE('',#33670,#33690);
#33710=EDGE_CURVE('',#3110,#7800,#33700,.T.);
#33720=ORIENTED_EDGE('',*,*,#33710,.T.);
#33730=ORIENTED_EDGE('',*,*,#3120,.F.);
#33740=CARTESIAN_POINT('',(-20.5389342456476,31.184145974933,
-1.66683200575335E-9));
#33750=DIRECTION('',(0.,0.,-1.));
#33760=VECTOR('',#33750,1.);
#33770=LINE('',#33740,#33760);
#33780=EDGE_CURVE('',#7880,#3030,#33770,.T.);
#33790=ORIENTED_EDGE('',*,*,#33780,.T.);
#33800=EDGE_LOOP('',(#33790,#33730,#33720,#33660));
#33810=FACE_OUTER_BOUND('',#33800,.T.);
#33820=ADVANCED_FACE('',(#33810),#33650,.F.);
#33830=COLOUR_RGB('',1.,0.839215755462646,0.301960796117783);
#33840=FILL_AREA_STYLE_COLOUR('',#33830);
#33850=FILL_AREA_STYLE('',(#33840));
#33860=SURFACE_STYLE_FILL_AREA(#33850);
#33870=SURFACE_SIDE_STYLE('',(#33860));
#33880=SURFACE_STYLE_USAGE(.BOTH.,#33870);
#33890=PRESENTATION_STYLE_ASSIGNMENT((#33880));
#33900=CARTESIAN_POINT('',(-16.5342557111293,35.5259652421383,
-1.66683200575335E-9));
#33910=DIRECTION('',(0.931839057156251,0.362871839026052,0.));
#33920=DIRECTION('',(0.362871839026052,-0.931839057156251,0.));
#33930=AXIS2_PLACEMENT_3D('',#33900,#33910,#33920);
#33940=PLANE('',#33930);
#33950=ORIENTED_EDGE('',*,*,#8290,.T.);
#33960=CARTESIAN_POINT('',(-16.439764440498,35.2833157800834,
-1.66683200575335E-9));
#33970=DIRECTION('',(0.,0.,1.));
#33980=VECTOR('',#33970,1.);
#33990=LINE('',#33960,#33980);
#34000=EDGE_CURVE('',#2710,#8200,#33990,.T.);
#34010=ORIENTED_EDGE('',*,*,#34000,.T.);
#34020=ORIENTED_EDGE('',*,*,#2720,.F.);
#34030=CARTESIAN_POINT('',(-17.2741130773157,37.4258866920575,
-1.66683200575335E-9));
#34040=DIRECTION('',(0.,0.,1.));
#34050=VECTOR('',#34040,1.);
#34060=LINE('',#34030,#34050);
#34070=EDGE_CURVE('',#2630,#8280,#34060,.T.);
#34080=ORIENTED_EDGE('',*,*,#34070,.F.);
#34090=EDGE_LOOP('',(#34080,#34020,#34010,#33950));
#34100=FACE_OUTER_BOUND('',#34090,.T.);
#34110=ADVANCED_FACE('',(#34100),#33940,.F.);
#34120=COLOUR_RGB('',1.,0.839215755462646,0.301960796117783);
#34130=FILL_AREA_STYLE_COLOUR('',#34120);
#34140=FILL_AREA_STYLE('',(#34130));
#34150=SURFACE_STYLE_FILL_AREA(#34140);
#34160=SURFACE_SIDE_STYLE('',(#34150));
#34170=SURFACE_STYLE_USAGE(.BOTH.,#34160);
#34180=PRESENTATION_STYLE_ASSIGNMENT((#34170));
#34190=CARTESIAN_POINT('',(-14.2857864376252,39.999999769375,
-1.66683200575335E-9));
#34200=DIRECTION('',(-0.,-1.,-0.));
#34210=DIRECTION('',(-1.,0.,0.));
#34220=AXIS2_PLACEMENT_3D('',#34190,#34200,#34210);
#34230=PLANE('',#34220);
#34240=CARTESIAN_POINT('',(-11.2249999999995,39.999999769375,
-3.45000000166479));
#34250=DIRECTION('',(0.,-1.,0.));
#34260=DIRECTION('',(-1.,0.,0.));
#34270=AXIS2_PLACEMENT_3D('',#34240,#34250,#34260);
#34280=CIRCLE('',#34270,2.55);
#34290=CARTESIAN_POINT('',(-13.7749999999995,39.999999769375,
-3.45000000166479));
#34300=VERTEX_POINT('',#34290);
#34310=CARTESIAN_POINT('',(-8.67499999999952,39.999999769375,
-3.45000000166479));
#34320=VERTEX_POINT('',#34310);
#34330=EDGE_CURVE('',#34300,#34320,#34280,.T.);
#34340=ORIENTED_EDGE('',*,*,#34330,.T.);
#34350=EDGE_CURVE('',#34320,#34300,#34280,.T.);
#34360=ORIENTED_EDGE('',*,*,#34350,.T.);
#34370=EDGE_LOOP('',(#34360,#34340));
#34380=FACE_BOUND('',#34370,.T.);
#34390=ORIENTED_EDGE('',*,*,#8450,.T.);
#34400=CARTESIAN_POINT('',(-14.6999999999982,39.999999769375,
-1.66683200575335E-9));
#34410=DIRECTION('',(0.,0.,1.));
#34420=VECTOR('',#34410,1.);
#34430=LINE('',#34400,#34420);
#34440=EDGE_CURVE('',#2550,#8360,#34430,.T.);
#34450=ORIENTED_EDGE('',*,*,#34440,.T.);
#34460=ORIENTED_EDGE('',*,*,#2560,.F.);
#34470=CARTESIAN_POINT('',(-7.29999999999067,39.999999769375,
-1.66683200575335E-9));
#34480=DIRECTION('',(0.,0.,1.));
#34490=VECTOR('',#34480,1.);
#34500=LINE('',#34470,#34490);
#34510=EDGE_CURVE('',#2470,#8440,#34500,.T.);
#34520=ORIENTED_EDGE('',*,*,#34510,.F.);
#34530=EDGE_LOOP('',(#34520,#34460,#34450,#34390));
#34540=FACE_OUTER_BOUND('',#34530,.T.);
#34550=ADVANCED_FACE('',(#34380,#34540),#34230,.F.);
#34560=COLOUR_RGB('',1.,0.839215755462646,0.301960796117783);
#34570=FILL_AREA_STYLE_COLOUR('',#34560);
#34580=FILL_AREA_STYLE('',(#34570));
#34590=SURFACE_STYLE_FILL_AREA(#34580);
#34600=SURFACE_SIDE_STYLE('',(#34590));
#34610=SURFACE_STYLE_USAGE(.BOTH.,#34600);
#34620=PRESENTATION_STYLE_ASSIGNMENT((#34610));
#34630=CARTESIAN_POINT('',(-11.2249999999995,39.999999769375,
-3.45000000166479));
#34640=DIRECTION('',(0.,-1.,0.));
#34650=DIRECTION('',(-1.,0.,0.));
#34660=AXIS2_PLACEMENT_3D('',#34630,#34640,#34650);
#34670=CYLINDRICAL_SURFACE('',#34660,2.55);
#34680=CARTESIAN_POINT('',(-8.67499999999952,39.999999769375,
-3.45000000166479));
#34690=DIRECTION('',(0.,-1.,0.));
#34700=VECTOR('',#34690,1.);
#34710=LINE('',#34680,#34700);
#34720=CARTESIAN_POINT('',(-8.67499999999952,34.6999997693834,
-3.45000000166479));
#34730=VERTEX_POINT('',#34720);
#34740=EDGE_CURVE('',#34320,#34730,#34710,.T.);
#34750=ORIENTED_EDGE('',*,*,#34740,.T.);
#34760=ORIENTED_EDGE('',*,*,#34350,.F.);
#34770=CARTESIAN_POINT('',(-13.7749999999995,39.999999769375,
-3.45000000166479));
#34780=DIRECTION('',(0.,-1.,0.));
#34790=VECTOR('',#34780,1.);
#34800=LINE('',#34770,#34790);
#34810=CARTESIAN_POINT('',(-13.7749999999995,34.6999997693834,
-3.45000000166479));
#34820=VERTEX_POINT('',#34810);
#34830=EDGE_CURVE('',#34300,#34820,#34800,.T.);
#34840=ORIENTED_EDGE('',*,*,#34830,.F.);
#34850=CARTESIAN_POINT('',(-11.2249999999995,34.6999997693834,
-3.45000000166479));
#34860=DIRECTION('',(0.,-1.,0.));
#34870=DIRECTION('',(-1.,0.,0.));
#34880=AXIS2_PLACEMENT_3D('',#34850,#34860,#34870);
#34890=CIRCLE('',#34880,2.55);
#34900=CARTESIAN_POINT('',(-13.3745904158167,34.6999997693834,
-2.07822704514941));
#34910=VERTEX_POINT('',#34900);
#34920=EDGE_CURVE('',#34910,#34820,#34890,.T.);
#34930=ORIENTED_EDGE('',*,*,#34920,.T.);
#34940=CARTESIAN_POINT('',(-13.3745904158167,39.999999769375,
-2.07822704514941));
#34950=DIRECTION('',(0.,-1.,0.));
#34960=VECTOR('',#34950,1.);
#34970=LINE('',#34940,#34960);
#34980=CARTESIAN_POINT('',(-13.3745904158167,33.3999997694256,
-2.07822704514941));
#34990=VERTEX_POINT('',#34980);
#35000=EDGE_CURVE('',#34910,#34990,#34970,.T.);
#35010=ORIENTED_EDGE('',*,*,#35000,.F.);
#35020=CARTESIAN_POINT('',(-11.2249999999995,33.3999997693834,
-3.45000000166479));
#35030=DIRECTION('',(0.,-1.,0.));
#35040=DIRECTION('',(-1.,0.,0.));
#35050=AXIS2_PLACEMENT_3D('',#35020,#35030,#35040);
#35060=CIRCLE('',#35050,2.55);
#35070=CARTESIAN_POINT('',(-12.5967729565107,33.3999997693834,
-1.30040958584496));
#35080=VERTEX_POINT('',#35070);
#35090=EDGE_CURVE('',#35080,#34990,#35060,.T.);
#35100=ORIENTED_EDGE('',*,*,#35090,.T.);
#35110=CARTESIAN_POINT('',(-12.5967729565107,39.999999769375,
-1.30040958584496));
#35120=DIRECTION('',(0.,-1.,0.));
#35130=VECTOR('',#35120,1.);
#35140=LINE('',#35110,#35130);
#35150=CARTESIAN_POINT('',(-12.5967729565107,34.6999997693834,
-1.30040958584496));
#35160=VERTEX_POINT('',#35150);
#35170=EDGE_CURVE('',#35160,#35080,#35140,.T.);
#35180=ORIENTED_EDGE('',*,*,#35170,.T.);
#35190=CARTESIAN_POINT('',(-11.2249999999995,34.6999997693834,
-3.45000000166479));
#35200=DIRECTION('',(0.,-1.,0.));
#35210=DIRECTION('',(-1.,0.,0.));
#35220=AXIS2_PLACEMENT_3D('',#35190,#35200,#35210);
#35230=CIRCLE('',#35220,2.55);
#35240=EDGE_CURVE('',#34730,#35160,#35230,.T.);
#35250=ORIENTED_EDGE('',*,*,#35240,.T.);
#35260=EDGE_LOOP('',(#35250,#35180,#35100,#35010,#34930,#34840,#34760,
#34750));
#35270=FACE_OUTER_BOUND('',#35260,.T.);
#35280=ADVANCED_FACE('',(#35270),#34670,.F.);
#35290=COLOUR_RGB('',0.313725501298904,0.784313797950745,
0.313725501298904);
#35300=FILL_AREA_STYLE_COLOUR('',#35290);
#35310=FILL_AREA_STYLE('',(#35300));
#35320=SURFACE_STYLE_FILL_AREA(#35310);
#35330=SURFACE_SIDE_STYLE('',(#35320));
#35340=SURFACE_STYLE_USAGE(.BOTH.,#35330);
#35350=PRESENTATION_STYLE_ASSIGNMENT((#35340));
#35360=CARTESIAN_POINT('',(-9.48322732345935,33.3999997693834,
-5.96959013750675));
#35370=DIRECTION('',(-0.707106781186548,0.,-0.707106781186547));
#35380=DIRECTION('',(0.,1.,0.));
#35390=AXIS2_PLACEMENT_3D('',#35360,#35370,#35380);
#35400=PLANE('',#35390);
#35410=CARTESIAN_POINT('',(-15.4528174592993,33.3999997694256,
-1.66683200575335E-9));
#35420=DIRECTION('',(-0.707106781186547,0.,0.707106781186548));
#35430=VECTOR('',#35420,1.);
#35440=LINE('',#35410,#35430);
#35450=CARTESIAN_POINT('',(-9.85322704348414,33.3999997694256,
-5.59959041748196));
#35460=VERTEX_POINT('',#35450);
#35470=EDGE_CURVE('',#35460,#34990,#35440,.T.);
#35480=ORIENTED_EDGE('',*,*,#35470,.F.);
#35490=ORIENTED_EDGE('',*,*,#35000,.T.);
#35500=CARTESIAN_POINT('',(-11.6139087296467,34.6999997693834,
-3.8389087313194));
#35510=DIRECTION('',(0.707106781186547,0.,-0.707106781186548));
#35520=VECTOR('',#35510,1.);
#35530=LINE('',#35500,#35520);
#35540=CARTESIAN_POINT('',(-9.85322704348414,34.6999997693834,
-5.59959041748196));
#35550=VERTEX_POINT('',#35540);
#35560=EDGE_CURVE('',#34910,#35550,#35530,.T.);
#35570=ORIENTED_EDGE('',*,*,#35560,.F.);
#35580=CARTESIAN_POINT('',(-9.85322704348414,39.999999769375,
-5.59959041748196));
#35590=DIRECTION('',(0.,-1.,0.));
#35600=VECTOR('',#35590,1.);
#35610=LINE('',#35580,#35600);
#35620=EDGE_CURVE('',#35550,#35460,#35610,.T.);
#35630=ORIENTED_EDGE('',*,*,#35620,.F.);
#35640=EDGE_LOOP('',(#35630,#35570,#35490,#35480));
#35650=FACE_OUTER_BOUND('',#35640,.T.);
#35660=ADVANCED_FACE('',(#35650),#35400,.F.);
#35670=COLOUR_RGB('',0.823529481887817,0.823529481887817,
0.784313797950745);
#35680=FILL_AREA_STYLE_COLOUR('',#35670);
#35690=FILL_AREA_STYLE('',(#35680));
#35700=SURFACE_STYLE_FILL_AREA(#35690);
#35710=SURFACE_SIDE_STYLE('',(#35700));
#35720=SURFACE_STYLE_USAGE(.BOTH.,#35710);
#35730=PRESENTATION_STYLE_ASSIGNMENT((#35720));
#35740=CARTESIAN_POINT('',(-10.4281119087371,34.6999997693834,
-2.65311191040976));
#35750=DIRECTION('',(0.,-1.,-0.));
#35760=DIRECTION('',(-0.707106781186548,0.,-0.707106781186547));
#35770=AXIS2_PLACEMENT_3D('',#35740,#35750,#35760);
#35780=PLANE('',#35770);
#35790=ORIENTED_EDGE('',*,*,#35560,.T.);
#35800=ORIENTED_EDGE('',*,*,#34920,.F.);
#35810=EDGE_CURVE('',#34820,#35550,#34890,.T.);
#35820=ORIENTED_EDGE('',*,*,#35810,.F.);
#35830=EDGE_LOOP('',(#35820,#35800,#35790));
#35840=FACE_OUTER_BOUND('',#35830,.T.);
#35850=ADVANCED_FACE('',(#35840),#35780,.F.);
#35860=COLOUR_RGB('',0.823529481887817,0.823529481887817,
0.784313797950745);
#35870=FILL_AREA_STYLE_COLOUR('',#35860);
#35880=FILL_AREA_STYLE('',(#35870));
#35890=SURFACE_STYLE_FILL_AREA(#35880);
#35900=SURFACE_SIDE_STYLE('',(#35890));
#35910=SURFACE_STYLE_USAGE(.BOTH.,#35900);
#35920=PRESENTATION_STYLE_ASSIGNMENT((#35910));
#35930=CARTESIAN_POINT('',(-8.02173438454709,33.3999997694256,
-3.45000000166479));
#35940=DIRECTION('',(-0.,1.,0.));
#35950=DIRECTION('',(1.,0.,0.));
#35960=AXIS2_PLACEMENT_3D('',#35930,#35940,#35950);
#35970=PLANE('',#35960);
#35980=ORIENTED_EDGE('',*,*,#35090,.F.);
#35990=ORIENTED_EDGE('',*,*,#35470,.T.);
#36000=CARTESIAN_POINT('',(-9.07540958417969,33.3999997693834,
-4.82177295817601));
#36010=VERTEX_POINT('',#36000);
#36020=EDGE_CURVE('',#35460,#36010,#35060,.T.);
#36030=ORIENTED_EDGE('',*,*,#36020,.F.);
#36040=CARTESIAN_POINT('',(-13.8971825406889,33.3999997694256,
-1.66683200575335E-9));
#36050=DIRECTION('',(0.707106781186547,0.,-0.707106781186548));
#36060=VECTOR('',#36050,1.);
#36070=LINE('',#36040,#36060);
#36080=EDGE_CURVE('',#35080,#36010,#36070,.T.);
#36090=ORIENTED_EDGE('',*,*,#36080,.T.);
#36100=EDGE_LOOP('',(#36090,#36030,#35990,#35980));
#36110=FACE_OUTER_BOUND('',#36100,.T.);
#36120=ADVANCED_FACE('',(#36110),#35970,.T.);
#36130=COLOUR_RGB('',0.823529481887817,0.823529481887817,
0.784313797950745);
#36140=FILL_AREA_STYLE_COLOUR('',#36130);
#36150=FILL_AREA_STYLE('',(#36140));
#36160=SURFACE_STYLE_FILL_AREA(#36150);
#36170=SURFACE_SIDE_STYLE('',(#36160));
#36180=SURFACE_STYLE_USAGE(.BOTH.,#36170);
#36190=PRESENTATION_STYLE_ASSIGNMENT((#36180));
#36200=CARTESIAN_POINT('',(-10.8360912703415,34.6999997693834,
-3.0610912720142));
#36210=DIRECTION('',(-0.707106781186547,0.,0.707106781186548));
#36220=VECTOR('',#36210,1.);
#36230=LINE('',#36200,#36220);
#36240=CARTESIAN_POINT('',(-9.07540958417969,34.6999997693834,
-4.82177295817601));
#36250=VERTEX_POINT('',#36240);
#36260=EDGE_CURVE('',#36250,#35160,#36230,.T.);
#36270=ORIENTED_EDGE('',*,*,#36260,.T.);
#36280=EDGE_CURVE('',#36250,#34730,#35230,.T.);
#36290=ORIENTED_EDGE('',*,*,#36280,.F.);
#36300=ORIENTED_EDGE('',*,*,#35240,.F.);
#36310=EDGE_LOOP('',(#36300,#36290,#36270));
#36320=FACE_OUTER_BOUND('',#36310,.T.);
#36330=ADVANCED_FACE('',(#36320),#35780,.F.);
#36340=COLOUR_RGB('',0.823529481887817,0.823529481887817,
0.784313797950745);
#36350=FILL_AREA_STYLE_COLOUR('',#36340);
#36360=FILL_AREA_STYLE('',(#36350));
#36370=SURFACE_STYLE_FILL_AREA(#36360);
#36380=SURFACE_SIDE_STYLE('',(#36370));
#36390=SURFACE_STYLE_USAGE(.BOTH.,#36380);
#36400=PRESENTATION_STYLE_ASSIGNMENT((#36390));
#36410=CARTESIAN_POINT('',(-8.70540986415416,34.6999997693834,
-5.19177267820155));
#36420=DIRECTION('',(0.707106781186548,0.,0.707106781186547));
#36430=DIRECTION('',(0.,-1.,0.));
#36440=AXIS2_PLACEMENT_3D('',#36410,#36420,#36430);
#36450=PLANE('',#36440);
#36460=ORIENTED_EDGE('',*,*,#36260,.F.);
#36470=ORIENTED_EDGE('',*,*,#35170,.F.);
#36480=ORIENTED_EDGE('',*,*,#36080,.F.);
#36490=CARTESIAN_POINT('',(-9.07540958417969,39.999999769375,
-4.82177295817601));
#36500=DIRECTION('',(0.,-1.,0.));
#36510=VECTOR('',#36500,1.);
#36520=LINE('',#36490,#36510);
#36530=EDGE_CURVE('',#36250,#36010,#36520,.T.);
#36540=ORIENTED_EDGE('',*,*,#36530,.T.);
#36550=EDGE_LOOP('',(#36540,#36480,#36470,#36460));
#36560=FACE_OUTER_BOUND('',#36550,.T.);
#36570=ADVANCED_FACE('',(#36560),#36450,.F.);
#36580=COLOUR_RGB('',0.823529481887817,0.823529481887817,
0.784313797950745);
#36590=FILL_AREA_STYLE_COLOUR('',#36580);
#36600=FILL_AREA_STYLE('',(#36590));
#36610=SURFACE_STYLE_FILL_AREA(#36600);
#36620=SURFACE_SIDE_STYLE('',(#36610));
#36630=SURFACE_STYLE_USAGE(.BOTH.,#36620);
#36640=PRESENTATION_STYLE_ASSIGNMENT((#36630));
#36650=CARTESIAN_POINT('',(-6.09999999999095,36.614863375676,
-1.66683200575335E-9));
#36660=DIRECTION('',(-1.,-2.01948391736579E-28,-0.));
#36670=DIRECTION('',(-2.01948391736579E-28,1.,0.));
#36680=AXIS2_PLACEMENT_3D('',#36650,#36660,#36670);
#36690=PLANE('',#36680);
#36700=CARTESIAN_POINT('',(-6.09999999998987,30.9999997693762,
-7.39999999999743));
#36710=DIRECTION('',(2.01948391736579E-28,-1.,1.12998499446348E-12));
#36720=VECTOR('',#36710,1.);
#36730=LINE('',#36700,#36720);
#36740=CARTESIAN_POINT('',(-6.09999999999095,30.9999997693762,
-7.39999999999743));
#36750=VERTEX_POINT('',#36740);
#36760=CARTESIAN_POINT('',(-6.09999999998987,20.8999997693675,
-7.39999999998602));
#36770=VERTEX_POINT('',#36760);
#36780=EDGE_CURVE('',#36750,#36770,#36730,.T.);
#36790=ORIENTED_EDGE('',*,*,#36780,.F.);
#36800=CARTESIAN_POINT('',(-6.09999999998987,20.8999997693751,
-0.675000001637527));
#36810=DIRECTION('',(1.56370996725709E-40,-1.12998499446348E-12,-1.));
#36820=VECTOR('',#36810,1.);
#36830=LINE('',#36800,#36820);
#36840=CARTESIAN_POINT('',(-6.09999999998987,20.8999997693751,
-0.675000001637527));
#36850=VERTEX_POINT('',#36840);
#36860=EDGE_CURVE('',#36850,#36770,#36830,.T.);
#36870=ORIENTED_EDGE('',*,*,#36860,.T.);
#36880=CARTESIAN_POINT('',(-6.09999999998987,30.9999997693838,
-0.67500000164894));
#36890=DIRECTION('',(2.01948391736579E-28,-1.,1.12998499446348E-12));
#36900=VECTOR('',#36890,1.);
#36910=LINE('',#36880,#36900);
#36920=CARTESIAN_POINT('',(-6.09999999999095,30.9999997693838,
-0.67500000164894));
#36930=VERTEX_POINT('',#36920);
#36940=EDGE_CURVE('',#36930,#36850,#36910,.T.);
#36950=ORIENTED_EDGE('',*,*,#36940,.T.);
#36960=CARTESIAN_POINT('',(-6.09999999999095,30.9999997693846,
-1.66683200575335E-9));
#36970=DIRECTION('',(0.,0.,-1.));
#36980=VECTOR('',#36970,1.);
#36990=LINE('',#36960,#36980);
#37000=EDGE_CURVE('',#8600,#36930,#36990,.T.);
#37010=ORIENTED_EDGE('',*,*,#37000,.T.);
#37020=ORIENTED_EDGE('',*,*,#8610,.F.);
#37030=CARTESIAN_POINT('',(-6.09999999999095,36.7030268660302,
-1.66683200575335E-9));
#37040=DIRECTION('',(0.,0.,1.));
#37050=VECTOR('',#37040,1.);
#37060=LINE('',#37030,#37050);
#37070=EDGE_CURVE('',#2390,#8520,#37060,.T.);
#37080=ORIENTED_EDGE('',*,*,#37070,.T.);
#37090=ORIENTED_EDGE('',*,*,#2400,.T.);
#37100=EDGE_CURVE('',#36750,#2310,#36990,.T.);
#37110=ORIENTED_EDGE('',*,*,#37100,.T.);
#37120=EDGE_LOOP('',(#37110,#37090,#37080,#37020,#37010,#36950,#36870,
#36790));
#37130=FACE_OUTER_BOUND('',#37120,.T.);
#37140=ADVANCED_FACE('',(#37130),#36690,.F.);
#37150=COLOUR_RGB('',1.,0.839215755462646,0.301960796117783);
#37160=FILL_AREA_STYLE_COLOUR('',#37150);
#37170=FILL_AREA_STYLE('',(#37160));
#37180=SURFACE_STYLE_FILL_AREA(#37170);
#37190=SURFACE_SIDE_STYLE('',(#37180));
#37200=SURFACE_STYLE_USAGE(.BOTH.,#37190);
#37210=PRESENTATION_STYLE_ASSIGNMENT((#37200));
#37220=CARTESIAN_POINT('',(1.93015368961672,36.7858734473391,
-1.66683200575335E-9));
#37230=DIRECTION('',(0.939692620785908,-0.342020143325669,0.));
#37240=DIRECTION('',(-0.342020143325669,-0.939692620785908,0.));
#37250=AXIS2_PLACEMENT_3D('',#37220,#37230,#37240);
#37260=PLANE('',#37250);
#37270=ORIENTED_EDGE('',*,*,#8850,.T.);
#37280=CARTESIAN_POINT('',(1.9000000000096,36.7030268660303,
-1.66683200575335E-9));
#37290=DIRECTION('',(0.,0.,1.));
#37300=VECTOR('',#37290,1.);
#37310=LINE('',#37280,#37300);
#37320=EDGE_CURVE('',#2150,#8760,#37310,.T.);
#37330=ORIENTED_EDGE('',*,*,#37320,.T.);
#37340=ORIENTED_EDGE('',*,*,#2160,.F.);
#37350=CARTESIAN_POINT('',(3.10000000000931,39.999999769375,
-1.66683200575335E-9));
#37360=DIRECTION('',(0.,0.,1.));
#37370=VECTOR('',#37360,1.);
#37380=LINE('',#37350,#37370);
#37390=EDGE_CURVE('',#2070,#8840,#37380,.T.);
#37400=ORIENTED_EDGE('',*,*,#37390,.F.);
#37410=EDGE_LOOP('',(#37400,#37340,#37330,#37270));
#37420=FACE_OUTER_BOUND('',#37410,.T.);
#37430=ADVANCED_FACE('',(#37420),#37260,.F.);
#37440=COLOUR_RGB('',1.,0.839215755462646,0.301960796117783);
#37450=FILL_AREA_STYLE_COLOUR('',#37440);
#37460=FILL_AREA_STYLE('',(#37450));
#37470=SURFACE_STYLE_FILL_AREA(#37460);
#37480=SURFACE_SIDE_STYLE('',(#37470));
#37490=SURFACE_STYLE_USAGE(.BOTH.,#37480);
#37500=PRESENTATION_STYLE_ASSIGNMENT((#37490));
#37510=CARTESIAN_POINT('',(10.7928932188145,39.7071065505614,
-1.66683200575335E-9));
#37520=DIRECTION('',(-0.707106781186546,-0.707106781186549,-0.));
#37530=DIRECTION('',(-0.707106781186549,0.707106781186546,0.));
#37540=AXIS2_PLACEMENT_3D('',#37510,#37520,#37530);
#37550=PLANE('',#37540);
#37560=ORIENTED_EDGE('',*,*,#9010,.T.);
#37570=CARTESIAN_POINT('',(10.5000000000009,39.999999769375,
-1.66683200575335E-9));
#37580=DIRECTION('',(0.,0.,1.));
#37590=VECTOR('',#37580,1.);
#37600=LINE('',#37570,#37590);
#37610=EDGE_CURVE('',#1990,#8920,#37600,.T.);
#37620=ORIENTED_EDGE('',*,*,#37610,.T.);
#37630=ORIENTED_EDGE('',*,*,#2000,.F.);
#37640=CARTESIAN_POINT('',(13.0741130773184,37.4258866920575,
-1.66683200575335E-9));
#37650=DIRECTION('',(0.,0.,1.));
#37660=VECTOR('',#37650,1.);
#37670=LINE('',#37640,#37660);
#37680=EDGE_CURVE('',#1910,#9000,#37670,.T.);
#37690=ORIENTED_EDGE('',*,*,#37680,.F.);
#37700=EDGE_LOOP('',(#37690,#37630,#37620,#37560));
#37710=FACE_OUTER_BOUND('',#37700,.T.);
#37720=ADVANCED_FACE('',(#37710),#37550,.F.);
#37730=COLOUR_RGB('',1.,0.839215755462646,0.301960796117783);
#37740=FILL_AREA_STYLE_COLOUR('',#37730);
#37750=FILL_AREA_STYLE('',(#37740));
#37760=SURFACE_STYLE_FILL_AREA(#37750);
#37770=SURFACE_SIDE_STYLE('',(#37760));
#37780=SURFACE_STYLE_USAGE(.BOTH.,#37770);
#37790=PRESENTATION_STYLE_ASSIGNMENT((#37780));
#37800=CARTESIAN_POINT('',(12.055634918613,35.4674453019711,
-1.66683200575335E-9));
#37810=DIRECTION('',(0.707106781186547,0.707106781186548,0.));
#37820=DIRECTION('',(0.707106781186548,-0.707106781186547,0.));
#37830=AXIS2_PLACEMENT_3D('',#37800,#37810,#37820);
#37840=PLANE('',#37830);
#37850=ORIENTED_EDGE('',*,*,#9170,.T.);
#37860=CARTESIAN_POINT('',(12.2397644405007,35.2833157800834,
-1.66683200575335E-9));
#37870=DIRECTION('',(0.,0.,1.));
#37880=VECTOR('',#37870,1.);
#37890=LINE('',#37860,#37880);
#37900=EDGE_CURVE('',#1830,#9080,#37890,.T.);
#37910=ORIENTED_EDGE('',*,*,#37900,.T.);
#37920=ORIENTED_EDGE('',*,*,#1840,.F.);
#37930=CARTESIAN_POINT('',(11.8664838546453,35.656596365938,
-1.66683200575335E-9));
#37940=DIRECTION('',(0.,0.,-1.));
#37950=VECTOR('',#37940,1.);
#37960=LINE('',#37930,#37950);
#37970=EDGE_CURVE('',#9160,#1750,#37960,.T.);
#37980=ORIENTED_EDGE('',*,*,#37970,.T.);
#37990=EDGE_LOOP('',(#37980,#37920,#37910,#37850));
#38000=FACE_OUTER_BOUND('',#37990,.T.);
#38010=ADVANCED_FACE('',(#38000),#37840,.F.);
#38020=COLOUR_RGB('',1.,0.839215755462646,0.301960796117783);
#38030=FILL_AREA_STYLE_COLOUR('',#38020);
#38040=FILL_AREA_STYLE('',(#38030));
#38050=SURFACE_STYLE_FILL_AREA(#38040);
#38060=SURFACE_SIDE_STYLE('',(#38050));
#38070=SURFACE_STYLE_USAGE(.BOTH.,#38060);
#38080=PRESENTATION_STYLE_ASSIGNMENT((#38070));
#38090=CARTESIAN_POINT('',(16.2083031218518,31.6519178314192,
-1.66683200575335E-9));
#38100=DIRECTION('',(0.362871839026855,-0.931839057155939,0.));
#38110=DIRECTION('',(-0.931839057155939,-0.362871839026855,0.));
#38120=AXIS2_PLACEMENT_3D('',#38090,#38100,#38110);
#38130=PLANE('',#38120);
#38140=ORIENTED_EDGE('',*,*,#9570,.T.);
#38150=CARTESIAN_POINT('',(15.965653659796,31.5574265607873,
-1.66683200575335E-9));
#38160=DIRECTION('',(0.,0.,1.));
#38170=VECTOR('',#38160,1.);
#38180=LINE('',#38150,#38170);
#38190=EDGE_CURVE('',#1430,#9480,#38180,.T.);
#38200=ORIENTED_EDGE('',*,*,#38190,.T.);
#38210=ORIENTED_EDGE('',*,*,#1440,.F.);
#38220=CARTESIAN_POINT('',(18.1082245717725,32.391775197608,
-1.66683200575335E-9));
#38230=DIRECTION('',(0.,0.,1.));
#38240=VECTOR('',#38230,1.);
#38250=LINE('',#38220,#38240);
#38260=EDGE_CURVE('',#1350,#9560,#38250,.T.);
#38270=ORIENTED_EDGE('',*,*,#38260,.F.);
#38280=EDGE_LOOP('',(#38270,#38210,#38200,#38140));
#38290=FACE_OUTER_BOUND('',#38280,.T.);
#38300=ADVANCED_FACE('',(#38290),#38130,.F.);
#38310=COLOUR_RGB('',1.,0.839215755462646,0.301960796117783);
#38320=FILL_AREA_STYLE_COLOUR('',#38310);
#38330=FILL_AREA_STYLE('',(#38320));
#38340=SURFACE_STYLE_FILL_AREA(#38330);
#38350=SURFACE_SIDE_STYLE('',(#38340));
#38360=SURFACE_STYLE_USAGE(.BOTH.,#38350);
#38370=PRESENTATION_STYLE_ASSIGNMENT((#38360));
#38380=CARTESIAN_POINT('',(16.3389342456503,31.184145974933,
-1.66683200575335E-9));
#38390=DIRECTION('',(0.707106781186547,0.707106781186548,0.));
#38400=DIRECTION('',(0.707106781186548,-0.707106781186547,0.));
#38410=AXIS2_PLACEMENT_3D('',#38380,#38390,#38400);
#38420=PLANE('',#38410);
#38430=ORIENTED_EDGE('',*,*,#9490,.T.);
#38440=CARTESIAN_POINT('',(16.3389342456503,31.184145974933,
-1.66683200575335E-9));
#38450=DIRECTION('',(0.,0.,-1.));
#38460=VECTOR('',#38450,1.);
#38470=LINE('',#38440,#38460);
#38480=EDGE_CURVE('',#9400,#1510,#38470,.T.);
#38490=ORIENTED_EDGE('',*,*,#38480,.F.);
#38500=ORIENTED_EDGE('',*,*,#1520,.F.);
#38510=ORIENTED_EDGE('',*,*,#38190,.F.);
#38520=EDGE_LOOP('',(#38510,#38500,#38490,#38430));
#38530=FACE_OUTER_BOUND('',#38520,.T.);
#38540=ADVANCED_FACE('',(#38530),#38420,.F.);
#38550=COLOUR_RGB('',1.,0.839215755462646,0.301960796117783);
#38560=FILL_AREA_STYLE_COLOUR('',#38550);
#38570=FILL_AREA_STYLE('',(#38560));
#38580=SURFACE_STYLE_FILL_AREA(#38570);
#38590=SURFACE_SIDE_STYLE('',(#38580));
#38600=SURFACE_STYLE_USAGE(.BOTH.,#38590);
#38610=PRESENTATION_STYLE_ASSIGNMENT((#38600));
#38620=CARTESIAN_POINT('',(15.582329989781,30.4275417190637,
-1.66683200575335E-9));
#38630=DIRECTION('',(0.707106781186548,-0.707106781186547,0.));
#38640=DIRECTION('',(-0.707106781186547,-0.707106781186548,0.));
#38650=AXIS2_PLACEMENT_3D('',#38620,#38630,#38640);
#38660=PLANE('',#38650);
#38670=ORIENTED_EDGE('',*,*,#9410,.T.);
#38680=CARTESIAN_POINT('',(15.582329989781,30.4275417190637,
-1.66683200575335E-9));
#38690=DIRECTION('',(0.,0.,-1.));
#38700=VECTOR('',#38690,1.);
#38710=LINE('',#38680,#38700);
#38720=EDGE_CURVE('',#9320,#1590,#38710,.T.);
#38730=ORIENTED_EDGE('',*,*,#38720,.F.);
#38740=ORIENTED_EDGE('',*,*,#1600,.F.);
#38750=ORIENTED_EDGE('',*,*,#38480,.T.);
#38760=EDGE_LOOP('',(#38750,#38740,#38730,#38670));
#38770=FACE_OUTER_BOUND('',#38760,.T.);
#38780=ADVANCED_FACE('',(#38770),#38660,.F.);
#38790=COLOUR_RGB('',1.,0.839215755462646,0.301960796117783);
#38800=FILL_AREA_STYLE_COLOUR('',#38790);
#38810=FILL_AREA_STYLE('',(#38800));
#38820=SURFACE_STYLE_FILL_AREA(#38810);
#38830=SURFACE_SIDE_STYLE('',(#38820));
#38840=SURFACE_STYLE_USAGE(.BOTH.,#38830);
#38850=PRESENTATION_STYLE_ASSIGNMENT((#38840));
#38860=CARTESIAN_POINT('',(11.1098795987757,34.8999921100684,
-1.66683200575335E-9));
#38870=DIRECTION('',(-0.707106781186497,-0.707106781186598,-0.));
#38880=DIRECTION('',(-0.707106781186598,0.707106781186497,0.));
#38890=AXIS2_PLACEMENT_3D('',#38860,#38870,#38880);
#38900=PLANE('',#38890);
#38910=ORIENTED_EDGE('',*,*,#9330,.T.);
#38920=CARTESIAN_POINT('',(11.1098795987757,34.8999921100684,
-1.66683200575335E-9));
#38930=DIRECTION('',(0.,0.,-1.));
#38940=VECTOR('',#38930,1.);
#38950=LINE('',#38920,#38940);
#38960=EDGE_CURVE('',#9240,#1670,#38950,.T.);
#38970=ORIENTED_EDGE('',*,*,#38960,.F.);
#38980=ORIENTED_EDGE('',*,*,#1680,.F.);
#38990=ORIENTED_EDGE('',*,*,#38720,.T.);
#39000=EDGE_LOOP('',(#38990,#38980,#38970,#38910));
#39010=FACE_OUTER_BOUND('',#39000,.T.);
#39020=ADVANCED_FACE('',(#39010),#38900,.F.);
#39030=COLOUR_RGB('',1.,0.839215755462646,0.301960796117783);
#39040=FILL_AREA_STYLE_COLOUR('',#39030);
#39050=FILL_AREA_STYLE('',(#39040));
#39060=SURFACE_STYLE_FILL_AREA(#39050);
#39070=SURFACE_SIDE_STYLE('',(#39060));
#39080=SURFACE_STYLE_USAGE(.BOTH.,#39070);
#39090=PRESENTATION_STYLE_ASSIGNMENT((#39080));
#39100=CARTESIAN_POINT('',(11.8664838546453,35.656596365938,
-1.66683200575335E-9));
#39110=DIRECTION('',(-0.707106781186548,0.707106781186547,0.));
#39120=DIRECTION('',(0.707106781186547,0.707106781186548,0.));
#39130=AXIS2_PLACEMENT_3D('',#39100,#39110,#39120);
#39140=PLANE('',#39130);
#39150=ORIENTED_EDGE('',*,*,#9250,.T.);
#39160=ORIENTED_EDGE('',*,*,#37970,.F.);
#39170=ORIENTED_EDGE('',*,*,#1760,.F.);
#39180=ORIENTED_EDGE('',*,*,#38960,.T.);
#39190=EDGE_LOOP('',(#39180,#39170,#39160,#39150));
#39200=FACE_OUTER_BOUND('',#39190,.T.);
#39210=ADVANCED_FACE('',(#39200),#39140,.F.);
#39220=COLOUR_RGB('',1.,0.839215755462646,0.301960796117783);
#39230=FILL_AREA_STYLE_COLOUR('',#39220);
#39240=FILL_AREA_STYLE('',(#39230));
#39250=SURFACE_STYLE_FILL_AREA(#39240);
#39260=SURFACE_SIDE_STYLE('',(#39250));
#39270=SURFACE_STYLE_USAGE(.BOTH.,#39260);
#39280=PRESENTATION_STYLE_ASSIGNMENT((#39270));
#39290=CARTESIAN_POINT('',(12.837213784767,36.8175396403695,
-1.66683200575335E-9));
#39300=DIRECTION('',(-0.931839057156251,0.362871839026052,0.));
#39310=DIRECTION('',(0.362871839026052,0.931839057156251,0.));
#39320=AXIS2_PLACEMENT_3D('',#39290,#39300,#39310);
#39330=PLANE('',#39320);
#39340=ORIENTED_EDGE('',*,*,#9090,.T.);
#39350=ORIENTED_EDGE('',*,*,#37680,.T.);
#39360=ORIENTED_EDGE('',*,*,#1920,.F.);
#39370=ORIENTED_EDGE('',*,*,#37900,.F.);
#39380=EDGE_LOOP('',(#39370,#39360,#39350,#39340));
#39390=FACE_OUTER_BOUND('',#39380,.T.);
#39400=ADVANCED_FACE('',(#39390),#39330,.F.);
#39410=COLOUR_RGB('',1.,0.839215755462646,0.301960796117783);
#39420=FILL_AREA_STYLE_COLOUR('',#39410);
#39430=FILL_AREA_STYLE('',(#39420));
#39440=SURFACE_STYLE_FILL_AREA(#39430);
#39450=SURFACE_SIDE_STYLE('',(#39440));
#39460=SURFACE_STYLE_USAGE(.BOTH.,#39450);
#39470=PRESENTATION_STYLE_ASSIGNMENT((#39460));
#39480=CARTESIAN_POINT('',(3.45010376911417,39.999999769375,
-1.66683200575335E-9));
#39490=DIRECTION('',(-0.,-1.,-0.));
#39500=DIRECTION('',(-1.,0.,0.));
#39510=AXIS2_PLACEMENT_3D('',#39480,#39490,#39500);
#39520=PLANE('',#39510);
#39530=CARTESIAN_POINT('',(7.02500000000233,39.999999769375,
-3.45000000166479));
#39540=DIRECTION('',(0.,1.,0.));
#39550=DIRECTION('',(1.,0.,0.));
#39560=AXIS2_PLACEMENT_3D('',#39530,#39540,#39550);
#39570=CIRCLE('',#39560,2.55);
#39580=CARTESIAN_POINT('',(9.30231868455767,39.999999769375,
-4.5973097283625));
#39590=VERTEX_POINT('',#39580);
#39600=CARTESIAN_POINT('',(4.47500000000232,39.999999769375,
-3.45000000166479));
#39610=VERTEX_POINT('',#39600);
#39620=EDGE_CURVE('',#39590,#39610,#39570,.T.);
#39630=ORIENTED_EDGE('',*,*,#39620,.F.);
#39640=CARTESIAN_POINT('',(9.57500000000233,39.999999769375,
-3.45000000166479));
#39650=VERTEX_POINT('',#39640);
#39660=EDGE_CURVE('',#39610,#39650,#39570,.T.);
#39670=ORIENTED_EDGE('',*,*,#39660,.F.);
#39680=EDGE_CURVE('',#39650,#39590,#39570,.T.);
#39690=ORIENTED_EDGE('',*,*,#39680,.F.);
#39700=EDGE_LOOP('',(#39690,#39670,#39630));
#39710=FACE_BOUND('',#39700,.T.);
#39720=ORIENTED_EDGE('',*,*,#8930,.T.);
#39730=ORIENTED_EDGE('',*,*,#37390,.T.);
#39740=ORIENTED_EDGE('',*,*,#2080,.F.);
#39750=ORIENTED_EDGE('',*,*,#37610,.F.);
#39760=EDGE_LOOP('',(#39750,#39740,#39730,#39720));
#39770=FACE_OUTER_BOUND('',#39760,.T.);
#39780=ADVANCED_FACE('',(#39710,#39770),#39520,.F.);
#39790=COLOUR_RGB('',1.,0.839215755462646,0.301960796117783);
#39800=FILL_AREA_STYLE_COLOUR('',#39790);
#39810=FILL_AREA_STYLE('',(#39800));
#39820=SURFACE_STYLE_FILL_AREA(#39810);
#39830=SURFACE_SIDE_STYLE('',(#39820));
#39840=SURFACE_STYLE_USAGE(.BOTH.,#39830);
#39850=PRESENTATION_STYLE_ASSIGNMENT((#39840));
#39860=CARTESIAN_POINT('',(7.02500000000233,39.999999769375,
-3.45000000166479));
#39870=DIRECTION('',(0.,1.,0.));
#39880=DIRECTION('',(1.,0.,0.));
#39890=AXIS2_PLACEMENT_3D('',#39860,#39870,#39880);
#39900=CYLINDRICAL_SURFACE('',#39890,2.55);
#39910=CARTESIAN_POINT('',(7.02500000000233,33.3999997694256,
-3.45000000166479));
#39920=DIRECTION('',(0.,1.,0.));
#39930=DIRECTION('',(1.,0.,0.));
#39940=AXIS2_PLACEMENT_3D('',#39910,#39920,#39930);
#39950=CIRCLE('',#39940,2.55);
#39960=CARTESIAN_POINT('',(4.87540958418892,33.3999997694256,
-2.07822704514351));
#39970=VERTEX_POINT('',#39960);
#39980=CARTESIAN_POINT('',(5.653227043497,33.3999997694256,
-1.3004095858412));
#39990=VERTEX_POINT('',#39980);
#40000=EDGE_CURVE('',#39970,#39990,#39950,.T.);
#40010=ORIENTED_EDGE('',*,*,#40000,.F.);
#40020=CARTESIAN_POINT('',(5.653227043497,39.999999769375,
-1.3004095858412));
#40030=DIRECTION('',(0.,1.,0.));
#40040=VECTOR('',#40030,1.);
#40050=LINE('',#40020,#40040);
#40060=CARTESIAN_POINT('',(5.653227043497,34.6999997694256,
-1.3004095858412));
#40070=VERTEX_POINT('',#40060);
#40080=EDGE_CURVE('',#39990,#40070,#40050,.T.);
#40090=ORIENTED_EDGE('',*,*,#40080,.F.);
#40100=CARTESIAN_POINT('',(7.02500000000233,34.6999997694256,
-3.45000000166479));
#40110=DIRECTION('',(0.,1.,0.));
#40120=DIRECTION('',(1.,0.,0.));
#40130=AXIS2_PLACEMENT_3D('',#40100,#40110,#40120);
#40140=CIRCLE('',#40130,2.55);
#40150=CARTESIAN_POINT('',(9.57500000000233,34.6999997694256,
-3.45000000166479));
#40160=VERTEX_POINT('',#40150);
#40170=EDGE_CURVE('',#40070,#40160,#40140,.T.);
#40180=ORIENTED_EDGE('',*,*,#40170,.F.);
#40190=CARTESIAN_POINT('',(9.57500000000233,39.999999769375,
-3.45000000166479));
#40200=DIRECTION('',(0.,1.,0.));
#40210=VECTOR('',#40200,1.);
#40220=LINE('',#40190,#40210);
#40230=EDGE_CURVE('',#40160,#39650,#40220,.T.);
#40240=ORIENTED_EDGE('',*,*,#40230,.F.);
#40250=ORIENTED_EDGE('',*,*,#39660,.T.);
#40260=CARTESIAN_POINT('',(4.47500000000232,39.999999769375,
-3.45000000166479));
#40270=DIRECTION('',(0.,1.,0.));
#40280=VECTOR('',#40270,1.);
#40290=LINE('',#40260,#40280);
#40300=CARTESIAN_POINT('',(4.47500000000232,34.6999997694256,
-3.45000000166479));
#40310=VERTEX_POINT('',#40300);
#40320=EDGE_CURVE('',#40310,#39610,#40290,.T.);
#40330=ORIENTED_EDGE('',*,*,#40320,.T.);
#40340=CARTESIAN_POINT('',(7.02500000000233,34.6999997694256,
-3.45000000166479));
#40350=DIRECTION('',(0.,1.,0.));
#40360=DIRECTION('',(1.,0.,0.));
#40370=AXIS2_PLACEMENT_3D('',#40340,#40350,#40360);
#40380=CIRCLE('',#40370,2.55);
#40390=CARTESIAN_POINT('',(4.87540958418892,34.6999997694256,
-2.07822704514351));
#40400=VERTEX_POINT('',#40390);
#40410=EDGE_CURVE('',#40310,#40400,#40380,.T.);
#40420=ORIENTED_EDGE('',*,*,#40410,.F.);
#40430=CARTESIAN_POINT('',(4.87540958418892,39.999999769375,
-2.07822704514351));
#40440=DIRECTION('',(0.,1.,0.));
#40450=VECTOR('',#40440,1.);
#40460=LINE('',#40430,#40450);
#40470=EDGE_CURVE('',#39970,#40400,#40460,.T.);
#40480=ORIENTED_EDGE('',*,*,#40470,.T.);
#40490=EDGE_LOOP('',(#40480,#40420,#40330,#40250,#40240,#40180,#40090,
#40010));
#40500=FACE_OUTER_BOUND('',#40490,.T.);
#40510=ADVANCED_FACE('',(#40500),#39900,.F.);
#40520=COLOUR_RGB('',0.313725501298904,0.784313797950745,
0.313725501298904);
#40530=FILL_AREA_STYLE_COLOUR('',#40520);
#40540=FILL_AREA_STYLE('',(#40530));
#40550=SURFACE_STYLE_FILL_AREA(#40540);
#40560=SURFACE_SIDE_STYLE('',(#40550));
#40570=SURFACE_STYLE_USAGE(.BOTH.,#40560);
#40580=PRESENTATION_STYLE_ASSIGNMENT((#40570));
#40590=CARTESIAN_POINT('',(8.76677267654986,33.3999997694256,
-5.96959013750445));
#40600=DIRECTION('',(-0.707106781186548,0.,-0.707106781186547));
#40610=DIRECTION('',(0.,1.,0.));
#40620=AXIS2_PLACEMENT_3D('',#40590,#40600,#40610);
#40630=PLANE('',#40620);
#40640=CARTESIAN_POINT('',(6.63609127036251,34.6999997694256,
-3.8389087313171));
#40650=DIRECTION('',(0.707106781186547,0.,-0.707106781186548));
#40660=VECTOR('',#40650,1.);
#40670=LINE('',#40640,#40660);
#40680=CARTESIAN_POINT('',(8.39677295652361,34.6999997694256,
-5.59959041747821));
#40690=VERTEX_POINT('',#40680);
#40700=EDGE_CURVE('',#40400,#40690,#40670,.T.);
#40710=ORIENTED_EDGE('',*,*,#40700,.F.);
#40720=CARTESIAN_POINT('',(8.39677295652361,39.999999769375,
-5.5995904174782));
#40730=DIRECTION('',(0.,1.,0.));
#40740=VECTOR('',#40730,1.);
#40750=LINE('',#40720,#40740);
#40760=CARTESIAN_POINT('',(8.39677295652361,33.3999997694256,
-5.5995904174782));
#40770=VERTEX_POINT('',#40760);
#40780=EDGE_CURVE('',#40770,#40690,#40750,.T.);
#40790=ORIENTED_EDGE('',*,*,#40780,.T.);
#40800=CARTESIAN_POINT('',(2.79718254071224,33.3999997694256,
-1.66683200575335E-9));
#40810=DIRECTION('',(-0.707106781186547,0.,0.707106781186548));
#40820=VECTOR('',#40810,1.);
#40830=LINE('',#40800,#40820);
#40840=EDGE_CURVE('',#40770,#39970,#40830,.T.);
#40850=ORIENTED_EDGE('',*,*,#40840,.F.);
#40860=ORIENTED_EDGE('',*,*,#40470,.F.);
#40870=EDGE_LOOP('',(#40860,#40850,#40790,#40710));
#40880=FACE_OUTER_BOUND('',#40870,.T.);
#40890=ADVANCED_FACE('',(#40880),#40630,.F.);
#40900=COLOUR_RGB('',0.823529481887817,0.823529481887817,
0.784313797950745);
#40910=FILL_AREA_STYLE_COLOUR('',#40900);
#40920=FILL_AREA_STYLE('',(#40910));
#40930=SURFACE_STYLE_FILL_AREA(#40920);
#40940=SURFACE_SIDE_STYLE('',(#40930));
#40950=SURFACE_STYLE_USAGE(.BOTH.,#40940);
#40960=PRESENTATION_STYLE_ASSIGNMENT((#40950));
#40970=CARTESIAN_POINT('',(7.82188809127215,34.6999997694256,
-2.65311191040746));
#40980=DIRECTION('',(0.,-1.,-0.));
#40990=DIRECTION('',(-0.707106781186548,0.,-0.707106781186547));
#41000=AXIS2_PLACEMENT_3D('',#40970,#40980,#40990);
#41010=PLANE('',#41000);
#41020=EDGE_CURVE('',#40690,#40310,#40380,.T.);
#41030=ORIENTED_EDGE('',*,*,#41020,.T.);
#41040=ORIENTED_EDGE('',*,*,#40700,.T.);
#41050=ORIENTED_EDGE('',*,*,#40410,.T.);
#41060=EDGE_LOOP('',(#41050,#41040,#41030));
#41070=FACE_OUTER_BOUND('',#41060,.T.);
#41080=ADVANCED_FACE('',(#41070),#41010,.F.);
#41090=COLOUR_RGB('',0.823529481887817,0.823529481887817,
0.784313797950745);
#41100=FILL_AREA_STYLE_COLOUR('',#41090);
#41110=FILL_AREA_STYLE('',(#41100));
#41120=SURFACE_STYLE_FILL_AREA(#41110);
#41130=SURFACE_SIDE_STYLE('',(#41120));
#41140=SURFACE_STYLE_USAGE(.BOTH.,#41130);
#41150=PRESENTATION_STYLE_ASSIGNMENT((#41140));
#41160=CARTESIAN_POINT('',(-8.02173438454709,33.3999997694256,
-3.45000000166479));
#41170=DIRECTION('',(-0.,1.,0.));
#41180=DIRECTION('',(1.,0.,0.));
#41190=AXIS2_PLACEMENT_3D('',#41160,#41170,#41180);
#41200=PLANE('',#41190);
#41210=CARTESIAN_POINT('',(9.17459041582593,33.3999997694256,
-4.82177295817012));
#41220=VERTEX_POINT('',#41210);
#41230=EDGE_CURVE('',#41220,#40770,#39950,.T.);
#41240=ORIENTED_EDGE('',*,*,#41230,.T.);
#41250=CARTESIAN_POINT('',(4.35281745932264,33.3999997694256,
-1.66683200575335E-9));
#41260=DIRECTION('',(0.707106781186547,0.,-0.707106781186548));
#41270=VECTOR('',#41260,1.);
#41280=LINE('',#41250,#41270);
#41290=EDGE_CURVE('',#39990,#41220,#41280,.T.);
#41300=ORIENTED_EDGE('',*,*,#41290,.T.);
#41310=ORIENTED_EDGE('',*,*,#40000,.T.);
#41320=ORIENTED_EDGE('',*,*,#40840,.T.);
#41330=EDGE_LOOP('',(#41320,#41310,#41300,#41240));
#41340=FACE_OUTER_BOUND('',#41330,.T.);
#41350=ADVANCED_FACE('',(#41340),#41200,.T.);
#41360=COLOUR_RGB('',0.823529481887817,0.823529481887817,
0.784313797950745);
#41370=FILL_AREA_STYLE_COLOUR('',#41360);
#41380=FILL_AREA_STYLE('',(#41370));
#41390=SURFACE_STYLE_FILL_AREA(#41380);
#41400=SURFACE_SIDE_STYLE('',(#41390));
#41410=SURFACE_STYLE_USAGE(.BOTH.,#41400);
#41420=PRESENTATION_STYLE_ASSIGNMENT((#41410));
#41430=CARTESIAN_POINT('',(9.54459013585505,34.6999997694256,
-5.19177267819924));
#41440=DIRECTION('',(0.707106781186548,0.,0.707106781186547));
#41450=DIRECTION('',(0.,-1.,0.));
#41460=AXIS2_PLACEMENT_3D('',#41430,#41440,#41450);
#41470=PLANE('',#41460);
#41480=CARTESIAN_POINT('',(7.4139087296677,34.6999997694256,
-3.0610912720119));
#41490=DIRECTION('',(-0.707106781186547,0.,0.707106781186548));
#41500=VECTOR('',#41490,1.);
#41510=LINE('',#41480,#41500);
#41520=CARTESIAN_POINT('',(9.17459041582593,34.6999997694256,
-4.82177295817012));
#41530=VERTEX_POINT('',#41520);
#41540=EDGE_CURVE('',#41530,#40070,#41510,.T.);
#41550=ORIENTED_EDGE('',*,*,#41540,.F.);
#41560=ORIENTED_EDGE('',*,*,#40080,.T.);
#41570=ORIENTED_EDGE('',*,*,#41290,.F.);
#41580=CARTESIAN_POINT('',(9.17459041582593,39.999999769375,
-4.82177295817012));
#41590=DIRECTION('',(0.,1.,0.));
#41600=VECTOR('',#41590,1.);
#41610=LINE('',#41580,#41600);
#41620=EDGE_CURVE('',#41220,#41530,#41610,.T.);
#41630=ORIENTED_EDGE('',*,*,#41620,.F.);
#41640=EDGE_LOOP('',(#41630,#41570,#41560,#41550));
#41650=FACE_OUTER_BOUND('',#41640,.T.);
#41660=ADVANCED_FACE('',(#41650),#41470,.F.);
#41670=COLOUR_RGB('',0.823529481887817,0.823529481887817,
0.784313797950745);
#41680=FILL_AREA_STYLE_COLOUR('',#41670);
#41690=FILL_AREA_STYLE('',(#41680));
#41700=SURFACE_STYLE_FILL_AREA(#41690);
#41710=SURFACE_SIDE_STYLE('',(#41700));
#41720=SURFACE_STYLE_USAGE(.BOTH.,#41710);
#41730=PRESENTATION_STYLE_ASSIGNMENT((#41720));
#41740=ORIENTED_EDGE('',*,*,#40170,.T.);
#41750=ORIENTED_EDGE('',*,*,#41540,.T.);
#41760=EDGE_CURVE('',#40160,#41530,#40140,.T.);
#41770=ORIENTED_EDGE('',*,*,#41760,.T.);
#41780=EDGE_LOOP('',(#41770,#41750,#41740));
#41790=FACE_OUTER_BOUND('',#41780,.T.);
#41800=ADVANCED_FACE('',(#41790),#41010,.F.);
#41810=COLOUR_RGB('',0.823529481887817,0.823529481887817,
0.784313797950745);
#41820=FILL_AREA_STYLE_COLOUR('',#41810);
#41830=FILL_AREA_STYLE('',(#41820));
#41840=SURFACE_STYLE_FILL_AREA(#41830);
#41850=SURFACE_SIDE_STYLE('',(#41840));
#41860=SURFACE_STYLE_USAGE(.BOTH.,#41850);
#41870=PRESENTATION_STYLE_ASSIGNMENT((#41860));
#41880=CARTESIAN_POINT('',(1.9000000000096,30.9999997693846,
-1.66683200575335E-9));
#41890=DIRECTION('',(1.,0.,0.));
#41900=DIRECTION('',(0.,-1.,0.));
#41910=AXIS2_PLACEMENT_3D('',#41880,#41890,#41900);
#41920=PLANE('',#41910);
#41930=ORIENTED_EDGE('',*,*,#8770,.T.);
#41940=CARTESIAN_POINT('',(1.9000000000096,30.9999997693846,
-1.66683200575335E-9));
#41950=DIRECTION('',(0.,0.,-1.));
#41960=VECTOR('',#41950,1.);
#41970=LINE('',#41940,#41960);
#41980=CARTESIAN_POINT('',(1.9000000000096,30.9999997693838,
-0.675000001639014));
#41990=VERTEX_POINT('',#41980);
#42000=EDGE_CURVE('',#8680,#41990,#41970,.T.);
#42010=ORIENTED_EDGE('',*,*,#42000,.F.);
#42020=CARTESIAN_POINT('',(1.9000000000096,30.9999997693838,
-0.675000001639014));
#42030=DIRECTION('',(2.01948391736579E-28,-1.,1.12998499446348E-12));
#42040=VECTOR('',#42030,1.);
#42050=LINE('',#42020,#42040);
#42060=CARTESIAN_POINT('',(1.9000000000096,20.8999997693751,
-0.675000001627601));
#42070=VERTEX_POINT('',#42060);
#42080=EDGE_CURVE('',#41990,#42070,#42050,.T.);
#42090=ORIENTED_EDGE('',*,*,#42080,.F.);
#42100=CARTESIAN_POINT('',(1.9000000000096,20.8999997693675,
-7.39999999998614));
#42110=DIRECTION('',(-1.56370996725709E-40,1.12998499446348E-12,1.));
#42120=VECTOR('',#42110,1.);
#42130=LINE('',#42100,#42120);
#42140=CARTESIAN_POINT('',(1.9000000000096,20.8999997693751,
-2.87500000169192));
#42150=VERTEX_POINT('',#42140);
#42160=EDGE_CURVE('',#42150,#42070,#42130,.T.);
#42170=ORIENTED_EDGE('',*,*,#42160,.T.);
#42180=CARTESIAN_POINT('',(1.9000000000096,8.37903992059294,
-2.87500000169192));
#42190=DIRECTION('',(0.,-1.,0.));
#42200=VECTOR('',#42190,1.);
#42210=LINE('',#42180,#42200);
#42220=CARTESIAN_POINT('',(1.9000000000096,22.0361158229391,
-2.87500000169192));
#42230=VERTEX_POINT('',#42220);
#42240=EDGE_CURVE('',#42230,#42150,#42210,.T.);
#42250=ORIENTED_EDGE('',*,*,#42240,.T.);
#42260=CARTESIAN_POINT('',(1.9000000000096,22.0361158229391,0.));
#42270=DIRECTION('',(0.,0.,-1.));
#42280=VECTOR('',#42270,1.);
#42290=LINE('',#42260,#42280);
#42300=CARTESIAN_POINT('',(1.9000000000096,22.0361158229391,
-5.27500000169192));
#42310=VERTEX_POINT('',#42300);
#42320=EDGE_CURVE('',#42230,#42310,#42290,.T.);
#42330=ORIENTED_EDGE('',*,*,#42320,.F.);
#42340=CARTESIAN_POINT('',(1.9000000000096,8.37903992059294,
-5.27500000169192));
#42350=DIRECTION('',(0.,-1.,0.));
#42360=VECTOR('',#42350,1.);
#42370=LINE('',#42340,#42360);
#42380=CARTESIAN_POINT('',(1.9000000000096,20.8999997693751,
-5.27500000169192));
#42390=VERTEX_POINT('',#42380);
#42400=EDGE_CURVE('',#42310,#42390,#42370,.T.);
#42410=ORIENTED_EDGE('',*,*,#42400,.F.);
#42420=CARTESIAN_POINT('',(1.9000000000096,20.8999997693675,
-7.39999999998614));
#42430=VERTEX_POINT('',#42420);
#42440=EDGE_CURVE('',#42430,#42390,#42130,.T.);
#42450=ORIENTED_EDGE('',*,*,#42440,.T.);
#42460=CARTESIAN_POINT('',(1.9000000000096,30.9999997693762,
-7.39999999999755));
#42470=DIRECTION('',(2.01948391736579E-28,-1.,1.12998499446348E-12));
#42480=VECTOR('',#42470,1.);
#42490=LINE('',#42460,#42480);
#42500=CARTESIAN_POINT('',(1.9000000000096,30.9999997693762,
-7.39999999999755));
#42510=VERTEX_POINT('',#42500);
#42520=EDGE_CURVE('',#42510,#42430,#42490,.T.);
#42530=ORIENTED_EDGE('',*,*,#42520,.T.);
#42540=EDGE_CURVE('',#42510,#2230,#41970,.T.);
#42550=ORIENTED_EDGE('',*,*,#42540,.F.);
#42560=ORIENTED_EDGE('',*,*,#2240,.F.);
#42570=ORIENTED_EDGE('',*,*,#37320,.F.);
#42580=EDGE_LOOP('',(#42570,#42560,#42550,#42530,#42450,#42410,#42330,
#42250,#42170,#42090,#42010,#41930));
#42590=FACE_OUTER_BOUND('',#42580,.T.);
#42600=ADVANCED_FACE('',(#42590),#41920,.F.);
#42610=COLOUR_RGB('',1.,0.839215755462646,0.301960796117783);
#42620=FILL_AREA_STYLE_COLOUR('',#42610);
#42630=FILL_AREA_STYLE('',(#42620));
#42640=SURFACE_STYLE_FILL_AREA(#42630);
#42650=SURFACE_SIDE_STYLE('',(#42640));
#42660=SURFACE_STYLE_USAGE(.BOTH.,#42650);
#42670=PRESENTATION_STYLE_ASSIGNMENT((#42660));
#42680=CARTESIAN_POINT('',(-6.09999999999095,30.9999997693846,
-1.66683200575335E-9));
#42690=DIRECTION('',(1.38383250655425E-28,-1.,0.));
#42700=DIRECTION('',(-1.,-1.38383250655425E-28,0.));
#42710=AXIS2_PLACEMENT_3D('',#42680,#42690,#42700);
#42720=PLANE('',#42710);
#42730=CARTESIAN_POINT('',(-5.12638860322072,30.9999997693846,
-7.39999999999755));
#42740=DIRECTION('',(-1.,-1.38383250655425E-28,0.));
#42750=VECTOR('',#42740,1.);
#42760=LINE('',#42730,#42750);
#42770=CARTESIAN_POINT('',(-1.26458980337356,30.9999997693846,
-7.39999999999755));
#42780=VERTEX_POINT('',#42770);
#42790=EDGE_CURVE('',#42510,#42780,#42760,.T.);
#42800=ORIENTED_EDGE('',*,*,#42790,.F.);
#42810=CARTESIAN_POINT('',(-1.26458980337356,30.9999997693846,
-1.66683200575335E-9));
#42820=DIRECTION('',(7.18276555926589E-41,0.,1.));
#42830=VECTOR('',#42820,1.);
#42840=LINE('',#42810,#42830);
#42850=CARTESIAN_POINT('',(-1.26458980337356,30.9999997693846,
-0.675000001639014));
#42860=VERTEX_POINT('',#42850);
#42870=EDGE_CURVE('',#42780,#42860,#42840,.T.);
#42880=ORIENTED_EDGE('',*,*,#42870,.F.);
#42890=CARTESIAN_POINT('',(-5.12638860322072,30.9999997693846,
-0.675000001639014));
#42900=DIRECTION('',(1.,1.38383250655425E-28,0.));
#42910=VECTOR('',#42900,1.);
#42920=LINE('',#42890,#42910);
#42930=EDGE_CURVE('',#42860,#41990,#42920,.T.);
#42940=ORIENTED_EDGE('',*,*,#42930,.F.);
#42950=ORIENTED_EDGE('',*,*,#42000,.T.);
#42960=ORIENTED_EDGE('',*,*,#8690,.T.);
#42970=ORIENTED_EDGE('',*,*,#37000,.F.);
#42980=CARTESIAN_POINT('',(-5.12638860322072,30.9999997693846,
-0.67500000164894));
#42990=DIRECTION('',(1.,1.38383250655425E-28,0.));
#43000=VECTOR('',#42990,1.);
#43010=LINE('',#42980,#43000);
#43020=CARTESIAN_POINT('',(-2.94999999999859,30.9999997693846,
-0.67500000164894));
#43030=VERTEX_POINT('',#43020);
#43040=EDGE_CURVE('',#36930,#43030,#43010,.T.);
#43050=ORIENTED_EDGE('',*,*,#43040,.F.);
#43060=CARTESIAN_POINT('',(-2.94999999999859,30.9999997693846,
-1.66683200575335E-9));
#43070=DIRECTION('',(-7.18276555926589E-41,0.,-1.));
#43080=VECTOR('',#43070,1.);
#43090=LINE('',#43060,#43080);
#43100=CARTESIAN_POINT('',(-2.94999999999859,30.9999997693846,
-7.39999999999743));
#43110=VERTEX_POINT('',#43100);
#43120=EDGE_CURVE('',#43030,#43110,#43090,.T.);
#43130=ORIENTED_EDGE('',*,*,#43120,.F.);
#43140=CARTESIAN_POINT('',(-5.12638860322072,30.9999997693846,
-7.39999999999743));
#43150=DIRECTION('',(-1.,-1.38383250655425E-28,0.));
#43160=VECTOR('',#43150,1.);
#43170=LINE('',#43140,#43160);
#43180=EDGE_CURVE('',#43110,#36750,#43170,.T.);
#43190=ORIENTED_EDGE('',*,*,#43180,.F.);
#43200=ORIENTED_EDGE('',*,*,#37100,.F.);
#43210=ORIENTED_EDGE('',*,*,#2320,.F.);
#43220=ORIENTED_EDGE('',*,*,#42540,.T.);
#43230=EDGE_LOOP('',(#43220,#43210,#43200,#43190,#43130,#43050,#42970,
#42960,#42950,#42940,#42880,#42800));
#43240=FACE_OUTER_BOUND('',#43230,.T.);
#43250=ADVANCED_FACE('',(#43240),#42720,.F.);
#43260=COLOUR_RGB('',1.,0.839215755462646,0.301960796117783);
#43270=FILL_AREA_STYLE_COLOUR('',#43260);
#43280=FILL_AREA_STYLE('',(#43270));
#43290=SURFACE_STYLE_FILL_AREA(#43280);
#43300=SURFACE_SIDE_STYLE('',(#43290));
#43310=SURFACE_STYLE_USAGE(.BOTH.,#43300);
#43320=PRESENTATION_STYLE_ASSIGNMENT((#43310));
#43330=CARTESIAN_POINT('',(-2.09999999999069,20.8999997693713,
-4.07500000164152));
#43340=DIRECTION('',(-2.01948391736579E-28,1.,-1.12998499446348E-12));
#43350=DIRECTION('',(1.,2.01948391736579E-28,-7.18276555926589E-41));
#43360=AXIS2_PLACEMENT_3D('',#43330,#43340,#43350);
#43370=PLANE('',#43360);
#43380=CARTESIAN_POINT('',(-1.26458980337356,20.8999997693751,
-0.675000001627601));
#43390=DIRECTION('',(1.56370996725709E-40,-1.12998499446348E-12,-1.));
#43400=VECTOR('',#43390,1.);
#43410=LINE('',#43380,#43400);
#43420=CARTESIAN_POINT('',(-1.26458980337356,20.8999997693751,
-0.675000001627601));
#43430=VERTEX_POINT('',#43420);
#43440=CARTESIAN_POINT('',(-1.26458980337356,20.8999997693726,
-2.87500000169192));
#43450=VERTEX_POINT('',#43440);
#43460=EDGE_CURVE('',#43430,#43450,#43410,.T.);
#43470=ORIENTED_EDGE('',*,*,#43460,.F.);
#43480=CARTESIAN_POINT('',(-32.9742754795357,20.8999997693726,
-2.87500000169192));
#43490=DIRECTION('',(1.,2.01948391736579E-28,0.));
#43500=VECTOR('',#43490,1.);
#43510=LINE('',#43480,#43500);
#43520=CARTESIAN_POINT('',(-0.212962962946634,20.8999997693726,
-2.87500000169192));
#43530=VERTEX_POINT('',#43520);
#43540=EDGE_CURVE('',#43450,#43530,#43510,.T.);
#43550=ORIENTED_EDGE('',*,*,#43540,.F.);
#43560=CARTESIAN_POINT('',(-0.212962962946939,20.8999997693759,0.));
#43570=DIRECTION('',(-4.18512960915629E-14,1.12998499446348E-12,1.));
#43580=VECTOR('',#43570,1.);
#43590=LINE('',#43560,#43580);
#43600=CARTESIAN_POINT('',(-0.212962962946634,20.8999997693699,
-5.27500000169192));
#43610=VERTEX_POINT('',#43600);
#43620=EDGE_CURVE('',#43610,#43530,#43590,.T.);
#43630=ORIENTED_EDGE('',*,*,#43620,.T.);
#43640=CARTESIAN_POINT('',(-32.9742754795357,20.8999997693699,
-5.27500000169192));
#43650=DIRECTION('',(1.,2.01948391736579E-28,0.));
#43660=VECTOR('',#43650,1.);
#43670=LINE('',#43640,#43660);
#43680=CARTESIAN_POINT('',(-1.26458980337356,20.8999997693699,
-5.27500000169192));
#43690=VERTEX_POINT('',#43680);
#43700=EDGE_CURVE('',#43690,#43610,#43670,.T.);
#43710=ORIENTED_EDGE('',*,*,#43700,.T.);
#43720=CARTESIAN_POINT('',(-1.26458980337356,20.8999997693675,
-7.39999999998614));
#43730=VERTEX_POINT('',#43720);
#43740=EDGE_CURVE('',#43690,#43730,#43410,.T.);
#43750=ORIENTED_EDGE('',*,*,#43740,.F.);
#43760=CARTESIAN_POINT('',(-1.26458980337356,20.8999997693675,
-7.39999999998614));
#43770=DIRECTION('',(1.,2.01948391736579E-28,-7.18276555926589E-41));
#43780=VECTOR('',#43770,1.);
#43790=LINE('',#43760,#43780);
#43800=EDGE_CURVE('',#43730,#42430,#43790,.T.);
#43810=ORIENTED_EDGE('',*,*,#43800,.F.);
#43820=ORIENTED_EDGE('',*,*,#42440,.F.);
#43830=CARTESIAN_POINT('',(-32.9742754795357,20.8999997693699,
-5.27500000169192));
#43840=DIRECTION('',(1.,2.01948391736579E-28,0.));
#43850=VECTOR('',#43840,1.);
#43860=LINE('',#43830,#43850);
#43870=CARTESIAN_POINT('',(0.550000000016176,20.8999997693699,
-5.27500000169192));
#43880=VERTEX_POINT('',#43870);
#43890=EDGE_CURVE('',#43880,#42390,#43860,.T.);
#43900=ORIENTED_EDGE('',*,*,#43890,.T.);
#43910=CARTESIAN_POINT('',(0.550000000016176,20.8999997693759,0.));
#43920=DIRECTION('',(0.,-1.12998499446348E-12,-1.));
#43930=VECTOR('',#43920,1.);
#43940=LINE('',#43910,#43930);
#43950=CARTESIAN_POINT('',(0.550000000016176,20.8999997693726,
-2.87500000169192));
#43960=VERTEX_POINT('',#43950);
#43970=EDGE_CURVE('',#43960,#43880,#43940,.T.);
#43980=ORIENTED_EDGE('',*,*,#43970,.T.);
#43990=CARTESIAN_POINT('',(-32.9742754795357,20.8999997693726,
-2.87500000169192));
#44000=DIRECTION('',(1.,2.01948391736579E-28,0.));
#44010=VECTOR('',#44000,1.);
#44020=LINE('',#43990,#44010);
#44030=EDGE_CURVE('',#43960,#42150,#44020,.T.);
#44040=ORIENTED_EDGE('',*,*,#44030,.F.);
#44050=ORIENTED_EDGE('',*,*,#42160,.F.);
#44060=CARTESIAN_POINT('',(1.9000000000096,20.8999997693751,
-0.675000001627601));
#44070=DIRECTION('',(-1.,-2.01948391736579E-28,7.18276555926589E-41));
#44080=VECTOR('',#44070,1.);
#44090=LINE('',#44060,#44080);
#44100=EDGE_CURVE('',#42070,#43430,#44090,.T.);
#44110=ORIENTED_EDGE('',*,*,#44100,.F.);
#44120=EDGE_LOOP('',(#44110,#44050,#44040,#43980,#43900,#43820,#43810,
#43750,#43710,#43630,#43550,#43470));
#44130=FACE_OUTER_BOUND('',#44120,.T.);
#44140=ADVANCED_FACE('',(#44130),#43370,.T.);
#44150=COLOUR_RGB('',0.823529481887817,0.823529481887817,
0.784313797950745);
#44160=FILL_AREA_STYLE_COLOUR('',#44150);
#44170=FILL_AREA_STYLE('',(#44160));
#44180=SURFACE_STYLE_FILL_AREA(#44170);
#44190=SURFACE_SIDE_STYLE('',(#44180));
#44200=SURFACE_STYLE_USAGE(.BOTH.,#44190);
#44210=PRESENTATION_STYLE_ASSIGNMENT((#44200));
#44220=CARTESIAN_POINT('',(1.9000000000096,30.9999997693838,
-0.675000001639014));
#44230=DIRECTION('',(1.56370996725709E-40,-1.12998499446348E-12,-1.));
#44240=DIRECTION('',(1.,2.01948391736579E-28,-7.18276555926589E-41));
#44250=AXIS2_PLACEMENT_3D('',#44220,#44230,#44240);
#44260=PLANE('',#44250);
#44270=CARTESIAN_POINT('',(-1.26458980337356,30.9999997693838,
-0.675000001639014));
#44280=DIRECTION('',(2.01948391736579E-28,-1.,1.12998499446348E-12));
#44290=VECTOR('',#44280,1.);
#44300=LINE('',#44270,#44290);
#44310=EDGE_CURVE('',#42860,#43430,#44300,.T.);
#44320=ORIENTED_EDGE('',*,*,#44310,.F.);
#44330=ORIENTED_EDGE('',*,*,#44100,.T.);
#44340=ORIENTED_EDGE('',*,*,#42080,.T.);
#44350=ORIENTED_EDGE('',*,*,#42930,.T.);
#44360=EDGE_LOOP('',(#44350,#44340,#44330,#44320));
#44370=FACE_OUTER_BOUND('',#44360,.T.);
#44380=ADVANCED_FACE('',(#44370),#44260,.T.);
#44390=COLOUR_RGB('',0.313725501298904,0.784313797950745,
0.313725501298904);
#44400=FILL_AREA_STYLE_COLOUR('',#44390);
#44410=FILL_AREA_STYLE('',(#44400));
#44420=SURFACE_STYLE_FILL_AREA(#44410);
#44430=SURFACE_SIDE_STYLE('',(#44420));
#44440=SURFACE_STYLE_USAGE(.BOTH.,#44430);
#44450=PRESENTATION_STYLE_ASSIGNMENT((#44440));
#44460=CARTESIAN_POINT('',(-1.26458980337356,30.9999997693838,
-0.675000001639014));
#44470=DIRECTION('',(1.,2.01948391736579E-28,-7.18276555926589E-41));
#44480=DIRECTION('',(-1.56370996725709E-40,1.12998499446348E-12,1.));
#44490=AXIS2_PLACEMENT_3D('',#44460,#44470,#44480);
#44500=PLANE('',#44490);
#44510=CARTESIAN_POINT('',(-1.26458980337356,30.9999997693762,
-7.39999999999755));
#44520=DIRECTION('',(2.01948391736579E-28,-1.,1.12998499446348E-12));
#44530=VECTOR('',#44520,1.);
#44540=LINE('',#44510,#44530);
#44550=EDGE_CURVE('',#42780,#43730,#44540,.T.);
#44560=ORIENTED_EDGE('',*,*,#44550,.F.);
#44570=ORIENTED_EDGE('',*,*,#43740,.T.);
#44580=CARTESIAN_POINT('',(-1.26458980337356,8.37903992059294,
-5.27500000169192));
#44590=DIRECTION('',(2.01948391736579E-28,-1.,0.));
#44600=VECTOR('',#44590,1.);
#44610=LINE('',#44580,#44600);
#44620=CARTESIAN_POINT('',(-1.26458980337356,22.9492100686295,
-5.27500000169192));
#44630=VERTEX_POINT('',#44620);
#44640=EDGE_CURVE('',#44630,#43690,#44610,.T.);
#44650=ORIENTED_EDGE('',*,*,#44640,.T.);
#44660=CARTESIAN_POINT('',(-1.26458980337356,22.9492100686295,0.));
#44670=DIRECTION('',(-7.1827655592659E-41,-1.95537940310665E-40,-1.));
#44680=VECTOR('',#44670,1.);
#44690=LINE('',#44660,#44680);
#44700=CARTESIAN_POINT('',(-1.26458980337356,22.9492100686295,
-2.87500000169192));
#44710=VERTEX_POINT('',#44700);
#44720=EDGE_CURVE('',#44710,#44630,#44690,.T.);
#44730=ORIENTED_EDGE('',*,*,#44720,.T.);
#44740=CARTESIAN_POINT('',(-1.26458980337356,8.37903992059294,
-2.87500000169192));
#44750=DIRECTION('',(2.01948391736579E-28,-1.,0.));
#44760=VECTOR('',#44750,1.);
#44770=LINE('',#44740,#44760);
#44780=EDGE_CURVE('',#44710,#43450,#44770,.T.);
#44790=ORIENTED_EDGE('',*,*,#44780,.F.);
#44800=ORIENTED_EDGE('',*,*,#43460,.T.);
#44810=ORIENTED_EDGE('',*,*,#44310,.T.);
#44820=ORIENTED_EDGE('',*,*,#42870,.T.);
#44830=EDGE_LOOP('',(#44820,#44810,#44800,#44790,#44730,#44650,#44570,
#44560));
#44840=FACE_OUTER_BOUND('',#44830,.T.);
#44850=ADVANCED_FACE('',(#44840),#44500,.T.);
#44860=COLOUR_RGB('',0.313725501298904,0.784313797950745,
0.313725501298904);
#44870=FILL_AREA_STYLE_COLOUR('',#44860);
#44880=FILL_AREA_STYLE('',(#44870));
#44890=SURFACE_STYLE_FILL_AREA(#44880);
#44900=SURFACE_SIDE_STYLE('',(#44890));
#44910=SURFACE_STYLE_USAGE(.BOTH.,#44900);
#44920=PRESENTATION_STYLE_ASSIGNMENT((#44910));
#44930=CARTESIAN_POINT('',(-1.26458980337356,30.9999997693762,
-7.39999999999755));
#44940=DIRECTION('',(-1.56370996725709E-40,1.12998499446348E-12,1.));
#44950=DIRECTION('',(-1.,-2.01948391736579E-28,7.18276555926589E-41));
#44960=AXIS2_PLACEMENT_3D('',#44930,#44940,#44950);
#44970=PLANE('',#44960);
#44980=ORIENTED_EDGE('',*,*,#42520,.F.);
#44990=ORIENTED_EDGE('',*,*,#43800,.T.);
#45000=ORIENTED_EDGE('',*,*,#44550,.T.);
#45010=ORIENTED_EDGE('',*,*,#42790,.T.);
#45020=EDGE_LOOP('',(#45010,#45000,#44990,#44980));
#45030=FACE_OUTER_BOUND('',#45020,.T.);
#45040=ADVANCED_FACE('',(#45030),#44970,.T.);
#45050=COLOUR_RGB('',0.313725501298904,0.784313797950745,
0.313725501298904);
#45060=FILL_AREA_STYLE_COLOUR('',#45050);
#45070=FILL_AREA_STYLE('',(#45060));
#45080=SURFACE_STYLE_FILL_AREA(#45070);
#45090=SURFACE_SIDE_STYLE('',(#45080));
#45100=SURFACE_STYLE_USAGE(.BOTH.,#45090);
#45110=PRESENTATION_STYLE_ASSIGNMENT((#45100));
#45120=CARTESIAN_POINT('',(-2.09999999999069,20.8999997693713,
-4.07500000164152));
#45130=DIRECTION('',(-2.01948391736579E-28,1.,-1.12998499446348E-12));
#45140=DIRECTION('',(1.,2.01948391736579E-28,-7.18276555926589E-41));
#45150=AXIS2_PLACEMENT_3D('',#45120,#45130,#45140);
#45160=PLANE('',#45150);
#45170=CARTESIAN_POINT('',(-6.09999999998987,20.8999997693675,
-7.39999999998602));
#45180=DIRECTION('',(1.,2.01948391736579E-28,-7.18276555926589E-41));
#45190=VECTOR('',#45180,1.);
#45200=LINE('',#45170,#45190);
#45210=CARTESIAN_POINT('',(-2.94999999999859,20.8999997693675,
-7.39999999998602));
#45220=VERTEX_POINT('',#45210);
#45230=EDGE_CURVE('',#36770,#45220,#45200,.T.);
#45240=ORIENTED_EDGE('',*,*,#45230,.F.);
#45250=CARTESIAN_POINT('',(-2.94999999999859,20.8999997693675,
-7.39999999998602));
#45260=DIRECTION('',(-1.56370996725709E-40,1.12998499446348E-12,1.));
#45270=VECTOR('',#45260,1.);
#45280=LINE('',#45250,#45270);
#45290=CARTESIAN_POINT('',(-2.94999999999859,20.8999997693751,
-0.675000001637527));
#45300=VERTEX_POINT('',#45290);
#45310=EDGE_CURVE('',#45220,#45300,#45280,.T.);
#45320=ORIENTED_EDGE('',*,*,#45310,.F.);
#45330=CARTESIAN_POINT('',(-2.94999999999859,20.8999997693751,
-0.675000001637527));
#45340=DIRECTION('',(-1.,-2.01948391736579E-28,7.18276555926589E-41));
#45350=VECTOR('',#45340,1.);
#45360=LINE('',#45330,#45350);
#45370=EDGE_CURVE('',#45300,#36850,#45360,.T.);
#45380=ORIENTED_EDGE('',*,*,#45370,.F.);
#45390=ORIENTED_EDGE('',*,*,#36860,.F.);
#45400=EDGE_LOOP('',(#45390,#45380,#45320,#45240));
#45410=FACE_OUTER_BOUND('',#45400,.T.);
#45420=ADVANCED_FACE('',(#45410),#45160,.T.);
#45430=COLOUR_RGB('',0.823529481887817,0.823529481887817,
0.784313797950745);
#45440=FILL_AREA_STYLE_COLOUR('',#45430);
#45450=FILL_AREA_STYLE('',(#45440));
#45460=SURFACE_STYLE_FILL_AREA(#45450);
#45470=SURFACE_SIDE_STYLE('',(#45460));
#45480=SURFACE_STYLE_USAGE(.BOTH.,#45470);
#45490=PRESENTATION_STYLE_ASSIGNMENT((#45480));
#45500=CARTESIAN_POINT('',(-2.94999999999859,30.9999997693838,
-0.67500000164894));
#45510=DIRECTION('',(1.56370996725709E-40,-1.12998499446348E-12,-1.));
#45520=DIRECTION('',(1.,2.01948391736579E-28,-7.18276555926589E-41));
#45530=AXIS2_PLACEMENT_3D('',#45500,#45510,#45520);
#45540=PLANE('',#45530);
#45550=ORIENTED_EDGE('',*,*,#36940,.F.);
#45560=ORIENTED_EDGE('',*,*,#45370,.T.);
#45570=CARTESIAN_POINT('',(-2.94999999999859,30.9999997693838,
-0.67500000164894));
#45580=DIRECTION('',(2.01948391736579E-28,-1.,1.12998499446348E-12));
#45590=VECTOR('',#45580,1.);
#45600=LINE('',#45570,#45590);
#45610=EDGE_CURVE('',#43030,#45300,#45600,.T.);
#45620=ORIENTED_EDGE('',*,*,#45610,.T.);
#45630=ORIENTED_EDGE('',*,*,#43040,.T.);
#45640=EDGE_LOOP('',(#45630,#45620,#45560,#45550));
#45650=FACE_OUTER_BOUND('',#45640,.T.);
#45660=ADVANCED_FACE('',(#45650),#45540,.T.);
#45670=COLOUR_RGB('',0.313725501298904,0.784313797950745,
0.313725501298904);
#45680=FILL_AREA_STYLE_COLOUR('',#45670);
#45690=FILL_AREA_STYLE('',(#45680));
#45700=SURFACE_STYLE_FILL_AREA(#45690);
#45710=SURFACE_SIDE_STYLE('',(#45700));
#45720=SURFACE_STYLE_USAGE(.BOTH.,#45710);
#45730=PRESENTATION_STYLE_ASSIGNMENT((#45720));
#45740=CARTESIAN_POINT('',(-2.94999999999859,30.9999997693762,
-7.39999999999743));
#45750=DIRECTION('',(-1.,-2.01948391736579E-28,7.18276555926589E-41));
#45760=DIRECTION('',(1.56370996725709E-40,-1.12998499446348E-12,-1.));
#45770=AXIS2_PLACEMENT_3D('',#45740,#45750,#45760);
#45780=PLANE('',#45770);
#45790=ORIENTED_EDGE('',*,*,#45610,.F.);
#45800=ORIENTED_EDGE('',*,*,#45310,.T.);
#45810=CARTESIAN_POINT('',(-2.94999999999859,30.9999997693762,
-7.39999999999743));
#45820=DIRECTION('',(2.01948391736579E-28,-1.,1.12998499446348E-12));
#45830=VECTOR('',#45820,1.);
#45840=LINE('',#45810,#45830);
#45850=EDGE_CURVE('',#43110,#45220,#45840,.T.);
#45860=ORIENTED_EDGE('',*,*,#45850,.T.);
#45870=ORIENTED_EDGE('',*,*,#43120,.T.);
#45880=EDGE_LOOP('',(#45870,#45860,#45800,#45790));
#45890=FACE_OUTER_BOUND('',#45880,.T.);
#45900=ADVANCED_FACE('',(#45890),#45780,.T.);
#45910=COLOUR_RGB('',0.313725501298904,0.784313797950745,
0.313725501298904);
#45920=FILL_AREA_STYLE_COLOUR('',#45910);
#45930=FILL_AREA_STYLE('',(#45920));
#45940=SURFACE_STYLE_FILL_AREA(#45930);
#45950=SURFACE_SIDE_STYLE('',(#45940));
#45960=SURFACE_STYLE_USAGE(.BOTH.,#45950);
#45970=PRESENTATION_STYLE_ASSIGNMENT((#45960));
#45980=CARTESIAN_POINT('',(-6.09999999998987,30.9999997693762,
-7.39999999999743));
#45990=DIRECTION('',(-1.56370996725709E-40,1.12998499446348E-12,1.));
#46000=DIRECTION('',(-1.,-2.01948391736579E-28,7.18276555926589E-41));
#46010=AXIS2_PLACEMENT_3D('',#45980,#45990,#46000);
#46020=PLANE('',#46010);
#46030=ORIENTED_EDGE('',*,*,#45850,.F.);
#46040=ORIENTED_EDGE('',*,*,#45230,.T.);
#46050=ORIENTED_EDGE('',*,*,#36780,.T.);
#46060=ORIENTED_EDGE('',*,*,#43180,.T.);
#46070=EDGE_LOOP('',(#46060,#46050,#46040,#46030));
#46080=FACE_OUTER_BOUND('',#46070,.T.);
#46090=ADVANCED_FACE('',(#46080),#46020,.T.);
#46100=COLOUR_RGB('',0.313725501298904,0.784313797950745,
0.313725501298904);
#46110=FILL_AREA_STYLE_COLOUR('',#46100);
#46120=FILL_AREA_STYLE('',(#46110));
#46130=SURFACE_STYLE_FILL_AREA(#46120);
#46140=SURFACE_SIDE_STYLE('',(#46130));
#46150=SURFACE_STYLE_USAGE(.BOTH.,#46140);
#46160=PRESENTATION_STYLE_ASSIGNMENT((#46150));
#46170=CARTESIAN_POINT('',(-7.18025745870264,39.6710098410381,
-1.66683200575335E-9));
#46180=DIRECTION('',(-0.939692620785908,-0.342020143325669,-0.));
#46190=DIRECTION('',(-0.342020143325669,0.939692620785908,0.));
#46200=AXIS2_PLACEMENT_3D('',#46170,#46180,#46190);
#46210=PLANE('',#46200);
#46220=ORIENTED_EDGE('',*,*,#8530,.F.);
#46230=ORIENTED_EDGE('',*,*,#34510,.T.);
#46240=ORIENTED_EDGE('',*,*,#2480,.T.);
#46250=ORIENTED_EDGE('',*,*,#37070,.F.);
#46260=EDGE_LOOP('',(#46250,#46240,#46230,#46220));
#46270=FACE_OUTER_BOUND('',#46260,.T.);
#46280=ADVANCED_FACE('',(#46270),#46210,.F.);
#46290=COLOUR_RGB('',1.,0.839215755462646,0.301960796117783);
#46300=FILL_AREA_STYLE_COLOUR('',#46290);
#46310=FILL_AREA_STYLE('',(#46300));
#46320=SURFACE_STYLE_FILL_AREA(#46310);
#46330=SURFACE_SIDE_STYLE('',(#46320));
#46340=SURFACE_STYLE_USAGE(.BOTH.,#46330);
#46350=PRESENTATION_STYLE_ASSIGNMENT((#46340));
#46360=CARTESIAN_POINT('',(-16.812481508793,37.8875182605802,
-1.66683200575335E-9));
#46370=DIRECTION('',(0.707106781186546,-0.707106781186549,0.));
#46380=DIRECTION('',(-0.707106781186549,-0.707106781186546,0.));
#46390=AXIS2_PLACEMENT_3D('',#46360,#46370,#46380);
#46400=PLANE('',#46390);
#46410=ORIENTED_EDGE('',*,*,#8370,.T.);
#46420=ORIENTED_EDGE('',*,*,#34070,.T.);
#46430=ORIENTED_EDGE('',*,*,#2640,.F.);
#46440=ORIENTED_EDGE('',*,*,#34440,.F.);
#46450=EDGE_LOOP('',(#46440,#46430,#46420,#46410));
#46460=FACE_OUTER_BOUND('',#46450,.T.);
#46470=ADVANCED_FACE('',(#46460),#46400,.F.);
#46480=COLOUR_RGB('',1.,0.839215755462646,0.301960796117783);
#46490=FILL_AREA_STYLE_COLOUR('',#46480);
#46500=FILL_AREA_STYLE('',(#46490));
#46510=SURFACE_STYLE_FILL_AREA(#46500);
#46520=SURFACE_SIDE_STYLE('',(#46510));
#46530=SURFACE_STYLE_USAGE(.BOTH.,#46520);
#46540=PRESENTATION_STYLE_ASSIGNMENT((#46530));
#46550=CARTESIAN_POINT('',(-16.066483854643,35.6565963659384,
-1.66683200575335E-9));
#46560=DIRECTION('',(-0.707106781186547,0.707106781186548,0.));
#46570=DIRECTION('',(0.707106781186548,0.707106781186547,0.));
#46580=AXIS2_PLACEMENT_3D('',#46550,#46560,#46570);
#46590=PLANE('',#46580);
#46600=ORIENTED_EDGE('',*,*,#8210,.T.);
#46610=CARTESIAN_POINT('',(-16.066483854643,35.6565963659384,
-1.66683200575335E-9));
#46620=DIRECTION('',(0.,0.,-1.));
#46630=VECTOR('',#46620,1.);
#46640=LINE('',#46610,#46630);
#46650=EDGE_CURVE('',#8120,#2790,#46640,.T.);
#46660=ORIENTED_EDGE('',*,*,#46650,.F.);
#46670=ORIENTED_EDGE('',*,*,#2800,.F.);
#46680=ORIENTED_EDGE('',*,*,#34000,.F.);
#46690=EDGE_LOOP('',(#46680,#46670,#46660,#46600));
#46700=FACE_OUTER_BOUND('',#46690,.T.);
#46710=ADVANCED_FACE('',(#46700),#46590,.F.);
#46720=COLOUR_RGB('',1.,0.839215755462646,0.301960796117783);
#46730=FILL_AREA_STYLE_COLOUR('',#46720);
#46740=FILL_AREA_STYLE('',(#46730));
#46750=SURFACE_STYLE_FILL_AREA(#46740);
#46760=SURFACE_SIDE_STYLE('',(#46750));
#46770=SURFACE_STYLE_USAGE(.BOTH.,#46760);
#46780=PRESENTATION_STYLE_ASSIGNMENT((#46770));
#46790=CARTESIAN_POINT('',(-15.309879598773,34.8999921100684,
-1.66683200575335E-9));
#46800=DIRECTION('',(0.707106781186548,0.707106781186547,0.));
#46810=DIRECTION('',(0.707106781186547,-0.707106781186548,0.));
#46820=AXIS2_PLACEMENT_3D('',#46790,#46800,#46810);
#46830=PLANE('',#46820);
#46840=ORIENTED_EDGE('',*,*,#8130,.T.);
#46850=CARTESIAN_POINT('',(-15.309879598773,34.8999921100684,
-1.66683200575335E-9));
#46860=DIRECTION('',(0.,0.,-1.));
#46870=VECTOR('',#46860,1.);
#46880=LINE('',#46850,#46870);
#46890=EDGE_CURVE('',#8040,#2870,#46880,.T.);
#46900=ORIENTED_EDGE('',*,*,#46890,.F.);
#46910=ORIENTED_EDGE('',*,*,#2880,.F.);
#46920=ORIENTED_EDGE('',*,*,#46650,.T.);
#46930=EDGE_LOOP('',(#46920,#46910,#46900,#46840));
#46940=FACE_OUTER_BOUND('',#46930,.T.);
#46950=ADVANCED_FACE('',(#46940),#46830,.F.);
#46960=COLOUR_RGB('',1.,0.839215755462646,0.301960796117783);
#46970=FILL_AREA_STYLE_COLOUR('',#46960);
#46980=FILL_AREA_STYLE('',(#46970));
#46990=SURFACE_STYLE_FILL_AREA(#46980);
#47000=SURFACE_SIDE_STYLE('',(#46990));
#47010=SURFACE_STYLE_USAGE(.BOTH.,#47000);
#47020=PRESENTATION_STYLE_ASSIGNMENT((#47010));
#47030=CARTESIAN_POINT('',(-19.7823299897783,30.4275417190637,
-1.66683200575335E-9));
#47040=DIRECTION('',(0.707106781186497,-0.707106781186598,0.));
#47050=DIRECTION('',(-0.707106781186598,-0.707106781186497,0.));
#47060=AXIS2_PLACEMENT_3D('',#47030,#47040,#47050);
#47070=PLANE('',#47060);
#47080=ORIENTED_EDGE('',*,*,#8050,.T.);
#47090=CARTESIAN_POINT('',(-19.7823299897783,30.4275417190637,
-1.66683200575335E-9));
#47100=DIRECTION('',(0.,0.,-1.));
#47110=VECTOR('',#47100,1.);
#47120=LINE('',#47090,#47110);
#47130=EDGE_CURVE('',#7960,#2950,#47120,.T.);
#47140=ORIENTED_EDGE('',*,*,#47130,.F.);
#47150=ORIENTED_EDGE('',*,*,#2960,.F.);
#47160=ORIENTED_EDGE('',*,*,#46890,.T.);
#47170=EDGE_LOOP('',(#47160,#47150,#47140,#47080));
#47180=FACE_OUTER_BOUND('',#47170,.T.);
#47190=ADVANCED_FACE('',(#47180),#47070,.F.);
#47200=COLOUR_RGB('',1.,0.839215755462646,0.301960796117783);
#47210=FILL_AREA_STYLE_COLOUR('',#47200);
#47220=FILL_AREA_STYLE('',(#47210));
#47230=SURFACE_STYLE_FILL_AREA(#47220);
#47240=SURFACE_SIDE_STYLE('',(#47230));
#47250=SURFACE_STYLE_USAGE(.BOTH.,#47240);
#47260=PRESENTATION_STYLE_ASSIGNMENT((#47250));
#47270=CARTESIAN_POINT('',(-20.5389342456476,31.184145974933,
-1.66683200575335E-9));
#47280=DIRECTION('',(-0.707106781186548,-0.707106781186547,-0.));
#47290=DIRECTION('',(-0.707106781186547,0.707106781186548,0.));
#47300=AXIS2_PLACEMENT_3D('',#47270,#47280,#47290);
#47310=PLANE('',#47300);
#47320=ORIENTED_EDGE('',*,*,#7970,.T.);
#47330=ORIENTED_EDGE('',*,*,#33780,.F.);
#47340=ORIENTED_EDGE('',*,*,#3040,.F.);
#47350=ORIENTED_EDGE('',*,*,#47130,.T.);
#47360=EDGE_LOOP('',(#47350,#47340,#47330,#47320));
#47370=FACE_OUTER_BOUND('',#47360,.T.);
#47380=ADVANCED_FACE('',(#47370),#47310,.F.);
#47390=COLOUR_RGB('',1.,0.839215755462646,0.301960796117783);
#47400=FILL_AREA_STYLE_COLOUR('',#47390);
#47410=FILL_AREA_STYLE('',(#47400));
#47420=SURFACE_STYLE_FILL_AREA(#47410);
#47430=SURFACE_SIDE_STYLE('',(#47420));
#47440=SURFACE_STYLE_USAGE(.BOTH.,#47430);
#47450=PRESENTATION_STYLE_ASSIGNMENT((#47440));
#47460=CARTESIAN_POINT('',(-21.6998775200786,32.1548759050547,
-1.66683200575335E-9));
#47470=DIRECTION('',(-0.362871839026855,-0.931839057155939,-0.));
#47480=DIRECTION('',(-0.931839057155939,0.362871839026855,0.));
#47490=AXIS2_PLACEMENT_3D('',#47460,#47470,#47480);
#47500=PLANE('',#47490);
#47510=ORIENTED_EDGE('',*,*,#7810,.T.);
#47520=ORIENTED_EDGE('',*,*,#33490,.T.);
#47530=ORIENTED_EDGE('',*,*,#3200,.F.);
#47540=ORIENTED_EDGE('',*,*,#33710,.F.);
#47550=EDGE_LOOP('',(#47540,#47530,#47520,#47510));
#47560=FACE_OUTER_BOUND('',#47550,.T.);
#47570=ADVANCED_FACE('',(#47560),#47500,.F.);
#47580=COLOUR_RGB('',1.,0.839215755462646,0.301960796117783);
#47590=FILL_AREA_STYLE_COLOUR('',#47580);
#47600=FILL_AREA_STYLE('',(#47590));
#47610=SURFACE_STYLE_FILL_AREA(#47600);
#47620=SURFACE_SIDE_STYLE('',(#47610));
#47630=SURFACE_STYLE_USAGE(.BOTH.,#47620);
#47640=PRESENTATION_STYLE_ASSIGNMENT((#47630));
#47650=CARTESIAN_POINT('',(18.5698561402952,31.9301436290849,
-1.66683200575335E-9));
#47660=DIRECTION('',(-0.707106781186864,-0.707106781186231,-0.));
#47670=DIRECTION('',(-0.707106781186231,0.707106781186864,0.));
#47680=AXIS2_PLACEMENT_3D('',#47650,#47660,#47670);
#47690=PLANE('',#47680);
#47700=ORIENTED_EDGE('',*,*,#9650,.T.);
#47710=ORIENTED_EDGE('',*,*,#38260,.T.);
#47720=ORIENTED_EDGE('',*,*,#1360,.F.);
#47730=ORIENTED_EDGE('',*,*,#24100,.T.);
#47740=EDGE_LOOP('',(#47730,#47720,#47710,#47700));
#47750=FACE_OUTER_BOUND('',#47740,.T.);
#47760=ADVANCED_FACE('',(#47750),#47690,.F.);
#47770=COLOUR_RGB('',1.,0.839215755462646,0.301960796117783);
#47780=FILL_AREA_STYLE_COLOUR('',#47770);
#47790=FILL_AREA_STYLE('',(#47780));
#47800=SURFACE_STYLE_FILL_AREA(#47790);
#47810=SURFACE_SIDE_STYLE('',(#47800));
#47820=SURFACE_STYLE_USAGE(.BOTH.,#47810);
#47830=PRESENTATION_STYLE_ASSIGNMENT((#47820));
#47840=CARTESIAN_POINT('',(-25.0999999999894,7.49999976936086,
-1.66683200575335E-9));
#47850=DIRECTION('',(1.,0.,0.));
#47860=DIRECTION('',(0.,-1.,0.));
#47870=AXIS2_PLACEMENT_3D('',#47840,#47850,#47860);
#47880=PLANE('',#47870);
#47890=ORIENTED_EDGE('',*,*,#7230,.F.);
#47900=ORIENTED_EDGE('',*,*,#15100,.T.);
#47910=ORIENTED_EDGE('',*,*,#3780,.T.);
#47920=ORIENTED_EDGE('',*,*,#15660,.T.);
#47930=EDGE_LOOP('',(#47920,#47910,#47900,#47890));
#47940=FACE_OUTER_BOUND('',#47930,.T.);
#47950=ADVANCED_FACE('',(#47940),#47880,.F.);
#47960=COLOUR_RGB('',1.,0.839215755462646,0.301960796117783);
#47970=FILL_AREA_STYLE_COLOUR('',#47960);
#47980=FILL_AREA_STYLE('',(#47970));
#47990=SURFACE_STYLE_FILL_AREA(#47980);
#48000=SURFACE_SIDE_STYLE('',(#47990));
#48010=SURFACE_STYLE_USAGE(.BOTH.,#48000);
#48020=PRESENTATION_STYLE_ASSIGNMENT((#48010));
#48030=CARTESIAN_POINT('',(-29.2000000000073,4.4747090672469,
-1.66683200575335E-9));
#48040=DIRECTION('',(0.,0.,1.));
#48050=DIRECTION('',(1.,0.,0.));
#48060=AXIS2_PLACEMENT_3D('',#48030,#48040,#48050);
#48070=CYLINDRICAL_SURFACE('',#48060,7.5);
#48080=ORIENTED_EDGE('',*,*,#7070,.T.);
#48090=CARTESIAN_POINT('',(-21.9272727272782,2.64237776082268,
-1.66683200575335E-9));
#48100=DIRECTION('',(0.,0.,-1.));
#48110=VECTOR('',#48100,1.);
#48120=LINE('',#48090,#48110);
#48130=EDGE_CURVE('',#6970,#3940,#48120,.T.);
#48140=ORIENTED_EDGE('',*,*,#48130,.F.);
#48150=ORIENTED_EDGE('',*,*,#3950,.F.);
#48160=ORIENTED_EDGE('',*,*,#15030,.F.);
#48170=EDGE_LOOP('',(#48160,#48150,#48140,#48080));
#48180=FACE_OUTER_BOUND('',#48170,.T.);
#48190=ADVANCED_FACE('',(#48180),#48070,.F.);
#48200=COLOUR_RGB('',1.,0.839215755462646,0.301960796117783);
#48210=FILL_AREA_STYLE_COLOUR('',#48200);
#48220=FILL_AREA_STYLE('',(#48210));
#48230=SURFACE_STYLE_FILL_AREA(#48220);
#48240=SURFACE_SIDE_STYLE('',(#48230));
#48250=SURFACE_STYLE_USAGE(.BOTH.,#48240);
#48260=PRESENTATION_STYLE_ASSIGNMENT((#48250));
#48270=CARTESIAN_POINT('',(9.20000000000738,-5.20000023064252,
-1.66683200575335E-9));
#48280=DIRECTION('',(0.,0.,1.));
#48290=DIRECTION('',(1.,0.,0.));
#48300=AXIS2_PLACEMENT_3D('',#48270,#48280,#48290);
#48310=CYLINDRICAL_SURFACE('',#48300,32.1);
#48320=ORIENTED_EDGE('',*,*,#6980,.F.);
#48330=CARTESIAN_POINT('',(-22.8923666936473,-4.50000023063945,
-1.66683200575335E-9));
#48340=DIRECTION('',(0.,0.,1.));
#48350=VECTOR('',#48340,1.);
#48360=LINE('',#48330,#48350);
#48370=CARTESIAN_POINT('',(-22.8923666936473,-4.50000023063945,
-7.05000000166683));
#48380=VERTEX_POINT('',#48370);
#48390=EDGE_CURVE('',#48380,#6880,#48360,.T.);
#48400=ORIENTED_EDGE('',*,*,#48390,.T.);
#48410=CARTESIAN_POINT('',(9.20000000000738,-5.20000023064252,
-7.05000000166683));
#48420=DIRECTION('',(0.,0.,1.));
#48430=DIRECTION('',(1.,0.,0.));
#48440=AXIS2_PLACEMENT_3D('',#48410,#48420,#48430);
#48450=CIRCLE('',#48440,32.1);
#48460=CARTESIAN_POINT('',(-22.7702453151326,-2.3167009936973,
-7.05000000166683));
#48470=VERTEX_POINT('',#48460);
#48480=EDGE_CURVE('',#48470,#48380,#48450,.T.);
#48490=ORIENTED_EDGE('',*,*,#48480,.T.);
#48500=CARTESIAN_POINT('',(-22.7702453151326,-2.3167009936973,
-1.66683200575335E-9));
#48510=DIRECTION('',(0.,0.,-1.));
#48520=VECTOR('',#48510,1.);
#48530=LINE('',#48500,#48520);
#48540=EDGE_CURVE('',#48470,#4030,#48530,.T.);
#48550=ORIENTED_EDGE('',*,*,#48540,.F.);
#48560=ORIENTED_EDGE('',*,*,#4040,.T.);
#48570=ORIENTED_EDGE('',*,*,#48130,.T.);
#48580=EDGE_LOOP('',(#48570,#48560,#48550,#48490,#48400,#48320));
#48590=FACE_OUTER_BOUND('',#48580,.T.);
#48600=ADVANCED_FACE('',(#48590),#48310,.T.);
#48610=COLOUR_RGB('',1.,0.839215755462646,0.301960796117783);
#48620=FILL_AREA_STYLE_COLOUR('',#48610);
#48630=FILL_AREA_STYLE('',(#48620));
#48640=SURFACE_STYLE_FILL_AREA(#48630);
#48650=SURFACE_SIDE_STYLE('',(#48640));
#48660=SURFACE_STYLE_USAGE(.BOTH.,#48650);
#48670=PRESENTATION_STYLE_ASSIGNMENT((#48660));
#48680=CARTESIAN_POINT('',(-26.0999999999891,-5.35000023064618,
-1.66683200575335E-9));
#48690=DIRECTION('',(1.,0.,0.));
#48700=DIRECTION('',(0.,-1.,0.));
#48710=AXIS2_PLACEMENT_3D('',#48680,#48690,#48700);
#48720=PLANE('',#48710);
#48730=ORIENTED_EDGE('',*,*,#6470,.F.);
#48740=ORIENTED_EDGE('',*,*,#14810,.T.);
#48750=ORIENTED_EDGE('',*,*,#4380,.T.);
#48760=CARTESIAN_POINT('',(-26.0999999999891,-1.69289344945964,
-1.66683200575335E-9));
#48770=DIRECTION('',(0.,0.,-1.));
#48780=VECTOR('',#48770,1.);
#48790=LINE('',#48760,#48780);
#48800=EDGE_CURVE('',#6460,#4290,#48790,.T.);
#48810=ORIENTED_EDGE('',*,*,#48800,.T.);
#48820=EDGE_LOOP('',(#48810,#48750,#48740,#48730));
#48830=FACE_OUTER_BOUND('',#48820,.T.);
#48840=ADVANCED_FACE('',(#48830),#48720,.F.);
#48850=COLOUR_RGB('',1.,0.839215755462646,0.301960796117783);
#48860=FILL_AREA_STYLE_COLOUR('',#48850);
#48870=FILL_AREA_STYLE('',(#48860));
#48880=SURFACE_STYLE_FILL_AREA(#48870);
#48890=SURFACE_SIDE_STYLE('',(#48880));
#48900=SURFACE_STYLE_USAGE(.BOTH.,#48890);
#48910=PRESENTATION_STYLE_ASSIGNMENT((#48900));
#48920=CARTESIAN_POINT('',(-25.6999999999891,-1.6928934494529,
-1.66683200575335E-9));
#48930=DIRECTION('',(0.,0.,1.));
#48940=DIRECTION('',(1.,0.,0.));
#48950=AXIS2_PLACEMENT_3D('',#48920,#48930,#48940);
#48960=CYLINDRICAL_SURFACE('',#48950,0.4);
#48970=ORIENTED_EDGE('',*,*,#6560,.F.);
#48980=ORIENTED_EDGE('',*,*,#48800,.F.);
#48990=ORIENTED_EDGE('',*,*,#4300,.T.);
#49000=CARTESIAN_POINT('',(-25.4171572875112,-1.4100507369816,
-1.66683200575335E-9));
#49010=DIRECTION('',(0.,0.,-1.));
#49020=VECTOR('',#49010,1.);
#49030=LINE('',#49000,#49020);
#49040=EDGE_CURVE('',#6550,#4200,#49030,.T.);
#49050=ORIENTED_EDGE('',*,*,#49040,.T.);
#49060=EDGE_LOOP('',(#49050,#48990,#48980,#48970));
#49070=FACE_OUTER_BOUND('',#49060,.T.);
#49080=ADVANCED_FACE('',(#49070),#48960,.T.);
#49090=COLOUR_RGB('',1.,0.839215755462646,0.301960796117783);
#49100=FILL_AREA_STYLE_COLOUR('',#49090);
#49110=FILL_AREA_STYLE('',(#49100));
#49120=SURFACE_STYLE_FILL_AREA(#49110);
#49130=SURFACE_SIDE_STYLE('',(#49120));
#49140=SURFACE_STYLE_USAGE(.BOTH.,#49130);
#49150=PRESENTATION_STYLE_ASSIGNMENT((#49140));
#49160=CARTESIAN_POINT('',(-25.4171572875112,-1.4100507369816,
-1.66683200575335E-9));
#49170=DIRECTION('',(-0.707106781186548,-0.707106781186548,-0.));
#49180=DIRECTION('',(-0.707106781186548,0.707106781186548,0.));
#49190=AXIS2_PLACEMENT_3D('',#49160,#49170,#49180);
#49200=PLANE('',#49190);
#49210=CARTESIAN_POINT('',(-27.4272077938543,0.599999769361473,
-7.05000000166683));
#49220=DIRECTION('',(-0.707106781186548,0.707106781186548,0.));
#49230=VECTOR('',#49220,1.);
#49240=LINE('',#49210,#49230);
#49250=CARTESIAN_POINT('',(-24.0475437495071,-2.77966427498568,
-7.05000000166683));
#49260=VERTEX_POINT('',#49250);
#49270=CARTESIAN_POINT('',(-24.5636038969212,-2.26360412757156,
-7.05000000166683));
#49280=VERTEX_POINT('',#49270);
#49290=EDGE_CURVE('',#49260,#49280,#49240,.T.);
#49300=ORIENTED_EDGE('',*,*,#49290,.F.);
#49310=CARTESIAN_POINT('',(-24.5636038969212,-2.26360412757156,
-7.05000333500016));
#49320=DIRECTION('',(0.,0.,1.));
#49330=VECTOR('',#49320,1.);
#49340=LINE('',#49310,#49330);
#49350=EDGE_CURVE('',#49280,#6630,#49340,.T.);
#49360=ORIENTED_EDGE('',*,*,#49350,.F.);
#49370=ORIENTED_EDGE('',*,*,#6640,.F.);
#49380=ORIENTED_EDGE('',*,*,#49040,.F.);
#49390=ORIENTED_EDGE('',*,*,#4210,.T.);
#49400=CARTESIAN_POINT('',(-24.0475437495071,-2.77966427498568,
-1.66683200575335E-9));
#49410=DIRECTION('',(0.,0.,-1.));
#49420=VECTOR('',#49410,1.);
#49430=LINE('',#49400,#49420);
#49440=EDGE_CURVE('',#49260,#4120,#49430,.T.);
#49450=ORIENTED_EDGE('',*,*,#49440,.T.);
#49460=EDGE_LOOP('',(#49450,#49390,#49380,#49370,#49360,#49300));
#49470=FACE_OUTER_BOUND('',#49460,.T.);
#49480=ADVANCED_FACE('',(#49470),#49200,.F.);
#49490=COLOUR_RGB('',1.,0.839215755462646,0.301960796117783);
#49500=FILL_AREA_STYLE_COLOUR('',#49490);
#49510=FILL_AREA_STYLE('',(#49500));
#49520=SURFACE_STYLE_FILL_AREA(#49510);
#49530=SURFACE_SIDE_STYLE('',(#49520));
#49540=SURFACE_STYLE_USAGE(.BOTH.,#49530);
#49550=PRESENTATION_STYLE_ASSIGNMENT((#49540));
#49560=CARTESIAN_POINT('',(-23.5172136636172,-2.24933418909577,
-1.66683200575335E-9));
#49570=DIRECTION('',(0.,0.,1.));
#49580=DIRECTION('',(1.,0.,0.));
#49590=AXIS2_PLACEMENT_3D('',#49560,#49570,#49580);
#49600=CYLINDRICAL_SURFACE('',#49590,0.75);
#49610=CARTESIAN_POINT('',(-23.5172136636172,-2.24933418909577,
-7.05000000166683));
#49620=DIRECTION('',(0.,0.,1.));
#49630=DIRECTION('',(1.,0.,0.));
#49640=AXIS2_PLACEMENT_3D('',#49610,#49620,#49630);
#49650=CIRCLE('',#49640,0.75);
#49660=EDGE_CURVE('',#49260,#48470,#49650,.T.);
#49670=ORIENTED_EDGE('',*,*,#49660,.T.);
#49680=ORIENTED_EDGE('',*,*,#49440,.F.);
#49690=ORIENTED_EDGE('',*,*,#4130,.F.);
#49700=ORIENTED_EDGE('',*,*,#48540,.T.);
#49710=EDGE_LOOP('',(#49700,#49690,#49680,#49670));
#49720=FACE_OUTER_BOUND('',#49710,.T.);
#49730=ADVANCED_FACE('',(#49720),#49600,.F.);
#49740=COLOUR_RGB('',1.,0.839215755462646,0.301960796117783);
#49750=FILL_AREA_STYLE_COLOUR('',#49740);
#49760=FILL_AREA_STYLE('',(#49750));
#49770=SURFACE_STYLE_FILL_AREA(#49760);
#49780=SURFACE_SIDE_STYLE('',(#49770));
#49790=SURFACE_STYLE_USAGE(.BOTH.,#49780);
#49800=PRESENTATION_STYLE_ASSIGNMENT((#49790));
#49810=CARTESIAN_POINT('',(-23.3779066239609,-4.50000023063945,
-1.66683200575335E-9));
#49820=DIRECTION('',(-0.,1.,0.));
#49830=DIRECTION('',(1.,0.,0.));
#49840=AXIS2_PLACEMENT_3D('',#49810,#49820,#49830);
#49850=PLANE('',#49840);
#49860=CARTESIAN_POINT('',(-24.5999999999891,-4.50000023063945,
-1.66683200575335E-9));
#49870=DIRECTION('',(0.,0.,-1.));
#49880=VECTOR('',#49870,1.);
#49890=LINE('',#49860,#49880);
#49900=CARTESIAN_POINT('',(-24.5999999999891,-4.50000023063945,
-7.05000000166683));
#49910=VERTEX_POINT('',#49900);
#49920=EDGE_CURVE('',#6800,#49910,#49890,.T.);
#49930=ORIENTED_EDGE('',*,*,#49920,.F.);
#49940=CARTESIAN_POINT('',(-32.9742754795343,-4.50000023063945,
-7.05000000166683));
#49950=DIRECTION('',(1.,0.,0.));
#49960=VECTOR('',#49950,1.);
#49970=LINE('',#49940,#49960);
#49980=EDGE_CURVE('',#49910,#48380,#49970,.T.);
#49990=ORIENTED_EDGE('',*,*,#49980,.F.);
#50000=ORIENTED_EDGE('',*,*,#48390,.F.);
#50010=ORIENTED_EDGE('',*,*,#6890,.F.);
#50020=EDGE_LOOP('',(#50010,#50000,#49990,#49930));
#50030=FACE_OUTER_BOUND('',#50020,.T.);
#50040=ADVANCED_FACE('',(#50030),#49850,.T.);
#50050=COLOUR_RGB('',1.,0.839215755462646,0.301960796117783);
#50060=FILL_AREA_STYLE_COLOUR('',#50050);
#50070=FILL_AREA_STYLE('',(#50060));
#50080=SURFACE_STYLE_FILL_AREA(#50070);
#50090=SURFACE_SIDE_STYLE('',(#50080));
#50100=SURFACE_STYLE_USAGE(.BOTH.,#50090);
#50110=PRESENTATION_STYLE_ASSIGNMENT((#50100));
#50120=CARTESIAN_POINT('',(-24.5999999999891,-4.00000023063945,
-1.66683200575335E-9));
#50130=DIRECTION('',(1.,0.,0.));
#50140=DIRECTION('',(0.,-1.,0.));
#50150=AXIS2_PLACEMENT_3D('',#50120,#50130,#50140);
#50160=PLANE('',#50150);
#50170=CARTESIAN_POINT('',(-24.5999999999891,-3.57082062388938,
-1.66683200575335E-9));
#50180=DIRECTION('',(0.,0.,-1.));
#50190=VECTOR('',#50180,1.);
#50200=LINE('',#50170,#50190);
#50210=CARTESIAN_POINT('',(-24.5999999999891,-3.57082062388938,
-7.05000000166683));
#50220=VERTEX_POINT('',#50210);
#50230=EDGE_CURVE('',#6720,#50220,#50200,.T.);
#50240=ORIENTED_EDGE('',*,*,#50230,.F.);
#50250=CARTESIAN_POINT('',(-24.5999999999891,8.37903992059294,
-7.05000000166683));
#50260=DIRECTION('',(0.,1.,0.));
#50270=VECTOR('',#50260,1.);
#50280=LINE('',#50250,#50270);
#50290=EDGE_CURVE('',#49910,#50220,#50280,.T.);
#50300=ORIENTED_EDGE('',*,*,#50290,.T.);
#50310=ORIENTED_EDGE('',*,*,#49920,.T.);
#50320=ORIENTED_EDGE('',*,*,#6810,.F.);
#50330=EDGE_LOOP('',(#50320,#50310,#50300,#50240));
#50340=FACE_OUTER_BOUND('',#50330,.T.);
#50350=ADVANCED_FACE('',(#50340),#50160,.T.);
#50360=COLOUR_RGB('',1.,0.839215755462646,0.301960796117783);
#50370=FILL_AREA_STYLE_COLOUR('',#50360);
#50380=FILL_AREA_STYLE('',(#50370));
#50390=SURFACE_STYLE_FILL_AREA(#50380);
#50400=SURFACE_SIDE_STYLE('',(#50390));
#50410=SURFACE_STYLE_USAGE(.BOTH.,#50400);
#50420=PRESENTATION_STYLE_ASSIGNMENT((#50410));
#50430=CARTESIAN_POINT('',(-5.12638860322072,0.599999769361473,
-7.05000000166683));
#50440=DIRECTION('',(0.,0.,1.));
#50450=DIRECTION('',(1.,0.,0.));
#50460=AXIS2_PLACEMENT_3D('',#50430,#50440,#50450);
#50470=PLANE('',#50460);
#50480=CARTESIAN_POINT('',(-25.1999999999891,-2.90000023063944,
-7.05000000166683));
#50490=DIRECTION('',(0.,0.,1.));
#50500=DIRECTION('',(1.,0.,0.));
#50510=AXIS2_PLACEMENT_3D('',#50480,#50490,#50500);
#50520=CIRCLE('',#50510,0.900000000000001);
#50530=EDGE_CURVE('',#50220,#49280,#50520,.T.);
#50540=ORIENTED_EDGE('',*,*,#50530,.F.);
#50550=ORIENTED_EDGE('',*,*,#49290,.T.);
#50560=ORIENTED_EDGE('',*,*,#49660,.F.);
#50570=ORIENTED_EDGE('',*,*,#48480,.F.);
#50580=ORIENTED_EDGE('',*,*,#49980,.T.);
#50590=ORIENTED_EDGE('',*,*,#50290,.F.);
#50600=EDGE_LOOP('',(#50590,#50580,#50570,#50560,#50550,#50540));
#50610=FACE_OUTER_BOUND('',#50600,.T.);
#50620=ADVANCED_FACE('',(#50610),#50470,.T.);
#50630=COLOUR_RGB('',0.313725501298904,0.784313797950745,
0.313725501298904);
#50640=FILL_AREA_STYLE_COLOUR('',#50630);
#50650=FILL_AREA_STYLE('',(#50640));
#50660=SURFACE_STYLE_FILL_AREA(#50650);
#50670=SURFACE_SIDE_STYLE('',(#50660));
#50680=SURFACE_STYLE_USAGE(.BOTH.,#50670);
#50690=PRESENTATION_STYLE_ASSIGNMENT((#50680));
#50700=CARTESIAN_POINT('',(-25.1999999999891,-2.90000023063944,
-1.66683200575335E-9));
#50710=DIRECTION('',(0.,0.,1.));
#50720=DIRECTION('',(1.,0.,0.));
#50730=AXIS2_PLACEMENT_3D('',#50700,#50710,#50720);
#50740=CYLINDRICAL_SURFACE('',#50730,0.900000000000001);
#50750=ORIENTED_EDGE('',*,*,#49350,.T.);
#50760=ORIENTED_EDGE('',*,*,#50530,.T.);
#50770=ORIENTED_EDGE('',*,*,#50230,.T.);
#50780=ORIENTED_EDGE('',*,*,#6730,.F.);
#50790=EDGE_LOOP('',(#50780,#50770,#50760,#50750));
#50800=FACE_OUTER_BOUND('',#50790,.T.);
#50810=ADVANCED_FACE('',(#50800),#50740,.T.);
#50820=COLOUR_RGB('',1.,0.839215755462646,0.301960796117783);
#50830=FILL_AREA_STYLE_COLOUR('',#50820);
#50840=FILL_AREA_STYLE('',(#50830));
#50850=SURFACE_STYLE_FILL_AREA(#50840);
#50860=SURFACE_SIDE_STYLE('',(#50850));
#50870=SURFACE_STYLE_USAGE(.BOTH.,#50860);
#50880=PRESENTATION_STYLE_ASSIGNMENT((#50870));
#50890=CARTESIAN_POINT('',(-18.3999999999892,-1.4636965057939,
-1.66683200575335E-9));
#50900=DIRECTION('',(-1.,0.,0.));
#50910=DIRECTION('',(0.,1.,0.));
#50920=AXIS2_PLACEMENT_3D('',#50890,#50900,#50910);
#50930=PLANE('',#50920);
#50940=ORIENTED_EDGE('',*,*,#6130,.F.);
#50950=ORIENTED_EDGE('',*,*,#11820,.T.);
#50960=ORIENTED_EDGE('',*,*,#4720,.T.);
#50970=CARTESIAN_POINT('',(-18.3999999999892,-1.85646622726462,
-1.66683200575335E-9));
#50980=DIRECTION('',(0.,0.,-1.));
#50990=VECTOR('',#50980,1.);
#51000=LINE('',#50970,#50990);
#51010=EDGE_CURVE('',#6120,#4630,#51000,.T.);
#51020=ORIENTED_EDGE('',*,*,#51010,.T.);
#51030=EDGE_LOOP('',(#51020,#50960,#50950,#50940));
#51040=FACE_OUTER_BOUND('',#51030,.T.);
#51050=ADVANCED_FACE('',(#51040),#50930,.F.);
#51060=COLOUR_RGB('',1.,0.839215755462646,0.301960796117783);
#51070=FILL_AREA_STYLE_COLOUR('',#51060);
#51080=FILL_AREA_STYLE('',(#51070));
#51090=SURFACE_STYLE_FILL_AREA(#51080);
#51100=SURFACE_SIDE_STYLE('',(#51090));
#51110=SURFACE_STYLE_USAGE(.BOTH.,#51100);
#51120=PRESENTATION_STYLE_ASSIGNMENT((#51110));
#51130=CARTESIAN_POINT('',(-25.3999999999892,-1.85646622726462,
-1.66683200575335E-9));
#51140=DIRECTION('',(0.,0.,1.));
#51150=DIRECTION('',(1.,0.,0.));
#51160=AXIS2_PLACEMENT_3D('',#51130,#51140,#51150);
#51170=CYLINDRICAL_SURFACE('',#51160,7.);
#51180=ORIENTED_EDGE('',*,*,#6220,.F.);
#51190=ORIENTED_EDGE('',*,*,#51010,.F.);
#51200=ORIENTED_EDGE('',*,*,#4640,.T.);
#51210=CARTESIAN_POINT('',(-19.5199999999807,-5.65457101780162,
-1.66683200575335E-9));
#51220=DIRECTION('',(0.,0.,-1.));
#51230=VECTOR('',#51220,1.);
#51240=LINE('',#51210,#51230);
#51250=EDGE_CURVE('',#6210,#4540,#51240,.T.);
#51260=ORIENTED_EDGE('',*,*,#51250,.T.);
#51270=EDGE_LOOP('',(#51260,#51200,#51190,#51180));
#51280=FACE_OUTER_BOUND('',#51270,.T.);
#51290=ADVANCED_FACE('',(#51280),#51170,.T.);
#51300=COLOUR_RGB('',1.,0.839215755462646,0.301960796117783);
#51310=FILL_AREA_STYLE_COLOUR('',#51300);
#51320=FILL_AREA_STYLE('',(#51310));
#51330=SURFACE_STYLE_FILL_AREA(#51320);
#51340=SURFACE_SIDE_STYLE('',(#51330));
#51350=SURFACE_STYLE_USAGE(.BOTH.,#51340);
#51360=PRESENTATION_STYLE_ASSIGNMENT((#51350));
#51370=CARTESIAN_POINT('',(-27.4999999999891,-0.500000230639452,
-1.66683200575335E-9));
#51380=DIRECTION('',(0.,0.,1.));
#51390=DIRECTION('',(1.,0.,0.));
#51400=AXIS2_PLACEMENT_3D('',#51370,#51380,#51390);
#51410=CYLINDRICAL_SURFACE('',#51400,9.5);
#51420=ORIENTED_EDGE('',*,*,#6310,.F.);
#51430=ORIENTED_EDGE('',*,*,#51250,.F.);
#51440=ORIENTED_EDGE('',*,*,#4550,.T.);
#51450=ORIENTED_EDGE('',*,*,#14740,.F.);
#51460=EDGE_LOOP('',(#51450,#51440,#51430,#51420));
#51470=FACE_OUTER_BOUND('',#51460,.T.);
#51480=ADVANCED_FACE('',(#51470),#51410,.T.);
#51490=COLOUR_RGB('',1.,0.839215755462646,0.301960796117783);
#51500=FILL_AREA_STYLE_COLOUR('',#51490);
#51510=FILL_AREA_STYLE('',(#51500));
#51520=SURFACE_STYLE_FILL_AREA(#51510);
#51530=SURFACE_SIDE_STYLE('',(#51520));
#51540=SURFACE_STYLE_USAGE(.BOTH.,#51530);
#51550=PRESENTATION_STYLE_ASSIGNMENT((#51540));
#51560=CARTESIAN_POINT('',(-21.8499999999985,24.4652048334008,
2.99833316799425E-6));
#51570=DIRECTION('',(0.,0.,-1.));
#51580=VECTOR('',#51570,1.);
#51590=LINE('',#51560,#51580);
#51600=CARTESIAN_POINT('',(-21.8499999999985,24.4652048334008,
-0.750000001639023));
#51610=VERTEX_POINT('',#51600);
#51620=EDGE_CURVE('',#7390,#51610,#51590,.T.);
#51630=ORIENTED_EDGE('',*,*,#51620,.T.);
#51640=ORIENTED_EDGE('',*,*,#7400,.T.);
#51650=ORIENTED_EDGE('',*,*,#15590,.F.);
#51660=CARTESIAN_POINT('',(-21.8499999999985,0.599999769361473,
-0.750000001639023));
#51670=DIRECTION('',(8.00094898427962E-17,1.,0.));
#51680=VECTOR('',#51670,1.);
#51690=LINE('',#51660,#51680);
#51700=EDGE_CURVE('',#15520,#51610,#51690,.T.);
#51710=ORIENTED_EDGE('',*,*,#51700,.F.);
#51720=EDGE_LOOP('',(#51710,#51650,#51640,#51630));
#51730=FACE_OUTER_BOUND('',#51720,.T.);
#51740=ADVANCED_FACE('',(#51730),#16740,.F.);
#51750=COLOUR_RGB('',1.,0.839215755462646,0.301960796117783);
#51760=FILL_AREA_STYLE_COLOUR('',#51750);
#51770=FILL_AREA_STYLE('',(#51760));
#51780=SURFACE_STYLE_FILL_AREA(#51770);
#51790=SURFACE_SIDE_STYLE('',(#51780));
#51800=SURFACE_STYLE_USAGE(.BOTH.,#51790);
#51810=PRESENTATION_STYLE_ASSIGNMENT((#51800));
#51820=CARTESIAN_POINT('',(-28.8499999999985,24.4652048334008,
-1.66683200575335E-9));
#51830=DIRECTION('',(0.,0.,-1.));
#51840=DIRECTION('',(-1.,0.,0.));
#51850=AXIS2_PLACEMENT_3D('',#51820,#51830,#51840);
#51860=CYLINDRICAL_SURFACE('',#51850,7.);
#51870=ORIENTED_EDGE('',*,*,#16260,.T.);
#51880=ORIENTED_EDGE('',*,*,#7490,.F.);
#51890=ORIENTED_EDGE('',*,*,#51620,.F.);
#51900=CARTESIAN_POINT('',(-28.8499999999985,24.4652048334008,
-0.750000001639023));
#51910=DIRECTION('',(0.,0.,-1.));
#51920=DIRECTION('',(-1.,0.,0.));
#51930=AXIS2_PLACEMENT_3D('',#51900,#51910,#51920);
#51940=CIRCLE('',#51930,7.);
#51950=EDGE_CURVE('',#16250,#51610,#51940,.T.);
#51960=ORIENTED_EDGE('',*,*,#51950,.T.);
#51970=EDGE_LOOP('',(#51960,#51890,#51880,#51870));
#51980=FACE_OUTER_BOUND('',#51970,.T.);
#51990=ADVANCED_FACE('',(#51980),#51860,.F.);
#52000=COLOUR_RGB('',1.,0.839215755462646,0.301960796117783);
#52010=FILL_AREA_STYLE_COLOUR('',#52000);
#52020=FILL_AREA_STYLE('',(#52010));
#52030=SURFACE_STYLE_FILL_AREA(#52020);
#52040=SURFACE_SIDE_STYLE('',(#52030));
#52050=SURFACE_STYLE_USAGE(.BOTH.,#52040);
#52060=PRESENTATION_STYLE_ASSIGNMENT((#52050));
#52070=CARTESIAN_POINT('',(-17.9479529999827,17.506811000001,
-0.750000001639023));
#52080=DIRECTION('',(0.,0.,-1.));
#52090=DIRECTION('',(-1.,0.,0.));
#52100=AXIS2_PLACEMENT_3D('',#52070,#52080,#52090);
#52110=PLANE('',#52100);
#52120=CARTESIAN_POINT('',(-7.50058466214406,8.37903992059294,
-0.750000001639023));
#52130=DIRECTION('',(-0.611956859996264,0.790891143902568,0.));
#52140=VECTOR('',#52130,1.);
#52150=LINE('',#52120,#52140);
#52160=CARTESIAN_POINT('',(-16.4500000000013,19.9452364885346,
-0.750000001639021));
#52170=VERTEX_POINT('',#52160);
#52180=EDGE_CURVE('',#52170,#16330,#52150,.T.);
#52190=ORIENTED_EDGE('',*,*,#52180,.F.);
#52200=ORIENTED_EDGE('',*,*,#16340,.T.);
#52210=ORIENTED_EDGE('',*,*,#51950,.F.);
#52220=ORIENTED_EDGE('',*,*,#51700,.T.);
#52230=ORIENTED_EDGE('',*,*,#15530,.F.);
#52240=CARTESIAN_POINT('',(-32.9742754795343,7.80473134896969,
-0.750000001639023));
#52250=DIRECTION('',(0.921470147258837,0.388449182919436,0.));
#52260=VECTOR('',#52250,1.);
#52270=LINE('',#52240,#52260);
#52280=CARTESIAN_POINT('',(-17.447705756475,14.3500148184405,
-0.750000001639023));
#52290=VERTEX_POINT('',#52280);
#52300=EDGE_CURVE('',#15430,#52290,#52270,.T.);
#52310=ORIENTED_EDGE('',*,*,#52300,.F.);
#52320=CARTESIAN_POINT('',(-20.7215311501055,8.37903992059294,
-0.750000001639023));
#52330=DIRECTION('',(0.480767105993087,0.876848327702706,0.));
#52340=VECTOR('',#52330,1.);
#52350=LINE('',#52320,#52340);
#52360=CARTESIAN_POINT('',(-16.4500000000013,16.1696830386616,
-0.750000001639023));
#52370=VERTEX_POINT('',#52360);
#52380=EDGE_CURVE('',#52290,#52370,#52350,.T.);
#52390=ORIENTED_EDGE('',*,*,#52380,.F.);
#52400=CARTESIAN_POINT('',(-16.4500000000013,8.37903992059294,
-0.750000001639023));
#52410=DIRECTION('',(0.,-1.,0.));
#52420=VECTOR('',#52410,1.);
#52430=LINE('',#52400,#52420);
#52440=EDGE_CURVE('',#52170,#52370,#52430,.T.);
#52450=ORIENTED_EDGE('',*,*,#52440,.T.);
#52460=EDGE_LOOP('',(#52450,#52390,#52310,#52230,#52220,#52210,#52200,
#52190));
#52470=FACE_OUTER_BOUND('',#52460,.T.);
#52480=ADVANCED_FACE('',(#52470),#52110,.T.);
#52490=COLOUR_RGB('',0.313725501298904,0.784313797950745,
0.313725501298904);
#52500=FILL_AREA_STYLE_COLOUR('',#52490);
#52510=FILL_AREA_STYLE('',(#52500));
#52520=SURFACE_STYLE_FILL_AREA(#52510);
#52530=SURFACE_SIDE_STYLE('',(#52520));
#52540=SURFACE_STYLE_USAGE(.BOTH.,#52530);
#52550=PRESENTATION_STYLE_ASSIGNMENT((#52540));
#52560=CARTESIAN_POINT('',(-17.7655099999827,19.804683000001,
-5.65000000163902));
#52570=DIRECTION('',(0.,0.,-1.));
#52580=DIRECTION('',(-1.,0.,0.));
#52590=AXIS2_PLACEMENT_3D('',#52560,#52570,#52580);
#52600=PLANE('',#52590);
#52610=CARTESIAN_POINT('',(-5.12638860322072,19.8157104932043,
-5.65000000163902));
#52620=DIRECTION('',(1.,0.,0.));
#52630=VECTOR('',#52620,1.);
#52640=LINE('',#52610,#52630);
#52650=CARTESIAN_POINT('',(-15.5499999999459,19.8157104932043,
-5.65000000163902));
#52660=VERTEX_POINT('',#52650);
#52670=CARTESIAN_POINT('',(-6.6749999999986,19.8157104932043,
-5.65000000163902));
#52680=VERTEX_POINT('',#52670);
#52690=EDGE_CURVE('',#52660,#52680,#52640,.T.);
#52700=ORIENTED_EDGE('',*,*,#52690,.F.);
#52710=CARTESIAN_POINT('',(-6.6749999999986,0.599999769361473,
-5.65000000163902));
#52720=DIRECTION('',(0.,-1.,0.));
#52730=VECTOR('',#52720,1.);
#52740=LINE('',#52710,#52730);
#52750=CARTESIAN_POINT('',(-6.6749999999986,16.2499997693663,
-5.65000000163902));
#52760=VERTEX_POINT('',#52750);
#52770=EDGE_CURVE('',#52680,#52760,#52740,.T.);
#52780=ORIENTED_EDGE('',*,*,#52770,.F.);
#52790=CARTESIAN_POINT('',(-5.12638860322072,16.2499997693663,
-5.65000000163902));
#52800=DIRECTION('',(-1.,0.,0.));
#52810=VECTOR('',#52800,1.);
#52820=LINE('',#52790,#52810);
#52830=CARTESIAN_POINT('',(-15.5499999999459,16.2499997693663,
-5.65000000163902));
#52840=VERTEX_POINT('',#52830);
#52850=EDGE_CURVE('',#52760,#52840,#52820,.T.);
#52860=ORIENTED_EDGE('',*,*,#52850,.F.);
#52870=CARTESIAN_POINT('',(-15.5499999999459,0.599999769361473,
-5.65000000163902));
#52880=DIRECTION('',(0.,1.,0.));
#52890=VECTOR('',#52880,1.);
#52900=LINE('',#52870,#52890);
#52910=EDGE_CURVE('',#52840,#52660,#52900,.T.);
#52920=ORIENTED_EDGE('',*,*,#52910,.F.);
#52930=EDGE_LOOP('',(#52920,#52860,#52780,#52700));
#52940=FACE_OUTER_BOUND('',#52930,.T.);
#52950=ADVANCED_FACE('',(#52940),#52600,.F.);
#52960=COLOUR_RGB('',0.823529481887817,0.823529481887817,
0.784313797950745);
#52970=FILL_AREA_STYLE_COLOUR('',#52960);
#52980=FILL_AREA_STYLE('',(#52970));
#52990=SURFACE_STYLE_FILL_AREA(#52980);
#53000=SURFACE_SIDE_STYLE('',(#52990));
#53010=SURFACE_STYLE_USAGE(.BOTH.,#53000);
#53020=PRESENTATION_STYLE_ASSIGNMENT((#53010));
#53030=CARTESIAN_POINT('',(-6.6749999999986,8.49999976936559,
-1.6500000000019));
#53040=DIRECTION('',(1.,0.,1.22464679914735E-16));
#53050=DIRECTION('',(-1.38383250655425E-28,-1.,1.12998499446348E-12));
#53060=AXIS2_PLACEMENT_3D('',#53030,#53040,#53050);
#53070=PLANE('',#53060);
#53080=CARTESIAN_POINT('',(-6.6749999999986,19.8157104932043,
-5.65000000163903));
#53090=DIRECTION('',(0.,0.,1.));
#53100=VECTOR('',#53090,1.);
#53110=LINE('',#53080,#53100);
#53120=CARTESIAN_POINT('',(-6.6749999999986,19.8157104932043,
-1.25000000166676));
#53130=VERTEX_POINT('',#53120);
#53140=EDGE_CURVE('',#52680,#53130,#53110,.T.);
#53150=ORIENTED_EDGE('',*,*,#53140,.F.);
#53160=CARTESIAN_POINT('',(-6.6749999999986,0.599999769361473,
-1.25000000166676));
#53170=DIRECTION('',(0.,1.,0.));
#53180=VECTOR('',#53170,1.);
#53190=LINE('',#53160,#53180);
#53200=CARTESIAN_POINT('',(-6.6749999999986,16.2499997693663,
-1.25000000166676));
#53210=VERTEX_POINT('',#53200);
#53220=EDGE_CURVE('',#53210,#53130,#53190,.T.);
#53230=ORIENTED_EDGE('',*,*,#53220,.T.);
#53240=CARTESIAN_POINT('',(-6.67499999999859,0.599999769361473,
-16.9000000016716));
#53250=DIRECTION('',(1.11022302462516E-16,-0.707106781186548,
-0.707106781186547));
#53260=VECTOR('',#53250,1.);
#53270=LINE('',#53240,#53260);
#53280=CARTESIAN_POINT('',(-6.6749999999986,15.1499997693663,
-2.35000000166676));
#53290=VERTEX_POINT('',#53280);
#53300=EDGE_CURVE('',#53210,#53290,#53270,.T.);
#53310=ORIENTED_EDGE('',*,*,#53300,.F.);
#53320=CARTESIAN_POINT('',(-6.6749999999986,15.1499997693663,
-1.66683200575335E-9));
#53330=DIRECTION('',(1.22464679914735E-16,0.,-1.));
#53340=VECTOR('',#53330,1.);
#53350=LINE('',#53320,#53340);
#53360=CARTESIAN_POINT('',(-6.6749999999986,15.1499997693663,
-4.55000000166677));
#53370=VERTEX_POINT('',#53360);
#53380=EDGE_CURVE('',#53290,#53370,#53350,.T.);
#53390=ORIENTED_EDGE('',*,*,#53380,.F.);
#53400=CARTESIAN_POINT('',(-6.6749999999986,0.599999769361473,
9.99999999797105));
#53410=DIRECTION('',(1.11022302462516E-16,0.707106781195465,
-0.70710678117763));
#53420=VECTOR('',#53410,1.);
#53430=LINE('',#53400,#53420);
#53440=EDGE_CURVE('',#53370,#52760,#53430,.T.);
#53450=ORIENTED_EDGE('',*,*,#53440,.F.);
#53460=ORIENTED_EDGE('',*,*,#52770,.T.);
#53470=EDGE_LOOP('',(#53460,#53450,#53390,#53310,#53230,#53150));
#53480=FACE_OUTER_BOUND('',#53470,.T.);
#53490=ADVANCED_FACE('',(#53480),#53070,.F.);
#53500=COLOUR_RGB('',0.313725501298904,0.784313797950745,
0.313725501298904);
#53510=FILL_AREA_STYLE_COLOUR('',#53500);
#53520=FILL_AREA_STYLE('',(#53510));
#53530=SURFACE_STYLE_FILL_AREA(#53520);
#53540=SURFACE_SIDE_STYLE('',(#53530));
#53550=SURFACE_STYLE_USAGE(.BOTH.,#53540);
#53560=PRESENTATION_STYLE_ASSIGNMENT((#53550));
#53570=CARTESIAN_POINT('',(-15.9499999999736,31.4100021693765,
-1.25000000166676));
#53580=DIRECTION('',(0.,0.,1.));
#53590=DIRECTION('',(1.,0.,0.));
#53600=AXIS2_PLACEMENT_3D('',#53570,#53580,#53590);
#53610=PLANE('',#53600);
#53620=CARTESIAN_POINT('',(-5.12638860322072,19.8157104932043,
-1.25000000166676));
#53630=DIRECTION('',(-1.,0.,0.));
#53640=VECTOR('',#53630,1.);
#53650=LINE('',#53620,#53640);
#53660=CARTESIAN_POINT('',(-15.9499999999736,19.8157104932043,
-1.25000000166676));
#53670=VERTEX_POINT('',#53660);
#53680=EDGE_CURVE('',#53130,#53670,#53650,.T.);
#53690=ORIENTED_EDGE('',*,*,#53680,.F.);
#53700=CARTESIAN_POINT('',(-15.9499999999736,0.599999769361473,
-1.25000000166676));
#53710=DIRECTION('',(0.,-1.,0.));
#53720=VECTOR('',#53710,1.);
#53730=LINE('',#53700,#53720);
#53740=CARTESIAN_POINT('',(-15.9499999999736,16.2499997693663,
-1.25000000166676));
#53750=VERTEX_POINT('',#53740);
#53760=EDGE_CURVE('',#53670,#53750,#53730,.T.);
#53770=ORIENTED_EDGE('',*,*,#53760,.F.);
#53780=CARTESIAN_POINT('',(-5.12638860322072,16.2499997693663,
-1.25000000166676));
#53790=DIRECTION('',(1.,6.12323399573677E-17,0.));
#53800=VECTOR('',#53790,1.);
#53810=LINE('',#53780,#53800);
#53820=EDGE_CURVE('',#53750,#53210,#53810,.T.);
#53830=ORIENTED_EDGE('',*,*,#53820,.F.);
#53840=ORIENTED_EDGE('',*,*,#53220,.F.);
#53850=EDGE_LOOP('',(#53840,#53830,#53770,#53690));
#53860=FACE_OUTER_BOUND('',#53850,.T.);
#53870=ADVANCED_FACE('',(#53860),#53610,.F.);
#53880=COLOUR_RGB('',0.823529481887817,0.823529481887817,
0.784313797950745);
#53890=FILL_AREA_STYLE_COLOUR('',#53880);
#53900=FILL_AREA_STYLE('',(#53890));
#53910=SURFACE_STYLE_FILL_AREA(#53900);
#53920=SURFACE_SIDE_STYLE('',(#53910));
#53930=SURFACE_STYLE_USAGE(.BOTH.,#53920);
#53940=PRESENTATION_STYLE_ASSIGNMENT((#53930));
#53950=CARTESIAN_POINT('',(-14.9499999999736,15.6999997693663,
-5.1000000016529));
#53960=DIRECTION('',(-0.,0.70710678117763,0.707106781195465));
#53970=DIRECTION('',(0.,-0.707106781195465,0.70710678117763));
#53980=AXIS2_PLACEMENT_3D('',#53950,#53960,#53970);
#53990=PLANE('',#53980);
#54000=ORIENTED_EDGE('',*,*,#53440,.T.);
#54010=CARTESIAN_POINT('',(-5.12638860322072,15.1499997693663,
-4.55000000166677));
#54020=DIRECTION('',(-1.,0.,0.));
#54030=VECTOR('',#54020,1.);
#54040=LINE('',#54010,#54030);
#54050=CARTESIAN_POINT('',(-15.5499999999736,15.1499997693663,
-4.55000000166677));
#54060=VERTEX_POINT('',#54050);
#54070=EDGE_CURVE('',#53370,#54060,#54040,.T.);
#54080=ORIENTED_EDGE('',*,*,#54070,.F.);
#54090=CARTESIAN_POINT('',(-15.5499999999736,8.37903992059294,
2.2209598469358));
#54100=DIRECTION('',(-3.92523114670944E-17,0.707106781195465,
-0.70710678117763));
#54110=VECTOR('',#54100,1.);
#54120=LINE('',#54090,#54110);
#54130=EDGE_CURVE('',#54060,#52840,#54120,.T.);
#54140=ORIENTED_EDGE('',*,*,#54130,.F.);
#54150=ORIENTED_EDGE('',*,*,#52850,.T.);
#54160=EDGE_LOOP('',(#54150,#54140,#54080,#54000));
#54170=FACE_OUTER_BOUND('',#54160,.T.);
#54180=ADVANCED_FACE('',(#54170),#53990,.T.);
#54190=COLOUR_RGB('',0.823529481887817,0.823529481887817,
0.784313797950745);
#54200=FILL_AREA_STYLE_COLOUR('',#54190);
#54210=FILL_AREA_STYLE('',(#54200));
#54220=SURFACE_STYLE_FILL_AREA(#54210);
#54230=SURFACE_SIDE_STYLE('',(#54220));
#54240=SURFACE_STYLE_USAGE(.BOTH.,#54230);
#54250=PRESENTATION_STYLE_ASSIGNMENT((#54240));
#54260=CARTESIAN_POINT('',(-14.3499999999736,15.1499997693663,
-0.750000001639023));
#54270=DIRECTION('',(-0.,1.,0.));
#54280=DIRECTION('',(1.,0.,0.));
#54290=AXIS2_PLACEMENT_3D('',#54260,#54270,#54280);
#54300=PLANE('',#54290);
#54310=CARTESIAN_POINT('',(-15.5499999999736,15.1499997693663,
1.77635683940025E-15));
#54320=DIRECTION('',(0.,0.,1.));
#54330=VECTOR('',#54320,1.);
#54340=LINE('',#54310,#54330);
#54350=CARTESIAN_POINT('',(-15.5499999999736,15.1499997693663,
-2.35000000166676));
#54360=VERTEX_POINT('',#54350);
#54370=EDGE_CURVE('',#54060,#54360,#54340,.T.);
#54380=ORIENTED_EDGE('',*,*,#54370,.T.);
#54390=ORIENTED_EDGE('',*,*,#54070,.T.);
#54400=ORIENTED_EDGE('',*,*,#53380,.T.);
#54410=CARTESIAN_POINT('',(-5.12638860322072,15.1499997693663,
-2.35000000166676));
#54420=DIRECTION('',(-1.,0.,6.12323399573677E-17));
#54430=VECTOR('',#54420,1.);
#54440=LINE('',#54410,#54430);
#54450=EDGE_CURVE('',#53290,#54360,#54440,.T.);
#54460=ORIENTED_EDGE('',*,*,#54450,.F.);
#54470=EDGE_LOOP('',(#54460,#54400,#54390,#54380));
#54480=FACE_OUTER_BOUND('',#54470,.T.);
#54490=ADVANCED_FACE('',(#54480),#54300,.T.);
#54500=COLOUR_RGB('',0.823529481887817,0.823529481887817,
0.784313797950745);
#54510=FILL_AREA_STYLE_COLOUR('',#54500);
#54520=FILL_AREA_STYLE('',(#54510));
#54530=SURFACE_STYLE_FILL_AREA(#54520);
#54540=SURFACE_SIDE_STYLE('',(#54530));
#54550=SURFACE_STYLE_USAGE(.BOTH.,#54540);
#54560=PRESENTATION_STYLE_ASSIGNMENT((#54550));
#54570=CARTESIAN_POINT('',(-14.2249999999849,15.1499997693663,
-2.35000000166676));
#54580=DIRECTION('',(-4.32978028117747E-17,0.707106781186547,
-0.707106781186548));
#54590=DIRECTION('',(4.32978028117747E-17,0.707106781186548,
0.707106781186547));
#54600=AXIS2_PLACEMENT_3D('',#54570,#54580,#54590);
#54610=PLANE('',#54600);
#54620=CARTESIAN_POINT('',(-15.6434004316587,15.4068509565004,
-2.09314881453265));
#54630=DIRECTION('',(0.249029122545875,-0.68483008700116,
-0.68483008700116));
#54640=VECTOR('',#54630,1.);
#54650=LINE('',#54620,#54640);
#54660=EDGE_CURVE('',#53750,#54360,#54650,.T.);
#54670=ORIENTED_EDGE('',*,*,#54660,.F.);
#54680=ORIENTED_EDGE('',*,*,#54450,.T.);
#54690=ORIENTED_EDGE('',*,*,#53300,.T.);
#54700=ORIENTED_EDGE('',*,*,#53820,.T.);
#54710=EDGE_LOOP('',(#54700,#54690,#54680,#54670));
#54720=FACE_OUTER_BOUND('',#54710,.T.);
#54730=ADVANCED_FACE('',(#54720),#54610,.T.);
#54740=COLOUR_RGB('',0.823529481887817,0.823529481887817,
0.784313797950745);
#54750=FILL_AREA_STYLE_COLOUR('',#54740);
#54760=FILL_AREA_STYLE('',(#54750));
#54770=SURFACE_STYLE_FILL_AREA(#54760);
#54780=SURFACE_SIDE_STYLE('',(#54770));
#54790=SURFACE_STYLE_USAGE(.BOTH.,#54780);
#54800=PRESENTATION_STYLE_ASSIGNMENT((#54790));
#54810=CARTESIAN_POINT('',(-15.5499999999736,16.2499997693663,
-5.65000000163902));
#54820=DIRECTION('',(-0.707106781186548,0.499999999993694,
0.500000000006306));
#54830=DIRECTION('',(0.,0.707106781195465,-0.70710678117763));
#54840=AXIS2_PLACEMENT_3D('',#54810,#54820,#54830);
#54850=PLANE('',#54840);
#54860=ORIENTED_EDGE('',*,*,#54130,.T.);
#54870=CARTESIAN_POINT('',(-32.9742754795343,7.80473134896969,
-21.8463782788644));
#54880=DIRECTION('',(0.679929055472475,0.286626633350149,
0.674938258345656));
#54890=VECTOR('',#54880,1.);
#54900=LINE('',#54870,#54890);
#54910=EDGE_CURVE('',#17270,#54060,#54900,.T.);
#54920=ORIENTED_EDGE('',*,*,#54910,.T.);
#54930=ORIENTED_EDGE('',*,*,#17280,.T.);
#54940=CARTESIAN_POINT('',(-32.9742754795343,9.03262855136373,
-23.0742754812275));
#54950=DIRECTION('',(-0.678598344546803,-0.281084637710203,
-0.678598344546803));
#54960=VECTOR('',#54950,1.);
#54970=LINE('',#54940,#54960);
#54980=EDGE_CURVE('',#52840,#17190,#54970,.T.);
#54990=ORIENTED_EDGE('',*,*,#54980,.T.);
#55000=EDGE_LOOP('',(#54990,#54930,#54920,#54860));
#55010=FACE_OUTER_BOUND('',#55000,.T.);
#55020=ADVANCED_FACE('',(#55010),#54850,.T.);
#55030=COLOUR_RGB('',0.313725501298904,0.784313797950745,
0.313725501298904);
#55040=FILL_AREA_STYLE_COLOUR('',#55030);
#55050=FILL_AREA_STYLE('',(#55040));
#55060=SURFACE_STYLE_FILL_AREA(#55050);
#55070=SURFACE_SIDE_STYLE('',(#55060));
#55080=SURFACE_STYLE_USAGE(.BOTH.,#55070);
#55090=PRESENTATION_STYLE_ASSIGNMENT((#55080));
#55100=CARTESIAN_POINT('',(-25.8553086931254,32.1006282119104,
-7.40000000163902));
#55110=DIRECTION('',(0.790891143902568,0.611956859996264,0.));
#55120=DIRECTION('',(0.611956859996264,-0.790891143902568,0.));
#55130=AXIS2_PLACEMENT_3D('',#55100,#55110,#55120);
#55140=PLANE('',#55130);
#55150=CARTESIAN_POINT('',(-16.3497784688826,19.8157104932044,
1.77635683940025E-15));
#55160=DIRECTION('',(0.,0.,-1.));
#55170=VECTOR('',#55160,1.);
#55180=LINE('',#55150,#55170);
#55190=CARTESIAN_POINT('',(-16.3497784688826,19.8157104932044,
-0.850221532757766));
#55200=VERTEX_POINT('',#55190);
#55210=CARTESIAN_POINT('',(-16.3497784688826,19.8157104932043,
-6.44977847057576));
#55220=VERTEX_POINT('',#55210);
#55230=EDGE_CURVE('',#55200,#55220,#55180,.T.);
#55240=ORIENTED_EDGE('',*,*,#55230,.F.);
#55250=CARTESIAN_POINT('',(-1.48150476545613,0.599999769361473,
8.4184952328507));
#55260=DIRECTION('',(-0.521975147833683,0.674599058766028,
-0.521975147833683));
#55270=VECTOR('',#55260,1.);
#55280=LINE('',#55250,#55270);
#55290=EDGE_CURVE('',#55220,#17110,#55280,.T.);
#55300=ORIENTED_EDGE('',*,*,#55290,.F.);
#55310=ORIENTED_EDGE('',*,*,#17120,.F.);
#55320=ORIENTED_EDGE('',*,*,#16420,.F.);
#55330=ORIENTED_EDGE('',*,*,#52180,.T.);
#55340=CARTESIAN_POINT('',(-1.48150476545613,0.599999769361473,
-15.7184952361842));
#55350=DIRECTION('',(0.521975147833683,-0.674599058766028,
-0.521975147833683));
#55360=VECTOR('',#55350,1.);
#55370=LINE('',#55340,#55360);
#55380=EDGE_CURVE('',#52170,#55200,#55370,.T.);
#55390=ORIENTED_EDGE('',*,*,#55380,.F.);
#55400=EDGE_LOOP('',(#55390,#55330,#55320,#55310,#55300,#55240));
#55410=FACE_OUTER_BOUND('',#55400,.T.);
#55420=ADVANCED_FACE('',(#55410),#55140,.F.);
#55430=COLOUR_RGB('',0.313725501298904,0.784313797950745,
0.313725501298904);
#55440=FILL_AREA_STYLE_COLOUR('',#55430);
#55450=FILL_AREA_STYLE('',(#55440));
#55460=SURFACE_STYLE_FILL_AREA(#55450);
#55470=SURFACE_SIDE_STYLE('',(#55460));
#55480=SURFACE_STYLE_USAGE(.BOTH.,#55470);
#55490=PRESENTATION_STYLE_ASSIGNMENT((#55480));
#55500=CARTESIAN_POINT('',(-15.5499999999736,31.4100021693765,
-5.65000000166677));
#55510=DIRECTION('',(0.707106781186547,0.,-0.707106781186548));
#55520=DIRECTION('',(-0.707106781186548,0.,-0.707106781186547));
#55530=AXIS2_PLACEMENT_3D('',#55500,#55510,#55520);
#55540=PLANE('',#55530);
#55550=ORIENTED_EDGE('',*,*,#54980,.F.);
#55560=ORIENTED_EDGE('',*,*,#17200,.T.);
#55570=ORIENTED_EDGE('',*,*,#55290,.T.);
#55580=CARTESIAN_POINT('',(-5.12638860322072,19.8157104932043,
4.77361139508611));
#55590=DIRECTION('',(0.707106781186548,0.,0.707106781186547));
#55600=VECTOR('',#55590,1.);
#55610=LINE('',#55580,#55600);
#55620=EDGE_CURVE('',#55220,#52660,#55610,.T.);
#55630=ORIENTED_EDGE('',*,*,#55620,.F.);
#55640=ORIENTED_EDGE('',*,*,#52910,.T.);
#55650=EDGE_LOOP('',(#55640,#55630,#55570,#55560,#55550));
#55660=FACE_OUTER_BOUND('',#55650,.T.);
#55670=ADVANCED_FACE('',(#55660),#55540,.F.);
#55680=COLOUR_RGB('',0.313725501298904,0.784313797950745,
0.313725501298904);
#55690=FILL_AREA_STYLE_COLOUR('',#55680);
#55700=FILL_AREA_STYLE('',(#55690));
#55710=SURFACE_STYLE_FILL_AREA(#55700);
#55720=SURFACE_SIDE_STYLE('',(#55710));
#55730=SURFACE_STYLE_USAGE(.BOTH.,#55720);
#55740=PRESENTATION_STYLE_ASSIGNMENT((#55730));
#55750=CARTESIAN_POINT('',(-16.3497784688826,19.8157104932043,
-5.65000000163903));
#55760=DIRECTION('',(-0.,1.,0.));
#55770=DIRECTION('',(1.,0.,0.));
#55780=AXIS2_PLACEMENT_3D('',#55750,#55760,#55770);
#55790=PLANE('',#55780);
#55800=ORIENTED_EDGE('',*,*,#53680,.T.);
#55810=ORIENTED_EDGE('',*,*,#53140,.T.);
#55820=ORIENTED_EDGE('',*,*,#52690,.T.);
#55830=ORIENTED_EDGE('',*,*,#55620,.T.);
#55840=ORIENTED_EDGE('',*,*,#55230,.T.);
#55850=CARTESIAN_POINT('',(-5.12638860322072,19.8157104932043,
-12.0736113984196));
#55860=DIRECTION('',(-0.707106781186548,0.,0.707106781186547));
#55870=VECTOR('',#55860,1.);
#55880=LINE('',#55850,#55870);
#55890=EDGE_CURVE('',#53670,#55200,#55880,.T.);
#55900=ORIENTED_EDGE('',*,*,#55890,.T.);
#55910=EDGE_LOOP('',(#55900,#55840,#55830,#55820,#55810,#55800));
#55920=FACE_OUTER_BOUND('',#55910,.T.);
#55930=ADVANCED_FACE('',(#55920),#55790,.F.);
#55940=COLOUR_RGB('',0.823529481887817,0.823529481887817,
0.784313797950745);
#55950=FILL_AREA_STYLE_COLOUR('',#55940);
#55960=FILL_AREA_STYLE('',(#55950));
#55970=SURFACE_STYLE_FILL_AREA(#55960);
#55980=SURFACE_SIDE_STYLE('',(#55970));
#55990=SURFACE_STYLE_USAGE(.BOTH.,#55980);
#56000=PRESENTATION_STYLE_ASSIGNMENT((#55990));
#56010=CARTESIAN_POINT('',(-17.7079456469456,14.2403097204326,
-12.4261744565307));
#56020=DIRECTION('',(0.388449182919436,-0.921470147258837,0.));
#56030=DIRECTION('',(-0.921470147258837,-0.388449182919436,0.));
#56040=AXIS2_PLACEMENT_3D('',#56010,#56020,#56030);
#56050=PLANE('',#56040);
#56060=ORIENTED_EDGE('',*,*,#15440,.F.);
#56070=ORIENTED_EDGE('',*,*,#17340,.F.);
#56080=ORIENTED_EDGE('',*,*,#54910,.F.);
#56090=ORIENTED_EDGE('',*,*,#54370,.F.);
#56100=CARTESIAN_POINT('',(-32.9742754795343,7.80473134896969,
12.3408131933028));
#56110=DIRECTION('',(0.727669360168636,0.306751737138606,
-0.613515015329059));
#56120=VECTOR('',#56110,1.);
#56130=LINE('',#56100,#56120);
#56140=EDGE_CURVE('',#52290,#54360,#56130,.T.);
#56150=ORIENTED_EDGE('',*,*,#56140,.T.);
#56160=ORIENTED_EDGE('',*,*,#52300,.T.);
#56170=EDGE_LOOP('',(#56160,#56150,#56090,#56080,#56070,#56060));
#56180=FACE_OUTER_BOUND('',#56170,.T.);
#56190=ADVANCED_FACE('',(#56180),#56050,.F.);
#56200=COLOUR_RGB('',0.313725501298904,0.784313797950745,
0.313725501298904);
#56210=FILL_AREA_STYLE_COLOUR('',#56200);
#56220=FILL_AREA_STYLE('',(#56210));
#56230=SURFACE_STYLE_FILL_AREA(#56220);
#56240=SURFACE_SIDE_STYLE('',(#56230));
#56250=SURFACE_STYLE_USAGE(.BOTH.,#56240);
#56260=PRESENTATION_STYLE_ASSIGNMENT((#56250));
#56270=CARTESIAN_POINT('',(-15.5499999999736,15.1499997693663,
-2.35000000166676));
#56280=DIRECTION('',(-0.68483008700116,0.375485438727062,
-0.624514561272938));
#56290=DIRECTION('',(0.249029122545875,-0.68483008700116,
-0.684830087001159));
#56300=AXIS2_PLACEMENT_3D('',#56270,#56280,#56290);
#56310=PLANE('',#56300);
#56320=CARTESIAN_POINT('',(-32.9742754795343,13.5153314712484,
15.774275477894));
#56330=DIRECTION('',(0.70258906038109,0.112859312711156,
-0.70258906038109));
#56340=VECTOR('',#56330,1.);
#56350=LINE('',#56320,#56340);
#56360=EDGE_CURVE('',#52370,#53750,#56350,.T.);
#56370=ORIENTED_EDGE('',*,*,#56360,.T.);
#56380=ORIENTED_EDGE('',*,*,#52380,.T.);
#56390=ORIENTED_EDGE('',*,*,#56140,.F.);
#56400=ORIENTED_EDGE('',*,*,#54660,.T.);
#56410=EDGE_LOOP('',(#56400,#56390,#56380,#56370));
#56420=FACE_OUTER_BOUND('',#56410,.T.);
#56430=ADVANCED_FACE('',(#56420),#56310,.T.);
#56440=COLOUR_RGB('',0.313725501298904,0.784313797950745,
0.313725501298904);
#56450=FILL_AREA_STYLE_COLOUR('',#56440);
#56460=FILL_AREA_STYLE('',(#56450));
#56470=SURFACE_STYLE_FILL_AREA(#56460);
#56480=SURFACE_SIDE_STYLE('',(#56470));
#56490=SURFACE_STYLE_USAGE(.BOTH.,#56480);
#56500=PRESENTATION_STYLE_ASSIGNMENT((#56490));
#56510=CARTESIAN_POINT('',(-17.5137379999736,31.4100021693765,
0.313737998333232));
#56520=DIRECTION('',(0.707106781186547,-0.,0.707106781186548));
#56530=DIRECTION('',(0.707106781186548,0.,-0.707106781186547));
#56540=AXIS2_PLACEMENT_3D('',#56510,#56520,#56530);
#56550=PLANE('',#56540);
#56560=ORIENTED_EDGE('',*,*,#55890,.F.);
#56570=ORIENTED_EDGE('',*,*,#55380,.T.);
#56580=ORIENTED_EDGE('',*,*,#52440,.F.);
#56590=ORIENTED_EDGE('',*,*,#56360,.F.);
#56600=ORIENTED_EDGE('',*,*,#53760,.T.);
#56610=EDGE_LOOP('',(#56600,#56590,#56580,#56570,#56560));
#56620=FACE_OUTER_BOUND('',#56610,.T.);
#56630=ADVANCED_FACE('',(#56620),#56550,.F.);
#56640=COLOUR_RGB('',0.313725501298904,0.784313797950745,
0.313725501298904);
#56650=FILL_AREA_STYLE_COLOUR('',#56640);
#56660=FILL_AREA_STYLE('',(#56650));
#56670=SURFACE_STYLE_FILL_AREA(#56660);
#56680=SURFACE_SIDE_STYLE('',(#56670));
#56690=SURFACE_STYLE_USAGE(.BOTH.,#56680);
#56700=PRESENTATION_STYLE_ASSIGNMENT((#56690));
#56710=ORIENTED_EDGE('',*,*,#17430,.F.);
#56720=ORIENTED_EDGE('',*,*,#16890,.F.);
#56730=ORIENTED_EDGE('',*,*,#3530,.T.);
#56740=ORIENTED_EDGE('',*,*,#16560,.T.);
#56750=EDGE_LOOP('',(#56740,#56730,#56720,#56710));
#56760=FACE_OUTER_BOUND('',#56750,.T.);
#56770=ADVANCED_FACE('',(#56760),#51860,.F.);
#56780=COLOUR_RGB('',1.,0.839215755462646,0.301960796117783);
#56790=FILL_AREA_STYLE_COLOUR('',#56780);
#56800=FILL_AREA_STYLE('',(#56790));
#56810=SURFACE_STYLE_FILL_AREA(#56800);
#56820=SURFACE_SIDE_STYLE('',(#56810));
#56830=SURFACE_STYLE_USAGE(.BOTH.,#56820);
#56840=PRESENTATION_STYLE_ASSIGNMENT((#56830));
#56850=CARTESIAN_POINT('',(-2.09999999998526,8.36904738842925,
-2.87500000166513));
#56860=DIRECTION('',(0.,0.,1.));
#56870=DIRECTION('',(1.,0.,0.));
#56880=AXIS2_PLACEMENT_3D('',#56850,#56860,#56870);
#56890=PLANE('',#56880);
#56900=CARTESIAN_POINT('',(-26.237901132312,8.37903992059294,
-2.87500000166513));
#56910=DIRECTION('',(0.658504607868578,-0.752576694706826,0.));
#56920=VECTOR('',#56910,1.);
#56930=LINE('',#56900,#56920);
#56940=CARTESIAN_POINT('',(-18.9499909999852,0.0499997693635788,
-2.87500000166513));
#56950=VERTEX_POINT('',#56940);
#56960=EDGE_CURVE('',#12050,#56950,#56930,.T.);
#56970=ORIENTED_EDGE('',*,*,#56960,.F.);
#56980=CARTESIAN_POINT('',(-18.9499909999852,-46.2550893096008,
-2.87500000166513));
#56990=DIRECTION('',(0.,1.,0.));
#57000=VECTOR('',#56990,1.);
#57010=LINE('',#56980,#57000);
#57020=EDGE_CURVE('',#17680,#56950,#57010,.T.);
#57030=ORIENTED_EDGE('',*,*,#57020,.T.);
#57040=ORIENTED_EDGE('',*,*,#17690,.T.);
#57050=CARTESIAN_POINT('',(-19.1499909999852,-46.2550893096008,
-2.87500000166513));
#57060=DIRECTION('',(0.,1.,0.));
#57070=VECTOR('',#57060,1.);
#57080=LINE('',#57050,#57070);
#57090=CARTESIAN_POINT('',(-19.1499909999852,-0.92065308931776,
-2.87500000166513));
#57100=VERTEX_POINT('',#57090);
#57110=EDGE_CURVE('',#57100,#17660,#57080,.T.);
#57120=ORIENTED_EDGE('',*,*,#57110,.T.);
#57130=CARTESIAN_POINT('',(-32.9742754795357,1.51694125341628,
-2.87500000166513));
#57140=DIRECTION('',(-0.984807753012208,0.17364817766693,0.));
#57150=VECTOR('',#57140,1.);
#57160=LINE('',#57130,#57150);
#57170=EDGE_CURVE('',#11100,#57100,#57160,.T.);
#57180=ORIENTED_EDGE('',*,*,#57170,.T.);
#57190=ORIENTED_EDGE('',*,*,#11110,.T.);
#57200=ORIENTED_EDGE('',*,*,#11640,.F.);
#57210=ORIENTED_EDGE('',*,*,#12840,.F.);
#57220=ORIENTED_EDGE('',*,*,#12080,.T.);
#57230=EDGE_LOOP('',(#57220,#57210,#57200,#57190,#57180,#57120,#57040,
#57030,#56970));
#57240=FACE_OUTER_BOUND('',#57230,.T.);
#57250=ADVANCED_FACE('',(#57240),#56890,.T.);
#57260=COLOUR_RGB('',0.823529481887817,0.823529481887817,
0.784313797950745);
#57270=FILL_AREA_STYLE_COLOUR('',#57260);
#57280=FILL_AREA_STYLE('',(#57270));
#57290=SURFACE_STYLE_FILL_AREA(#57280);
#57300=SURFACE_SIDE_STYLE('',(#57290));
#57310=SURFACE_STYLE_USAGE(.BOTH.,#57300);
#57320=PRESENTATION_STYLE_ASSIGNMENT((#57310));
#57330=CARTESIAN_POINT('',(-2.09999999998526,8.36904738842925,
-5.27500000166514));
#57340=DIRECTION('',(0.,0.,1.));
#57350=DIRECTION('',(1.,0.,0.));
#57360=AXIS2_PLACEMENT_3D('',#57330,#57340,#57350);
#57370=PLANE('',#57360);
#57380=ORIENTED_EDGE('',*,*,#12350,.F.);
#57390=ORIENTED_EDGE('',*,*,#12620,.T.);
#57400=ORIENTED_EDGE('',*,*,#11730,.T.);
#57410=ORIENTED_EDGE('',*,*,#11280,.F.);
#57420=CARTESIAN_POINT('',(-32.9742754795357,1.51694125341628,
-5.27500000166514));
#57430=DIRECTION('',(-0.984807753012208,0.17364817766693,0.));
#57440=VECTOR('',#57430,1.);
#57450=LINE('',#57420,#57440);
#57460=CARTESIAN_POINT('',(-19.1499909999852,-0.92065308931776,
-5.27500000166514));
#57470=VERTEX_POINT('',#57460);
#57480=EDGE_CURVE('',#11180,#57470,#57450,.T.);
#57490=ORIENTED_EDGE('',*,*,#57480,.F.);
#57500=CARTESIAN_POINT('',(-19.1499909999852,-46.2550893096008,
-5.27500000166514));
#57510=DIRECTION('',(0.,1.,0.));
#57520=VECTOR('',#57510,1.);
#57530=LINE('',#57500,#57520);
#57540=EDGE_CURVE('',#57470,#17840,#57530,.T.);
#57550=ORIENTED_EDGE('',*,*,#57540,.F.);
#57560=ORIENTED_EDGE('',*,*,#17850,.F.);
#57570=CARTESIAN_POINT('',(-18.9499909999852,-46.2550893096008,
-5.27500000166514));
#57580=DIRECTION('',(0.,1.,0.));
#57590=VECTOR('',#57580,1.);
#57600=LINE('',#57570,#57590);
#57610=CARTESIAN_POINT('',(-18.9499909999852,0.049999769363577,
-5.27500000166514));
#57620=VERTEX_POINT('',#57610);
#57630=EDGE_CURVE('',#17760,#57620,#57600,.T.);
#57640=ORIENTED_EDGE('',*,*,#57630,.F.);
#57650=CARTESIAN_POINT('',(-26.237901132312,8.37903992059294,
-5.27500000166514));
#57660=DIRECTION('',(0.658504607868578,-0.752576694706826,0.));
#57670=VECTOR('',#57660,1.);
#57680=LINE('',#57650,#57670);
#57690=EDGE_CURVE('',#12340,#57620,#57680,.T.);
#57700=ORIENTED_EDGE('',*,*,#57690,.T.);
#57710=EDGE_LOOP('',(#57700,#57640,#57560,#57550,#57490,#57410,#57400,
#57390,#57380));
#57720=FACE_OUTER_BOUND('',#57710,.T.);
#57730=ADVANCED_FACE('',(#57720),#57370,.F.);
#57740=COLOUR_RGB('',0.823529481887817,0.823529481887817,
0.784313797950745);
#57750=FILL_AREA_STYLE_COLOUR('',#57740);
#57760=FILL_AREA_STYLE('',(#57750));
#57770=SURFACE_STYLE_FILL_AREA(#57760);
#57780=SURFACE_SIDE_STYLE('',(#57770));
#57790=SURFACE_STYLE_USAGE(.BOTH.,#57780);
#57800=PRESENTATION_STYLE_ASSIGNMENT((#57790));
#57810=CARTESIAN_POINT('',(-18.9847206355186,-0.949794713684732,
-2.87500000166513));
#57820=DIRECTION('',(-0.17364817766693,-0.984807753012208,-0.));
#57830=DIRECTION('',(-0.984807753012208,0.17364817766693,0.));
#57840=AXIS2_PLACEMENT_3D('',#57810,#57820,#57830);
#57850=PLANE('',#57840);
#57860=ORIENTED_EDGE('',*,*,#57170,.F.);
#57870=CARTESIAN_POINT('',(-19.1499909999852,-0.920653089317758,
-8.88178419700125E-15));
#57880=DIRECTION('',(0.,0.,-1.));
#57890=VECTOR('',#57880,1.);
#57900=LINE('',#57870,#57890);
#57910=EDGE_CURVE('',#57100,#57470,#57900,.T.);
#57920=ORIENTED_EDGE('',*,*,#57910,.F.);
#57930=ORIENTED_EDGE('',*,*,#57480,.T.);
#57940=ORIENTED_EDGE('',*,*,#11190,.F.);
#57950=EDGE_LOOP('',(#57940,#57930,#57920,#57860));
#57960=FACE_OUTER_BOUND('',#57950,.T.);
#57970=ADVANCED_FACE('',(#57960),#57850,.F.);
#57980=COLOUR_RGB('',0.823529481887817,0.823529481887817,
0.784313797950745);
#57990=FILL_AREA_STYLE_COLOUR('',#57980);
#58000=FILL_AREA_STYLE('',(#57990));
#58010=SURFACE_STYLE_FILL_AREA(#58000);
#58020=SURFACE_SIDE_STYLE('',(#58010));
#58030=SURFACE_STYLE_USAGE(.BOTH.,#58020);
#58040=PRESENTATION_STYLE_ASSIGNMENT((#58030));
#58050=CARTESIAN_POINT('',(-19.2488521101756,0.39155532386692,
-2.87500000166513));
#58060=DIRECTION('',(-0.752576694706826,-0.658504607868578,-0.));
#58070=DIRECTION('',(-0.658504607868578,0.752576694706826,0.));
#58080=AXIS2_PLACEMENT_3D('',#58050,#58060,#58070);
#58090=PLANE('',#58080);
#58100=ORIENTED_EDGE('',*,*,#57690,.F.);
#58110=CARTESIAN_POINT('',(-18.9499909999852,0.0499997693635788,
-8.88178419700125E-15));
#58120=DIRECTION('',(0.,0.,1.));
#58130=VECTOR('',#58120,1.);
#58140=LINE('',#58110,#58130);
#58150=EDGE_CURVE('',#57620,#56950,#58140,.T.);
#58160=ORIENTED_EDGE('',*,*,#58150,.F.);
#58170=ORIENTED_EDGE('',*,*,#56960,.T.);
#58180=ORIENTED_EDGE('',*,*,#12410,.F.);
#58190=EDGE_LOOP('',(#58180,#58170,#58160,#58100));
#58200=FACE_OUTER_BOUND('',#58190,.T.);
#58210=ADVANCED_FACE('',(#58200),#58090,.F.);
#58220=COLOUR_RGB('',0.823529481887817,0.823529481887817,
0.784313797950745);
#58230=FILL_AREA_STYLE_COLOUR('',#58220);
#58240=FILL_AREA_STYLE('',(#58230));
#58250=SURFACE_STYLE_FILL_AREA(#58240);
#58260=SURFACE_SIDE_STYLE('',(#58250));
#58270=SURFACE_STYLE_USAGE(.BOTH.,#58260);
#58280=PRESENTATION_STYLE_ASSIGNMENT((#58270));
#58290=CARTESIAN_POINT('',(-18.9499909999852,-0.0251472538574209,
-2.87500000166513));
#58300=DIRECTION('',(-1.,0.,0.));
#58310=DIRECTION('',(0.,1.,0.));
#58320=AXIS2_PLACEMENT_3D('',#58290,#58300,#58310);
#58330=PLANE('',#58320);
#58340=ORIENTED_EDGE('',*,*,#57020,.F.);
#58350=ORIENTED_EDGE('',*,*,#58150,.T.);
#58360=ORIENTED_EDGE('',*,*,#57630,.T.);
#58370=ORIENTED_EDGE('',*,*,#17770,.F.);
#58380=EDGE_LOOP('',(#58370,#58360,#58350,#58340));
#58390=FACE_OUTER_BOUND('',#58380,.T.);
#58400=ADVANCED_FACE('',(#58390),#58330,.F.);
#58410=COLOUR_RGB('',0.823529481887817,0.823529481887817,
0.784313797950745);
#58420=FILL_AREA_STYLE_COLOUR('',#58410);
#58430=FILL_AREA_STYLE('',(#58420));
#58440=SURFACE_STYLE_FILL_AREA(#58430);
#58450=SURFACE_SIDE_STYLE('',(#58440));
#58460=SURFACE_STYLE_USAGE(.BOTH.,#58450);
#58470=PRESENTATION_STYLE_ASSIGNMENT((#58460));
#58480=CARTESIAN_POINT('',(-19.1499909999852,-0.682842943111185,
-2.87500000166513));
#58490=DIRECTION('',(-1.,0.,0.));
#58500=DIRECTION('',(0.,1.,0.));
#58510=AXIS2_PLACEMENT_3D('',#58480,#58490,#58500);
#58520=PLANE('',#58510);
#58530=ORIENTED_EDGE('',*,*,#57110,.F.);
#58540=ORIENTED_EDGE('',*,*,#17910,.F.);
#58550=ORIENTED_EDGE('',*,*,#57540,.T.);
#58560=ORIENTED_EDGE('',*,*,#57910,.T.);
#58570=EDGE_LOOP('',(#58560,#58550,#58540,#58530));
#58580=FACE_OUTER_BOUND('',#58570,.T.);
#58590=ADVANCED_FACE('',(#58580),#58520,.F.);
#58600=COLOUR_RGB('',0.823529481887817,0.823529481887817,
0.784313797950745);
#58610=FILL_AREA_STYLE_COLOUR('',#58600);
#58620=FILL_AREA_STYLE('',(#58610));
#58630=SURFACE_STYLE_FILL_AREA(#58620);
#58640=SURFACE_SIDE_STYLE('',(#58630));
#58650=SURFACE_STYLE_USAGE(.BOTH.,#58640);
#58660=PRESENTATION_STYLE_ASSIGNMENT((#58650));
#58670=CARTESIAN_POINT('',(-2.09999999998389,8.36904738842927,
-2.87500000169192));
#58680=DIRECTION('',(0.,0.,1.));
#58690=DIRECTION('',(1.,0.,0.));
#58700=AXIS2_PLACEMENT_3D('',#58670,#58680,#58690);
#58710=PLANE('',#58700);
#58720=CARTESIAN_POINT('',(1.05000000001617,22.8999997693641,
-2.87500000169192));
#58730=DIRECTION('',(0.,0.,1.));
#58740=DIRECTION('',(1.,0.,0.));
#58750=AXIS2_PLACEMENT_3D('',#58720,#58730,#58740);
#58760=CIRCLE('',#58750,0.499999999999997);
#58770=CARTESIAN_POINT('',(1.51933690600502,23.0724029847541,
-2.87500000169192));
#58780=VERTEX_POINT('',#58770);
#58790=CARTESIAN_POINT('',(0.550000000016176,22.8999997693641,
-2.87500000169192));
#58800=VERTEX_POINT('',#58790);
#58810=EDGE_CURVE('',#58780,#58800,#58760,.T.);
#58820=ORIENTED_EDGE('',*,*,#58810,.T.);
#58830=CARTESIAN_POINT('',(26.9856542442672,-46.2550893096008,
-2.87500000169192));
#58840=DIRECTION('',(-0.344806430779949,0.938673811977724,0.));
#58850=VECTOR('',#58840,1.);
#58860=LINE('',#58830,#58850);
#58870=EDGE_CURVE('',#42230,#58780,#58860,.T.);
#58880=ORIENTED_EDGE('',*,*,#58870,.T.);
#58890=ORIENTED_EDGE('',*,*,#42240,.F.);
#58900=ORIENTED_EDGE('',*,*,#44030,.T.);
#58910=CARTESIAN_POINT('',(0.550000000016176,-46.2550893096008,
-2.87500000169192));
#58920=DIRECTION('',(0.,-1.,0.));
#58930=VECTOR('',#58920,1.);
#58940=LINE('',#58910,#58930);
#58950=EDGE_CURVE('',#58800,#43960,#58940,.T.);
#58960=ORIENTED_EDGE('',*,*,#58950,.T.);
#58970=EDGE_LOOP('',(#58960,#58900,#58890,#58880,#58820));
#58980=FACE_OUTER_BOUND('',#58970,.T.);
#58990=ADVANCED_FACE('',(#58980),#58710,.T.);
#59000=COLOUR_RGB('',0.823529481887817,0.823529481887817,
0.784313797950745);
#59010=FILL_AREA_STYLE_COLOUR('',#59000);
#59020=FILL_AREA_STYLE('',(#59010));
#59030=SURFACE_STYLE_FILL_AREA(#59020);
#59040=SURFACE_SIDE_STYLE('',(#59030));
#59050=SURFACE_STYLE_USAGE(.BOTH.,#59040);
#59060=PRESENTATION_STYLE_ASSIGNMENT((#59050));
#59070=CARTESIAN_POINT('',(1.51933690600502,23.0724029847541,
-2.87500000169192));
#59080=DIRECTION('',(-0.938673811977724,-0.344806430779949,-0.));
#59090=DIRECTION('',(-0.344806430779949,0.938673811977724,0.));
#59100=AXIS2_PLACEMENT_3D('',#59070,#59080,#59090);
#59110=PLANE('',#59100);
#59120=ORIENTED_EDGE('',*,*,#58870,.F.);
#59130=CARTESIAN_POINT('',(1.51933690600502,23.0724029847541,
-2.87500000169192));
#59140=DIRECTION('',(0.,0.,-1.));
#59150=VECTOR('',#59140,1.);
#59160=LINE('',#59130,#59150);
#59170=CARTESIAN_POINT('',(1.51933690600502,23.0724029847541,
-5.27500000169192));
#59180=VERTEX_POINT('',#59170);
#59190=EDGE_CURVE('',#58780,#59180,#59160,.T.);
#59200=ORIENTED_EDGE('',*,*,#59190,.F.);
#59210=CARTESIAN_POINT('',(-4.11100440350894,38.3999997693685,
-5.27500000169192));
#59220=DIRECTION('',(-0.344806430779949,0.938673811977724,0.));
#59230=VECTOR('',#59220,1.);
#59240=LINE('',#59210,#59230);
#59250=EDGE_CURVE('',#42310,#59180,#59240,.T.);
#59260=ORIENTED_EDGE('',*,*,#59250,.T.);
#59270=ORIENTED_EDGE('',*,*,#42320,.T.);
#59280=EDGE_LOOP('',(#59270,#59260,#59200,#59120));
#59290=FACE_OUTER_BOUND('',#59280,.T.);
#59300=ADVANCED_FACE('',(#59290),#59110,.F.);
#59310=COLOUR_RGB('',0.823529481887817,0.823529481887817,
0.784313797950745);
#59320=FILL_AREA_STYLE_COLOUR('',#59310);
#59330=FILL_AREA_STYLE('',(#59320));
#59340=SURFACE_STYLE_FILL_AREA(#59330);
#59350=SURFACE_SIDE_STYLE('',(#59340));
#59360=SURFACE_STYLE_USAGE(.BOTH.,#59350);
#59370=PRESENTATION_STYLE_ASSIGNMENT((#59360));
#59380=CARTESIAN_POINT('',(10.7000000000164,3.39999976936357,
-5.27500000169192));
#59390=DIRECTION('',(0.,-0.,1.));
#59400=DIRECTION('',(0.,1.,0.));
#59410=AXIS2_PLACEMENT_3D('',#59380,#59390,#59400);
#59420=PLANE('',#59410);
#59430=CARTESIAN_POINT('',(0.550000000016176,38.3999997693685,
-5.27500000169192));
#59440=DIRECTION('',(0.,-1.,0.));
#59450=VECTOR('',#59440,1.);
#59460=LINE('',#59430,#59450);
#59470=CARTESIAN_POINT('',(0.550000000016176,22.8999997693641,
-5.27500000169192));
#59480=VERTEX_POINT('',#59470);
#59490=EDGE_CURVE('',#59480,#43880,#59460,.T.);
#59500=ORIENTED_EDGE('',*,*,#59490,.F.);
#59510=ORIENTED_EDGE('',*,*,#43890,.F.);
#59520=ORIENTED_EDGE('',*,*,#42400,.T.);
#59530=ORIENTED_EDGE('',*,*,#59250,.F.);
#59540=CARTESIAN_POINT('',(1.05000000001617,22.8999997693641,
-5.27500000169192));
#59550=DIRECTION('',(0.,0.,1.));
#59560=DIRECTION('',(1.,0.,0.));
#59570=AXIS2_PLACEMENT_3D('',#59540,#59550,#59560);
#59580=CIRCLE('',#59570,0.499999999999997);
#59590=EDGE_CURVE('',#59180,#59480,#59580,.T.);
#59600=ORIENTED_EDGE('',*,*,#59590,.F.);
#59610=EDGE_LOOP('',(#59600,#59530,#59520,#59510,#59500));
#59620=FACE_OUTER_BOUND('',#59610,.T.);
#59630=ADVANCED_FACE('',(#59620),#59420,.F.);
#59640=COLOUR_RGB('',0.823529481887817,0.823529481887817,
0.784313797950745);
#59650=FILL_AREA_STYLE_COLOUR('',#59640);
#59660=FILL_AREA_STYLE('',(#59650));
#59670=SURFACE_STYLE_FILL_AREA(#59660);
#59680=SURFACE_SIDE_STYLE('',(#59670));
#59690=SURFACE_STYLE_USAGE(.BOTH.,#59680);
#59700=PRESENTATION_STYLE_ASSIGNMENT((#59690));
#59710=CARTESIAN_POINT('',(0.550000000016176,20.8999997693751,
-2.87500000169192));
#59720=DIRECTION('',(1.,0.,0.));
#59730=DIRECTION('',(0.,-1.,0.));
#59740=AXIS2_PLACEMENT_3D('',#59710,#59720,#59730);
#59750=PLANE('',#59740);
#59760=ORIENTED_EDGE('',*,*,#58950,.F.);
#59770=ORIENTED_EDGE('',*,*,#43970,.F.);
#59780=ORIENTED_EDGE('',*,*,#59490,.T.);
#59790=CARTESIAN_POINT('',(0.550000000016176,22.8999997693641,
-2.87500000169192));
#59800=DIRECTION('',(0.,0.,-1.));
#59810=VECTOR('',#59800,1.);
#59820=LINE('',#59790,#59810);
#59830=EDGE_CURVE('',#58800,#59480,#59820,.T.);
#59840=ORIENTED_EDGE('',*,*,#59830,.T.);
#59850=EDGE_LOOP('',(#59840,#59780,#59770,#59760));
#59860=FACE_OUTER_BOUND('',#59850,.T.);
#59870=ADVANCED_FACE('',(#59860),#59750,.F.);
#59880=COLOUR_RGB('',0.823529481887817,0.823529481887817,
0.784313797950745);
#59890=FILL_AREA_STYLE_COLOUR('',#59880);
#59900=FILL_AREA_STYLE('',(#59890));
#59910=SURFACE_STYLE_FILL_AREA(#59900);
#59920=SURFACE_SIDE_STYLE('',(#59910));
#59930=SURFACE_STYLE_USAGE(.BOTH.,#59920);
#59940=PRESENTATION_STYLE_ASSIGNMENT((#59930));
#59950=CARTESIAN_POINT('',(1.05000000001617,22.8999997693641,
-2.87500000169192));
#59960=DIRECTION('',(0.,0.,1.));
#59970=DIRECTION('',(1.,0.,0.));
#59980=AXIS2_PLACEMENT_3D('',#59950,#59960,#59970);
#59990=CYLINDRICAL_SURFACE('',#59980,0.499999999999997);
#60000=ORIENTED_EDGE('',*,*,#58810,.F.);
#60010=ORIENTED_EDGE('',*,*,#59830,.F.);
#60020=ORIENTED_EDGE('',*,*,#59590,.T.);
#60030=ORIENTED_EDGE('',*,*,#59190,.T.);
#60040=EDGE_LOOP('',(#60030,#60020,#60010,#60000));
#60050=FACE_OUTER_BOUND('',#60040,.T.);
#60060=ADVANCED_FACE('',(#60050),#59990,.T.);
#60070=COLOUR_RGB('',0.823529481887817,0.823529481887817,
0.784313797950745);
#60080=FILL_AREA_STYLE_COLOUR('',#60070);
#60090=FILL_AREA_STYLE('',(#60080));
#60100=SURFACE_STYLE_FILL_AREA(#60090);
#60110=SURFACE_SIDE_STYLE('',(#60100));
#60120=SURFACE_STYLE_USAGE(.BOTH.,#60110);
#60130=PRESENTATION_STYLE_ASSIGNMENT((#60120));
#60140=CARTESIAN_POINT('',(-2.09999999998389,8.36904738842927,
-2.87500000169192));
#60150=DIRECTION('',(0.,0.,1.));
#60160=DIRECTION('',(1.,0.,0.));
#60170=AXIS2_PLACEMENT_3D('',#60140,#60150,#60160);
#60180=PLANE('',#60170);
#60190=ORIENTED_EDGE('',*,*,#44780,.T.);
#60200=CARTESIAN_POINT('',(-26.6856542442352,-46.2550893096008,
-2.87500000169192));
#60210=DIRECTION('',(0.344806430779954,0.938673811977722,0.));
#60220=VECTOR('',#60210,1.);
#60230=LINE('',#60200,#60220);
#60240=CARTESIAN_POINT('',(-1.21933690597269,23.0724029847541,
-2.87500000169192));
#60250=VERTEX_POINT('',#60240);
#60260=EDGE_CURVE('',#44710,#60250,#60230,.T.);
#60270=ORIENTED_EDGE('',*,*,#60260,.F.);
#60280=CARTESIAN_POINT('',(-0.749999999983828,22.8999997693641,
-2.87500000169192));
#60290=DIRECTION('',(0.,0.,1.));
#60300=DIRECTION('',(1.,0.,0.));
#60310=AXIS2_PLACEMENT_3D('',#60280,#60290,#60300);
#60320=CIRCLE('',#60310,0.499999999999997);
#60330=CARTESIAN_POINT('',(-0.249999999983828,22.8999997693641,
-2.87500000169192));
#60340=VERTEX_POINT('',#60330);
#60350=EDGE_CURVE('',#60340,#60250,#60320,.T.);
#60360=ORIENTED_EDGE('',*,*,#60350,.T.);
#60370=CARTESIAN_POINT('',(-0.249999999983828,-46.2550893096008,
-2.87500000169192));
#60380=DIRECTION('',(0.,-1.,0.));
#60390=VECTOR('',#60380,1.);
#60400=LINE('',#60370,#60390);
#60410=CARTESIAN_POINT('',(-0.249999999983828,21.8999997693641,
-2.87500000169192));
#60420=VERTEX_POINT('',#60410);
#60430=EDGE_CURVE('',#60340,#60420,#60400,.T.);
#60440=ORIENTED_EDGE('',*,*,#60430,.F.);
#60450=CARTESIAN_POINT('',(2.27426255851582,-46.2550893096008,
-2.87500000169192));
#60460=DIRECTION('',(0.0370116605101653,-0.999314833766757,0.));
#60470=VECTOR('',#60460,1.);
#60480=LINE('',#60450,#60470);
#60490=EDGE_CURVE('',#60420,#43530,#60480,.T.);
#60500=ORIENTED_EDGE('',*,*,#60490,.F.);
#60510=ORIENTED_EDGE('',*,*,#43540,.T.);
#60520=EDGE_LOOP('',(#60510,#60500,#60440,#60360,#60270,#60190));
#60530=FACE_OUTER_BOUND('',#60520,.T.);
#60540=ADVANCED_FACE('',(#60530),#60180,.T.);
#60550=COLOUR_RGB('',0.823529481887817,0.823529481887817,
0.784313797950745);
#60560=FILL_AREA_STYLE_COLOUR('',#60550);
#60570=FILL_AREA_STYLE('',(#60560));
#60580=SURFACE_STYLE_FILL_AREA(#60570);
#60590=SURFACE_SIDE_STYLE('',(#60580));
#60600=SURFACE_STYLE_USAGE(.BOTH.,#60590);
#60610=PRESENTATION_STYLE_ASSIGNMENT((#60600));
#60620=CARTESIAN_POINT('',(-1.26458980337356,22.9492100686295,
-2.87500000169192));
#60630=DIRECTION('',(0.938673811977722,-0.344806430779954,0.));
#60640=DIRECTION('',(-0.344806430779954,-0.938673811977722,0.));
#60650=AXIS2_PLACEMENT_3D('',#60620,#60630,#60640);
#60660=PLANE('',#60650);
#60670=ORIENTED_EDGE('',*,*,#60260,.T.);
#60680=ORIENTED_EDGE('',*,*,#44720,.F.);
#60690=CARTESIAN_POINT('',(4.41100440354136,38.3999997693685,
-5.27500000169192));
#60700=DIRECTION('',(-0.344806430779954,-0.938673811977722,0.));
#60710=VECTOR('',#60700,1.);
#60720=LINE('',#60690,#60710);
#60730=CARTESIAN_POINT('',(-1.21933690597269,23.0724029847541,
-5.27500000169192));
#60740=VERTEX_POINT('',#60730);
#60750=EDGE_CURVE('',#60740,#44630,#60720,.T.);
#60760=ORIENTED_EDGE('',*,*,#60750,.T.);
#60770=CARTESIAN_POINT('',(-1.21933690597269,23.0724029847541,
-2.87500000169192));
#60780=DIRECTION('',(0.,0.,-1.));
#60790=VECTOR('',#60780,1.);
#60800=LINE('',#60770,#60790);
#60810=EDGE_CURVE('',#60250,#60740,#60800,.T.);
#60820=ORIENTED_EDGE('',*,*,#60810,.T.);
#60830=EDGE_LOOP('',(#60820,#60760,#60680,#60670));
#60840=FACE_OUTER_BOUND('',#60830,.T.);
#60850=ADVANCED_FACE('',(#60840),#60660,.F.);
#60860=COLOUR_RGB('',0.823529481887817,0.823529481887817,
0.784313797950745);
#60870=FILL_AREA_STYLE_COLOUR('',#60860);
#60880=FILL_AREA_STYLE('',(#60870));
#60890=SURFACE_STYLE_FILL_AREA(#60880);
#60900=SURFACE_SIDE_STYLE('',(#60890));
#60910=SURFACE_STYLE_USAGE(.BOTH.,#60900);
#60920=PRESENTATION_STYLE_ASSIGNMENT((#60910));
#60930=CARTESIAN_POINT('',(-0.249999999983828,22.8999997693641,
-2.87500000169192));
#60940=DIRECTION('',(-1.,0.,0.));
#60950=DIRECTION('',(0.,1.,0.));
#60960=AXIS2_PLACEMENT_3D('',#60930,#60940,#60950);
#60970=PLANE('',#60960);
#60980=ORIENTED_EDGE('',*,*,#60430,.T.);
#60990=CARTESIAN_POINT('',(-0.249999999983828,22.8999997693641,
-2.87500000169192));
#61000=DIRECTION('',(0.,0.,-1.));
#61010=VECTOR('',#61000,1.);
#61020=LINE('',#60990,#61010);
#61030=CARTESIAN_POINT('',(-0.249999999983828,22.8999997693641,
-5.27500000169192));
#61040=VERTEX_POINT('',#61030);
#61050=EDGE_CURVE('',#60340,#61040,#61020,.T.);
#61060=ORIENTED_EDGE('',*,*,#61050,.F.);
#61070=CARTESIAN_POINT('',(-0.249999999983828,38.3999997693685,
-5.27500000169192));
#61080=DIRECTION('',(0.,1.,0.));
#61090=VECTOR('',#61080,1.);
#61100=LINE('',#61070,#61090);
#61110=CARTESIAN_POINT('',(-0.249999999983828,21.8999997693642,
-5.27500000169192));
#61120=VERTEX_POINT('',#61110);
#61130=EDGE_CURVE('',#61120,#61040,#61100,.T.);
#61140=ORIENTED_EDGE('',*,*,#61130,.T.);
#61150=CARTESIAN_POINT('',(-0.249999999983828,21.8999997693642,
-54.7750000000058));
#61160=DIRECTION('',(0.,0.,-1.));
#61170=VECTOR('',#61160,1.);
#61180=LINE('',#61150,#61170);
#61190=EDGE_CURVE('',#60420,#61120,#61180,.T.);
#61200=ORIENTED_EDGE('',*,*,#61190,.T.);
#61210=EDGE_LOOP('',(#61200,#61140,#61060,#60980));
#61220=FACE_OUTER_BOUND('',#61210,.T.);
#61230=ADVANCED_FACE('',(#61220),#60970,.F.);
#61240=COLOUR_RGB('',0.823529481887817,0.823529481887817,
0.784313797950745);
#61250=FILL_AREA_STYLE_COLOUR('',#61240);
#61260=FILL_AREA_STYLE('',(#61250));
#61270=SURFACE_STYLE_FILL_AREA(#61260);
#61280=SURFACE_SIDE_STYLE('',(#61270));
#61290=SURFACE_STYLE_USAGE(.BOTH.,#61280);
#61300=PRESENTATION_STYLE_ASSIGNMENT((#61290));
#61310=ORIENTED_EDGE('',*,*,#43700,.F.);
#61320=CARTESIAN_POINT('',(-0.861111111099817,38.3999997693685,
-5.27500000169192));
#61330=DIRECTION('',(-0.0370116605101653,0.999314833766757,0.));
#61340=VECTOR('',#61330,1.);
#61350=LINE('',#61320,#61340);
#61360=EDGE_CURVE('',#43610,#61120,#61350,.T.);
#61370=ORIENTED_EDGE('',*,*,#61360,.F.);
#61380=ORIENTED_EDGE('',*,*,#61130,.F.);
#61390=CARTESIAN_POINT('',(-0.749999999983828,22.8999997693641,
-5.27500000169192));
#61400=DIRECTION('',(0.,0.,1.));
#61410=DIRECTION('',(1.,0.,0.));
#61420=AXIS2_PLACEMENT_3D('',#61390,#61400,#61410);
#61430=CIRCLE('',#61420,0.499999999999997);
#61440=EDGE_CURVE('',#61040,#60740,#61430,.T.);
#61450=ORIENTED_EDGE('',*,*,#61440,.F.);
#61460=ORIENTED_EDGE('',*,*,#60750,.F.);
#61470=ORIENTED_EDGE('',*,*,#44640,.F.);
#61480=EDGE_LOOP('',(#61470,#61460,#61450,#61380,#61370,#61310));
#61490=FACE_OUTER_BOUND('',#61480,.T.);
#61500=ADVANCED_FACE('',(#61490),#59420,.F.);
#61510=COLOUR_RGB('',0.823529481887817,0.823529481887817,
0.784313797950745);
#61520=FILL_AREA_STYLE_COLOUR('',#61510);
#61530=FILL_AREA_STYLE('',(#61520));
#61540=SURFACE_STYLE_FILL_AREA(#61530);
#61550=SURFACE_SIDE_STYLE('',(#61540));
#61560=SURFACE_STYLE_USAGE(.BOTH.,#61550);
#61570=PRESENTATION_STYLE_ASSIGNMENT((#61560));
#61580=CARTESIAN_POINT('',(-0.249999999983828,21.8999997693641,
-2.87500000169192));
#61590=DIRECTION('',(-0.999314833766757,-0.0370116605101653,-0.));
#61600=DIRECTION('',(-0.0370116605101653,0.999314833766757,0.));
#61610=AXIS2_PLACEMENT_3D('',#61580,#61590,#61600);
#61620=PLANE('',#61610);
#61630=ORIENTED_EDGE('',*,*,#60490,.T.);
#61640=ORIENTED_EDGE('',*,*,#61190,.F.);
#61650=ORIENTED_EDGE('',*,*,#61360,.T.);
#61660=ORIENTED_EDGE('',*,*,#43620,.F.);
#61670=EDGE_LOOP('',(#61660,#61650,#61640,#61630));
#61680=FACE_OUTER_BOUND('',#61670,.T.);
#61690=ADVANCED_FACE('',(#61680),#61620,.F.);
#61700=COLOUR_RGB('',0.823529481887817,0.823529481887817,
0.784313797950745);
#61710=FILL_AREA_STYLE_COLOUR('',#61700);
#61720=FILL_AREA_STYLE('',(#61710));
#61730=SURFACE_STYLE_FILL_AREA(#61720);
#61740=SURFACE_SIDE_STYLE('',(#61730));
#61750=SURFACE_STYLE_USAGE(.BOTH.,#61740);
#61760=PRESENTATION_STYLE_ASSIGNMENT((#61750));
#61770=CARTESIAN_POINT('',(-0.749999999983828,22.8999997693641,
-2.87500000169192));
#61780=DIRECTION('',(0.,0.,1.));
#61790=DIRECTION('',(1.,0.,0.));
#61800=AXIS2_PLACEMENT_3D('',#61770,#61780,#61790);
#61810=CYLINDRICAL_SURFACE('',#61800,0.499999999999997);
#61820=ORIENTED_EDGE('',*,*,#60350,.F.);
#61830=ORIENTED_EDGE('',*,*,#60810,.F.);
#61840=ORIENTED_EDGE('',*,*,#61440,.T.);
#61850=ORIENTED_EDGE('',*,*,#61050,.T.);
#61860=EDGE_LOOP('',(#61850,#61840,#61830,#61820));
#61870=FACE_OUTER_BOUND('',#61860,.T.);
#61880=ADVANCED_FACE('',(#61870),#61810,.T.);
#61890=COLOUR_RGB('',0.823529481887817,0.823529481887817,
0.784313797950745);
#61900=FILL_AREA_STYLE_COLOUR('',#61890);
#61910=FILL_AREA_STYLE('',(#61900));
#61920=SURFACE_STYLE_FILL_AREA(#61910);
#61930=SURFACE_SIDE_STYLE('',(#61920));
#61940=SURFACE_STYLE_USAGE(.BOTH.,#61930);
#61950=PRESENTATION_STYLE_ASSIGNMENT((#61940));
#61960=CARTESIAN_POINT('',(-11.2249999999995,39.999999769375,
-3.45000000166479));
#61970=DIRECTION('',(0.,-1.,0.));
#61980=DIRECTION('',(-1.,0.,0.));
#61990=AXIS2_PLACEMENT_3D('',#61960,#61970,#61980);
#62000=CYLINDRICAL_SURFACE('',#61990,2.55);
#62010=ORIENTED_EDGE('',*,*,#34330,.F.);
#62020=ORIENTED_EDGE('',*,*,#34740,.F.);
#62030=ORIENTED_EDGE('',*,*,#36280,.T.);
#62040=ORIENTED_EDGE('',*,*,#36530,.F.);
#62050=ORIENTED_EDGE('',*,*,#36020,.T.);
#62060=ORIENTED_EDGE('',*,*,#35620,.T.);
#62070=ORIENTED_EDGE('',*,*,#35810,.T.);
#62080=ORIENTED_EDGE('',*,*,#34830,.T.);
#62090=EDGE_LOOP('',(#62080,#62070,#62060,#62050,#62040,#62030,#62020,
#62010));
#62100=FACE_OUTER_BOUND('',#62090,.T.);
#62110=ADVANCED_FACE('',(#62100),#62000,.F.);
#62120=COLOUR_RGB('',0.313725501298904,0.784313797950745,
0.313725501298904);
#62130=FILL_AREA_STYLE_COLOUR('',#62120);
#62140=FILL_AREA_STYLE('',(#62130));
#62150=SURFACE_STYLE_FILL_AREA(#62140);
#62160=SURFACE_SIDE_STYLE('',(#62150));
#62170=SURFACE_STYLE_USAGE(.BOTH.,#62160);
#62180=PRESENTATION_STYLE_ASSIGNMENT((#62170));
#62190=CARTESIAN_POINT('',(7.02500000000233,39.999999769375,
-3.45000000166479));
#62200=DIRECTION('',(0.,1.,0.));
#62210=DIRECTION('',(1.,0.,0.));
#62220=AXIS2_PLACEMENT_3D('',#62190,#62200,#62210);
#62230=CYLINDRICAL_SURFACE('',#62220,2.55);
#62240=ORIENTED_EDGE('',*,*,#40230,.T.);
#62250=ORIENTED_EDGE('',*,*,#41760,.F.);
#62260=ORIENTED_EDGE('',*,*,#41620,.T.);
#62270=ORIENTED_EDGE('',*,*,#41230,.F.);
#62280=ORIENTED_EDGE('',*,*,#40780,.F.);
#62290=ORIENTED_EDGE('',*,*,#41020,.F.);
#62300=ORIENTED_EDGE('',*,*,#40320,.F.);
#62310=ORIENTED_EDGE('',*,*,#39620,.T.);
#62320=ORIENTED_EDGE('',*,*,#39680,.T.);
#62330=EDGE_LOOP('',(#62320,#62310,#62300,#62290,#62280,#62270,#62260,
#62250,#62240));
#62340=FACE_OUTER_BOUND('',#62330,.T.);
#62350=ADVANCED_FACE('',(#62340),#62230,.F.);
#62360=COLOUR_RGB('',0.313725501298904,0.784313797950745,
0.313725501298904);
#62370=FILL_AREA_STYLE_COLOUR('',#62360);
#62380=FILL_AREA_STYLE('',(#62370));
#62390=SURFACE_STYLE_FILL_AREA(#62380);
#62400=SURFACE_SIDE_STYLE('',(#62390));
#62410=SURFACE_STYLE_USAGE(.BOTH.,#62400);
#62420=PRESENTATION_STYLE_ASSIGNMENT((#62410));
#62430=CLOSED_SHELL('',(#5330,#10890,#11380,#11860,#12450,#12690,#12880,
#13420,#13910,#14140,#14380,#14560,#14850,#15140,#15770,#16060,#16620,
#16930,#17480,#17950,#18500,#18880,#19260,#19560,#19810,#20220,#20460,
#20750,#21000,#21570,#22030,#22410,#22780,#23020,#23210,#23490,#23730,
#23920,#24210,#24770,#25090,#25400,#25670,#26240,#26870,#27410,#27790,
#28100,#28410,#28700,#29100,#29650,#30000,#30190,#30380,#30640,#30890,
#31080,#31270,#31560,#31850,#32140,#32380,#32530,#32680,#32870,#33060,
#33290,#33530,#33820,#34110,#34550,#35280,#35660,#35850,#36120,#36330,
#36570,#37140,#37430,#37720,#38010,#38300,#38540,#38780,#39020,#39210,
#39400,#39780,#40510,#40890,#41080,#41350,#41660,#41800,#42600,#43250,
#44140,#44380,#44850,#45040,#45420,#45660,#45900,#46090,#46280,#46470,
#46710,#46950,#47190,#47380,#47570,#47760,#47950,#48190,#48600,#48840,
#49080,#49480,#49730,#50040,#50350,#50620,#50810,#51050,#51290,#51480,
#51740,#51990,#52480,#52950,#53490,#53870,#54180,#54490,#54730,#55020,
#55420,#55670,#55930,#56190,#56430,#56630,#56770,#57250,#57730,#57970,
#58210,#58400,#58590,#58990,#59300,#59630,#59870,#60060,#60540,#60850,
#61230,#61500,#61690,#61880,#62110,#62350));
#62440=MANIFOLD_SOLID_BREP('',#62430);
#62450=CARTESIAN_POINT('',(0.,0.,0.));
#62460=DIRECTION('',(0.,0.,1.));
#62470=DIRECTION('',(1.,0.,0.));
#62480=AXIS2_PLACEMENT_3D('',#62450,#62460,#62470);
#62490=APPLICATION_CONTEXT(' ');
#62500=APPLICATION_PROTOCOL_DEFINITION(' ','automotive_design',1998,
#62490);
#62510=PRODUCT_CONTEXT('',#62490,'mechanical');
#62520=PRODUCT_DEFINITION_CONTEXT('part definition',#62490,'design');
#62530=PRODUCT('UT_6_PE-select','UT_6_PE-select','',(#62510));
#62540=PRODUCT_RELATED_PRODUCT_CATEGORY('part',' ',(#62530));
#62550=PRODUCT_DEFINITION_FORMATION_WITH_SPECIFIED_SOURCE('','',#62530,
.BOUGHT.);
#62560=PRODUCT_DEFINITION('',' ',#62550,#62520);
#62570=PRODUCT_DEFINITION_SHAPE('','',#62560);
#62580=DIMENSIONAL_EXPONENTS(1.,0.,0.,0.,0.,0.,0.);
#62590=DIMENSIONAL_EXPONENTS(0.,0.,0.,0.,0.,0.,0.);
#62600=DIMENSIONAL_EXPONENTS(0.,0.,0.,0.,0.,0.,0.);
#62610=(LENGTH_UNIT() NAMED_UNIT(*) SI_UNIT(.MILLI.,.METRE.));
#62620=(NAMED_UNIT(*) PLANE_ANGLE_UNIT() SI_UNIT($,.RADIAN.));
#62630=(NAMED_UNIT(*) SI_UNIT($,.STERADIAN.) SOLID_ANGLE_UNIT());
#62640=(GEOMETRIC_REPRESENTATION_CONTEXT(3) 
GLOBAL_UNCERTAINTY_ASSIGNED_CONTEXT((#62650)) 
GLOBAL_UNIT_ASSIGNED_CONTEXT((#62610,#62620,#62630)) 
REPRESENTATION_CONTEXT('',''));
#62650=UNCERTAINTY_MEASURE_WITH_UNIT(LENGTH_MEASURE(1.E-6),#62610,
'distance_accuracy_value','maximum gap value');
#62660=ADVANCED_BREP_SHAPE_REPRESENTATION('',(#62480,#62440),#62640);
#62670=SHAPE_DEFINITION_REPRESENTATION(#62570,#62660);
#62680=COLOUR_RGB('',0.313725501298904,0.784313797950745,
0.313725501298904);
#62690=FILL_AREA_STYLE_COLOUR('',#62680);
#62700=FILL_AREA_STYLE('',(#62690));
#62710=SURFACE_STYLE_FILL_AREA(#62700);
#62720=SURFACE_SIDE_STYLE('',(#62710));
#62730=SURFACE_STYLE_USAGE(.BOTH.,#62720);
#62740=PRESENTATION_STYLE_ASSIGNMENT((#62730));
#62750=STYLED_ITEM('',(#62740),#62440);
#62760=OVER_RIDING_STYLED_ITEM('',(#5400),#5330,#62750);
#62770=OVER_RIDING_STYLED_ITEM('',(#10960),#10890,#62750);
#62780=OVER_RIDING_STYLED_ITEM('',(#11450),#11380,#62750);
#62790=OVER_RIDING_STYLED_ITEM('',(#11930),#11860,#62750);
#62800=OVER_RIDING_STYLED_ITEM('',(#12520),#12450,#62750);
#62810=OVER_RIDING_STYLED_ITEM('',(#12760),#12690,#62750);
#62820=OVER_RIDING_STYLED_ITEM('',(#12950),#12880,#62750);
#62830=OVER_RIDING_STYLED_ITEM('',(#13490),#13420,#62750);
#62840=OVER_RIDING_STYLED_ITEM('',(#13980),#13910,#62750);
#62850=OVER_RIDING_STYLED_ITEM('',(#14210),#14140,#62750);
#62860=OVER_RIDING_STYLED_ITEM('',(#14450),#14380,#62750);
#62870=OVER_RIDING_STYLED_ITEM('',(#14630),#14560,#62750);
#62880=OVER_RIDING_STYLED_ITEM('',(#14920),#14850,#62750);
#62890=OVER_RIDING_STYLED_ITEM('',(#15210),#15140,#62750);
#62900=OVER_RIDING_STYLED_ITEM('',(#15840),#15770,#62750);
#62910=OVER_RIDING_STYLED_ITEM('',(#16130),#16060,#62750);
#62920=OVER_RIDING_STYLED_ITEM('',(#16690),#16620,#62750);
#62930=OVER_RIDING_STYLED_ITEM('',(#17000),#16930,#62750);
#62940=OVER_RIDING_STYLED_ITEM('',(#17550),#17480,#62750);
#62950=OVER_RIDING_STYLED_ITEM('',(#18020),#17950,#62750);
#62960=OVER_RIDING_STYLED_ITEM('',(#18570),#18500,#62750);
#62970=OVER_RIDING_STYLED_ITEM('',(#18950),#18880,#62750);
#62980=OVER_RIDING_STYLED_ITEM('',(#19330),#19260,#62750);
#62990=OVER_RIDING_STYLED_ITEM('',(#19630),#19560,#62750);
#63000=OVER_RIDING_STYLED_ITEM('',(#19880),#19810,#62750);
#63010=OVER_RIDING_STYLED_ITEM('',(#20290),#20220,#62750);
#63020=OVER_RIDING_STYLED_ITEM('',(#20530),#20460,#62750);
#63030=OVER_RIDING_STYLED_ITEM('',(#20820),#20750,#62750);
#63040=OVER_RIDING_STYLED_ITEM('',(#21070),#21000,#62750);
#63050=OVER_RIDING_STYLED_ITEM('',(#21640),#21570,#62750);
#63060=OVER_RIDING_STYLED_ITEM('',(#22100),#22030,#62750);
#63070=OVER_RIDING_STYLED_ITEM('',(#22480),#22410,#62750);
#63080=OVER_RIDING_STYLED_ITEM('',(#22850),#22780,#62750);
#63090=OVER_RIDING_STYLED_ITEM('',(#23090),#23020,#62750);
#63100=OVER_RIDING_STYLED_ITEM('',(#23280),#23210,#62750);
#63110=OVER_RIDING_STYLED_ITEM('',(#23560),#23490,#62750);
#63120=OVER_RIDING_STYLED_ITEM('',(#23800),#23730,#62750);
#63130=OVER_RIDING_STYLED_ITEM('',(#23990),#23920,#62750);
#63140=OVER_RIDING_STYLED_ITEM('',(#24280),#24210,#62750);
#63150=OVER_RIDING_STYLED_ITEM('',(#24840),#24770,#62750);
#63160=OVER_RIDING_STYLED_ITEM('',(#25160),#25090,#62750);
#63170=OVER_RIDING_STYLED_ITEM('',(#25470),#25400,#62750);
#63180=OVER_RIDING_STYLED_ITEM('',(#25740),#25670,#62750);
#63190=OVER_RIDING_STYLED_ITEM('',(#26310),#26240,#62750);
#63200=OVER_RIDING_STYLED_ITEM('',(#26940),#26870,#62750);
#63210=OVER_RIDING_STYLED_ITEM('',(#27480),#27410,#62750);
#63220=OVER_RIDING_STYLED_ITEM('',(#27860),#27790,#62750);
#63230=OVER_RIDING_STYLED_ITEM('',(#28170),#28100,#62750);
#63240=OVER_RIDING_STYLED_ITEM('',(#28480),#28410,#62750);
#63250=OVER_RIDING_STYLED_ITEM('',(#28770),#28700,#62750);
#63260=OVER_RIDING_STYLED_ITEM('',(#29170),#29100,#62750);
#63270=OVER_RIDING_STYLED_ITEM('',(#29720),#29650,#62750);
#63280=OVER_RIDING_STYLED_ITEM('',(#30070),#30000,#62750);
#63290=OVER_RIDING_STYLED_ITEM('',(#30260),#30190,#62750);
#63300=OVER_RIDING_STYLED_ITEM('',(#30450),#30380,#62750);
#63310=OVER_RIDING_STYLED_ITEM('',(#30710),#30640,#62750);
#63320=OVER_RIDING_STYLED_ITEM('',(#30960),#30890,#62750);
#63330=OVER_RIDING_STYLED_ITEM('',(#31150),#31080,#62750);
#63340=OVER_RIDING_STYLED_ITEM('',(#31340),#31270,#62750);
#63350=OVER_RIDING_STYLED_ITEM('',(#31630),#31560,#62750);
#63360=OVER_RIDING_STYLED_ITEM('',(#31920),#31850,#62750);
#63370=OVER_RIDING_STYLED_ITEM('',(#32210),#32140,#62750);
#63380=OVER_RIDING_STYLED_ITEM('',(#32450),#32380,#62750);
#63390=OVER_RIDING_STYLED_ITEM('',(#32600),#32530,#62750);
#63400=OVER_RIDING_STYLED_ITEM('',(#32750),#32680,#62750);
#63410=OVER_RIDING_STYLED_ITEM('',(#32940),#32870,#62750);
#63420=OVER_RIDING_STYLED_ITEM('',(#33130),#33060,#62750);
#63430=OVER_RIDING_STYLED_ITEM('',(#33360),#33290,#62750);
#63440=OVER_RIDING_STYLED_ITEM('',(#33600),#33530,#62750);
#63450=OVER_RIDING_STYLED_ITEM('',(#33890),#33820,#62750);
#63460=OVER_RIDING_STYLED_ITEM('',(#34180),#34110,#62750);
#63470=OVER_RIDING_STYLED_ITEM('',(#34620),#34550,#62750);
#63480=OVER_RIDING_STYLED_ITEM('',(#35350),#35280,#62750);
#63490=OVER_RIDING_STYLED_ITEM('',(#35730),#35660,#62750);
#63500=OVER_RIDING_STYLED_ITEM('',(#35920),#35850,#62750);
#63510=OVER_RIDING_STYLED_ITEM('',(#36190),#36120,#62750);
#63520=OVER_RIDING_STYLED_ITEM('',(#36400),#36330,#62750);
#63530=OVER_RIDING_STYLED_ITEM('',(#36640),#36570,#62750);
#63540=OVER_RIDING_STYLED_ITEM('',(#37210),#37140,#62750);
#63550=OVER_RIDING_STYLED_ITEM('',(#37500),#37430,#62750);
#63560=OVER_RIDING_STYLED_ITEM('',(#37790),#37720,#62750);
#63570=OVER_RIDING_STYLED_ITEM('',(#38080),#38010,#62750);
#63580=OVER_RIDING_STYLED_ITEM('',(#38370),#38300,#62750);
#63590=OVER_RIDING_STYLED_ITEM('',(#38610),#38540,#62750);
#63600=OVER_RIDING_STYLED_ITEM('',(#38850),#38780,#62750);
#63610=OVER_RIDING_STYLED_ITEM('',(#39090),#39020,#62750);
#63620=OVER_RIDING_STYLED_ITEM('',(#39280),#39210,#62750);
#63630=OVER_RIDING_STYLED_ITEM('',(#39470),#39400,#62750);
#63640=OVER_RIDING_STYLED_ITEM('',(#39850),#39780,#62750);
#63650=OVER_RIDING_STYLED_ITEM('',(#40580),#40510,#62750);
#63660=OVER_RIDING_STYLED_ITEM('',(#40960),#40890,#62750);
#63670=OVER_RIDING_STYLED_ITEM('',(#41150),#41080,#62750);
#63680=OVER_RIDING_STYLED_ITEM('',(#41420),#41350,#62750);
#63690=OVER_RIDING_STYLED_ITEM('',(#41730),#41660,#62750);
#63700=OVER_RIDING_STYLED_ITEM('',(#41870),#41800,#62750);
#63710=OVER_RIDING_STYLED_ITEM('',(#42670),#42600,#62750);
#63720=OVER_RIDING_STYLED_ITEM('',(#43320),#43250,#62750);
#63730=OVER_RIDING_STYLED_ITEM('',(#44210),#44140,#62750);
#63740=OVER_RIDING_STYLED_ITEM('',(#44450),#44380,#62750);
#63750=OVER_RIDING_STYLED_ITEM('',(#44920),#44850,#62750);
#63760=OVER_RIDING_STYLED_ITEM('',(#45110),#45040,#62750);
#63770=OVER_RIDING_STYLED_ITEM('',(#45490),#45420,#62750);
#63780=OVER_RIDING_STYLED_ITEM('',(#45730),#45660,#62750);
#63790=OVER_RIDING_STYLED_ITEM('',(#45970),#45900,#62750);
#63800=OVER_RIDING_STYLED_ITEM('',(#46160),#46090,#62750);
#63810=OVER_RIDING_STYLED_ITEM('',(#46350),#46280,#62750);
#63820=OVER_RIDING_STYLED_ITEM('',(#46540),#46470,#62750);
#63830=OVER_RIDING_STYLED_ITEM('',(#46780),#46710,#62750);
#63840=OVER_RIDING_STYLED_ITEM('',(#47020),#46950,#62750);
#63850=OVER_RIDING_STYLED_ITEM('',(#47260),#47190,#62750);
#63860=OVER_RIDING_STYLED_ITEM('',(#47450),#47380,#62750);
#63870=OVER_RIDING_STYLED_ITEM('',(#47640),#47570,#62750);
#63880=OVER_RIDING_STYLED_ITEM('',(#47830),#47760,#62750);
#63890=OVER_RIDING_STYLED_ITEM('',(#48020),#47950,#62750);
#63900=OVER_RIDING_STYLED_ITEM('',(#48260),#48190,#62750);
#63910=OVER_RIDING_STYLED_ITEM('',(#48670),#48600,#62750);
#63920=OVER_RIDING_STYLED_ITEM('',(#48910),#48840,#62750);
#63930=OVER_RIDING_STYLED_ITEM('',(#49150),#49080,#62750);
#63940=OVER_RIDING_STYLED_ITEM('',(#49550),#49480,#62750);
#63950=OVER_RIDING_STYLED_ITEM('',(#49800),#49730,#62750);
#63960=OVER_RIDING_STYLED_ITEM('',(#50110),#50040,#62750);
#63970=OVER_RIDING_STYLED_ITEM('',(#50420),#50350,#62750);
#63980=OVER_RIDING_STYLED_ITEM('',(#50690),#50620,#62750);
#63990=OVER_RIDING_STYLED_ITEM('',(#50880),#50810,#62750);
#64000=OVER_RIDING_STYLED_ITEM('',(#51120),#51050,#62750);
#64010=OVER_RIDING_STYLED_ITEM('',(#51360),#51290,#62750);
#64020=OVER_RIDING_STYLED_ITEM('',(#51550),#51480,#62750);
#64030=OVER_RIDING_STYLED_ITEM('',(#51810),#51740,#62750);
#64040=OVER_RIDING_STYLED_ITEM('',(#52060),#51990,#62750);
#64050=OVER_RIDING_STYLED_ITEM('',(#52550),#52480,#62750);
#64060=OVER_RIDING_STYLED_ITEM('',(#53020),#52950,#62750);
#64070=OVER_RIDING_STYLED_ITEM('',(#53560),#53490,#62750);
#64080=OVER_RIDING_STYLED_ITEM('',(#53940),#53870,#62750);
#64090=OVER_RIDING_STYLED_ITEM('',(#54250),#54180,#62750);
#64100=OVER_RIDING_STYLED_ITEM('',(#54560),#54490,#62750);
#64110=OVER_RIDING_STYLED_ITEM('',(#54800),#54730,#62750);
#64120=OVER_RIDING_STYLED_ITEM('',(#55090),#55020,#62750);
#64130=OVER_RIDING_STYLED_ITEM('',(#55490),#55420,#62750);
#64140=OVER_RIDING_STYLED_ITEM('',(#55740),#55670,#62750);
#64150=OVER_RIDING_STYLED_ITEM('',(#56000),#55930,#62750);
#64160=OVER_RIDING_STYLED_ITEM('',(#56260),#56190,#62750);
#64170=OVER_RIDING_STYLED_ITEM('',(#56500),#56430,#62750);
#64180=OVER_RIDING_STYLED_ITEM('',(#56700),#56630,#62750);
#64190=OVER_RIDING_STYLED_ITEM('',(#56840),#56770,#62750);
#64200=OVER_RIDING_STYLED_ITEM('',(#57320),#57250,#62750);
#64210=OVER_RIDING_STYLED_ITEM('',(#57800),#57730,#62750);
#64220=OVER_RIDING_STYLED_ITEM('',(#58040),#57970,#62750);
#64230=OVER_RIDING_STYLED_ITEM('',(#58280),#58210,#62750);
#64240=OVER_RIDING_STYLED_ITEM('',(#58470),#58400,#62750);
#64250=OVER_RIDING_STYLED_ITEM('',(#58660),#58590,#62750);
#64260=OVER_RIDING_STYLED_ITEM('',(#59060),#58990,#62750);
#64270=OVER_RIDING_STYLED_ITEM('',(#59370),#59300,#62750);
#64280=OVER_RIDING_STYLED_ITEM('',(#59700),#59630,#62750);
#64290=OVER_RIDING_STYLED_ITEM('',(#59940),#59870,#62750);
#64300=OVER_RIDING_STYLED_ITEM('',(#60130),#60060,#62750);
#64310=OVER_RIDING_STYLED_ITEM('',(#60610),#60540,#62750);
#64320=OVER_RIDING_STYLED_ITEM('',(#60920),#60850,#62750);
#64330=OVER_RIDING_STYLED_ITEM('',(#61300),#61230,#62750);
#64340=OVER_RIDING_STYLED_ITEM('',(#61570),#61500,#62750);
#64350=OVER_RIDING_STYLED_ITEM('',(#61760),#61690,#62750);
#64360=OVER_RIDING_STYLED_ITEM('',(#61950),#61880,#62750);
#64370=OVER_RIDING_STYLED_ITEM('',(#62180),#62110,#62750);
#64380=OVER_RIDING_STYLED_ITEM('',(#62420),#62350,#62750);
#64390=DRAUGHTING_MODEL('',(#62750,#62760,#62770,#62780,#62790,#62800,
#62810,#62820,#62830,#62840,#62850,#62860,#62870,#62880,#62890,#62900,
#62910,#62920,#62930,#62940,#62950,#62960,#62970,#62980,#62990,#63000,
#63010,#63020,#63030,#63040,#63050,#63060,#63070,#63080,#63090,#63100,
#63110,#63120,#63130,#63140,#63150,#63160,#63170,#63180,#63190,#63200,
#63210,#63220,#63230,#63240,#63250,#63260,#63270,#63280,#63290,#63300,
#63310,#63320,#63330,#63340,#63350,#63360,#63370,#63380,#63390,#63400,
#63410,#63420,#63430,#63440,#63450,#63460,#63470,#63480,#63490,#63500,
#63510,#63520,#63530,#63540,#63550,#63560,#63570,#63580,#63590,#63600,
#63610,#63620,#63630,#63640,#63650,#63660,#63670,#63680,#63690,#63700,
#63710,#63720,#63730,#63740,#63750,#63760,#63770,#63780,#63790,#63800,
#63810,#63820,#63830,#63840,#63850,#63860,#63870,#63880,#63890,#63900,
#63910,#63920,#63930,#63940,#63950,#63960,#63970,#63980,#63990,#64000,
#64010,#64020,#64030,#64040,#64050,#64060,#64070,#64080,#64090,#64100,
#64110,#64120,#64130,#64140,#64150,#64160,#64170,#64180,#64190,#64200,
#64210,#64220,#64230,#64240,#64250,#64260,#64270,#64280,#64290,#64300,
#64310,#64320,#64330,#64340,#64350,#64360,#64370,#64380),#62640);
#64400=CARTESIAN_POINT('',(8.15000000163902,26.0999999999891,
6.8500002306459));
#64410=DIRECTION('',(1.,-1.23259516440783E-32,-1.11022302462516E-16));
#64420=DIRECTION('',(0.,1.,-1.11022302462516E-16));
#64430=AXIS2_PLACEMENT_3D('',#64400,#64410,#64420);
#64440=ITEM_DEFINED_TRANSFORMATION('UT_6_PE-select','',#62480,#64430);
#64450=APPLICATION_CONTEXT(' ');
#64460=APPLICATION_PROTOCOL_DEFINITION(' ','automotive_design',1998,
#64450);
#64470=PRODUCT_CONTEXT('',#64450,'mechanical');
#64480=PRODUCT_DEFINITION_CONTEXT('part definition',#64450,'design');
#64490=PRODUCT('UT_6_PE-select','UT_6_PE-select','',(#64470));
#64500=PRODUCT_RELATED_PRODUCT_CATEGORY('part',' ',(#64490));
#64510=PRODUCT_DEFINITION_FORMATION_WITH_SPECIFIED_SOURCE('','',#64490,
.BOUGHT.);
#64520=PRODUCT_DEFINITION('',' ',#64510,#64480);
#64530=PRODUCT_DEFINITION_SHAPE('','',#64520);
#64540=DIMENSIONAL_EXPONENTS(1.,0.,0.,0.,0.,0.,0.);
#64550=DIMENSIONAL_EXPONENTS(0.,0.,0.,0.,0.,0.,0.);
#64560=DIMENSIONAL_EXPONENTS(0.,0.,0.,0.,0.,0.,0.);
#64570=(LENGTH_UNIT() NAMED_UNIT(*) SI_UNIT(.MILLI.,.METRE.));
#64580=(NAMED_UNIT(*) PLANE_ANGLE_UNIT() SI_UNIT($,.RADIAN.));
#64590=(NAMED_UNIT(*) SI_UNIT($,.STERADIAN.) SOLID_ANGLE_UNIT());
#64600=(GEOMETRIC_REPRESENTATION_CONTEXT(3) 
GLOBAL_UNCERTAINTY_ASSIGNED_CONTEXT((#64610)) 
GLOBAL_UNIT_ASSIGNED_CONTEXT((#64570,#64580,#64590)) 
REPRESENTATION_CONTEXT('',''));
#64610=UNCERTAINTY_MEASURE_WITH_UNIT(LENGTH_MEASURE(1.E-6),#64570,
'distance_accuracy_value','maximum gap value');
#64620=SHAPE_REPRESENTATION('',(#62480,#64430),#64600);
#64630=SHAPE_DEFINITION_REPRESENTATION(#64530,#64620);
#64640=(REPRESENTATION_RELATIONSHIP('','',#62660,#64620) 
REPRESENTATION_RELATIONSHIP_WITH_TRANSFORMATION(#64440) 
SHAPE_REPRESENTATION_RELATIONSHIP());
#64650=NEXT_ASSEMBLY_USAGE_OCCURRENCE('1','','UT_6_PE-select',#64520,
#62560,'');
#64660=PRODUCT_DEFINITION_SHAPE('','',#64650);
#64670=CONTEXT_DEPENDENT_SHAPE_REPRESENTATION(#64640,#64660);
ENDSEC;
END-ISO-10303-21;
