ISO-10303-21;
HEADER;
FILE_DESCRIPTION(('Creo Elements/Direct Modeling STEP Export'),'2;1');
FILE_NAME(
'C:/temp/JobSpoolerServerData/JobServer Files/94f984f0-8ba7-4a42-839c-d9
9de1bb88e5/work/output/model.stp','2020-08-21T12:01:43',(''),(''),
'Creo Elements/Direct Modeling STEP processor for AP214 (Solid Model)',
'Creo Elements/Direct Modeling 20.1A  29-Sep-2018 (C) Parametric Technol
ogy GmbH','');
FILE_SCHEMA(('AUTOMOTIVE_DESIGN { 1 0 10303 214 1 1 1 1 }'));
ENDSEC;
DATA;
#10=CARTESIAN_POINT('',(-8.35253638821527,17.7128556030894,38.));
#20=DIRECTION('',(0.,0.,-1.));
#30=DIRECTION('',(-1.,0.,0.));
#40=AXIS2_PLACEMENT_3D('',#10,#20,#30);
#50=PLANE('',#40);
#60=CARTESIAN_POINT('',(7.69999999999879,-0.100000000008084,
38.0000000000042));
#70=DIRECTION('',(-5.17079133335858E-42,1.,3.55943784230514E-29));
#80=VECTOR('',#70,1.);
#90=LINE('',#60,#80);
#100=CARTESIAN_POINT('',(7.69999999999879,-2.30647441340492E-7,
38.0000000000042));
#110=VERTEX_POINT('',#100);
#120=CARTESIAN_POINT('',(7.69999999999879,0.199999769352179,
38.0000000000042));
#130=VERTEX_POINT('',#120);
#140=EDGE_CURVE('',#110,#130,#90,.T.);
#150=ORIENTED_EDGE('',*,*,#140,.T.);
#160=CARTESIAN_POINT('',(-1.26476606965298E-12,-2.30647442284182E-7,
38.0000000000031));
#170=DIRECTION('',(1.,1.22464679914735E-16,1.45325078413766E-13));
#180=VECTOR('',#170,1.);
#190=LINE('',#160,#180);
#200=CARTESIAN_POINT('',(-10.5071796769222,-2.30647443574816E-7,
38.0000000000015));
#210=VERTEX_POINT('',#200);
#220=EDGE_CURVE('',#210,#110,#190,.T.);
#230=ORIENTED_EDGE('',*,*,#220,.T.);
#240=CARTESIAN_POINT('',(-1.26476606965298E-12,-2.81539053980711,
38.0000000000031));
#250=DIRECTION('',(0.965925826289068,-0.258819045102521,
1.40373246447341E-13));
#260=VECTOR('',#250,1.);
#270=LINE('',#240,#260);
#280=CARTESIAN_POINT('',(-11.9999999999497,0.399999769352556,
38.0000000000013));
#290=VERTEX_POINT('',#280);
#300=EDGE_CURVE('',#290,#210,#270,.T.);
#310=ORIENTED_EDGE('',*,*,#300,.T.);
#320=CARTESIAN_POINT('',(-1.26476606965298E-12,0.399999769352556,
38.0000000000031));
#330=DIRECTION('',(1.,0.,1.45325078413766E-13));
#340=VECTOR('',#330,1.);
#350=LINE('',#320,#340);
#360=CARTESIAN_POINT('',(-18.2663608498251,0.399999769352556,
38.0000000000004));
#370=VERTEX_POINT('',#360);
#380=EDGE_CURVE('',#370,#290,#350,.T.);
#390=ORIENTED_EDGE('',*,*,#380,.T.);
#400=CARTESIAN_POINT('',(-10.9999999999918,-0.300000230654206,
38.0000000000015));
#410=DIRECTION('',(-1.45325078413766E-13,-3.55943784230514E-29,1.));
#420=DIRECTION('',(1.,-5.17275583541921E-42,1.45325078413766E-13));
#430=AXIS2_PLACEMENT_3D('',#400,#410,#420);
#440=CIRCLE('',#430,7.3);
#450=CARTESIAN_POINT('',(-17.4514160321397,3.11602541037143,
38.0000000000005));
#460=VERTEX_POINT('',#450);
#470=EDGE_CURVE('',#460,#370,#440,.T.);
#480=ORIENTED_EDGE('',*,*,#470,.T.);
#490=CARTESIAN_POINT('',(-17.8932938425608,3.34999976934579,
38.0000000000005));
#500=DIRECTION('',(-1.45325078413766E-13,-3.55943784230514E-29,1.));
#510=DIRECTION('',(1.,-5.17275583541921E-42,1.45325078413766E-13));
#520=AXIS2_PLACEMENT_3D('',#490,#500,#510);
#530=CIRCLE('',#520,0.5);
#540=CARTESIAN_POINT('',(-18.3351716529521,3.58397412830257,
38.0000000000004));
#550=VERTEX_POINT('',#540);
#560=EDGE_CURVE('',#460,#550,#530,.T.);
#570=ORIENTED_EDGE('',*,*,#560,.F.);
#580=CARTESIAN_POINT('',(-10.9999999999497,-0.300000230648521,
38.0000000000015));
#590=DIRECTION('',(-1.45325078413766E-13,-3.55943784230514E-29,1.));
#600=DIRECTION('',(1.,-5.17275583541921E-42,1.45325078413766E-13));
#610=AXIS2_PLACEMENT_3D('',#580,#590,#600);
#620=CIRCLE('',#610,8.3);
#630=CARTESIAN_POINT('',(-19.2999999999497,-0.30000023064852,
38.0000000000003));
#640=VERTEX_POINT('',#630);
#650=EDGE_CURVE('',#550,#640,#620,.T.);
#660=ORIENTED_EDGE('',*,*,#650,.F.);
#670=CARTESIAN_POINT('',(-19.2999999999497,-0.100000000008084,
38.0000000000003));
#680=DIRECTION('',(-6.37236764452981E-58,1.,3.55943784230514E-29));
#690=VECTOR('',#680,1.);
#700=LINE('',#670,#690);
#710=CARTESIAN_POINT('',(-19.2999999999497,-0.900000230647442,
38.0000000000003));
#720=VERTEX_POINT('',#710);
#730=EDGE_CURVE('',#720,#640,#700,.T.);
#740=ORIENTED_EDGE('',*,*,#730,.T.);
#750=CARTESIAN_POINT('',(-1.26476606965298E-12,-6.0714196445543,
38.0000000000031));
#760=DIRECTION('',(0.965925826289068,-0.258819045102521,
1.40373246447341E-13));
#770=VECTOR('',#760,1.);
#780=LINE('',#750,#770);
#790=CARTESIAN_POINT('',(-18.8499999999498,-1.02057736724144,
38.0000000000003));
#800=VERTEX_POINT('',#790);
#810=EDGE_CURVE('',#720,#800,#780,.T.);
#820=ORIENTED_EDGE('',*,*,#810,.F.);
#830=CARTESIAN_POINT('',(-18.8499999999497,-0.100000000008084,
38.0000000000003));
#840=DIRECTION('',(5.17079133335858E-42,-1.,-3.55943784230514E-29));
#850=VECTOR('',#840,1.);
#860=LINE('',#830,#850);
#870=CARTESIAN_POINT('',(-18.8499999999498,-1.85646622727938,
38.0000000000003));
#880=VERTEX_POINT('',#870);
#890=EDGE_CURVE('',#800,#880,#860,.T.);
#900=ORIENTED_EDGE('',*,*,#890,.F.);
#910=CARTESIAN_POINT('',(-25.8499999999497,-1.8564662272737,
37.9999999999993));
#920=DIRECTION('',(-1.45325078413766E-13,-3.55943784230514E-29,1.));
#930=DIRECTION('',(1.,-5.17275583541921E-42,1.45325078413766E-13));
#940=AXIS2_PLACEMENT_3D('',#910,#920,#930);
#950=CIRCLE('',#940,7.);
#960=CARTESIAN_POINT('',(-19.969999999908,-5.65457101775919,
38.0000000000002));
#970=VERTEX_POINT('',#960);
#980=EDGE_CURVE('',#970,#880,#950,.T.);
#990=ORIENTED_EDGE('',*,*,#980,.T.);
#1000=CARTESIAN_POINT('',(-27.9499999999497,-0.500000230648531,
37.999999999999));
#1010=DIRECTION('',(-1.45325078413766E-13,-3.55943784230514E-29,1.));
#1020=DIRECTION('',(1.,-5.17275583541921E-42,1.45325078413766E-13));
#1030=AXIS2_PLACEMENT_3D('',#1000,#1010,#1020);
#1040=CIRCLE('',#1030,9.5);
#1050=CARTESIAN_POINT('',(-20.8840605719613,-6.85000023064853,38.));
#1060=VERTEX_POINT('',#1050);
#1070=EDGE_CURVE('',#1060,#970,#1040,.T.);
#1080=ORIENTED_EDGE('',*,*,#1070,.T.);
#1090=CARTESIAN_POINT('',(-1.26476606965298E-12,-6.85000023065527,
38.0000000000031));
#1100=DIRECTION('',(-1.,0.,-1.45325078413766E-13));
#1110=VECTOR('',#1100,1.);
#1120=LINE('',#1090,#1110);
#1130=CARTESIAN_POINT('',(-34.7000000000126,-6.85000023064853,
37.999999999998));
#1140=VERTEX_POINT('',#1130);
#1150=EDGE_CURVE('',#1060,#1140,#1120,.T.);
#1160=ORIENTED_EDGE('',*,*,#1150,.F.);
#1170=CARTESIAN_POINT('',(-34.7000000000126,-0.100000000008084,
37.999999999998));
#1180=DIRECTION('',(-6.37236764452981E-58,1.,3.55943784230514E-29));
#1190=VECTOR('',#1180,1.);
#1200=LINE('',#1170,#1190);
#1210=CARTESIAN_POINT('',(-34.7000000000126,-1.8500002306519,
37.999999999998));
#1220=VERTEX_POINT('',#1210);
#1230=EDGE_CURVE('',#1140,#1220,#1200,.T.);
#1240=ORIENTED_EDGE('',*,*,#1230,.F.);
#1250=CARTESIAN_POINT('',(-33.7000000000126,-1.8500002306519,
37.9999999999982));
#1260=DIRECTION('',(-1.45325078413766E-13,-3.55943784230514E-29,1.));
#1270=DIRECTION('',(1.,-5.17275583541921E-42,1.45325078413766E-13));
#1280=AXIS2_PLACEMENT_3D('',#1250,#1260,#1270);
#1290=CIRCLE('',#1280,1.);
#1300=CARTESIAN_POINT('',(-33.7000000000126,-0.850000230651901,
37.9999999999982));
#1310=VERTEX_POINT('',#1300);
#1320=EDGE_CURVE('',#1310,#1220,#1290,.T.);
#1330=ORIENTED_EDGE('',*,*,#1320,.T.);
#1340=CARTESIAN_POINT('',(-1.26476606965298E-12,-0.850000230651901,
38.0000000000031));
#1350=DIRECTION('',(-1.,0.,-1.45325078413766E-13));
#1360=VECTOR('',#1350,1.);
#1370=LINE('',#1340,#1360);
#1380=CARTESIAN_POINT('',(-30.9018854217532,-0.850000230651901,
37.9999999999986));
#1390=VERTEX_POINT('',#1380);
#1400=EDGE_CURVE('',#1390,#1310,#1370,.T.);
#1410=ORIENTED_EDGE('',*,*,#1400,.T.);
#1420=CARTESIAN_POINT('',(-30.9018854217532,-1.8500002306519,
37.9999999999986));
#1430=DIRECTION('',(-1.45325078413766E-13,-3.55943784230514E-29,1.));
#1440=DIRECTION('',(1.,-5.17275583541921E-42,1.45325078413766E-13));
#1450=AXIS2_PLACEMENT_3D('',#1420,#1430,#1440);
#1460=CIRCLE('',#1450,1.);
#1470=CARTESIAN_POINT('',(-29.9018854217533,-1.85000023065187,
37.9999999999987));
#1480=VERTEX_POINT('',#1470);
#1490=EDGE_CURVE('',#1480,#1390,#1460,.T.);
#1500=ORIENTED_EDGE('',*,*,#1490,.T.);
#1510=CARTESIAN_POINT('',(-1.26476606965298E-12,-9.86218628157831,
38.0000000000031));
#1520=DIRECTION('',(0.965925826289068,-0.258819045102521,
1.40373246447341E-13));
#1530=VECTOR('',#1520,1.);
#1540=LINE('',#1510,#1530);
#1550=CARTESIAN_POINT('',(-28.6818442431309,-2.17690927919648,
37.9999999999989));
#1560=VERTEX_POINT('',#1550);
#1570=EDGE_CURVE('',#1480,#1560,#1540,.T.);
#1580=ORIENTED_EDGE('',*,*,#1570,.F.);
#1590=CARTESIAN_POINT('',(-28.8241947179372,-2.70816848365548,
37.9999999999989));
#1600=DIRECTION('',(-1.45325078413766E-13,-3.55943784230514E-29,1.));
#1610=DIRECTION('',(1.,1.27447352890596E-57,1.45325078413766E-13));
#1620=AXIS2_PLACEMENT_3D('',#1590,#1600,#1610);
#1630=CIRCLE('',#1620,0.55);
#1640=CARTESIAN_POINT('',(-28.6818442431309,-3.23942768811447,
37.9999999999989));
#1650=VERTEX_POINT('',#1640);
#1660=EDGE_CURVE('',#1650,#1560,#1630,.T.);
#1670=ORIENTED_EDGE('',*,*,#1660,.T.);
#1680=CARTESIAN_POINT('',(-1.26476606965298E-12,4.44584931426735,
38.0000000000031));
#1690=DIRECTION('',(-0.965925826289068,-0.258819045102521,
-1.40373246447341E-13));
#1700=VECTOR('',#1690,1.);
#1710=LINE('',#1680,#1700);
#1720=CARTESIAN_POINT('',(-29.5312949443045,-3.467037317504,
37.9999999999988));
#1730=VERTEX_POINT('',#1720);
#1740=EDGE_CURVE('',#1650,#1730,#1710,.T.);
#1750=ORIENTED_EDGE('',*,*,#1740,.F.);
#1760=CARTESIAN_POINT('',(-29.4018854217532,-3.95000023064853,
37.9999999999988));
#1770=DIRECTION('',(-1.45325078413766E-13,-3.55943784230514E-29,1.));
#1780=DIRECTION('',(1.,0.,1.45325078413766E-13));
#1790=AXIS2_PLACEMENT_3D('',#1760,#1770,#1780);
#1800=CIRCLE('',#1790,0.499999999999999);
#1810=CARTESIAN_POINT('',(-29.4018854217532,-4.45000023064853,
37.9999999999988));
#1820=VERTEX_POINT('',#1810);
#1830=EDGE_CURVE('',#1730,#1820,#1800,.T.);
#1840=ORIENTED_EDGE('',*,*,#1830,.F.);
#1850=CARTESIAN_POINT('',(-1.26476606965298E-12,-4.45000023064853,
38.0000000000031));
#1860=DIRECTION('',(-1.,0.,-1.45325078413766E-13));
#1870=VECTOR('',#1860,1.);
#1880=LINE('',#1850,#1870);
#1890=CARTESIAN_POINT('',(-25.6024817400023,-4.45000023064853,
37.9999999999994));
#1900=VERTEX_POINT('',#1890);
#1910=EDGE_CURVE('',#1900,#1820,#1880,.T.);
#1920=ORIENTED_EDGE('',*,*,#1910,.T.);
#1930=CARTESIAN_POINT('',(4.18807884552544,-5.20000023064853,
38.0000000000037));
#1940=DIRECTION('',(-1.45325078413766E-13,-3.55943784230514E-29,1.));
#1950=DIRECTION('',(1.,-5.17275583541921E-42,1.45325078413766E-13));
#1960=AXIS2_PLACEMENT_3D('',#1930,#1940,#1950);
#1970=CIRCLE('',#1960,29.8);
#1980=CARTESIAN_POINT('',(-23.3682820568036,6.14402788200132,
37.9999999999997));
#1990=VERTEX_POINT('',#1980);
#2000=EDGE_CURVE('',#1990,#1900,#1970,.T.);
#2010=ORIENTED_EDGE('',*,*,#2000,.T.);
#2020=CARTESIAN_POINT('',(-1.26476606965298E-12,6.14402788200132,
38.0000000000031));
#2030=DIRECTION('',(1.,0.,1.45325078413766E-13));
#2040=VECTOR('',#2030,1.);
#2050=LINE('',#2020,#2040);
#2060=CARTESIAN_POINT('',(-30.1428215197869,6.14402788200132,
37.9999999999987));
#2070=VERTEX_POINT('',#2060);
#2080=EDGE_CURVE('',#2070,#1990,#2050,.T.);
#2090=ORIENTED_EDGE('',*,*,#2080,.T.);
#2100=CARTESIAN_POINT('',(-27.8701812288072,-0.100000000008084,
37.999999999999));
#2110=DIRECTION('',(0.342020143325669,-0.939692620785908,
4.97102359275914E-14));
#2120=VECTOR('',#2110,1.);
#2130=LINE('',#2100,#2120);
#2140=CARTESIAN_POINT('',(-31.8816267047428,10.9213558644984,
37.9999999999984));
#2150=VERTEX_POINT('',#2140);
#2160=EDGE_CURVE('',#2150,#2070,#2130,.T.);
#2170=ORIENTED_EDGE('',*,*,#2160,.T.);
#2180=CARTESIAN_POINT('',(-20.9602708402468,3.0480062918059E-12,38.));
#2190=DIRECTION('',(0.707106781186548,-0.707106781186548,
1.02760348422841E-13));
#2200=VECTOR('',#2190,1.);
#2210=LINE('',#2180,#2200);
#2220=CARTESIAN_POINT('',(-32.7000000000108,11.7397291597671,
37.9999999999983));
#2230=VERTEX_POINT('',#2220);
#2240=EDGE_CURVE('',#2230,#2150,#2210,.T.);
#2250=ORIENTED_EDGE('',*,*,#2240,.T.);
#2260=CARTESIAN_POINT('',(-32.7000000000087,41.2155687094406,
37.9999999999983));
#2270=DIRECTION('',(-7.06522810900895E-14,-1.,-1.03031426679518E-26));
#2280=VECTOR('',#2270,1.);
#2290=LINE('',#2260,#2280);
#2300=CARTESIAN_POINT('',(-32.7000000000088,40.7155687094405,
37.9999999999983));
#2310=VERTEX_POINT('',#2300);
#2320=EDGE_CURVE('',#2310,#2230,#2290,.T.);
#2330=ORIENTED_EDGE('',*,*,#2320,.T.);
#2340=CARTESIAN_POINT('',(-1.25099930414763E-12,73.4155687094456,
38.0000000000031));
#2350=DIRECTION('',(-0.707106781186575,-0.70710678118652,
-1.02760348422845E-13));
#2360=VECTOR('',#2350,1.);
#2370=LINE('',#2340,#2360);
#2380=CARTESIAN_POINT('',(-31.7000000000116,41.7155687094377,
37.9999999999985));
#2390=VERTEX_POINT('',#2380);
#2400=EDGE_CURVE('',#2390,#2310,#2370,.T.);
#2410=ORIENTED_EDGE('',*,*,#2400,.T.);
#2420=CARTESIAN_POINT('',(-31.7000000000126,-0.100000000008084,
37.9999999999985));
#2430=DIRECTION('',(-1.22464679914735E-16,-1.,-5.33915676345771E-29));
#2440=VECTOR('',#2430,1.);
#2450=LINE('',#2420,#2440);
#2460=CARTESIAN_POINT('',(-31.7000000000116,50.0000000000197,
37.9999999999985));
#2470=VERTEX_POINT('',#2460);
#2480=EDGE_CURVE('',#2470,#2390,#2450,.T.);
#2490=ORIENTED_EDGE('',*,*,#2480,.T.);
#2500=CARTESIAN_POINT('',(-1.26476606965298E-12,81.7000000000267,
38.0000000000031));
#2510=DIRECTION('',(-0.707106781186585,-0.70710678118651,
-1.02760348422846E-13));
#2520=VECTOR('',#2510,1.);
#2530=LINE('',#2500,#2520);
#2540=CARTESIAN_POINT('',(-30.1170557472246,51.5829442528066,
37.9999999999987));
#2550=VERTEX_POINT('',#2540);
#2560=EDGE_CURVE('',#2550,#2470,#2530,.T.);
#2570=ORIENTED_EDGE('',*,*,#2560,.T.);
#2580=CARTESIAN_POINT('',(-1.26476606965298E-12,39.8549196318764,
38.0000000000031));
#2590=DIRECTION('',(-0.931839057155939,0.362871839026855,
-1.35419584050197E-13));
#2600=VECTOR('',#2590,1.);
#2610=LINE('',#2580,#2600);
#2620=CARTESIAN_POINT('',(-27.9744848352382,50.748595615982,
37.999999999999));
#2630=VERTEX_POINT('',#2620);
#2640=EDGE_CURVE('',#2630,#2550,#2610,.T.);
#2650=ORIENTED_EDGE('',*,*,#2640,.T.);
#2660=CARTESIAN_POINT('',(-1.26476606965298E-12,78.7230804512189,
38.0000000000031));
#2670=DIRECTION('',(-0.707106781186548,-0.707106781186547,
-1.02760348422841E-13));
#2680=VECTOR('',#2670,1.);
#2690=LINE('',#2660,#2680);
#2700=CARTESIAN_POINT('',(-28.3477654210964,50.3753150301238,
37.9999999999989));
#2710=VERTEX_POINT('',#2700);
#2720=EDGE_CURVE('',#2630,#2710,#2690,.T.);
#2730=ORIENTED_EDGE('',*,*,#2720,.F.);
#2740=CARTESIAN_POINT('',(22.1275496090356,-0.100000000008084,
38.0000000000063));
#2750=DIRECTION('',(-0.707106781186547,0.707106781186548,
-1.02760348422841E-13));
#2760=VECTOR('',#2750,1.);
#2770=LINE('',#2740,#2760);
#2780=CARTESIAN_POINT('',(-27.591161165227,49.6187107742545,
37.9999999999991));
#2790=VERTEX_POINT('',#2780);
#2800=EDGE_CURVE('',#2790,#2710,#2770,.T.);
#2810=ORIENTED_EDGE('',*,*,#2800,.T.);
#2820=CARTESIAN_POINT('',(-1.29363186829323E-12,77.2098719394772,
38.0000000000031));
#2830=DIRECTION('',(0.707106781186589,0.707106781186506,
1.02760348422847E-13));
#2840=VECTOR('',#2830,1.);
#2850=LINE('',#2820,#2840);
#2860=CARTESIAN_POINT('',(-23.1187107742307,54.0911611652503,
37.9999999999997));
#2870=VERTEX_POINT('',#2860);
#2880=EDGE_CURVE('',#2790,#2870,#2850,.T.);
#2890=ORIENTED_EDGE('',*,*,#2880,.F.);
#2900=CARTESIAN_POINT('',(31.0724503910277,-0.100000000008084,
38.0000000000076));
#2910=DIRECTION('',(-0.707106781186547,0.707106781186548,
-1.02760348422841E-13));
#2920=VECTOR('',#2910,1.);
#2930=LINE('',#2900,#2920);
#2940=CARTESIAN_POINT('',(-23.8753150301092,54.8477654211288,
37.9999999999996));
#2950=VERTEX_POINT('',#2940);
#2960=EDGE_CURVE('',#2870,#2950,#2930,.T.);
#2970=ORIENTED_EDGE('',*,*,#2960,.F.);
#2980=CARTESIAN_POINT('',(-1.29363186829323E-12,78.7230804512367,
38.0000000000031));
#2990=DIRECTION('',(0.707106781186548,0.707106781186547,
1.02760348422841E-13));
#3000=VECTOR('',#2990,1.);
#3010=LINE('',#2980,#3000);
#3020=CARTESIAN_POINT('',(-24.2485956159556,54.4744848352825,
37.9999999999996));
#3030=VERTEX_POINT('',#3020);
#3040=EDGE_CURVE('',#3030,#2950,#3010,.T.);
#3050=ORIENTED_EDGE('',*,*,#3040,.T.);
#3060=CARTESIAN_POINT('',(-2.99648826544715,-0.100000000008084,
38.0000000000026));
#3070=DIRECTION('',(0.362871839026052,-0.931839057156251,
5.27343784606085E-14));
#3080=VECTOR('',#3070,1.);
#3090=LINE('',#3060,#3080);
#3100=CARTESIAN_POINT('',(-25.0829442527735,56.6170557472571,
37.9999999999994));
#3110=VERTEX_POINT('',#3100);
#3120=EDGE_CURVE('',#3110,#3030,#3090,.T.);
#3130=ORIENTED_EDGE('',*,*,#3120,.T.);
#3140=CARTESIAN_POINT('',(-81.8000000000076,-0.100000000008084,
37.9999999999912));
#3150=DIRECTION('',(0.707106781186464,0.707106781186631,
1.02760348422829E-13));
#3160=VECTOR('',#3150,1.);
#3170=LINE('',#3140,#3160);
#3180=CARTESIAN_POINT('',(-23.5000000000171,58.2000000000138,
37.9999999999997));
#3190=VERTEX_POINT('',#3180);
#3200=EDGE_CURVE('',#3110,#3190,#3170,.T.);
#3210=ORIENTED_EDGE('',*,*,#3200,.F.);
#3220=CARTESIAN_POINT('',(-1.29363186829323E-12,58.2000000000138,
38.0000000000031));
#3230=DIRECTION('',(1.,-5.17275583541921E-42,1.45325078413766E-13));
#3240=VECTOR('',#3230,1.);
#3250=LINE('',#3220,#3240);
#3260=CARTESIAN_POINT('',(-11.4500000000033,58.2000000000138,
38.0000000000014));
#3270=VERTEX_POINT('',#3260);
#3280=EDGE_CURVE('',#3190,#3270,#3250,.T.);
#3290=ORIENTED_EDGE('',*,*,#3280,.F.);
#3300=CARTESIAN_POINT('',(27.4166666666781,-0.100000000008084,
38.0000000000071));
#3310=DIRECTION('',(-0.55470019622523,0.832050294337843,
-8.06118495125631E-14));
#3320=VECTOR('',#3310,1.);
#3330=LINE('',#3300,#3320);
#3340=CARTESIAN_POINT('',(-8.4499999999968,53.7000000000041,
38.0000000000019));
#3350=VERTEX_POINT('',#3340);
#3360=EDGE_CURVE('',#3350,#3270,#3330,.T.);
#3370=ORIENTED_EDGE('',*,*,#3360,.T.);
#3380=CARTESIAN_POINT('',(-8.44999999999677,-0.100000000008084,
38.0000000000019));
#3390=DIRECTION('',(5.17275583541921E-42,-1.,-3.55943784230514E-29));
#3400=VECTOR('',#3390,1.);
#3410=LINE('',#3380,#3400);
#3420=CARTESIAN_POINT('',(-8.44999999999677,43.9254545830311,
38.0000000000018));
#3430=VERTEX_POINT('',#3420);
#3440=EDGE_CURVE('',#3350,#3430,#3410,.T.);
#3450=ORIENTED_EDGE('',*,*,#3440,.F.);
#3460=CARTESIAN_POINT('',(-1.26476606965298E-12,43.925454583031,
38.0000000000031));
#3470=DIRECTION('',(1.,0.,1.45325078413766E-13));
#3480=VECTOR('',#3470,1.);
#3490=LINE('',#3460,#3480);
#3500=CARTESIAN_POINT('',(4.24999999999789,43.9254545830311,
38.0000000000037));
#3510=VERTEX_POINT('',#3500);
#3520=EDGE_CURVE('',#3430,#3510,#3490,.T.);
#3530=ORIENTED_EDGE('',*,*,#3520,.F.);
#3540=CARTESIAN_POINT('',(4.24999999999789,-0.100000000008084,
38.0000000000037));
#3550=DIRECTION('',(5.17079133335858E-42,-1.,-3.55943784230514E-29));
#3560=VECTOR('',#3550,1.);
#3570=LINE('',#3540,#3560);
#3580=CARTESIAN_POINT('',(4.24999999999791,53.7000000000041,
38.0000000000037));
#3590=VERTEX_POINT('',#3580);
#3600=EDGE_CURVE('',#3590,#3510,#3570,.T.);
#3610=ORIENTED_EDGE('',*,*,#3600,.T.);
#3620=CARTESIAN_POINT('',(-31.616666666677,-0.100000000008084,
37.9999999999985));
#3630=DIRECTION('',(-0.55470019622523,-0.832050294337843,
-8.06118495125632E-14));
#3640=VECTOR('',#3630,1.);
#3650=LINE('',#3620,#3640);
#3660=CARTESIAN_POINT('',(7.25000000000442,58.2000000000138,
38.0000000000041));
#3670=VERTEX_POINT('',#3660);
#3680=EDGE_CURVE('',#3670,#3590,#3650,.T.);
#3690=ORIENTED_EDGE('',*,*,#3680,.T.);
#3700=CARTESIAN_POINT('',(-1.29363186829323E-12,58.2000000000138,
38.0000000000031));
#3710=DIRECTION('',(-1.,5.17275583541921E-42,-1.45325078413766E-13));
#3720=VECTOR('',#3710,1.);
#3730=LINE('',#3700,#3720);
#3740=CARTESIAN_POINT('',(19.3000000000006,58.2000000000138,
38.0000000000059));
#3750=VERTEX_POINT('',#3740);
#3760=EDGE_CURVE('',#3750,#3670,#3730,.T.);
#3770=ORIENTED_EDGE('',*,*,#3760,.T.);
#3780=CARTESIAN_POINT('',(77.6000000000088,-0.100000000008084,
38.0000000000144));
#3790=DIRECTION('',(-0.707106781186464,0.707106781186631,
-1.02760348422829E-13));
#3800=VECTOR('',#3790,1.);
#3810=LINE('',#3780,#3800);
#3820=CARTESIAN_POINT('',(20.8829442527746,56.6170557472394,
38.0000000000061));
#3830=VERTEX_POINT('',#3820);
#3840=EDGE_CURVE('',#3830,#3750,#3810,.T.);
#3850=ORIENTED_EDGE('',*,*,#3840,.T.);
#3860=CARTESIAN_POINT('',(-1.20351173455174,-0.100000000008084,
38.0000000000029));
#3870=DIRECTION('',(-0.362871839026052,-0.931839057156251,
-5.27343784606086E-14));
#3880=VECTOR('',#3870,1.);
#3890=LINE('',#3860,#3880);
#3900=CARTESIAN_POINT('',(20.0485956159567,54.4744848352648,
38.000000000006));
#3910=VERTEX_POINT('',#3900);
#3920=EDGE_CURVE('',#3830,#3910,#3890,.T.);
#3930=ORIENTED_EDGE('',*,*,#3920,.F.);
#3940=CARTESIAN_POINT('',(-1.29363186829323E-12,74.5230804512228,
38.0000000000031));
#3950=DIRECTION('',(0.707106781186548,-0.707106781186547,
1.02760348422841E-13));
#3960=VECTOR('',#3950,1.);
#3970=LINE('',#3940,#3960);
#3980=CARTESIAN_POINT('',(19.6753150300927,54.8477654211288,
38.0000000000059));
#3990=VERTEX_POINT('',#3980);
#4000=EDGE_CURVE('',#3990,#3910,#3970,.T.);
#4010=ORIENTED_EDGE('',*,*,#4000,.T.);
#4020=CARTESIAN_POINT('',(-1.29363186829323E-12,35.1724503910348,
38.0000000000031));
#4030=DIRECTION('',(-0.707106781186548,-0.707106781186547,
-1.02760348422841E-13));
#4040=VECTOR('',#4030,1.);
#4050=LINE('',#4020,#4040);
#4060=CARTESIAN_POINT('',(18.9187107742231,54.0911611652592,
38.0000000000058));
#4070=VERTEX_POINT('',#4060);
#4080=EDGE_CURVE('',#3990,#4070,#4050,.T.);
#4090=ORIENTED_EDGE('',*,*,#4080,.F.);
#4100=CARTESIAN_POINT('',(-1.26476606965298E-12,73.0098719394811,
38.0000000000031));
#4110=DIRECTION('',(-0.707106781186589,0.707106781186506,
-1.02760348422847E-13));
#4120=VECTOR('',#4110,1.);
#4130=LINE('',#4100,#4120);
#4140=CARTESIAN_POINT('',(23.3911611652282,49.6187107742545,
38.0000000000065));
#4150=VERTEX_POINT('',#4140);
#4160=EDGE_CURVE('',#4150,#4070,#4130,.T.);
#4170=ORIENTED_EDGE('',*,*,#4160,.T.);
#4180=CARTESIAN_POINT('',(-26.3275496090344,-0.100000000008084,
37.9999999999993));
#4190=DIRECTION('',(0.707106781186547,0.707106781186548,
1.02760348422841E-13));
#4200=VECTOR('',#4190,1.);
#4210=LINE('',#4180,#4200);
#4220=CARTESIAN_POINT('',(24.1477654210975,50.3753150301238,
38.0000000000066));
#4230=VERTEX_POINT('',#4220);
#4240=EDGE_CURVE('',#4150,#4230,#4210,.T.);
#4250=ORIENTED_EDGE('',*,*,#4240,.F.);
#4260=CARTESIAN_POINT('',(-1.26476606965298E-12,74.5230804512226,
38.0000000000031));
#4270=DIRECTION('',(0.707106781186548,-0.707106781186547,
1.02760348422841E-13));
#4280=VECTOR('',#4270,1.);
#4290=LINE('',#4260,#4280);
#4300=CARTESIAN_POINT('',(23.7744848352523,50.748595615969,
38.0000000000065));
#4310=VERTEX_POINT('',#4300);
#4320=EDGE_CURVE('',#4310,#4230,#4290,.T.);
#4330=ORIENTED_EDGE('',*,*,#4320,.T.);
#4340=CARTESIAN_POINT('',(-1.26476606965298E-12,41.4904614265754,
38.0000000000031));
#4350=DIRECTION('',(0.931839057155939,0.362871839026855,
1.35419584050197E-13));
#4360=VECTOR('',#4350,1.);
#4370=LINE('',#4340,#4360);
#4380=CARTESIAN_POINT('',(25.9170557472414,51.5829442527946,
38.0000000000068));
#4390=VERTEX_POINT('',#4380);
#4400=EDGE_CURVE('',#4310,#4390,#4370,.T.);
#4410=ORIENTED_EDGE('',*,*,#4400,.F.);
#4420=CARTESIAN_POINT('',(-1.26476606965298E-12,77.5000000000309,
38.0000000000031));
#4430=DIRECTION('',(0.707106781186585,-0.70710678118651,
1.02760348422846E-13));
#4440=VECTOR('',#4430,1.);
#4450=LINE('',#4420,#4440);
#4460=CARTESIAN_POINT('',(27.5000000000006,50.0000000000357,
38.0000000000071));
#4470=VERTEX_POINT('',#4460);
#4480=EDGE_CURVE('',#4390,#4470,#4450,.T.);
#4490=ORIENTED_EDGE('',*,*,#4480,.F.);
#4500=CARTESIAN_POINT('',(27.5000000000137,-0.100000000008084,
38.0000000000071));
#4510=DIRECTION('',(1.22464679914735E-16,-1.,-1.77971892115257E-29));
#4520=VECTOR('',#4510,1.);
#4530=LINE('',#4500,#4520);
#4540=CARTESIAN_POINT('',(27.5000000000132,41.7155687094389,
38.0000000000071));
#4550=VERTEX_POINT('',#4540);
#4560=EDGE_CURVE('',#4470,#4550,#4530,.T.);
#4570=ORIENTED_EDGE('',*,*,#4560,.F.);
#4580=CARTESIAN_POINT('',(-1.25099930414763E-12,69.2155687094512,
38.0000000000031));
#4590=DIRECTION('',(0.707106781186575,-0.70710678118652,
1.02760348422845E-13));
#4600=VECTOR('',#4590,1.);
#4610=LINE('',#4580,#4600);
#4620=CARTESIAN_POINT('',(28.5000000000116,40.7155687094406,
38.0000000000072));
#4630=VERTEX_POINT('',#4620);
#4640=EDGE_CURVE('',#4550,#4630,#4610,.T.);
#4650=ORIENTED_EDGE('',*,*,#4640,.F.);
#4660=CARTESIAN_POINT('',(28.5000000000116,41.2155687094406,
38.0000000000072));
#4670=DIRECTION('',(7.06522810900895E-14,-1.,1.02319539111057E-26));
#4680=VECTOR('',#4670,1.);
#4690=LINE('',#4660,#4680);
#4700=CARTESIAN_POINT('',(28.5000000000136,11.7397291597671,
38.0000000000072));
#4710=VERTEX_POINT('',#4700);
#4720=EDGE_CURVE('',#4630,#4710,#4690,.T.);
#4730=ORIENTED_EDGE('',*,*,#4720,.F.);
#4740=CARTESIAN_POINT('',(16.7602708402496,3.0480062918059E-12,
38.0000000000055));
#4750=DIRECTION('',(-0.707106781186548,-0.707106781186548,
-1.02760348422841E-13));
#4760=VECTOR('',#4750,1.);
#4770=LINE('',#4740,#4760);
#4780=CARTESIAN_POINT('',(27.5000000000138,10.7397291597672,
38.0000000000071));
#4790=VERTEX_POINT('',#4780);
#4800=EDGE_CURVE('',#4710,#4790,#4770,.T.);
#4810=ORIENTED_EDGE('',*,*,#4800,.F.);
#4820=CARTESIAN_POINT('',(27.5000000000138,-6.73971989328948E-12,
38.0000000000071));
#4830=DIRECTION('',(1.22464679914735E-16,-1.,-1.77971892115257E-29));
#4840=VECTOR('',#4830,1.);
#4850=LINE('',#4820,#4840);
#4860=CARTESIAN_POINT('',(27.5000000000138,5.14999976935151,
38.0000000000071));
#4870=VERTEX_POINT('',#4860);
#4880=EDGE_CURVE('',#4790,#4870,#4850,.T.);
#4890=ORIENTED_EDGE('',*,*,#4880,.F.);
#4900=CARTESIAN_POINT('',(-1.26476606965298E-12,-22.3500002306633,
38.0000000000031));
#4910=DIRECTION('',(0.707106781186551,0.707106781186544,
1.02760348422841E-13));
#4920=VECTOR('',#4910,1.);
#4930=LINE('',#4900,#4920);
#4940=CARTESIAN_POINT('',(15.500000000008,-6.85000023065422,
38.0000000000053));
#4950=VERTEX_POINT('',#4940);
#4960=EDGE_CURVE('',#4950,#4870,#4930,.T.);
#4970=ORIENTED_EDGE('',*,*,#4960,.T.);
#4980=CARTESIAN_POINT('',(-1.26476606965298E-12,-6.85000023065422,
38.0000000000031));
#4990=DIRECTION('',(1.,1.22464679914659E-16,1.45325078413766E-13));
#5000=VECTOR('',#4990,1.);
#5010=LINE('',#4980,#5000);
#5020=CARTESIAN_POINT('',(14.4304980917009,-6.85000023065422,
38.0000000000052));
#5030=VERTEX_POINT('',#5020);
#5040=EDGE_CURVE('',#5030,#4950,#5010,.T.);
#5050=ORIENTED_EDGE('',*,*,#5040,.T.);
#5060=CARTESIAN_POINT('',(9.70409704728522,-0.100000000008084,
38.0000000000045));
#5070=DIRECTION('',(0.573576436351046,-0.819152044288992,
8.33550405890043E-14));
#5080=VECTOR('',#5070,1.);
#5090=LINE('',#5060,#5080);
#5100=CARTESIAN_POINT('',(12.7499999999989,-4.45000023065598,
38.0000000000049));
#5110=VERTEX_POINT('',#5100);
#5120=EDGE_CURVE('',#5110,#5030,#5090,.T.);
#5130=ORIENTED_EDGE('',*,*,#5120,.T.);
#5140=CARTESIAN_POINT('',(12.7499999999988,-0.100000000008084,
38.0000000000049));
#5150=DIRECTION('',(6.69535286834775E-17,-1.,-2.58643516170467E-29));
#5160=VECTOR('',#5150,1.);
#5170=LINE('',#5140,#5160);
#5180=CARTESIAN_POINT('',(12.7499999999989,-2.80000023064752,
38.0000000000049));
#5190=VERTEX_POINT('',#5180);
#5200=EDGE_CURVE('',#5190,#5110,#5170,.T.);
#5210=ORIENTED_EDGE('',*,*,#5200,.T.);
#5220=CARTESIAN_POINT('',(15.4500002306382,-0.100000000008084,
38.0000000000053));
#5230=DIRECTION('',(0.707106781186547,0.707106781186548,
1.02760348422841E-13));
#5240=VECTOR('',#5230,1.);
#5250=LINE('',#5220,#5240);
#5260=CARTESIAN_POINT('',(14.0075415209129,-1.54245870973338,
38.0000000000051));
#5270=VERTEX_POINT('',#5260);
#5280=EDGE_CURVE('',#5190,#5270,#5250,.T.);
#5290=ORIENTED_EDGE('',*,*,#5280,.F.);
#5300=CARTESIAN_POINT('',(14.3610949115062,-1.89601210032666,
38.0000000000052));
#5310=DIRECTION('',(-1.45325078413766E-13,-3.55943784230514E-29,1.));
#5320=DIRECTION('',(1.,1.2246467991471E-16,1.45325078413766E-13));
#5330=AXIS2_PLACEMENT_3D('',#5300,#5310,#5320);
#5340=CIRCLE('',#5330,0.5);
#5350=CARTESIAN_POINT('',(14.1475503714464,-1.44390732329966,
38.0000000000051));
#5360=VERTEX_POINT('',#5350);
#5370=EDGE_CURVE('',#5360,#5270,#5340,.T.);
#5380=ORIENTED_EDGE('',*,*,#5370,.T.);
#5390=CARTESIAN_POINT('',(-1.26476606965298E-12,3.75404872115193,
38.0000000000031));
#5400=DIRECTION('',(0.938650501271657,-0.344869883379903,
1.36409457700425E-13));
#5410=VECTOR('',#5400,1.);
#5420=LINE('',#5390,#5410);
#5430=CARTESIAN_POINT('',(14.1344645107233,-1.43909944299132,
38.0000000000051));
#5440=VERTEX_POINT('',#5430);
#5450=EDGE_CURVE('',#5440,#5360,#5420,.T.);
#5460=ORIENTED_EDGE('',*,*,#5450,.T.);
#5470=CARTESIAN_POINT('',(-1.26476606965298E-12,-5.22641779408623,
38.0000000000031));
#5480=DIRECTION('',(-0.965925826289069,-0.258819045102518,
-1.40373246447341E-13));
#5490=VECTOR('',#5480,1.);
#5500=LINE('',#5470,#5490);
#5510=CARTESIAN_POINT('',(15.0767949192436,-1.18660277102496,
38.0000000000053));
#5520=VERTEX_POINT('',#5510);
#5530=EDGE_CURVE('',#5520,#5440,#5500,.T.);
#5540=ORIENTED_EDGE('',*,*,#5530,.T.);
#5550=CARTESIAN_POINT('',(-1.26476606965298E-12,-9.89119437616824,
38.0000000000031));
#5560=DIRECTION('',(-0.866025403784426,-0.500000000000022,
-1.25855209713285E-13));
#5570=VECTOR('',#5560,1.);
#5580=LINE('',#5550,#5570);
#5590=CARTESIAN_POINT('',(15.3999999999988,-1.00000023064744,
38.0000000000053));
#5600=VERTEX_POINT('',#5590);
#5610=EDGE_CURVE('',#5600,#5520,#5580,.T.);
#5620=ORIENTED_EDGE('',*,*,#5610,.T.);
#5630=CARTESIAN_POINT('',(15.3999999999988,-0.100000000008084,
38.0000000000053));
#5640=DIRECTION('',(4.27297086602607E-14,-1.,6.17410388322672E-27));
#5650=VECTOR('',#5640,1.);
#5660=LINE('',#5630,#5650);
#5670=CARTESIAN_POINT('',(15.3999999999988,0.46403892402732,
38.0000000000053));
#5680=VERTEX_POINT('',#5670);
#5690=EDGE_CURVE('',#5680,#5600,#5660,.T.);
#5700=ORIENTED_EDGE('',*,*,#5690,.T.);
#5710=CARTESIAN_POINT('',(-1.26476606965298E-12,0.46403892402732,
38.0000000000031));
#5720=DIRECTION('',(1.,0.,1.45325078413766E-13));
#5730=VECTOR('',#5720,1.);
#5740=LINE('',#5710,#5730);
#5750=CARTESIAN_POINT('',(14.9728930534338,0.46403892402732,
38.0000000000053));
#5760=VERTEX_POINT('',#5750);
#5770=EDGE_CURVE('',#5760,#5680,#5740,.T.);
#5780=ORIENTED_EDGE('',*,*,#5770,.T.);
#5790=CARTESIAN_POINT('',(-1.26476606965298E-12,-8.29710649812513,
38.0000000000031));
#5800=DIRECTION('',(0.863101786232585,0.50503000564533,
1.25427446207027E-13));
#5810=VECTOR('',#5800,1.);
#5820=LINE('',#5790,#5810);
#5830=CARTESIAN_POINT('',(14.1798450784438,-2.3065269526279E-7,
38.0000000000051));
#5840=VERTEX_POINT('',#5830);
#5850=EDGE_CURVE('',#5840,#5760,#5820,.T.);
#5860=ORIENTED_EDGE('',*,*,#5850,.T.);
#5870=CARTESIAN_POINT('',(-1.26476606965298E-12,-2.30652998478575E-7,
38.0000000000031));
#5880=DIRECTION('',(1.,2.13856710118421E-14,1.45325078413766E-13));
#5890=VECTOR('',#5880,1.);
#5900=LINE('',#5870,#5890);
#5910=CARTESIAN_POINT('',(13.976312000007,-2.30652699620415E-7,
38.0000000000051));
#5920=VERTEX_POINT('',#5910);
#5930=EDGE_CURVE('',#5920,#5840,#5900,.T.);
#5940=ORIENTED_EDGE('',*,*,#5930,.T.);
#5950=CARTESIAN_POINT('',(-1.26476606965298E-12,2.40489384559463,
38.0000000000031));
#5960=DIRECTION('',(0.985516907633701,-0.169577194127355,
1.4322032187996E-13));
#5970=VECTOR('',#5960,1.);
#5980=LINE('',#5950,#5970);
#5990=CARTESIAN_POINT('',(12.8139895394554,0.199999769352178,
38.0000000000049));
#6000=VERTEX_POINT('',#5990);
#6010=EDGE_CURVE('',#6000,#5920,#5980,.T.);
#6020=ORIENTED_EDGE('',*,*,#6010,.T.);
#6030=CARTESIAN_POINT('',(-1.26476606965298E-12,0.199999769352179,
38.0000000000031));
#6040=DIRECTION('',(-1.,0.,-1.45325078413766E-13));
#6050=VECTOR('',#6040,1.);
#6060=LINE('',#6030,#6050);
#6070=EDGE_CURVE('',#6000,#130,#6060,.T.);
#6080=ORIENTED_EDGE('',*,*,#6070,.F.);
#6090=EDGE_LOOP('',(#6080,#6020,#5940,#5860,#5780,#5700,#5620,#5540,
#5460,#5380,#5290,#5210,#5130,#5050,#4970,#4890,#4810,#4730,#4650,#4570,
#4490,#4410,#4330,#4250,#4170,#4090,#4010,#3930,#3850,#3770,#3690,#3610,
#3530,#3450,#3370,#3290,#3210,#3130,#3050,#2970,#2890,#2810,#2730,#2650,
#2570,#2490,#2410,#2330,#2250,#2170,#2090,#2010,#1920,#1840,#1750,#1670,
#1580,#1500,#1410,#1330,#1240,#1160,#1080,#990,#900,#820,#740,#660,#570,
#480,#390,#310,#230,#150));
#6100=FACE_OUTER_BOUND('',#6090,.T.);
#6110=ADVANCED_FACE('',(#6100),#50,.F.);
#6120=COLOUR_RGB('',0.313725501298904,0.784313797950745,
0.313725501298904);
#6130=FILL_AREA_STYLE_COLOUR('',#6120);
#6140=FILL_AREA_STYLE('',(#6130));
#6150=SURFACE_STYLE_FILL_AREA(#6140);
#6160=SURFACE_SIDE_STYLE('',(#6150));
#6170=SURFACE_STYLE_USAGE(.BOTH.,#6160);
#6180=PRESENTATION_STYLE_ASSIGNMENT((#6170));
#6190=CARTESIAN_POINT('',(-8.46423338821286,17.7128556030894,22.));
#6200=DIRECTION('',(0.,0.,-1.));
#6210=DIRECTION('',(-1.,0.,0.));
#6220=AXIS2_PLACEMENT_3D('',#6190,#6200,#6210);
#6230=PLANE('',#6220);
#6240=CARTESIAN_POINT('',(-1.26476606965298E-12,0.199999769352178,
22.000000000003));
#6250=DIRECTION('',(1.,0.,1.45325078413766E-13));
#6260=VECTOR('',#6250,1.);
#6270=LINE('',#6240,#6260);
#6280=CARTESIAN_POINT('',(7.70000000000112,0.199999769352178,
22.0000000000041));
#6290=VERTEX_POINT('',#6280);
#6300=CARTESIAN_POINT('',(12.8139895394577,0.199999769352178,
22.0000000000049));
#6310=VERTEX_POINT('',#6300);
#6320=EDGE_CURVE('',#6290,#6310,#6270,.T.);
#6330=ORIENTED_EDGE('',*,*,#6320,.F.);
#6340=CARTESIAN_POINT('',(-1.26476606965298E-12,2.40489384559503,
22.000000000003));
#6350=DIRECTION('',(0.985516907633701,-0.169577194127355,
1.43218770176645E-13));
#6360=VECTOR('',#6350,1.);
#6370=LINE('',#6340,#6360);
#6380=CARTESIAN_POINT('',(13.9763120000093,-2.30652699620415E-7,
22.000000000005));
#6390=VERTEX_POINT('',#6380);
#6400=EDGE_CURVE('',#6310,#6390,#6370,.T.);
#6410=ORIENTED_EDGE('',*,*,#6400,.F.);
#6420=CARTESIAN_POINT('',(-1.26476606965298E-12,-2.30652998506331E-7,
22.000000000003));
#6430=DIRECTION('',(1.,2.13856710118421E-14,1.45325078413766E-13));
#6440=VECTOR('',#6430,1.);
#6450=LINE('',#6420,#6440);
#6460=CARTESIAN_POINT('',(14.1798450784462,-2.3065269526279E-7,
22.0000000000051));
#6470=VERTEX_POINT('',#6460);
#6480=EDGE_CURVE('',#6390,#6470,#6450,.T.);
#6490=ORIENTED_EDGE('',*,*,#6480,.F.);
#6500=CARTESIAN_POINT('',(-1.26476606965298E-12,-8.29710649812649,
22.000000000003));
#6510=DIRECTION('',(0.863101786232585,0.50503000564533,
1.25427446207027E-13));
#6520=VECTOR('',#6510,1.);
#6530=LINE('',#6500,#6520);
#6540=CARTESIAN_POINT('',(14.9728930534361,0.46403892402732,
22.0000000000052));
#6550=VERTEX_POINT('',#6540);
#6560=EDGE_CURVE('',#6470,#6550,#6530,.T.);
#6570=ORIENTED_EDGE('',*,*,#6560,.F.);
#6580=CARTESIAN_POINT('',(-1.26476606965298E-12,0.46403892402732,
22.000000000003));
#6590=DIRECTION('',(1.,0.,1.45325078413766E-13));
#6600=VECTOR('',#6590,1.);
#6610=LINE('',#6580,#6600);
#6620=CARTESIAN_POINT('',(15.4000000000011,0.46403892402732,
22.0000000000052));
#6630=VERTEX_POINT('',#6620);
#6640=EDGE_CURVE('',#6550,#6630,#6610,.T.);
#6650=ORIENTED_EDGE('',*,*,#6640,.F.);
#6660=CARTESIAN_POINT('',(15.4000000000011,-0.100000000008084,
22.0000000000053));
#6670=DIRECTION('',(4.27297086602607E-14,-1.,6.16889227882831E-27));
#6680=VECTOR('',#6670,1.);
#6690=LINE('',#6660,#6680);
#6700=CARTESIAN_POINT('',(15.4000000000012,-1.00000023064744,
22.0000000000052));
#6710=VERTEX_POINT('',#6700);
#6720=EDGE_CURVE('',#6630,#6710,#6690,.T.);
#6730=ORIENTED_EDGE('',*,*,#6720,.F.);
#6740=CARTESIAN_POINT('',(-1.26476606965298E-12,-9.89119437616958,
22.000000000003));
#6750=DIRECTION('',(-0.866025403784426,-0.500000000000022,
-1.25871535416877E-13));
#6760=VECTOR('',#6750,1.);
#6770=LINE('',#6740,#6760);
#6780=CARTESIAN_POINT('',(15.0767949192459,-1.18660277102497,
22.0000000000052));
#6790=VERTEX_POINT('',#6780);
#6800=EDGE_CURVE('',#6710,#6790,#6770,.T.);
#6810=ORIENTED_EDGE('',*,*,#6800,.F.);
#6820=CARTESIAN_POINT('',(-1.26476606965298E-12,-5.22641779408685,
22.000000000003));
#6830=DIRECTION('',(-0.965925826289069,-0.258819045102518,
-1.40387701463851E-13));
#6840=VECTOR('',#6830,1.);
#6850=LINE('',#6820,#6840);
#6860=CARTESIAN_POINT('',(14.1344645107255,-1.43909944299128,
22.0000000000051));
#6870=VERTEX_POINT('',#6860);
#6880=EDGE_CURVE('',#6790,#6870,#6850,.T.);
#6890=ORIENTED_EDGE('',*,*,#6880,.F.);
#6900=CARTESIAN_POINT('',(-1.26476606965298E-12,3.7540487211527,
22.000000000003));
#6910=DIRECTION('',(0.938650501271657,-0.344869883379903,
1.36418654150816E-13));
#6920=VECTOR('',#6910,1.);
#6930=LINE('',#6900,#6920);
#6940=CARTESIAN_POINT('',(14.1475503714487,-1.44390732329966,
22.0000000000051));
#6950=VERTEX_POINT('',#6940);
#6960=EDGE_CURVE('',#6870,#6950,#6930,.T.);
#6970=ORIENTED_EDGE('',*,*,#6960,.F.);
#6980=CARTESIAN_POINT('',(14.3610949115085,-1.89601210032666,
22.0000000000051));
#6990=DIRECTION('',(-1.45325078413766E-13,-3.55943784230514E-29,1.));
#7000=DIRECTION('',(1.,1.2246467991471E-16,1.45325078413766E-13));
#7010=AXIS2_PLACEMENT_3D('',#6980,#6990,#7000);
#7020=CIRCLE('',#7010,0.5);
#7030=CARTESIAN_POINT('',(14.0075415209153,-1.54245870973338,
22.000000000005));
#7040=VERTEX_POINT('',#7030);
#7050=EDGE_CURVE('',#6950,#7040,#7020,.T.);
#7060=ORIENTED_EDGE('',*,*,#7050,.F.);
#7070=CARTESIAN_POINT('',(15.4500002306406,-0.100000000008084,
22.0000000000053));
#7080=DIRECTION('',(-0.707106781186547,-0.707106781186548,
-1.02751140929058E-13));
#7090=VECTOR('',#7080,1.);
#7100=LINE('',#7070,#7090);
#7110=CARTESIAN_POINT('',(12.7500000000012,-2.80000023064752,
22.0000000000049));
#7120=VERTEX_POINT('',#7110);
#7130=EDGE_CURVE('',#7040,#7120,#7100,.T.);
#7140=ORIENTED_EDGE('',*,*,#7130,.F.);
#7150=CARTESIAN_POINT('',(12.7500000000012,-0.100000000008084,
22.0000000000049));
#7160=DIRECTION('',(6.69535286834775E-17,-1.,-2.58721725009204E-29));
#7170=VECTOR('',#7160,1.);
#7180=LINE('',#7150,#7170);
#7190=CARTESIAN_POINT('',(12.7500000000012,-4.45000023065598,
22.0000000000049));
#7200=VERTEX_POINT('',#7190);
#7210=EDGE_CURVE('',#7120,#7200,#7180,.T.);
#7220=ORIENTED_EDGE('',*,*,#7210,.F.);
#7230=CARTESIAN_POINT('',(9.70409704728754,-0.100000000008084,
22.0000000000044));
#7240=DIRECTION('',(0.573576436351046,-0.819152044288992,
8.33499935737336E-14));
#7250=VECTOR('',#7240,1.);
#7260=LINE('',#7230,#7250);
#7270=CARTESIAN_POINT('',(14.4304980917032,-6.85000023065422,
22.0000000000051));
#7280=VERTEX_POINT('',#7270);
#7290=EDGE_CURVE('',#7200,#7280,#7260,.T.);
#7300=ORIENTED_EDGE('',*,*,#7290,.F.);
#7310=CARTESIAN_POINT('',(-1.26476606965298E-12,-6.85000023065422,
22.000000000003));
#7320=DIRECTION('',(1.,1.22464679914659E-16,1.45325078413766E-13));
#7330=VECTOR('',#7320,1.);
#7340=LINE('',#7310,#7330);
#7350=CARTESIAN_POINT('',(15.5000000000103,-6.85000023065422,
22.0000000000053));
#7360=VERTEX_POINT('',#7350);
#7370=EDGE_CURVE('',#7280,#7360,#7340,.T.);
#7380=ORIENTED_EDGE('',*,*,#7370,.F.);
#7390=CARTESIAN_POINT('',(-1.26476606965298E-12,-22.3500002306656,
22.000000000003));
#7400=DIRECTION('',(0.707106781186551,0.707106781186544,
1.02751140929058E-13));
#7410=VECTOR('',#7400,1.);
#7420=LINE('',#7390,#7410);
#7430=CARTESIAN_POINT('',(27.5000000000161,5.14999976935151,
22.000000000007));
#7440=VERTEX_POINT('',#7430);
#7450=EDGE_CURVE('',#7360,#7440,#7420,.T.);
#7460=ORIENTED_EDGE('',*,*,#7450,.F.);
#7470=CARTESIAN_POINT('',(27.5000000000161,-0.100000000008084,
22.000000000007));
#7480=DIRECTION('',(-1.22464679914735E-16,1.,1.78110001256932E-29));
#7490=VECTOR('',#7480,1.);
#7500=LINE('',#7470,#7490);
#7510=CARTESIAN_POINT('',(27.5000000000161,10.7397291597672,
22.000000000007));
#7520=VERTEX_POINT('',#7510);
#7530=EDGE_CURVE('',#7440,#7520,#7500,.T.);
#7540=ORIENTED_EDGE('',*,*,#7530,.F.);
#7550=CARTESIAN_POINT('',(16.6602708402408,-0.100000000008084,
22.0000000000054));
#7560=DIRECTION('',(0.707106781186548,0.707106781186548,
1.02751140929058E-13));
#7570=VECTOR('',#7560,1.);
#7580=LINE('',#7550,#7570);
#7590=CARTESIAN_POINT('',(28.500000000016,11.7397291597671,
22.0000000000072));
#7600=VERTEX_POINT('',#7590);
#7610=EDGE_CURVE('',#7520,#7600,#7580,.T.);
#7620=ORIENTED_EDGE('',*,*,#7610,.F.);
#7630=CARTESIAN_POINT('',(28.5000000000168,-0.100000000008084,
22.0000000000072));
#7640=DIRECTION('',(-7.06522810900895E-14,1.,-1.02236373316643E-26));
#7650=VECTOR('',#7640,1.);
#7660=LINE('',#7630,#7650);
#7670=CARTESIAN_POINT('',(28.5000000000139,40.7155687094406,
22.0000000000072));
#7680=VERTEX_POINT('',#7670);
#7690=EDGE_CURVE('',#7600,#7680,#7660,.T.);
#7700=ORIENTED_EDGE('',*,*,#7690,.F.);
#7710=CARTESIAN_POINT('',(-1.26476606965298E-12,69.2155687094535,
22.000000000003));
#7720=DIRECTION('',(-0.707106781186575,0.70710678118652,
-1.02751140929058E-13));
#7730=VECTOR('',#7720,1.);
#7740=LINE('',#7710,#7730);
#7750=CARTESIAN_POINT('',(27.5000000000029,41.7155687094515,
22.000000000007));
#7760=VERTEX_POINT('',#7750);
#7770=EDGE_CURVE('',#7680,#7760,#7740,.T.);
#7780=ORIENTED_EDGE('',*,*,#7770,.F.);
#7790=CARTESIAN_POINT('',(27.5000000000029,-0.100000000008084,
22.000000000007));
#7800=DIRECTION('',(-1.22464679914735E-16,1.,1.78110001256932E-29));
#7810=VECTOR('',#7800,1.);
#7820=LINE('',#7790,#7810);
#7830=CARTESIAN_POINT('',(27.5000000000029,50.0000000000357,
22.000000000007));
#7840=VERTEX_POINT('',#7830);
#7850=EDGE_CURVE('',#7760,#7840,#7820,.T.);
#7860=ORIENTED_EDGE('',*,*,#7850,.F.);
#7870=CARTESIAN_POINT('',(-1.26476606965298E-12,77.500000000037,
22.000000000003));
#7880=DIRECTION('',(-0.707106781186585,0.70710678118651,
-1.02778896504674E-13));
#7890=VECTOR('',#7880,1.);
#7900=LINE('',#7870,#7890);
#7910=CARTESIAN_POINT('',(25.9170557472438,51.5829442527947,
22.0000000000068));
#7920=VERTEX_POINT('',#7910);
#7930=EDGE_CURVE('',#7840,#7920,#7900,.T.);
#7940=ORIENTED_EDGE('',*,*,#7930,.F.);
#7950=CARTESIAN_POINT('',(-1.26476606965298E-12,41.4904614265564,
22.000000000003));
#7960=DIRECTION('',(-0.931839057155939,-0.362871839026855,
-1.35419453428653E-13));
#7970=VECTOR('',#7960,1.);
#7980=LINE('',#7950,#7970);
#7990=CARTESIAN_POINT('',(23.7744848352547,50.748595615969,
22.0000000000065));
#8000=VERTEX_POINT('',#7990);
#8010=EDGE_CURVE('',#7920,#8000,#7980,.T.);
#8020=ORIENTED_EDGE('',*,*,#8010,.F.);
#8030=CARTESIAN_POINT('',(-1.26476606965298E-12,74.523080451225,
22.000000000003));
#8040=DIRECTION('',(0.707106781186548,-0.707106781186547,
1.02778896504674E-13));
#8050=VECTOR('',#8040,1.);
#8060=LINE('',#8030,#8050);
#8070=CARTESIAN_POINT('',(24.1477654210998,50.3753150301238,
22.0000000000065));
#8080=VERTEX_POINT('',#8070);
#8090=EDGE_CURVE('',#8000,#8080,#8060,.T.);
#8100=ORIENTED_EDGE('',*,*,#8090,.F.);
#8110=CARTESIAN_POINT('',(-26.3275496090321,-0.100000000008084,
21.9999999999992));
#8120=DIRECTION('',(-0.707106781186547,-0.707106781186548,
-1.02778896504674E-13));
#8130=VECTOR('',#8120,1.);
#8140=LINE('',#8110,#8130);
#8150=CARTESIAN_POINT('',(23.3911611652306,49.6187107742546,
22.0000000000064));
#8160=VERTEX_POINT('',#8150);
#8170=EDGE_CURVE('',#8080,#8160,#8140,.T.);
#8180=ORIENTED_EDGE('',*,*,#8170,.F.);
#8190=CARTESIAN_POINT('',(-1.26476606965298E-12,73.0098719394837,
22.000000000003));
#8200=DIRECTION('',(-0.707106781186589,0.707106781186506,
-1.02778896504674E-13));
#8210=VECTOR('',#8200,1.);
#8220=LINE('',#8190,#8210);
#8230=CARTESIAN_POINT('',(18.9187107742254,54.0911611652592,
22.0000000000058));
#8240=VERTEX_POINT('',#8230);
#8250=EDGE_CURVE('',#8160,#8240,#8220,.T.);
#8260=ORIENTED_EDGE('',*,*,#8250,.F.);
#8270=CARTESIAN_POINT('',(-1.26476606965298E-12,35.1724503910325,
22.000000000003));
#8280=DIRECTION('',(0.707106781186548,0.707106781186547,
1.02778896504674E-13));
#8290=VECTOR('',#8280,1.);
#8300=LINE('',#8270,#8290);
#8310=CARTESIAN_POINT('',(19.675315030095,54.8477654211288,
22.0000000000059));
#8320=VERTEX_POINT('',#8310);
#8330=EDGE_CURVE('',#8240,#8320,#8300,.T.);
#8340=ORIENTED_EDGE('',*,*,#8330,.F.);
#8350=CARTESIAN_POINT('',(-1.26476606965298E-12,74.5230804512251,
22.000000000003));
#8360=DIRECTION('',(0.707106781186548,-0.707106781186547,
1.02778896504674E-13));
#8370=VECTOR('',#8360,1.);
#8380=LINE('',#8350,#8370);
#8390=CARTESIAN_POINT('',(20.0485956159591,54.4744848352648,
22.0000000000059));
#8400=VERTEX_POINT('',#8390);
#8410=EDGE_CURVE('',#8320,#8400,#8380,.T.);
#8420=ORIENTED_EDGE('',*,*,#8410,.F.);
#8430=CARTESIAN_POINT('',(-1.20351173454255,-0.100000000008084,
22.0000000000028));
#8440=DIRECTION('',(0.362871839026052,0.931839057156251,
5.27355936696949E-14));
#8450=VECTOR('',#8440,1.);
#8460=LINE('',#8430,#8450);
#8470=CARTESIAN_POINT('',(20.8829442527769,56.6170557472395,
22.000000000006));
#8480=VERTEX_POINT('',#8470);
#8490=EDGE_CURVE('',#8400,#8480,#8460,.T.);
#8500=ORIENTED_EDGE('',*,*,#8490,.F.);
#8510=CARTESIAN_POINT('',(77.6000000000111,-0.100000000008084,
22.0000000000143));
#8520=DIRECTION('',(-0.707106781186464,0.707106781186631,
-1.02778896504674E-13));
#8530=VECTOR('',#8520,1.);
#8540=LINE('',#8510,#8530);
#8550=CARTESIAN_POINT('',(19.3000000000029,58.2000000000138,
22.0000000000058));
#8560=VERTEX_POINT('',#8550);
#8570=EDGE_CURVE('',#8480,#8560,#8540,.T.);
#8580=ORIENTED_EDGE('',*,*,#8570,.F.);
#8590=CARTESIAN_POINT('',(-1.26476606965298E-12,58.2000000000138,
22.000000000003));
#8600=DIRECTION('',(-1.,0.,-1.45325078413766E-13));
#8610=VECTOR('',#8600,1.);
#8620=LINE('',#8590,#8610);
#8630=CARTESIAN_POINT('',(7.25000000000674,58.2000000000138,
22.0000000000041));
#8640=VERTEX_POINT('',#8630);
#8650=EDGE_CURVE('',#8560,#8640,#8620,.T.);
#8660=ORIENTED_EDGE('',*,*,#8650,.F.);
#8670=CARTESIAN_POINT('',(-31.6166666666747,-0.100000000008084,
21.9999999999984));
#8680=DIRECTION('',(-0.55470019622523,-0.832050294337843,
-8.06021915877864E-14));
#8690=VECTOR('',#8680,1.);
#8700=LINE('',#8670,#8690);
#8710=CARTESIAN_POINT('',(4.25000000000025,53.7000000000041,
22.0000000000036));
#8720=VERTEX_POINT('',#8710);
#8730=EDGE_CURVE('',#8640,#8720,#8700,.T.);
#8740=ORIENTED_EDGE('',*,*,#8730,.F.);
#8750=CARTESIAN_POINT('',(4.25000000000022,-0.100000000008084,
22.0000000000036));
#8760=DIRECTION('',(5.17079133335858E-42,-1.,-3.55943784230514E-29));
#8770=VECTOR('',#8760,1.);
#8780=LINE('',#8750,#8770);
#8790=CARTESIAN_POINT('',(4.25000000000022,43.9254545830311,
22.0000000000036));
#8800=VERTEX_POINT('',#8790);
#8810=EDGE_CURVE('',#8720,#8800,#8780,.T.);
#8820=ORIENTED_EDGE('',*,*,#8810,.F.);
#8830=CARTESIAN_POINT('',(-1.26476606965298E-12,43.925454583031,
22.000000000003));
#8840=DIRECTION('',(-1.,0.,-1.45325078413766E-13));
#8850=VECTOR('',#8840,1.);
#8860=LINE('',#8830,#8850);
#8870=CARTESIAN_POINT('',(-8.44999999999445,43.9254545830311,
22.0000000000018));
#8880=VERTEX_POINT('',#8870);
#8890=EDGE_CURVE('',#8800,#8880,#8860,.T.);
#8900=ORIENTED_EDGE('',*,*,#8890,.F.);
#8910=CARTESIAN_POINT('',(-8.44999999999445,-0.100000000008084,
22.0000000000018));
#8920=DIRECTION('',(-5.17079133335858E-42,1.,3.55943784230514E-29));
#8930=VECTOR('',#8920,1.);
#8940=LINE('',#8910,#8930);
#8950=CARTESIAN_POINT('',(-8.44999999999448,53.7000000000041,
22.0000000000018));
#8960=VERTEX_POINT('',#8950);
#8970=EDGE_CURVE('',#8880,#8960,#8940,.T.);
#8980=ORIENTED_EDGE('',*,*,#8970,.F.);
#8990=CARTESIAN_POINT('',(27.4166666666804,-0.100000000008084,
22.000000000007));
#9000=DIRECTION('',(-0.55470019622523,0.832050294337843,
-8.06021915877864E-14));
#9010=VECTOR('',#9000,1.);
#9020=LINE('',#8990,#9010);
#9030=CARTESIAN_POINT('',(-11.450000000001,58.2000000000138,
22.0000000000013));
#9040=VERTEX_POINT('',#9030);
#9050=EDGE_CURVE('',#8960,#9040,#9020,.T.);
#9060=ORIENTED_EDGE('',*,*,#9050,.F.);
#9070=CARTESIAN_POINT('',(-1.26476606965298E-12,58.2000000000138,
22.000000000003));
#9080=DIRECTION('',(-1.,0.,-1.45325078413766E-13));
#9090=VECTOR('',#9080,1.);
#9100=LINE('',#9070,#9090);
#9110=CARTESIAN_POINT('',(-23.5000000000147,58.2000000000138,
21.9999999999996));
#9120=VERTEX_POINT('',#9110);
#9130=EDGE_CURVE('',#9040,#9120,#9100,.T.);
#9140=ORIENTED_EDGE('',*,*,#9130,.F.);
#9150=CARTESIAN_POINT('',(-81.8000000000229,-0.100000000008084,
21.9999999999911));
#9160=DIRECTION('',(-0.707106781186464,-0.707106781186631,
-1.02778896504674E-13));
#9170=VECTOR('',#9160,1.);
#9180=LINE('',#9150,#9170);
#9190=CARTESIAN_POINT('',(-25.0829442527711,56.6170557472571,
21.9999999999994));
#9200=VERTEX_POINT('',#9190);
#9210=EDGE_CURVE('',#9120,#9200,#9180,.T.);
#9220=ORIENTED_EDGE('',*,*,#9210,.F.);
#9230=CARTESIAN_POINT('',(-2.99648826544482,-0.100000000008084,
22.0000000000026));
#9240=DIRECTION('',(0.362871839026052,-0.931839057156251,
5.27355936696949E-14));
#9250=VECTOR('',#9240,1.);
#9260=LINE('',#9230,#9250);
#9270=CARTESIAN_POINT('',(-24.2485956159533,54.4744848352825,
21.9999999999995));
#9280=VERTEX_POINT('',#9270);
#9290=EDGE_CURVE('',#9200,#9280,#9260,.T.);
#9300=ORIENTED_EDGE('',*,*,#9290,.F.);
#9310=CARTESIAN_POINT('',(-1.26476606965298E-12,78.7230804512344,
22.000000000003));
#9320=DIRECTION('',(0.707106781186548,0.707106781186547,
1.02778896504674E-13));
#9330=VECTOR('',#9320,1.);
#9340=LINE('',#9310,#9330);
#9350=CARTESIAN_POINT('',(-23.8753150301069,54.8477654211288,
21.9999999999995));
#9360=VERTEX_POINT('',#9350);
#9370=EDGE_CURVE('',#9280,#9360,#9340,.T.);
#9380=ORIENTED_EDGE('',*,*,#9370,.F.);
#9390=CARTESIAN_POINT('',(31.07245039103,-0.100000000008084,
22.0000000000075));
#9400=DIRECTION('',(0.707106781186547,-0.707106781186548,
1.02778896504674E-13));
#9410=VECTOR('',#9400,1.);
#9420=LINE('',#9390,#9410);
#9430=CARTESIAN_POINT('',(-23.1187107742284,54.0911611652503,
21.9999999999996));
#9440=VERTEX_POINT('',#9430);
#9450=EDGE_CURVE('',#9360,#9440,#9420,.T.);
#9460=ORIENTED_EDGE('',*,*,#9450,.F.);
#9470=CARTESIAN_POINT('',(-1.26476606965298E-12,77.2098719394746,
22.000000000003));
#9480=DIRECTION('',(-0.707106781186589,-0.707106781186506,
-1.02778896504674E-13));
#9490=VECTOR('',#9480,1.);
#9500=LINE('',#9470,#9490);
#9510=CARTESIAN_POINT('',(-27.5911611652247,49.6187107742545,
21.999999999999));
#9520=VERTEX_POINT('',#9510);
#9530=EDGE_CURVE('',#9440,#9520,#9500,.T.);
#9540=ORIENTED_EDGE('',*,*,#9530,.F.);
#9550=CARTESIAN_POINT('',(22.1275496090379,-0.100000000008084,
22.0000000000062));
#9560=DIRECTION('',(-0.707106781186547,0.707106781186548,
-1.02778896504674E-13));
#9570=VECTOR('',#9560,1.);
#9580=LINE('',#9550,#9570);
#9590=CARTESIAN_POINT('',(-28.347765421094,50.3753150301238,
21.9999999999989));
#9600=VERTEX_POINT('',#9590);
#9610=EDGE_CURVE('',#9520,#9600,#9580,.T.);
#9620=ORIENTED_EDGE('',*,*,#9610,.F.);
#9630=CARTESIAN_POINT('',(-1.26476606965298E-12,78.7230804512166,
22.000000000003));
#9640=DIRECTION('',(0.707106781186548,0.707106781186547,
1.02778896504674E-13));
#9650=VECTOR('',#9640,1.);
#9660=LINE('',#9630,#9650);
#9670=CARTESIAN_POINT('',(-27.9744848352358,50.748595615982,
21.9999999999989));
#9680=VERTEX_POINT('',#9670);
#9690=EDGE_CURVE('',#9600,#9680,#9660,.T.);
#9700=ORIENTED_EDGE('',*,*,#9690,.F.);
#9710=CARTESIAN_POINT('',(-1.26476606965298E-12,39.8549196318773,
22.000000000003));
#9720=DIRECTION('',(-0.931839057155939,0.362871839026855,
-1.35419453428653E-13));
#9730=VECTOR('',#9720,1.);
#9740=LINE('',#9710,#9730);
#9750=CARTESIAN_POINT('',(-30.1170557472222,51.5829442528066,
21.9999999999986));
#9760=VERTEX_POINT('',#9750);
#9770=EDGE_CURVE('',#9680,#9760,#9740,.T.);
#9780=ORIENTED_EDGE('',*,*,#9770,.F.);
#9790=CARTESIAN_POINT('',(-1.26476606965298E-12,81.7000000000244,
22.000000000003));
#9800=DIRECTION('',(-0.707106781186585,-0.70710678118651,
-1.02778896504674E-13));
#9810=VECTOR('',#9800,1.);
#9820=LINE('',#9790,#9810);
#9830=CARTESIAN_POINT('',(-31.7000000000093,50.0000000000197,
21.9999999999984));
#9840=VERTEX_POINT('',#9830);
#9850=EDGE_CURVE('',#9760,#9840,#9820,.T.);
#9860=ORIENTED_EDGE('',*,*,#9850,.F.);
#9870=CARTESIAN_POINT('',(-31.7000000000093,-0.100000000008084,
21.9999999999984));
#9880=DIRECTION('',(-1.22464679914735E-16,-1.,-5.33836965705032E-29));
#9890=VECTOR('',#9880,1.);
#9900=LINE('',#9870,#9890);
#9910=CARTESIAN_POINT('',(-31.7000000000093,41.7155687094376,
21.9999999999984));
#9920=VERTEX_POINT('',#9910);
#9930=EDGE_CURVE('',#9840,#9920,#9900,.T.);
#9940=ORIENTED_EDGE('',*,*,#9930,.F.);
#9950=CARTESIAN_POINT('',(-1.26476606965298E-12,73.4155687094432,
22.000000000003));
#9960=DIRECTION('',(-0.707106781186575,-0.70710678118652,
-1.02751140929058E-13));
#9970=VECTOR('',#9960,1.);
#9980=LINE('',#9950,#9970);
#9990=CARTESIAN_POINT('',(-32.7000000000064,40.7155687094406,
21.9999999999983));
#10000=VERTEX_POINT('',#9990);
#10010=EDGE_CURVE('',#9920,#10000,#9980,.T.);
#10020=ORIENTED_EDGE('',*,*,#10010,.F.);
#10030=CARTESIAN_POINT('',(-32.7000000000093,-0.100000000008084,
21.9999999999983));
#10040=DIRECTION('',(-7.06522810900895E-14,-1.,-1.02993679785655E-26));
#10050=VECTOR('',#10040,1.);
#10060=LINE('',#10030,#10050);
#10070=CARTESIAN_POINT('',(-32.7000000000085,11.7397291597671,
21.9999999999983));
#10080=VERTEX_POINT('',#10070);
#10090=EDGE_CURVE('',#10000,#10080,#10060,.T.);
#10100=ORIENTED_EDGE('',*,*,#10090,.F.);
#10110=CARTESIAN_POINT('',(-20.8602708402333,-0.100000000008084,22.));
#10120=DIRECTION('',(0.707106781186548,-0.707106781186548,
1.02751140929058E-13));
#10130=VECTOR('',#10120,1.);
#10140=LINE('',#10110,#10130);
#10150=CARTESIAN_POINT('',(-31.8816267047405,10.9213558644984,
21.9999999999984));
#10160=VERTEX_POINT('',#10150);
#10170=EDGE_CURVE('',#10080,#10160,#10140,.T.);
#10180=ORIENTED_EDGE('',*,*,#10170,.F.);
#10190=CARTESIAN_POINT('',(-27.8701812288049,-0.100000000008084,
21.999999999999));
#10200=DIRECTION('',(0.342020143325669,-0.939692620785908,
4.97102359275914E-14));
#10210=VECTOR('',#10200,1.);
#10220=LINE('',#10190,#10210);
#10230=CARTESIAN_POINT('',(-30.1428215197845,6.14402788200132,
21.9999999999986));
#10240=VERTEX_POINT('',#10230);
#10250=EDGE_CURVE('',#10160,#10240,#10220,.T.);
#10260=ORIENTED_EDGE('',*,*,#10250,.F.);
#10270=CARTESIAN_POINT('',(-1.26476606965298E-12,6.14402788200132,
22.000000000003));
#10280=DIRECTION('',(1.,0.,1.45325078413766E-13));
#10290=VECTOR('',#10280,1.);
#10300=LINE('',#10270,#10290);
#10310=CARTESIAN_POINT('',(-23.3682820568013,6.14402788200132,
21.9999999999996));
#10320=VERTEX_POINT('',#10310);
#10330=EDGE_CURVE('',#10240,#10320,#10300,.T.);
#10340=ORIENTED_EDGE('',*,*,#10330,.F.);
#10350=CARTESIAN_POINT('',(4.18807884552776,-5.20000023064853,
22.0000000000036));
#10360=DIRECTION('',(-1.45325078413766E-13,-3.55943784230514E-29,1.));
#10370=DIRECTION('',(1.,-5.17275583541921E-42,1.45325078413766E-13));
#10380=AXIS2_PLACEMENT_3D('',#10350,#10360,#10370);
#10390=CIRCLE('',#10380,29.8);
#10400=CARTESIAN_POINT('',(-25.60248174,-4.45000023064853,
21.9999999999993));
#10410=VERTEX_POINT('',#10400);
#10420=EDGE_CURVE('',#10320,#10410,#10390,.T.);
#10430=ORIENTED_EDGE('',*,*,#10420,.F.);
#10440=CARTESIAN_POINT('',(-1.26476606965298E-12,-4.45000023064853,
22.000000000003));
#10450=DIRECTION('',(-1.,0.,-1.45325078413766E-13));
#10460=VECTOR('',#10450,1.);
#10470=LINE('',#10440,#10460);
#10480=CARTESIAN_POINT('',(-29.4018854217509,-4.45000023064853,
21.9999999999987));
#10490=VERTEX_POINT('',#10480);
#10500=EDGE_CURVE('',#10410,#10490,#10470,.T.);
#10510=ORIENTED_EDGE('',*,*,#10500,.F.);
#10520=CARTESIAN_POINT('',(-29.4018854217509,-3.95000023064853,
21.9999999999987));
#10530=DIRECTION('',(-1.45325078413766E-13,-3.55943784230514E-29,1.));
#10540=DIRECTION('',(1.,0.,1.45325078413766E-13));
#10550=AXIS2_PLACEMENT_3D('',#10520,#10530,#10540);
#10560=CIRCLE('',#10550,0.499999999999999);
#10570=CARTESIAN_POINT('',(-29.5312949443022,-3.467037317504,
21.9999999999987));
#10580=VERTEX_POINT('',#10570);
#10590=EDGE_CURVE('',#10580,#10490,#10560,.T.);
#10600=ORIENTED_EDGE('',*,*,#10590,.T.);
#10610=CARTESIAN_POINT('',(-1.26476606965298E-12,4.44584931426673,
22.000000000003));
#10620=DIRECTION('',(0.965925826289068,0.258819045102521,
1.40359945888235E-13));
#10630=VECTOR('',#10620,1.);
#10640=LINE('',#10610,#10630);
#10650=CARTESIAN_POINT('',(-28.6818442431285,-3.23942768811447,
21.9999999999988));
#10660=VERTEX_POINT('',#10650);
#10670=EDGE_CURVE('',#10580,#10660,#10640,.T.);
#10680=ORIENTED_EDGE('',*,*,#10670,.F.);
#10690=CARTESIAN_POINT('',(-28.8241947179349,-2.70816848365548,
21.9999999999988));
#10700=DIRECTION('',(-1.45325078413766E-13,-3.55943784230514E-29,1.));
#10710=DIRECTION('',(1.,1.27447352890596E-57,1.45325078413766E-13));
#10720=AXIS2_PLACEMENT_3D('',#10690,#10700,#10710);
#10730=CIRCLE('',#10720,0.55);
#10740=CARTESIAN_POINT('',(-28.6818442431285,-2.17690927919648,
21.9999999999988));
#10750=VERTEX_POINT('',#10740);
#10760=EDGE_CURVE('',#10660,#10750,#10730,.T.);
#10770=ORIENTED_EDGE('',*,*,#10760,.F.);
#10780=CARTESIAN_POINT('',(-1.26476606965298E-12,-9.86218628157768,
22.000000000003));
#10790=DIRECTION('',(-0.965925826289068,0.258819045102521,
-1.40359945888235E-13));
#10800=VECTOR('',#10790,1.);
#10810=LINE('',#10780,#10800);
#10820=CARTESIAN_POINT('',(-29.9018854217509,-1.8500002306519,
21.9999999999987));
#10830=VERTEX_POINT('',#10820);
#10840=EDGE_CURVE('',#10750,#10830,#10810,.T.);
#10850=ORIENTED_EDGE('',*,*,#10840,.F.);
#10860=CARTESIAN_POINT('',(-30.9018854217509,-1.8500002306519,
21.9999999999985));
#10870=DIRECTION('',(-1.45325078413766E-13,-3.55943784230514E-29,1.));
#10880=DIRECTION('',(1.,-5.17275583541921E-42,1.45325078413766E-13));
#10890=AXIS2_PLACEMENT_3D('',#10860,#10870,#10880);
#10900=CIRCLE('',#10890,1.);
#10910=CARTESIAN_POINT('',(-30.9018854217509,-0.850000230651901,
21.9999999999985));
#10920=VERTEX_POINT('',#10910);
#10930=EDGE_CURVE('',#10830,#10920,#10900,.T.);
#10940=ORIENTED_EDGE('',*,*,#10930,.F.);
#10950=CARTESIAN_POINT('',(-1.26476606965298E-12,-0.850000230651901,
22.000000000003));
#10960=DIRECTION('',(-1.,0.,-1.45325078413766E-13));
#10970=VECTOR('',#10960,1.);
#10980=LINE('',#10950,#10970);
#10990=CARTESIAN_POINT('',(-33.7000000000102,-0.850000230651901,
21.9999999999981));
#11000=VERTEX_POINT('',#10990);
#11010=EDGE_CURVE('',#10920,#11000,#10980,.T.);
#11020=ORIENTED_EDGE('',*,*,#11010,.F.);
#11030=CARTESIAN_POINT('',(-33.7000000000102,-1.8500002306519,
21.9999999999981));
#11040=DIRECTION('',(-1.45325078413766E-13,-3.55943784230514E-29,1.));
#11050=DIRECTION('',(1.,-5.17275583541921E-42,1.45325078413766E-13));
#11060=AXIS2_PLACEMENT_3D('',#11030,#11040,#11050);
#11070=CIRCLE('',#11060,1.);
#11080=CARTESIAN_POINT('',(-34.7000000000102,-1.8500002306519,
21.999999999998));
#11090=VERTEX_POINT('',#11080);
#11100=EDGE_CURVE('',#11000,#11090,#11070,.T.);
#11110=ORIENTED_EDGE('',*,*,#11100,.F.);
#11120=CARTESIAN_POINT('',(-34.7000000000102,-0.100000000008084,
21.999999999998));
#11130=DIRECTION('',(-2.80259692864963E-45,-1.,-3.55943784230514E-29));
#11140=VECTOR('',#11130,1.);
#11150=LINE('',#11120,#11140);
#11160=CARTESIAN_POINT('',(-34.7000000000102,-6.85000023064853,
21.999999999998));
#11170=VERTEX_POINT('',#11160);
#11180=EDGE_CURVE('',#11090,#11170,#11150,.T.);
#11190=ORIENTED_EDGE('',*,*,#11180,.F.);
#11200=CARTESIAN_POINT('',(-1.26476606965298E-12,-6.85000023064853,
22.000000000003));
#11210=DIRECTION('',(1.,0.,1.45325078413766E-13));
#11220=VECTOR('',#11210,1.);
#11230=LINE('',#11200,#11220);
#11240=CARTESIAN_POINT('',(-20.884060571959,-6.85000023064853,22.));
#11250=VERTEX_POINT('',#11240);
#11260=EDGE_CURVE('',#11170,#11250,#11230,.T.);
#11270=ORIENTED_EDGE('',*,*,#11260,.F.);
#11280=CARTESIAN_POINT('',(-27.9499999999473,-0.500000230648531,
21.9999999999989));
#11290=DIRECTION('',(-1.45325078413766E-13,-3.55943784230514E-29,1.));
#11300=DIRECTION('',(1.,-5.17275583541921E-42,1.45325078413766E-13));
#11310=AXIS2_PLACEMENT_3D('',#11280,#11290,#11300);
#11320=CIRCLE('',#11310,9.5);
#11330=CARTESIAN_POINT('',(-19.9699999999056,-5.65457101775919,
22.0000000000001));
#11340=VERTEX_POINT('',#11330);
#11350=EDGE_CURVE('',#11250,#11340,#11320,.T.);
#11360=ORIENTED_EDGE('',*,*,#11350,.F.);
#11370=CARTESIAN_POINT('',(-25.8499999999474,-1.8564662272737,
21.9999999999993));
#11380=DIRECTION('',(-1.45325078413766E-13,-3.55943784230514E-29,1.));
#11390=DIRECTION('',(1.,-5.17275583541921E-42,1.45325078413766E-13));
#11400=AXIS2_PLACEMENT_3D('',#11370,#11380,#11390);
#11410=CIRCLE('',#11400,7.);
#11420=CARTESIAN_POINT('',(-18.8499999999474,-1.85646622727938,
22.0000000000003));
#11430=VERTEX_POINT('',#11420);
#11440=EDGE_CURVE('',#11340,#11430,#11410,.T.);
#11450=ORIENTED_EDGE('',*,*,#11440,.F.);
#11460=CARTESIAN_POINT('',(-18.8499999999474,-0.100000000008084,
22.0000000000003));
#11470=DIRECTION('',(-5.17079133335858E-42,1.,3.55943784230514E-29));
#11480=VECTOR('',#11470,1.);
#11490=LINE('',#11460,#11480);
#11500=CARTESIAN_POINT('',(-18.8499999999474,-1.02057736724145,
22.0000000000003));
#11510=VERTEX_POINT('',#11500);
#11520=EDGE_CURVE('',#11430,#11510,#11490,.T.);
#11530=ORIENTED_EDGE('',*,*,#11520,.F.);
#11540=CARTESIAN_POINT('',(-1.26476606965298E-12,-6.07141964455368,
22.000000000003));
#11550=DIRECTION('',(-0.965925826289068,0.258819045102521,
-1.40387701463851E-13));
#11560=VECTOR('',#11550,1.);
#11570=LINE('',#11540,#11560);
#11580=CARTESIAN_POINT('',(-19.2999999999474,-0.900000230647444,
22.0000000000002));
#11590=VERTEX_POINT('',#11580);
#11600=EDGE_CURVE('',#11510,#11590,#11570,.T.);
#11610=ORIENTED_EDGE('',*,*,#11600,.F.);
#11620=CARTESIAN_POINT('',(-19.2999999999474,-0.100000000008084,
22.0000000000002));
#11630=DIRECTION('',(2.80259692864963E-45,1.,3.55943784230514E-29));
#11640=VECTOR('',#11630,1.);
#11650=LINE('',#11620,#11640);
#11660=CARTESIAN_POINT('',(-19.2999999999473,-0.30000023064852,
22.0000000000002));
#11670=VERTEX_POINT('',#11660);
#11680=EDGE_CURVE('',#11590,#11670,#11650,.T.);
#11690=ORIENTED_EDGE('',*,*,#11680,.F.);
#11700=CARTESIAN_POINT('',(-10.9999999999473,-0.300000230648521,
22.0000000000014));
#11710=DIRECTION('',(-1.45325078413766E-13,-3.55943784230514E-29,1.));
#11720=DIRECTION('',(1.,-5.17275583541921E-42,1.45325078413766E-13));
#11730=AXIS2_PLACEMENT_3D('',#11700,#11710,#11720);
#11740=CIRCLE('',#11730,8.3);
#11750=CARTESIAN_POINT('',(-18.3351716529498,3.58397412830257,
22.0000000000003));
#11760=VERTEX_POINT('',#11750);
#11770=EDGE_CURVE('',#11760,#11670,#11740,.T.);
#11780=ORIENTED_EDGE('',*,*,#11770,.T.);
#11790=CARTESIAN_POINT('',(-17.8932938425585,3.34999976934579,
22.0000000000004));
#11800=DIRECTION('',(-1.45325078413766E-13,-3.55943784230514E-29,1.));
#11810=DIRECTION('',(1.,-5.17275583541921E-42,1.45325078413766E-13));
#11820=AXIS2_PLACEMENT_3D('',#11790,#11800,#11810);
#11830=CIRCLE('',#11820,0.5);
#11840=CARTESIAN_POINT('',(-17.4514160321374,3.11602541037143,
22.0000000000005));
#11850=VERTEX_POINT('',#11840);
#11860=EDGE_CURVE('',#11850,#11760,#11830,.T.);
#11870=ORIENTED_EDGE('',*,*,#11860,.T.);
#11880=CARTESIAN_POINT('',(-10.9999999999895,-0.300000230654206,
22.0000000000014));
#11890=DIRECTION('',(-1.45325078413766E-13,-3.55943784230514E-29,1.));
#11900=DIRECTION('',(1.,-5.17275583541921E-42,1.45325078413766E-13));
#11910=AXIS2_PLACEMENT_3D('',#11880,#11890,#11900);
#11920=CIRCLE('',#11910,7.3);
#11930=CARTESIAN_POINT('',(-18.2663608498228,0.399999769352556,
22.0000000000004));
#11940=VERTEX_POINT('',#11930);
#11950=EDGE_CURVE('',#11850,#11940,#11920,.T.);
#11960=ORIENTED_EDGE('',*,*,#11950,.F.);
#11970=CARTESIAN_POINT('',(-1.26476606965298E-12,0.399999769352556,
22.000000000003));
#11980=DIRECTION('',(1.,0.,1.45325078413766E-13));
#11990=VECTOR('',#11980,1.);
#12000=LINE('',#11970,#11990);
#12010=CARTESIAN_POINT('',(-11.9999999999474,0.399999769352556,
22.0000000000013));
#12020=VERTEX_POINT('',#12010);
#12030=EDGE_CURVE('',#11940,#12020,#12000,.T.);
#12040=ORIENTED_EDGE('',*,*,#12030,.F.);
#12050=CARTESIAN_POINT('',(-1.26476606965298E-12,-2.81539053980649,
22.000000000003));
#12060=DIRECTION('',(0.965925826289068,-0.258819045102521,
1.40359945888235E-13));
#12070=VECTOR('',#12060,1.);
#12080=LINE('',#12050,#12070);
#12090=CARTESIAN_POINT('',(-10.5071796769199,-2.30647443574816E-7,
22.0000000000015));
#12100=VERTEX_POINT('',#12090);
#12110=EDGE_CURVE('',#12020,#12100,#12080,.T.);
#12120=ORIENTED_EDGE('',*,*,#12110,.F.);
#12130=CARTESIAN_POINT('',(-1.26476606965298E-12,-2.30647442284182E-7,
22.000000000003));
#12140=DIRECTION('',(1.,1.22464679914735E-16,1.45325078413766E-13));
#12150=VECTOR('',#12140,1.);
#12160=LINE('',#12130,#12150);
#12170=CARTESIAN_POINT('',(7.70000000000112,-2.30647441340492E-7,
22.0000000000041));
#12180=VERTEX_POINT('',#12170);
#12190=EDGE_CURVE('',#12100,#12180,#12160,.T.);
#12200=ORIENTED_EDGE('',*,*,#12190,.F.);
#12210=CARTESIAN_POINT('',(7.70000000000112,-0.100000000008084,
22.0000000000041));
#12220=DIRECTION('',(-5.17079133335858E-42,1.,3.55943784230514E-29));
#12230=VECTOR('',#12220,1.);
#12240=LINE('',#12210,#12230);
#12250=EDGE_CURVE('',#12180,#6290,#12240,.T.);
#12260=ORIENTED_EDGE('',*,*,#12250,.F.);
#12270=EDGE_LOOP('',(#12260,#12200,#12120,#12040,#11960,#11870,#11780,
#11690,#11610,#11530,#11450,#11360,#11270,#11190,#11110,#11020,#10940,
#10850,#10770,#10680,#10600,#10510,#10430,#10340,#10260,#10180,#10100,
#10020,#9940,#9860,#9780,#9700,#9620,#9540,#9460,#9380,#9300,#9220,#9140
,#9060,#8980,#8900,#8820,#8740,#8660,#8580,#8500,#8420,#8340,#8260,#8180
,#8100,#8020,#7940,#7860,#7780,#7700,#7620,#7540,#7460,#7380,#7300,#7220
,#7140,#7060,#6970,#6890,#6810,#6730,#6650,#6570,#6490,#6410,#6330));
#12280=FACE_OUTER_BOUND('',#12270,.T.);
#12290=ADVANCED_FACE('',(#12280),#6230,.T.);
#12300=COLOUR_RGB('',1.,0.839215755462646,0.301960796117783);
#12310=FILL_AREA_STYLE_COLOUR('',#12300);
#12320=FILL_AREA_STYLE('',(#12310));
#12330=SURFACE_STYLE_FILL_AREA(#12320);
#12340=SURFACE_SIDE_STYLE('',(#12330));
#12350=SURFACE_STYLE_USAGE(.BOTH.,#12340);
#12360=PRESENTATION_STYLE_ASSIGNMENT((#12350));
#12370=CARTESIAN_POINT('',(7.49999999999879,-2.30647441368248E-7,
38.0000000000042));
#12380=DIRECTION('',(-1.22464679914735E-16,1.,1.77971892115257E-29));
#12390=DIRECTION('',(1.,1.22464679914735E-16,1.45325078413766E-13));
#12400=AXIS2_PLACEMENT_3D('',#12370,#12380,#12390);
#12410=PLANE('',#12400);
#12420=CARTESIAN_POINT('',(7.70000000000431,-2.30647441340492E-7,
-3.36520855626077E-9));
#12430=DIRECTION('',(1.45325078413766E-13,5.04870979341448E-29,-1.));
#12440=VECTOR('',#12430,1.);
#12450=LINE('',#12420,#12440);
#12460=EDGE_CURVE('',#110,#12180,#12450,.T.);
#12470=ORIENTED_EDGE('',*,*,#12460,.F.);
#12480=ORIENTED_EDGE('',*,*,#12190,.T.);
#12490=CARTESIAN_POINT('',(-10.5071796769167,-2.30647443574816E-7,
-3.36520855626077E-9));
#12500=DIRECTION('',(-1.45325078413766E-13,-3.35271693549209E-29,1.));
#12510=VECTOR('',#12500,1.);
#12520=LINE('',#12490,#12510);
#12530=EDGE_CURVE('',#12100,#210,#12520,.T.);
#12540=ORIENTED_EDGE('',*,*,#12530,.F.);
#12550=ORIENTED_EDGE('',*,*,#220,.F.);
#12560=EDGE_LOOP('',(#12550,#12540,#12480,#12470));
#12570=FACE_OUTER_BOUND('',#12560,.T.);
#12580=ADVANCED_FACE('',(#12570),#12410,.F.);
#12590=COLOUR_RGB('',1.,0.839215755462646,0.301960796117783);
#12600=FILL_AREA_STYLE_COLOUR('',#12590);
#12610=FILL_AREA_STYLE('',(#12600));
#12620=SURFACE_STYLE_FILL_AREA(#12610);
#12630=SURFACE_SIDE_STYLE('',(#12620));
#12640=SURFACE_STYLE_USAGE(.BOTH.,#12630);
#12650=PRESENTATION_STYLE_ASSIGNMENT((#12640));
#12660=CARTESIAN_POINT('',(14.0443103456189,-2.30652698163247E-7,
38.0000000000051));
#12670=DIRECTION('',(-2.13856710118421E-14,1.,-3.07227993830391E-27));
#12680=DIRECTION('',(1.,2.13856710118421E-14,1.45325078413766E-13));
#12690=AXIS2_PLACEMENT_3D('',#12660,#12670,#12680);
#12700=PLANE('',#12690);
#12710=ORIENTED_EDGE('',*,*,#5930,.F.);
#12720=CARTESIAN_POINT('',(14.1798450784494,-2.3065269526279E-7,
-3.36520855626077E-9));
#12730=DIRECTION('',(-1.45325078413766E-13,-4.99842557568772E-29,1.));
#12740=VECTOR('',#12730,1.);
#12750=LINE('',#12720,#12740);
#12760=EDGE_CURVE('',#6470,#5840,#12750,.T.);
#12770=ORIENTED_EDGE('',*,*,#12760,.T.);
#12780=ORIENTED_EDGE('',*,*,#6480,.T.);
#12790=CARTESIAN_POINT('',(13.9763120000125,-2.30652699606537E-7,
-3.36520855626077E-9));
#12800=DIRECTION('',(-1.45325078413766E-13,-3.25634963177848E-29,1.));
#12810=VECTOR('',#12800,1.);
#12820=LINE('',#12790,#12810);
#12830=EDGE_CURVE('',#6390,#5920,#12820,.T.);
#12840=ORIENTED_EDGE('',*,*,#12830,.F.);
#12850=EDGE_LOOP('',(#12840,#12780,#12770,#12710));
#12860=FACE_OUTER_BOUND('',#12850,.T.);
#12870=ADVANCED_FACE('',(#12860),#12700,.F.);
#12880=COLOUR_RGB('',1.,0.839215755462646,0.301960796117783);
#12890=FILL_AREA_STYLE_COLOUR('',#12880);
#12900=FILL_AREA_STYLE('',(#12890));
#12910=SURFACE_STYLE_FILL_AREA(#12900);
#12920=SURFACE_SIDE_STYLE('',(#12910));
#12930=SURFACE_STYLE_USAGE(.BOTH.,#12920);
#12940=PRESENTATION_STYLE_ASSIGNMENT((#12930));
#12950=CARTESIAN_POINT('',(14.9494969994342,0.450349102650578,
38.0000000000053));
#12960=DIRECTION('',(-0.50503000564533,0.863101786232585,
-7.33935251717124E-14));
#12970=DIRECTION('',(0.863101786232585,0.50503000564533,
1.25430334763312E-13));
#12980=AXIS2_PLACEMENT_3D('',#12950,#12960,#12970);
#12990=PLANE('',#12980);
#13000=CARTESIAN_POINT('',(14.9728930534393,0.46403892402732,
-3.36520855626077E-9));
#13010=DIRECTION('',(-1.45325078413766E-13,-3.74881918176565E-29,1.));
#13020=VECTOR('',#13010,1.);
#13030=LINE('',#13000,#13020);
#13040=EDGE_CURVE('',#6550,#5760,#13030,.T.);
#13050=ORIENTED_EDGE('',*,*,#13040,.T.);
#13060=ORIENTED_EDGE('',*,*,#6560,.T.);
#13070=ORIENTED_EDGE('',*,*,#12760,.F.);
#13080=ORIENTED_EDGE('',*,*,#5850,.F.);
#13090=EDGE_LOOP('',(#13080,#13070,#13060,#13050));
#13100=FACE_OUTER_BOUND('',#13090,.T.);
#13110=ADVANCED_FACE('',(#13100),#12990,.F.);
#13120=COLOUR_RGB('',1.,0.839215755462646,0.301960796117783);
#13130=FILL_AREA_STYLE_COLOUR('',#13120);
#13140=FILL_AREA_STYLE('',(#13130));
#13150=SURFACE_STYLE_FILL_AREA(#13140);
#13160=SURFACE_SIDE_STYLE('',(#13150));
#13170=SURFACE_STYLE_USAGE(.BOTH.,#13160);
#13180=PRESENTATION_STYLE_ASSIGNMENT((#13170));
#13190=CARTESIAN_POINT('',(15.094723870284,-0.136304364607707,
31.0000000000096));
#13200=DIRECTION('',(-0.984807753012219,-0.17364817766687,0.));
#13210=DIRECTION('',(0.17364817766687,-0.984807753012219,0.));
#13220=AXIS2_PLACEMENT_3D('',#13190,#13200,#13210);
#13230=PLANE('',#13220);
#13240=CARTESIAN_POINT('',(15.0883224312876,-0.100000000008084,
33.0000000000097));
#13250=DIRECTION('',(0.17364817766687,-0.984807753012219,0.));
#13260=VECTOR('',#13250,1.);
#13270=LINE('',#13240,#13260);
#13280=CARTESIAN_POINT('',(14.9888671508104,0.46403892402732,
33.0000000000097));
#13290=VERTEX_POINT('',#13280);
#13300=CARTESIAN_POINT('',(15.1500369152014,-0.45000023063603,
33.0000000000097));
#13310=VERTEX_POINT('',#13300);
#13320=EDGE_CURVE('',#13290,#13310,#13270,.T.);
#13330=ORIENTED_EDGE('',*,*,#13320,.F.);
#13340=CARTESIAN_POINT('',(15.1500369152014,-0.45000023063603,0.));
#13350=DIRECTION('',(0.,0.,-1.));
#13360=VECTOR('',#13350,1.);
#13370=LINE('',#13340,#13360);
#13380=CARTESIAN_POINT('',(15.1500369152014,-0.450000230636027,
27.0000000000097));
#13390=VERTEX_POINT('',#13380);
#13400=EDGE_CURVE('',#13310,#13390,#13370,.T.);
#13410=ORIENTED_EDGE('',*,*,#13400,.F.);
#13420=CARTESIAN_POINT('',(15.0883224312876,-0.100000000008084,
27.0000000000097));
#13430=DIRECTION('',(-0.17364817766687,0.984807753012219,0.));
#13440=VECTOR('',#13430,1.);
#13450=LINE('',#13420,#13440);
#13460=CARTESIAN_POINT('',(14.9888671508104,0.46403892402732,
27.0000000000097));
#13470=VERTEX_POINT('',#13460);
#13480=EDGE_CURVE('',#13390,#13470,#13450,.T.);
#13490=ORIENTED_EDGE('',*,*,#13480,.F.);
#13500=CARTESIAN_POINT('',(14.9888671508104,0.46403892402732,
-3.36520855626077E-9));
#13510=DIRECTION('',(6.27624927752892E-30,-3.55943784230514E-29,1.));
#13520=VECTOR('',#13510,1.);
#13530=LINE('',#13500,#13520);
#13540=EDGE_CURVE('',#13470,#13290,#13530,.T.);
#13550=ORIENTED_EDGE('',*,*,#13540,.F.);
#13560=EDGE_LOOP('',(#13550,#13490,#13410,#13330));
#13570=FACE_OUTER_BOUND('',#13560,.T.);
#13580=ADVANCED_FACE('',(#13570),#13230,.T.);
#13590=COLOUR_RGB('',0.823529481887817,0.823529481887817,
0.784313797950745);
#13600=FILL_AREA_STYLE_COLOUR('',#13590);
#13610=FILL_AREA_STYLE('',(#13600));
#13620=SURFACE_STYLE_FILL_AREA(#13610);
#13630=SURFACE_SIDE_STYLE('',(#13620));
#13640=SURFACE_STYLE_USAGE(.BOTH.,#13630);
#13650=PRESENTATION_STYLE_ASSIGNMENT((#13640));
#13660=CARTESIAN_POINT('',(-19.3071993288462,-1.41799823064797,
27.0000000000097));
#13670=DIRECTION('',(0.,0.,1.));
#13680=DIRECTION('',(1.,0.,0.));
#13690=AXIS2_PLACEMENT_3D('',#13660,#13670,#13680);
#13700=PLANE('',#13690);
#13710=ORIENTED_EDGE('',*,*,#13480,.T.);
#13720=CARTESIAN_POINT('',(-1.26476606965298E-12,-11.0581702828178,
27.0000000000097));
#13730=DIRECTION('',(0.819152044288954,0.5735764363511,0.));
#13740=VECTOR('',#13730,1.);
#13750=LINE('',#13720,#13740);
#13760=CARTESIAN_POINT('',(12.7291469577411,-2.1451256280262,
27.0000000000097));
#13770=VERTEX_POINT('',#13760);
#13780=EDGE_CURVE('',#13770,#13390,#13750,.T.);
#13790=ORIENTED_EDGE('',*,*,#13780,.T.);
#13800=CARTESIAN_POINT('',(-1.26476606965298E-12,10.5840213297161,
27.0000000000097));
#13810=DIRECTION('',(-0.707106781186548,0.707106781186547,0.));
#13820=VECTOR('',#13810,1.);
#13830=LINE('',#13800,#13820);
#13840=CARTESIAN_POINT('',(13.0670107801814,-2.48298945046654,
27.0000000000097));
#13850=VERTEX_POINT('',#13840);
#13860=EDGE_CURVE('',#13850,#13770,#13830,.T.);
#13870=ORIENTED_EDGE('',*,*,#13860,.T.);
#13880=CARTESIAN_POINT('',(15.4500002306399,-0.100000000008084,
27.0000000000097));
#13890=DIRECTION('',(-0.707106781186547,-0.707106781186548,0.));
#13900=VECTOR('',#13890,1.);
#13910=LINE('',#13880,#13900);
#13920=CARTESIAN_POINT('',(14.0075415209145,-1.54245870973338,
27.0000000000096));
#13930=VERTEX_POINT('',#13920);
#13940=EDGE_CURVE('',#13930,#13850,#13910,.T.);
#13950=ORIENTED_EDGE('',*,*,#13940,.T.);
#13960=CARTESIAN_POINT('',(14.3610949115078,-1.89601210032666,
27.0000000000097));
#13970=DIRECTION('',(-1.45325078413766E-13,-3.55943784230514E-29,1.));
#13980=DIRECTION('',(1.,1.2246467991471E-16,1.45325078413766E-13));
#13990=AXIS2_PLACEMENT_3D('',#13960,#13970,#13980);
#14000=CIRCLE('',#13990,0.5);
#14010=CARTESIAN_POINT('',(14.147550371448,-1.44390732329966,
27.0000000000096));
#14020=VERTEX_POINT('',#14010);
#14030=EDGE_CURVE('',#14020,#13930,#14000,.T.);
#14040=ORIENTED_EDGE('',*,*,#14030,.T.);
#14050=CARTESIAN_POINT('',(-1.26476606965298E-12,3.75404872115243,
27.0000000000097));
#14060=DIRECTION('',(0.938650501271657,-0.344869883379903,0.));
#14070=VECTOR('',#14060,1.);
#14080=LINE('',#14050,#14070);
#14090=CARTESIAN_POINT('',(14.1344645107248,-1.43909944299128,
27.0000000000097));
#14100=VERTEX_POINT('',#14090);
#14110=EDGE_CURVE('',#14100,#14020,#14080,.T.);
#14120=ORIENTED_EDGE('',*,*,#14110,.T.);
#14130=CARTESIAN_POINT('',(-1.26476606965298E-12,-5.22641779408666,
27.0000000000097));
#14140=DIRECTION('',(-0.965925826289069,-0.258819045102518,0.));
#14150=VECTOR('',#14140,1.);
#14160=LINE('',#14130,#14150);
#14170=CARTESIAN_POINT('',(15.0767949192451,-1.18660277102497,
27.0000000000097));
#14180=VERTEX_POINT('',#14170);
#14190=EDGE_CURVE('',#14180,#14100,#14160,.T.);
#14200=ORIENTED_EDGE('',*,*,#14190,.T.);
#14210=CARTESIAN_POINT('',(-1.26476606965298E-12,-9.89119437616916,
27.0000000000097));
#14220=DIRECTION('',(-0.866025403784426,-0.500000000000022,0.));
#14230=VECTOR('',#14220,1.);
#14240=LINE('',#14210,#14230);
#14250=CARTESIAN_POINT('',(15.4000000000004,-1.00000023064744,
27.0000000000097));
#14260=VERTEX_POINT('',#14250);
#14270=EDGE_CURVE('',#14260,#14180,#14240,.T.);
#14280=ORIENTED_EDGE('',*,*,#14270,.T.);
#14290=CARTESIAN_POINT('',(15.4000000000004,-0.100000000008084,
27.0000000000097));
#14300=DIRECTION('',(4.27297086602607E-14,-1.,0.));
#14310=VECTOR('',#14300,1.);
#14320=LINE('',#14290,#14310);
#14330=CARTESIAN_POINT('',(15.4000000000003,0.46403892402732,
27.0000000000097));
#14340=VERTEX_POINT('',#14330);
#14350=EDGE_CURVE('',#14340,#14260,#14320,.T.);
#14360=ORIENTED_EDGE('',*,*,#14350,.T.);
#14370=CARTESIAN_POINT('',(-1.26476606965298E-12,0.46403892402732,
27.0000000000097));
#14380=DIRECTION('',(1.,5.17275583541921E-42,0.));
#14390=VECTOR('',#14380,1.);
#14400=LINE('',#14370,#14390);
#14410=EDGE_CURVE('',#13470,#14340,#14400,.T.);
#14420=ORIENTED_EDGE('',*,*,#14410,.T.);
#14430=EDGE_LOOP('',(#14420,#14360,#14280,#14200,#14120,#14040,#13950,
#13870,#13790,#13710));
#14440=FACE_OUTER_BOUND('',#14430,.T.);
#14450=ADVANCED_FACE('',(#14440),#13700,.F.);
#14460=COLOUR_RGB('',0.823529481887817,0.823529481887817,
0.784313797950745);
#14470=FILL_AREA_STYLE_COLOUR('',#14460);
#14480=FILL_AREA_STYLE('',(#14470));
#14490=SURFACE_STYLE_FILL_AREA(#14480);
#14500=SURFACE_SIDE_STYLE('',(#14490));
#14510=SURFACE_STYLE_USAGE(.BOTH.,#14500);
#14520=PRESENTATION_STYLE_ASSIGNMENT((#14510));
#14530=CARTESIAN_POINT('',(13.4920346107432,-1.6109459425869,
31.0000000000096));
#14540=DIRECTION('',(-0.5735764363511,0.819152044288954,0.));
#14550=DIRECTION('',(-0.819152044288954,-0.5735764363511,
-5.55111512312578E-17));
#14560=AXIS2_PLACEMENT_3D('',#14530,#14540,#14550);
#14570=PLANE('',#14560);
#14580=ORIENTED_EDGE('',*,*,#13780,.F.);
#14590=ORIENTED_EDGE('',*,*,#13400,.T.);
#14600=CARTESIAN_POINT('',(-1.26476606965298E-12,-11.0581702828178,
33.0000000000097));
#14610=DIRECTION('',(-0.819152044288954,-0.5735764363511,0.));
#14620=VECTOR('',#14610,1.);
#14630=LINE('',#14600,#14620);
#14640=CARTESIAN_POINT('',(12.7291469577411,-2.14512562802619,
33.0000000000097));
#14650=VERTEX_POINT('',#14640);
#14660=EDGE_CURVE('',#13310,#14650,#14630,.T.);
#14670=ORIENTED_EDGE('',*,*,#14660,.F.);
#14680=CARTESIAN_POINT('',(12.7291469577411,-2.14512562802619,
-3.36520855626077E-9));
#14690=DIRECTION('',(0.,0.,1.));
#14700=VECTOR('',#14690,1.);
#14710=LINE('',#14680,#14700);
#14720=EDGE_CURVE('',#13770,#14650,#14710,.T.);
#14730=ORIENTED_EDGE('',*,*,#14720,.T.);
#14740=EDGE_LOOP('',(#14730,#14670,#14590,#14580));
#14750=FACE_OUTER_BOUND('',#14740,.T.);
#14760=ADVANCED_FACE('',(#14750),#14570,.T.);
#14770=COLOUR_RGB('',0.823529481887817,0.823529481887817,
0.784313797950745);
#14780=FILL_AREA_STYLE_COLOUR('',#14770);
#14790=FILL_AREA_STYLE('',(#14780));
#14800=SURFACE_STYLE_FILL_AREA(#14790);
#14810=SURFACE_SIDE_STYLE('',(#14800));
#14820=SURFACE_STYLE_USAGE(.BOTH.,#14810);
#14830=PRESENTATION_STYLE_ASSIGNMENT((#14820));
#14840=CARTESIAN_POINT('',(-19.3071993288462,-1.41799823064797,
33.0000000000097));
#14850=DIRECTION('',(0.,0.,1.));
#14860=DIRECTION('',(1.,0.,0.));
#14870=AXIS2_PLACEMENT_3D('',#14840,#14850,#14860);
#14880=PLANE('',#14870);
#14890=CARTESIAN_POINT('',(-1.26476606965298E-12,-7.50557504309705,
33.0000000000097));
#14900=DIRECTION('',(0.866025403784625,0.499999999999678,0.));
#14910=VECTOR('',#14900,1.);
#14920=LINE('',#14890,#14910);
#14930=CARTESIAN_POINT('',(13.000036915202,-2.30635833986526E-7,
33.0000000000097));
#14940=VERTEX_POINT('',#14930);
#14950=CARTESIAN_POINT('',(13.2241930080948,0.12941634993619,
33.0000000000097));
#14960=VERTEX_POINT('',#14950);
#14970=EDGE_CURVE('',#14940,#14960,#14920,.T.);
#14980=ORIENTED_EDGE('',*,*,#14970,.T.);
#14990=CARTESIAN_POINT('',(-1.26476606965298E-12,-2.30635833986526E-7,
33.0000000000097));
#15000=DIRECTION('',(1.,0.,0.));
#15010=VECTOR('',#15000,1.);
#15020=LINE('',#14990,#15010);
#15030=CARTESIAN_POINT('',(10.7000369152016,-2.30635833986526E-7,
33.0000000000097));
#15040=VERTEX_POINT('',#15030);
#15050=EDGE_CURVE('',#15040,#14940,#15020,.T.);
#15060=ORIENTED_EDGE('',*,*,#15050,.T.);
#15070=CARTESIAN_POINT('',(-1.26476606965298E-12,6.17766896269464,
33.0000000000097));
#15080=DIRECTION('',(-0.866025403784468,0.49999999999995,0.));
#15090=VECTOR('',#15080,1.);
#15100=LINE('',#15070,#15090);
#15110=CARTESIAN_POINT('',(10.3536267537085,0.199999769352178,
33.0000000000097));
#15120=VERTEX_POINT('',#15110);
#15130=EDGE_CURVE('',#15040,#15120,#15100,.T.);
#15140=ORIENTED_EDGE('',*,*,#15130,.F.);
#15150=CARTESIAN_POINT('',(-1.26476606965298E-12,0.199999769352178,
33.0000000000097));
#15160=DIRECTION('',(1.,5.17275583541921E-42,0.));
#15170=VECTOR('',#15160,1.);
#15180=LINE('',#15150,#15170);
#15190=CARTESIAN_POINT('',(12.8139895394561,0.199999769352178,
33.0000000000097));
#15200=VERTEX_POINT('',#15190);
#15210=EDGE_CURVE('',#15120,#15200,#15180,.T.);
#15220=ORIENTED_EDGE('',*,*,#15210,.F.);
#15230=CARTESIAN_POINT('',(-1.26476606965298E-12,2.40489384559475,
33.0000000000097));
#15240=DIRECTION('',(0.985516907633701,-0.169577194127355,0.));
#15250=VECTOR('',#15240,1.);
#15260=LINE('',#15230,#15250);
#15270=EDGE_CURVE('',#15200,#14960,#15260,.T.);
#15280=ORIENTED_EDGE('',*,*,#15270,.F.);
#15290=EDGE_LOOP('',(#15280,#15220,#15140,#15060,#14980));
#15300=FACE_OUTER_BOUND('',#15290,.T.);
#15310=ADVANCED_FACE('',(#15300),#14880,.T.);
#15320=COLOUR_RGB('',0.823529481887817,0.823529481887817,
0.784313797950745);
#15330=FILL_AREA_STYLE_COLOUR('',#15320);
#15340=FILL_AREA_STYLE('',(#15330));
#15350=SURFACE_STYLE_FILL_AREA(#15340);
#15360=SURFACE_SIDE_STYLE('',(#15350));
#15370=SURFACE_STYLE_USAGE(.BOTH.,#15360);
#15380=PRESENTATION_STYLE_ASSIGNMENT((#15370));
#15390=CARTESIAN_POINT('',(-1.26476606965298E-12,0.46403892402732,
33.0000000000097));
#15400=DIRECTION('',(1.,5.17275583541921E-42,0.));
#15410=VECTOR('',#15400,1.);
#15420=LINE('',#15390,#15410);
#15430=CARTESIAN_POINT('',(15.3999999999995,0.46403892402732,
33.0000000000097));
#15440=VERTEX_POINT('',#15430);
#15450=EDGE_CURVE('',#13290,#15440,#15420,.T.);
#15460=ORIENTED_EDGE('',*,*,#15450,.F.);
#15470=CARTESIAN_POINT('',(15.3999999999995,-0.100000000008084,
33.0000000000097));
#15480=DIRECTION('',(4.27297086602607E-14,-1.,0.));
#15490=VECTOR('',#15480,1.);
#15500=LINE('',#15470,#15490);
#15510=CARTESIAN_POINT('',(15.3999999999996,-1.00000023064744,
33.0000000000097));
#15520=VERTEX_POINT('',#15510);
#15530=EDGE_CURVE('',#15440,#15520,#15500,.T.);
#15540=ORIENTED_EDGE('',*,*,#15530,.F.);
#15550=CARTESIAN_POINT('',(-1.26476606965298E-12,-9.89119437616866,
33.0000000000097));
#15560=DIRECTION('',(-0.866025403784426,-0.500000000000022,0.));
#15570=VECTOR('',#15560,1.);
#15580=LINE('',#15550,#15570);
#15590=CARTESIAN_POINT('',(15.0767949192443,-1.18660277102497,
33.0000000000097));
#15600=VERTEX_POINT('',#15590);
#15610=EDGE_CURVE('',#15520,#15600,#15580,.T.);
#15620=ORIENTED_EDGE('',*,*,#15610,.F.);
#15630=CARTESIAN_POINT('',(-1.26476606965298E-12,-5.22641779408643,
33.0000000000097));
#15640=DIRECTION('',(-0.965925826289069,-0.258819045102518,0.));
#15650=VECTOR('',#15640,1.);
#15660=LINE('',#15630,#15650);
#15670=CARTESIAN_POINT('',(14.134464510724,-1.43909944299128,
33.0000000000096));
#15680=VERTEX_POINT('',#15670);
#15690=EDGE_CURVE('',#15600,#15680,#15660,.T.);
#15700=ORIENTED_EDGE('',*,*,#15690,.F.);
#15710=CARTESIAN_POINT('',(-1.26476606965298E-12,3.75404872115211,
33.0000000000097));
#15720=DIRECTION('',(0.938650501271657,-0.344869883379903,0.));
#15730=VECTOR('',#15720,1.);
#15740=LINE('',#15710,#15730);
#15750=CARTESIAN_POINT('',(14.1475503714471,-1.44390732329966,
33.0000000000096));
#15760=VERTEX_POINT('',#15750);
#15770=EDGE_CURVE('',#15680,#15760,#15740,.T.);
#15780=ORIENTED_EDGE('',*,*,#15770,.F.);
#15790=CARTESIAN_POINT('',(14.3610949115069,-1.89601210032666,
33.0000000000097));
#15800=DIRECTION('',(-1.45325078413766E-13,-3.55943784230514E-29,1.));
#15810=DIRECTION('',(1.,1.2246467991471E-16,1.45325078413766E-13));
#15820=AXIS2_PLACEMENT_3D('',#15790,#15800,#15810);
#15830=CIRCLE('',#15820,0.5);
#15840=CARTESIAN_POINT('',(14.0075415209137,-1.54245870973338,
33.0000000000096));
#15850=VERTEX_POINT('',#15840);
#15860=EDGE_CURVE('',#15760,#15850,#15830,.T.);
#15870=ORIENTED_EDGE('',*,*,#15860,.F.);
#15880=CARTESIAN_POINT('',(15.450000230639,-0.100000000008084,
33.0000000000097));
#15890=DIRECTION('',(-0.707106781186547,-0.707106781186548,0.));
#15900=VECTOR('',#15890,1.);
#15910=LINE('',#15880,#15900);
#15920=CARTESIAN_POINT('',(13.067010780181,-2.48298945046611,
33.0000000000097));
#15930=VERTEX_POINT('',#15920);
#15940=EDGE_CURVE('',#15850,#15930,#15910,.T.);
#15950=ORIENTED_EDGE('',*,*,#15940,.F.);
#15960=CARTESIAN_POINT('',(-1.26476606965298E-12,10.5840213297161,
33.0000000000097));
#15970=DIRECTION('',(-0.707106781186548,0.707106781186547,0.));
#15980=VECTOR('',#15970,1.);
#15990=LINE('',#15960,#15980);
#16000=EDGE_CURVE('',#15930,#14650,#15990,.T.);
#16010=ORIENTED_EDGE('',*,*,#16000,.F.);
#16020=ORIENTED_EDGE('',*,*,#14660,.T.);
#16030=ORIENTED_EDGE('',*,*,#13320,.T.);
#16040=EDGE_LOOP('',(#16030,#16020,#16010,#15950,#15870,#15780,#15700,
#15620,#15540,#15460));
#16050=FACE_OUTER_BOUND('',#16040,.T.);
#16060=ADVANCED_FACE('',(#16050),#14880,.T.);
#16070=COLOUR_RGB('',0.823529481887817,0.823529481887817,
0.784313797950745);
#16080=FILL_AREA_STYLE_COLOUR('',#16070);
#16090=FILL_AREA_STYLE('',(#16080));
#16100=SURFACE_STYLE_FILL_AREA(#16090);
#16110=SURFACE_SIDE_STYLE('',(#16100));
#16120=SURFACE_STYLE_USAGE(.BOTH.,#16110);
#16130=PRESENTATION_STYLE_ASSIGNMENT((#16120));
#16140=CARTESIAN_POINT('',(13.067010780181,-2.48298945046614,
31.0000000000096));
#16150=DIRECTION('',(-0.707106781186547,-0.707106781186548,0.));
#16160=DIRECTION('',(0.,0.,1.));
#16170=AXIS2_PLACEMENT_3D('',#16140,#16150,#16160);
#16180=PLANE('',#16170);
#16190=ORIENTED_EDGE('',*,*,#14720,.F.);
#16200=ORIENTED_EDGE('',*,*,#16000,.T.);
#16210=CARTESIAN_POINT('',(13.067010780181,-2.48298945046614,
31.0000000000096));
#16220=DIRECTION('',(0.,0.,1.));
#16230=VECTOR('',#16220,1.);
#16240=LINE('',#16210,#16230);
#16250=EDGE_CURVE('',#13850,#15930,#16240,.T.);
#16260=ORIENTED_EDGE('',*,*,#16250,.T.);
#16270=ORIENTED_EDGE('',*,*,#13860,.F.);
#16280=EDGE_LOOP('',(#16270,#16260,#16200,#16190));
#16290=FACE_OUTER_BOUND('',#16280,.T.);
#16300=ADVANCED_FACE('',(#16290),#16180,.T.);
#16310=COLOUR_RGB('',0.823529481887817,0.823529481887817,
0.784313797950745);
#16320=FILL_AREA_STYLE_COLOUR('',#16310);
#16330=FILL_AREA_STYLE('',(#16320));
#16340=SURFACE_STYLE_FILL_AREA(#16330);
#16350=SURFACE_SIDE_STYLE('',(#16340));
#16360=SURFACE_STYLE_USAGE(.BOTH.,#16350);
#16370=PRESENTATION_STYLE_ASSIGNMENT((#16360));
#16380=CARTESIAN_POINT('',(15.2999999999987,0.46403892402732,
38.0000000000053));
#16390=DIRECTION('',(-5.17275583541921E-42,1.,3.55943784230514E-29));
#16400=DIRECTION('',(1.,0.,1.45325078413766E-13));
#16410=AXIS2_PLACEMENT_3D('',#16380,#16390,#16400);
#16420=PLANE('',#16410);
#16430=ORIENTED_EDGE('',*,*,#5770,.F.);
#16440=CARTESIAN_POINT('',(15.4000000000043,0.46403892402732,
-3.36520855626077E-9));
#16450=DIRECTION('',(1.45325078413766E-13,2.52435489670724E-29,-1.));
#16460=VECTOR('',#16450,1.);
#16470=LINE('',#16440,#16460);
#16480=EDGE_CURVE('',#5680,#15440,#16470,.T.);
#16490=ORIENTED_EDGE('',*,*,#16480,.F.);
#16500=ORIENTED_EDGE('',*,*,#15450,.T.);
#16510=ORIENTED_EDGE('',*,*,#13540,.T.);
#16520=ORIENTED_EDGE('',*,*,#14410,.F.);
#16530=CARTESIAN_POINT('',(15.4000000000043,0.46403892402732,
-3.36520855626077E-9));
#16540=DIRECTION('',(1.45325078413766E-13,2.52435489670724E-29,-1.));
#16550=VECTOR('',#16540,1.);
#16560=LINE('',#16530,#16550);
#16570=EDGE_CURVE('',#14340,#6630,#16560,.T.);
#16580=ORIENTED_EDGE('',*,*,#16570,.F.);
#16590=ORIENTED_EDGE('',*,*,#6640,.T.);
#16600=ORIENTED_EDGE('',*,*,#13040,.F.);
#16610=EDGE_LOOP('',(#16600,#16590,#16580,#16520,#16510,#16500,#16490,
#16430));
#16620=FACE_OUTER_BOUND('',#16610,.T.);
#16630=ADVANCED_FACE('',(#16620),#16420,.F.);
#16640=COLOUR_RGB('',1.,0.839215755462646,0.301960796117783);
#16650=FILL_AREA_STYLE_COLOUR('',#16640);
#16660=FILL_AREA_STYLE('',(#16650));
#16670=SURFACE_STYLE_FILL_AREA(#16660);
#16680=SURFACE_SIDE_STYLE('',(#16670));
#16690=SURFACE_STYLE_USAGE(.BOTH.,#16680);
#16700=PRESENTATION_STYLE_ASSIGNMENT((#16690));
#16710=CARTESIAN_POINT('',(15.3999999999988,-1.00000023064745,
38.0000000000053));
#16720=DIRECTION('',(1.,4.27297086602607E-14,1.45325078413766E-13));
#16730=DIRECTION('',(4.27297086602607E-14,-1.,6.17410388322672E-27));
#16740=AXIS2_PLACEMENT_3D('',#16710,#16720,#16730);
#16750=PLANE('',#16740);
#16760=ORIENTED_EDGE('',*,*,#14350,.F.);
#16770=CARTESIAN_POINT('',(15.4000000000043,-1.00000023064745,
-3.36520855626077E-9));
#16780=DIRECTION('',(1.45325078413766E-13,4.37231093743218E-29,-1.));
#16790=VECTOR('',#16780,1.);
#16800=LINE('',#16770,#16790);
#16810=EDGE_CURVE('',#14260,#6710,#16800,.T.);
#16820=ORIENTED_EDGE('',*,*,#16810,.F.);
#16830=ORIENTED_EDGE('',*,*,#6720,.T.);
#16840=ORIENTED_EDGE('',*,*,#16570,.T.);
#16850=EDGE_LOOP('',(#16840,#16830,#16820,#16760));
#16860=FACE_OUTER_BOUND('',#16850,.T.);
#16870=ADVANCED_FACE('',(#16860),#16750,.F.);
#16880=COLOUR_RGB('',1.,0.839215755462646,0.301960796117783);
#16890=FILL_AREA_STYLE_COLOUR('',#16880);
#16900=FILL_AREA_STYLE('',(#16890));
#16910=SURFACE_STYLE_FILL_AREA(#16900);
#16920=SURFACE_SIDE_STYLE('',(#16910));
#16930=SURFACE_STYLE_USAGE(.BOTH.,#16920);
#16940=PRESENTATION_STYLE_ASSIGNMENT((#16930));
#16950=CARTESIAN_POINT('',(14.1319130979637,-6.42357666700526,
38.0000000000051));
#16960=DIRECTION('',(0.819152044288992,0.573576436351046,
1.19043335069095E-13));
#16970=DIRECTION('',(0.573576436351046,-0.819152044288992,
8.33550405890043E-14));
#16980=AXIS2_PLACEMENT_3D('',#16950,#16960,#16970);
#16990=PLANE('',#16980);
#17000=ORIENTED_EDGE('',*,*,#5120,.F.);
#17010=CARTESIAN_POINT('',(14.4304980917064,-6.85000023065422,
-3.36520855626077E-9));
#17020=DIRECTION('',(-1.45325078413766E-13,-3.85208538864468E-29,1.));
#17030=VECTOR('',#17020,1.);
#17040=LINE('',#17010,#17030);
#17050=EDGE_CURVE('',#7280,#5030,#17040,.T.);
#17060=ORIENTED_EDGE('',*,*,#17050,.T.);
#17070=ORIENTED_EDGE('',*,*,#7290,.T.);
#17080=CARTESIAN_POINT('',(12.7500000000044,-4.45000023065598,
-3.36520855626077E-9));
#17090=DIRECTION('',(-1.45325078413766E-13,-4.40107845567467E-29,1.));
#17100=VECTOR('',#17090,1.);
#17110=LINE('',#17080,#17100);
#17120=EDGE_CURVE('',#7200,#5110,#17110,.T.);
#17130=ORIENTED_EDGE('',*,*,#17120,.F.);
#17140=EDGE_LOOP('',(#17130,#17070,#17060,#17000));
#17150=FACE_OUTER_BOUND('',#17140,.T.);
#17160=ADVANCED_FACE('',(#17150),#16990,.F.);
#17170=COLOUR_RGB('',1.,0.839215755462646,0.301960796117783);
#17180=FILL_AREA_STYLE_COLOUR('',#17170);
#17190=FILL_AREA_STYLE('',(#17180));
#17200=SURFACE_STYLE_FILL_AREA(#17190);
#17210=SURFACE_SIDE_STYLE('',(#17200));
#17220=SURFACE_STYLE_USAGE(.BOTH.,#17210);
#17230=PRESENTATION_STYLE_ASSIGNMENT((#17220));
#17240=CARTESIAN_POINT('',(12.8964466094056,-2.65355362124078,
38.000000000005));
#17250=DIRECTION('',(0.707106781186548,-0.707106781186547,
1.02760348422841E-13));
#17260=DIRECTION('',(-0.707106781186547,-0.707106781186548,
-1.02760348422841E-13));
#17270=AXIS2_PLACEMENT_3D('',#17240,#17250,#17260);
#17280=PLANE('',#17270);
#17290=ORIENTED_EDGE('',*,*,#13940,.F.);
#17300=ORIENTED_EDGE('',*,*,#16250,.F.);
#17310=ORIENTED_EDGE('',*,*,#15940,.T.);
#17320=CARTESIAN_POINT('',(14.0075415209129,-1.54245870973338,
38.0000000000051));
#17330=DIRECTION('',(1.45325078413766E-13,3.55943784230514E-29,-1.));
#17340=VECTOR('',#17330,1.);
#17350=LINE('',#17320,#17340);
#17360=EDGE_CURVE('',#5270,#15850,#17350,.T.);
#17370=ORIENTED_EDGE('',*,*,#17360,.T.);
#17380=ORIENTED_EDGE('',*,*,#5280,.T.);
#17390=CARTESIAN_POINT('',(12.7500000000044,-2.80000023064752,
-3.36520855626077E-9));
#17400=DIRECTION('',(-1.45325078413766E-13,-3.56997693116631E-29,1.));
#17410=VECTOR('',#17400,1.);
#17420=LINE('',#17390,#17410);
#17430=EDGE_CURVE('',#7120,#5190,#17420,.T.);
#17440=ORIENTED_EDGE('',*,*,#17430,.T.);
#17450=ORIENTED_EDGE('',*,*,#7130,.T.);
#17460=EDGE_CURVE('',#13930,#7040,#17350,.T.);
#17470=ORIENTED_EDGE('',*,*,#17460,.T.);
#17480=EDGE_LOOP('',(#17470,#17450,#17440,#17380,#17370,#17310,#17300,
#17290));
#17490=FACE_OUTER_BOUND('',#17480,.T.);
#17500=ADVANCED_FACE('',(#17490),#17280,.F.);
#17510=COLOUR_RGB('',1.,0.839215755462646,0.301960796117783);
#17520=FILL_AREA_STYLE_COLOUR('',#17510);
#17530=FILL_AREA_STYLE('',(#17520));
#17540=SURFACE_STYLE_FILL_AREA(#17530);
#17550=SURFACE_SIDE_STYLE('',(#17540));
#17560=SURFACE_STYLE_USAGE(.BOTH.,#17550);
#17570=PRESENTATION_STYLE_ASSIGNMENT((#17560));
#17580=CARTESIAN_POINT('',(14.3610949115062,-1.89601210032666,
38.0000000000052));
#17590=DIRECTION('',(-1.45325078413766E-13,-3.55943784230514E-29,1.));
#17600=DIRECTION('',(1.,1.2246467991471E-16,1.45325078413766E-13));
#17610=AXIS2_PLACEMENT_3D('',#17580,#17590,#17600);
#17620=CYLINDRICAL_SURFACE('',#17610,0.5);
#17630=ORIENTED_EDGE('',*,*,#14030,.F.);
#17640=ORIENTED_EDGE('',*,*,#17460,.F.);
#17650=ORIENTED_EDGE('',*,*,#7050,.T.);
#17660=CARTESIAN_POINT('',(14.1475503714464,-1.44390732329966,
38.0000000000051));
#17670=DIRECTION('',(1.45325078413766E-13,3.55943784230514E-29,-1.));
#17680=VECTOR('',#17670,1.);
#17690=LINE('',#17660,#17680);
#17700=EDGE_CURVE('',#14020,#6950,#17690,.T.);
#17710=ORIENTED_EDGE('',*,*,#17700,.T.);
#17720=EDGE_LOOP('',(#17710,#17650,#17640,#17630));
#17730=FACE_OUTER_BOUND('',#17720,.T.);
#17740=ADVANCED_FACE('',(#17730),#17620,.T.);
#17750=COLOUR_RGB('',1.,0.839215755462646,0.301960796117783);
#17760=FILL_AREA_STYLE_COLOUR('',#17750);
#17770=FILL_AREA_STYLE('',(#17760));
#17780=SURFACE_STYLE_FILL_AREA(#17770);
#17790=SURFACE_SIDE_STYLE('',(#17780));
#17800=SURFACE_STYLE_USAGE(.BOTH.,#17790);
#17810=PRESENTATION_STYLE_ASSIGNMENT((#17800));
#17820=CARTESIAN_POINT('',(14.1475503714464,-1.44390732329966,
38.0000000000051));
#17830=DIRECTION('',(0.344869883379903,0.938650501271657,
5.01182428447308E-14));
#17840=DIRECTION('',(0.938650501271657,-0.344869883379903,
1.36409457700425E-13));
#17850=AXIS2_PLACEMENT_3D('',#17820,#17830,#17840);
#17860=PLANE('',#17850);
#17870=ORIENTED_EDGE('',*,*,#14110,.F.);
#17880=ORIENTED_EDGE('',*,*,#17700,.F.);
#17890=ORIENTED_EDGE('',*,*,#6960,.T.);
#17900=CARTESIAN_POINT('',(14.1344645107287,-1.43909944299128,
-3.36520855626077E-9));
#17910=DIRECTION('',(1.45325078413766E-13,3.149640867761E-29,-1.));
#17920=VECTOR('',#17910,1.);
#17930=LINE('',#17900,#17920);
#17940=EDGE_CURVE('',#14100,#6870,#17930,.T.);
#17950=ORIENTED_EDGE('',*,*,#17940,.T.);
#17960=EDGE_LOOP('',(#17950,#17890,#17880,#17870));
#17970=FACE_OUTER_BOUND('',#17960,.T.);
#17980=ADVANCED_FACE('',(#17970),#17860,.F.);
#17990=COLOUR_RGB('',1.,0.839215755462646,0.301960796117783);
#18000=FILL_AREA_STYLE_COLOUR('',#17990);
#18010=FILL_AREA_STYLE('',(#18000));
#18020=SURFACE_STYLE_FILL_AREA(#18010);
#18030=SURFACE_SIDE_STYLE('',(#18020));
#18040=SURFACE_STYLE_USAGE(.BOTH.,#18030);
#18050=PRESENTATION_STYLE_ASSIGNMENT((#18040));
#18060=CARTESIAN_POINT('',(14.1344645107234,-1.43909944299125,
38.0000000000051));
#18070=DIRECTION('',(0.258819045102518,-0.965925826289069,
3.76128980244996E-14));
#18080=DIRECTION('',(-0.965925826289069,-0.258819045102518,
-1.40373246447341E-13));
#18090=AXIS2_PLACEMENT_3D('',#18060,#18070,#18080);
#18100=PLANE('',#18090);
#18110=ORIENTED_EDGE('',*,*,#14190,.F.);
#18120=ORIENTED_EDGE('',*,*,#17940,.F.);
#18130=ORIENTED_EDGE('',*,*,#6880,.T.);
#18140=CARTESIAN_POINT('',(15.076794919249,-1.18660277102498,
-3.36520855626077E-9));
#18150=DIRECTION('',(1.45325078413766E-13,3.04792448681068E-29,-1.));
#18160=VECTOR('',#18150,1.);
#18170=LINE('',#18140,#18160);
#18180=EDGE_CURVE('',#14180,#6790,#18170,.T.);
#18190=ORIENTED_EDGE('',*,*,#18180,.T.);
#18200=EDGE_LOOP('',(#18190,#18130,#18120,#18110));
#18210=FACE_OUTER_BOUND('',#18200,.T.);
#18220=ADVANCED_FACE('',(#18210),#18100,.F.);
#18230=COLOUR_RGB('',1.,0.839215755462646,0.301960796117783);
#18240=FILL_AREA_STYLE_COLOUR('',#18230);
#18250=FILL_AREA_STYLE('',(#18240));
#18260=SURFACE_STYLE_FILL_AREA(#18250);
#18270=SURFACE_SIDE_STYLE('',(#18260));
#18280=SURFACE_STYLE_USAGE(.BOTH.,#18270);
#18290=PRESENTATION_STYLE_ASSIGNMENT((#18280));
#18300=CARTESIAN_POINT('',(15.0767949192435,-1.18660277102497,
38.0000000000053));
#18310=DIRECTION('',(0.500000000000022,-0.866025403784426,
7.26625392068863E-14));
#18320=DIRECTION('',(-0.866025403784426,-0.500000000000022,
-1.25855209713285E-13));
#18330=AXIS2_PLACEMENT_3D('',#18300,#18310,#18320);
#18340=PLANE('',#18330);
#18350=ORIENTED_EDGE('',*,*,#14270,.F.);
#18360=ORIENTED_EDGE('',*,*,#18180,.F.);
#18370=ORIENTED_EDGE('',*,*,#6800,.T.);
#18380=ORIENTED_EDGE('',*,*,#16810,.T.);
#18390=EDGE_LOOP('',(#18380,#18370,#18360,#18350));
#18400=FACE_OUTER_BOUND('',#18390,.T.);
#18410=ADVANCED_FACE('',(#18400),#18340,.F.);
#18420=COLOUR_RGB('',1.,0.839215755462646,0.301960796117783);
#18430=FILL_AREA_STYLE_COLOUR('',#18420);
#18440=FILL_AREA_STYLE('',(#18430));
#18450=SURFACE_STYLE_FILL_AREA(#18440);
#18460=SURFACE_SIDE_STYLE('',(#18450));
#18470=SURFACE_STYLE_USAGE(.BOTH.,#18460);
#18480=PRESENTATION_STYLE_ASSIGNMENT((#18470));
#18490=ORIENTED_EDGE('',*,*,#16480,.T.);
#18500=ORIENTED_EDGE('',*,*,#5690,.F.);
#18510=EDGE_CURVE('',#5600,#15520,#16800,.T.);
#18520=ORIENTED_EDGE('',*,*,#18510,.F.);
#18530=ORIENTED_EDGE('',*,*,#15530,.T.);
#18540=EDGE_LOOP('',(#18530,#18520,#18500,#18490));
#18550=FACE_OUTER_BOUND('',#18540,.T.);
#18560=ADVANCED_FACE('',(#18550),#16750,.F.);
#18570=COLOUR_RGB('',1.,0.839215755462646,0.301960796117783);
#18580=FILL_AREA_STYLE_COLOUR('',#18570);
#18590=FILL_AREA_STYLE('',(#18580));
#18600=SURFACE_STYLE_FILL_AREA(#18590);
#18610=SURFACE_SIDE_STYLE('',(#18600));
#18620=SURFACE_STYLE_USAGE(.BOTH.,#18610);
#18630=PRESENTATION_STYLE_ASSIGNMENT((#18620));
#18640=ORIENTED_EDGE('',*,*,#18510,.T.);
#18650=ORIENTED_EDGE('',*,*,#5610,.F.);
#18660=EDGE_CURVE('',#5520,#15600,#18170,.T.);
#18670=ORIENTED_EDGE('',*,*,#18660,.F.);
#18680=ORIENTED_EDGE('',*,*,#15610,.T.);
#18690=EDGE_LOOP('',(#18680,#18670,#18650,#18640));
#18700=FACE_OUTER_BOUND('',#18690,.T.);
#18710=ADVANCED_FACE('',(#18700),#18340,.F.);
#18720=COLOUR_RGB('',1.,0.839215755462646,0.301960796117783);
#18730=FILL_AREA_STYLE_COLOUR('',#18720);
#18740=FILL_AREA_STYLE('',(#18730));
#18750=SURFACE_STYLE_FILL_AREA(#18740);
#18760=SURFACE_SIDE_STYLE('',(#18750));
#18770=SURFACE_STYLE_USAGE(.BOTH.,#18760);
#18780=PRESENTATION_STYLE_ASSIGNMENT((#18770));
#18790=ORIENTED_EDGE('',*,*,#18660,.T.);
#18800=ORIENTED_EDGE('',*,*,#5530,.F.);
#18810=EDGE_CURVE('',#5440,#15680,#17930,.T.);
#18820=ORIENTED_EDGE('',*,*,#18810,.F.);
#18830=ORIENTED_EDGE('',*,*,#15690,.T.);
#18840=EDGE_LOOP('',(#18830,#18820,#18800,#18790));
#18850=FACE_OUTER_BOUND('',#18840,.T.);
#18860=ADVANCED_FACE('',(#18850),#18100,.F.);
#18870=COLOUR_RGB('',1.,0.839215755462646,0.301960796117783);
#18880=FILL_AREA_STYLE_COLOUR('',#18870);
#18890=FILL_AREA_STYLE('',(#18880));
#18900=SURFACE_STYLE_FILL_AREA(#18890);
#18910=SURFACE_SIDE_STYLE('',(#18900));
#18920=SURFACE_STYLE_USAGE(.BOTH.,#18910);
#18930=PRESENTATION_STYLE_ASSIGNMENT((#18920));
#18940=ORIENTED_EDGE('',*,*,#18810,.T.);
#18950=ORIENTED_EDGE('',*,*,#5450,.F.);
#18960=EDGE_CURVE('',#5360,#15760,#17690,.T.);
#18970=ORIENTED_EDGE('',*,*,#18960,.F.);
#18980=ORIENTED_EDGE('',*,*,#15770,.T.);
#18990=EDGE_LOOP('',(#18980,#18970,#18950,#18940));
#19000=FACE_OUTER_BOUND('',#18990,.T.);
#19010=ADVANCED_FACE('',(#19000),#17860,.F.);
#19020=COLOUR_RGB('',1.,0.839215755462646,0.301960796117783);
#19030=FILL_AREA_STYLE_COLOUR('',#19020);
#19040=FILL_AREA_STYLE('',(#19030));
#19050=SURFACE_STYLE_FILL_AREA(#19040);
#19060=SURFACE_SIDE_STYLE('',(#19050));
#19070=SURFACE_STYLE_USAGE(.BOTH.,#19060);
#19080=PRESENTATION_STYLE_ASSIGNMENT((#19070));
#19090=ORIENTED_EDGE('',*,*,#18960,.T.);
#19100=ORIENTED_EDGE('',*,*,#5370,.F.);
#19110=ORIENTED_EDGE('',*,*,#17360,.F.);
#19120=ORIENTED_EDGE('',*,*,#15860,.T.);
#19130=EDGE_LOOP('',(#19120,#19110,#19100,#19090));
#19140=FACE_OUTER_BOUND('',#19130,.T.);
#19150=ADVANCED_FACE('',(#19140),#17620,.T.);
#19160=COLOUR_RGB('',1.,0.839215755462646,0.301960796117783);
#19170=FILL_AREA_STYLE_COLOUR('',#19160);
#19180=FILL_AREA_STYLE('',(#19170));
#19190=SURFACE_STYLE_FILL_AREA(#19180);
#19200=SURFACE_SIDE_STYLE('',(#19190));
#19210=SURFACE_STYLE_USAGE(.BOTH.,#19200);
#19220=PRESENTATION_STYLE_ASSIGNMENT((#19210));
#19230=CARTESIAN_POINT('',(12.7499999999988,-3.81940265289802,
38.0000000000049));
#19240=DIRECTION('',(1.,6.69535286834775E-17,1.45325078413766E-13));
#19250=DIRECTION('',(6.69535286834775E-17,-1.,-2.58643516170467E-29));
#19260=AXIS2_PLACEMENT_3D('',#19230,#19240,#19250);
#19270=PLANE('',#19260);
#19280=ORIENTED_EDGE('',*,*,#5200,.F.);
#19290=ORIENTED_EDGE('',*,*,#17120,.T.);
#19300=ORIENTED_EDGE('',*,*,#7210,.T.);
#19310=ORIENTED_EDGE('',*,*,#17430,.F.);
#19320=EDGE_LOOP('',(#19310,#19300,#19290,#19280));
#19330=FACE_OUTER_BOUND('',#19320,.T.);
#19340=ADVANCED_FACE('',(#19330),#19270,.F.);
#19350=COLOUR_RGB('',1.,0.839215755462646,0.301960796117783);
#19360=FILL_AREA_STYLE_COLOUR('',#19350);
#19370=FILL_AREA_STYLE('',(#19360));
#19380=SURFACE_STYLE_FILL_AREA(#19370);
#19390=SURFACE_SIDE_STYLE('',(#19380));
#19400=SURFACE_STYLE_USAGE(.BOTH.,#19390);
#19410=PRESENTATION_STYLE_ASSIGNMENT((#19400));
#19420=CARTESIAN_POINT('',(15.0857864376349,-6.85000023065422,
38.0000000000053));
#19430=DIRECTION('',(-1.22464679914659E-16,1.,1.77971892115367E-29));
#19440=DIRECTION('',(1.,1.22464679914659E-16,1.45325078413766E-13));
#19450=AXIS2_PLACEMENT_3D('',#19420,#19430,#19440);
#19460=PLANE('',#19450);
#19470=ORIENTED_EDGE('',*,*,#5040,.F.);
#19480=CARTESIAN_POINT('',(15.5000000000135,-6.85000023065422,
-3.36520855626077E-9));
#19490=DIRECTION('',(-1.45325078413766E-13,-2.67748269837474E-29,1.));
#19500=VECTOR('',#19490,1.);
#19510=LINE('',#19480,#19500);
#19520=EDGE_CURVE('',#7360,#4950,#19510,.T.);
#19530=ORIENTED_EDGE('',*,*,#19520,.T.);
#19540=ORIENTED_EDGE('',*,*,#7370,.T.);
#19550=ORIENTED_EDGE('',*,*,#17050,.F.);
#19560=EDGE_LOOP('',(#19550,#19540,#19530,#19470));
#19570=FACE_OUTER_BOUND('',#19560,.T.);
#19580=ADVANCED_FACE('',(#19570),#19460,.F.);
#19590=COLOUR_RGB('',1.,0.839215755462646,0.301960796117783);
#19600=FILL_AREA_STYLE_COLOUR('',#19590);
#19610=FILL_AREA_STYLE('',(#19600));
#19620=SURFACE_STYLE_FILL_AREA(#19610);
#19630=SURFACE_SIDE_STYLE('',(#19620));
#19640=SURFACE_STYLE_USAGE(.BOTH.,#19630);
#19650=PRESENTATION_STYLE_ASSIGNMENT((#19640));
#19660=CARTESIAN_POINT('',(27.002081528031,4.65208129736868,
38.000000000007));
#19670=DIRECTION('',(-0.707106781186544,0.707106781186551,
-1.0276034842284E-13));
#19680=DIRECTION('',(0.707106781186551,0.707106781186544,
1.02760348422841E-13));
#19690=AXIS2_PLACEMENT_3D('',#19660,#19670,#19680);
#19700=PLANE('',#19690);
#19710=ORIENTED_EDGE('',*,*,#4960,.F.);
#19720=CARTESIAN_POINT('',(27.5000000000193,5.14999976935151,
-3.36520855626077E-9));
#19730=DIRECTION('',(-1.45325078413766E-13,-2.67748269837472E-29,1.));
#19740=VECTOR('',#19730,1.);
#19750=LINE('',#19720,#19740);
#19760=EDGE_CURVE('',#7440,#4870,#19750,.T.);
#19770=ORIENTED_EDGE('',*,*,#19760,.T.);
#19780=ORIENTED_EDGE('',*,*,#7450,.T.);
#19790=ORIENTED_EDGE('',*,*,#19520,.F.);
#19800=EDGE_LOOP('',(#19790,#19780,#19770,#19710));
#19810=FACE_OUTER_BOUND('',#19800,.T.);
#19820=ADVANCED_FACE('',(#19810),#19700,.F.);
#19830=COLOUR_RGB('',1.,0.839215755462646,0.301960796117783);
#19840=FILL_AREA_STYLE_COLOUR('',#19830);
#19850=FILL_AREA_STYLE('',(#19840));
#19860=SURFACE_STYLE_FILL_AREA(#19850);
#19870=SURFACE_SIDE_STYLE('',(#19860));
#19880=SURFACE_STYLE_USAGE(.BOTH.,#19870);
#19890=PRESENTATION_STYLE_ASSIGNMENT((#19880));
#19900=CARTESIAN_POINT('',(-17.1322701044295,5.28341552778775,
33.0000000000097));
#19910=DIRECTION('',(-0.908694210437211,0.417462371858704,0.));
#19920=DIRECTION('',(0.417462371858704,0.908694210437211,
-2.77555756156289E-17));
#19930=AXIS2_PLACEMENT_3D('',#19900,#19910,#19920);
#19940=PLANE('',#19930);
#19950=CARTESIAN_POINT('',(-19.605460083106,-0.100000000008084,
33.0000000000097));
#19960=DIRECTION('',(-0.417462371858704,-0.908694210437211,0.));
#19970=VECTOR('',#19960,1.);
#19980=LINE('',#19950,#19970);
#19990=CARTESIAN_POINT('',(-17.7952534073099,3.8402936333253,
33.0000000000097));
#20000=VERTEX_POINT('',#19990);
#20010=CARTESIAN_POINT('',(-18.7265640939026,1.81310103807998,
33.0000000000097));
#20020=VERTEX_POINT('',#20010);
#20030=EDGE_CURVE('',#20000,#20020,#19980,.T.);
#20040=ORIENTED_EDGE('',*,*,#20030,.T.);
#20050=CARTESIAN_POINT('',(-17.7952534073106,3.8402936333253,
38.0000000000005));
#20060=DIRECTION('',(-1.45325078413766E-13,-3.55943784230514E-29,1.));
#20070=VECTOR('',#20060,1.);
#20080=LINE('',#20050,#20070);
#20090=CARTESIAN_POINT('',(-17.7952534073094,3.84029363332538,
27.0000000000097));
#20100=VERTEX_POINT('',#20090);
#20110=EDGE_CURVE('',#20100,#20000,#20080,.T.);
#20120=ORIENTED_EDGE('',*,*,#20110,.T.);
#20130=CARTESIAN_POINT('',(-14.873546657799,10.199999769365,
27.0000000000097));
#20140=DIRECTION('',(0.417462371858704,0.908694210437211,
-2.77555756156289E-17));
#20150=VECTOR('',#20140,1.);
#20160=LINE('',#20130,#20150);
#20170=CARTESIAN_POINT('',(-18.7265640939026,1.81310103808006,
27.0000000000097));
#20180=VERTEX_POINT('',#20170);
#20190=EDGE_CURVE('',#20180,#20100,#20160,.T.);
#20200=ORIENTED_EDGE('',*,*,#20190,.T.);
#20210=CARTESIAN_POINT('',(-18.7265640939026,1.81310103807998,
-3.36520855626077E-9));
#20220=DIRECTION('',(0.,0.,1.));
#20230=VECTOR('',#20220,1.);
#20240=LINE('',#20210,#20230);
#20250=EDGE_CURVE('',#20180,#20020,#20240,.T.);
#20260=ORIENTED_EDGE('',*,*,#20250,.F.);
#20270=EDGE_LOOP('',(#20260,#20200,#20120,#20040));
#20280=FACE_OUTER_BOUND('',#20270,.T.);
#20290=ADVANCED_FACE('',(#20280),#19940,.F.);
#20300=COLOUR_RGB('',0.823529481887817,0.823529481887817,
0.784313797950745);
#20310=FILL_AREA_STYLE_COLOUR('',#20300);
#20320=FILL_AREA_STYLE('',(#20310));
#20330=SURFACE_STYLE_FILL_AREA(#20320);
#20340=SURFACE_SIDE_STYLE('',(#20330));
#20350=SURFACE_STYLE_USAGE(.BOTH.,#20340);
#20360=PRESENTATION_STYLE_ASSIGNMENT((#20350));
#20370=ORIENTED_EDGE('',*,*,#20030,.F.);
#20380=CARTESIAN_POINT('',(-19.8310934932297,-0.100000000008084,
33.0000000000097));
#20390=DIRECTION('',(-0.5,-0.866025403784439,0.));
#20400=VECTOR('',#20390,1.);
#20410=LINE('',#20380,#20400);
#20420=CARTESIAN_POINT('',(-19.1981472674175,0.996295021557718,
33.0000000000097));
#20430=VERTEX_POINT('',#20420);
#20440=EDGE_CURVE('',#20020,#20430,#20410,.T.);
#20450=ORIENTED_EDGE('',*,*,#20440,.F.);
#20460=CARTESIAN_POINT('',(-10.9999999999489,-0.300000230648521,
33.0000000000097));
#20470=DIRECTION('',(-1.45325078413766E-13,-3.55943784230514E-29,1.));
#20480=DIRECTION('',(1.,-5.17275583541921E-42,1.45325078413766E-13));
#20490=AXIS2_PLACEMENT_3D('',#20460,#20470,#20480);
#20500=CIRCLE('',#20490,8.3);
#20510=CARTESIAN_POINT('',(-18.3351716529819,3.58397412831875,
33.0000000000096));
#20520=VERTEX_POINT('',#20510);
#20530=EDGE_CURVE('',#20520,#20430,#20500,.T.);
#20540=ORIENTED_EDGE('',*,*,#20530,.T.);
#20550=CARTESIAN_POINT('',(-17.8932938425601,3.34999976934579,
33.0000000000097));
#20560=DIRECTION('',(-1.45325078413766E-13,-3.55943784230514E-29,1.));
#20570=DIRECTION('',(1.,-5.17275583541921E-42,1.45325078413766E-13));
#20580=AXIS2_PLACEMENT_3D('',#20550,#20560,#20570);
#20590=CIRCLE('',#20580,0.5);
#20600=EDGE_CURVE('',#20000,#20520,#20590,.T.);
#20610=ORIENTED_EDGE('',*,*,#20600,.T.);
#20620=EDGE_LOOP('',(#20610,#20540,#20450,#20370));
#20630=FACE_OUTER_BOUND('',#20620,.T.);
#20640=ADVANCED_FACE('',(#20630),#14880,.T.);
#20650=COLOUR_RGB('',0.823529481887817,0.823529481887817,
0.784313797950745);
#20660=FILL_AREA_STYLE_COLOUR('',#20650);
#20670=FILL_AREA_STYLE('',(#20660));
#20680=SURFACE_STYLE_FILL_AREA(#20670);
#20690=SURFACE_SIDE_STYLE('',(#20680));
#20700=SURFACE_STYLE_USAGE(.BOTH.,#20690);
#20710=PRESENTATION_STYLE_ASSIGNMENT((#20700));
#20720=CARTESIAN_POINT('',(-19.4347670815437,0.586457481413635,
31.7919976003436));
#20730=DIRECTION('',(-0.866025403784439,0.5,0.));
#20740=DIRECTION('',(0.5,0.866025403784439,0.));
#20750=AXIS2_PLACEMENT_3D('',#20720,#20730,#20740);
#20760=PLANE('',#20750);
#20770=ORIENTED_EDGE('',*,*,#20440,.T.);
#20780=ORIENTED_EDGE('',*,*,#20250,.T.);
#20790=CARTESIAN_POINT('',(-13.8843858537358,10.1999997693534,
27.0000000000097));
#20800=DIRECTION('',(-0.5,-0.866025403784439,0.));
#20810=VECTOR('',#20800,1.);
#20820=LINE('',#20790,#20810);
#20830=CARTESIAN_POINT('',(-19.1981472674167,0.996295021558946,
27.0000000000085));
#20840=VERTEX_POINT('',#20830);
#20850=EDGE_CURVE('',#20180,#20840,#20820,.T.);
#20860=ORIENTED_EDGE('',*,*,#20850,.F.);
#20870=CARTESIAN_POINT('',(-19.1981472674185,0.996295021557905,
38.0000000000003));
#20880=DIRECTION('',(-1.45325078413766E-13,-3.55943784230514E-29,1.));
#20890=VECTOR('',#20880,1.);
#20900=LINE('',#20870,#20890);
#20910=EDGE_CURVE('',#20840,#20430,#20900,.T.);
#20920=ORIENTED_EDGE('',*,*,#20910,.F.);
#20930=EDGE_LOOP('',(#20920,#20860,#20780,#20770));
#20940=FACE_OUTER_BOUND('',#20930,.T.);
#20950=ADVANCED_FACE('',(#20940),#20760,.F.);
#20960=COLOUR_RGB('',0.823529481887817,0.823529481887817,
0.784313797950745);
#20970=FILL_AREA_STYLE_COLOUR('',#20960);
#20980=FILL_AREA_STYLE('',(#20970));
#20990=SURFACE_STYLE_FILL_AREA(#20980);
#21000=SURFACE_SIDE_STYLE('',(#20990));
#21010=SURFACE_STYLE_USAGE(.BOTH.,#21000);
#21020=PRESENTATION_STYLE_ASSIGNMENT((#21010));
#21030=CARTESIAN_POINT('',(-10.9999999999497,-0.300000230648521,
38.0000000000015));
#21040=DIRECTION('',(-1.45325078413766E-13,-3.55943784230514E-29,1.));
#21050=DIRECTION('',(1.,-5.17275583541921E-42,1.45325078413766E-13));
#21060=AXIS2_PLACEMENT_3D('',#21030,#21040,#21050);
#21070=CYLINDRICAL_SURFACE('',#21060,8.3);
#21080=ORIENTED_EDGE('',*,*,#650,.T.);
#21090=CARTESIAN_POINT('',(-18.3351716529826,3.58397412831875,
38.0000000000004));
#21100=DIRECTION('',(1.45325078413766E-13,3.55943784230514E-29,-1.));
#21110=VECTOR('',#21100,1.);
#21120=LINE('',#21090,#21110);
#21130=EDGE_CURVE('',#550,#20520,#21120,.T.);
#21140=ORIENTED_EDGE('',*,*,#21130,.F.);
#21150=ORIENTED_EDGE('',*,*,#20530,.F.);
#21160=ORIENTED_EDGE('',*,*,#20910,.T.);
#21170=CARTESIAN_POINT('',(-10.9999999999481,-0.300000230648521,
27.0000000000097));
#21180=DIRECTION('',(-1.45325078413766E-13,-3.55943784230514E-29,1.));
#21190=DIRECTION('',(1.,-5.17275583541921E-42,1.45325078413766E-13));
#21200=AXIS2_PLACEMENT_3D('',#21170,#21180,#21190);
#21210=CIRCLE('',#21200,8.3);
#21220=CARTESIAN_POINT('',(-18.3351716529505,3.58397412830257,
27.0000000000086));
#21230=VERTEX_POINT('',#21220);
#21240=EDGE_CURVE('',#21230,#20840,#21210,.T.);
#21250=ORIENTED_EDGE('',*,*,#21240,.T.);
#21260=EDGE_CURVE('',#21230,#11760,#21120,.T.);
#21270=ORIENTED_EDGE('',*,*,#21260,.F.);
#21280=ORIENTED_EDGE('',*,*,#11770,.F.);
#21290=CARTESIAN_POINT('',(-19.2999999999497,-0.300000230648521,
38.0000000000003));
#21300=DIRECTION('',(1.45325078413766E-13,3.55943784230514E-29,-1.));
#21310=VECTOR('',#21300,1.);
#21320=LINE('',#21290,#21310);
#21330=EDGE_CURVE('',#640,#11670,#21320,.T.);
#21340=ORIENTED_EDGE('',*,*,#21330,.T.);
#21350=EDGE_LOOP('',(#21340,#21280,#21270,#21250,#21160,#21150,#21140,
#21080));
#21360=FACE_OUTER_BOUND('',#21350,.T.);
#21370=ADVANCED_FACE('',(#21360),#21070,.F.);
#21380=COLOUR_RGB('',1.,0.839215755462646,0.301960796117783);
#21390=FILL_AREA_STYLE_COLOUR('',#21380);
#21400=FILL_AREA_STYLE('',(#21390));
#21410=SURFACE_STYLE_FILL_AREA(#21400);
#21420=SURFACE_SIDE_STYLE('',(#21410));
#21430=SURFACE_STYLE_USAGE(.BOTH.,#21420);
#21440=PRESENTATION_STYLE_ASSIGNMENT((#21430));
#21450=CARTESIAN_POINT('',(-17.8932938425608,3.34999976934579,
38.0000000000005));
#21460=DIRECTION('',(-1.45325078413766E-13,-3.55943784230514E-29,1.));
#21470=DIRECTION('',(1.,-5.17275583541921E-42,1.45325078413766E-13));
#21480=AXIS2_PLACEMENT_3D('',#21450,#21460,#21470);
#21490=CYLINDRICAL_SURFACE('',#21480,0.5);
#21500=CARTESIAN_POINT('',(-17.8932938425592,3.34999976934579,
27.0000000000097));
#21510=DIRECTION('',(-1.45325078413766E-13,-3.55943784230514E-29,1.));
#21520=DIRECTION('',(1.,-5.17275583541921E-42,1.45325078413766E-13));
#21530=AXIS2_PLACEMENT_3D('',#21500,#21510,#21520);
#21540=CIRCLE('',#21530,0.5);
#21550=EDGE_CURVE('',#20100,#21230,#21540,.T.);
#21560=ORIENTED_EDGE('',*,*,#21550,.T.);
#21570=ORIENTED_EDGE('',*,*,#20110,.F.);
#21580=ORIENTED_EDGE('',*,*,#20600,.F.);
#21590=ORIENTED_EDGE('',*,*,#21130,.T.);
#21600=ORIENTED_EDGE('',*,*,#560,.T.);
#21610=CARTESIAN_POINT('',(-17.4514160321397,3.11602541037143,
38.0000000000005));
#21620=DIRECTION('',(1.45325078413766E-13,3.55943784230514E-29,-1.));
#21630=VECTOR('',#21620,1.);
#21640=LINE('',#21610,#21630);
#21650=EDGE_CURVE('',#460,#11850,#21640,.T.);
#21660=ORIENTED_EDGE('',*,*,#21650,.F.);
#21670=ORIENTED_EDGE('',*,*,#11860,.F.);
#21680=ORIENTED_EDGE('',*,*,#21260,.T.);
#21690=EDGE_LOOP('',(#21680,#21670,#21660,#21600,#21590,#21580,#21570,
#21560));
#21700=FACE_OUTER_BOUND('',#21690,.T.);
#21710=ADVANCED_FACE('',(#21700),#21490,.F.);
#21720=COLOUR_RGB('',1.,0.839215755462646,0.301960796117783);
#21730=FILL_AREA_STYLE_COLOUR('',#21720);
#21740=FILL_AREA_STYLE('',(#21730));
#21750=SURFACE_STYLE_FILL_AREA(#21740);
#21760=SURFACE_SIDE_STYLE('',(#21750));
#21770=SURFACE_STYLE_USAGE(.BOTH.,#21760);
#21780=PRESENTATION_STYLE_ASSIGNMENT((#21770));
#21790=CARTESIAN_POINT('',(-10.9999999999918,-0.300000230654206,
38.0000000000015));
#21800=DIRECTION('',(-1.45325078413766E-13,-3.55943784230514E-29,1.));
#21810=DIRECTION('',(1.,-5.17275583541921E-42,1.45325078413766E-13));
#21820=AXIS2_PLACEMENT_3D('',#21790,#21800,#21810);
#21830=CYLINDRICAL_SURFACE('',#21820,7.3);
#21840=ORIENTED_EDGE('',*,*,#470,.F.);
#21850=CARTESIAN_POINT('',(-18.2663608498251,0.399999769352555,
38.0000000000004));
#21860=DIRECTION('',(-1.45325078413766E-13,-3.55943784230514E-29,1.));
#21870=VECTOR('',#21860,1.);
#21880=LINE('',#21850,#21870);
#21890=EDGE_CURVE('',#11940,#370,#21880,.T.);
#21900=ORIENTED_EDGE('',*,*,#21890,.T.);
#21910=ORIENTED_EDGE('',*,*,#11950,.T.);
#21920=ORIENTED_EDGE('',*,*,#21650,.T.);
#21930=EDGE_LOOP('',(#21920,#21910,#21900,#21840));
#21940=FACE_OUTER_BOUND('',#21930,.T.);
#21950=ADVANCED_FACE('',(#21940),#21830,.T.);
#21960=COLOUR_RGB('',1.,0.839215755462646,0.301960796117783);
#21970=FILL_AREA_STYLE_COLOUR('',#21960);
#21980=FILL_AREA_STYLE('',(#21970));
#21990=SURFACE_STYLE_FILL_AREA(#21980);
#22000=SURFACE_SIDE_STYLE('',(#21990));
#22010=SURFACE_STYLE_USAGE(.BOTH.,#22000);
#22020=PRESENTATION_STYLE_ASSIGNMENT((#22010));
#22030=CARTESIAN_POINT('',(-19.2999999999497,-0.300000230648521,
38.0000000000003));
#22040=DIRECTION('',(-1.,5.17275583541921E-42,-1.45325078413766E-13));
#22050=DIRECTION('',(-6.37236764452981E-58,1.,3.55943784230514E-29));
#22060=AXIS2_PLACEMENT_3D('',#22030,#22040,#22050);
#22070=PLANE('',#22060);
#22080=ORIENTED_EDGE('',*,*,#730,.F.);
#22090=ORIENTED_EDGE('',*,*,#21330,.F.);
#22100=ORIENTED_EDGE('',*,*,#11680,.T.);
#22110=CARTESIAN_POINT('',(-19.2999999999442,-0.900000230647446,
-3.36520855626077E-9));
#22120=DIRECTION('',(1.45325078413766E-13,3.92010674319384E-29,-1.));
#22130=VECTOR('',#22120,1.);
#22140=LINE('',#22110,#22130);
#22150=EDGE_CURVE('',#720,#11590,#22140,.T.);
#22160=ORIENTED_EDGE('',*,*,#22150,.T.);
#22170=EDGE_LOOP('',(#22160,#22100,#22090,#22080));
#22180=FACE_OUTER_BOUND('',#22170,.T.);
#22190=ADVANCED_FACE('',(#22180),#22070,.F.);
#22200=COLOUR_RGB('',1.,0.839215755462646,0.301960796117783);
#22210=FILL_AREA_STYLE_COLOUR('',#22200);
#22220=FILL_AREA_STYLE('',(#22210));
#22230=SURFACE_STYLE_FILL_AREA(#22220);
#22240=SURFACE_SIDE_STYLE('',(#22230));
#22250=SURFACE_STYLE_USAGE(.BOTH.,#22240);
#22260=PRESENTATION_STYLE_ASSIGNMENT((#22250));
#22270=CARTESIAN_POINT('',(-27.9499999999497,-0.500000230648531,
37.999999999999));
#22280=DIRECTION('',(-1.45325078413766E-13,-3.55943784230514E-29,1.));
#22290=DIRECTION('',(1.,-5.17275583541921E-42,1.45325078413766E-13));
#22300=AXIS2_PLACEMENT_3D('',#22270,#22280,#22290);
#22310=CYLINDRICAL_SURFACE('',#22300,9.5);
#22320=ORIENTED_EDGE('',*,*,#1070,.F.);
#22330=CARTESIAN_POINT('',(-19.969999999908,-5.65457101775919,
38.0000000000002));
#22340=DIRECTION('',(1.45325078413766E-13,3.55943784230514E-29,-1.));
#22350=VECTOR('',#22340,1.);
#22360=LINE('',#22330,#22350);
#22370=EDGE_CURVE('',#970,#11340,#22360,.T.);
#22380=ORIENTED_EDGE('',*,*,#22370,.F.);
#22390=ORIENTED_EDGE('',*,*,#11350,.T.);
#22400=CARTESIAN_POINT('',(-20.8840605719613,-6.85000023064853,
38.0000000000001));
#22410=DIRECTION('',(-1.45325078413766E-13,-3.55943784230514E-29,1.));
#22420=VECTOR('',#22410,1.);
#22430=LINE('',#22400,#22420);
#22440=EDGE_CURVE('',#11250,#1060,#22430,.T.);
#22450=ORIENTED_EDGE('',*,*,#22440,.F.);
#22460=EDGE_LOOP('',(#22450,#22390,#22380,#22320));
#22470=FACE_OUTER_BOUND('',#22460,.T.);
#22480=ADVANCED_FACE('',(#22470),#22310,.T.);
#22490=COLOUR_RGB('',1.,0.839215755462646,0.301960796117783);
#22500=FILL_AREA_STYLE_COLOUR('',#22490);
#22510=FILL_AREA_STYLE('',(#22500));
#22520=SURFACE_STYLE_FILL_AREA(#22510);
#22530=SURFACE_SIDE_STYLE('',(#22520));
#22540=SURFACE_STYLE_USAGE(.BOTH.,#22530);
#22550=PRESENTATION_STYLE_ASSIGNMENT((#22540));
#22560=CARTESIAN_POINT('',(-25.8499999999497,-1.8564662272737,
37.9999999999993));
#22570=DIRECTION('',(-1.45325078413766E-13,-3.55943784230514E-29,1.));
#22580=DIRECTION('',(1.,-5.17275583541921E-42,1.45325078413766E-13));
#22590=AXIS2_PLACEMENT_3D('',#22560,#22570,#22580);
#22600=CYLINDRICAL_SURFACE('',#22590,7.);
#22610=ORIENTED_EDGE('',*,*,#980,.F.);
#22620=CARTESIAN_POINT('',(-18.8499999999497,-1.85646622727938,
38.0000000000003));
#22630=DIRECTION('',(1.45325078413766E-13,3.55943784230514E-29,-1.));
#22640=VECTOR('',#22630,1.);
#22650=LINE('',#22620,#22640);
#22660=EDGE_CURVE('',#880,#11430,#22650,.T.);
#22670=ORIENTED_EDGE('',*,*,#22660,.F.);
#22680=ORIENTED_EDGE('',*,*,#11440,.T.);
#22690=ORIENTED_EDGE('',*,*,#22370,.T.);
#22700=EDGE_LOOP('',(#22690,#22680,#22670,#22610));
#22710=FACE_OUTER_BOUND('',#22700,.T.);
#22720=ADVANCED_FACE('',(#22710),#22600,.T.);
#22730=COLOUR_RGB('',1.,0.839215755462646,0.301960796117783);
#22740=FILL_AREA_STYLE_COLOUR('',#22730);
#22750=FILL_AREA_STYLE('',(#22740));
#22760=SURFACE_STYLE_FILL_AREA(#22750);
#22770=SURFACE_SIDE_STYLE('',(#22760));
#22780=SURFACE_STYLE_USAGE(.BOTH.,#22770);
#22790=PRESENTATION_STYLE_ASSIGNMENT((#22780));
#22800=CARTESIAN_POINT('',(-18.8499999999497,-1.02057736724144,
38.0000000000003));
#22810=DIRECTION('',(-1.,1.96450206063904E-45,-1.45325078413766E-13));
#22820=DIRECTION('',(-5.17079133335858E-42,1.,3.55943784230514E-29));
#22830=AXIS2_PLACEMENT_3D('',#22800,#22810,#22820);
#22840=PLANE('',#22830);
#22850=ORIENTED_EDGE('',*,*,#890,.T.);
#22860=CARTESIAN_POINT('',(-18.8499999999442,-1.02057736724145,
-3.36520855626077E-9));
#22870=DIRECTION('',(1.45325078413766E-13,3.92010674319384E-29,-1.));
#22880=VECTOR('',#22870,1.);
#22890=LINE('',#22860,#22880);
#22900=EDGE_CURVE('',#800,#11510,#22890,.T.);
#22910=ORIENTED_EDGE('',*,*,#22900,.F.);
#22920=ORIENTED_EDGE('',*,*,#11520,.T.);
#22930=ORIENTED_EDGE('',*,*,#22660,.T.);
#22940=EDGE_LOOP('',(#22930,#22920,#22910,#22850));
#22950=FACE_OUTER_BOUND('',#22940,.T.);
#22960=ADVANCED_FACE('',(#22950),#22840,.F.);
#22970=COLOUR_RGB('',1.,0.839215755462646,0.301960796117783);
#22980=FILL_AREA_STYLE_COLOUR('',#22970);
#22990=FILL_AREA_STYLE('',(#22980));
#23000=SURFACE_STYLE_FILL_AREA(#22990);
#23010=SURFACE_SIDE_STYLE('',(#23000));
#23020=SURFACE_STYLE_USAGE(.BOTH.,#23010);
#23030=PRESENTATION_STYLE_ASSIGNMENT((#23020));
#23040=CARTESIAN_POINT('',(-28.6818442431308,-3.23942768811447,
37.9999999999989));
#23050=DIRECTION('',(-0.258819045102521,0.965925826289068,
-3.76128980244999E-14));
#23060=DIRECTION('',(0.965925826289068,0.258819045102521,
1.40373246447341E-13));
#23070=AXIS2_PLACEMENT_3D('',#23040,#23050,#23060);
#23080=PLANE('',#23070);
#23090=ORIENTED_EDGE('',*,*,#1740,.T.);
#23100=CARTESIAN_POINT('',(-28.6818442431308,-3.23942768811447,
37.9999999999989));
#23110=DIRECTION('',(1.45325078413766E-13,3.55943784230514E-29,-1.));
#23120=VECTOR('',#23110,1.);
#23130=LINE('',#23100,#23120);
#23140=EDGE_CURVE('',#1650,#10660,#23130,.T.);
#23150=ORIENTED_EDGE('',*,*,#23140,.F.);
#23160=ORIENTED_EDGE('',*,*,#10670,.T.);
#23170=CARTESIAN_POINT('',(-29.5312949443045,-3.467037317504,
37.9999999999988));
#23180=DIRECTION('',(1.45325078413766E-13,3.55943784230514E-29,-1.));
#23190=VECTOR('',#23180,1.);
#23200=LINE('',#23170,#23190);
#23210=EDGE_CURVE('',#1730,#10580,#23200,.T.);
#23220=ORIENTED_EDGE('',*,*,#23210,.T.);
#23230=EDGE_LOOP('',(#23220,#23160,#23150,#23090));
#23240=FACE_OUTER_BOUND('',#23230,.T.);
#23250=ADVANCED_FACE('',(#23240),#23080,.F.);
#23260=COLOUR_RGB('',1.,0.839215755462646,0.301960796117783);
#23270=FILL_AREA_STYLE_COLOUR('',#23260);
#23280=FILL_AREA_STYLE('',(#23270));
#23290=SURFACE_STYLE_FILL_AREA(#23280);
#23300=SURFACE_SIDE_STYLE('',(#23290));
#23310=SURFACE_STYLE_USAGE(.BOTH.,#23300);
#23320=PRESENTATION_STYLE_ASSIGNMENT((#23310));
#23330=CARTESIAN_POINT('',(-29.4018854217532,-3.95000023064853,
37.9999999999988));
#23340=DIRECTION('',(-1.45325078413766E-13,-3.55943784230514E-29,1.));
#23350=DIRECTION('',(1.,0.,1.45325078413766E-13));
#23360=AXIS2_PLACEMENT_3D('',#23330,#23340,#23350);
#23370=CYLINDRICAL_SURFACE('',#23360,0.499999999999999);
#23380=ORIENTED_EDGE('',*,*,#1830,.T.);
#23390=ORIENTED_EDGE('',*,*,#23210,.F.);
#23400=ORIENTED_EDGE('',*,*,#10590,.F.);
#23410=CARTESIAN_POINT('',(-29.4018854217532,-4.45000023064853,
37.9999999999988));
#23420=DIRECTION('',(1.45325078413766E-13,3.55943784230514E-29,-1.));
#23430=VECTOR('',#23420,1.);
#23440=LINE('',#23410,#23430);
#23450=EDGE_CURVE('',#1820,#10490,#23440,.T.);
#23460=ORIENTED_EDGE('',*,*,#23450,.T.);
#23470=EDGE_LOOP('',(#23460,#23400,#23390,#23380));
#23480=FACE_OUTER_BOUND('',#23470,.T.);
#23490=ADVANCED_FACE('',(#23480),#23370,.F.);
#23500=COLOUR_RGB('',0.313725501298904,0.784313797950745,
0.313725501298904);
#23510=FILL_AREA_STYLE_COLOUR('',#23500);
#23520=FILL_AREA_STYLE('',(#23510));
#23530=SURFACE_STYLE_FILL_AREA(#23520);
#23540=SURFACE_SIDE_STYLE('',(#23530));
#23550=SURFACE_STYLE_USAGE(.BOTH.,#23540);
#23560=PRESENTATION_STYLE_ASSIGNMENT((#23550));
#23570=CARTESIAN_POINT('',(-29.4018854217532,-4.45000023064853,
37.9999999999988));
#23580=DIRECTION('',(5.17275583541921E-42,-1.,-3.55943784230514E-29));
#23590=DIRECTION('',(-1.,0.,-1.45325078413766E-13));
#23600=AXIS2_PLACEMENT_3D('',#23570,#23580,#23590);
#23610=PLANE('',#23600);
#23620=ORIENTED_EDGE('',*,*,#1910,.F.);
#23630=ORIENTED_EDGE('',*,*,#23450,.F.);
#23640=ORIENTED_EDGE('',*,*,#10500,.T.);
#23650=CARTESIAN_POINT('',(-25.6024817400023,-4.45000023064853,
37.9999999999994));
#23660=DIRECTION('',(-1.45325078413766E-13,-3.55943784230514E-29,1.));
#23670=VECTOR('',#23660,1.);
#23680=LINE('',#23650,#23670);
#23690=EDGE_CURVE('',#10410,#1900,#23680,.T.);
#23700=ORIENTED_EDGE('',*,*,#23690,.F.);
#23710=EDGE_LOOP('',(#23700,#23640,#23630,#23620));
#23720=FACE_OUTER_BOUND('',#23710,.T.);
#23730=ADVANCED_FACE('',(#23720),#23610,.F.);
#23740=COLOUR_RGB('',0.313725501298904,0.784313797950745,
0.313725501298904);
#23750=FILL_AREA_STYLE_COLOUR('',#23740);
#23760=FILL_AREA_STYLE('',(#23750));
#23770=SURFACE_STYLE_FILL_AREA(#23760);
#23780=SURFACE_SIDE_STYLE('',(#23770));
#23790=SURFACE_STYLE_USAGE(.BOTH.,#23780);
#23800=PRESENTATION_STYLE_ASSIGNMENT((#23790));
#23810=CARTESIAN_POINT('',(-28.8241947179372,-2.70816848365548,
37.9999999999989));
#23820=DIRECTION('',(-1.45325078413766E-13,-3.55943784230514E-29,1.));
#23830=DIRECTION('',(1.,1.27447352890596E-57,1.45325078413766E-13));
#23840=AXIS2_PLACEMENT_3D('',#23810,#23820,#23830);
#23850=CYLINDRICAL_SURFACE('',#23840,0.55);
#23860=ORIENTED_EDGE('',*,*,#1660,.F.);
#23870=CARTESIAN_POINT('',(-28.6818442431308,-2.17690927919649,
37.9999999999989));
#23880=DIRECTION('',(1.45325078413766E-13,3.55943784230514E-29,-1.));
#23890=VECTOR('',#23880,1.);
#23900=LINE('',#23870,#23890);
#23910=EDGE_CURVE('',#1560,#10750,#23900,.T.);
#23920=ORIENTED_EDGE('',*,*,#23910,.F.);
#23930=ORIENTED_EDGE('',*,*,#10760,.T.);
#23940=ORIENTED_EDGE('',*,*,#23140,.T.);
#23950=EDGE_LOOP('',(#23940,#23930,#23920,#23860));
#23960=FACE_OUTER_BOUND('',#23950,.T.);
#23970=ADVANCED_FACE('',(#23960),#23850,.T.);
#23980=COLOUR_RGB('',1.,0.839215755462646,0.301960796117783);
#23990=FILL_AREA_STYLE_COLOUR('',#23980);
#24000=FILL_AREA_STYLE('',(#23990));
#24010=SURFACE_STYLE_FILL_AREA(#24000);
#24020=SURFACE_SIDE_STYLE('',(#24010));
#24030=SURFACE_STYLE_USAGE(.BOTH.,#24020);
#24040=PRESENTATION_STYLE_ASSIGNMENT((#24030));
#24050=CARTESIAN_POINT('',(-29.9018854217533,-1.85000023065188,
37.9999999999987));
#24060=DIRECTION('',(-0.258819045102521,-0.965925826289068,
-3.76128980245E-14));
#24070=DIRECTION('',(-0.965925826289068,0.258819045102521,
-1.40373246447341E-13));
#24080=AXIS2_PLACEMENT_3D('',#24050,#24060,#24070);
#24090=PLANE('',#24080);
#24100=ORIENTED_EDGE('',*,*,#1570,.T.);
#24110=CARTESIAN_POINT('',(-29.9018854217532,-1.8500002306519,
37.9999999999987));
#24120=DIRECTION('',(1.45325078413766E-13,3.55943784230514E-29,-1.));
#24130=VECTOR('',#24120,1.);
#24140=LINE('',#24110,#24130);
#24150=EDGE_CURVE('',#1480,#10830,#24140,.T.);
#24160=ORIENTED_EDGE('',*,*,#24150,.F.);
#24170=ORIENTED_EDGE('',*,*,#10840,.T.);
#24180=ORIENTED_EDGE('',*,*,#23910,.T.);
#24190=EDGE_LOOP('',(#24180,#24170,#24160,#24100));
#24200=FACE_OUTER_BOUND('',#24190,.T.);
#24210=ADVANCED_FACE('',(#24200),#24090,.F.);
#24220=COLOUR_RGB('',1.,0.839215755462646,0.301960796117783);
#24230=FILL_AREA_STYLE_COLOUR('',#24220);
#24240=FILL_AREA_STYLE('',(#24230));
#24250=SURFACE_STYLE_FILL_AREA(#24240);
#24260=SURFACE_SIDE_STYLE('',(#24250));
#24270=SURFACE_STYLE_USAGE(.BOTH.,#24260);
#24280=PRESENTATION_STYLE_ASSIGNMENT((#24270));
#24290=CARTESIAN_POINT('',(-31.4071067811859,50.2928932188454,
37.9999999999985));
#24300=DIRECTION('',(0.70710678118651,-0.707106781186585,
1.02760348422835E-13));
#24310=DIRECTION('',(-0.707106781186585,-0.70710678118651,
-1.02760348422846E-13));
#24320=AXIS2_PLACEMENT_3D('',#24290,#24300,#24310);
#24330=PLANE('',#24320);
#24340=ORIENTED_EDGE('',*,*,#2560,.F.);
#24350=CARTESIAN_POINT('',(-31.7000000000061,50.0000000000197,
-3.36520855626077E-9));
#24360=DIRECTION('',(-1.45325078413766E-13,-4.46247116395765E-29,1.));
#24370=VECTOR('',#24360,1.);
#24380=LINE('',#24350,#24370);
#24390=EDGE_CURVE('',#9840,#2470,#24380,.T.);
#24400=ORIENTED_EDGE('',*,*,#24390,.T.);
#24410=ORIENTED_EDGE('',*,*,#9850,.T.);
#24420=CARTESIAN_POINT('',(-30.117055747219,51.5829442528066,
-3.36520855626077E-9));
#24430=DIRECTION('',(-1.45325078413766E-13,-3.44669313984669E-29,1.));
#24440=VECTOR('',#24430,1.);
#24450=LINE('',#24420,#24440);
#24460=EDGE_CURVE('',#9760,#2550,#24450,.T.);
#24470=ORIENTED_EDGE('',*,*,#24460,.F.);
#24480=EDGE_LOOP('',(#24470,#24410,#24400,#24340));
#24490=FACE_OUTER_BOUND('',#24480,.T.);
#24500=ADVANCED_FACE('',(#24490),#24330,.F.);
#24510=COLOUR_RGB('',1.,0.839215755462646,0.301960796117783);
#24520=FILL_AREA_STYLE_COLOUR('',#24510);
#24530=FILL_AREA_STYLE('',(#24520));
#24540=SURFACE_STYLE_FILL_AREA(#24530);
#24550=SURFACE_SIDE_STYLE('',(#24540));
#24560=SURFACE_STYLE_USAGE(.BOTH.,#24550);
#24570=PRESENTATION_STYLE_ASSIGNMENT((#24560));
#24580=CARTESIAN_POINT('',(-23.1187107742308,54.0911611652504,
37.9999999999997));
#24590=DIRECTION('',(0.707106781186548,0.707106781186547,
1.02760348422841E-13));
#24600=DIRECTION('',(0.707106781186547,-0.707106781186548,
1.02760348422841E-13));
#24610=AXIS2_PLACEMENT_3D('',#24580,#24590,#24600);
#24620=PLANE('',#24610);
#24630=ORIENTED_EDGE('',*,*,#2960,.T.);
#24640=CARTESIAN_POINT('',(-23.1187107742252,54.0911611652503,
-3.36520855626077E-9));
#24650=DIRECTION('',(1.45325078413766E-13,4.28868531638324E-29,-1.));
#24660=VECTOR('',#24650,1.);
#24670=LINE('',#24640,#24660);
#24680=EDGE_CURVE('',#2870,#9440,#24670,.T.);
#24690=ORIENTED_EDGE('',*,*,#24680,.F.);
#24700=ORIENTED_EDGE('',*,*,#9450,.T.);
#24710=CARTESIAN_POINT('',(-23.8753150301037,54.8477654211288,
-3.36520855626077E-9));
#24720=DIRECTION('',(1.45325078413766E-13,3.96572153279021E-29,-1.));
#24730=VECTOR('',#24720,1.);
#24740=LINE('',#24710,#24730);
#24750=EDGE_CURVE('',#2950,#9360,#24740,.T.);
#24760=ORIENTED_EDGE('',*,*,#24750,.T.);
#24770=EDGE_LOOP('',(#24760,#24700,#24690,#24630));
#24780=FACE_OUTER_BOUND('',#24770,.T.);
#24790=ADVANCED_FACE('',(#24780),#24620,.F.);
#24800=COLOUR_RGB('',1.,0.839215755462646,0.301960796117783);
#24810=FILL_AREA_STYLE_COLOUR('',#24800);
#24820=FILL_AREA_STYLE('',(#24810));
#24830=SURFACE_STYLE_FILL_AREA(#24820);
#24840=SURFACE_SIDE_STYLE('',(#24830));
#24850=SURFACE_STYLE_USAGE(.BOTH.,#24840);
#24860=PRESENTATION_STYLE_ASSIGNMENT((#24850));
#24870=CARTESIAN_POINT('',(-23.8753150301092,54.8477654211288,
37.9999999999996));
#24880=DIRECTION('',(-0.707106781186547,0.707106781186548,
-1.02760348422841E-13));
#24890=DIRECTION('',(0.707106781186548,0.707106781186547,
1.02760348422841E-13));
#24900=AXIS2_PLACEMENT_3D('',#24870,#24880,#24890);
#24910=PLANE('',#24900);
#24920=ORIENTED_EDGE('',*,*,#3040,.F.);
#24930=ORIENTED_EDGE('',*,*,#24750,.F.);
#24940=ORIENTED_EDGE('',*,*,#9370,.T.);
#24950=CARTESIAN_POINT('',(-24.2485956159501,54.4744848352824,
-3.36520855626077E-9));
#24960=DIRECTION('',(-1.45325078413766E-13,-3.7913624538327E-29,1.));
#24970=VECTOR('',#24960,1.);
#24980=LINE('',#24950,#24970);
#24990=EDGE_CURVE('',#9280,#3030,#24980,.T.);
#25000=ORIENTED_EDGE('',*,*,#24990,.F.);
#25010=EDGE_LOOP('',(#25000,#24940,#24930,#24920));
#25020=FACE_OUTER_BOUND('',#25010,.T.);
#25030=ADVANCED_FACE('',(#25020),#24910,.F.);
#25040=COLOUR_RGB('',1.,0.839215755462646,0.301960796117783);
#25050=FILL_AREA_STYLE_COLOUR('',#25040);
#25060=FILL_AREA_STYLE('',(#25050));
#25070=SURFACE_STYLE_FILL_AREA(#25060);
#25080=SURFACE_SIDE_STYLE('',(#25070));
#25090=SURFACE_STYLE_USAGE(.BOTH.,#25080);
#25100=PRESENTATION_STYLE_ASSIGNMENT((#25090));
#25110=CARTESIAN_POINT('',(-27.591161165227,49.6187107742545,
37.9999999999991));
#25120=DIRECTION('',(0.707106781186506,-0.707106781186589,
1.02760348422835E-13));
#25130=DIRECTION('',(-0.707106781186589,-0.707106781186506,
-1.02760348422847E-13));
#25140=AXIS2_PLACEMENT_3D('',#25110,#25120,#25130);
#25150=PLANE('',#25140);
#25160=ORIENTED_EDGE('',*,*,#2880,.T.);
#25170=CARTESIAN_POINT('',(-27.5911611652215,49.6187107742545,
-3.36520855626077E-9));
#25180=DIRECTION('',(1.45325078413766E-13,4.04031050079941E-29,-1.));
#25190=VECTOR('',#25180,1.);
#25200=LINE('',#25170,#25190);
#25210=EDGE_CURVE('',#2790,#9520,#25200,.T.);
#25220=ORIENTED_EDGE('',*,*,#25210,.F.);
#25230=ORIENTED_EDGE('',*,*,#9530,.T.);
#25240=ORIENTED_EDGE('',*,*,#24680,.T.);
#25250=EDGE_LOOP('',(#25240,#25230,#25220,#25160));
#25260=FACE_OUTER_BOUND('',#25250,.T.);
#25270=ADVANCED_FACE('',(#25260),#25150,.F.);
#25280=COLOUR_RGB('',1.,0.839215755462646,0.301960796117783);
#25290=FILL_AREA_STYLE_COLOUR('',#25280);
#25300=FILL_AREA_STYLE('',(#25290));
#25310=SURFACE_STYLE_FILL_AREA(#25300);
#25320=SURFACE_SIDE_STYLE('',(#25310));
#25330=SURFACE_STYLE_USAGE(.BOTH.,#25320);
#25340=PRESENTATION_STYLE_ASSIGNMENT((#25330));
#25350=CARTESIAN_POINT('',(-28.1586143571379,50.5644660940823,
37.999999999999));
#25360=DIRECTION('',(-0.707106781186547,0.707106781186548,
-1.02760348422841E-13));
#25370=DIRECTION('',(0.707106781186548,0.707106781186547,
1.02760348422841E-13));
#25380=AXIS2_PLACEMENT_3D('',#25350,#25360,#25370);
#25390=PLANE('',#25380);
#25400=ORIENTED_EDGE('',*,*,#2720,.T.);
#25410=CARTESIAN_POINT('',(-27.9744848352326,50.748595615982,
-3.36520855626077E-9));
#25420=DIRECTION('',(-1.45325078413766E-13,-3.79136245383127E-29,1.));
#25430=VECTOR('',#25420,1.);
#25440=LINE('',#25410,#25430);
#25450=EDGE_CURVE('',#9680,#2630,#25440,.T.);
#25460=ORIENTED_EDGE('',*,*,#25450,.T.);
#25470=ORIENTED_EDGE('',*,*,#9690,.T.);
#25480=CARTESIAN_POINT('',(-28.3477654210908,50.3753150301238,
-3.36520855626077E-9));
#25490=DIRECTION('',(1.45325078413766E-13,3.96572153279021E-29,-1.));
#25500=VECTOR('',#25490,1.);
#25510=LINE('',#25480,#25500);
#25520=EDGE_CURVE('',#2710,#9600,#25510,.T.);
#25530=ORIENTED_EDGE('',*,*,#25520,.T.);
#25540=EDGE_LOOP('',(#25530,#25470,#25460,#25400));
#25550=FACE_OUTER_BOUND('',#25540,.T.);
#25560=ADVANCED_FACE('',(#25550),#25390,.F.);
#25570=COLOUR_RGB('',1.,0.839215755462646,0.301960796117783);
#25580=FILL_AREA_STYLE_COLOUR('',#25570);
#25590=FILL_AREA_STYLE('',(#25580));
#25600=SURFACE_STYLE_FILL_AREA(#25590);
#25610=SURFACE_SIDE_STYLE('',(#25600));
#25620=SURFACE_STYLE_USAGE(.BOTH.,#25610);
#25630=PRESENTATION_STYLE_ASSIGNMENT((#25620));
#25640=CARTESIAN_POINT('',(-28.3477654210964,50.3753150301238,
37.999999999999));
#25650=DIRECTION('',(-0.707106781186548,-0.707106781186547,
-1.02760348422841E-13));
#25660=DIRECTION('',(-0.707106781186547,0.707106781186548,
-1.02760348422841E-13));
#25670=AXIS2_PLACEMENT_3D('',#25640,#25650,#25660);
#25680=PLANE('',#25670);
#25690=ORIENTED_EDGE('',*,*,#2800,.F.);
#25700=ORIENTED_EDGE('',*,*,#25520,.F.);
#25710=ORIENTED_EDGE('',*,*,#9610,.T.);
#25720=ORIENTED_EDGE('',*,*,#25210,.T.);
#25730=EDGE_LOOP('',(#25720,#25710,#25700,#25690));
#25740=FACE_OUTER_BOUND('',#25730,.T.);
#25750=ADVANCED_FACE('',(#25740),#25680,.F.);
#25760=COLOUR_RGB('',1.,0.839215755462646,0.301960796117783);
#25770=FILL_AREA_STYLE_COLOUR('',#25760);
#25780=FILL_AREA_STYLE('',(#25770));
#25790=SURFACE_STYLE_FILL_AREA(#25780);
#25800=SURFACE_SIDE_STYLE('',(#25790));
#25810=SURFACE_STYLE_USAGE(.BOTH.,#25800);
#25820=PRESENTATION_STYLE_ASSIGNMENT((#25810));
#25830=CARTESIAN_POINT('',(-24.6213126842459,57.0786873157847,
37.9999999999995));
#25840=DIRECTION('',(0.707106781186631,-0.707106781186464,
1.02760348422853E-13));
#25850=DIRECTION('',(-0.707106781186464,-0.707106781186631,
-1.02760348422829E-13));
#25860=AXIS2_PLACEMENT_3D('',#25830,#25840,#25850);
#25870=PLANE('',#25860);
#25880=ORIENTED_EDGE('',*,*,#3200,.T.);
#25890=CARTESIAN_POINT('',(-25.0829442527679,56.617055747257,
-3.36520855626077E-9));
#25900=DIRECTION('',(-1.45325078413766E-13,-4.13603176781771E-29,1.));
#25910=VECTOR('',#25900,1.);
#25920=LINE('',#25890,#25910);
#25930=EDGE_CURVE('',#9200,#3110,#25920,.T.);
#25940=ORIENTED_EDGE('',*,*,#25930,.T.);
#25950=ORIENTED_EDGE('',*,*,#9210,.T.);
#25960=CARTESIAN_POINT('',(-23.5000000000116,58.2000000000138,
-3.36520855626077E-9));
#25970=DIRECTION('',(-1.45325078413766E-13,-3.56997693116589E-29,1.));
#25980=VECTOR('',#25970,1.);
#25990=LINE('',#25960,#25980);
#26000=EDGE_CURVE('',#9120,#3190,#25990,.T.);
#26010=ORIENTED_EDGE('',*,*,#26000,.F.);
#26020=EDGE_LOOP('',(#26010,#25950,#25940,#25880));
#26030=FACE_OUTER_BOUND('',#26020,.T.);
#26040=ADVANCED_FACE('',(#26030),#25870,.F.);
#26050=COLOUR_RGB('',1.,0.839215755462646,0.301960796117783);
#26060=FILL_AREA_STYLE_COLOUR('',#26050);
#26070=FILL_AREA_STYLE('',(#26060));
#26080=SURFACE_STYLE_FILL_AREA(#26070);
#26090=SURFACE_SIDE_STYLE('',(#26080));
#26100=SURFACE_STYLE_USAGE(.BOTH.,#26090);
#26110=PRESENTATION_STYLE_ASSIGNMENT((#26100));
#26120=CARTESIAN_POINT('',(-11.3015667320718,57.9773500981167,
38.0000000000014));
#26130=DIRECTION('',(-0.832050294337843,-0.55470019622523,
-1.20917774268844E-13));
#26140=DIRECTION('',(-0.55470019622523,0.832050294337843,
-8.06118495125631E-14));
#26150=AXIS2_PLACEMENT_3D('',#26120,#26130,#26140);
#26160=PLANE('',#26150);
#26170=ORIENTED_EDGE('',*,*,#3360,.F.);
#26180=CARTESIAN_POINT('',(-11.4499999999978,58.2000000000138,
-3.36520855626077E-9));
#26190=DIRECTION('',(-1.45325078413766E-13,-2.27542275438664E-29,1.));
#26200=VECTOR('',#26190,1.);
#26210=LINE('',#26180,#26200);
#26220=EDGE_CURVE('',#9040,#3270,#26210,.T.);
#26230=ORIENTED_EDGE('',*,*,#26220,.T.);
#26240=ORIENTED_EDGE('',*,*,#9050,.T.);
#26250=CARTESIAN_POINT('',(-8.44999999999125,53.7000000000041,
-3.36520855626077E-9));
#26260=DIRECTION('',(-1.45325078413766E-13,-6.25741257456324E-29,1.));
#26270=VECTOR('',#26260,1.);
#26280=LINE('',#26250,#26270);
#26290=EDGE_CURVE('',#8960,#3350,#26280,.T.);
#26300=ORIENTED_EDGE('',*,*,#26290,.F.);
#26310=EDGE_LOOP('',(#26300,#26240,#26230,#26170));
#26320=FACE_OUTER_BOUND('',#26310,.T.);
#26330=ADVANCED_FACE('',(#26320),#26160,.F.);
#26340=COLOUR_RGB('',1.,0.839215755462646,0.301960796117783);
#26350=FILL_AREA_STYLE_COLOUR('',#26340);
#26360=FILL_AREA_STYLE('',(#26350));
#26370=SURFACE_STYLE_FILL_AREA(#26360);
#26380=SURFACE_SIDE_STYLE('',(#26370));
#26390=SURFACE_STYLE_USAGE(.BOTH.,#26380);
#26400=PRESENTATION_STYLE_ASSIGNMENT((#26390));
#26410=CARTESIAN_POINT('',(20.6460449602225,56.0087086955497,
38.0000000000061));
#26420=DIRECTION('',(-0.931839057156251,0.362871839026052,
-1.35419584050242E-13));
#26430=DIRECTION('',(0.362871839026052,0.931839057156251,
5.27343784606086E-14));
#26440=AXIS2_PLACEMENT_3D('',#26410,#26420,#26430);
#26450=PLANE('',#26440);
#26460=ORIENTED_EDGE('',*,*,#3920,.T.);
#26470=CARTESIAN_POINT('',(20.8829442527801,56.6170557472395,
-3.36520855626077E-9));
#26480=DIRECTION('',(-1.45325078413766E-13,-4.82537039578733E-29,1.));
#26490=VECTOR('',#26480,1.);
#26500=LINE('',#26470,#26490);
#26510=EDGE_CURVE('',#8480,#3830,#26500,.T.);
#26520=ORIENTED_EDGE('',*,*,#26510,.T.);
#26530=ORIENTED_EDGE('',*,*,#8490,.T.);
#26540=CARTESIAN_POINT('',(20.0485956159623,54.4744848352648,
-3.36520855626077E-9));
#26550=DIRECTION('',(-1.45325078413766E-13,-4.48070108180229E-29,1.));
#26560=VECTOR('',#26550,1.);
#26570=LINE('',#26540,#26560);
#26580=EDGE_CURVE('',#8400,#3910,#26570,.T.);
#26590=ORIENTED_EDGE('',*,*,#26580,.F.);
#26600=EDGE_LOOP('',(#26590,#26530,#26520,#26460));
#26610=FACE_OUTER_BOUND('',#26600,.T.);
#26620=ADVANCED_FACE('',(#26610),#26450,.F.);
#26630=COLOUR_RGB('',1.,0.839215755462646,0.301960796117783);
#26640=FILL_AREA_STYLE_COLOUR('',#26630);
#26650=FILL_AREA_STYLE('',(#26640));
#26660=SURFACE_STYLE_FILL_AREA(#26650);
#26670=SURFACE_SIDE_STYLE('',(#26660));
#26680=SURFACE_STYLE_USAGE(.BOTH.,#26670);
#26690=PRESENTATION_STYLE_ASSIGNMENT((#26680));
#26700=CARTESIAN_POINT('',(23.3911611652282,49.6187107742545,
38.0000000000065));
#26710=DIRECTION('',(0.707106781186548,-0.707106781186547,
1.02760348422841E-13));
#26720=DIRECTION('',(-0.707106781186547,-0.707106781186548,
-1.02760348422841E-13));
#26730=AXIS2_PLACEMENT_3D('',#26700,#26710,#26720);
#26740=PLANE('',#26730);
#26750=ORIENTED_EDGE('',*,*,#4240,.T.);
#26760=CARTESIAN_POINT('',(23.3911611652338,49.6187107742546,
-3.36520855626077E-9));
#26770=DIRECTION('',(1.45325078413766E-13,3.09964336153298E-29,-1.));
#26780=VECTOR('',#26770,1.);
#26790=LINE('',#26760,#26780);
#26800=EDGE_CURVE('',#4150,#8160,#26790,.T.);
#26810=ORIENTED_EDGE('',*,*,#26800,.F.);
#26820=ORIENTED_EDGE('',*,*,#8170,.T.);
#26830=CARTESIAN_POINT('',(24.147765421103,50.3753150301238,
-3.36520855626077E-9));
#26840=DIRECTION('',(1.45325078413766E-13,3.1742323295424E-29,-1.));
#26850=VECTOR('',#26840,1.);
#26860=LINE('',#26830,#26850);
#26870=EDGE_CURVE('',#4230,#8080,#26860,.T.);
#26880=ORIENTED_EDGE('',*,*,#26870,.T.);
#26890=EDGE_LOOP('',(#26880,#26820,#26810,#26750));
#26900=FACE_OUTER_BOUND('',#26890,.T.);
#26910=ADVANCED_FACE('',(#26900),#26740,.F.);
#26920=COLOUR_RGB('',1.,0.839215755462646,0.301960796117783);
#26930=FILL_AREA_STYLE_COLOUR('',#26920);
#26940=FILL_AREA_STYLE('',(#26930));
#26950=SURFACE_STYLE_FILL_AREA(#26940);
#26960=SURFACE_SIDE_STYLE('',(#26950));
#26970=SURFACE_STYLE_USAGE(.BOTH.,#26960);
#26980=PRESENTATION_STYLE_ASSIGNMENT((#26970));
#26990=CARTESIAN_POINT('',(24.1477654210975,50.3753150301238,
38.0000000000066));
#27000=DIRECTION('',(0.707106781186547,0.707106781186548,
1.02760348422841E-13));
#27010=DIRECTION('',(0.707106781186548,-0.707106781186547,
1.02760348422841E-13));
#27020=AXIS2_PLACEMENT_3D('',#26990,#27000,#27010);
#27030=PLANE('',#27020);
#27040=ORIENTED_EDGE('',*,*,#4320,.F.);
#27050=ORIENTED_EDGE('',*,*,#26870,.F.);
#27060=ORIENTED_EDGE('',*,*,#8090,.T.);
#27070=CARTESIAN_POINT('',(23.7744848352579,50.748595615969,
-3.36520855626077E-9));
#27080=DIRECTION('',(-1.45325078413766E-13,-3.44669313984661E-29,1.));
#27090=VECTOR('',#27080,1.);
#27100=LINE('',#27070,#27090);
#27110=EDGE_CURVE('',#8000,#4310,#27100,.T.);
#27120=ORIENTED_EDGE('',*,*,#27110,.F.);
#27130=EDGE_LOOP('',(#27120,#27060,#27050,#27040));
#27140=FACE_OUTER_BOUND('',#27130,.T.);
#27150=ADVANCED_FACE('',(#27140),#27030,.F.);
#27160=COLOUR_RGB('',1.,0.839215755462646,0.301960796117783);
#27170=FILL_AREA_STYLE_COLOUR('',#27160);
#27180=FILL_AREA_STYLE('',(#27170));
#27190=SURFACE_STYLE_FILL_AREA(#27180);
#27200=SURFACE_SIDE_STYLE('',(#27190));
#27210=SURFACE_STYLE_USAGE(.BOTH.,#27200);
#27220=PRESENTATION_STYLE_ASSIGNMENT((#27210));
#27230=CARTESIAN_POINT('',(18.9187107742231,54.0911611652592,
38.0000000000058));
#27240=DIRECTION('',(-0.707106781186506,-0.707106781186589,
-1.02760348422835E-13));
#27250=DIRECTION('',(-0.707106781186589,0.707106781186506,
-1.02760348422847E-13));
#27260=AXIS2_PLACEMENT_3D('',#27230,#27240,#27250);
#27270=PLANE('',#27260);
#27280=ORIENTED_EDGE('',*,*,#4160,.F.);
#27290=CARTESIAN_POINT('',(18.9187107742286,54.0911611652592,
-3.36520855626077E-9));
#27300=DIRECTION('',(1.45325078413766E-13,3.49538796315682E-29,-1.));
#27310=VECTOR('',#27300,1.);
#27320=LINE('',#27290,#27310);
#27330=EDGE_CURVE('',#4070,#8240,#27320,.T.);
#27340=ORIENTED_EDGE('',*,*,#27330,.F.);
#27350=ORIENTED_EDGE('',*,*,#8250,.T.);
#27360=ORIENTED_EDGE('',*,*,#26800,.T.);
#27370=EDGE_LOOP('',(#27360,#27350,#27340,#27280));
#27380=FACE_OUTER_BOUND('',#27370,.T.);
#27390=ADVANCED_FACE('',(#27380),#27270,.F.);
#27400=COLOUR_RGB('',1.,0.839215755462646,0.301960796117783);
#27410=FILL_AREA_STYLE_COLOUR('',#27400);
#27420=FILL_AREA_STYLE('',(#27410));
#27430=SURFACE_STYLE_FILL_AREA(#27420);
#27440=SURFACE_SIDE_STYLE('',(#27430));
#27450=SURFACE_STYLE_USAGE(.BOTH.,#27440);
#27460=PRESENTATION_STYLE_ASSIGNMENT((#27450));
#27470=CARTESIAN_POINT('',(19.6753150300976,54.8477654211337,
38.0000000000059));
#27480=DIRECTION('',(-0.707106781186547,0.707106781186548,
-1.02760348422841E-13));
#27490=DIRECTION('',(0.707106781186548,0.707106781186547,
1.02760348422841E-13));
#27500=AXIS2_PLACEMENT_3D('',#27470,#27480,#27490);
#27510=PLANE('',#27500);
#27520=ORIENTED_EDGE('',*,*,#4080,.T.);
#27530=CARTESIAN_POINT('',(19.6753150300982,54.8477654211288,
-3.36520855626077E-9));
#27540=DIRECTION('',(1.45325078413766E-13,3.56997693116631E-29,-1.));
#27550=VECTOR('',#27540,1.);
#27560=LINE('',#27530,#27550);
#27570=EDGE_CURVE('',#3990,#8320,#27560,.T.);
#27580=ORIENTED_EDGE('',*,*,#27570,.F.);
#27590=ORIENTED_EDGE('',*,*,#8330,.T.);
#27600=ORIENTED_EDGE('',*,*,#27330,.T.);
#27610=EDGE_LOOP('',(#27600,#27590,#27580,#27520));
#27620=FACE_OUTER_BOUND('',#27610,.T.);
#27630=ADVANCED_FACE('',(#27620),#27510,.F.);
#27640=COLOUR_RGB('',1.,0.839215755462646,0.301960796117783);
#27650=FILL_AREA_STYLE_COLOUR('',#27640);
#27660=FILL_AREA_STYLE('',(#27650));
#27670=SURFACE_STYLE_FILL_AREA(#27660);
#27680=SURFACE_SIDE_STYLE('',(#27670));
#27690=SURFACE_STYLE_USAGE(.BOTH.,#27680);
#27700=PRESENTATION_STYLE_ASSIGNMENT((#27690));
#27710=CARTESIAN_POINT('',(26.3786873157578,51.1213126842784,
38.0000000000069));
#27720=DIRECTION('',(-0.70710678118651,-0.707106781186585,
-1.02760348422836E-13));
#27730=DIRECTION('',(-0.707106781186585,0.70710678118651,
-1.02760348422846E-13));
#27740=AXIS2_PLACEMENT_3D('',#27710,#27720,#27730);
#27750=PLANE('',#27740);
#27760=ORIENTED_EDGE('',*,*,#4480,.T.);
#27770=CARTESIAN_POINT('',(25.917055747247,51.5829442527947,
-3.36520855626077E-9));
#27780=DIRECTION('',(-1.45325078413766E-13,-3.10202382586202E-29,1.));
#27790=VECTOR('',#27780,1.);
#27800=LINE('',#27770,#27790);
#27810=EDGE_CURVE('',#7920,#4390,#27800,.T.);
#27820=ORIENTED_EDGE('',*,*,#27810,.T.);
#27830=ORIENTED_EDGE('',*,*,#7930,.T.);
#27840=CARTESIAN_POINT('',(27.5000000000061,50.0000000000357,
-3.36520855626077E-9));
#27850=DIRECTION('',(-1.45325078413766E-13,-2.67748269837459E-29,1.));
#27860=VECTOR('',#27850,1.);
#27870=LINE('',#27840,#27860);
#27880=EDGE_CURVE('',#7840,#4470,#27870,.T.);
#27890=ORIENTED_EDGE('',*,*,#27880,.F.);
#27900=EDGE_LOOP('',(#27890,#27830,#27820,#27760));
#27910=FACE_OUTER_BOUND('',#27900,.T.);
#27920=ADVANCED_FACE('',(#27910),#27750,.F.);
#27930=COLOUR_RGB('',1.,0.839215755462646,0.301960796117783);
#27940=FILL_AREA_STYLE_COLOUR('',#27930);
#27950=FILL_AREA_STYLE('',(#27940));
#27960=SURFACE_STYLE_FILL_AREA(#27950);
#27970=SURFACE_SIDE_STYLE('',(#27960));
#27980=SURFACE_STYLE_USAGE(.BOTH.,#27970);
#27990=PRESENTATION_STYLE_ASSIGNMENT((#27980));
#28000=CARTESIAN_POINT('',(28.5000000000115,41.4379999999954,
22.9999999999546));
#28010=DIRECTION('',(0.,0.,1.));
#28020=DIRECTION('',(-7.06522810900895E-14,1.,0.));
#28030=AXIS2_PLACEMENT_3D('',#28000,#28010,#28020);
#28040=PLANE('',#28030);
#28050=CARTESIAN_POINT('',(27.5000000000137,-0.100000000008084,
22.9999999999546));
#28060=DIRECTION('',(-1.22464679914735E-16,1.,0.));
#28070=VECTOR('',#28060,1.);
#28080=LINE('',#28050,#28070);
#28090=CARTESIAN_POINT('',(27.5000000000137,10.739729159765,
22.9999999999546));
#28100=VERTEX_POINT('',#28090);
#28110=CARTESIAN_POINT('',(27.5000000000137,11.4999997693556,
22.9999999999546));
#28120=VERTEX_POINT('',#28110);
#28130=EDGE_CURVE('',#28100,#28120,#28080,.T.);
#28140=ORIENTED_EDGE('',*,*,#28130,.F.);
#28150=CARTESIAN_POINT('',(-1.26476606965298E-12,38.2465751118221,
22.9999999999546));
#28160=DIRECTION('',(0.716858570585616,-0.697218609747293,0.));
#28170=VECTOR('',#28160,1.);
#28180=LINE('',#28150,#28170);
#28190=CARTESIAN_POINT('',(23.3445471479522,15.5416045980709,
22.9999999999546));
#28200=VERTEX_POINT('',#28190);
#28210=EDGE_CURVE('',#28200,#28120,#28180,.T.);
#28220=ORIENTED_EDGE('',*,*,#28210,.T.);
#28230=CARTESIAN_POINT('',(18.4703491980229,26.2276489346031,
22.9999999999546));
#28240=DIRECTION('',(-0.414995449554444,0.909823486644033,0.));
#28250=VECTOR('',#28240,1.);
#28260=LINE('',#28230,#28250);
#28270=CARTESIAN_POINT('',(22.599999999998,17.1739272725723,
22.9999999999546));
#28280=VERTEX_POINT('',#28270);
#28290=EDGE_CURVE('',#28200,#28280,#28260,.T.);
#28300=ORIENTED_EDGE('',*,*,#28290,.F.);
#28310=CARTESIAN_POINT('',(22.5999999999979,26.2276489346034,
22.9999999999546));
#28320=DIRECTION('',(-2.4492935982947E-16,1.,0.));
#28330=VECTOR('',#28320,1.);
#28340=LINE('',#28310,#28330);
#28350=CARTESIAN_POINT('',(22.599999999998,33.291399999996,
22.9999999999546));
#28360=VERTEX_POINT('',#28350);
#28370=EDGE_CURVE('',#28280,#28360,#28340,.T.);
#28380=ORIENTED_EDGE('',*,*,#28370,.F.);
#28390=CARTESIAN_POINT('',(18.3513097217789,26.2276489346031,
22.9999999999546));
#28400=DIRECTION('',(-0.515426685120888,-0.856933680202438,0.));
#28410=VECTOR('',#28400,1.);
#28420=LINE('',#28390,#28410);
#28430=CARTESIAN_POINT('',(27.5000000000137,41.4379999999953,
22.9999999999546));
#28440=VERTEX_POINT('',#28430);
#28450=EDGE_CURVE('',#28440,#28360,#28420,.T.);
#28460=ORIENTED_EDGE('',*,*,#28450,.T.);
#28470=CARTESIAN_POINT('',(28.5000000000115,41.4379999999954,
22.9999999999546));
#28480=DIRECTION('',(1.,7.06522810900895E-14,0.));
#28490=VECTOR('',#28480,1.);
#28500=LINE('',#28470,#28490);
#28510=CARTESIAN_POINT('',(27.777568709459,41.4379999999953,
22.9999999999546));
#28520=VERTEX_POINT('',#28510);
#28530=EDGE_CURVE('',#28440,#28520,#28500,.T.);
#28540=ORIENTED_EDGE('',*,*,#28530,.F.);
#28550=CARTESIAN_POINT('',(-1.26476606965298E-12,69.2155687094534,
22.9999999999546));
#28560=DIRECTION('',(-0.707106781186575,0.70710678118652,0.));
#28570=VECTOR('',#28560,1.);
#28580=LINE('',#28550,#28570);
#28590=CARTESIAN_POINT('',(28.5000000000138,40.7155687094406,
22.9999999999546));
#28600=VERTEX_POINT('',#28590);
#28610=EDGE_CURVE('',#28600,#28520,#28580,.T.);
#28620=ORIENTED_EDGE('',*,*,#28610,.T.);
#28630=CARTESIAN_POINT('',(28.5000000000167,-0.100000000008084,
22.9999999999546));
#28640=DIRECTION('',(-7.06522810900895E-14,1.,0.));
#28650=VECTOR('',#28640,1.);
#28660=LINE('',#28630,#28650);
#28670=CARTESIAN_POINT('',(28.5000000000158,11.7397291597671,
22.9999999999546));
#28680=VERTEX_POINT('',#28670);
#28690=EDGE_CURVE('',#28680,#28600,#28660,.T.);
#28700=ORIENTED_EDGE('',*,*,#28690,.T.);
#28710=CARTESIAN_POINT('',(16.6602708402406,-0.100000000008084,
22.9999999999546));
#28720=DIRECTION('',(0.707106781186548,0.707106781186548,0.));
#28730=VECTOR('',#28720,1.);
#28740=LINE('',#28710,#28730);
#28750=EDGE_CURVE('',#28100,#28680,#28740,.T.);
#28760=ORIENTED_EDGE('',*,*,#28750,.T.);
#28770=EDGE_LOOP('',(#28760,#28700,#28620,#28540,#28460,#28380,#28300,
#28220,#28140));
#28780=FACE_OUTER_BOUND('',#28770,.T.);
#28790=ADVANCED_FACE('',(#28780),#28040,.T.);
#28800=COLOUR_RGB('',0.313725501298904,0.784313797950745,
0.313725501298904);
#28810=FILL_AREA_STYLE_COLOUR('',#28800);
#28820=FILL_AREA_STYLE('',(#28810));
#28830=SURFACE_STYLE_FILL_AREA(#28820);
#28840=SURFACE_SIDE_STYLE('',(#28830));
#28850=SURFACE_STYLE_USAGE(.BOTH.,#28840);
#28860=PRESENTATION_STYLE_ASSIGNMENT((#28850));
#28870=CARTESIAN_POINT('',(28.3535533906069,11.5932825503604,
38.0000000000072));
#28880=DIRECTION('',(-0.707106781186548,0.707106781186548,
-1.02760348422841E-13));
#28890=DIRECTION('',(0.707106781186548,0.707106781186548,
1.02760348422841E-13));
#28900=AXIS2_PLACEMENT_3D('',#28870,#28880,#28890);
#28910=PLANE('',#28900);
#28920=CARTESIAN_POINT('',(28.5000000000192,11.7397291597671,
-3.36520855626077E-9));
#28930=DIRECTION('',(-1.45325078413766E-13,-3.56997693116606E-29,1.));
#28940=VECTOR('',#28930,1.);
#28950=LINE('',#28920,#28940);
#28960=EDGE_CURVE('',#7600,#28680,#28950,.T.);
#28970=ORIENTED_EDGE('',*,*,#28960,.T.);
#28980=ORIENTED_EDGE('',*,*,#7610,.T.);
#28990=CARTESIAN_POINT('',(27.5000000000137,10.7397291597617,
-3.36520855626077E-9));
#29000=DIRECTION('',(1.78498846558315E-29,-1.45325078413766E-13,-1.));
#29010=VECTOR('',#29000,1.);
#29020=LINE('',#28990,#29010);
#29030=EDGE_CURVE('',#28100,#7520,#29020,.T.);
#29040=ORIENTED_EDGE('',*,*,#29030,.T.);
#29050=ORIENTED_EDGE('',*,*,#28750,.F.);
#29060=EDGE_LOOP('',(#29050,#29040,#28980,#28970));
#29070=FACE_OUTER_BOUND('',#29060,.T.);
#29080=ADVANCED_FACE('',(#29070),#28910,.F.);
#29090=COLOUR_RGB('',1.,0.839215755462646,0.301960796117783);
#29100=FILL_AREA_STYLE_COLOUR('',#29090);
#29110=FILL_AREA_STYLE('',(#29100));
#29120=SURFACE_STYLE_FILL_AREA(#29110);
#29130=SURFACE_SIDE_STYLE('',(#29120));
#29140=SURFACE_STYLE_USAGE(.BOTH.,#29130);
#29150=PRESENTATION_STYLE_ASSIGNMENT((#29140));
#29160=CARTESIAN_POINT('',(28.5000000000115,41.4379999999916,
36.9999999966348));
#29170=DIRECTION('',(7.06522810900895E-14,-1.,-2.71220497735933E-13));
#29180=DIRECTION('',(1.91623468434331E-26,-2.71220497735933E-13,1.));
#29190=AXIS2_PLACEMENT_3D('',#29160,#29170,#29180);
#29200=PLANE('',#29190);
#29210=ORIENTED_EDGE('',*,*,#28530,.T.);
#29220=CARTESIAN_POINT('',(27.5000000000137,41.4379999999954,
22.5999999982895));
#29230=DIRECTION('',(2.77367263922393E-29,-2.71220497735933E-13,1.));
#29240=VECTOR('',#29230,1.);
#29250=LINE('',#29220,#29240);
#29260=CARTESIAN_POINT('',(27.5000000000137,41.4379999999915,
36.9999999966348));
#29270=VERTEX_POINT('',#29260);
#29280=EDGE_CURVE('',#28440,#29270,#29250,.T.);
#29290=ORIENTED_EDGE('',*,*,#29280,.F.);
#29300=CARTESIAN_POINT('',(28.5000000000115,41.4379999999916,
36.9999999966348));
#29310=DIRECTION('',(1.,7.06522810900895E-14,0.));
#29320=VECTOR('',#29310,1.);
#29330=LINE('',#29300,#29320);
#29340=CARTESIAN_POINT('',(27.7775687094607,41.4379999999915,
36.9999999966348));
#29350=VERTEX_POINT('',#29340);
#29360=EDGE_CURVE('',#29270,#29350,#29330,.T.);
#29370=ORIENTED_EDGE('',*,*,#29360,.F.);
#29380=CARTESIAN_POINT('',(27.7775687094561,41.4380000000015,
-3.36520855626077E-9));
#29390=DIRECTION('',(1.25895419322179E-13,-2.71220497735924E-13,1.));
#29400=VECTOR('',#29390,1.);
#29410=LINE('',#29380,#29400);
#29420=EDGE_CURVE('',#28520,#29350,#29410,.T.);
#29430=ORIENTED_EDGE('',*,*,#29420,.T.);
#29440=EDGE_LOOP('',(#29430,#29370,#29290,#29210));
#29450=FACE_OUTER_BOUND('',#29440,.T.);
#29460=ADVANCED_FACE('',(#29450),#29200,.T.);
#29470=COLOUR_RGB('',1.,0.839215755462646,0.301960796117783);
#29480=FILL_AREA_STYLE_COLOUR('',#29470);
#29490=FILL_AREA_STYLE('',(#29480));
#29500=SURFACE_STYLE_FILL_AREA(#29490);
#29510=SURFACE_SIDE_STYLE('',(#29500));
#29520=SURFACE_STYLE_USAGE(.BOTH.,#29510);
#29530=PRESENTATION_STYLE_ASSIGNMENT((#29520));
#29540=CARTESIAN_POINT('',(28.5000000000137,11.4999997693557,
36.9999999966348));
#29550=DIRECTION('',(0.,-0.,-1.));
#29560=DIRECTION('',(7.06522810900895E-14,-1.,0.));
#29570=AXIS2_PLACEMENT_3D('',#29540,#29550,#29560);
#29580=PLANE('',#29570);
#29590=CARTESIAN_POINT('',(27.5000000000137,-0.100000000008084,
36.9999999966348));
#29600=DIRECTION('',(-1.22464679914735E-16,1.,0.));
#29610=VECTOR('',#29600,1.);
#29620=LINE('',#29590,#29610);
#29630=CARTESIAN_POINT('',(27.5000000000137,10.739729159767,
36.9999999966348));
#29640=VERTEX_POINT('',#29630);
#29650=CARTESIAN_POINT('',(27.5000000000137,11.4999997693556,
36.9999999966348));
#29660=VERTEX_POINT('',#29650);
#29670=EDGE_CURVE('',#29640,#29660,#29620,.T.);
#29680=ORIENTED_EDGE('',*,*,#29670,.T.);
#29690=CARTESIAN_POINT('',(16.6602708402386,-0.100000000008084,
36.9999999966348));
#29700=DIRECTION('',(-0.707106781186548,-0.707106781186548,0.));
#29710=VECTOR('',#29700,1.);
#29720=LINE('',#29690,#29710);
#29730=CARTESIAN_POINT('',(28.5000000000138,11.7397291597671,
36.9999999966348));
#29740=VERTEX_POINT('',#29730);
#29750=EDGE_CURVE('',#29740,#29640,#29720,.T.);
#29760=ORIENTED_EDGE('',*,*,#29750,.T.);
#29770=CARTESIAN_POINT('',(28.5000000000146,-0.100000000008084,
36.9999999966348));
#29780=DIRECTION('',(7.06522810900895E-14,-1.,0.));
#29790=VECTOR('',#29780,1.);
#29800=LINE('',#29770,#29790);
#29810=CARTESIAN_POINT('',(28.5000000000117,40.7155687094406,
36.9999999966348));
#29820=VERTEX_POINT('',#29810);
#29830=EDGE_CURVE('',#29820,#29740,#29800,.T.);
#29840=ORIENTED_EDGE('',*,*,#29830,.T.);
#29850=CARTESIAN_POINT('',(-1.26476606965298E-12,69.2155687094514,
36.9999999966348));
#29860=DIRECTION('',(0.707106781186575,-0.70710678118652,0.));
#29870=VECTOR('',#29860,1.);
#29880=LINE('',#29850,#29870);
#29890=EDGE_CURVE('',#29350,#29820,#29880,.T.);
#29900=ORIENTED_EDGE('',*,*,#29890,.T.);
#29910=ORIENTED_EDGE('',*,*,#29360,.T.);
#29920=CARTESIAN_POINT('',(18.3513097217812,26.2276489346031,
36.9999999966348));
#29930=DIRECTION('',(0.515426685120888,0.856933680202438,0.));
#29940=VECTOR('',#29930,1.);
#29950=LINE('',#29920,#29940);
#29960=CARTESIAN_POINT('',(22.599999999998,33.2913999999922,
36.9999999966348));
#29970=VERTEX_POINT('',#29960);
#29980=EDGE_CURVE('',#29970,#29270,#29950,.T.);
#29990=ORIENTED_EDGE('',*,*,#29980,.T.);
#30000=CARTESIAN_POINT('',(22.5999999999979,26.2276489346034,
36.9999999966348));
#30010=DIRECTION('',(1.22464679914748E-16,1.,0.));
#30020=VECTOR('',#30010,1.);
#30030=LINE('',#30000,#30020);
#30040=CARTESIAN_POINT('',(22.5999999999979,17.1739272797634,
36.9999999966348));
#30050=VERTEX_POINT('',#30040);
#30060=EDGE_CURVE('',#30050,#29970,#30030,.T.);
#30070=ORIENTED_EDGE('',*,*,#30060,.T.);
#30080=CARTESIAN_POINT('',(18.4703492013029,26.2276489346031,
36.9999999966348));
#30090=DIRECTION('',(-0.414995449554444,0.909823486644033,0.));
#30100=VECTOR('',#30090,1.);
#30110=LINE('',#30080,#30100);
#30120=CARTESIAN_POINT('',(23.3445471538476,15.541604592337,
36.9999999966348));
#30130=VERTEX_POINT('',#30120);
#30140=EDGE_CURVE('',#30130,#30050,#30110,.T.);
#30150=ORIENTED_EDGE('',*,*,#30140,.T.);
#30160=CARTESIAN_POINT('',(-1.26476606965298E-12,38.2465751118221,
36.9999999966348));
#30170=DIRECTION('',(-0.716858570585616,0.697218609747293,0.));
#30180=VECTOR('',#30170,1.);
#30190=LINE('',#30160,#30180);
#30200=EDGE_CURVE('',#29660,#30130,#30190,.T.);
#30210=ORIENTED_EDGE('',*,*,#30200,.T.);
#30220=EDGE_LOOP('',(#30210,#30150,#30070,#29990,#29910,#29900,#29840,
#29760,#29680));
#30230=FACE_OUTER_BOUND('',#30220,.T.);
#30240=ADVANCED_FACE('',(#30230),#29580,.T.);
#30250=COLOUR_RGB('',0.313725501298904,0.784313797950745,
0.313725501298904);
#30260=FILL_AREA_STYLE_COLOUR('',#30250);
#30270=FILL_AREA_STYLE('',(#30260));
#30280=SURFACE_STYLE_FILL_AREA(#30270);
#30290=SURFACE_SIDE_STYLE('',(#30280));
#30300=SURFACE_STYLE_USAGE(.BOTH.,#30290);
#30310=PRESENTATION_STYLE_ASSIGNMENT((#30300));
#30320=CARTESIAN_POINT('',(27.5000000000138,10.7397291597672,
38.0000000000071));
#30330=DIRECTION('',(-1.,-1.22464679914735E-16,-1.45325078413766E-13));
#30340=DIRECTION('',(-1.22464679914735E-16,1.,1.77971892115257E-29));
#30350=AXIS2_PLACEMENT_3D('',#30320,#30330,#30340);
#30360=PLANE('',#30350);
#30370=ORIENTED_EDGE('',*,*,#4880,.T.);
#30380=EDGE_CURVE('',#4790,#29640,#29020,.T.);
#30390=ORIENTED_EDGE('',*,*,#30380,.F.);
#30400=ORIENTED_EDGE('',*,*,#29670,.F.);
#30410=CARTESIAN_POINT('',(27.5000000000137,11.4999997693556,
-3.36520855626077E-9));
#30420=DIRECTION('',(0.,0.,1.));
#30430=VECTOR('',#30420,1.);
#30440=LINE('',#30410,#30430);
#30450=EDGE_CURVE('',#28120,#29660,#30440,.T.);
#30460=ORIENTED_EDGE('',*,*,#30450,.T.);
#30470=ORIENTED_EDGE('',*,*,#28130,.T.);
#30480=ORIENTED_EDGE('',*,*,#29030,.F.);
#30490=ORIENTED_EDGE('',*,*,#7530,.T.);
#30500=ORIENTED_EDGE('',*,*,#19760,.F.);
#30510=EDGE_LOOP('',(#30500,#30490,#30480,#30470,#30460,#30400,#30390,
#30370));
#30520=FACE_OUTER_BOUND('',#30510,.T.);
#30530=ADVANCED_FACE('',(#30520),#30360,.F.);
#30540=COLOUR_RGB('',1.,0.839215755462646,0.301960796117783);
#30550=FILL_AREA_STYLE_COLOUR('',#30540);
#30560=FILL_AREA_STYLE('',(#30550));
#30570=SURFACE_STYLE_FILL_AREA(#30560);
#30580=SURFACE_SIDE_STYLE('',(#30570));
#30590=SURFACE_STYLE_USAGE(.BOTH.,#30580);
#30600=PRESENTATION_STYLE_ASSIGNMENT((#30590));
#30610=ORIENTED_EDGE('',*,*,#30380,.T.);
#30620=ORIENTED_EDGE('',*,*,#4800,.T.);
#30630=CARTESIAN_POINT('',(28.5000000000192,11.7397291597671,
-3.36520855626077E-9));
#30640=DIRECTION('',(-1.45325078413766E-13,-3.56997693116606E-29,1.));
#30650=VECTOR('',#30640,1.);
#30660=LINE('',#30630,#30650);
#30670=EDGE_CURVE('',#29740,#4710,#30660,.T.);
#30680=ORIENTED_EDGE('',*,*,#30670,.T.);
#30690=ORIENTED_EDGE('',*,*,#29750,.F.);
#30700=EDGE_LOOP('',(#30690,#30680,#30620,#30610));
#30710=FACE_OUTER_BOUND('',#30700,.T.);
#30720=ADVANCED_FACE('',(#30710),#28910,.F.);
#30730=COLOUR_RGB('',1.,0.839215755462646,0.301960796117783);
#30740=FILL_AREA_STYLE_COLOUR('',#30730);
#30750=FILL_AREA_STYLE('',(#30740));
#30760=SURFACE_STYLE_FILL_AREA(#30750);
#30770=SURFACE_SIDE_STYLE('',(#30760));
#30780=SURFACE_STYLE_USAGE(.BOTH.,#30770);
#30790=PRESENTATION_STYLE_ASSIGNMENT((#30780));
#30800=CARTESIAN_POINT('',(28.5000000000116,40.508461928254,
38.0000000000072));
#30810=DIRECTION('',(-1.,-7.06522810900895E-14,-1.45325078413766E-13));
#30820=DIRECTION('',(-7.06522810900895E-14,1.,-1.02319539111057E-26));
#30830=AXIS2_PLACEMENT_3D('',#30800,#30810,#30820);
#30840=PLANE('',#30830);
#30850=ORIENTED_EDGE('',*,*,#30670,.F.);
#30860=ORIENTED_EDGE('',*,*,#4720,.T.);
#30870=CARTESIAN_POINT('',(28.5000000000171,40.7155687094406,
-3.36520855626077E-9));
#30880=DIRECTION('',(-1.45325078413766E-13,-2.67748269837482E-29,1.));
#30890=VECTOR('',#30880,1.);
#30900=LINE('',#30870,#30890);
#30910=EDGE_CURVE('',#29820,#4630,#30900,.T.);
#30920=ORIENTED_EDGE('',*,*,#30910,.T.);
#30930=ORIENTED_EDGE('',*,*,#29830,.F.);
#30940=EDGE_LOOP('',(#30930,#30920,#30860,#30850));
#30950=FACE_OUTER_BOUND('',#30940,.T.);
#30960=ADVANCED_FACE('',(#30950),#30840,.F.);
#30970=COLOUR_RGB('',1.,0.839215755462646,0.301960796117783);
#30980=FILL_AREA_STYLE_COLOUR('',#30970);
#30990=FILL_AREA_STYLE('',(#30980));
#31000=SURFACE_STYLE_FILL_AREA(#30990);
#31010=SURFACE_SIDE_STYLE('',(#31000));
#31020=SURFACE_STYLE_USAGE(.BOTH.,#31010);
#31030=PRESENTATION_STYLE_ASSIGNMENT((#31020));
#31040=CARTESIAN_POINT('',(36.0620572025565,3.17251947647584,
22.9999999965798));
#31050=DIRECTION('',(-0.697218609747293,-0.716858570585616,-0.));
#31060=DIRECTION('',(-0.716858570585616,0.697218609747293,0.));
#31070=AXIS2_PLACEMENT_3D('',#31040,#31050,#31060);
#31080=PLANE('',#31070);
#31090=ORIENTED_EDGE('',*,*,#30200,.F.);
#31100=CARTESIAN_POINT('',(-8.97250020642938,46.9732533947819,
-3.36520855626077E-9));
#31110=DIRECTION('',(-0.554123597775337,0.538942129342857,
-0.63441975032931));
#31120=VECTOR('',#31110,1.);
#31130=LINE('',#31100,#31120);
#31140=CARTESIAN_POINT('',(19.4788931929737,19.3013502255138,
32.5741873610366));
#31150=VERTEX_POINT('',#31140);
#31160=EDGE_CURVE('',#30130,#31150,#31130,.T.);
#31170=ORIENTED_EDGE('',*,*,#31160,.F.);
#31180=CARTESIAN_POINT('',(47.581825140209,-8.03163838068725,
-6.74011602086466E-9));
#31190=DIRECTION('',(0.551361805308116,-0.536256002422684,
-0.639085017437444));
#31200=VECTOR('',#31190,1.);
#31210=LINE('',#31180,#31200);
#31220=CARTESIAN_POINT('',(20.4056335656812,18.4000000000042,
31.4999999916));
#31230=VERTEX_POINT('',#31220);
#31240=EDGE_CURVE('',#31150,#31230,#31210,.T.);
#31250=ORIENTED_EDGE('',*,*,#31240,.F.);
#31260=CARTESIAN_POINT('',(20.4056335656811,18.4000000000043,
-6.74011602086466E-9));
#31270=DIRECTION('',(2.13079423693422E-15,-2.07241631263358E-15,1.));
#31280=VECTOR('',#31270,1.);
#31290=LINE('',#31260,#31280);
#31300=CARTESIAN_POINT('',(20.4056335656812,18.4000000000042,
28.4999999915999));
#31310=VERTEX_POINT('',#31300);
#31320=EDGE_CURVE('',#31310,#31230,#31290,.T.);
#31330=ORIENTED_EDGE('',*,*,#31320,.T.);
#31340=CARTESIAN_POINT('',(-4.18234928732656,42.3143394871638,
-6.74011602086466E-9));
#31350=DIRECTION('',(0.551361805308116,-0.536256002422684,
0.639085017437444));
#31360=VECTOR('',#31350,1.);
#31370=LINE('',#31340,#31360);
#31380=CARTESIAN_POINT('',(19.4788931958555,19.3013502227109,
27.4258126255036));
#31390=VERTEX_POINT('',#31380);
#31400=EDGE_CURVE('',#31390,#31310,#31370,.T.);
#31410=ORIENTED_EDGE('',*,*,#31400,.T.);
#31420=CARTESIAN_POINT('',(43.4335225369701,-3.99698790356651,
-3.36520855626077E-9));
#31430=DIRECTION('',(0.554123597775337,-0.538942129342857,
-0.63441975032931));
#31440=VECTOR('',#31430,1.);
#31450=LINE('',#31420,#31440);
#31460=EDGE_CURVE('',#31390,#28200,#31450,.T.);
#31470=ORIENTED_EDGE('',*,*,#31460,.F.);
#31480=ORIENTED_EDGE('',*,*,#28210,.F.);
#31490=ORIENTED_EDGE('',*,*,#30450,.F.);
#31500=EDGE_LOOP('',(#31490,#31480,#31470,#31410,#31330,#31250,#31170,
#31090));
#31510=FACE_OUTER_BOUND('',#31500,.T.);
#31520=ADVANCED_FACE('',(#31510),#31080,.F.);
#31530=COLOUR_RGB('',0.313725501298904,0.784313797950745,
0.313725501298904);
#31540=FILL_AREA_STYLE_COLOUR('',#31530);
#31550=FILL_AREA_STYLE('',(#31540));
#31560=SURFACE_STYLE_FILL_AREA(#31550);
#31570=SURFACE_SIDE_STYLE('',(#31560));
#31580=SURFACE_STYLE_USAGE(.BOTH.,#31570);
#31590=PRESENTATION_STYLE_ASSIGNMENT((#31580));
#31600=CARTESIAN_POINT('',(5.79999999999793,33.400000000021,
21.9999999999547));
#31610=DIRECTION('',(1.,-1.22464679914735E-16,0.));
#31620=DIRECTION('',(1.22464679914735E-16,1.,0.));
#31630=AXIS2_PLACEMENT_3D('',#31600,#31610,#31620);
#31640=PLANE('',#31630);
#31650=CARTESIAN_POINT('',(5.79999999999793,42.314339484331,
-3.36520855626077E-9));
#31660=DIRECTION('',(-8.32667268468867E-17,-0.642787609686539,
0.766044443118978));
#31670=VECTOR('',#31660,1.);
#31680=LINE('',#31650,#31670);
#31690=CARTESIAN_POINT('',(5.79999999999793,21.4627136538004,
24.8499999915999));
#31700=VERTEX_POINT('',#31690);
#31710=CARTESIAN_POINT('',(5.79999999999793,18.4000000000033,
28.4999999915999));
#31720=VERTEX_POINT('',#31710);
#31730=EDGE_CURVE('',#31700,#31720,#31680,.T.);
#31740=ORIENTED_EDGE('',*,*,#31730,.F.);
#31750=CARTESIAN_POINT('',(5.79999999999793,18.4000000000034,
-3.36520855626077E-9));
#31760=DIRECTION('',(-3.94430452610506E-31,-2.07241631263358E-15,1.));
#31770=VECTOR('',#31760,1.);
#31780=LINE('',#31750,#31770);
#31790=CARTESIAN_POINT('',(5.79999999999793,18.4000000000033,
31.4999999916));
#31800=VERTEX_POINT('',#31790);
#31810=EDGE_CURVE('',#31720,#31800,#31780,.T.);
#31820=ORIENTED_EDGE('',*,*,#31810,.F.);
#31830=CARTESIAN_POINT('',(5.79999999999792,-8.03163837785626,
-3.36520855626077E-9));
#31840=DIRECTION('',(8.32667268468867E-17,0.642787609686539,
0.766044443118978));
#31850=VECTOR('',#31840,1.);
#31860=LINE('',#31830,#31850);
#31870=CARTESIAN_POINT('',(5.79999999999793,21.4627136566322,
35.1499999949748));
#31880=VERTEX_POINT('',#31870);
#31890=EDGE_CURVE('',#31800,#31880,#31860,.T.);
#31900=ORIENTED_EDGE('',*,*,#31890,.F.);
#31910=CARTESIAN_POINT('',(5.79999999999792,-0.10000000000808,
35.1499999949748));
#31920=DIRECTION('',(1.22464679914735E-16,1.,0.));
#31930=VECTOR('',#31920,1.);
#31940=LINE('',#31910,#31930);
#31950=CARTESIAN_POINT('',(5.79999999999793,29.8000000000032,
35.1499999949748));
#31960=VERTEX_POINT('',#31950);
#31970=EDGE_CURVE('',#31880,#31960,#31940,.T.);
#31980=ORIENTED_EDGE('',*,*,#31970,.F.);
#31990=CARTESIAN_POINT('',(5.79999999999793,29.8000000000042,
-3.36520855626077E-9));
#32000=DIRECTION('',(6.31088724176809E-30,3.02179933446842E-14,-1.));
#32010=VECTOR('',#32000,1.);
#32020=LINE('',#31990,#32010);
#32030=CARTESIAN_POINT('',(5.79999999999793,29.8000000000035,
24.8499999915999));
#32040=VERTEX_POINT('',#32030);
#32050=EDGE_CURVE('',#31960,#32040,#32020,.T.);
#32060=ORIENTED_EDGE('',*,*,#32050,.F.);
#32070=CARTESIAN_POINT('',(5.79999999999792,-0.10000000000808,
24.8499999915999));
#32080=DIRECTION('',(-1.22464679914735E-16,-1.,0.));
#32090=VECTOR('',#32080,1.);
#32100=LINE('',#32070,#32090);
#32110=EDGE_CURVE('',#32040,#31700,#32100,.T.);
#32120=ORIENTED_EDGE('',*,*,#32110,.F.);
#32130=EDGE_LOOP('',(#32120,#32060,#31980,#31900,#31820,#31740));
#32140=FACE_OUTER_BOUND('',#32130,.T.);
#32150=ADVANCED_FACE('',(#32140),#31640,.T.);
#32160=COLOUR_RGB('',0.313725501298904,0.784313797950745,
0.313725501298904);
#32170=FILL_AREA_STYLE_COLOUR('',#32160);
#32180=FILL_AREA_STYLE('',(#32170));
#32190=SURFACE_STYLE_FILL_AREA(#32180);
#32200=SURFACE_SIDE_STYLE('',(#32190));
#32210=SURFACE_STYLE_USAGE(.BOTH.,#32200);
#32220=PRESENTATION_STYLE_ASSIGNMENT((#32210));
#32230=CARTESIAN_POINT('',(10.3543659391674,18.4000000000042,
28.4999999915999));
#32240=DIRECTION('',(0.,-1.,-2.07241631263358E-15));
#32250=DIRECTION('',(0.,2.07241631263358E-15,-1.));
#32260=AXIS2_PLACEMENT_3D('',#32230,#32240,#32250);
#32270=PLANE('',#32260);
#32280=CARTESIAN_POINT('',(-1.26476606965298E-12,18.4000000000042,
31.4999999916));
#32290=DIRECTION('',(1.,0.,0.));
#32300=VECTOR('',#32290,1.);
#32310=LINE('',#32280,#32300);
#32320=EDGE_CURVE('',#31800,#31230,#32310,.T.);
#32330=ORIENTED_EDGE('',*,*,#32320,.T.);
#32340=ORIENTED_EDGE('',*,*,#31810,.T.);
#32350=CARTESIAN_POINT('',(-1.26476606965298E-12,18.4000000000042,
28.4999999915999));
#32360=DIRECTION('',(1.,0.,0.));
#32370=VECTOR('',#32360,1.);
#32380=LINE('',#32350,#32370);
#32390=EDGE_CURVE('',#31720,#31310,#32380,.T.);
#32400=ORIENTED_EDGE('',*,*,#32390,.F.);
#32410=ORIENTED_EDGE('',*,*,#31320,.F.);
#32420=EDGE_LOOP('',(#32410,#32400,#32340,#32330));
#32430=FACE_OUTER_BOUND('',#32420,.T.);
#32440=ADVANCED_FACE('',(#32430),#32270,.F.);
#32450=COLOUR_RGB('',0.823529481887817,0.823529481887817,
0.784313797950745);
#32460=FILL_AREA_STYLE_COLOUR('',#32450);
#32470=FILL_AREA_STYLE('',(#32460));
#32480=SURFACE_STYLE_FILL_AREA(#32470);
#32490=SURFACE_SIDE_STYLE('',(#32480));
#32500=SURFACE_STYLE_USAGE(.BOTH.,#32490);
#32510=PRESENTATION_STYLE_ASSIGNMENT((#32500));
#32520=CARTESIAN_POINT('',(10.3543659391674,18.4000000000042,
31.4999999916));
#32530=DIRECTION('',(0.,-0.766044443118978,0.642787609686539));
#32540=DIRECTION('',(0.,-0.642787609686539,-0.766044443118978));
#32550=AXIS2_PLACEMENT_3D('',#32520,#32530,#32540);
#32560=PLANE('',#32550);
#32570=ORIENTED_EDGE('',*,*,#32320,.F.);
#32580=ORIENTED_EDGE('',*,*,#31240,.T.);
#32590=CARTESIAN_POINT('',(16.1167397655578,-8.03163838068725,
-6.74011602086466E-9));
#32600=DIRECTION('',(-0.0788214823449027,-0.640787734815832,
-0.763661085057074));
#32610=VECTOR('',#32600,1.);
#32620=LINE('',#32590,#32610);
#32630=CARTESIAN_POINT('',(19.6290580593508,20.5221316890453,
34.0290580559727));
#32640=VERTEX_POINT('',#32630);
#32650=EDGE_CURVE('',#32640,#31150,#32620,.T.);
#32660=ORIENTED_EDGE('',*,*,#32650,.T.);
#32670=CARTESIAN_POINT('',(-14.4000000000021,-8.03163838068726,
-6.74011602086466E-9));
#32680=DIRECTION('',(0.608120402411343,0.510273605374737,
0.608120402411343));
#32690=VECTOR('',#32680,1.);
#32700=LINE('',#32670,#32690);
#32710=CARTESIAN_POINT('',(20.7499999983379,21.4627136548485,
35.1499999949748));
#32720=VERTEX_POINT('',#32710);
#32730=EDGE_CURVE('',#32640,#32720,#32700,.T.);
#32740=ORIENTED_EDGE('',*,*,#32730,.F.);
#32750=CARTESIAN_POINT('',(-1.26476606965298E-12,21.4627136538013,
35.1499999915999));
#32760=DIRECTION('',(1.,0.,0.));
#32770=VECTOR('',#32760,1.);
#32780=LINE('',#32750,#32770);
#32790=EDGE_CURVE('',#31880,#32720,#32780,.T.);
#32800=ORIENTED_EDGE('',*,*,#32790,.T.);
#32810=ORIENTED_EDGE('',*,*,#31890,.T.);
#32820=EDGE_LOOP('',(#32810,#32800,#32740,#32660,#32580,#32570));
#32830=FACE_OUTER_BOUND('',#32820,.T.);
#32840=ADVANCED_FACE('',(#32830),#32560,.F.);
#32850=COLOUR_RGB('',0.823529481887817,0.823529481887817,
0.784313797950745);
#32860=FILL_AREA_STYLE_COLOUR('',#32850);
#32870=FILL_AREA_STYLE('',(#32860));
#32880=SURFACE_STYLE_FILL_AREA(#32870);
#32890=SURFACE_SIDE_STYLE('',(#32880));
#32900=SURFACE_STYLE_USAGE(.BOTH.,#32890);
#32910=PRESENTATION_STYLE_ASSIGNMENT((#32900));
#32920=CARTESIAN_POINT('',(21.1249663522791,18.196922078133,
34.9248599916669));
#32930=DIRECTION('',(-0.832120357346518,-0.379552920813453,
0.40437024023966));
#32940=DIRECTION('',(0.0421192503846417,0.683771116365013,
0.728479944248282));
#32950=AXIS2_PLACEMENT_3D('',#32920,#32930,#32940);
#32960=PLANE('',#32950);
#32970=CARTESIAN_POINT('',(37.927569276428,-0.100000000008084,
52.3275692730648));
#32980=DIRECTION('',(0.552993381186917,-0.623214762924404,
0.552993381186917));
#32990=VECTOR('',#32980,1.);
#33000=LINE('',#32970,#32990);
#33010=EDGE_CURVE('',#32640,#30050,#33000,.T.);
#33020=ORIENTED_EDGE('',*,*,#33010,.T.);
#33030=ORIENTED_EDGE('',*,*,#32650,.F.);
#33040=ORIENTED_EDGE('',*,*,#31160,.T.);
#33050=ORIENTED_EDGE('',*,*,#30140,.F.);
#33060=EDGE_LOOP('',(#33050,#33040,#33030,#33020));
#33070=FACE_OUTER_BOUND('',#33060,.T.);
#33080=ADVANCED_FACE('',(#33070),#32960,.F.);
#33090=COLOUR_RGB('',0.313725501298904,0.784313797950745,
0.313725501298904);
#33100=FILL_AREA_STYLE_COLOUR('',#33090);
#33110=FILL_AREA_STYLE('',(#33100));
#33120=SURFACE_STYLE_FILL_AREA(#33110);
#33130=SURFACE_SIDE_STYLE('',(#33120));
#33140=SURFACE_STYLE_USAGE(.BOTH.,#33130);
#33150=PRESENTATION_STYLE_ASSIGNMENT((#33140));
#33160=CARTESIAN_POINT('',(22.7999999999979,13.5199973693673,
37.1999999966348));
#33170=DIRECTION('',(-0.707106781186548,8.65956056235492E-17,
0.707106781186548));
#33180=DIRECTION('',(-0.707106781186548,8.65956056235467E-17,
-0.707106781186548));
#33190=AXIS2_PLACEMENT_3D('',#33160,#33170,#33180);
#33200=PLANE('',#33190);
#33210=ORIENTED_EDGE('',*,*,#30060,.F.);
#33220=CARTESIAN_POINT('',(2.57595806832579,-6.73594513500575E-12,
16.9759580649626));
#33230=DIRECTION('',(0.458149873737031,0.761706890076153,
0.458149873737031));
#33240=VECTOR('',#33230,1.);
#33250=LINE('',#33220,#33240);
#33260=CARTESIAN_POINT('',(20.4999999999978,29.8000000000041,
34.8999999966346));
#33270=VERTEX_POINT('',#33260);
#33280=EDGE_CURVE('',#33270,#29970,#33250,.T.);
#33290=ORIENTED_EDGE('',*,*,#33280,.T.);
#33300=CARTESIAN_POINT('',(-14.4000000000021,29.8000000000051,
-3.36527250510699E-9));
#33310=DIRECTION('',(-0.707106781186548,2.12330153459561E-14,
-0.707106781186548));
#33320=VECTOR('',#33310,1.);
#33330=LINE('',#33300,#33320);
#33340=CARTESIAN_POINT('',(20.7499999983379,29.8000000000041,
35.1499999949748));
#33350=VERTEX_POINT('',#33340);
#33360=EDGE_CURVE('',#33350,#33270,#33330,.T.);
#33370=ORIENTED_EDGE('',*,*,#33360,.T.);
#33380=CARTESIAN_POINT('',(20.7499999983379,-6.73594513500575E-12,
35.1499999949748));
#33390=DIRECTION('',(1.22464679914735E-16,1.,0.));
#33400=VECTOR('',#33390,1.);
#33410=LINE('',#33380,#33400);
#33420=EDGE_CURVE('',#32720,#33350,#33410,.T.);
#33430=ORIENTED_EDGE('',*,*,#33420,.T.);
#33440=ORIENTED_EDGE('',*,*,#32730,.T.);
#33450=ORIENTED_EDGE('',*,*,#33010,.F.);
#33460=EDGE_LOOP('',(#33450,#33440,#33430,#33370,#33290,#33210));
#33470=FACE_OUTER_BOUND('',#33460,.T.);
#33480=ADVANCED_FACE('',(#33470),#33200,.F.);
#33490=COLOUR_RGB('',0.313725501298904,0.784313797950745,
0.313725501298904);
#33500=FILL_AREA_STYLE_COLOUR('',#33490);
#33510=FILL_AREA_STYLE('',(#33500));
#33520=SURFACE_STYLE_FILL_AREA(#33510);
#33530=SURFACE_SIDE_STYLE('',(#33520));
#33540=SURFACE_STYLE_USAGE(.BOTH.,#33530);
#33550=PRESENTATION_STYLE_ASSIGNMENT((#33540));
#33560=CARTESIAN_POINT('',(20.1999999999978,29.8000000000041,
34.8999999949595));
#33570=DIRECTION('',(-2.4492935982509E-16,1.,3.02179933446842E-14));
#33580=DIRECTION('',(1.,2.4492935982947E-16,-1.44957684373975E-13));
#33590=AXIS2_PLACEMENT_3D('',#33560,#33570,#33580);
#33600=PLANE('',#33590);
#33610=CARTESIAN_POINT('',(-1.26476606965298E-12,29.8000000000041,
35.1499999949748));
#33620=DIRECTION('',(-1.,-2.44929359825091E-16,0.));
#33630=VECTOR('',#33620,1.);
#33640=LINE('',#33610,#33630);
#33650=EDGE_CURVE('',#33350,#31960,#33640,.T.);
#33660=ORIENTED_EDGE('',*,*,#33650,.T.);
#33670=ORIENTED_EDGE('',*,*,#33360,.F.);
#33680=CARTESIAN_POINT('',(20.4999999999928,29.8000000000051,
-3.36527250510699E-9));
#33690=DIRECTION('',(-1.44957684373975E-13,3.02179933446842E-14,-1.));
#33700=VECTOR('',#33690,1.);
#33710=LINE('',#33680,#33700);
#33720=CARTESIAN_POINT('',(20.4999999999964,29.8000000000044,
25.0999999999562));
#33730=VERTEX_POINT('',#33720);
#33740=EDGE_CURVE('',#33270,#33730,#33710,.T.);
#33750=ORIENTED_EDGE('',*,*,#33740,.F.);
#33760=CARTESIAN_POINT('',(45.6000000033179,29.8000000000051,
-3.36527250510699E-9));
#33770=DIRECTION('',(0.707106781186548,2.14828155264968E-14,
-0.707106781186548));
#33780=VECTOR('',#33770,1.);
#33790=LINE('',#33760,#33780);
#33800=CARTESIAN_POINT('',(20.7500000049778,29.8000000000044,
24.8499999949748));
#33810=VERTEX_POINT('',#33800);
#33820=EDGE_CURVE('',#33730,#33810,#33790,.T.);
#33830=ORIENTED_EDGE('',*,*,#33820,.F.);
#33840=CARTESIAN_POINT('',(28.5000000000124,29.8000000000044,
24.8499999949748));
#33850=DIRECTION('',(1.,2.44929359825091E-16,0.));
#33860=VECTOR('',#33850,1.);
#33870=LINE('',#33840,#33860);
#33880=EDGE_CURVE('',#32040,#33810,#33870,.T.);
#33890=ORIENTED_EDGE('',*,*,#33880,.T.);
#33900=ORIENTED_EDGE('',*,*,#32050,.T.);
#33910=EDGE_LOOP('',(#33900,#33890,#33830,#33750,#33670,#33660));
#33920=FACE_OUTER_BOUND('',#33910,.T.);
#33930=ADVANCED_FACE('',(#33920),#33600,.F.);
#33940=COLOUR_RGB('',0.823529481887817,0.823529481887817,
0.784313797950745);
#33950=FILL_AREA_STYLE_COLOUR('',#33940);
#33960=FILL_AREA_STYLE('',(#33950));
#33970=SURFACE_STYLE_FILL_AREA(#33960);
#33980=SURFACE_SIDE_STYLE('',(#33970));
#33990=SURFACE_STYLE_USAGE(.BOTH.,#33980);
#34000=PRESENTATION_STYLE_ASSIGNMENT((#33990));
#34010=CARTESIAN_POINT('',(10.3543659391674,21.4627136538013,
24.8499999915999));
#34020=DIRECTION('',(0.,-0.766044443118978,-0.642787609686539));
#34030=DIRECTION('',(0.,0.642787609686539,-0.766044443118978));
#34040=AXIS2_PLACEMENT_3D('',#34010,#34020,#34030);
#34050=PLANE('',#34040);
#34060=ORIENTED_EDGE('',*,*,#31400,.F.);
#34070=ORIENTED_EDGE('',*,*,#32390,.T.);
#34080=ORIENTED_EDGE('',*,*,#31730,.T.);
#34090=CARTESIAN_POINT('',(-1.26476606965298E-12,21.4627136538013,
24.8499999915999));
#34100=DIRECTION('',(1.,0.,0.));
#34110=VECTOR('',#34100,1.);
#34120=LINE('',#34090,#34110);
#34130=CARTESIAN_POINT('',(20.7500000071046,21.4627136509694,
24.8499999949748));
#34140=VERTEX_POINT('',#34130);
#34150=EDGE_CURVE('',#31700,#34140,#34120,.T.);
#34160=ORIENTED_EDGE('',*,*,#34150,.F.);
#34170=CARTESIAN_POINT('',(45.6000000033179,42.3143394871638,
-6.74011602086466E-9));
#34180=DIRECTION('',(0.608120402411343,0.510273605374737,
-0.608120402411343));
#34190=VECTOR('',#34180,1.);
#34200=LINE('',#34170,#34190);
#34210=CARTESIAN_POINT('',(19.6290580615908,20.5221316793457,
25.9709419383618));
#34220=VERTEX_POINT('',#34210);
#34230=EDGE_CURVE('',#34220,#34140,#34200,.T.);
#34240=ORIENTED_EDGE('',*,*,#34230,.T.);
#34250=CARTESIAN_POINT('',(22.3096557533393,42.3143394871638,
-6.74011602086466E-9));
#34260=DIRECTION('',(0.0788214823449026,0.640787734815832,
-0.763661085057074));
#34270=VECTOR('',#34260,1.);
#34280=LINE('',#34250,#34270);
#34290=EDGE_CURVE('',#31390,#34220,#34280,.T.);
#34300=ORIENTED_EDGE('',*,*,#34290,.T.);
#34310=EDGE_LOOP('',(#34300,#34240,#34160,#34080,#34070,#34060));
#34320=FACE_OUTER_BOUND('',#34310,.T.);
#34330=ADVANCED_FACE('',(#34320),#34050,.F.);
#34340=COLOUR_RGB('',0.823529481887817,0.823529481887817,
0.784313797950745);
#34350=FILL_AREA_STYLE_COLOUR('',#34340);
#34360=FILL_AREA_STYLE('',(#34350));
#34370=SURFACE_STYLE_FILL_AREA(#34360);
#34380=SURFACE_SIDE_STYLE('',(#34370));
#34390=SURFACE_STYLE_USAGE(.BOTH.,#34380);
#34400=PRESENTATION_STYLE_ASSIGNMENT((#34390));
#34410=CARTESIAN_POINT('',(22.799999999998,13.5199973693673,
22.7999999999546));
#34420=DIRECTION('',(0.707106781186548,1.73191211247098E-16,
0.707106781186548));
#34430=DIRECTION('',(-0.707106781186548,-1.731912112471E-16,
0.707106781186548));
#34440=AXIS2_PLACEMENT_3D('',#34410,#34420,#34430);
#34450=PLANE('',#34440);
#34460=CARTESIAN_POINT('',(37.9275692700472,-0.100000000008084,
7.67243072990539));
#34470=DIRECTION('',(0.552993381186917,-0.623214762924404,
-0.552993381186917));
#34480=VECTOR('',#34470,1.);
#34490=LINE('',#34460,#34480);
#34500=EDGE_CURVE('',#34220,#28280,#34490,.T.);
#34510=ORIENTED_EDGE('',*,*,#34500,.T.);
#34520=ORIENTED_EDGE('',*,*,#34230,.F.);
#34530=CARTESIAN_POINT('',(20.7500000049778,-6.73594513500575E-12,
24.8499999949748));
#34540=DIRECTION('',(-2.4492935982947E-16,1.,0.));
#34550=VECTOR('',#34540,1.);
#34560=LINE('',#34530,#34550);
#34570=EDGE_CURVE('',#34140,#33810,#34560,.T.);
#34580=ORIENTED_EDGE('',*,*,#34570,.F.);
#34590=ORIENTED_EDGE('',*,*,#33820,.T.);
#34600=CARTESIAN_POINT('',(2.57595806833004,-6.73594513500575E-12,
43.0240419316226));
#34610=DIRECTION('',(0.458149873736944,0.761706890076258,
-0.458149873736944));
#34620=VECTOR('',#34610,1.);
#34630=LINE('',#34600,#34620);
#34640=EDGE_CURVE('',#33730,#28360,#34630,.T.);
#34650=ORIENTED_EDGE('',*,*,#34640,.F.);
#34660=ORIENTED_EDGE('',*,*,#28370,.T.);
#34670=EDGE_LOOP('',(#34660,#34650,#34590,#34580,#34520,#34510));
#34680=FACE_OUTER_BOUND('',#34670,.T.);
#34690=ADVANCED_FACE('',(#34680),#34450,.T.);
#34700=COLOUR_RGB('',0.313725501298904,0.784313797950745,
0.313725501298904);
#34710=FILL_AREA_STYLE_COLOUR('',#34700);
#34720=FILL_AREA_STYLE('',(#34710));
#34730=SURFACE_STYLE_FILL_AREA(#34720);
#34740=SURFACE_SIDE_STYLE('',(#34730));
#34750=SURFACE_STYLE_USAGE(.BOTH.,#34740);
#34760=PRESENTATION_STYLE_ASSIGNMENT((#34750));
#34770=CARTESIAN_POINT('',(20.4999999999978,29.8000000000041,
34.8999999949595));
#34780=DIRECTION('',(-0.856933680202438,0.515426685120888,
1.39794282084869E-13));
#34790=DIRECTION('',(0.515426685120888,0.856933680202438,
-4.88202424944846E-14));
#34800=AXIS2_PLACEMENT_3D('',#34770,#34780,#34790);
#34810=PLANE('',#34800);
#34820=ORIENTED_EDGE('',*,*,#28450,.F.);
#34830=ORIENTED_EDGE('',*,*,#34640,.T.);
#34840=ORIENTED_EDGE('',*,*,#33740,.T.);
#34850=ORIENTED_EDGE('',*,*,#33280,.F.);
#34860=ORIENTED_EDGE('',*,*,#29980,.F.);
#34870=ORIENTED_EDGE('',*,*,#29280,.T.);
#34880=EDGE_LOOP('',(#34870,#34860,#34850,#34840,#34830,#34820));
#34890=FACE_OUTER_BOUND('',#34880,.T.);
#34900=ADVANCED_FACE('',(#34890),#34810,.F.);
#34910=COLOUR_RGB('',0.313725501298904,0.784313797950745,
0.313725501298904);
#34920=FILL_AREA_STYLE_COLOUR('',#34910);
#34930=FILL_AREA_STYLE('',(#34920));
#34940=SURFACE_STYLE_FILL_AREA(#34930);
#34950=SURFACE_SIDE_STYLE('',(#34940));
#34960=SURFACE_STYLE_USAGE(.BOTH.,#34950);
#34970=PRESENTATION_STYLE_ASSIGNMENT((#34960));
#34980=CARTESIAN_POINT('',(21.1249663522791,18.196922078133,
25.0751399981728));
#34990=DIRECTION('',(0.832120357346518,0.379552920813453,
0.40437024023966));
#35000=DIRECTION('',(0.0421192503846416,0.683771116365013,
-0.728479944248282));
#35010=AXIS2_PLACEMENT_3D('',#34980,#34990,#35000);
#35020=PLANE('',#35010);
#35030=ORIENTED_EDGE('',*,*,#31460,.T.);
#35040=ORIENTED_EDGE('',*,*,#34290,.F.);
#35050=ORIENTED_EDGE('',*,*,#34500,.F.);
#35060=ORIENTED_EDGE('',*,*,#28290,.T.);
#35070=EDGE_LOOP('',(#35060,#35050,#35040,#35030));
#35080=FACE_OUTER_BOUND('',#35070,.T.);
#35090=ADVANCED_FACE('',(#35080),#35020,.T.);
#35100=COLOUR_RGB('',0.313725501298904,0.784313797950745,
0.313725501298904);
#35110=FILL_AREA_STYLE_COLOUR('',#35100);
#35120=FILL_AREA_STYLE('',(#35110));
#35130=SURFACE_STYLE_FILL_AREA(#35120);
#35140=SURFACE_SIDE_STYLE('',(#35130));
#35150=SURFACE_STYLE_USAGE(.BOTH.,#35140);
#35160=PRESENTATION_STYLE_ASSIGNMENT((#35150));
#35170=CARTESIAN_POINT('',(10.3543659391674,30.2162126672691,
24.8499999949748));
#35180=DIRECTION('',(0.,0.,-1.));
#35190=DIRECTION('',(0.,1.,0.));
#35200=AXIS2_PLACEMENT_3D('',#35170,#35180,#35190);
#35210=PLANE('',#35200);
#35220=ORIENTED_EDGE('',*,*,#34150,.T.);
#35230=ORIENTED_EDGE('',*,*,#32110,.T.);
#35240=ORIENTED_EDGE('',*,*,#33880,.F.);
#35250=ORIENTED_EDGE('',*,*,#34570,.T.);
#35260=EDGE_LOOP('',(#35250,#35240,#35230,#35220));
#35270=FACE_OUTER_BOUND('',#35260,.T.);
#35280=ADVANCED_FACE('',(#35270),#35210,.F.);
#35290=COLOUR_RGB('',0.823529481887817,0.823529481887817,
0.784313797950745);
#35300=FILL_AREA_STYLE_COLOUR('',#35290);
#35310=FILL_AREA_STYLE('',(#35300));
#35320=SURFACE_STYLE_FILL_AREA(#35310);
#35330=SURFACE_SIDE_STYLE('',(#35320));
#35340=SURFACE_STYLE_USAGE(.BOTH.,#35330);
#35350=PRESENTATION_STYLE_ASSIGNMENT((#35340));
#35360=CARTESIAN_POINT('',(10.3543659391674,21.4627136538013,
35.1499999949748));
#35370=DIRECTION('',(-0.,0.,1.));
#35380=DIRECTION('',(0.,-1.,0.));
#35390=AXIS2_PLACEMENT_3D('',#35360,#35370,#35380);
#35400=PLANE('',#35390);
#35410=ORIENTED_EDGE('',*,*,#32790,.F.);
#35420=ORIENTED_EDGE('',*,*,#33420,.F.);
#35430=ORIENTED_EDGE('',*,*,#33650,.F.);
#35440=ORIENTED_EDGE('',*,*,#31970,.T.);
#35450=EDGE_LOOP('',(#35440,#35430,#35420,#35410));
#35460=FACE_OUTER_BOUND('',#35450,.T.);
#35470=ADVANCED_FACE('',(#35460),#35400,.F.);
#35480=COLOUR_RGB('',0.823529481887817,0.823529481887817,
0.784313797950745);
#35490=FILL_AREA_STYLE_COLOUR('',#35480);
#35500=FILL_AREA_STYLE('',(#35490));
#35510=SURFACE_STYLE_FILL_AREA(#35500);
#35520=SURFACE_SIDE_STYLE('',(#35510));
#35530=SURFACE_STYLE_USAGE(.BOTH.,#35520);
#35540=PRESENTATION_STYLE_ASSIGNMENT((#35530));
#35550=ORIENTED_EDGE('',*,*,#28690,.F.);
#35560=CARTESIAN_POINT('',(28.5000000000171,40.7155687094406,
-3.36520855626077E-9));
#35570=DIRECTION('',(-1.45325078413766E-13,-2.67748269837482E-29,1.));
#35580=VECTOR('',#35570,1.);
#35590=LINE('',#35560,#35580);
#35600=EDGE_CURVE('',#7680,#28600,#35590,.T.);
#35610=ORIENTED_EDGE('',*,*,#35600,.T.);
#35620=ORIENTED_EDGE('',*,*,#7690,.T.);
#35630=ORIENTED_EDGE('',*,*,#28960,.F.);
#35640=EDGE_LOOP('',(#35630,#35620,#35610,#35550));
#35650=FACE_OUTER_BOUND('',#35640,.T.);
#35660=ADVANCED_FACE('',(#35650),#30840,.F.);
#35670=COLOUR_RGB('',1.,0.839215755462646,0.301960796117783);
#35680=FILL_AREA_STYLE_COLOUR('',#35670);
#35690=FILL_AREA_STYLE('',(#35680));
#35700=SURFACE_STYLE_FILL_AREA(#35690);
#35710=SURFACE_SIDE_STYLE('',(#35700));
#35720=SURFACE_STYLE_USAGE(.BOTH.,#35710);
#35730=PRESENTATION_STYLE_ASSIGNMENT((#35720));
#35740=CARTESIAN_POINT('',(27.5000000000132,41.7155687094389,
38.0000000000071));
#35750=DIRECTION('',(-0.70710678118652,-0.707106781186575,
-1.02760348422837E-13));
#35760=DIRECTION('',(-0.707106781186575,0.70710678118652,
-1.02760348422845E-13));
#35770=AXIS2_PLACEMENT_3D('',#35740,#35750,#35760);
#35780=PLANE('',#35770);
#35790=ORIENTED_EDGE('',*,*,#28610,.F.);
#35800=ORIENTED_EDGE('',*,*,#29420,.F.);
#35810=ORIENTED_EDGE('',*,*,#29890,.F.);
#35820=ORIENTED_EDGE('',*,*,#30910,.F.);
#35830=ORIENTED_EDGE('',*,*,#4640,.T.);
#35840=CARTESIAN_POINT('',(27.5000000000061,41.7155687094515,
-3.36520855626077E-9));
#35850=DIRECTION('',(1.45325078413766E-13,2.67748269837463E-29,-1.));
#35860=VECTOR('',#35850,1.);
#35870=LINE('',#35840,#35860);
#35880=EDGE_CURVE('',#4550,#7760,#35870,.T.);
#35890=ORIENTED_EDGE('',*,*,#35880,.F.);
#35900=ORIENTED_EDGE('',*,*,#7770,.T.);
#35910=ORIENTED_EDGE('',*,*,#35600,.F.);
#35920=EDGE_LOOP('',(#35910,#35900,#35890,#35830,#35820,#35810,#35800,
#35790));
#35930=FACE_OUTER_BOUND('',#35920,.T.);
#35940=ADVANCED_FACE('',(#35930),#35780,.F.);
#35950=COLOUR_RGB('',1.,0.839215755462646,0.301960796117783);
#35960=FILL_AREA_STYLE_COLOUR('',#35950);
#35970=FILL_AREA_STYLE('',(#35960));
#35980=SURFACE_STYLE_FILL_AREA(#35970);
#35990=SURFACE_SIDE_STYLE('',(#35980));
#36000=SURFACE_STYLE_USAGE(.BOTH.,#35990);
#36010=PRESENTATION_STYLE_ASSIGNMENT((#36000));
#36020=CARTESIAN_POINT('',(27.5000000000006,49.5857864376407,
38.0000000000071));
#36030=DIRECTION('',(-1.,-1.22464679914735E-16,-1.45325078413766E-13));
#36040=DIRECTION('',(-1.22464679914735E-16,1.,1.77971892115257E-29));
#36050=AXIS2_PLACEMENT_3D('',#36020,#36030,#36040);
#36060=PLANE('',#36050);
#36070=ORIENTED_EDGE('',*,*,#4560,.T.);
#36080=ORIENTED_EDGE('',*,*,#27880,.T.);
#36090=ORIENTED_EDGE('',*,*,#7850,.T.);
#36100=ORIENTED_EDGE('',*,*,#35880,.T.);
#36110=EDGE_LOOP('',(#36100,#36090,#36080,#36070));
#36120=FACE_OUTER_BOUND('',#36110,.T.);
#36130=ADVANCED_FACE('',(#36120),#36060,.F.);
#36140=COLOUR_RGB('',1.,0.839215755462646,0.301960796117783);
#36150=FILL_AREA_STYLE_COLOUR('',#36140);
#36160=FILL_AREA_STYLE('',(#36150));
#36170=SURFACE_STYLE_FILL_AREA(#36160);
#36180=SURFACE_SIDE_STYLE('',(#36170));
#36190=SURFACE_STYLE_USAGE(.BOTH.,#36180);
#36200=PRESENTATION_STYLE_ASSIGNMENT((#36190));
#36210=CARTESIAN_POINT('',(24.0171342973134,50.8430868866029,
38.0000000000066));
#36220=DIRECTION('',(0.362871839026855,-0.931839057155939,
5.27343784607253E-14));
#36230=DIRECTION('',(-0.931839057155939,-0.362871839026855,
-1.35419584050197E-13));
#36240=AXIS2_PLACEMENT_3D('',#36210,#36220,#36230);
#36250=PLANE('',#36240);
#36260=ORIENTED_EDGE('',*,*,#4400,.T.);
#36270=ORIENTED_EDGE('',*,*,#27110,.T.);
#36280=ORIENTED_EDGE('',*,*,#8010,.T.);
#36290=ORIENTED_EDGE('',*,*,#27810,.F.);
#36300=EDGE_LOOP('',(#36290,#36280,#36270,#36260));
#36310=FACE_OUTER_BOUND('',#36300,.T.);
#36320=ADVANCED_FACE('',(#36310),#36250,.F.);
#36330=COLOUR_RGB('',1.,0.839215755462646,0.301960796117783);
#36340=FILL_AREA_STYLE_COLOUR('',#36330);
#36350=FILL_AREA_STYLE('',(#36340));
#36360=SURFACE_STYLE_FILL_AREA(#36350);
#36370=SURFACE_SIDE_STYLE('',(#36360));
#36380=SURFACE_STYLE_USAGE(.BOTH.,#36370);
#36390=PRESENTATION_STYLE_ASSIGNMENT((#36380));
#36400=CARTESIAN_POINT('',(19.8644660940551,54.6586143571664,
38.000000000006));
#36410=DIRECTION('',(0.707106781186547,0.707106781186548,
1.02760348422841E-13));
#36420=DIRECTION('',(0.707106781186548,-0.707106781186547,
1.02760348422841E-13));
#36430=AXIS2_PLACEMENT_3D('',#36400,#36410,#36420);
#36440=PLANE('',#36430);
#36450=ORIENTED_EDGE('',*,*,#4000,.F.);
#36460=ORIENTED_EDGE('',*,*,#26580,.T.);
#36470=ORIENTED_EDGE('',*,*,#8410,.T.);
#36480=ORIENTED_EDGE('',*,*,#27570,.T.);
#36490=EDGE_LOOP('',(#36480,#36470,#36460,#36450));
#36500=FACE_OUTER_BOUND('',#36490,.T.);
#36510=ADVANCED_FACE('',(#36500),#36440,.F.);
#36520=COLOUR_RGB('',1.,0.839215755462646,0.301960796117783);
#36530=FILL_AREA_STYLE_COLOUR('',#36520);
#36540=FILL_AREA_STYLE('',(#36530));
#36550=SURFACE_STYLE_FILL_AREA(#36540);
#36560=SURFACE_SIDE_STYLE('',(#36550));
#36570=SURFACE_STYLE_USAGE(.BOTH.,#36560);
#36580=PRESENTATION_STYLE_ASSIGNMENT((#36570));
#36590=CARTESIAN_POINT('',(19.5928932188138,57.9071067812005,
38.0000000000059));
#36600=DIRECTION('',(-0.707106781186631,-0.707106781186464,
-1.02760348422853E-13));
#36610=DIRECTION('',(-0.707106781186464,0.707106781186631,
-1.02760348422829E-13));
#36620=AXIS2_PLACEMENT_3D('',#36590,#36600,#36610);
#36630=PLANE('',#36620);
#36640=ORIENTED_EDGE('',*,*,#3840,.F.);
#36650=CARTESIAN_POINT('',(19.3000000000061,58.2000000000138,
-3.36520855626077E-9));
#36660=DIRECTION('',(-1.45325078413766E-13,-3.56997693116589E-29,1.));
#36670=VECTOR('',#36660,1.);
#36680=LINE('',#36650,#36670);
#36690=EDGE_CURVE('',#8560,#3750,#36680,.T.);
#36700=ORIENTED_EDGE('',*,*,#36690,.T.);
#36710=ORIENTED_EDGE('',*,*,#8570,.T.);
#36720=ORIENTED_EDGE('',*,*,#26510,.F.);
#36730=EDGE_LOOP('',(#36720,#36710,#36700,#36640));
#36740=FACE_OUTER_BOUND('',#36730,.T.);
#36750=ADVANCED_FACE('',(#36740),#36630,.F.);
#36760=COLOUR_RGB('',1.,0.839215755462646,0.301960796117783);
#36770=FILL_AREA_STYLE_COLOUR('',#36760);
#36780=FILL_AREA_STYLE('',(#36770));
#36790=SURFACE_STYLE_FILL_AREA(#36780);
#36800=SURFACE_SIDE_STYLE('',(#36790));
#36810=SURFACE_STYLE_USAGE(.BOTH.,#36800);
#36820=PRESENTATION_STYLE_ASSIGNMENT((#36810));
#36830=CARTESIAN_POINT('',(7.51759187924193,58.2000000000138,
38.0000000000042));
#36840=DIRECTION('',(0.,-1.,-3.55943784230514E-29));
#36850=DIRECTION('',(-1.,5.17275583541921E-42,-1.45325078413766E-13));
#36860=AXIS2_PLACEMENT_3D('',#36830,#36840,#36850);
#36870=PLANE('',#36860);
#36880=CARTESIAN_POINT('',(12.0499999999979,58.2000000000138,
29.9999999982947));
#36890=DIRECTION('',(0.,-1.,0.));
#36900=DIRECTION('',(-0.707106781186548,0.,-0.707106781186547));
#36910=AXIS2_PLACEMENT_3D('',#36880,#36890,#36900);
#36920=CIRCLE('',#36910,3.59999999999998);
#36930=CARTESIAN_POINT('',(14.5955844122695,58.2000000000138,
32.5455844105663));
#36940=VERTEX_POINT('',#36930);
#36950=CARTESIAN_POINT('',(9.50441558772637,58.2000000000138,
27.4544155860232));
#36960=VERTEX_POINT('',#36950);
#36970=EDGE_CURVE('',#36940,#36960,#36920,.T.);
#36980=ORIENTED_EDGE('',*,*,#36970,.T.);
#36990=CARTESIAN_POINT('',(15.6499999999979,58.2000000000138,
29.9999999982947));
#37000=VERTEX_POINT('',#36990);
#37010=EDGE_CURVE('',#37000,#36940,#36920,.T.);
#37020=ORIENTED_EDGE('',*,*,#37010,.T.);
#37030=EDGE_CURVE('',#36960,#37000,#36920,.T.);
#37040=ORIENTED_EDGE('',*,*,#37030,.T.);
#37050=EDGE_LOOP('',(#37040,#37020,#36980));
#37060=FACE_BOUND('',#37050,.T.);
#37070=ORIENTED_EDGE('',*,*,#3760,.F.);
#37080=CARTESIAN_POINT('',(7.25000000000991,58.2000000000138,
-3.36520855626077E-9));
#37090=DIRECTION('',(-1.45325078413766E-13,-2.27542275438664E-29,1.));
#37100=VECTOR('',#37090,1.);
#37110=LINE('',#37080,#37100);
#37120=EDGE_CURVE('',#8640,#3670,#37110,.T.);
#37130=ORIENTED_EDGE('',*,*,#37120,.T.);
#37140=ORIENTED_EDGE('',*,*,#8650,.T.);
#37150=ORIENTED_EDGE('',*,*,#36690,.F.);
#37160=EDGE_LOOP('',(#37150,#37140,#37130,#37070));
#37170=FACE_OUTER_BOUND('',#37160,.T.);
#37180=ADVANCED_FACE('',(#37060,#37170),#36870,.F.);
#37190=COLOUR_RGB('',1.,0.839215755462646,0.301960796117783);
#37200=FILL_AREA_STYLE_COLOUR('',#37190);
#37210=FILL_AREA_STYLE('',(#37200));
#37220=SURFACE_STYLE_FILL_AREA(#37210);
#37230=SURFACE_SIDE_STYLE('',(#37220));
#37240=SURFACE_STYLE_USAGE(.BOTH.,#37230);
#37250=PRESENTATION_STYLE_ASSIGNMENT((#37240));
#37260=CARTESIAN_POINT('',(12.0499999999979,58.2000000000138,
29.9999999982947));
#37270=DIRECTION('',(0.,-1.,0.));
#37280=DIRECTION('',(-0.707106781186548,-1.49195211367618E-32,
-0.707106781186547));
#37290=AXIS2_PLACEMENT_3D('',#37260,#37270,#37280);
#37300=CYLINDRICAL_SURFACE('',#37290,3.59999999999998);
#37310=ORIENTED_EDGE('',*,*,#37010,.F.);
#37320=CARTESIAN_POINT('',(14.5955844122695,58.2000000000138,
32.5455844105663));
#37330=DIRECTION('',(0.,-1.,0.));
#37340=VECTOR('',#37330,1.);
#37350=LINE('',#37320,#37340);
#37360=CARTESIAN_POINT('',(14.5955844122695,52.5999997693659,
32.5455844105663));
#37370=VERTEX_POINT('',#37360);
#37380=EDGE_CURVE('',#36940,#37370,#37350,.T.);
#37390=ORIENTED_EDGE('',*,*,#37380,.F.);
#37400=CARTESIAN_POINT('',(12.0499999999979,52.5999997693659,
29.9999999982947));
#37410=DIRECTION('',(0.,-1.,0.));
#37420=DIRECTION('',(-0.707106781186548,0.,-0.707106781186547));
#37430=AXIS2_PLACEMENT_3D('',#37400,#37410,#37420);
#37440=CIRCLE('',#37430,3.59999999999998);
#37450=CARTESIAN_POINT('',(14.984244148314,52.5999997693659,
27.9142839874071));
#37460=VERTEX_POINT('',#37450);
#37470=EDGE_CURVE('',#37460,#37370,#37440,.T.);
#37480=ORIENTED_EDGE('',*,*,#37470,.T.);
#37490=CARTESIAN_POINT('',(14.984244148314,58.2000000000138,
27.9142839874071));
#37500=DIRECTION('',(0.,-1.,0.));
#37510=VECTOR('',#37500,1.);
#37520=LINE('',#37490,#37510);
#37530=CARTESIAN_POINT('',(14.984244148314,51.0999997693659,
27.9142839874071));
#37540=VERTEX_POINT('',#37530);
#37550=EDGE_CURVE('',#37460,#37540,#37520,.T.);
#37560=ORIENTED_EDGE('',*,*,#37550,.F.);
#37570=CARTESIAN_POINT('',(12.0499999999979,51.0999997693659,
29.9999999982947));
#37580=DIRECTION('',(0.,-1.,0.));
#37590=DIRECTION('',(-0.707106781186548,0.,-0.707106781186547));
#37600=AXIS2_PLACEMENT_3D('',#37570,#37580,#37590);
#37610=CIRCLE('',#37600,3.59999999999998);
#37620=CARTESIAN_POINT('',(14.1357160108909,51.0999997693659,
27.0657558499825));
#37630=VERTEX_POINT('',#37620);
#37640=EDGE_CURVE('',#37630,#37540,#37610,.T.);
#37650=ORIENTED_EDGE('',*,*,#37640,.T.);
#37660=CARTESIAN_POINT('',(14.1357160108909,58.2000000000138,
27.0657558499825));
#37670=DIRECTION('',(0.,-1.,0.));
#37680=VECTOR('',#37670,1.);
#37690=LINE('',#37660,#37680);
#37700=CARTESIAN_POINT('',(14.1357160108909,52.5999997693659,
27.0657558499825));
#37710=VERTEX_POINT('',#37700);
#37720=EDGE_CURVE('',#37710,#37630,#37690,.T.);
#37730=ORIENTED_EDGE('',*,*,#37720,.T.);
#37740=CARTESIAN_POINT('',(12.0499999999979,52.5999997693659,
29.9999999982947));
#37750=DIRECTION('',(0.,-1.,0.));
#37760=DIRECTION('',(-0.707106781186548,0.,-0.707106781186547));
#37770=AXIS2_PLACEMENT_3D('',#37740,#37750,#37760);
#37780=CIRCLE('',#37770,3.59999999999998);
#37790=CARTESIAN_POINT('',(9.50441558772637,52.5999997693659,
27.4544155860232));
#37800=VERTEX_POINT('',#37790);
#37810=EDGE_CURVE('',#37800,#37710,#37780,.T.);
#37820=ORIENTED_EDGE('',*,*,#37810,.T.);
#37830=CARTESIAN_POINT('',(9.50441558772637,58.2000000000138,
27.4544155860232));
#37840=DIRECTION('',(0.,-1.,0.));
#37850=VECTOR('',#37840,1.);
#37860=LINE('',#37830,#37850);
#37870=EDGE_CURVE('',#36960,#37800,#37860,.T.);
#37880=ORIENTED_EDGE('',*,*,#37870,.T.);
#37890=ORIENTED_EDGE('',*,*,#37030,.F.);
#37900=EDGE_LOOP('',(#37890,#37880,#37820,#37730,#37650,#37560,#37480,
#37390,#37310));
#37910=FACE_OUTER_BOUND('',#37900,.T.);
#37920=ADVANCED_FACE('',(#37910),#37300,.F.);
#37930=COLOUR_RGB('',0.313725501298904,0.784313797950745,
0.313725501298904);
#37940=FILL_AREA_STYLE_COLOUR('',#37930);
#37950=FILL_AREA_STYLE('',(#37940));
#37960=SURFACE_STYLE_FILL_AREA(#37950);
#37970=SURFACE_SIDE_STYLE('',(#37960));
#37980=SURFACE_STYLE_USAGE(.BOTH.,#37970);
#37990=PRESENTATION_STYLE_ASSIGNMENT((#37980));
#38000=CARTESIAN_POINT('',(16.7169064552352,53.2358819999919,
26.1816216804859));
#38010=DIRECTION('',(0.707106781186548,1.74315279842105E-32,
0.707106781186547));
#38020=DIRECTION('',(2.10417156361836E-32,-1.,3.61018765197306E-33));
#38030=AXIS2_PLACEMENT_3D('',#38000,#38010,#38020);
#38040=PLANE('',#38030);
#38050=CARTESIAN_POINT('',(42.8985281390863,51.0999997693659,
-3.36520855626077E-9));
#38060=DIRECTION('',(-0.707106781186547,-2.22044604925031E-16,
0.707106781186548));
#38070=VECTOR('',#38060,1.);
#38080=LINE('',#38050,#38070);
#38090=CARTESIAN_POINT('',(9.96428398911035,51.0999997693659,
32.9342441466108));
#38100=VERTEX_POINT('',#38090);
#38110=EDGE_CURVE('',#37540,#38100,#38080,.T.);
#38120=ORIENTED_EDGE('',*,*,#38110,.T.);
#38130=ORIENTED_EDGE('',*,*,#37550,.T.);
#38140=CARTESIAN_POINT('',(12.4742640710597,52.5999997693659,
30.4242640646615));
#38150=DIRECTION('',(0.707106781186547,1.23259516440783E-32,
-0.707106781186548));
#38160=VECTOR('',#38150,1.);
#38170=LINE('',#38140,#38160);
#38180=CARTESIAN_POINT('',(9.96428398911035,52.5999997693659,
32.9342441466108));
#38190=VERTEX_POINT('',#38180);
#38200=EDGE_CURVE('',#38190,#37460,#38170,.T.);
#38210=ORIENTED_EDGE('',*,*,#38200,.T.);
#38220=CARTESIAN_POINT('',(9.96428398911035,58.2000000000138,
32.9342441466108));
#38230=DIRECTION('',(0.,-1.,0.));
#38240=VECTOR('',#38230,1.);
#38250=LINE('',#38220,#38240);
#38260=EDGE_CURVE('',#38190,#38100,#38250,.T.);
#38270=ORIENTED_EDGE('',*,*,#38260,.F.);
#38280=EDGE_LOOP('',(#38270,#38210,#38130,#38120));
#38290=FACE_OUTER_BOUND('',#38280,.T.);
#38300=ADVANCED_FACE('',(#38290),#38040,.F.);
#38310=COLOUR_RGB('',0.823529481887817,0.823529481887817,
0.784313797950745);
#38320=FILL_AREA_STYLE_COLOUR('',#38310);
#38330=FILL_AREA_STYLE('',(#38320));
#38340=SURFACE_STYLE_FILL_AREA(#38330);
#38350=SURFACE_SIDE_STYLE('',(#38340));
#38360=SURFACE_STYLE_USAGE(.BOTH.,#38350);
#38370=PRESENTATION_STYLE_ASSIGNMENT((#38360));
#38380=CARTESIAN_POINT('',(10.4059607038925,52.5999997693659,
28.3559606974943));
#38390=DIRECTION('',(-2.10417156361836E-32,1.,-3.61018765197306E-33));
#38400=DIRECTION('',(0.707106781186548,1.74315279842105E-32,
0.707106781186547));
#38410=AXIS2_PLACEMENT_3D('',#38380,#38390,#38400);
#38420=PLANE('',#38410);
#38430=ORIENTED_EDGE('',*,*,#38200,.F.);
#38440=ORIENTED_EDGE('',*,*,#37470,.F.);
#38450=EDGE_CURVE('',#37370,#38190,#37440,.T.);
#38460=ORIENTED_EDGE('',*,*,#38450,.F.);
#38470=EDGE_LOOP('',(#38460,#38440,#38430));
#38480=FACE_OUTER_BOUND('',#38470,.T.);
#38490=ADVANCED_FACE('',(#38480),#38420,.T.);
#38500=COLOUR_RGB('',0.823529481887817,0.823529481887817,
0.784313797950745);
#38510=FILL_AREA_STYLE_COLOUR('',#38500);
#38520=FILL_AREA_STYLE('',(#38510));
#38530=SURFACE_STYLE_FILL_AREA(#38520);
#38540=SURFACE_SIDE_STYLE('',(#38530));
#38550=SURFACE_STYLE_USAGE(.BOTH.,#38540);
#38560=PRESENTATION_STYLE_ASSIGNMENT((#38550));
#38570=CARTESIAN_POINT('',(15.8683783178114,51.0999997693659,
25.333093543062));
#38580=DIRECTION('',(-0.707106781186548,-1.74315279842105E-32,
-0.707106781186547));
#38590=DIRECTION('',(-2.10417156361836E-32,1.,-3.61018765197306E-33));
#38600=AXIS2_PLACEMENT_3D('',#38570,#38580,#38590);
#38610=PLANE('',#38600);
#38620=CARTESIAN_POINT('',(11.6257359336358,52.5999997693659,
29.5757359272376));
#38630=DIRECTION('',(-0.707106781186547,-1.23259516440783E-32,
0.707106781186548));
#38640=VECTOR('',#38630,1.);
#38650=LINE('',#38620,#38640);
#38660=CARTESIAN_POINT('',(9.11575585168572,52.5999997693659,
32.0857160091877));
#38670=VERTEX_POINT('',#38660);
#38680=EDGE_CURVE('',#37710,#38670,#38650,.T.);
#38690=ORIENTED_EDGE('',*,*,#38680,.T.);
#38700=ORIENTED_EDGE('',*,*,#37720,.F.);
#38710=CARTESIAN_POINT('',(41.2014718642386,51.0999997693659,
-3.36520855626077E-9));
#38720=DIRECTION('',(0.707106781186547,2.22044604925031E-16,
-0.707106781186548));
#38730=VECTOR('',#38720,1.);
#38740=LINE('',#38710,#38730);
#38750=CARTESIAN_POINT('',(9.11575585168572,51.0999997693659,
32.0857160091877));
#38760=VERTEX_POINT('',#38750);
#38770=EDGE_CURVE('',#38760,#37630,#38740,.T.);
#38780=ORIENTED_EDGE('',*,*,#38770,.T.);
#38790=CARTESIAN_POINT('',(9.11575585168572,58.2000000000138,
32.0857160091877));
#38800=DIRECTION('',(0.,-1.,0.));
#38810=VECTOR('',#38800,1.);
#38820=LINE('',#38790,#38810);
#38830=EDGE_CURVE('',#38670,#38760,#38820,.T.);
#38840=ORIENTED_EDGE('',*,*,#38830,.T.);
#38850=EDGE_LOOP('',(#38840,#38780,#38700,#38690));
#38860=FACE_OUTER_BOUND('',#38850,.T.);
#38870=ADVANCED_FACE('',(#38860),#38610,.F.);
#38880=COLOUR_RGB('',0.823529481887817,0.823529481887817,
0.784313797950745);
#38890=FILL_AREA_STYLE_COLOUR('',#38880);
#38900=FILL_AREA_STYLE('',(#38890));
#38910=SURFACE_STYLE_FILL_AREA(#38900);
#38920=SURFACE_SIDE_STYLE('',(#38910));
#38930=SURFACE_STYLE_USAGE(.BOTH.,#38920);
#38940=PRESENTATION_STYLE_ASSIGNMENT((#38930));
#38950=ORIENTED_EDGE('',*,*,#38680,.F.);
#38960=EDGE_CURVE('',#38670,#37800,#37780,.T.);
#38970=ORIENTED_EDGE('',*,*,#38960,.F.);
#38980=ORIENTED_EDGE('',*,*,#37810,.F.);
#38990=EDGE_LOOP('',(#38980,#38970,#38950));
#39000=FACE_OUTER_BOUND('',#38990,.T.);
#39010=ADVANCED_FACE('',(#39000),#38420,.T.);
#39020=COLOUR_RGB('',0.823529481887817,0.823529481887817,
0.784313797950745);
#39030=FILL_AREA_STYLE_COLOUR('',#39020);
#39040=FILL_AREA_STYLE('',(#39030));
#39050=SURFACE_STYLE_FILL_AREA(#39040);
#39060=SURFACE_SIDE_STYLE('',(#39050));
#39070=SURFACE_STYLE_USAGE(.BOTH.,#39060);
#39080=PRESENTATION_STYLE_ASSIGNMENT((#39070));
#39090=CARTESIAN_POINT('',(-20.9169064575816,51.0999997693659,
33.8183783184509));
#39100=DIRECTION('',(7.7449653060882E-17,-1.,-1.86980002820672E-16));
#39110=DIRECTION('',(0.707106781186548,-7.74496530608818E-17,
0.707106781186547));
#39120=AXIS2_PLACEMENT_3D('',#39090,#39100,#39110);
#39130=PLANE('',#39120);
#39140=ORIENTED_EDGE('',*,*,#37640,.F.);
#39150=ORIENTED_EDGE('',*,*,#38110,.F.);
#39160=EDGE_CURVE('',#38100,#38760,#37610,.T.);
#39170=ORIENTED_EDGE('',*,*,#39160,.F.);
#39180=ORIENTED_EDGE('',*,*,#38770,.F.);
#39190=EDGE_LOOP('',(#39180,#39170,#39150,#39140));
#39200=FACE_OUTER_BOUND('',#39190,.T.);
#39210=ADVANCED_FACE('',(#39200),#39130,.F.);
#39220=COLOUR_RGB('',0.823529481887817,0.823529481887817,
0.784313797950745);
#39230=FILL_AREA_STYLE_COLOUR('',#39220);
#39240=FILL_AREA_STYLE('',(#39230));
#39250=SURFACE_STYLE_FILL_AREA(#39240);
#39260=SURFACE_SIDE_STYLE('',(#39250));
#39270=SURFACE_STYLE_USAGE(.BOTH.,#39260);
#39280=PRESENTATION_STYLE_ASSIGNMENT((#39270));
#39290=CARTESIAN_POINT('',(4.3339748528335,53.8259622792575,
38.0000000000037));
#39300=DIRECTION('',(0.832050294337843,-0.55470019622523,
1.20917774268844E-13));
#39310=DIRECTION('',(-0.55470019622523,-0.832050294337843,
-8.06118495125632E-14));
#39320=AXIS2_PLACEMENT_3D('',#39290,#39300,#39310);
#39330=PLANE('',#39320);
#39340=ORIENTED_EDGE('',*,*,#3680,.F.);
#39350=CARTESIAN_POINT('',(4.25000000000341,53.7000000000041,
-3.36520855626077E-9));
#39360=DIRECTION('',(-1.45325078413766E-13,-4.55084550877326E-29,1.));
#39370=VECTOR('',#39360,1.);
#39380=LINE('',#39350,#39370);
#39390=EDGE_CURVE('',#8720,#3590,#39380,.T.);
#39400=ORIENTED_EDGE('',*,*,#39390,.T.);
#39410=ORIENTED_EDGE('',*,*,#8730,.T.);
#39420=ORIENTED_EDGE('',*,*,#37120,.F.);
#39430=EDGE_LOOP('',(#39420,#39410,#39400,#39340));
#39440=FACE_OUTER_BOUND('',#39430,.T.);
#39450=ADVANCED_FACE('',(#39440),#39330,.F.);
#39460=COLOUR_RGB('',1.,0.839215755462646,0.301960796117783);
#39470=FILL_AREA_STYLE_COLOUR('',#39460);
#39480=FILL_AREA_STYLE('',(#39470));
#39490=SURFACE_STYLE_FILL_AREA(#39480);
#39500=SURFACE_SIDE_STYLE('',(#39490));
#39510=SURFACE_STYLE_USAGE(.BOTH.,#39500);
#39520=PRESENTATION_STYLE_ASSIGNMENT((#39510));
#39530=CARTESIAN_POINT('',(4.24999999999789,45.5254545830408,
38.0000000000037));
#39540=DIRECTION('',(1.,0.,1.45325078413766E-13));
#39550=DIRECTION('',(5.17275583541921E-42,-1.,-3.55943784230514E-29));
#39560=AXIS2_PLACEMENT_3D('',#39530,#39540,#39550);
#39570=PLANE('',#39560);
#39580=CARTESIAN_POINT('',(4.24999999999792,1.58397280170284,
34.7999999982924));
#39590=DIRECTION('',(0.,-1.,0.));
#39600=VECTOR('',#39590,1.);
#39610=LINE('',#39580,#39600);
#39620=CARTESIAN_POINT('',(4.24999999999836,43.925454583031,
34.7999999982924));
#39630=VERTEX_POINT('',#39620);
#39640=CARTESIAN_POINT('',(4.24999999999836,32.6000000000027,
34.7999999982924));
#39650=VERTEX_POINT('',#39640);
#39660=EDGE_CURVE('',#39630,#39650,#39610,.T.);
#39670=ORIENTED_EDGE('',*,*,#39660,.F.);
#39680=CARTESIAN_POINT('',(4.24999999999792,32.6000000000027,
34.349999996635));
#39690=DIRECTION('',(0.,0.,-1.));
#39700=VECTOR('',#39690,1.);
#39710=LINE('',#39680,#39700);
#39720=CARTESIAN_POINT('',(4.24999999999975,32.6000000000027,
25.199999998297));
#39730=VERTEX_POINT('',#39720);
#39740=EDGE_CURVE('',#39650,#39730,#39710,.T.);
#39750=ORIENTED_EDGE('',*,*,#39740,.F.);
#39760=CARTESIAN_POINT('',(4.24999999999792,1.58397280170284,
25.199999998297));
#39770=DIRECTION('',(0.,-1.,0.));
#39780=VECTOR('',#39770,1.);
#39790=LINE('',#39760,#39780);
#39800=CARTESIAN_POINT('',(4.24999999999975,43.925454583031,
25.199999998297));
#39810=VERTEX_POINT('',#39800);
#39820=EDGE_CURVE('',#39810,#39730,#39790,.T.);
#39830=ORIENTED_EDGE('',*,*,#39820,.T.);
#39840=CARTESIAN_POINT('',(4.25000000000341,43.9254545830311,
-3.36520855626077E-9));
#39850=DIRECTION('',(-1.45325078413766E-13,-2.52435489670724E-29,1.));
#39860=VECTOR('',#39850,1.);
#39870=LINE('',#39840,#39860);
#39880=EDGE_CURVE('',#8800,#39810,#39870,.T.);
#39890=ORIENTED_EDGE('',*,*,#39880,.T.);
#39900=ORIENTED_EDGE('',*,*,#8810,.T.);
#39910=ORIENTED_EDGE('',*,*,#39390,.F.);
#39920=ORIENTED_EDGE('',*,*,#3600,.F.);
#39930=CARTESIAN_POINT('',(4.25000000000341,43.9254545830311,
-3.36520855626077E-9));
#39940=DIRECTION('',(1.45325078413766E-13,2.52435489670724E-29,-1.));
#39950=VECTOR('',#39940,1.);
#39960=LINE('',#39930,#39950);
#39970=EDGE_CURVE('',#3510,#39630,#39960,.T.);
#39980=ORIENTED_EDGE('',*,*,#39970,.F.);
#39990=EDGE_LOOP('',(#39980,#39920,#39910,#39900,#39890,#39830,#39750,
#39670));
#40000=FACE_OUTER_BOUND('',#39990,.T.);
#40010=ADVANCED_FACE('',(#40000),#39570,.F.);
#40020=COLOUR_RGB('',1.,0.839215755462646,0.301960796117783);
#40030=FILL_AREA_STYLE_COLOUR('',#40020);
#40040=FILL_AREA_STYLE('',(#40030));
#40050=SURFACE_STYLE_FILL_AREA(#40040);
#40060=SURFACE_SIDE_STYLE('',(#40050));
#40070=SURFACE_STYLE_USAGE(.BOTH.,#40060);
#40080=PRESENTATION_STYLE_ASSIGNMENT((#40070));
#40090=CARTESIAN_POINT('',(-1.36390999991573,32.6000000000027,
25.745417996635));
#40100=DIRECTION('',(0.,1.,0.));
#40110=DIRECTION('',(0.,0.,1.));
#40120=AXIS2_PLACEMENT_3D('',#40090,#40100,#40110);
#40130=PLANE('',#40120);
#40140=CARTESIAN_POINT('',(-2.45000000007138,32.6000000000027,0.));
#40150=DIRECTION('',(4.81278573008795E-32,0.,-1.));
#40160=VECTOR('',#40150,1.);
#40170=LINE('',#40140,#40160);
#40180=CARTESIAN_POINT('',(-2.45000000007138,32.6000000000027,
36.800000001671));
#40190=VERTEX_POINT('',#40180);
#40200=CARTESIAN_POINT('',(-2.45000000007138,32.6000000000027,
23.200000001671));
#40210=VERTEX_POINT('',#40200);
#40220=EDGE_CURVE('',#40190,#40210,#40170,.T.);
#40230=ORIENTED_EDGE('',*,*,#40220,.T.);
#40240=CARTESIAN_POINT('',(0.,32.6000000000027,36.800000001671));
#40250=DIRECTION('',(-1.,0.,-2.77333911991762E-32));
#40260=VECTOR('',#40250,1.);
#40270=LINE('',#40240,#40260);
#40280=CARTESIAN_POINT('',(-6.35000000007138,32.6000000000027,
36.800000001671));
#40290=VERTEX_POINT('',#40280);
#40300=EDGE_CURVE('',#40190,#40290,#40270,.T.);
#40310=ORIENTED_EDGE('',*,*,#40300,.F.);
#40320=CARTESIAN_POINT('',(-6.35000000007138,32.6000000000027,0.));
#40330=DIRECTION('',(-4.81278573008795E-32,0.,1.));
#40340=VECTOR('',#40330,1.);
#40350=LINE('',#40320,#40340);
#40360=CARTESIAN_POINT('',(-6.35000000007138,32.6000000000027,
34.7999999982924));
#40370=VERTEX_POINT('',#40360);
#40380=EDGE_CURVE('',#40370,#40290,#40350,.T.);
#40390=ORIENTED_EDGE('',*,*,#40380,.T.);
#40400=CARTESIAN_POINT('',(-1.29999999991573,32.6000000000027,
34.7999999982924));
#40410=DIRECTION('',(1.,0.,0.));
#40420=VECTOR('',#40410,1.);
#40430=LINE('',#40400,#40420);
#40440=CARTESIAN_POINT('',(-8.44999999999631,32.6000000000027,
34.7999999982924));
#40450=VERTEX_POINT('',#40440);
#40460=EDGE_CURVE('',#40450,#40370,#40430,.T.);
#40470=ORIENTED_EDGE('',*,*,#40460,.T.);
#40480=CARTESIAN_POINT('',(-8.44999999999674,32.6000000000027,
34.349999996635));
#40490=DIRECTION('',(0.,0.,1.));
#40500=VECTOR('',#40490,1.);
#40510=LINE('',#40480,#40500);
#40520=CARTESIAN_POINT('',(-8.44999999999491,32.6000000000027,
25.199999998297));
#40530=VERTEX_POINT('',#40520);
#40540=EDGE_CURVE('',#40530,#40450,#40510,.T.);
#40550=ORIENTED_EDGE('',*,*,#40540,.T.);
#40560=CARTESIAN_POINT('',(-1.29999999991573,32.6000000000027,
25.199999998297));
#40570=DIRECTION('',(-1.,0.,0.));
#40580=VECTOR('',#40570,1.);
#40590=LINE('',#40560,#40580);
#40600=CARTESIAN_POINT('',(-6.35000000007138,32.6000000000027,
25.199999998297));
#40610=VERTEX_POINT('',#40600);
#40620=EDGE_CURVE('',#40610,#40530,#40590,.T.);
#40630=ORIENTED_EDGE('',*,*,#40620,.T.);
#40640=CARTESIAN_POINT('',(-6.35000000007138,32.6000000000027,0.));
#40650=DIRECTION('',(-4.81278573008795E-32,0.,1.));
#40660=VECTOR('',#40650,1.);
#40670=LINE('',#40640,#40660);
#40680=CARTESIAN_POINT('',(-6.35000000007138,32.6000000000027,
23.200000001671));
#40690=VERTEX_POINT('',#40680);
#40700=EDGE_CURVE('',#40690,#40610,#40670,.T.);
#40710=ORIENTED_EDGE('',*,*,#40700,.T.);
#40720=CARTESIAN_POINT('',(0.,32.6000000000027,23.200000001671));
#40730=DIRECTION('',(1.,0.,2.77333911991762E-32));
#40740=VECTOR('',#40730,1.);
#40750=LINE('',#40720,#40740);
#40760=EDGE_CURVE('',#40690,#40210,#40750,.T.);
#40770=ORIENTED_EDGE('',*,*,#40760,.F.);
#40780=EDGE_LOOP('',(#40770,#40710,#40630,#40550,#40470,#40390,#40310,
#40230));
#40790=FACE_OUTER_BOUND('',#40780,.T.);
#40800=ADVANCED_FACE('',(#40790),#40130,.T.);
#40810=COLOUR_RGB('',0.823529481887817,0.823529481887817,
0.784313797950745);
#40820=FILL_AREA_STYLE_COLOUR('',#40810);
#40830=FILL_AREA_STYLE('',(#40820));
#40840=SURFACE_STYLE_FILL_AREA(#40830);
#40850=SURFACE_SIDE_STYLE('',(#40840));
#40860=SURFACE_STYLE_USAGE(.BOTH.,#40850);
#40870=PRESENTATION_STYLE_ASSIGNMENT((#40860));
#40880=CARTESIAN_POINT('',(0.894800729751399,10.1999997693534,
27.0000000000097));
#40890=DIRECTION('',(0.0183249313961033,-0.999832084346831,0.));
#40900=VECTOR('',#40890,1.);
#40910=LINE('',#40880,#40900);
#40920=CARTESIAN_POINT('',(0.449888312351834,34.4749997693526,
27.0000000000097));
#40930=VERTEX_POINT('',#40920);
#40940=CARTESIAN_POINT('',(0.484253324916411,32.6000000000027,
27.0000000000097));
#40950=VERTEX_POINT('',#40940);
#40960=EDGE_CURVE('',#40930,#40950,#40910,.T.);
#40970=ORIENTED_EDGE('',*,*,#40960,.T.);
#40980=CARTESIAN_POINT('',(-0.525111687648167,35.3348689454485,
27.0000000000097));
#40990=DIRECTION('',(0.,0.,1.));
#41000=DIRECTION('',(1.,0.,0.));
#41010=AXIS2_PLACEMENT_3D('',#40980,#40990,#41000);
#41020=CIRCLE('',#41010,1.3);
#41030=CARTESIAN_POINT('',(0.6981155430206,35.7749997693526,
27.0000000000097));
#41040=VERTEX_POINT('',#41030);
#41050=EDGE_CURVE('',#40930,#41040,#41020,.T.);
#41060=ORIENTED_EDGE('',*,*,#41050,.F.);
#41070=CARTESIAN_POINT('',(0.698115543020599,35.7749997693526,
27.0000000000097));
#41080=DIRECTION('',(0.998629534754574,0.0523359562429438,0.));
#41090=VECTOR('',#41080,1.);
#41100=LINE('',#41070,#41090);
#41110=CARTESIAN_POINT('',(-0.475111687648166,35.7135135355988,
27.0000000000097));
#41120=VERTEX_POINT('',#41110);
#41130=EDGE_CURVE('',#41120,#41040,#41100,.T.);
#41140=ORIENTED_EDGE('',*,*,#41130,.T.);
#41150=CARTESIAN_POINT('',(-0.475111687648166,35.7135135355988,
27.0000000000097));
#41160=DIRECTION('',(0.290702193598253,0.956813584057607,0.));
#41170=VECTOR('',#41160,1.);
#41180=LINE('',#41150,#41170);
#41190=CARTESIAN_POINT('',(-1.36011168764816,32.800635543831,
27.0000000000097));
#41200=VERTEX_POINT('',#41190);
#41210=EDGE_CURVE('',#41200,#41120,#41180,.T.);
#41220=ORIENTED_EDGE('',*,*,#41210,.T.);
#41230=CARTESIAN_POINT('',(-1.36011168764816,32.800635543831,
27.0000000000097));
#41240=DIRECTION('',(0.052335956242944,-0.998629534754574,0.));
#41250=VECTOR('',#41240,1.);
#41260=LINE('',#41230,#41250);
#41270=CARTESIAN_POINT('',(-1.34959682435087,32.6000000000027,
27.0000000000097));
#41280=VERTEX_POINT('',#41270);
#41290=EDGE_CURVE('',#41200,#41280,#41260,.T.);
#41300=ORIENTED_EDGE('',*,*,#41290,.F.);
#41310=CARTESIAN_POINT('',(-1.26476606965298E-12,32.6000000000027,
27.0000000000097));
#41320=DIRECTION('',(1.,0.,0.));
#41330=VECTOR('',#41320,1.);
#41340=LINE('',#41310,#41330);
#41350=EDGE_CURVE('',#41280,#40950,#41340,.T.);
#41360=ORIENTED_EDGE('',*,*,#41350,.F.);
#41370=EDGE_LOOP('',(#41360,#41300,#41220,#41140,#41060,#40970));
#41380=FACE_OUTER_BOUND('',#41370,.T.);
#41390=ADVANCED_FACE('',(#41380),#13700,.F.);
#41400=COLOUR_RGB('',0.823529481887817,0.823529481887817,
0.784313797950745);
#41410=FILL_AREA_STYLE_COLOUR('',#41400);
#41420=FILL_AREA_STYLE('',(#41410));
#41430=SURFACE_STYLE_FILL_AREA(#41420);
#41440=SURFACE_SIDE_STYLE('',(#41430));
#41450=SURFACE_STYLE_USAGE(.BOTH.,#41440);
#41460=PRESENTATION_STYLE_ASSIGNMENT((#41450));
#41470=CARTESIAN_POINT('',(-1.17032961582642,29.1793778905202,
33.0000000000097));
#41480=DIRECTION('',(0.998629534754574,0.052335956242944,0.));
#41490=DIRECTION('',(0.052335956242944,-0.998629534754574,0.));
#41500=AXIS2_PLACEMENT_3D('',#41470,#41480,#41490);
#41510=PLANE('',#41500);
#41520=ORIENTED_EDGE('',*,*,#41290,.T.);
#41530=CARTESIAN_POINT('',(-1.36011168764816,32.800635543831,
-3.36520855626077E-9));
#41540=DIRECTION('',(0.,0.,1.));
#41550=VECTOR('',#41540,1.);
#41560=LINE('',#41530,#41550);
#41570=CARTESIAN_POINT('',(-1.36011168764816,32.800635543831,
33.0000000000097));
#41580=VERTEX_POINT('',#41570);
#41590=EDGE_CURVE('',#41200,#41580,#41560,.T.);
#41600=ORIENTED_EDGE('',*,*,#41590,.F.);
#41610=CARTESIAN_POINT('',(0.364137558205144,-0.100000000008084,
33.0000000000097));
#41620=DIRECTION('',(-0.052335956242944,0.998629534754574,0.));
#41630=VECTOR('',#41620,1.);
#41640=LINE('',#41610,#41630);
#41650=CARTESIAN_POINT('',(-1.34959682435087,32.6000000000027,
33.0000000000097));
#41660=VERTEX_POINT('',#41650);
#41670=EDGE_CURVE('',#41660,#41580,#41640,.T.);
#41680=ORIENTED_EDGE('',*,*,#41670,.T.);
#41690=CARTESIAN_POINT('',(-1.34959682435087,32.6000000000027,
-3.36520855626077E-9));
#41700=DIRECTION('',(0.,0.,-1.));
#41710=VECTOR('',#41700,1.);
#41720=LINE('',#41690,#41710);
#41730=EDGE_CURVE('',#41660,#41280,#41720,.T.);
#41740=ORIENTED_EDGE('',*,*,#41730,.F.);
#41750=EDGE_LOOP('',(#41740,#41680,#41600,#41520));
#41760=FACE_OUTER_BOUND('',#41750,.T.);
#41770=ADVANCED_FACE('',(#41760),#41510,.F.);
#41780=COLOUR_RGB('',0.823529481887817,0.823529481887817,
0.784313797950745);
#41790=FILL_AREA_STYLE_COLOUR('',#41780);
#41800=FILL_AREA_STYLE('',(#41790));
#41810=SURFACE_STYLE_FILL_AREA(#41800);
#41820=SURFACE_SIDE_STYLE('',(#41810));
#41830=SURFACE_STYLE_USAGE(.BOTH.,#41820);
#41840=PRESENTATION_STYLE_ASSIGNMENT((#41830));
#41850=CARTESIAN_POINT('',(-0.525111687648167,35.3348689454485,
33.0000000000097));
#41860=DIRECTION('',(0.,0.,1.));
#41870=DIRECTION('',(1.,0.,0.));
#41880=AXIS2_PLACEMENT_3D('',#41850,#41860,#41870);
#41890=CYLINDRICAL_SURFACE('',#41880,1.3);
#41900=ORIENTED_EDGE('',*,*,#41050,.T.);
#41910=CARTESIAN_POINT('',(0.449888312351834,34.4749997693526,
33.0000000000097));
#41920=DIRECTION('',(0.,0.,1.));
#41930=VECTOR('',#41920,1.);
#41940=LINE('',#41910,#41930);
#41950=CARTESIAN_POINT('',(0.449888312351834,34.4749997693526,
33.0000000000097));
#41960=VERTEX_POINT('',#41950);
#41970=EDGE_CURVE('',#40930,#41960,#41940,.T.);
#41980=ORIENTED_EDGE('',*,*,#41970,.F.);
#41990=CARTESIAN_POINT('',(-0.525111687648167,35.3348689454485,
33.0000000000097));
#42000=DIRECTION('',(0.,0.,1.));
#42010=DIRECTION('',(1.,0.,0.));
#42020=AXIS2_PLACEMENT_3D('',#41990,#42000,#42010);
#42030=CIRCLE('',#42020,1.3);
#42040=CARTESIAN_POINT('',(0.6981155430206,35.7749997693526,
33.0000000000097));
#42050=VERTEX_POINT('',#42040);
#42060=EDGE_CURVE('',#41960,#42050,#42030,.T.);
#42070=ORIENTED_EDGE('',*,*,#42060,.F.);
#42080=CARTESIAN_POINT('',(0.6981155430206,35.7749997693526,
33.0000000000097));
#42090=DIRECTION('',(0.,0.,1.));
#42100=VECTOR('',#42090,1.);
#42110=LINE('',#42080,#42100);
#42120=EDGE_CURVE('',#41040,#42050,#42110,.T.);
#42130=ORIENTED_EDGE('',*,*,#42120,.T.);
#42140=EDGE_LOOP('',(#42130,#42070,#41980,#41900));
#42150=FACE_OUTER_BOUND('',#42140,.T.);
#42160=ADVANCED_FACE('',(#42150),#41890,.T.);
#42170=COLOUR_RGB('',0.823529481887817,0.823529481887817,
0.784313797950745);
#42180=FILL_AREA_STYLE_COLOUR('',#42170);
#42190=FILL_AREA_STYLE('',(#42180));
#42200=SURFACE_STYLE_FILL_AREA(#42190);
#42210=SURFACE_SIDE_STYLE('',(#42200));
#42220=SURFACE_STYLE_USAGE(.BOTH.,#42210);
#42230=PRESENTATION_STYLE_ASSIGNMENT((#42220));
#42240=CARTESIAN_POINT('',(0.449888312351835,34.4749997693526,
33.0000000000097));
#42250=DIRECTION('',(-0.999832084346831,-0.0183249313961033,-0.));
#42260=DIRECTION('',(-0.0183249313961033,0.999832084346831,0.));
#42270=AXIS2_PLACEMENT_3D('',#42240,#42250,#42260);
#42280=PLANE('',#42270);
#42290=CARTESIAN_POINT('',(1.08357921776795,-0.100000000008084,
33.0000000000097));
#42300=DIRECTION('',(0.0183249313961033,-0.999832084346831,0.));
#42310=VECTOR('',#42300,1.);
#42320=LINE('',#42290,#42310);
#42330=CARTESIAN_POINT('',(0.484253324916411,32.6000000000027,
33.0000000000097));
#42340=VERTEX_POINT('',#42330);
#42350=EDGE_CURVE('',#41960,#42340,#42320,.T.);
#42360=ORIENTED_EDGE('',*,*,#42350,.T.);
#42370=ORIENTED_EDGE('',*,*,#41970,.T.);
#42380=ORIENTED_EDGE('',*,*,#40960,.F.);
#42390=CARTESIAN_POINT('',(0.484253324916411,32.6000000000027,
-3.36520855626077E-9));
#42400=DIRECTION('',(0.,0.,1.));
#42410=VECTOR('',#42400,1.);
#42420=LINE('',#42390,#42410);
#42430=EDGE_CURVE('',#40950,#42340,#42420,.T.);
#42440=ORIENTED_EDGE('',*,*,#42430,.F.);
#42450=EDGE_LOOP('',(#42440,#42380,#42370,#42360));
#42460=FACE_OUTER_BOUND('',#42450,.T.);
#42470=ADVANCED_FACE('',(#42460),#42280,.F.);
#42480=COLOUR_RGB('',0.823529481887817,0.823529481887817,
0.784313797950745);
#42490=FILL_AREA_STYLE_COLOUR('',#42480);
#42500=FILL_AREA_STYLE('',(#42490));
#42510=SURFACE_STYLE_FILL_AREA(#42500);
#42520=SURFACE_SIDE_STYLE('',(#42510));
#42530=SURFACE_STYLE_USAGE(.BOTH.,#42520);
#42540=PRESENTATION_STYLE_ASSIGNMENT((#42530));
#42550=ORIENTED_EDGE('',*,*,#41670,.F.);
#42560=CARTESIAN_POINT('',(-11.356089047011,-0.100000000008084,
33.0000000000097));
#42570=DIRECTION('',(0.290702193598253,0.956813584057607,0.));
#42580=VECTOR('',#42570,1.);
#42590=LINE('',#42560,#42580);
#42600=CARTESIAN_POINT('',(-0.475111687648166,35.7135135355988,
33.0000000000097));
#42610=VERTEX_POINT('',#42600);
#42620=EDGE_CURVE('',#41580,#42610,#42590,.T.);
#42630=ORIENTED_EDGE('',*,*,#42620,.F.);
#42640=CARTESIAN_POINT('',(-1.26476606965298E-12,35.7384130840598,
33.0000000000097));
#42650=DIRECTION('',(0.998629534754574,0.0523359562429438,0.));
#42660=VECTOR('',#42650,1.);
#42670=LINE('',#42640,#42660);
#42680=EDGE_CURVE('',#42610,#42050,#42670,.T.);
#42690=ORIENTED_EDGE('',*,*,#42680,.F.);
#42700=ORIENTED_EDGE('',*,*,#42060,.T.);
#42710=ORIENTED_EDGE('',*,*,#42350,.F.);
#42720=CARTESIAN_POINT('',(-1.26476606965298E-12,32.6000000000027,
33.0000000000097));
#42730=DIRECTION('',(1.,0.,0.));
#42740=VECTOR('',#42730,1.);
#42750=LINE('',#42720,#42740);
#42760=EDGE_CURVE('',#41660,#42340,#42750,.T.);
#42770=ORIENTED_EDGE('',*,*,#42760,.T.);
#42780=EDGE_LOOP('',(#42770,#42710,#42700,#42690,#42630,#42550));
#42790=FACE_OUTER_BOUND('',#42780,.T.);
#42800=ADVANCED_FACE('',(#42790),#14880,.T.);
#42810=COLOUR_RGB('',0.823529481887817,0.823529481887817,
0.784313797950745);
#42820=FILL_AREA_STYLE_COLOUR('',#42810);
#42830=FILL_AREA_STYLE('',(#42820));
#42840=SURFACE_STYLE_FILL_AREA(#42830);
#42850=SURFACE_SIDE_STYLE('',(#42840));
#42860=SURFACE_STYLE_USAGE(.BOTH.,#42850);
#42870=PRESENTATION_STYLE_ASSIGNMENT((#42860));
#42880=CARTESIAN_POINT('',(-1.36011168764816,32.800635543831,
33.0000000000097));
#42890=DIRECTION('',(0.956813584057607,-0.290702193598253,0.));
#42900=DIRECTION('',(-0.290702193598253,-0.956813584057607,0.));
#42910=AXIS2_PLACEMENT_3D('',#42880,#42890,#42900);
#42920=PLANE('',#42910);
#42930=ORIENTED_EDGE('',*,*,#42620,.T.);
#42940=ORIENTED_EDGE('',*,*,#41590,.T.);
#42950=ORIENTED_EDGE('',*,*,#41210,.F.);
#42960=CARTESIAN_POINT('',(-0.475111687648166,35.7135135355988,
-3.36520855626077E-9));
#42970=DIRECTION('',(0.,0.,1.));
#42980=VECTOR('',#42970,1.);
#42990=LINE('',#42960,#42980);
#43000=EDGE_CURVE('',#41120,#42610,#42990,.T.);
#43010=ORIENTED_EDGE('',*,*,#43000,.F.);
#43020=EDGE_LOOP('',(#43010,#42950,#42940,#42930));
#43030=FACE_OUTER_BOUND('',#43020,.T.);
#43040=ADVANCED_FACE('',(#43030),#42920,.F.);
#43050=COLOUR_RGB('',0.823529481887817,0.823529481887817,
0.784313797950745);
#43060=FILL_AREA_STYLE_COLOUR('',#43050);
#43070=FILL_AREA_STYLE('',(#43060));
#43080=SURFACE_STYLE_FILL_AREA(#43070);
#43090=SURFACE_SIDE_STYLE('',(#43080));
#43100=SURFACE_STYLE_USAGE(.BOTH.,#43090);
#43110=PRESENTATION_STYLE_ASSIGNMENT((#43100));
#43120=CARTESIAN_POINT('',(-0.475111687648166,35.7135135355988,
33.0000000000097));
#43130=DIRECTION('',(0.0523359562429438,-0.998629534754574,0.));
#43140=DIRECTION('',(-0.998629534754574,-0.0523359562429438,0.));
#43150=AXIS2_PLACEMENT_3D('',#43120,#43130,#43140);
#43160=PLANE('',#43150);
#43170=ORIENTED_EDGE('',*,*,#41130,.F.);
#43180=ORIENTED_EDGE('',*,*,#42120,.F.);
#43190=ORIENTED_EDGE('',*,*,#42680,.T.);
#43200=ORIENTED_EDGE('',*,*,#43000,.T.);
#43210=EDGE_LOOP('',(#43200,#43190,#43180,#43170));
#43220=FACE_OUTER_BOUND('',#43210,.T.);
#43230=ADVANCED_FACE('',(#43220),#43160,.F.);
#43240=COLOUR_RGB('',0.823529481887817,0.823529481887817,
0.784313797950745);
#43250=FILL_AREA_STYLE_COLOUR('',#43240);
#43260=FILL_AREA_STYLE('',(#43250));
#43270=SURFACE_STYLE_FILL_AREA(#43260);
#43280=SURFACE_SIDE_STYLE('',(#43270));
#43290=SURFACE_STYLE_USAGE(.BOTH.,#43280);
#43300=PRESENTATION_STYLE_ASSIGNMENT((#43290));
#43310=CARTESIAN_POINT('',(3.65988831235184,32.800635543831,
27.0000000000097));
#43320=DIRECTION('',(0.052335956242944,0.998629534754574,0.));
#43330=VECTOR('',#43320,1.);
#43340=LINE('',#43310,#43330);
#43350=CARTESIAN_POINT('',(3.64937344905455,32.6000000000027,
27.0000000000097));
#43360=VERTEX_POINT('',#43350);
#43370=CARTESIAN_POINT('',(3.65988831235184,32.800635543831,
27.0000000000097));
#43380=VERTEX_POINT('',#43370);
#43390=EDGE_CURVE('',#43360,#43380,#43340,.T.);
#43400=ORIENTED_EDGE('',*,*,#43390,.F.);
#43410=CARTESIAN_POINT('',(2.77488831235183,35.7135135355988,
27.0000000000097));
#43420=DIRECTION('',(0.290702193598253,-0.956813584057607,0.));
#43430=VECTOR('',#43420,1.);
#43440=LINE('',#43410,#43430);
#43450=CARTESIAN_POINT('',(2.77488831235183,35.7135135355988,
27.0000000000097));
#43460=VERTEX_POINT('',#43450);
#43470=EDGE_CURVE('',#43460,#43380,#43440,.T.);
#43480=ORIENTED_EDGE('',*,*,#43470,.T.);
#43490=CARTESIAN_POINT('',(1.60166108168307,35.7749997693526,
27.0000000000097));
#43500=DIRECTION('',(0.998629534754574,-0.0523359562429438,0.));
#43510=VECTOR('',#43500,1.);
#43520=LINE('',#43490,#43510);
#43530=CARTESIAN_POINT('',(1.60166108168307,35.7749997693526,
27.0000000000097));
#43540=VERTEX_POINT('',#43530);
#43550=EDGE_CURVE('',#43540,#43460,#43520,.T.);
#43560=ORIENTED_EDGE('',*,*,#43550,.T.);
#43570=CARTESIAN_POINT('',(2.82488831235183,35.3348689454485,
27.0000000000097));
#43580=DIRECTION('',(0.,0.,1.));
#43590=DIRECTION('',(1.,0.,0.));
#43600=AXIS2_PLACEMENT_3D('',#43570,#43580,#43590);
#43610=CIRCLE('',#43600,1.3);
#43620=CARTESIAN_POINT('',(1.84988831235191,34.4749997693525,
27.0000000000097));
#43630=VERTEX_POINT('',#43620);
#43640=EDGE_CURVE('',#43540,#43630,#43610,.T.);
#43650=ORIENTED_EDGE('',*,*,#43640,.F.);
#43660=CARTESIAN_POINT('',(1.79363077296579,31.4055152704078,
27.0000000000097));
#43670=DIRECTION('',(0.0183249313961296,0.99983208434683,0.));
#43680=VECTOR('',#43670,1.);
#43690=LINE('',#43660,#43680);
#43700=CARTESIAN_POINT('',(1.81552329978729,32.6000000000027,
27.0000000000097));
#43710=VERTEX_POINT('',#43700);
#43720=EDGE_CURVE('',#43710,#43630,#43690,.T.);
#43730=ORIENTED_EDGE('',*,*,#43720,.T.);
#43740=EDGE_CURVE('',#43710,#43360,#41340,.T.);
#43750=ORIENTED_EDGE('',*,*,#43740,.F.);
#43760=EDGE_LOOP('',(#43750,#43730,#43650,#43560,#43480,#43400));
#43770=FACE_OUTER_BOUND('',#43760,.T.);
#43780=ADVANCED_FACE('',(#43770),#13700,.F.);
#43790=COLOUR_RGB('',0.823529481887817,0.823529481887817,
0.784313797950745);
#43800=FILL_AREA_STYLE_COLOUR('',#43790);
#43810=FILL_AREA_STYLE('',(#43800));
#43820=SURFACE_STYLE_FILL_AREA(#43810);
#43830=SURFACE_SIDE_STYLE('',(#43820));
#43840=SURFACE_STYLE_USAGE(.BOTH.,#43830);
#43850=PRESENTATION_STYLE_ASSIGNMENT((#43840));
#43860=CARTESIAN_POINT('',(3.65988831235184,32.800635543831,
33.0000000000097));
#43870=DIRECTION('',(-0.998629534754574,0.052335956242944,0.));
#43880=DIRECTION('',(0.052335956242944,0.998629534754574,0.));
#43890=AXIS2_PLACEMENT_3D('',#43860,#43870,#43880);
#43900=PLANE('',#43890);
#43910=CARTESIAN_POINT('',(1.93563906649853,-0.100000000008084,
33.0000000000097));
#43920=DIRECTION('',(-0.052335956242944,-0.998629534754574,0.));
#43930=VECTOR('',#43920,1.);
#43940=LINE('',#43910,#43930);
#43950=CARTESIAN_POINT('',(3.65988831235184,32.800635543831,
33.0000000000097));
#43960=VERTEX_POINT('',#43950);
#43970=CARTESIAN_POINT('',(3.64937344905455,32.6000000000027,
33.0000000000097));
#43980=VERTEX_POINT('',#43970);
#43990=EDGE_CURVE('',#43960,#43980,#43940,.T.);
#44000=ORIENTED_EDGE('',*,*,#43990,.T.);
#44010=CARTESIAN_POINT('',(3.65988831235184,32.800635543831,
-3.36520855626077E-9));
#44020=DIRECTION('',(0.,0.,1.));
#44030=VECTOR('',#44020,1.);
#44040=LINE('',#44010,#44030);
#44050=EDGE_CURVE('',#43380,#43960,#44040,.T.);
#44060=ORIENTED_EDGE('',*,*,#44050,.T.);
#44070=ORIENTED_EDGE('',*,*,#43390,.T.);
#44080=CARTESIAN_POINT('',(3.64937344905455,32.6000000000027,
-3.36520855626077E-9));
#44090=DIRECTION('',(0.,0.,1.));
#44100=VECTOR('',#44090,1.);
#44110=LINE('',#44080,#44100);
#44120=EDGE_CURVE('',#43360,#43980,#44110,.T.);
#44130=ORIENTED_EDGE('',*,*,#44120,.F.);
#44140=EDGE_LOOP('',(#44130,#44070,#44060,#44000));
#44150=FACE_OUTER_BOUND('',#44140,.T.);
#44160=ADVANCED_FACE('',(#44150),#43900,.F.);
#44170=COLOUR_RGB('',0.823529481887817,0.823529481887817,
0.784313797950745);
#44180=FILL_AREA_STYLE_COLOUR('',#44170);
#44190=FILL_AREA_STYLE('',(#44180));
#44200=SURFACE_STYLE_FILL_AREA(#44190);
#44210=SURFACE_SIDE_STYLE('',(#44200));
#44220=SURFACE_STYLE_USAGE(.BOTH.,#44210);
#44230=PRESENTATION_STYLE_ASSIGNMENT((#44220));
#44240=CARTESIAN_POINT('',(2.77488831235183,35.7135135355988,
33.0000000000097));
#44250=DIRECTION('',(-0.956813584057607,-0.290702193598253,-0.));
#44260=DIRECTION('',(-0.290702193598253,0.956813584057607,0.));
#44270=AXIS2_PLACEMENT_3D('',#44240,#44250,#44260);
#44280=PLANE('',#44270);
#44290=ORIENTED_EDGE('',*,*,#43470,.F.);
#44300=ORIENTED_EDGE('',*,*,#44050,.F.);
#44310=CARTESIAN_POINT('',(13.6558656717147,-0.100000000008084,
33.0000000000097));
#44320=DIRECTION('',(0.290702193598253,-0.956813584057607,0.));
#44330=VECTOR('',#44320,1.);
#44340=LINE('',#44310,#44330);
#44350=CARTESIAN_POINT('',(2.77488831235183,35.7135135355988,
33.0000000000097));
#44360=VERTEX_POINT('',#44350);
#44370=EDGE_CURVE('',#44360,#43960,#44340,.T.);
#44380=ORIENTED_EDGE('',*,*,#44370,.T.);
#44390=CARTESIAN_POINT('',(2.77488831235183,35.7135135355988,
-3.36520855626077E-9));
#44400=DIRECTION('',(0.,0.,1.));
#44410=VECTOR('',#44400,1.);
#44420=LINE('',#44390,#44410);
#44430=EDGE_CURVE('',#43460,#44360,#44420,.T.);
#44440=ORIENTED_EDGE('',*,*,#44430,.T.);
#44450=EDGE_LOOP('',(#44440,#44380,#44300,#44290));
#44460=FACE_OUTER_BOUND('',#44450,.T.);
#44470=ADVANCED_FACE('',(#44460),#44280,.F.);
#44480=COLOUR_RGB('',0.823529481887817,0.823529481887817,
0.784313797950745);
#44490=FILL_AREA_STYLE_COLOUR('',#44480);
#44500=FILL_AREA_STYLE('',(#44490));
#44510=SURFACE_STYLE_FILL_AREA(#44500);
#44520=SURFACE_SIDE_STYLE('',(#44510));
#44530=SURFACE_STYLE_USAGE(.BOTH.,#44520);
#44540=PRESENTATION_STYLE_ASSIGNMENT((#44530));
#44550=CARTESIAN_POINT('',(1.21619740693489,-0.100000000008084,
33.0000000000097));
#44560=DIRECTION('',(-0.0183249313961296,-0.99983208434683,0.));
#44570=VECTOR('',#44560,1.);
#44580=LINE('',#44550,#44570);
#44590=CARTESIAN_POINT('',(1.84988831235191,34.4749997693525,
33.0000000000097));
#44600=VERTEX_POINT('',#44590);
#44610=CARTESIAN_POINT('',(1.81552329978729,32.6000000000027,
33.0000000000097));
#44620=VERTEX_POINT('',#44610);
#44630=EDGE_CURVE('',#44600,#44620,#44580,.T.);
#44640=ORIENTED_EDGE('',*,*,#44630,.T.);
#44650=CARTESIAN_POINT('',(2.82488831235183,35.3348689454485,
33.0000000000097));
#44660=DIRECTION('',(0.,0.,1.));
#44670=DIRECTION('',(1.,0.,0.));
#44680=AXIS2_PLACEMENT_3D('',#44650,#44660,#44670);
#44690=CIRCLE('',#44680,1.3);
#44700=CARTESIAN_POINT('',(1.60166108168307,35.7749997693526,
33.0000000000097));
#44710=VERTEX_POINT('',#44700);
#44720=EDGE_CURVE('',#44710,#44600,#44690,.T.);
#44730=ORIENTED_EDGE('',*,*,#44720,.T.);
#44740=CARTESIAN_POINT('',(-1.26476606965298E-12,35.8589392698077,
33.0000000000097));
#44750=DIRECTION('',(-0.998629534754574,0.0523359562429438,0.));
#44760=VECTOR('',#44750,1.);
#44770=LINE('',#44740,#44760);
#44780=EDGE_CURVE('',#44360,#44710,#44770,.T.);
#44790=ORIENTED_EDGE('',*,*,#44780,.T.);
#44800=ORIENTED_EDGE('',*,*,#44370,.F.);
#44810=ORIENTED_EDGE('',*,*,#43990,.F.);
#44820=EDGE_CURVE('',#44620,#43980,#42750,.T.);
#44830=ORIENTED_EDGE('',*,*,#44820,.T.);
#44840=EDGE_LOOP('',(#44830,#44810,#44800,#44790,#44730,#44640));
#44850=FACE_OUTER_BOUND('',#44840,.T.);
#44860=ADVANCED_FACE('',(#44850),#14880,.T.);
#44870=COLOUR_RGB('',0.823529481887817,0.823529481887817,
0.784313797950745);
#44880=FILL_AREA_STYLE_COLOUR('',#44870);
#44890=FILL_AREA_STYLE('',(#44880));
#44900=SURFACE_STYLE_FILL_AREA(#44890);
#44910=SURFACE_SIDE_STYLE('',(#44900));
#44920=SURFACE_STYLE_USAGE(.BOTH.,#44910);
#44930=PRESENTATION_STYLE_ASSIGNMENT((#44920));
#44940=CARTESIAN_POINT('',(2.82488831235183,35.3348689454485,
33.0000000000097));
#44950=DIRECTION('',(0.,0.,1.));
#44960=DIRECTION('',(1.,0.,0.));
#44970=AXIS2_PLACEMENT_3D('',#44940,#44950,#44960);
#44980=CYLINDRICAL_SURFACE('',#44970,1.3);
#44990=ORIENTED_EDGE('',*,*,#44720,.F.);
#45000=CARTESIAN_POINT('',(1.84988831235191,34.4749997693525,
33.0000000000097));
#45010=DIRECTION('',(0.,0.,1.));
#45020=VECTOR('',#45010,1.);
#45030=LINE('',#45000,#45020);
#45040=EDGE_CURVE('',#43630,#44600,#45030,.T.);
#45050=ORIENTED_EDGE('',*,*,#45040,.T.);
#45060=ORIENTED_EDGE('',*,*,#43640,.T.);
#45070=CARTESIAN_POINT('',(1.60166108168307,35.7749997693526,
33.0000000000097));
#45080=DIRECTION('',(0.,0.,1.));
#45090=VECTOR('',#45080,1.);
#45100=LINE('',#45070,#45090);
#45110=EDGE_CURVE('',#43540,#44710,#45100,.T.);
#45120=ORIENTED_EDGE('',*,*,#45110,.F.);
#45130=EDGE_LOOP('',(#45120,#45060,#45050,#44990));
#45140=FACE_OUTER_BOUND('',#45130,.T.);
#45150=ADVANCED_FACE('',(#45140),#44980,.T.);
#45160=COLOUR_RGB('',0.823529481887817,0.823529481887817,
0.784313797950745);
#45170=FILL_AREA_STYLE_COLOUR('',#45160);
#45180=FILL_AREA_STYLE('',(#45170));
#45190=SURFACE_STYLE_FILL_AREA(#45180);
#45200=SURFACE_SIDE_STYLE('',(#45190));
#45210=SURFACE_STYLE_USAGE(.BOTH.,#45200);
#45220=PRESENTATION_STYLE_ASSIGNMENT((#45210));
#45230=CARTESIAN_POINT('',(1.75934381782546,29.5347744156231,
33.0000000000097));
#45240=DIRECTION('',(0.99983208434683,-0.0183249313961296,0.));
#45250=DIRECTION('',(-0.0183249313961296,-0.99983208434683,0.));
#45260=AXIS2_PLACEMENT_3D('',#45230,#45240,#45250);
#45270=PLANE('',#45260);
#45280=CARTESIAN_POINT('',(1.81552329978729,32.6000000000027,
-3.36520855626077E-9));
#45290=DIRECTION('',(0.,0.,-1.));
#45300=VECTOR('',#45290,1.);
#45310=LINE('',#45280,#45300);
#45320=EDGE_CURVE('',#44620,#43710,#45310,.T.);
#45330=ORIENTED_EDGE('',*,*,#45320,.F.);
#45340=ORIENTED_EDGE('',*,*,#43720,.F.);
#45350=ORIENTED_EDGE('',*,*,#45040,.F.);
#45360=ORIENTED_EDGE('',*,*,#44630,.F.);
#45370=EDGE_LOOP('',(#45360,#45350,#45340,#45330));
#45380=FACE_OUTER_BOUND('',#45370,.T.);
#45390=ADVANCED_FACE('',(#45380),#45270,.F.);
#45400=COLOUR_RGB('',0.823529481887817,0.823529481887817,
0.784313797950745);
#45410=FILL_AREA_STYLE_COLOUR('',#45400);
#45420=FILL_AREA_STYLE('',(#45410));
#45430=SURFACE_STYLE_FILL_AREA(#45420);
#45440=SURFACE_SIDE_STYLE('',(#45430));
#45450=SURFACE_STYLE_USAGE(.BOTH.,#45440);
#45460=PRESENTATION_STYLE_ASSIGNMENT((#45450));
#45470=CARTESIAN_POINT('',(1.60166108168307,35.7749997693526,
33.0000000000097));
#45480=DIRECTION('',(-0.0523359562429438,-0.998629534754574,-0.));
#45490=DIRECTION('',(-0.998629534754574,0.0523359562429438,0.));
#45500=AXIS2_PLACEMENT_3D('',#45470,#45480,#45490);
#45510=PLANE('',#45500);
#45520=ORIENTED_EDGE('',*,*,#43550,.F.);
#45530=ORIENTED_EDGE('',*,*,#44430,.F.);
#45540=ORIENTED_EDGE('',*,*,#44780,.F.);
#45550=ORIENTED_EDGE('',*,*,#45110,.T.);
#45560=EDGE_LOOP('',(#45550,#45540,#45530,#45520));
#45570=FACE_OUTER_BOUND('',#45560,.T.);
#45580=ADVANCED_FACE('',(#45570),#45510,.F.);
#45590=COLOUR_RGB('',0.823529481887817,0.823529481887817,
0.784313797950745);
#45600=FILL_AREA_STYLE_COLOUR('',#45590);
#45610=FILL_AREA_STYLE('',(#45600));
#45620=SURFACE_STYLE_FILL_AREA(#45610);
#45630=SURFACE_SIDE_STYLE('',(#45620));
#45640=SURFACE_STYLE_USAGE(.BOTH.,#45630);
#45650=PRESENTATION_STYLE_ASSIGNMENT((#45640));
#45660=CARTESIAN_POINT('',(-8.44999999999677,53.5486121811478,
38.0000000000019));
#45670=DIRECTION('',(-1.,0.,-1.45325078413766E-13));
#45680=DIRECTION('',(-5.17275583541921E-42,1.,3.55943784230514E-29));
#45690=AXIS2_PLACEMENT_3D('',#45660,#45670,#45680);
#45700=PLANE('',#45690);
#45710=CARTESIAN_POINT('',(-8.44999999999674,1.58397280170284,
25.199999998297));
#45720=DIRECTION('',(0.,-1.,0.));
#45730=VECTOR('',#45720,1.);
#45740=LINE('',#45710,#45730);
#45750=CARTESIAN_POINT('',(-8.44999999999491,43.9254545830311,
25.199999998297));
#45760=VERTEX_POINT('',#45750);
#45770=EDGE_CURVE('',#45760,#40530,#45740,.T.);
#45780=ORIENTED_EDGE('',*,*,#45770,.F.);
#45790=ORIENTED_EDGE('',*,*,#40540,.F.);
#45800=CARTESIAN_POINT('',(-8.44999999999674,1.58397280170284,
34.7999999982924));
#45810=DIRECTION('',(0.,-1.,0.));
#45820=VECTOR('',#45810,1.);
#45830=LINE('',#45800,#45820);
#45840=CARTESIAN_POINT('',(-8.44999999999631,43.9254545830311,
34.7999999982924));
#45850=VERTEX_POINT('',#45840);
#45860=EDGE_CURVE('',#45850,#40450,#45830,.T.);
#45870=ORIENTED_EDGE('',*,*,#45860,.T.);
#45880=CARTESIAN_POINT('',(-8.44999999999125,43.9254545830311,
-3.36520855626077E-9));
#45890=DIRECTION('',(1.45325078413766E-13,2.52435489670724E-29,-1.));
#45900=VECTOR('',#45890,1.);
#45910=LINE('',#45880,#45900);
#45920=EDGE_CURVE('',#3430,#45850,#45910,.T.);
#45930=ORIENTED_EDGE('',*,*,#45920,.T.);
#45940=ORIENTED_EDGE('',*,*,#3440,.T.);
#45950=ORIENTED_EDGE('',*,*,#26290,.T.);
#45960=ORIENTED_EDGE('',*,*,#8970,.T.);
#45970=EDGE_CURVE('',#45760,#8880,#45910,.T.);
#45980=ORIENTED_EDGE('',*,*,#45970,.T.);
#45990=EDGE_LOOP('',(#45980,#45960,#45950,#45940,#45930,#45870,#45790,
#45780));
#46000=FACE_OUTER_BOUND('',#45990,.T.);
#46010=ADVANCED_FACE('',(#46000),#45700,.F.);
#46020=COLOUR_RGB('',1.,0.839215755462646,0.301960796117783);
#46030=FILL_AREA_STYLE_COLOUR('',#46020);
#46040=FILL_AREA_STYLE('',(#46030));
#46050=SURFACE_STYLE_FILL_AREA(#46040);
#46060=SURFACE_SIDE_STYLE('',(#46050));
#46070=SURFACE_STYLE_USAGE(.BOTH.,#46060);
#46080=PRESENTATION_STYLE_ASSIGNMENT((#46070));
#46090=CARTESIAN_POINT('',(-8.44999999999674,43.925454583031,
25.199999998297));
#46100=DIRECTION('',(0.,0.,1.));
#46110=DIRECTION('',(-1.,0.,0.));
#46120=AXIS2_PLACEMENT_3D('',#46090,#46100,#46110);
#46130=PLANE('',#46120);
#46140=CARTESIAN_POINT('',(-6.35000000007138,0.,25.199999998297));
#46150=DIRECTION('',(1.22464679914735E-16,1.,0.));
#46160=VECTOR('',#46150,1.);
#46170=LINE('',#46140,#46160);
#46180=CARTESIAN_POINT('',(-6.35000000007138,43.9254545830382,
25.199999998297));
#46190=VERTEX_POINT('',#46180);
#46200=EDGE_CURVE('',#40610,#46190,#46170,.T.);
#46210=ORIENTED_EDGE('',*,*,#46200,.T.);
#46220=ORIENTED_EDGE('',*,*,#40620,.F.);
#46230=ORIENTED_EDGE('',*,*,#45770,.T.);
#46240=CARTESIAN_POINT('',(-1.26476606965298E-12,43.925454583031,
25.199999998297));
#46250=DIRECTION('',(-1.,0.,0.));
#46260=VECTOR('',#46250,1.);
#46270=LINE('',#46240,#46260);
#46280=EDGE_CURVE('',#46190,#45760,#46270,.T.);
#46290=ORIENTED_EDGE('',*,*,#46280,.T.);
#46300=EDGE_LOOP('',(#46290,#46230,#46220,#46210));
#46310=FACE_OUTER_BOUND('',#46300,.T.);
#46320=ADVANCED_FACE('',(#46310),#46130,.T.);
#46330=COLOUR_RGB('',0.313725501298904,0.784313797950745,
0.313725501298904);
#46340=FILL_AREA_STYLE_COLOUR('',#46330);
#46350=FILL_AREA_STYLE('',(#46340));
#46360=SURFACE_STYLE_FILL_AREA(#46350);
#46370=SURFACE_SIDE_STYLE('',(#46360));
#46380=SURFACE_STYLE_USAGE(.BOTH.,#46370);
#46390=PRESENTATION_STYLE_ASSIGNMENT((#46380));
#46400=CARTESIAN_POINT('',(-8.44999999999677,43.9254545830311,
38.0000000000019));
#46410=DIRECTION('',(-1.22464679914735E-16,-1.,-5.33915676345771E-29));
#46420=DIRECTION('',(-1.,1.22464679914735E-16,-1.45325078413766E-13));
#46430=AXIS2_PLACEMENT_3D('',#46400,#46410,#46420);
#46440=PLANE('',#46430);
#46450=ORIENTED_EDGE('',*,*,#45970,.F.);
#46460=ORIENTED_EDGE('',*,*,#8890,.T.);
#46470=ORIENTED_EDGE('',*,*,#39880,.F.);
#46480=CARTESIAN_POINT('',(2.14999999992328,43.9254545830382,
25.199999998297));
#46490=VERTEX_POINT('',#46480);
#46500=EDGE_CURVE('',#39810,#46490,#46270,.T.);
#46510=ORIENTED_EDGE('',*,*,#46500,.F.);
#46520=CARTESIAN_POINT('',(2.14999999992328,43.9254545830311,0.));
#46530=DIRECTION('',(4.81278573008949E-32,5.33915676345771E-29,-1.));
#46540=VECTOR('',#46530,1.);
#46550=LINE('',#46520,#46540);
#46560=CARTESIAN_POINT('',(2.14999999992328,43.9254545830311,
23.200000001671));
#46570=VERTEX_POINT('',#46560);
#46580=EDGE_CURVE('',#46490,#46570,#46550,.T.);
#46590=ORIENTED_EDGE('',*,*,#46580,.F.);
#46600=CARTESIAN_POINT('',(0.,43.9254545830311,23.200000001671));
#46610=DIRECTION('',(-1.,1.22464679914735E-16,-4.93038065763132E-32));
#46620=VECTOR('',#46610,1.);
#46630=LINE('',#46600,#46620);
#46640=CARTESIAN_POINT('',(-6.35000000007138,43.9254545830311,
23.200000001671));
#46650=VERTEX_POINT('',#46640);
#46660=EDGE_CURVE('',#46570,#46650,#46630,.T.);
#46670=ORIENTED_EDGE('',*,*,#46660,.F.);
#46680=CARTESIAN_POINT('',(-6.35000000007138,43.9254545830311,0.));
#46690=DIRECTION('',(-4.81278573008949E-32,-5.33915676345771E-29,1.));
#46700=VECTOR('',#46690,1.);
#46710=LINE('',#46680,#46700);
#46720=EDGE_CURVE('',#46650,#46190,#46710,.T.);
#46730=ORIENTED_EDGE('',*,*,#46720,.F.);
#46740=ORIENTED_EDGE('',*,*,#46280,.F.);
#46750=EDGE_LOOP('',(#46740,#46730,#46670,#46590,#46510,#46470,#46460,
#46450));
#46760=FACE_OUTER_BOUND('',#46750,.T.);
#46770=ADVANCED_FACE('',(#46760),#46440,.F.);
#46780=COLOUR_RGB('',1.,0.839215755462646,0.301960796117783);
#46790=FILL_AREA_STYLE_COLOUR('',#46780);
#46800=FILL_AREA_STYLE('',(#46790));
#46810=SURFACE_STYLE_FILL_AREA(#46800);
#46820=SURFACE_SIDE_STYLE('',(#46810));
#46830=SURFACE_STYLE_USAGE(.BOTH.,#46820);
#46840=PRESENTATION_STYLE_ASSIGNMENT((#46830));
#46850=CARTESIAN_POINT('',(4.24999999999792,43.925454583031,
34.7999999982924));
#46860=DIRECTION('',(0.,0.,-1.));
#46870=DIRECTION('',(1.,0.,0.));
#46880=AXIS2_PLACEMENT_3D('',#46850,#46860,#46870);
#46890=PLANE('',#46880);
#46900=ORIENTED_EDGE('',*,*,#45860,.F.);
#46910=ORIENTED_EDGE('',*,*,#40460,.F.);
#46920=CARTESIAN_POINT('',(-6.35000000007139,0.,34.7999999982924));
#46930=DIRECTION('',(-1.22464679914735E-16,-1.,0.));
#46940=VECTOR('',#46930,1.);
#46950=LINE('',#46920,#46940);
#46960=CARTESIAN_POINT('',(-6.35000000007138,43.9254545830382,
34.7999999982924));
#46970=VERTEX_POINT('',#46960);
#46980=EDGE_CURVE('',#46970,#40370,#46950,.T.);
#46990=ORIENTED_EDGE('',*,*,#46980,.T.);
#47000=CARTESIAN_POINT('',(-1.26476606965298E-12,43.925454583031,
34.7999999982924));
#47010=DIRECTION('',(-1.,0.,0.));
#47020=VECTOR('',#47010,1.);
#47030=LINE('',#47000,#47020);
#47040=EDGE_CURVE('',#46970,#45850,#47030,.T.);
#47050=ORIENTED_EDGE('',*,*,#47040,.F.);
#47060=EDGE_LOOP('',(#47050,#46990,#46910,#46900));
#47070=FACE_OUTER_BOUND('',#47060,.T.);
#47080=ADVANCED_FACE('',(#47070),#46890,.T.);
#47090=COLOUR_RGB('',0.313725501298904,0.784313797950745,
0.313725501298904);
#47100=FILL_AREA_STYLE_COLOUR('',#47090);
#47110=FILL_AREA_STYLE('',(#47100));
#47120=SURFACE_STYLE_FILL_AREA(#47110);
#47130=SURFACE_SIDE_STYLE('',(#47120));
#47140=SURFACE_STYLE_USAGE(.BOTH.,#47130);
#47150=PRESENTATION_STYLE_ASSIGNMENT((#47140));
#47160=CARTESIAN_POINT('',(-6.35000000007138,43.9254545830311,0.));
#47170=DIRECTION('',(-4.81278573008949E-32,-5.33915676345771E-29,1.));
#47180=VECTOR('',#47170,1.);
#47190=LINE('',#47160,#47180);
#47200=CARTESIAN_POINT('',(-6.35000000007138,43.9254545830311,
36.800000001671));
#47210=VERTEX_POINT('',#47200);
#47220=EDGE_CURVE('',#46970,#47210,#47190,.T.);
#47230=ORIENTED_EDGE('',*,*,#47220,.F.);
#47240=CARTESIAN_POINT('',(0.,43.9254545830311,36.800000001671));
#47250=DIRECTION('',(1.,-1.22464679914735E-16,4.93038065763132E-32));
#47260=VECTOR('',#47250,1.);
#47270=LINE('',#47240,#47260);
#47280=CARTESIAN_POINT('',(2.14999999992327,43.9254545830311,
36.800000001671));
#47290=VERTEX_POINT('',#47280);
#47300=EDGE_CURVE('',#47210,#47290,#47270,.T.);
#47310=ORIENTED_EDGE('',*,*,#47300,.F.);
#47320=CARTESIAN_POINT('',(2.14999999992327,43.9254545830311,0.));
#47330=DIRECTION('',(4.81278573008949E-32,5.33915676345771E-29,-1.));
#47340=VECTOR('',#47330,1.);
#47350=LINE('',#47320,#47340);
#47360=CARTESIAN_POINT('',(2.14999999992327,43.9254545830382,
34.7999999982924));
#47370=VERTEX_POINT('',#47360);
#47380=EDGE_CURVE('',#47290,#47370,#47350,.T.);
#47390=ORIENTED_EDGE('',*,*,#47380,.F.);
#47400=EDGE_CURVE('',#39630,#47370,#47030,.T.);
#47410=ORIENTED_EDGE('',*,*,#47400,.T.);
#47420=ORIENTED_EDGE('',*,*,#39970,.T.);
#47430=ORIENTED_EDGE('',*,*,#3520,.T.);
#47440=ORIENTED_EDGE('',*,*,#45920,.F.);
#47450=ORIENTED_EDGE('',*,*,#47040,.T.);
#47460=EDGE_LOOP('',(#47450,#47440,#47430,#47420,#47410,#47390,#47310,
#47230));
#47470=FACE_OUTER_BOUND('',#47460,.T.);
#47480=ADVANCED_FACE('',(#47470),#46440,.F.);
#47490=COLOUR_RGB('',1.,0.839215755462646,0.301960796117783);
#47500=FILL_AREA_STYLE_COLOUR('',#47490);
#47510=FILL_AREA_STYLE('',(#47500));
#47520=SURFACE_STYLE_FILL_AREA(#47510);
#47530=SURFACE_SIDE_STYLE('',(#47520));
#47540=SURFACE_STYLE_USAGE(.BOTH.,#47530);
#47550=PRESENTATION_STYLE_ASSIGNMENT((#47540));
#47560=CARTESIAN_POINT('',(-23.0857864376307,58.2000000000138,
37.9999999999997));
#47570=DIRECTION('',(0.,-1.,-3.55943784230514E-29));
#47580=DIRECTION('',(-1.,5.17275583541921E-42,-1.45325078413766E-13));
#47590=AXIS2_PLACEMENT_3D('',#47560,#47570,#47580);
#47600=PLANE('',#47590);
#47610=CARTESIAN_POINT('',(-16.2499999999967,58.2000000000138,
29.9999999982947));
#47620=DIRECTION('',(0.,-1.,0.));
#47630=DIRECTION('',(0.707106781186548,0.,0.707106781186547));
#47640=AXIS2_PLACEMENT_3D('',#47610,#47620,#47630);
#47650=CIRCLE('',#47640,3.59999999999998);
#47660=CARTESIAN_POINT('',(-18.7955844122683,58.2000000000138,
27.4544155860232));
#47670=VERTEX_POINT('',#47660);
#47680=CARTESIAN_POINT('',(-13.7044155877252,58.2000000000138,
32.5455844105663));
#47690=VERTEX_POINT('',#47680);
#47700=EDGE_CURVE('',#47670,#47690,#47650,.T.);
#47710=ORIENTED_EDGE('',*,*,#47700,.T.);
#47720=CARTESIAN_POINT('',(-19.8499999999967,58.2000000000138,
29.999999998161));
#47730=VERTEX_POINT('',#47720);
#47740=EDGE_CURVE('',#47730,#47670,#47650,.T.);
#47750=ORIENTED_EDGE('',*,*,#47740,.T.);
#47760=EDGE_CURVE('',#47690,#47730,#47650,.T.);
#47770=ORIENTED_EDGE('',*,*,#47760,.T.);
#47780=EDGE_LOOP('',(#47770,#47750,#47710));
#47790=FACE_BOUND('',#47780,.T.);
#47800=ORIENTED_EDGE('',*,*,#3280,.T.);
#47810=ORIENTED_EDGE('',*,*,#26000,.T.);
#47820=ORIENTED_EDGE('',*,*,#9130,.T.);
#47830=ORIENTED_EDGE('',*,*,#26220,.F.);
#47840=EDGE_LOOP('',(#47830,#47820,#47810,#47800));
#47850=FACE_OUTER_BOUND('',#47840,.T.);
#47860=ADVANCED_FACE('',(#47790,#47850),#47600,.F.);
#47870=COLOUR_RGB('',1.,0.839215755462646,0.301960796117783);
#47880=FILL_AREA_STYLE_COLOUR('',#47870);
#47890=FILL_AREA_STYLE('',(#47880));
#47900=SURFACE_STYLE_FILL_AREA(#47890);
#47910=SURFACE_SIDE_STYLE('',(#47900));
#47920=SURFACE_STYLE_USAGE(.BOTH.,#47910);
#47930=PRESENTATION_STYLE_ASSIGNMENT((#47920));
#47940=CARTESIAN_POINT('',(-16.2499999999967,58.2000000000138,
29.9999999982947));
#47950=DIRECTION('',(0.,-1.,0.));
#47960=DIRECTION('',(0.707106781186548,1.49195211367618E-32,
0.707106781186547));
#47970=AXIS2_PLACEMENT_3D('',#47940,#47950,#47960);
#47980=CYLINDRICAL_SURFACE('',#47970,3.59999999999998);
#47990=ORIENTED_EDGE('',*,*,#47740,.F.);
#48000=CARTESIAN_POINT('',(-18.7955844122683,58.2000000000138,
27.4544155860232));
#48010=DIRECTION('',(0.,-1.,0.));
#48020=VECTOR('',#48010,1.);
#48030=LINE('',#48000,#48020);
#48040=CARTESIAN_POINT('',(-18.7955844122683,52.5999997693659,
27.4544155860232));
#48050=VERTEX_POINT('',#48040);
#48060=EDGE_CURVE('',#47670,#48050,#48030,.T.);
#48070=ORIENTED_EDGE('',*,*,#48060,.F.);
#48080=CARTESIAN_POINT('',(-16.2499999999967,52.5999997693659,
29.9999999982947));
#48090=DIRECTION('',(0.,-1.,0.));
#48100=DIRECTION('',(0.707106781186548,0.,0.707106781186547));
#48110=AXIS2_PLACEMENT_3D('',#48080,#48090,#48100);
#48120=CIRCLE('',#48110,3.59999999999998);
#48130=CARTESIAN_POINT('',(-19.1842441483129,52.5999997693659,
32.0857160091822));
#48140=VERTEX_POINT('',#48130);
#48150=EDGE_CURVE('',#48140,#48050,#48120,.T.);
#48160=ORIENTED_EDGE('',*,*,#48150,.T.);
#48170=CARTESIAN_POINT('',(-19.1842441483129,58.2000000000138,
32.0857160091822));
#48180=DIRECTION('',(0.,-1.,0.));
#48190=VECTOR('',#48180,1.);
#48200=LINE('',#48170,#48190);
#48210=CARTESIAN_POINT('',(-19.1842441483129,51.0999997693659,
32.0857160091822));
#48220=VERTEX_POINT('',#48210);
#48230=EDGE_CURVE('',#48140,#48220,#48200,.T.);
#48240=ORIENTED_EDGE('',*,*,#48230,.F.);
#48250=CARTESIAN_POINT('',(-16.2499999999967,51.0999997693659,
29.9999999982947));
#48260=DIRECTION('',(0.,-1.,0.));
#48270=DIRECTION('',(0.707106781186548,0.,0.707106781186547));
#48280=AXIS2_PLACEMENT_3D('',#48250,#48260,#48270);
#48290=CIRCLE('',#48280,3.59999999999998);
#48300=CARTESIAN_POINT('',(-18.3357160108899,51.0999997693659,
32.9342441466068));
#48310=VERTEX_POINT('',#48300);
#48320=EDGE_CURVE('',#48310,#48220,#48290,.T.);
#48330=ORIENTED_EDGE('',*,*,#48320,.T.);
#48340=CARTESIAN_POINT('',(-18.3357160108899,58.2000000000138,
32.9342441466068));
#48350=DIRECTION('',(0.,-1.,0.));
#48360=VECTOR('',#48350,1.);
#48370=LINE('',#48340,#48360);
#48380=CARTESIAN_POINT('',(-18.3357160108899,52.5999997693659,
32.9342441466068));
#48390=VERTEX_POINT('',#48380);
#48400=EDGE_CURVE('',#48390,#48310,#48370,.T.);
#48410=ORIENTED_EDGE('',*,*,#48400,.T.);
#48420=CARTESIAN_POINT('',(-16.2499999999967,52.5999997693659,
29.9999999982947));
#48430=DIRECTION('',(0.,-1.,0.));
#48440=DIRECTION('',(0.707106781186548,0.,0.707106781186547));
#48450=AXIS2_PLACEMENT_3D('',#48420,#48430,#48440);
#48460=CIRCLE('',#48450,3.59999999999998);
#48470=CARTESIAN_POINT('',(-13.7044155877252,52.5999997693659,
32.5455844105663));
#48480=VERTEX_POINT('',#48470);
#48490=EDGE_CURVE('',#48480,#48390,#48460,.T.);
#48500=ORIENTED_EDGE('',*,*,#48490,.T.);
#48510=CARTESIAN_POINT('',(-13.7044155877252,58.2000000000138,
32.5455844105663));
#48520=DIRECTION('',(0.,-1.,0.));
#48530=VECTOR('',#48520,1.);
#48540=LINE('',#48510,#48530);
#48550=EDGE_CURVE('',#47690,#48480,#48540,.T.);
#48560=ORIENTED_EDGE('',*,*,#48550,.T.);
#48570=ORIENTED_EDGE('',*,*,#47760,.F.);
#48580=EDGE_LOOP('',(#48570,#48560,#48500,#48410,#48330,#48240,#48160,
#48070,#47990));
#48590=FACE_OUTER_BOUND('',#48580,.T.);
#48600=ADVANCED_FACE('',(#48590),#47980,.F.);
#48610=COLOUR_RGB('',0.313725501298904,0.784313797950745,
0.313725501298904);
#48620=FILL_AREA_STYLE_COLOUR('',#48610);
#48630=FILL_AREA_STYLE('',(#48620));
#48640=SURFACE_STYLE_FILL_AREA(#48630);
#48650=SURFACE_SIDE_STYLE('',(#48640));
#48660=SURFACE_STYLE_USAGE(.BOTH.,#48650);
#48670=PRESENTATION_STYLE_ASSIGNMENT((#48660));
#48680=CARTESIAN_POINT('',(-20.0683783201578,51.0999997693659,
34.6669064558748));
#48690=DIRECTION('',(0.707106781186548,-7.74496530608818E-17,
0.707106781186547));
#48700=DIRECTION('',(-7.7449653060882E-17,1.,1.86980002820672E-16));
#48710=AXIS2_PLACEMENT_3D('',#48680,#48690,#48700);
#48720=PLANE('',#48710);
#48730=CARTESIAN_POINT('',(14.5985281390822,51.0999997693659,
-3.36520855626077E-9));
#48740=DIRECTION('',(-0.707106781186548,-2.22044604925031E-16,
0.707106781186548));
#48750=VECTOR('',#48740,1.);
#48760=LINE('',#48730,#48750);
#48770=CARTESIAN_POINT('',(-13.3157558516846,51.0999997693659,
27.9142839874016));
#48780=VERTEX_POINT('',#48770);
#48790=EDGE_CURVE('',#48780,#48310,#48760,.T.);
#48800=ORIENTED_EDGE('',*,*,#48790,.T.);
#48810=CARTESIAN_POINT('',(-13.3157558516846,58.2000000000138,
27.9142839874016));
#48820=DIRECTION('',(0.,-1.,0.));
#48830=VECTOR('',#48820,1.);
#48840=LINE('',#48810,#48830);
#48850=CARTESIAN_POINT('',(-13.3157558516846,52.5999997693659,
27.9142839874016));
#48860=VERTEX_POINT('',#48850);
#48870=EDGE_CURVE('',#48860,#48780,#48840,.T.);
#48880=ORIENTED_EDGE('',*,*,#48870,.T.);
#48890=CARTESIAN_POINT('',(-15.8257359359822,52.5999997693659,
30.4242640716992));
#48900=DIRECTION('',(0.707106781186547,1.86980002820672E-16,
-0.707106781186548));
#48910=VECTOR('',#48900,1.);
#48920=LINE('',#48890,#48910);
#48930=EDGE_CURVE('',#48390,#48860,#48920,.T.);
#48940=ORIENTED_EDGE('',*,*,#48930,.T.);
#48950=ORIENTED_EDGE('',*,*,#48400,.F.);
#48960=EDGE_LOOP('',(#48950,#48940,#48880,#48800));
#48970=FACE_OUTER_BOUND('',#48960,.T.);
#48980=ADVANCED_FACE('',(#48970),#48720,.F.);
#48990=COLOUR_RGB('',0.823529481887817,0.823529481887817,
0.784313797950745);
#49000=FILL_AREA_STYLE_COLOUR('',#48990);
#49010=FILL_AREA_STYLE('',(#49000));
#49020=SURFACE_STYLE_FILL_AREA(#49010);
#49030=SURFACE_SIDE_STYLE('',(#49020));
#49040=SURFACE_STYLE_USAGE(.BOTH.,#49030);
#49050=PRESENTATION_STYLE_ASSIGNMENT((#49040));
#49060=CARTESIAN_POINT('',(-14.6059607062389,52.5999997693659,
31.6440393014425));
#49070=DIRECTION('',(-7.7449653060882E-17,1.,1.86980002820672E-16));
#49080=DIRECTION('',(-0.707106781186548,7.74496530608818E-17,
-0.707106781186547));
#49090=AXIS2_PLACEMENT_3D('',#49060,#49070,#49080);
#49100=PLANE('',#49090);
#49110=ORIENTED_EDGE('',*,*,#48930,.F.);
#49120=EDGE_CURVE('',#48860,#48480,#48460,.T.);
#49130=ORIENTED_EDGE('',*,*,#49120,.F.);
#49140=ORIENTED_EDGE('',*,*,#48490,.F.);
#49150=EDGE_LOOP('',(#49140,#49130,#49110));
#49160=FACE_OUTER_BOUND('',#49150,.T.);
#49170=ADVANCED_FACE('',(#49160),#49100,.T.);
#49180=COLOUR_RGB('',0.823529481887817,0.823529481887817,
0.784313797950745);
#49190=FILL_AREA_STYLE_COLOUR('',#49180);
#49200=FILL_AREA_STYLE('',(#49190));
#49210=SURFACE_STYLE_FILL_AREA(#49200);
#49220=SURFACE_SIDE_STYLE('',(#49210));
#49230=SURFACE_STYLE_USAGE(.BOTH.,#49220);
#49240=PRESENTATION_STYLE_ASSIGNMENT((#49230));
#49250=ORIENTED_EDGE('',*,*,#48320,.F.);
#49260=CARTESIAN_POINT('',(12.9014718642345,51.0999997693659,
-3.36520855626077E-9));
#49270=DIRECTION('',(0.707106781186548,2.22044604925031E-16,
-0.707106781186548));
#49280=VECTOR('',#49270,1.);
#49290=LINE('',#49260,#49280);
#49300=CARTESIAN_POINT('',(-14.1642839891093,51.0999997693659,
27.0657558499786));
#49310=VERTEX_POINT('',#49300);
#49320=EDGE_CURVE('',#48220,#49310,#49290,.T.);
#49330=ORIENTED_EDGE('',*,*,#49320,.F.);
#49340=EDGE_CURVE('',#49310,#48780,#48290,.T.);
#49350=ORIENTED_EDGE('',*,*,#49340,.F.);
#49360=ORIENTED_EDGE('',*,*,#48790,.F.);
#49370=EDGE_LOOP('',(#49360,#49350,#49330,#49250));
#49380=FACE_OUTER_BOUND('',#49370,.T.);
#49390=ADVANCED_FACE('',(#49380),#39130,.F.);
#49400=COLOUR_RGB('',0.823529481887817,0.823529481887817,
0.784313797950745);
#49410=FILL_AREA_STYLE_COLOUR('',#49400);
#49420=FILL_AREA_STYLE('',(#49410));
#49430=SURFACE_STYLE_FILL_AREA(#49420);
#49440=SURFACE_SIDE_STYLE('',(#49430));
#49450=SURFACE_STYLE_USAGE(.BOTH.,#49440);
#49460=PRESENTATION_STYLE_ASSIGNMENT((#49450));
#49470=CARTESIAN_POINT('',(-20.9169064575816,53.2358819999919,
33.8183783184509));
#49480=DIRECTION('',(-0.707106781186548,7.74496530608818E-17,
-0.707106781186547));
#49490=DIRECTION('',(7.7449653060882E-17,-1.,-1.86980002820672E-16));
#49500=AXIS2_PLACEMENT_3D('',#49470,#49480,#49490);
#49510=PLANE('',#49500);
#49520=ORIENTED_EDGE('',*,*,#49320,.T.);
#49530=ORIENTED_EDGE('',*,*,#48230,.T.);
#49540=CARTESIAN_POINT('',(-16.6742640734061,52.5999997693659,
29.5757359342754));
#49550=DIRECTION('',(-0.707106781186547,-1.86980002820672E-16,
0.707106781186548));
#49560=VECTOR('',#49550,1.);
#49570=LINE('',#49540,#49560);
#49580=CARTESIAN_POINT('',(-14.1642839891093,52.5999997693659,
27.0657558499786));
#49590=VERTEX_POINT('',#49580);
#49600=EDGE_CURVE('',#49590,#48140,#49570,.T.);
#49610=ORIENTED_EDGE('',*,*,#49600,.T.);
#49620=CARTESIAN_POINT('',(-14.1642839891093,58.2000000000138,
27.0657558499786));
#49630=DIRECTION('',(0.,-1.,0.));
#49640=VECTOR('',#49630,1.);
#49650=LINE('',#49620,#49640);
#49660=EDGE_CURVE('',#49590,#49310,#49650,.T.);
#49670=ORIENTED_EDGE('',*,*,#49660,.F.);
#49680=EDGE_LOOP('',(#49670,#49610,#49530,#49520));
#49690=FACE_OUTER_BOUND('',#49680,.T.);
#49700=ADVANCED_FACE('',(#49690),#49510,.F.);
#49710=COLOUR_RGB('',0.823529481887817,0.823529481887817,
0.784313797950745);
#49720=FILL_AREA_STYLE_COLOUR('',#49710);
#49730=FILL_AREA_STYLE('',(#49720));
#49740=SURFACE_STYLE_FILL_AREA(#49730);
#49750=SURFACE_SIDE_STYLE('',(#49740));
#49760=SURFACE_STYLE_USAGE(.BOTH.,#49750);
#49770=PRESENTATION_STYLE_ASSIGNMENT((#49760));
#49780=ORIENTED_EDGE('',*,*,#49600,.F.);
#49790=ORIENTED_EDGE('',*,*,#48150,.F.);
#49800=EDGE_CURVE('',#48050,#49590,#48120,.T.);
#49810=ORIENTED_EDGE('',*,*,#49800,.F.);
#49820=EDGE_LOOP('',(#49810,#49790,#49780));
#49830=FACE_OUTER_BOUND('',#49820,.T.);
#49840=ADVANCED_FACE('',(#49830),#49100,.T.);
#49850=COLOUR_RGB('',0.823529481887817,0.823529481887817,
0.784313797950745);
#49860=FILL_AREA_STYLE_COLOUR('',#49850);
#49870=FILL_AREA_STYLE('',(#49860));
#49880=SURFACE_STYLE_FILL_AREA(#49870);
#49890=SURFACE_SIDE_STYLE('',(#49880));
#49900=SURFACE_STYLE_USAGE(.BOTH.,#49890);
#49910=PRESENTATION_STYLE_ASSIGNMENT((#49900));
#49920=CARTESIAN_POINT('',(-24.3430868865867,54.717134297337,
37.9999999999995));
#49930=DIRECTION('',(0.931839057156251,0.362871839026052,
1.35419584050242E-13));
#49940=DIRECTION('',(0.362871839026052,-0.931839057156251,
5.27343784606085E-14));
#49950=AXIS2_PLACEMENT_3D('',#49920,#49930,#49940);
#49960=PLANE('',#49950);
#49970=ORIENTED_EDGE('',*,*,#3120,.F.);
#49980=ORIENTED_EDGE('',*,*,#24990,.T.);
#49990=ORIENTED_EDGE('',*,*,#9290,.T.);
#50000=ORIENTED_EDGE('',*,*,#25930,.F.);
#50010=EDGE_LOOP('',(#50000,#49990,#49980,#49970));
#50020=FACE_OUTER_BOUND('',#50010,.T.);
#50030=ADVANCED_FACE('',(#50020),#49960,.F.);
#50040=COLOUR_RGB('',1.,0.839215755462646,0.301960796117783);
#50050=FILL_AREA_STYLE_COLOUR('',#50040);
#50060=FILL_AREA_STYLE('',(#50050));
#50070=SURFACE_STYLE_FILL_AREA(#50060);
#50080=SURFACE_SIDE_STYLE('',(#50070));
#50090=SURFACE_STYLE_USAGE(.BOTH.,#50080);
#50100=PRESENTATION_STYLE_ASSIGNMENT((#50090));
#50110=CARTESIAN_POINT('',(-29.5087086955364,51.3460449602545,
37.9999999999988));
#50120=DIRECTION('',(-0.362871839026855,-0.931839057155939,
-5.27343784607253E-14));
#50130=DIRECTION('',(-0.931839057155939,0.362871839026855,
-1.35419584050197E-13));
#50140=AXIS2_PLACEMENT_3D('',#50110,#50120,#50130);
#50150=PLANE('',#50140);
#50160=ORIENTED_EDGE('',*,*,#2640,.F.);
#50170=ORIENTED_EDGE('',*,*,#24460,.T.);
#50180=ORIENTED_EDGE('',*,*,#9770,.T.);
#50190=ORIENTED_EDGE('',*,*,#25450,.F.);
#50200=EDGE_LOOP('',(#50190,#50180,#50170,#50160));
#50210=FACE_OUTER_BOUND('',#50200,.T.);
#50220=ADVANCED_FACE('',(#50210),#50150,.F.);
#50230=COLOUR_RGB('',1.,0.839215755462646,0.301960796117783);
#50240=FILL_AREA_STYLE_COLOUR('',#50230);
#50250=FILL_AREA_STYLE('',(#50240));
#50260=SURFACE_STYLE_FILL_AREA(#50250);
#50270=SURFACE_SIDE_STYLE('',(#50260));
#50280=SURFACE_STYLE_USAGE(.BOTH.,#50270);
#50290=PRESENTATION_STYLE_ASSIGNMENT((#50280));
#50300=CARTESIAN_POINT('',(-32.7000000000108,11.9468359409537,
37.9999999999983));
#50310=DIRECTION('',(1.,-7.06522810900895E-14,1.45325078413766E-13));
#50320=DIRECTION('',(-7.06522810900895E-14,-1.,-1.03031426679518E-26));
#50330=AXIS2_PLACEMENT_3D('',#50300,#50310,#50320);
#50340=PLANE('',#50330);
#50350=CARTESIAN_POINT('',(-32.7000000000032,40.7155687094406,
-3.36520855626077E-9));
#50360=DIRECTION('',(-1.45325078413766E-13,-3.56997693116642E-29,1.));
#50370=VECTOR('',#50360,1.);
#50380=LINE('',#50350,#50370);
#50390=CARTESIAN_POINT('',(-32.7000000000086,40.7155687094406,
36.9999999966317));
#50400=VERTEX_POINT('',#50390);
#50410=EDGE_CURVE('',#50400,#2310,#50380,.T.);
#50420=ORIENTED_EDGE('',*,*,#50410,.F.);
#50430=ORIENTED_EDGE('',*,*,#2320,.F.);
#50440=CARTESIAN_POINT('',(-32.7000000000053,11.7397291597671,
-3.36520855626077E-9));
#50450=DIRECTION('',(-1.45325078413766E-13,-4.46247116395757E-29,1.));
#50460=VECTOR('',#50450,1.);
#50470=LINE('',#50440,#50460);
#50480=CARTESIAN_POINT('',(-32.7000000000107,11.7397291597671,
36.9999999966317));
#50490=VERTEX_POINT('',#50480);
#50500=EDGE_CURVE('',#50490,#2230,#50470,.T.);
#50510=ORIENTED_EDGE('',*,*,#50500,.T.);
#50520=CARTESIAN_POINT('',(-32.7000000000115,-0.100000000008084,
36.9999999966317));
#50530=DIRECTION('',(7.06522810900895E-14,1.,0.));
#50540=VECTOR('',#50530,1.);
#50550=LINE('',#50520,#50540);
#50560=EDGE_CURVE('',#50490,#50400,#50550,.T.);
#50570=ORIENTED_EDGE('',*,*,#50560,.F.);
#50580=EDGE_LOOP('',(#50570,#50510,#50430,#50420));
#50590=FACE_OUTER_BOUND('',#50580,.T.);
#50600=ADVANCED_FACE('',(#50590),#50340,.F.);
#50610=COLOUR_RGB('',1.,0.839215755462646,0.301960796117783);
#50620=FILL_AREA_STYLE_COLOUR('',#50610);
#50630=FILL_AREA_STYLE('',(#50620));
#50640=SURFACE_STYLE_FILL_AREA(#50630);
#50650=SURFACE_SIDE_STYLE('',(#50640));
#50660=SURFACE_STYLE_USAGE(.BOTH.,#50650);
#50670=PRESENTATION_STYLE_ASSIGNMENT((#50660));
#50680=CARTESIAN_POINT('',(-31.7000000000121,10.7397291597684,
37.9999999999985));
#50690=DIRECTION('',(0.707106781186548,0.707106781186548,
1.02760348422841E-13));
#50700=DIRECTION('',(0.707106781186548,-0.707106781186548,
1.02760348422841E-13));
#50710=AXIS2_PLACEMENT_3D('',#50680,#50690,#50700);
#50720=PLANE('',#50710);
#50730=CARTESIAN_POINT('',(-20.8602708402355,-0.100000000008084,
36.9999999966317));
#50740=DIRECTION('',(-0.707106781186548,0.707106781186548,0.));
#50750=VECTOR('',#50740,1.);
#50760=LINE('',#50730,#50750);
#50770=CARTESIAN_POINT('',(-31.8816267047431,10.9213558644995,
36.9999999966317));
#50780=VERTEX_POINT('',#50770);
#50790=EDGE_CURVE('',#50780,#50490,#50760,.T.);
#50800=ORIENTED_EDGE('',*,*,#50790,.F.);
#50810=ORIENTED_EDGE('',*,*,#50500,.F.);
#50820=ORIENTED_EDGE('',*,*,#2240,.F.);
#50830=CARTESIAN_POINT('',(-31.8816267047377,10.9213558644995,
-3.36520855626077E-9));
#50840=DIRECTION('',(1.45325078413766E-13,7.46641569128429E-29,-1.));
#50850=VECTOR('',#50840,1.);
#50860=LINE('',#50830,#50850);
#50870=EDGE_CURVE('',#2150,#50780,#50860,.T.);
#50880=ORIENTED_EDGE('',*,*,#50870,.F.);
#50890=EDGE_LOOP('',(#50880,#50820,#50810,#50800));
#50900=FACE_OUTER_BOUND('',#50890,.T.);
#50910=ADVANCED_FACE('',(#50900),#50720,.F.);
#50920=COLOUR_RGB('',1.,0.839215755462646,0.301960796117783);
#50930=FILL_AREA_STYLE_COLOUR('',#50920);
#50940=FILL_AREA_STYLE('',(#50930));
#50950=SURFACE_STYLE_FILL_AREA(#50940);
#50960=SURFACE_SIDE_STYLE('',(#50950));
#50970=SURFACE_STYLE_USAGE(.BOTH.,#50960);
#50980=PRESENTATION_STYLE_ASSIGNMENT((#50970));
#50990=CARTESIAN_POINT('',(-30.5499461601664,7.26259363834768,
37.9999999999986));
#51000=DIRECTION('',(0.939692620785908,0.342020143325669,
1.3656090380055E-13));
#51010=DIRECTION('',(0.342020143325669,-0.939692620785908,
4.97041041478904E-14));
#51020=AXIS2_PLACEMENT_3D('',#50990,#51000,#51010);
#51030=PLANE('',#51020);
#51040=CARTESIAN_POINT('',(-31.881626704741,10.9213558644995,
22.9999999999546));
#51050=VERTEX_POINT('',#51040);
#51060=EDGE_CURVE('',#51050,#10160,#50860,.T.);
#51070=ORIENTED_EDGE('',*,*,#51060,.T.);
#51080=CARTESIAN_POINT('',(-27.8701812288072,-0.100000000008084,
22.9999999999546));
#51090=DIRECTION('',(-0.342020143325669,0.939692620785908,0.));
#51100=VECTOR('',#51090,1.);
#51110=LINE('',#51080,#51100);
#51120=CARTESIAN_POINT('',(-31.9896870843659,11.2182493174505,
22.9999999999546));
#51130=VERTEX_POINT('',#51120);
#51140=EDGE_CURVE('',#51050,#51130,#51110,.T.);
#51150=ORIENTED_EDGE('',*,*,#51140,.F.);
#51160=CARTESIAN_POINT('',(-31.9896870843659,11.2182493174505,
-3.36520855626077E-9));
#51170=DIRECTION('',(0.,0.,-1.));
#51180=VECTOR('',#51170,1.);
#51190=LINE('',#51160,#51180);
#51200=CARTESIAN_POINT('',(-31.9896870843659,11.2182493174505,
36.9999999966317));
#51210=VERTEX_POINT('',#51200);
#51220=EDGE_CURVE('',#51210,#51130,#51190,.T.);
#51230=ORIENTED_EDGE('',*,*,#51220,.T.);
#51240=CARTESIAN_POINT('',(-27.8701812288072,-0.100000000008084,
36.9999999966317));
#51250=DIRECTION('',(0.342020143325669,-0.939692620785908,0.));
#51260=VECTOR('',#51250,1.);
#51270=LINE('',#51240,#51260);
#51280=EDGE_CURVE('',#51210,#50780,#51270,.T.);
#51290=ORIENTED_EDGE('',*,*,#51280,.F.);
#51300=ORIENTED_EDGE('',*,*,#50870,.T.);
#51310=ORIENTED_EDGE('',*,*,#2160,.F.);
#51320=CARTESIAN_POINT('',(-30.1428215197813,6.14402788200132,
-3.36520855626077E-9));
#51330=DIRECTION('',(-1.45325078413766E-13,-2.68636237091657E-29,1.));
#51340=VECTOR('',#51330,1.);
#51350=LINE('',#51320,#51340);
#51360=EDGE_CURVE('',#10240,#2070,#51350,.T.);
#51370=ORIENTED_EDGE('',*,*,#51360,.T.);
#51380=ORIENTED_EDGE('',*,*,#10250,.T.);
#51390=EDGE_LOOP('',(#51380,#51370,#51310,#51300,#51290,#51230,#51150,
#51070));
#51400=FACE_OUTER_BOUND('',#51390,.T.);
#51410=ADVANCED_FACE('',(#51400),#51030,.F.);
#51420=COLOUR_RGB('',1.,0.839215755462646,0.301960796117783);
#51430=FILL_AREA_STYLE_COLOUR('',#51420);
#51440=FILL_AREA_STYLE('',(#51430));
#51450=SURFACE_STYLE_FILL_AREA(#51440);
#51460=SURFACE_SIDE_STYLE('',(#51450));
#51470=SURFACE_STYLE_USAGE(.BOTH.,#51460);
#51480=PRESENTATION_STYLE_ASSIGNMENT((#51470));
#51490=CARTESIAN_POINT('',(-32.7000000000108,11.2182493174505,
22.9999999999546));
#51500=DIRECTION('',(0.,0.,1.));
#51510=DIRECTION('',(-7.06522810900895E-14,-1.,0.));
#51520=AXIS2_PLACEMENT_3D('',#51490,#51500,#51510);
#51530=PLANE('',#51520);
#51540=CARTESIAN_POINT('',(-32.7000000000087,41.4379999999953,
22.9999999999546));
#51550=DIRECTION('',(-1.,7.06522810900895E-14,0.));
#51560=VECTOR('',#51550,1.);
#51570=LINE('',#51540,#51560);
#51580=CARTESIAN_POINT('',(-31.7000000000126,41.4379999999953,
22.9999999999546));
#51590=VERTEX_POINT('',#51580);
#51600=CARTESIAN_POINT('',(-31.9775687094518,41.4379999999953,
22.9999999999546));
#51610=VERTEX_POINT('',#51600);
#51620=EDGE_CURVE('',#51590,#51610,#51570,.T.);
#51630=ORIENTED_EDGE('',*,*,#51620,.T.);
#51640=CARTESIAN_POINT('',(-22.5513097217777,26.2276489346031,
22.9999999999546));
#51650=DIRECTION('',(0.515426685120888,-0.856933680202437,0.));
#51660=VECTOR('',#51650,1.);
#51670=LINE('',#51640,#51660);
#51680=CARTESIAN_POINT('',(-26.7999999999968,33.291399999996,
22.9999999999546));
#51690=VERTEX_POINT('',#51680);
#51700=EDGE_CURVE('',#51590,#51690,#51670,.T.);
#51710=ORIENTED_EDGE('',*,*,#51700,.F.);
#51720=CARTESIAN_POINT('',(-26.7999999999968,26.2276489346034,
22.9999999999546));
#51730=DIRECTION('',(-1.26217744835362E-29,1.,0.));
#51740=VECTOR('',#51730,1.);
#51750=LINE('',#51720,#51740);
#51760=CARTESIAN_POINT('',(-26.7999999999968,17.1739272725723,
22.9999999999546));
#51770=VERTEX_POINT('',#51760);
#51780=EDGE_CURVE('',#51770,#51690,#51750,.T.);
#51790=ORIENTED_EDGE('',*,*,#51780,.T.);
#51800=CARTESIAN_POINT('',(-22.6703491980217,26.2276489346031,
22.9999999999546));
#51810=DIRECTION('',(0.414995449554444,0.909823486644033,0.));
#51820=VECTOR('',#51810,1.);
#51830=LINE('',#51800,#51820);
#51840=CARTESIAN_POINT('',(-27.544547147951,15.5416045980709,
22.9999999999546));
#51850=VERTEX_POINT('',#51840);
#51860=EDGE_CURVE('',#51850,#51770,#51830,.T.);
#51870=ORIENTED_EDGE('',*,*,#51860,.T.);
#51880=CARTESIAN_POINT('',(-32.7000000000109,10.5273970296317,
22.9999999999546));
#51890=DIRECTION('',(0.716858570585616,0.697218609747293,0.));
#51900=VECTOR('',#51890,1.);
#51910=LINE('',#51880,#51900);
#51920=EDGE_CURVE('',#51130,#51850,#51910,.T.);
#51930=ORIENTED_EDGE('',*,*,#51920,.T.);
#51940=ORIENTED_EDGE('',*,*,#51140,.T.);
#51950=CARTESIAN_POINT('',(-20.8602708402335,-0.100000000008084,
22.9999999999546));
#51960=DIRECTION('',(0.707106781186548,-0.707106781186548,0.));
#51970=VECTOR('',#51960,1.);
#51980=LINE('',#51950,#51970);
#51990=CARTESIAN_POINT('',(-32.7000000000086,11.7397291597671,
22.9999999999546));
#52000=VERTEX_POINT('',#51990);
#52010=EDGE_CURVE('',#52000,#51050,#51980,.T.);
#52020=ORIENTED_EDGE('',*,*,#52010,.T.);
#52030=CARTESIAN_POINT('',(-32.7000000000095,-0.100000000008084,
22.9999999999546));
#52040=DIRECTION('',(-7.06522810900895E-14,-1.,0.));
#52050=VECTOR('',#52040,1.);
#52060=LINE('',#52030,#52050);
#52070=CARTESIAN_POINT('',(-32.7000000000066,40.7155687094406,
22.9999999999546));
#52080=VERTEX_POINT('',#52070);
#52090=EDGE_CURVE('',#52080,#52000,#52060,.T.);
#52100=ORIENTED_EDGE('',*,*,#52090,.T.);
#52110=CARTESIAN_POINT('',(-1.26476606965298E-12,73.4155687094433,
22.9999999999546));
#52120=DIRECTION('',(-0.707106781186575,-0.70710678118652,0.));
#52130=VECTOR('',#52120,1.);
#52140=LINE('',#52110,#52130);
#52150=EDGE_CURVE('',#51610,#52080,#52140,.T.);
#52160=ORIENTED_EDGE('',*,*,#52150,.T.);
#52170=EDGE_LOOP('',(#52160,#52100,#52020,#51940,#51930,#51870,#51790,
#51710,#51630));
#52180=FACE_OUTER_BOUND('',#52170,.T.);
#52190=ADVANCED_FACE('',(#52180),#51530,.T.);
#52200=COLOUR_RGB('',0.313725501298904,0.784313797950745,
0.313725501298904);
#52210=FILL_AREA_STYLE_COLOUR('',#52200);
#52220=FILL_AREA_STYLE('',(#52210));
#52230=SURFACE_STYLE_FILL_AREA(#52220);
#52240=SURFACE_SIDE_STYLE('',(#52230));
#52250=SURFACE_STYLE_USAGE(.BOTH.,#52240);
#52260=PRESENTATION_STYLE_ASSIGNMENT((#52250));
#52270=CARTESIAN_POINT('',(-32.7000000000087,41.4379999999915,
36.9999999966317));
#52280=DIRECTION('',(0.,0.,-1.));
#52290=DIRECTION('',(7.06522810900895E-14,1.,0.));
#52300=AXIS2_PLACEMENT_3D('',#52270,#52280,#52290);
#52310=PLANE('',#52300);
#52320=CARTESIAN_POINT('',(-32.7000000000087,41.4379999999915,
36.9999999966317));
#52330=DIRECTION('',(-1.,7.06522810900895E-14,0.));
#52340=VECTOR('',#52330,1.);
#52350=LINE('',#52320,#52340);
#52360=CARTESIAN_POINT('',(-31.7000000000126,41.4379999999915,
36.9999999966317));
#52370=VERTEX_POINT('',#52360);
#52380=CARTESIAN_POINT('',(-31.9775687094576,41.4379999999915,
36.9999999966317));
#52390=VERTEX_POINT('',#52380);
#52400=EDGE_CURVE('',#52370,#52390,#52350,.T.);
#52410=ORIENTED_EDGE('',*,*,#52400,.F.);
#52420=CARTESIAN_POINT('',(-1.26476606965298E-12,73.4155687094454,
36.9999999966317));
#52430=DIRECTION('',(0.707106781186575,0.70710678118652,0.));
#52440=VECTOR('',#52430,1.);
#52450=LINE('',#52420,#52440);
#52460=EDGE_CURVE('',#50400,#52390,#52450,.T.);
#52470=ORIENTED_EDGE('',*,*,#52460,.T.);
#52480=ORIENTED_EDGE('',*,*,#50560,.T.);
#52490=ORIENTED_EDGE('',*,*,#50790,.T.);
#52500=ORIENTED_EDGE('',*,*,#51280,.T.);
#52510=CARTESIAN_POINT('',(-32.7000000000109,10.5273970296317,
36.9999999966317));
#52520=DIRECTION('',(-0.716858570585616,-0.697218609747293,0.));
#52530=VECTOR('',#52520,1.);
#52540=LINE('',#52510,#52530);
#52550=CARTESIAN_POINT('',(-27.5445471538438,15.5416045923396,
36.9999999966317));
#52560=VERTEX_POINT('',#52550);
#52570=EDGE_CURVE('',#52560,#51210,#52540,.T.);
#52580=ORIENTED_EDGE('',*,*,#52570,.T.);
#52590=CARTESIAN_POINT('',(-22.6703492013002,26.2276489346031,
36.9999999966317));
#52600=DIRECTION('',(0.414995449554444,0.909823486644033,0.));
#52610=VECTOR('',#52600,1.);
#52620=LINE('',#52590,#52610);
#52630=CARTESIAN_POINT('',(-26.7999999999937,17.1739272797668,
36.9999999966317));
#52640=VERTEX_POINT('',#52630);
#52650=EDGE_CURVE('',#52560,#52640,#52620,.T.);
#52660=ORIENTED_EDGE('',*,*,#52650,.F.);
#52670=CARTESIAN_POINT('',(-26.7999999999937,26.2276489346034,
36.9999999966317));
#52680=DIRECTION('',(1.22464679914735E-16,1.,0.));
#52690=VECTOR('',#52680,1.);
#52700=LINE('',#52670,#52690);
#52710=CARTESIAN_POINT('',(-26.7999999999937,33.2913999999871,
36.9999999966317));
#52720=VERTEX_POINT('',#52710);
#52730=EDGE_CURVE('',#52640,#52720,#52700,.T.);
#52740=ORIENTED_EDGE('',*,*,#52730,.F.);
#52750=CARTESIAN_POINT('',(-22.55130972178,26.2276489346031,
36.9999999966317));
#52760=DIRECTION('',(-0.515426685120888,0.856933680202437,0.));
#52770=VECTOR('',#52760,1.);
#52780=LINE('',#52750,#52770);
#52790=EDGE_CURVE('',#52720,#52370,#52780,.T.);
#52800=ORIENTED_EDGE('',*,*,#52790,.F.);
#52810=EDGE_LOOP('',(#52800,#52740,#52660,#52580,#52500,#52490,#52480,
#52470,#52410));
#52820=FACE_OUTER_BOUND('',#52810,.T.);
#52830=ADVANCED_FACE('',(#52820),#52310,.T.);
#52840=COLOUR_RGB('',0.313725501298904,0.784313797950745,
0.313725501298904);
#52850=FILL_AREA_STYLE_COLOUR('',#52840);
#52860=FILL_AREA_STYLE('',(#52850));
#52870=SURFACE_STYLE_FILL_AREA(#52860);
#52880=SURFACE_SIDE_STYLE('',(#52870));
#52890=SURFACE_STYLE_USAGE(.BOTH.,#52880);
#52900=PRESENTATION_STYLE_ASSIGNMENT((#52890));
#52910=CARTESIAN_POINT('',(-31.7000000000126,11.4999997693556,
37.9999999932599));
#52920=DIRECTION('',(0.697218609747293,-0.716858570585616,0.));
#52930=DIRECTION('',(0.716858570585616,0.697218609747293,0.));
#52940=AXIS2_PLACEMENT_3D('',#52910,#52920,#52930);
#52950=PLANE('',#52940);
#52960=ORIENTED_EDGE('',*,*,#52570,.F.);
#52970=ORIENTED_EDGE('',*,*,#51220,.F.);
#52980=ORIENTED_EDGE('',*,*,#51920,.F.);
#52990=CARTESIAN_POINT('',(-47.6335225369689,-3.99698790356649,
-3.36520855626077E-9));
#53000=DIRECTION('',(0.554123597775337,0.538942129342857,
0.63441975032931));
#53010=VECTOR('',#53000,1.);
#53020=LINE('',#52990,#53010);
#53030=CARTESIAN_POINT('',(-23.6788931958543,19.301350222711,
27.4258126255037));
#53040=VERTEX_POINT('',#53030);
#53050=EDGE_CURVE('',#51850,#53040,#53020,.T.);
#53060=ORIENTED_EDGE('',*,*,#53050,.F.);
#53070=CARTESIAN_POINT('',(-0.0176507126722854,42.3143394871638,
-6.74011602086466E-9));
#53080=DIRECTION('',(-0.551361805308116,-0.536256002422684,
0.639085017437444));
#53090=VECTOR('',#53080,1.);
#53100=LINE('',#53070,#53090);
#53110=CARTESIAN_POINT('',(-24.6056335656801,18.4000000000042,
28.4999999915999));
#53120=VERTEX_POINT('',#53110);
#53130=EDGE_CURVE('',#53040,#53120,#53100,.T.);
#53140=ORIENTED_EDGE('',*,*,#53130,.F.);
#53150=CARTESIAN_POINT('',(-24.60563356568,18.4000000000043,
-6.74011602086466E-9));
#53160=DIRECTION('',(2.13079423693422E-15,2.07241631263358E-15,-1.));
#53170=VECTOR('',#53160,1.);
#53180=LINE('',#53150,#53170);
#53190=CARTESIAN_POINT('',(-24.60563356568,18.4000000000043,
31.4999999916));
#53200=VERTEX_POINT('',#53190);
#53210=EDGE_CURVE('',#53200,#53120,#53180,.T.);
#53220=ORIENTED_EDGE('',*,*,#53210,.T.);
#53230=CARTESIAN_POINT('',(-51.7818251402079,-8.03163838068724,
-6.74011602086466E-9));
#53240=DIRECTION('',(-0.551361805308116,-0.536256002422684,
-0.639085017437444));
#53250=VECTOR('',#53240,1.);
#53260=LINE('',#53230,#53250);
#53270=CARTESIAN_POINT('',(-23.6788931929725,19.3013502255139,
32.5741873610367));
#53280=VERTEX_POINT('',#53270);
#53290=EDGE_CURVE('',#53280,#53200,#53260,.T.);
#53300=ORIENTED_EDGE('',*,*,#53290,.T.);
#53310=CARTESIAN_POINT('',(4.77250020643057,46.973253394782,
-3.36520855626077E-9));
#53320=DIRECTION('',(0.554123597775337,0.538942129342857,
-0.63441975032931));
#53330=VECTOR('',#53320,1.);
#53340=LINE('',#53310,#53330);
#53350=EDGE_CURVE('',#52560,#53280,#53340,.T.);
#53360=ORIENTED_EDGE('',*,*,#53350,.T.);
#53370=EDGE_LOOP('',(#53360,#53300,#53220,#53140,#53060,#52980,#52970,
#52960));
#53380=FACE_OUTER_BOUND('',#53370,.T.);
#53390=ADVANCED_FACE('',(#53380),#52950,.F.);
#53400=COLOUR_RGB('',0.313725501298904,0.784313797950745,
0.313725501298904);
#53410=FILL_AREA_STYLE_COLOUR('',#53400);
#53420=FILL_AREA_STYLE('',(#53410));
#53430=SURFACE_STYLE_FILL_AREA(#53420);
#53440=SURFACE_SIDE_STYLE('',(#53430));
#53450=SURFACE_STYLE_USAGE(.BOTH.,#53440);
#53460=PRESENTATION_STYLE_ASSIGNMENT((#53450));
#53470=CARTESIAN_POINT('',(-32.7000000000087,41.4379999999953,
22.9999999999546));
#53480=DIRECTION('',(-7.06522810900895E-14,-1.,-2.71220497735933E-13));
#53490=DIRECTION('',(1.91623468434331E-26,2.71220497735933E-13,-1.));
#53500=AXIS2_PLACEMENT_3D('',#53470,#53480,#53490);
#53510=PLANE('',#53500);
#53520=ORIENTED_EDGE('',*,*,#52400,.T.);
#53530=CARTESIAN_POINT('',(-31.7000000000126,41.4379999999954,
22.5999999982895));
#53540=DIRECTION('',(-2.77367263922364E-29,-2.71220497735933E-13,1.));
#53550=VECTOR('',#53540,1.);
#53560=LINE('',#53530,#53550);
#53570=EDGE_CURVE('',#51590,#52370,#53560,.T.);
#53580=ORIENTED_EDGE('',*,*,#53570,.T.);
#53590=ORIENTED_EDGE('',*,*,#51620,.F.);
#53600=CARTESIAN_POINT('',(-31.9775687094422,41.4380000000015,
-3.36520855626077E-9));
#53610=DIRECTION('',(4.16545576149691E-13,2.71220497735903E-13,-1.));
#53620=VECTOR('',#53610,1.);
#53630=LINE('',#53600,#53620);
#53640=EDGE_CURVE('',#52390,#51610,#53630,.T.);
#53650=ORIENTED_EDGE('',*,*,#53640,.T.);
#53660=EDGE_LOOP('',(#53650,#53590,#53580,#53520));
#53670=FACE_OUTER_BOUND('',#53660,.T.);
#53680=ADVANCED_FACE('',(#53670),#53510,.T.);
#53690=COLOUR_RGB('',1.,0.839215755462646,0.301960796117783);
#53700=FILL_AREA_STYLE_COLOUR('',#53690);
#53710=FILL_AREA_STYLE('',(#53700));
#53720=SURFACE_STYLE_FILL_AREA(#53710);
#53730=SURFACE_SIDE_STYLE('',(#53720));
#53740=SURFACE_STYLE_USAGE(.BOTH.,#53730);
#53750=PRESENTATION_STYLE_ASSIGNMENT((#53740));
#53760=CARTESIAN_POINT('',(-24.6999999999967,29.8000000000041,
34.8999999949595));
#53770=DIRECTION('',(-0.856933680202437,-0.515426685120888,
-1.39794282084869E-13));
#53780=DIRECTION('',(-0.515426685120888,0.856933680202437,
-4.88202424944846E-14));
#53790=AXIS2_PLACEMENT_3D('',#53760,#53770,#53780);
#53800=PLANE('',#53790);
#53810=ORIENTED_EDGE('',*,*,#52790,.T.);
#53820=CARTESIAN_POINT('',(-6.77595806832461,-6.73949784868455E-12,
16.9759580649626));
#53830=DIRECTION('',(-0.458149873737031,0.761706890076153,
0.458149873737031));
#53840=VECTOR('',#53830,1.);
#53850=LINE('',#53820,#53840);
#53860=CARTESIAN_POINT('',(-24.6999999999967,29.8000000000041,
34.8999999966346));
#53870=VERTEX_POINT('',#53860);
#53880=EDGE_CURVE('',#53870,#52720,#53850,.T.);
#53890=ORIENTED_EDGE('',*,*,#53880,.T.);
#53900=CARTESIAN_POINT('',(-24.6999999999916,29.8000000000051,
-3.36527250510699E-9));
#53910=DIRECTION('',(-1.44957684373975E-13,-3.02179933446842E-14,1.));
#53920=VECTOR('',#53910,1.);
#53930=LINE('',#53900,#53920);
#53940=CARTESIAN_POINT('',(-24.6999999999952,29.8000000000044,
25.0999999999562));
#53950=VERTEX_POINT('',#53940);
#53960=EDGE_CURVE('',#53950,#53870,#53930,.T.);
#53970=ORIENTED_EDGE('',*,*,#53960,.T.);
#53980=CARTESIAN_POINT('',(-6.77595806832886,-6.73949784868455E-12,
43.0240419316226));
#53990=DIRECTION('',(-0.458149873736944,0.761706890076258,
-0.458149873736944));
#54000=VECTOR('',#53990,1.);
#54010=LINE('',#53980,#54000);
#54020=EDGE_CURVE('',#53950,#51690,#54010,.T.);
#54030=ORIENTED_EDGE('',*,*,#54020,.F.);
#54040=ORIENTED_EDGE('',*,*,#51700,.T.);
#54050=ORIENTED_EDGE('',*,*,#53570,.F.);
#54060=EDGE_LOOP('',(#54050,#54040,#54030,#53970,#53890,#53810));
#54070=FACE_OUTER_BOUND('',#54060,.T.);
#54080=ADVANCED_FACE('',(#54070),#53800,.T.);
#54090=COLOUR_RGB('',0.313725501298904,0.784313797950745,
0.313725501298904);
#54100=FILL_AREA_STYLE_COLOUR('',#54090);
#54110=FILL_AREA_STYLE('',(#54100));
#54120=SURFACE_STYLE_FILL_AREA(#54110);
#54130=SURFACE_SIDE_STYLE('',(#54120));
#54140=SURFACE_STYLE_USAGE(.BOTH.,#54130);
#54150=PRESENTATION_STYLE_ASSIGNMENT((#54140));
#54160=CARTESIAN_POINT('',(-26.9999999999968,13.5199973693673,
37.1999999966348));
#54170=DIRECTION('',(-0.707106781186548,8.65956056235492E-17,
-0.707106781186548));
#54180=DIRECTION('',(0.707106781186548,-8.65956056235467E-17,
-0.707106781186548));
#54190=AXIS2_PLACEMENT_3D('',#54160,#54170,#54180);
#54200=PLANE('',#54190);
#54210=CARTESIAN_POINT('',(-42.1275692764269,-0.100000000008087,
52.3275692730648));
#54220=DIRECTION('',(0.552993381186918,0.623214762924404,
-0.552993381186918));
#54230=VECTOR('',#54220,1.);
#54240=LINE('',#54210,#54230);
#54250=CARTESIAN_POINT('',(-23.82905805917,20.5221316892636,
34.029058055808));
#54260=VERTEX_POINT('',#54250);
#54270=EDGE_CURVE('',#52640,#54260,#54240,.T.);
#54280=ORIENTED_EDGE('',*,*,#54270,.F.);
#54290=CARTESIAN_POINT('',(10.2000000000032,-8.03163838068725,
-6.74011602086466E-9));
#54300=DIRECTION('',(-0.608120402411343,0.510273605374737,
0.608120402411343));
#54310=VECTOR('',#54300,1.);
#54320=LINE('',#54290,#54310);
#54330=CARTESIAN_POINT('',(-24.9499999983368,21.4627136566331,
35.1499999949748));
#54340=VERTEX_POINT('',#54330);
#54350=EDGE_CURVE('',#54260,#54340,#54320,.T.);
#54360=ORIENTED_EDGE('',*,*,#54350,.F.);
#54370=CARTESIAN_POINT('',(-24.9499999983368,-6.73594513500575E-12,
35.1499999949748));
#54380=DIRECTION('',(-1.22464679914735E-16,-1.,0.));
#54390=VECTOR('',#54380,1.);
#54400=LINE('',#54370,#54390);
#54410=CARTESIAN_POINT('',(-24.9499999983368,29.8000000000041,
35.1499999949748));
#54420=VERTEX_POINT('',#54410);
#54430=EDGE_CURVE('',#54420,#54340,#54400,.T.);
#54440=ORIENTED_EDGE('',*,*,#54430,.T.);
#54450=CARTESIAN_POINT('',(10.2000000000033,29.8000000000051,
-3.36527250510699E-9));
#54460=DIRECTION('',(-0.707106781186548,-2.13440376484186E-14,
0.707106781186548));
#54470=VECTOR('',#54460,1.);
#54480=LINE('',#54450,#54470);
#54490=EDGE_CURVE('',#53870,#54420,#54480,.T.);
#54500=ORIENTED_EDGE('',*,*,#54490,.T.);
#54510=ORIENTED_EDGE('',*,*,#53880,.F.);
#54520=ORIENTED_EDGE('',*,*,#52730,.T.);
#54530=EDGE_LOOP('',(#54520,#54510,#54500,#54440,#54360,#54280));
#54540=FACE_OUTER_BOUND('',#54530,.T.);
#54550=ADVANCED_FACE('',(#54540),#54200,.T.);
#54560=COLOUR_RGB('',0.313725501298904,0.784313797950745,
0.313725501298904);
#54570=FILL_AREA_STYLE_COLOUR('',#54560);
#54580=FILL_AREA_STYLE('',(#54570));
#54590=SURFACE_STYLE_FILL_AREA(#54580);
#54600=SURFACE_SIDE_STYLE('',(#54590));
#54610=SURFACE_STYLE_USAGE(.BOTH.,#54600);
#54620=PRESENTATION_STYLE_ASSIGNMENT((#54610));
#54630=CARTESIAN_POINT('',(-25.324966352278,18.196922078133,
34.9248599916669));
#54640=DIRECTION('',(-0.832120357346518,0.379552920813453,
-0.40437024023966));
#54650=DIRECTION('',(-0.0421192503846415,0.683771116365013,
0.728479944248282));
#54660=AXIS2_PLACEMENT_3D('',#54630,#54640,#54650);
#54670=PLANE('',#54660);
#54680=ORIENTED_EDGE('',*,*,#53350,.F.);
#54690=CARTESIAN_POINT('',(-20.3167397655566,-8.03163838068725,
-6.74011602086466E-9));
#54700=DIRECTION('',(-0.0788214823449026,0.640787734815832,
0.763661085057074));
#54710=VECTOR('',#54700,1.);
#54720=LINE('',#54690,#54710);
#54730=EDGE_CURVE('',#53280,#54260,#54720,.T.);
#54740=ORIENTED_EDGE('',*,*,#54730,.F.);
#54750=ORIENTED_EDGE('',*,*,#54270,.T.);
#54760=ORIENTED_EDGE('',*,*,#52650,.T.);
#54770=EDGE_LOOP('',(#54760,#54750,#54740,#54680));
#54780=FACE_OUTER_BOUND('',#54770,.T.);
#54790=ADVANCED_FACE('',(#54780),#54670,.T.);
#54800=COLOUR_RGB('',0.313725501298904,0.784313797950745,
0.313725501298904);
#54810=FILL_AREA_STYLE_COLOUR('',#54800);
#54820=FILL_AREA_STYLE('',(#54810));
#54830=SURFACE_STYLE_FILL_AREA(#54820);
#54840=SURFACE_SIDE_STYLE('',(#54830));
#54850=SURFACE_STYLE_USAGE(.BOTH.,#54840);
#54860=PRESENTATION_STYLE_ASSIGNMENT((#54850));
#54870=CARTESIAN_POINT('',(-26.9999999999968,13.5199973693673,
22.7999999999546));
#54880=DIRECTION('',(0.707106781186548,0.,-0.707106781186548));
#54890=DIRECTION('',(0.707106781186548,0.,0.707106781186548));
#54900=AXIS2_PLACEMENT_3D('',#54870,#54880,#54890);
#54910=PLANE('',#54900);
#54920=ORIENTED_EDGE('',*,*,#51780,.F.);
#54930=ORIENTED_EDGE('',*,*,#54020,.T.);
#54940=CARTESIAN_POINT('',(-49.8000000033167,29.8000000000051,
-3.36527250510699E-9));
#54950=DIRECTION('',(-0.707106781186548,2.13440376484186E-14,
-0.707106781186548));
#54960=VECTOR('',#54950,1.);
#54970=LINE('',#54940,#54960);
#54980=CARTESIAN_POINT('',(-24.9500000049767,29.8000000000044,
24.8499999949748));
#54990=VERTEX_POINT('',#54980);
#55000=EDGE_CURVE('',#53950,#54990,#54970,.T.);
#55010=ORIENTED_EDGE('',*,*,#55000,.F.);
#55020=CARTESIAN_POINT('',(-24.9500000049767,-6.73594513500575E-12,
24.8499999949748));
#55030=DIRECTION('',(0.,1.,0.));
#55040=VECTOR('',#55030,1.);
#55050=LINE('',#55020,#55040);
#55060=CARTESIAN_POINT('',(-24.9500000049767,21.4627136538013,
24.8499999949748));
#55070=VERTEX_POINT('',#55060);
#55080=EDGE_CURVE('',#55070,#54990,#55050,.T.);
#55090=ORIENTED_EDGE('',*,*,#55080,.T.);
#55100=CARTESIAN_POINT('',(-1.26476606965298E-12,0.527177851753279,
49.7999999965753));
#55110=DIRECTION('',(-0.608120402411343,0.510273605374737,
-0.608120402411343));
#55120=VECTOR('',#55110,1.);
#55130=LINE('',#55100,#55120);
#55140=CARTESIAN_POINT('',(-23.8290580615896,20.5221316793458,
25.9709419383618));
#55150=VERTEX_POINT('',#55140);
#55160=EDGE_CURVE('',#55150,#55070,#55130,.T.);
#55170=ORIENTED_EDGE('',*,*,#55160,.T.);
#55180=CARTESIAN_POINT('',(-42.1275692700461,-0.100000000008087,
7.67243072990533));
#55190=DIRECTION('',(-0.552993381186918,-0.623214762924404,
-0.552993381186918));
#55200=VECTOR('',#55190,1.);
#55210=LINE('',#55180,#55200);
#55220=EDGE_CURVE('',#55150,#51770,#55210,.T.);
#55230=ORIENTED_EDGE('',*,*,#55220,.F.);
#55240=EDGE_LOOP('',(#55230,#55170,#55090,#55010,#54930,#54920));
#55250=FACE_OUTER_BOUND('',#55240,.T.);
#55260=ADVANCED_FACE('',(#55250),#54910,.F.);
#55270=COLOUR_RGB('',0.313725501298904,0.784313797950745,
0.313725501298904);
#55280=FILL_AREA_STYLE_COLOUR('',#55270);
#55290=FILL_AREA_STYLE('',(#55280));
#55300=SURFACE_STYLE_FILL_AREA(#55290);
#55310=SURFACE_SIDE_STYLE('',(#55300));
#55320=SURFACE_STYLE_USAGE(.BOTH.,#55310);
#55330=PRESENTATION_STYLE_ASSIGNMENT((#55320));
#55340=CARTESIAN_POINT('',(-9.05000000000992,24.1000000000033,
29.9999999949748));
#55350=DIRECTION('',(1.,-7.06522810900895E-14,0.));
#55360=DIRECTION('',(0.,0.,-1.));
#55370=AXIS2_PLACEMENT_3D('',#55340,#55350,#55360);
#55380=PLANE('',#55370);
#55390=CARTESIAN_POINT('',(-9.05000000001085,10.9320132881387,
22.5999999982895));
#55400=DIRECTION('',(4.54144108808001E-14,0.642787609686539,
0.766044443118978));
#55410=VECTOR('',#55400,1.);
#55420=LINE('',#55390,#55410);
#55430=CARTESIAN_POINT('',(-9.05000000001033,18.4000000000033,
31.4999999916));
#55440=VERTEX_POINT('',#55430);
#55450=CARTESIAN_POINT('',(-9.05000000001011,21.4627136566321,
35.1499999949748));
#55460=VERTEX_POINT('',#55450);
#55470=EDGE_CURVE('',#55440,#55460,#55420,.T.);
#55480=ORIENTED_EDGE('',*,*,#55470,.T.);
#55490=CARTESIAN_POINT('',(-9.05000000001033,18.4000000000033,
22.5999999982895));
#55500=DIRECTION('',(-1.46420939855874E-28,-2.07241631263358E-15,1.));
#55510=VECTOR('',#55500,1.);
#55520=LINE('',#55490,#55510);
#55530=CARTESIAN_POINT('',(-9.05000000001033,18.4000000000033,
28.4999999915999));
#55540=VERTEX_POINT('',#55530);
#55550=EDGE_CURVE('',#55540,#55440,#55520,.T.);
#55560=ORIENTED_EDGE('',*,*,#55550,.T.);
#55570=CARTESIAN_POINT('',(-9.05000000000998,23.350687818336,
22.5999999982895));
#55580=DIRECTION('',(-4.54144108808001E-14,-0.642787609686539,
0.766044443118978));
#55590=VECTOR('',#55580,1.);
#55600=LINE('',#55570,#55590);
#55610=CARTESIAN_POINT('',(-9.05000000001011,21.4627136538003,
24.8499999949748));
#55620=VERTEX_POINT('',#55610);
#55630=EDGE_CURVE('',#55620,#55540,#55600,.T.);
#55640=ORIENTED_EDGE('',*,*,#55630,.T.);
#55650=CARTESIAN_POINT('',(-9.05000000000977,26.2276489346022,
24.8499999949748));
#55660=DIRECTION('',(-7.06522810900895E-14,-1.,0.));
#55670=VECTOR('',#55660,1.);
#55680=LINE('',#55650,#55670);
#55690=CARTESIAN_POINT('',(-9.05000000000952,29.8000000000034,
24.8499999949748));
#55700=VERTEX_POINT('',#55690);
#55710=EDGE_CURVE('',#55700,#55620,#55680,.T.);
#55720=ORIENTED_EDGE('',*,*,#55710,.T.);
#55730=CARTESIAN_POINT('',(-9.05000000000952,29.8000000000035,
22.5999999982895));
#55740=DIRECTION('',(-2.13497015976708E-27,-3.02179933446842E-14,1.));
#55750=VECTOR('',#55740,1.);
#55760=LINE('',#55730,#55750);
#55770=CARTESIAN_POINT('',(-9.05000000000952,29.8000000000031,
35.1499999949748));
#55780=VERTEX_POINT('',#55770);
#55790=EDGE_CURVE('',#55700,#55780,#55760,.T.);
#55800=ORIENTED_EDGE('',*,*,#55790,.F.);
#55810=CARTESIAN_POINT('',(-9.05000000000977,26.2276489346022,
35.1499999949748));
#55820=DIRECTION('',(7.06522810900895E-14,1.,0.));
#55830=VECTOR('',#55820,1.);
#55840=LINE('',#55810,#55830);
#55850=EDGE_CURVE('',#55460,#55780,#55840,.T.);
#55860=ORIENTED_EDGE('',*,*,#55850,.T.);
#55870=EDGE_LOOP('',(#55860,#55800,#55720,#55640,#55560,#55480));
#55880=FACE_OUTER_BOUND('',#55870,.T.);
#55890=ADVANCED_FACE('',(#55880),#55380,.F.);
#55900=COLOUR_RGB('',0.313725501298904,0.784313797950745,
0.313725501298904);
#55910=FILL_AREA_STYLE_COLOUR('',#55900);
#55920=FILL_AREA_STYLE('',(#55910));
#55930=SURFACE_STYLE_FILL_AREA(#55920);
#55940=SURFACE_SIDE_STYLE('',(#55930));
#55950=SURFACE_STYLE_USAGE(.BOTH.,#55940);
#55960=PRESENTATION_STYLE_ASSIGNMENT((#55950));
#55970=CARTESIAN_POINT('',(-14.5499999999965,21.4627136538013,
24.8499999949748));
#55980=DIRECTION('',(0.,0.,-1.));
#55990=DIRECTION('',(0.,1.,0.));
#56000=AXIS2_PLACEMENT_3D('',#55970,#55980,#55990);
#56010=PLANE('',#56000);
#56020=CARTESIAN_POINT('',(-1.25766064229538E-12,21.4627136538013,
24.8499999915999));
#56030=DIRECTION('',(1.,0.,0.));
#56040=VECTOR('',#56030,1.);
#56050=LINE('',#56020,#56040);
#56060=EDGE_CURVE('',#55070,#55620,#56050,.T.);
#56070=ORIENTED_EDGE('',*,*,#56060,.T.);
#56080=ORIENTED_EDGE('',*,*,#55080,.F.);
#56090=CARTESIAN_POINT('',(-1.25766064229538E-12,29.8000000000044,
24.8499999949748));
#56100=DIRECTION('',(-1.,-4.37975574578706E-27,0.));
#56110=VECTOR('',#56100,1.);
#56120=LINE('',#56090,#56110);
#56130=EDGE_CURVE('',#55700,#54990,#56120,.T.);
#56140=ORIENTED_EDGE('',*,*,#56130,.T.);
#56150=ORIENTED_EDGE('',*,*,#55710,.F.);
#56160=EDGE_LOOP('',(#56150,#56140,#56080,#56070));
#56170=FACE_OUTER_BOUND('',#56160,.T.);
#56180=ADVANCED_FACE('',(#56170),#56010,.F.);
#56190=COLOUR_RGB('',0.823529481887817,0.823529481887817,
0.784313797950745);
#56200=FILL_AREA_STYLE_COLOUR('',#56190);
#56210=FILL_AREA_STYLE('',(#56200));
#56220=SURFACE_STYLE_FILL_AREA(#56210);
#56230=SURFACE_SIDE_STYLE('',(#56220));
#56240=SURFACE_STYLE_USAGE(.BOTH.,#56230);
#56250=PRESENTATION_STYLE_ASSIGNMENT((#56240));
#56260=CARTESIAN_POINT('',(-24.3999999999967,29.8000000000041,
34.8999999949595));
#56270=DIRECTION('',(4.3803303416736E-27,-1.,-3.02179933446842E-14));
#56280=DIRECTION('',(-1.,0.,-1.44957684373975E-13));
#56290=AXIS2_PLACEMENT_3D('',#56260,#56270,#56280);
#56300=PLANE('',#56290);
#56310=ORIENTED_EDGE('',*,*,#56130,.F.);
#56320=ORIENTED_EDGE('',*,*,#55000,.T.);
#56330=ORIENTED_EDGE('',*,*,#53960,.F.);
#56340=ORIENTED_EDGE('',*,*,#54490,.F.);
#56350=CARTESIAN_POINT('',(-1.25766064229538E-12,29.8000000000041,
35.1499999949748));
#56360=DIRECTION('',(1.,4.37975574578706E-27,0.));
#56370=VECTOR('',#56360,1.);
#56380=LINE('',#56350,#56370);
#56390=EDGE_CURVE('',#54420,#55780,#56380,.T.);
#56400=ORIENTED_EDGE('',*,*,#56390,.F.);
#56410=ORIENTED_EDGE('',*,*,#55790,.T.);
#56420=EDGE_LOOP('',(#56410,#56400,#56340,#56330,#56320,#56310));
#56430=FACE_OUTER_BOUND('',#56420,.T.);
#56440=ADVANCED_FACE('',(#56430),#56300,.T.);
#56450=COLOUR_RGB('',0.823529481887817,0.823529481887817,
0.784313797950745);
#56460=FILL_AREA_STYLE_COLOUR('',#56450);
#56470=FILL_AREA_STYLE('',(#56460));
#56480=SURFACE_STYLE_FILL_AREA(#56470);
#56490=SURFACE_SIDE_STYLE('',(#56480));
#56500=SURFACE_STYLE_USAGE(.BOTH.,#56490);
#56510=PRESENTATION_STYLE_ASSIGNMENT((#56500));
#56520=CARTESIAN_POINT('',(-14.5499999999965,30.2162126672691,
35.1499999949748));
#56530=DIRECTION('',(-0.,0.,1.));
#56540=DIRECTION('',(0.,-1.,0.));
#56550=AXIS2_PLACEMENT_3D('',#56520,#56530,#56540);
#56560=PLANE('',#56550);
#56570=ORIENTED_EDGE('',*,*,#56390,.T.);
#56580=ORIENTED_EDGE('',*,*,#54430,.F.);
#56590=CARTESIAN_POINT('',(-1.25766064229538E-12,21.4627136538013,
35.1499999915999));
#56600=DIRECTION('',(1.,0.,0.));
#56610=VECTOR('',#56600,1.);
#56620=LINE('',#56590,#56610);
#56630=EDGE_CURVE('',#54340,#55460,#56620,.T.);
#56640=ORIENTED_EDGE('',*,*,#56630,.F.);
#56650=ORIENTED_EDGE('',*,*,#55850,.F.);
#56660=EDGE_LOOP('',(#56650,#56640,#56580,#56570));
#56670=FACE_OUTER_BOUND('',#56660,.T.);
#56680=ADVANCED_FACE('',(#56670),#56560,.F.);
#56690=COLOUR_RGB('',0.823529481887817,0.823529481887817,
0.784313797950745);
#56700=FILL_AREA_STYLE_COLOUR('',#56690);
#56710=FILL_AREA_STYLE('',(#56700));
#56720=SURFACE_STYLE_FILL_AREA(#56710);
#56730=SURFACE_SIDE_STYLE('',(#56720));
#56740=SURFACE_STYLE_USAGE(.BOTH.,#56730);
#56750=PRESENTATION_STYLE_ASSIGNMENT((#56740));
#56760=CARTESIAN_POINT('',(-14.5499999999965,21.4627136538013,
35.1499999915999));
#56770=DIRECTION('',(0.,-0.766044443118978,0.642787609686539));
#56780=DIRECTION('',(0.,-0.642787609686539,-0.766044443118978));
#56790=AXIS2_PLACEMENT_3D('',#56760,#56770,#56780);
#56800=PLANE('',#56790);
#56810=ORIENTED_EDGE('',*,*,#56630,.T.);
#56820=ORIENTED_EDGE('',*,*,#54350,.T.);
#56830=ORIENTED_EDGE('',*,*,#54730,.T.);
#56840=ORIENTED_EDGE('',*,*,#53290,.F.);
#56850=CARTESIAN_POINT('',(-1.26476606965298E-12,18.4000000000042,
31.4999999916));
#56860=DIRECTION('',(-1.,0.,0.));
#56870=VECTOR('',#56860,1.);
#56880=LINE('',#56850,#56870);
#56890=EDGE_CURVE('',#55440,#53200,#56880,.T.);
#56900=ORIENTED_EDGE('',*,*,#56890,.T.);
#56910=ORIENTED_EDGE('',*,*,#55470,.F.);
#56920=EDGE_LOOP('',(#56910,#56900,#56840,#56830,#56820,#56810));
#56930=FACE_OUTER_BOUND('',#56920,.T.);
#56940=ADVANCED_FACE('',(#56930),#56800,.F.);
#56950=COLOUR_RGB('',0.823529481887817,0.823529481887817,
0.784313797950745);
#56960=FILL_AREA_STYLE_COLOUR('',#56950);
#56970=FILL_AREA_STYLE('',(#56960));
#56980=SURFACE_STYLE_FILL_AREA(#56970);
#56990=SURFACE_SIDE_STYLE('',(#56980));
#57000=SURFACE_STYLE_USAGE(.BOTH.,#56990);
#57010=PRESENTATION_STYLE_ASSIGNMENT((#57000));
#57020=CARTESIAN_POINT('',(-14.5499999999965,18.4000000000042,
31.4999999916));
#57030=DIRECTION('',(0.,-1.,-2.07241631263358E-15));
#57040=DIRECTION('',(0.,2.07241631263358E-15,-1.));
#57050=AXIS2_PLACEMENT_3D('',#57020,#57030,#57040);
#57060=PLANE('',#57050);
#57070=CARTESIAN_POINT('',(-1.26476606965298E-12,18.4000000000042,
28.4999999915999));
#57080=DIRECTION('',(-1.,0.,0.));
#57090=VECTOR('',#57080,1.);
#57100=LINE('',#57070,#57090);
#57110=EDGE_CURVE('',#55540,#53120,#57100,.T.);
#57120=ORIENTED_EDGE('',*,*,#57110,.T.);
#57130=ORIENTED_EDGE('',*,*,#55550,.F.);
#57140=ORIENTED_EDGE('',*,*,#56890,.F.);
#57150=ORIENTED_EDGE('',*,*,#53210,.F.);
#57160=EDGE_LOOP('',(#57150,#57140,#57130,#57120));
#57170=FACE_OUTER_BOUND('',#57160,.T.);
#57180=ADVANCED_FACE('',(#57170),#57060,.F.);
#57190=COLOUR_RGB('',0.823529481887817,0.823529481887817,
0.784313797950745);
#57200=FILL_AREA_STYLE_COLOUR('',#57190);
#57210=FILL_AREA_STYLE('',(#57200));
#57220=SURFACE_STYLE_FILL_AREA(#57210);
#57230=SURFACE_SIDE_STYLE('',(#57220));
#57240=SURFACE_STYLE_USAGE(.BOTH.,#57230);
#57250=PRESENTATION_STYLE_ASSIGNMENT((#57240));
#57260=CARTESIAN_POINT('',(-14.5499999999965,18.4000000000042,
28.4999999915999));
#57270=DIRECTION('',(0.,-0.766044443118978,-0.642787609686539));
#57280=DIRECTION('',(0.,0.642787609686539,-0.766044443118978));
#57290=AXIS2_PLACEMENT_3D('',#57260,#57270,#57280);
#57300=PLANE('',#57290);
#57310=ORIENTED_EDGE('',*,*,#55160,.F.);
#57320=ORIENTED_EDGE('',*,*,#56060,.F.);
#57330=ORIENTED_EDGE('',*,*,#55630,.F.);
#57340=ORIENTED_EDGE('',*,*,#57110,.F.);
#57350=ORIENTED_EDGE('',*,*,#53130,.T.);
#57360=CARTESIAN_POINT('',(-26.5096557533382,42.3143394871638,
-6.74011602086466E-9));
#57370=DIRECTION('',(0.0788214823449026,-0.640787734815832,
0.763661085057074));
#57380=VECTOR('',#57370,1.);
#57390=LINE('',#57360,#57380);
#57400=EDGE_CURVE('',#55150,#53040,#57390,.T.);
#57410=ORIENTED_EDGE('',*,*,#57400,.T.);
#57420=EDGE_LOOP('',(#57410,#57350,#57340,#57330,#57320,#57310));
#57430=FACE_OUTER_BOUND('',#57420,.T.);
#57440=ADVANCED_FACE('',(#57430),#57300,.F.);
#57450=COLOUR_RGB('',0.823529481887817,0.823529481887817,
0.784313797950745);
#57460=FILL_AREA_STYLE_COLOUR('',#57450);
#57470=FILL_AREA_STYLE('',(#57460));
#57480=SURFACE_STYLE_FILL_AREA(#57470);
#57490=SURFACE_SIDE_STYLE('',(#57480));
#57500=SURFACE_STYLE_USAGE(.BOTH.,#57490);
#57510=PRESENTATION_STYLE_ASSIGNMENT((#57500));
#57520=CARTESIAN_POINT('',(-25.324966352278,18.1969220781329,
25.0751399981728));
#57530=DIRECTION('',(0.832120357346518,-0.379552920813453,
-0.40437024023966));
#57540=DIRECTION('',(-0.0421192503846416,0.683771116365013,
-0.728479944248282));
#57550=AXIS2_PLACEMENT_3D('',#57520,#57530,#57540);
#57560=PLANE('',#57550);
#57570=ORIENTED_EDGE('',*,*,#55220,.T.);
#57580=ORIENTED_EDGE('',*,*,#57400,.F.);
#57590=ORIENTED_EDGE('',*,*,#53050,.T.);
#57600=ORIENTED_EDGE('',*,*,#51860,.F.);
#57610=EDGE_LOOP('',(#57600,#57590,#57580,#57570));
#57620=FACE_OUTER_BOUND('',#57610,.T.);
#57630=ADVANCED_FACE('',(#57620),#57560,.F.);
#57640=COLOUR_RGB('',0.313725501298904,0.784313797950745,
0.313725501298904);
#57650=FILL_AREA_STYLE_COLOUR('',#57640);
#57660=FILL_AREA_STYLE('',(#57650));
#57670=SURFACE_STYLE_FILL_AREA(#57660);
#57680=SURFACE_SIDE_STYLE('',(#57670));
#57690=SURFACE_STYLE_USAGE(.BOTH.,#57680);
#57700=PRESENTATION_STYLE_ASSIGNMENT((#57690));
#57710=CARTESIAN_POINT('',(-32.553553390602,40.8620153188473,
37.9999999999984));
#57720=DIRECTION('',(0.70710678118652,-0.707106781186575,
1.02760348422837E-13));
#57730=DIRECTION('',(-0.707106781186575,-0.70710678118652,
-1.02760348422845E-13));
#57740=AXIS2_PLACEMENT_3D('',#57710,#57720,#57730);
#57750=PLANE('',#57740);
#57760=ORIENTED_EDGE('',*,*,#2400,.F.);
#57770=ORIENTED_EDGE('',*,*,#50410,.T.);
#57780=ORIENTED_EDGE('',*,*,#52460,.F.);
#57790=ORIENTED_EDGE('',*,*,#53640,.F.);
#57800=ORIENTED_EDGE('',*,*,#52150,.F.);
#57810=CARTESIAN_POINT('',(-32.7000000000032,40.7155687094406,
-3.36520855626077E-9));
#57820=DIRECTION('',(-1.45325078413766E-13,-3.56997693116642E-29,1.));
#57830=VECTOR('',#57820,1.);
#57840=LINE('',#57810,#57830);
#57850=EDGE_CURVE('',#10000,#52080,#57840,.T.);
#57860=ORIENTED_EDGE('',*,*,#57850,.T.);
#57870=ORIENTED_EDGE('',*,*,#10010,.T.);
#57880=CARTESIAN_POINT('',(-31.7000000000061,41.7155687094376,
-3.36520855626077E-9));
#57890=DIRECTION('',(1.45325078413766E-13,3.56997693116617E-29,-1.));
#57900=VECTOR('',#57890,1.);
#57910=LINE('',#57880,#57900);
#57920=EDGE_CURVE('',#2390,#9920,#57910,.T.);
#57930=ORIENTED_EDGE('',*,*,#57920,.T.);
#57940=EDGE_LOOP('',(#57930,#57870,#57860,#57800,#57790,#57780,#57770,
#57760));
#57950=FACE_OUTER_BOUND('',#57940,.T.);
#57960=ADVANCED_FACE('',(#57950),#57750,.F.);
#57970=COLOUR_RGB('',1.,0.839215755462646,0.301960796117783);
#57980=FILL_AREA_STYLE_COLOUR('',#57970);
#57990=FILL_AREA_STYLE('',(#57980));
#58000=SURFACE_STYLE_FILL_AREA(#57990);
#58010=SURFACE_SIDE_STYLE('',(#58000));
#58020=SURFACE_STYLE_USAGE(.BOTH.,#58010);
#58030=PRESENTATION_STYLE_ASSIGNMENT((#58020));
#58040=CARTESIAN_POINT('',(-31.7000000000116,41.7155687094377,
37.9999999999985));
#58050=DIRECTION('',(1.,-1.22464679914735E-16,1.45325078413766E-13));
#58060=DIRECTION('',(-1.22464679914735E-16,-1.,-5.33915676345771E-29));
#58070=AXIS2_PLACEMENT_3D('',#58040,#58050,#58060);
#58080=PLANE('',#58070);
#58090=ORIENTED_EDGE('',*,*,#2480,.F.);
#58100=ORIENTED_EDGE('',*,*,#57920,.F.);
#58110=ORIENTED_EDGE('',*,*,#9930,.T.);
#58120=ORIENTED_EDGE('',*,*,#24390,.F.);
#58130=EDGE_LOOP('',(#58120,#58110,#58100,#58090));
#58140=FACE_OUTER_BOUND('',#58130,.T.);
#58150=ADVANCED_FACE('',(#58140),#58080,.F.);
#58160=COLOUR_RGB('',1.,0.839215755462646,0.301960796117783);
#58170=FILL_AREA_STYLE_COLOUR('',#58160);
#58180=FILL_AREA_STYLE('',(#58170));
#58190=SURFACE_STYLE_FILL_AREA(#58180);
#58200=SURFACE_SIDE_STYLE('',(#58190));
#58210=SURFACE_STYLE_USAGE(.BOTH.,#58200);
#58220=PRESENTATION_STYLE_ASSIGNMENT((#58210));
#58230=ORIENTED_EDGE('',*,*,#10170,.T.);
#58240=CARTESIAN_POINT('',(-32.7000000000053,11.7397291597671,
-3.36520855626077E-9));
#58250=DIRECTION('',(-1.45325078413766E-13,-4.46247116395757E-29,1.));
#58260=VECTOR('',#58250,1.);
#58270=LINE('',#58240,#58260);
#58280=EDGE_CURVE('',#10080,#52000,#58270,.T.);
#58290=ORIENTED_EDGE('',*,*,#58280,.F.);
#58300=ORIENTED_EDGE('',*,*,#52010,.F.);
#58310=ORIENTED_EDGE('',*,*,#51060,.F.);
#58320=EDGE_LOOP('',(#58310,#58300,#58290,#58230));
#58330=FACE_OUTER_BOUND('',#58320,.T.);
#58340=ADVANCED_FACE('',(#58330),#50720,.F.);
#58350=COLOUR_RGB('',1.,0.839215755462646,0.301960796117783);
#58360=FILL_AREA_STYLE_COLOUR('',#58350);
#58370=FILL_AREA_STYLE('',(#58360));
#58380=SURFACE_STYLE_FILL_AREA(#58370);
#58390=SURFACE_SIDE_STYLE('',(#58380));
#58400=SURFACE_STYLE_USAGE(.BOTH.,#58390);
#58410=PRESENTATION_STYLE_ASSIGNMENT((#58400));
#58420=ORIENTED_EDGE('',*,*,#52090,.F.);
#58430=ORIENTED_EDGE('',*,*,#58280,.T.);
#58440=ORIENTED_EDGE('',*,*,#10090,.T.);
#58450=ORIENTED_EDGE('',*,*,#57850,.F.);
#58460=EDGE_LOOP('',(#58450,#58440,#58430,#58420));
#58470=FACE_OUTER_BOUND('',#58460,.T.);
#58480=ADVANCED_FACE('',(#58470),#50340,.F.);
#58490=COLOUR_RGB('',1.,0.839215755462646,0.301960796117783);
#58500=FILL_AREA_STYLE_COLOUR('',#58490);
#58510=FILL_AREA_STYLE('',(#58500));
#58520=SURFACE_STYLE_FILL_AREA(#58510);
#58530=SURFACE_SIDE_STYLE('',(#58520));
#58540=SURFACE_STYLE_USAGE(.BOTH.,#58530);
#58550=PRESENTATION_STYLE_ASSIGNMENT((#58540));
#58560=CARTESIAN_POINT('',(-24.3943399733415,6.14402788200132,
37.9999999999995));
#58570=DIRECTION('',(-5.17275583541921E-42,1.,3.55943784230514E-29));
#58580=DIRECTION('',(1.,0.,1.45325078413766E-13));
#58590=AXIS2_PLACEMENT_3D('',#58560,#58570,#58580);
#58600=PLANE('',#58590);
#58610=CARTESIAN_POINT('',(-1.26476606965298E-12,6.14402788200132,
27.0000000000097));
#58620=DIRECTION('',(-1.,-5.17275583541921E-42,0.));
#58630=VECTOR('',#58620,1.);
#58640=LINE('',#58610,#58630);
#58650=CARTESIAN_POINT('',(-23.368282056802,6.14402788200132,
27.0000000000057));
#58660=VERTEX_POINT('',#58650);
#58670=CARTESIAN_POINT('',(-24.3318200559178,6.14402788200132,
27.0000000000097));
#58680=VERTEX_POINT('',#58670);
#58690=EDGE_CURVE('',#58660,#58680,#58640,.T.);
#58700=ORIENTED_EDGE('',*,*,#58690,.T.);
#58710=CARTESIAN_POINT('',(-23.3682820568036,6.14402788200132,
37.9999999999997));
#58720=DIRECTION('',(-1.45325078413766E-13,-3.55943784230514E-29,1.));
#58730=VECTOR('',#58720,1.);
#58740=LINE('',#58710,#58730);
#58750=EDGE_CURVE('',#10320,#58660,#58740,.T.);
#58760=ORIENTED_EDGE('',*,*,#58750,.T.);
#58770=ORIENTED_EDGE('',*,*,#10330,.T.);
#58780=ORIENTED_EDGE('',*,*,#51360,.F.);
#58790=ORIENTED_EDGE('',*,*,#2080,.F.);
#58800=CARTESIAN_POINT('',(-23.3682820568036,6.14402788200132,
37.9999999999997));
#58810=DIRECTION('',(1.45325078413766E-13,3.55943784230514E-29,-1.));
#58820=VECTOR('',#58810,1.);
#58830=LINE('',#58800,#58820);
#58840=CARTESIAN_POINT('',(-23.3682820568029,6.14402788200132,
33.0000000000097));
#58850=VERTEX_POINT('',#58840);
#58860=EDGE_CURVE('',#1990,#58850,#58830,.T.);
#58870=ORIENTED_EDGE('',*,*,#58860,.F.);
#58880=CARTESIAN_POINT('',(-1.26476606965298E-12,6.14402788200132,
33.0000000000097));
#58890=DIRECTION('',(-1.,-5.17275583541921E-42,0.));
#58900=VECTOR('',#58890,1.);
#58910=LINE('',#58880,#58900);
#58920=CARTESIAN_POINT('',(-24.3318200559178,6.14402788200132,
33.0000000000097));
#58930=VERTEX_POINT('',#58920);
#58940=EDGE_CURVE('',#58850,#58930,#58910,.T.);
#58950=ORIENTED_EDGE('',*,*,#58940,.F.);
#58960=CARTESIAN_POINT('',(-24.3318200559178,6.14402788200132,
31.0000000000096));
#58970=DIRECTION('',(0.,0.,-1.));
#58980=VECTOR('',#58970,1.);
#58990=LINE('',#58960,#58980);
#59000=EDGE_CURVE('',#58930,#58680,#58990,.T.);
#59010=ORIENTED_EDGE('',*,*,#59000,.F.);
#59020=EDGE_LOOP('',(#59010,#58950,#58870,#58790,#58780,#58770,#58760,
#58700));
#59030=FACE_OUTER_BOUND('',#59020,.T.);
#59040=ADVANCED_FACE('',(#59030),#58600,.F.);
#59050=COLOUR_RGB('',1.,0.839215755462646,0.301960796117783);
#59060=FILL_AREA_STYLE_COLOUR('',#59050);
#59070=FILL_AREA_STYLE('',(#59060));
#59080=SURFACE_STYLE_FILL_AREA(#59070);
#59090=SURFACE_SIDE_STYLE('',(#59080));
#59100=SURFACE_STYLE_USAGE(.BOTH.,#59090);
#59110=PRESENTATION_STYLE_ASSIGNMENT((#59100));
#59120=CARTESIAN_POINT('',(4.18807884552544,-5.20000023064853,
38.0000000000037));
#59130=DIRECTION('',(-1.45325078413766E-13,-3.55943784230514E-29,1.));
#59140=DIRECTION('',(1.,-5.17275583541921E-42,1.45325078413766E-13));
#59150=AXIS2_PLACEMENT_3D('',#59120,#59130,#59140);
#59160=CYLINDRICAL_SURFACE('',#59150,29.8);
#59170=ORIENTED_EDGE('',*,*,#58860,.T.);
#59180=ORIENTED_EDGE('',*,*,#2000,.F.);
#59190=ORIENTED_EDGE('',*,*,#23690,.T.);
#59200=ORIENTED_EDGE('',*,*,#10420,.T.);
#59210=ORIENTED_EDGE('',*,*,#58750,.F.);
#59220=CARTESIAN_POINT('',(4.18807884552704,-5.20000023064853,
27.0000000000097));
#59230=DIRECTION('',(-1.45325078413766E-13,-3.55943784230514E-29,1.));
#59240=DIRECTION('',(1.,-5.17275583541921E-42,1.45325078413766E-13));
#59250=AXIS2_PLACEMENT_3D('',#59220,#59230,#59240);
#59260=CIRCLE('',#59250,29.8);
#59270=CARTESIAN_POINT('',(-25.1558588337693,-0.00641558479744164,
27.0000000000097));
#59280=VERTEX_POINT('',#59270);
#59290=EDGE_CURVE('',#58660,#59280,#59260,.T.);
#59300=ORIENTED_EDGE('',*,*,#59290,.F.);
#59310=CARTESIAN_POINT('',(-25.1558588337701,-0.00641558479773785,
37.9999999999994));
#59320=DIRECTION('',(-1.45325078413766E-13,-3.55943784230514E-29,1.));
#59330=VECTOR('',#59320,1.);
#59340=LINE('',#59310,#59330);
#59350=CARTESIAN_POINT('',(-25.1558588337694,-0.00641558479773785,
33.0000000000054));
#59360=VERTEX_POINT('',#59350);
#59370=EDGE_CURVE('',#59280,#59360,#59340,.T.);
#59380=ORIENTED_EDGE('',*,*,#59370,.F.);
#59390=CARTESIAN_POINT('',(4.18807884552616,-5.20000023064853,
33.0000000000097));
#59400=DIRECTION('',(-1.45325078413766E-13,-3.55943784230514E-29,1.));
#59410=DIRECTION('',(1.,-5.17275583541921E-42,1.45325078413766E-13));
#59420=AXIS2_PLACEMENT_3D('',#59390,#59400,#59410);
#59430=CIRCLE('',#59420,29.8);
#59440=EDGE_CURVE('',#58850,#59360,#59430,.T.);
#59450=ORIENTED_EDGE('',*,*,#59440,.T.);
#59460=EDGE_LOOP('',(#59450,#59380,#59300,#59210,#59200,#59190,#59180,
#59170));
#59470=FACE_OUTER_BOUND('',#59460,.T.);
#59480=ADVANCED_FACE('',(#59470),#59160,.T.);
#59490=COLOUR_RGB('',1.,0.839215755462646,0.301960796117783);
#59500=FILL_AREA_STYLE_COLOUR('',#59490);
#59510=FILL_AREA_STYLE('',(#59500));
#59520=SURFACE_STYLE_FILL_AREA(#59510);
#59530=SURFACE_SIDE_STYLE('',(#59520));
#59540=SURFACE_STYLE_USAGE(.BOTH.,#59530);
#59550=PRESENTATION_STYLE_ASSIGNMENT((#59540));
#59560=ORIENTED_EDGE('',*,*,#58940,.T.);
#59570=ORIENTED_EDGE('',*,*,#59440,.F.);
#59580=CARTESIAN_POINT('',(-21.2447721559274,2.5999997693638,
33.0000000000097));
#59590=DIRECTION('',(0.,0.,1.));
#59600=DIRECTION('',(1.,0.,0.));
#59610=AXIS2_PLACEMENT_3D('',#59580,#59590,#59600);
#59620=CIRCLE('',#59610,4.7);
#59630=EDGE_CURVE('',#58930,#59360,#59620,.T.);
#59640=ORIENTED_EDGE('',*,*,#59630,.T.);
#59650=EDGE_LOOP('',(#59640,#59570,#59560));
#59660=FACE_OUTER_BOUND('',#59650,.T.);
#59670=ADVANCED_FACE('',(#59660),#14880,.T.);
#59680=COLOUR_RGB('',0.823529481887817,0.823529481887817,
0.784313797950745);
#59690=FILL_AREA_STYLE_COLOUR('',#59680);
#59700=FILL_AREA_STYLE('',(#59690));
#59710=SURFACE_STYLE_FILL_AREA(#59700);
#59720=SURFACE_SIDE_STYLE('',(#59710));
#59730=SURFACE_STYLE_USAGE(.BOTH.,#59720);
#59740=PRESENTATION_STYLE_ASSIGNMENT((#59730));
#59750=CARTESIAN_POINT('',(-21.2447721559274,2.5999997693638,
31.0000000000096));
#59760=DIRECTION('',(0.,0.,-1.));
#59770=DIRECTION('',(1.,0.,0.));
#59780=AXIS2_PLACEMENT_3D('',#59750,#59760,#59770);
#59790=CYLINDRICAL_SURFACE('',#59780,4.7);
#59800=ORIENTED_EDGE('',*,*,#59630,.F.);
#59810=ORIENTED_EDGE('',*,*,#59370,.T.);
#59820=CARTESIAN_POINT('',(-21.2447721559274,2.5999997693638,
27.0000000000097));
#59830=DIRECTION('',(0.,0.,1.));
#59840=DIRECTION('',(1.,0.,0.));
#59850=AXIS2_PLACEMENT_3D('',#59820,#59830,#59840);
#59860=CIRCLE('',#59850,4.7);
#59870=EDGE_CURVE('',#58680,#59280,#59860,.T.);
#59880=ORIENTED_EDGE('',*,*,#59870,.T.);
#59890=ORIENTED_EDGE('',*,*,#59000,.T.);
#59900=EDGE_LOOP('',(#59890,#59880,#59810,#59800));
#59910=FACE_OUTER_BOUND('',#59900,.T.);
#59920=ADVANCED_FACE('',(#59910),#59790,.T.);
#59930=COLOUR_RGB('',0.823529481887817,0.823529481887817,
0.784313797950745);
#59940=FILL_AREA_STYLE_COLOUR('',#59930);
#59950=FILL_AREA_STYLE('',(#59940));
#59960=SURFACE_STYLE_FILL_AREA(#59950);
#59970=SURFACE_SIDE_STYLE('',(#59960));
#59980=SURFACE_STYLE_USAGE(.BOTH.,#59970);
#59990=PRESENTATION_STYLE_ASSIGNMENT((#59980));
#60000=ORIENTED_EDGE('',*,*,#59870,.F.);
#60010=ORIENTED_EDGE('',*,*,#59290,.T.);
#60020=ORIENTED_EDGE('',*,*,#58690,.F.);
#60030=EDGE_LOOP('',(#60020,#60010,#60000));
#60040=FACE_OUTER_BOUND('',#60030,.T.);
#60050=ADVANCED_FACE('',(#60040),#13700,.F.);
#60060=COLOUR_RGB('',0.823529481887817,0.823529481887817,
0.784313797950745);
#60070=FILL_AREA_STYLE_COLOUR('',#60060);
#60080=FILL_AREA_STYLE('',(#60070));
#60090=SURFACE_STYLE_FILL_AREA(#60080);
#60100=SURFACE_SIDE_STYLE('',(#60090));
#60110=SURFACE_STYLE_USAGE(.BOTH.,#60100);
#60120=PRESENTATION_STYLE_ASSIGNMENT((#60110));
#60130=CARTESIAN_POINT('',(-34.7000000000126,-5.35000023065526,
37.999999999998));
#60140=DIRECTION('',(1.,-5.17275583541921E-42,1.45325078413766E-13));
#60150=DIRECTION('',(6.37236764452981E-58,-1.,-3.55943784230514E-29));
#60160=AXIS2_PLACEMENT_3D('',#60130,#60140,#60150);
#60170=PLANE('',#60160);
#60180=ORIENTED_EDGE('',*,*,#1230,.T.);
#60190=CARTESIAN_POINT('',(-34.700000000007,-6.85000023064853,
-3.36520855626077E-9));
#60200=DIRECTION('',(-1.45325078413766E-13,-2.52435489670724E-29,1.));
#60210=VECTOR('',#60200,1.);
#60220=LINE('',#60190,#60210);
#60230=EDGE_CURVE('',#11170,#1140,#60220,.T.);
#60240=ORIENTED_EDGE('',*,*,#60230,.T.);
#60250=ORIENTED_EDGE('',*,*,#11180,.T.);
#60260=CARTESIAN_POINT('',(-34.7000000000126,-1.8500002306519,
37.999999999998));
#60270=DIRECTION('',(1.45325078413766E-13,3.55943784230514E-29,-1.));
#60280=VECTOR('',#60270,1.);
#60290=LINE('',#60260,#60280);
#60300=EDGE_CURVE('',#1220,#11090,#60290,.T.);
#60310=ORIENTED_EDGE('',*,*,#60300,.T.);
#60320=EDGE_LOOP('',(#60310,#60250,#60240,#60180));
#60330=FACE_OUTER_BOUND('',#60320,.T.);
#60340=ADVANCED_FACE('',(#60330),#60170,.F.);
#60350=COLOUR_RGB('',1.,0.839215755462646,0.301960796117783);
#60360=FILL_AREA_STYLE_COLOUR('',#60350);
#60370=FILL_AREA_STYLE('',(#60360));
#60380=SURFACE_STYLE_FILL_AREA(#60370);
#60390=SURFACE_SIDE_STYLE('',(#60380));
#60400=SURFACE_STYLE_USAGE(.BOTH.,#60390);
#60410=PRESENTATION_STYLE_ASSIGNMENT((#60400));
#60420=CARTESIAN_POINT('',(-33.7000000000126,-1.8500002306519,
37.9999999999982));
#60430=DIRECTION('',(-1.45325078413766E-13,-3.55943784230514E-29,1.));
#60440=DIRECTION('',(1.,-5.17275583541921E-42,1.45325078413766E-13));
#60450=AXIS2_PLACEMENT_3D('',#60420,#60430,#60440);
#60460=CYLINDRICAL_SURFACE('',#60450,1.);
#60470=ORIENTED_EDGE('',*,*,#1320,.F.);
#60480=ORIENTED_EDGE('',*,*,#60300,.F.);
#60490=ORIENTED_EDGE('',*,*,#11100,.T.);
#60500=CARTESIAN_POINT('',(-33.7000000000126,-0.850000230651901,
37.9999999999982));
#60510=DIRECTION('',(1.45325078413766E-13,3.55943784230514E-29,-1.));
#60520=VECTOR('',#60510,1.);
#60530=LINE('',#60500,#60520);
#60540=EDGE_CURVE('',#1310,#11000,#60530,.T.);
#60550=ORIENTED_EDGE('',*,*,#60540,.T.);
#60560=EDGE_LOOP('',(#60550,#60490,#60480,#60470));
#60570=FACE_OUTER_BOUND('',#60560,.T.);
#60580=ADVANCED_FACE('',(#60570),#60460,.T.);
#60590=COLOUR_RGB('',1.,0.839215755462646,0.301960796117783);
#60600=FILL_AREA_STYLE_COLOUR('',#60590);
#60610=FILL_AREA_STYLE('',(#60600));
#60620=SURFACE_STYLE_FILL_AREA(#60610);
#60630=SURFACE_SIDE_STYLE('',(#60620));
#60640=SURFACE_STYLE_USAGE(.BOTH.,#60630);
#60650=PRESENTATION_STYLE_ASSIGNMENT((#60640));
#60660=CARTESIAN_POINT('',(-33.7000000000126,-0.850000230651901,
37.9999999999982));
#60670=DIRECTION('',(5.17275583541921E-42,-1.,-3.55943784230514E-29));
#60680=DIRECTION('',(-1.,0.,-1.45325078413766E-13));
#60690=AXIS2_PLACEMENT_3D('',#60660,#60670,#60680);
#60700=PLANE('',#60690);
#60710=ORIENTED_EDGE('',*,*,#1400,.F.);
#60720=ORIENTED_EDGE('',*,*,#60540,.F.);
#60730=ORIENTED_EDGE('',*,*,#11010,.T.);
#60740=CARTESIAN_POINT('',(-30.9018854217532,-0.850000230651901,
37.9999999999986));
#60750=DIRECTION('',(1.45325078413766E-13,3.55943784230514E-29,-1.));
#60760=VECTOR('',#60750,1.);
#60770=LINE('',#60740,#60760);
#60780=EDGE_CURVE('',#1390,#10920,#60770,.T.);
#60790=ORIENTED_EDGE('',*,*,#60780,.T.);
#60800=EDGE_LOOP('',(#60790,#60730,#60720,#60710));
#60810=FACE_OUTER_BOUND('',#60800,.T.);
#60820=ADVANCED_FACE('',(#60810),#60700,.F.);
#60830=COLOUR_RGB('',1.,0.839215755462646,0.301960796117783);
#60840=FILL_AREA_STYLE_COLOUR('',#60830);
#60850=FILL_AREA_STYLE('',(#60840));
#60860=SURFACE_STYLE_FILL_AREA(#60850);
#60870=SURFACE_SIDE_STYLE('',(#60860));
#60880=SURFACE_STYLE_USAGE(.BOTH.,#60870);
#60890=PRESENTATION_STYLE_ASSIGNMENT((#60880));
#60900=CARTESIAN_POINT('',(-30.9018854217532,-1.8500002306519,
37.9999999999986));
#60910=DIRECTION('',(-1.45325078413766E-13,-3.55943784230514E-29,1.));
#60920=DIRECTION('',(1.,-5.17275583541921E-42,1.45325078413766E-13));
#60930=AXIS2_PLACEMENT_3D('',#60900,#60910,#60920);
#60940=CYLINDRICAL_SURFACE('',#60930,1.);
#60950=ORIENTED_EDGE('',*,*,#1490,.F.);
#60960=ORIENTED_EDGE('',*,*,#60780,.F.);
#60970=ORIENTED_EDGE('',*,*,#10930,.T.);
#60980=ORIENTED_EDGE('',*,*,#24150,.T.);
#60990=EDGE_LOOP('',(#60980,#60970,#60960,#60950));
#61000=FACE_OUTER_BOUND('',#60990,.T.);
#61010=ADVANCED_FACE('',(#61000),#60940,.T.);
#61020=COLOUR_RGB('',1.,0.839215755462646,0.301960796117783);
#61030=FILL_AREA_STYLE_COLOUR('',#61020);
#61040=FILL_AREA_STYLE('',(#61030));
#61050=SURFACE_STYLE_FILL_AREA(#61040);
#61060=SURFACE_SIDE_STYLE('',(#61050));
#61070=SURFACE_STYLE_USAGE(.BOTH.,#61060);
#61080=PRESENTATION_STYLE_ASSIGNMENT((#61070));
#61090=CARTESIAN_POINT('',(-21.8403764436248,-6.85000023064853,
37.9999999999999));
#61100=DIRECTION('',(-5.17275583541921E-42,1.,3.55943784230514E-29));
#61110=DIRECTION('',(1.,0.,1.45325078413766E-13));
#61120=AXIS2_PLACEMENT_3D('',#61090,#61100,#61110);
#61130=PLANE('',#61120);
#61140=ORIENTED_EDGE('',*,*,#1150,.T.);
#61150=ORIENTED_EDGE('',*,*,#22440,.T.);
#61160=ORIENTED_EDGE('',*,*,#11260,.T.);
#61170=ORIENTED_EDGE('',*,*,#60230,.F.);
#61180=EDGE_LOOP('',(#61170,#61160,#61150,#61140));
#61190=FACE_OUTER_BOUND('',#61180,.T.);
#61200=ADVANCED_FACE('',(#61190),#61130,.F.);
#61210=COLOUR_RGB('',1.,0.839215755462646,0.301960796117783);
#61220=FILL_AREA_STYLE_COLOUR('',#61210);
#61230=FILL_AREA_STYLE('',(#61220));
#61240=SURFACE_STYLE_FILL_AREA(#61230);
#61250=SURFACE_SIDE_STYLE('',(#61240));
#61260=SURFACE_STYLE_USAGE(.BOTH.,#61250);
#61270=PRESENTATION_STYLE_ASSIGNMENT((#61260));
#61280=CARTESIAN_POINT('',(-19.1517638089702,-0.939719998309466,
38.0000000000003));
#61290=DIRECTION('',(-0.258819045102521,-0.965925826289068,
-3.76128980245E-14));
#61300=DIRECTION('',(-0.965925826289068,0.258819045102521,
-1.40373246447341E-13));
#61310=AXIS2_PLACEMENT_3D('',#61280,#61290,#61300);
#61320=PLANE('',#61310);
#61330=ORIENTED_EDGE('',*,*,#810,.T.);
#61340=ORIENTED_EDGE('',*,*,#22150,.F.);
#61350=ORIENTED_EDGE('',*,*,#11600,.T.);
#61360=ORIENTED_EDGE('',*,*,#22900,.T.);
#61370=EDGE_LOOP('',(#61360,#61350,#61340,#61330));
#61380=FACE_OUTER_BOUND('',#61370,.T.);
#61390=ADVANCED_FACE('',(#61380),#61320,.F.);
#61400=COLOUR_RGB('',1.,0.839215755462646,0.301960796117783);
#61410=FILL_AREA_STYLE_COLOUR('',#61400);
#61420=FILL_AREA_STYLE('',(#61410));
#61430=SURFACE_STYLE_FILL_AREA(#61420);
#61440=SURFACE_SIDE_STYLE('',(#61430));
#61450=SURFACE_STYLE_USAGE(.BOTH.,#61440);
#61460=PRESENTATION_STYLE_ASSIGNMENT((#61450));
#61470=ORIENTED_EDGE('',*,*,#20850,.T.);
#61480=ORIENTED_EDGE('',*,*,#20190,.F.);
#61490=ORIENTED_EDGE('',*,*,#21550,.F.);
#61500=ORIENTED_EDGE('',*,*,#21240,.F.);
#61510=EDGE_LOOP('',(#61500,#61490,#61480,#61470));
#61520=FACE_OUTER_BOUND('',#61510,.T.);
#61530=ADVANCED_FACE('',(#61520),#13700,.F.);
#61540=COLOUR_RGB('',0.823529481887817,0.823529481887817,
0.784313797950745);
#61550=FILL_AREA_STYLE_COLOUR('',#61540);
#61560=FILL_AREA_STYLE('',(#61550));
#61570=SURFACE_STYLE_FILL_AREA(#61560);
#61580=SURFACE_SIDE_STYLE('',(#61570));
#61590=SURFACE_STYLE_USAGE(.BOTH.,#61580);
#61600=PRESENTATION_STYLE_ASSIGNMENT((#61590));
#61610=CARTESIAN_POINT('',(-12.0658262487434,0.399999769352556,
38.0000000000013));
#61620=DIRECTION('',(-5.17275583541921E-42,1.,3.55943784230514E-29));
#61630=DIRECTION('',(1.,0.,1.45325078413766E-13));
#61640=AXIS2_PLACEMENT_3D('',#61610,#61620,#61630);
#61650=PLANE('',#61640);
#61660=CARTESIAN_POINT('',(-1.26476606965298E-12,0.399999769352556,
33.0000000000097));
#61670=DIRECTION('',(1.,5.17275583541921E-42,0.));
#61680=VECTOR('',#61670,1.);
#61690=LINE('',#61660,#61680);
#61700=CARTESIAN_POINT('',(-17.4456969065768,0.399999769352558,
33.0000000000097));
#61710=VERTEX_POINT('',#61700);
#61720=CARTESIAN_POINT('',(-14.4180129026689,0.399999769352556,
33.0000000000097));
#61730=VERTEX_POINT('',#61720);
#61740=EDGE_CURVE('',#61710,#61730,#61690,.T.);
#61750=ORIENTED_EDGE('',*,*,#61740,.T.);
#61760=CARTESIAN_POINT('',(-17.4456969065768,0.399999769352558,
-0.963774278624356));
#61770=DIRECTION('',(0.,0.,1.));
#61780=VECTOR('',#61770,1.);
#61790=LINE('',#61760,#61780);
#61800=CARTESIAN_POINT('',(-17.4456969065768,0.399999769352558,
27.0000000000097));
#61810=VERTEX_POINT('',#61800);
#61820=EDGE_CURVE('',#61810,#61710,#61790,.T.);
#61830=ORIENTED_EDGE('',*,*,#61820,.T.);
#61840=CARTESIAN_POINT('',(-1.26476606965298E-12,0.399999769352556,
27.0000000000097));
#61850=DIRECTION('',(1.,5.17275583541921E-42,0.));
#61860=VECTOR('',#61850,1.);
#61870=LINE('',#61840,#61860);
#61880=CARTESIAN_POINT('',(-14.4180129026689,0.399999769352556,
27.0000000000097));
#61890=VERTEX_POINT('',#61880);
#61900=EDGE_CURVE('',#61810,#61890,#61870,.T.);
#61910=ORIENTED_EDGE('',*,*,#61900,.F.);
#61920=CARTESIAN_POINT('',(-14.4180129026689,0.399999769352556,
-3.36520855626077E-9));
#61930=DIRECTION('',(1.37578665706035E-28,3.55943784230514E-29,-1.));
#61940=VECTOR('',#61930,1.);
#61950=LINE('',#61920,#61940);
#61960=EDGE_CURVE('',#61730,#61890,#61950,.T.);
#61970=ORIENTED_EDGE('',*,*,#61960,.T.);
#61980=EDGE_LOOP('',(#61970,#61910,#61830,#61750));
#61990=FACE_BOUND('',#61980,.T.);
#62000=CARTESIAN_POINT('',(-11.9999999999442,0.399999769352556,
-3.36520855626077E-9));
#62010=DIRECTION('',(1.45325078413766E-13,3.65750938417319E-29,-1.));
#62020=VECTOR('',#62010,1.);
#62030=LINE('',#62000,#62020);
#62040=EDGE_CURVE('',#290,#12020,#62030,.T.);
#62050=ORIENTED_EDGE('',*,*,#62040,.F.);
#62060=ORIENTED_EDGE('',*,*,#12030,.T.);
#62070=ORIENTED_EDGE('',*,*,#21890,.F.);
#62080=ORIENTED_EDGE('',*,*,#380,.F.);
#62090=EDGE_LOOP('',(#62080,#62070,#62060,#62050));
#62100=FACE_OUTER_BOUND('',#62090,.T.);
#62110=ADVANCED_FACE('',(#61990,#62100),#61650,.F.);
#62120=COLOUR_RGB('',1.,0.839215755462646,0.301960796117783);
#62130=FILL_AREA_STYLE_COLOUR('',#62120);
#62140=FILL_AREA_STYLE('',(#62130));
#62150=SURFACE_STYLE_FILL_AREA(#62140);
#62160=SURFACE_SIDE_STYLE('',(#62150));
#62170=SURFACE_STYLE_USAGE(.BOTH.,#62160);
#62180=PRESENTATION_STYLE_ASSIGNMENT((#62170));
#62190=ORIENTED_EDGE('',*,*,#61900,.T.);
#62200=CARTESIAN_POINT('',(-13.1964339515177,1.44955714085632,
27.0000000000097));
#62210=DIRECTION('',(0.,0.,1.));
#62220=DIRECTION('',(1.,0.,0.));
#62230=AXIS2_PLACEMENT_3D('',#62200,#62210,#62220);
#62240=CIRCLE('',#62230,4.37696314095925);
#62250=CARTESIAN_POINT('',(-17.4242556900855,0.316715720264325,
27.0000000000097));
#62260=VERTEX_POINT('',#62250);
#62270=EDGE_CURVE('',#61810,#62260,#62240,.T.);
#62280=ORIENTED_EDGE('',*,*,#62270,.F.);
#62290=CARTESIAN_POINT('',(-20.0724736696095,10.199999769365,
27.0000000000097));
#62300=DIRECTION('',(-0.258819045102521,0.965925826289068,0.));
#62310=VECTOR('',#62300,1.);
#62320=LINE('',#62290,#62310);
#62330=CARTESIAN_POINT('',(-17.2502312586535,-0.332752299598537,
27.0000000000097));
#62340=VERTEX_POINT('',#62330);
#62350=EDGE_CURVE('',#62340,#62260,#62320,.T.);
#62360=ORIENTED_EDGE('',*,*,#62350,.T.);
#62370=CARTESIAN_POINT('',(-1.26476606965298E-12,4.13023079559717,
27.0000000000097));
#62380=DIRECTION('',(0.968123556818351,0.250473109801001,0.));
#62390=VECTOR('',#62380,1.);
#62400=LINE('',#62370,#62390);
#62410=EDGE_CURVE('',#62340,#61890,#62400,.T.);
#62420=ORIENTED_EDGE('',*,*,#62410,.F.);
#62430=EDGE_LOOP('',(#62420,#62360,#62280,#62190));
#62440=FACE_OUTER_BOUND('',#62430,.T.);
#62450=ADVANCED_FACE('',(#62440),#13700,.F.);
#62460=COLOUR_RGB('',0.823529481887817,0.823529481887817,
0.784313797950745);
#62470=FILL_AREA_STYLE_COLOUR('',#62460);
#62480=FILL_AREA_STYLE('',(#62470));
#62490=SURFACE_STYLE_FILL_AREA(#62480);
#62500=SURFACE_SIDE_STYLE('',(#62490));
#62510=SURFACE_STYLE_USAGE(.BOTH.,#62500);
#62520=PRESENTATION_STYLE_ASSIGNMENT((#62510));
#62530=CARTESIAN_POINT('',(-13.1964339515177,1.44955714085632,
-0.963774278624356));
#62540=DIRECTION('',(0.,0.,1.));
#62550=DIRECTION('',(1.,0.,0.));
#62560=AXIS2_PLACEMENT_3D('',#62530,#62540,#62550);
#62570=CYLINDRICAL_SURFACE('',#62560,4.37696314095925);
#62580=CARTESIAN_POINT('',(-13.1964339515177,1.44955714085632,
33.0000000000097));
#62590=DIRECTION('',(0.,0.,1.));
#62600=DIRECTION('',(1.,0.,0.));
#62610=AXIS2_PLACEMENT_3D('',#62580,#62590,#62600);
#62620=CIRCLE('',#62610,4.37696314095925);
#62630=CARTESIAN_POINT('',(-17.4242556900855,0.316715720264327,
33.0000000000097));
#62640=VERTEX_POINT('',#62630);
#62650=EDGE_CURVE('',#61710,#62640,#62620,.T.);
#62660=ORIENTED_EDGE('',*,*,#62650,.F.);
#62670=CARTESIAN_POINT('',(-17.4242556900855,0.316715720264327,
31.9999970000097));
#62680=DIRECTION('',(0.,0.,1.));
#62690=VECTOR('',#62680,1.);
#62700=LINE('',#62670,#62690);
#62710=EDGE_CURVE('',#62260,#62640,#62700,.T.);
#62720=ORIENTED_EDGE('',*,*,#62710,.T.);
#62730=ORIENTED_EDGE('',*,*,#62270,.T.);
#62740=ORIENTED_EDGE('',*,*,#61820,.F.);
#62750=EDGE_LOOP('',(#62740,#62730,#62720,#62660));
#62760=FACE_OUTER_BOUND('',#62750,.T.);
#62770=ADVANCED_FACE('',(#62760),#62570,.T.);
#62780=COLOUR_RGB('',0.823529481887817,0.823529481887817,
0.784313797950745);
#62790=FILL_AREA_STYLE_COLOUR('',#62780);
#62800=FILL_AREA_STYLE('',(#62790));
#62810=SURFACE_STYLE_FILL_AREA(#62800);
#62820=SURFACE_SIDE_STYLE('',(#62810));
#62830=SURFACE_STYLE_USAGE(.BOTH.,#62820);
#62840=PRESENTATION_STYLE_ASSIGNMENT((#62830));
#62850=CARTESIAN_POINT('',(-1.26476606965298E-12,4.13023079559717,
33.0000000000097));
#62860=DIRECTION('',(0.968123556818351,0.250473109801001,0.));
#62870=VECTOR('',#62860,1.);
#62880=LINE('',#62850,#62870);
#62890=CARTESIAN_POINT('',(-17.2502312586535,-0.332752299598535,
33.0000000000097));
#62900=VERTEX_POINT('',#62890);
#62910=EDGE_CURVE('',#62900,#61730,#62880,.T.);
#62920=ORIENTED_EDGE('',*,*,#62910,.T.);
#62930=CARTESIAN_POINT('',(-17.3125970493652,-0.100000000008084,
33.0000000000097));
#62940=DIRECTION('',(0.258819045102521,-0.965925826289068,0.));
#62950=VECTOR('',#62940,1.);
#62960=LINE('',#62930,#62950);
#62970=EDGE_CURVE('',#62640,#62900,#62960,.T.);
#62980=ORIENTED_EDGE('',*,*,#62970,.T.);
#62990=ORIENTED_EDGE('',*,*,#62650,.T.);
#63000=ORIENTED_EDGE('',*,*,#61740,.F.);
#63010=EDGE_LOOP('',(#63000,#62990,#62980,#62920));
#63020=FACE_OUTER_BOUND('',#63010,.T.);
#63030=ADVANCED_FACE('',(#63020),#14880,.T.);
#63040=COLOUR_RGB('',0.823529481887817,0.823529481887817,
0.784313797950745);
#63050=FILL_AREA_STYLE_COLOUR('',#63040);
#63060=FILL_AREA_STYLE('',(#63050));
#63070=SURFACE_STYLE_FILL_AREA(#63060);
#63080=SURFACE_SIDE_STYLE('',(#63070));
#63090=SURFACE_STYLE_USAGE(.BOTH.,#63080);
#63100=PRESENTATION_STYLE_ASSIGNMENT((#63090));
#63110=CARTESIAN_POINT('',(-17.5786033517016,0.892749035444755,
33.0000000000097));
#63120=DIRECTION('',(-0.965925826289068,-0.258819045102521,-0.));
#63130=DIRECTION('',(-0.258819045102521,0.965925826289068,0.));
#63140=AXIS2_PLACEMENT_3D('',#63110,#63120,#63130);
#63150=PLANE('',#63140);
#63160=ORIENTED_EDGE('',*,*,#62970,.F.);
#63170=CARTESIAN_POINT('',(-17.2502312586534,-0.332752299598535,
-3.36520855626077E-9));
#63180=DIRECTION('',(0.,0.,1.));
#63190=VECTOR('',#63180,1.);
#63200=LINE('',#63170,#63190);
#63210=EDGE_CURVE('',#62340,#62900,#63200,.T.);
#63220=ORIENTED_EDGE('',*,*,#63210,.T.);
#63230=ORIENTED_EDGE('',*,*,#62350,.F.);
#63240=ORIENTED_EDGE('',*,*,#62710,.F.);
#63250=EDGE_LOOP('',(#63240,#63230,#63220,#63160));
#63260=FACE_OUTER_BOUND('',#63250,.T.);
#63270=ADVANCED_FACE('',(#63260),#63150,.T.);
#63280=COLOUR_RGB('',0.823529481887817,0.823529481887817,
0.784313797950745);
#63290=FILL_AREA_STYLE_COLOUR('',#63280);
#63300=FILL_AREA_STYLE('',(#63290));
#63310=SURFACE_STYLE_FILL_AREA(#63300);
#63320=SURFACE_SIDE_STYLE('',(#63310));
#63330=SURFACE_STYLE_USAGE(.BOTH.,#63320);
#63340=PRESENTATION_STYLE_ASSIGNMENT((#63330));
#63350=CARTESIAN_POINT('',(-17.1500000000013,-0.306820449395047,
33.0000000000097));
#63360=DIRECTION('',(0.250473109801001,-0.968123556818351,0.));
#63370=DIRECTION('',(-0.968123556818351,-0.250473109801001,0.));
#63380=AXIS2_PLACEMENT_3D('',#63350,#63360,#63370);
#63390=PLANE('',#63380);
#63400=ORIENTED_EDGE('',*,*,#61960,.F.);
#63410=ORIENTED_EDGE('',*,*,#62410,.T.);
#63420=ORIENTED_EDGE('',*,*,#63210,.F.);
#63430=ORIENTED_EDGE('',*,*,#62910,.F.);
#63440=EDGE_LOOP('',(#63430,#63420,#63410,#63400));
#63450=FACE_OUTER_BOUND('',#63440,.T.);
#63460=ADVANCED_FACE('',(#63450),#63390,.T.);
#63470=COLOUR_RGB('',0.823529481887817,0.823529481887817,
0.784313797950745);
#63480=FILL_AREA_STYLE_COLOUR('',#63470);
#63490=FILL_AREA_STYLE('',(#63480));
#63500=SURFACE_STYLE_FILL_AREA(#63490);
#63510=SURFACE_SIDE_STYLE('',(#63500));
#63520=SURFACE_STYLE_USAGE(.BOTH.,#63510);
#63530=PRESENTATION_STYLE_ASSIGNMENT((#63520));
#63540=CARTESIAN_POINT('',(-10.5707629506798,0.0170368562080252,
38.0000000000015));
#63550=DIRECTION('',(0.258819045102521,0.965925826289068,
3.76128980245E-14));
#63560=DIRECTION('',(0.965925826289068,-0.258819045102521,
1.40373246447341E-13));
#63570=AXIS2_PLACEMENT_3D('',#63540,#63550,#63560);
#63580=PLANE('',#63570);
#63590=ORIENTED_EDGE('',*,*,#300,.F.);
#63600=ORIENTED_EDGE('',*,*,#12530,.T.);
#63610=ORIENTED_EDGE('',*,*,#12110,.T.);
#63620=ORIENTED_EDGE('',*,*,#62040,.T.);
#63630=EDGE_LOOP('',(#63620,#63610,#63600,#63590));
#63640=FACE_OUTER_BOUND('',#63630,.T.);
#63650=ADVANCED_FACE('',(#63640),#63580,.F.);
#63660=COLOUR_RGB('',1.,0.839215755462646,0.301960796117783);
#63670=FILL_AREA_STYLE_COLOUR('',#63660);
#63680=FILL_AREA_STYLE('',(#63670));
#63690=SURFACE_STYLE_FILL_AREA(#63680);
#63700=SURFACE_SIDE_STYLE('',(#63690));
#63710=SURFACE_STYLE_USAGE(.BOTH.,#63700);
#63720=PRESENTATION_STYLE_ASSIGNMENT((#63710));
#63730=CARTESIAN_POINT('',(7.69999999999879,0.199999769352178,
38.0000000000042));
#63740=DIRECTION('',(-1.,0.,-1.45325078413766E-13));
#63750=DIRECTION('',(1.45325078413766E-13,3.55943784230514E-29,-1.));
#63760=AXIS2_PLACEMENT_3D('',#63730,#63740,#63750);
#63770=PLANE('',#63760);
#63780=CARTESIAN_POINT('',(7.69999999999879,0.199999769352178,
38.0000000000042));
#63790=DIRECTION('',(1.45325078413766E-13,3.55943784230514E-29,-1.));
#63800=VECTOR('',#63790,1.);
#63810=LINE('',#63780,#63800);
#63820=EDGE_CURVE('',#130,#6290,#63810,.T.);
#63830=ORIENTED_EDGE('',*,*,#63820,.F.);
#63840=ORIENTED_EDGE('',*,*,#12250,.T.);
#63850=ORIENTED_EDGE('',*,*,#12460,.T.);
#63860=ORIENTED_EDGE('',*,*,#140,.F.);
#63870=EDGE_LOOP('',(#63860,#63850,#63840,#63830));
#63880=FACE_OUTER_BOUND('',#63870,.T.);
#63890=ADVANCED_FACE('',(#63880),#63770,.F.);
#63900=COLOUR_RGB('',1.,0.839215755462646,0.301960796117783);
#63910=FILL_AREA_STYLE_COLOUR('',#63900);
#63920=FILL_AREA_STYLE('',(#63910));
#63930=SURFACE_STYLE_FILL_AREA(#63920);
#63940=SURFACE_SIDE_STYLE('',(#63930));
#63950=SURFACE_STYLE_USAGE(.BOTH.,#63940);
#63960=PRESENTATION_STYLE_ASSIGNMENT((#63950));
#63970=CARTESIAN_POINT('',(12.866062318986,-2.30635833986526E-7,
28.0000000000096));
#63980=DIRECTION('',(0.,-1.,0.));
#63990=DIRECTION('',(1.,0.,0.));
#64000=AXIS2_PLACEMENT_3D('',#63970,#63980,#63990);
#64010=PLANE('',#64000);
#64020=ORIENTED_EDGE('',*,*,#15050,.F.);
#64030=CARTESIAN_POINT('',(13.000036915202,-2.30635833986526E-7,
-3.36520855626077E-9));
#64040=DIRECTION('',(0.,0.,1.));
#64050=VECTOR('',#64040,1.);
#64060=LINE('',#64030,#64050);
#64070=CARTESIAN_POINT('',(13.000036915202,-2.30635833986526E-7,
27.0000000000097));
#64080=VERTEX_POINT('',#64070);
#64090=EDGE_CURVE('',#64080,#14940,#64060,.T.);
#64100=ORIENTED_EDGE('',*,*,#64090,.T.);
#64110=CARTESIAN_POINT('',(24.0252128480565,-2.30635833986526E-7,
27.0000000000097));
#64120=DIRECTION('',(-1.,0.,0.));
#64130=VECTOR('',#64120,1.);
#64140=LINE('',#64110,#64130);
#64150=CARTESIAN_POINT('',(10.7000369152016,-2.30635833986526E-7,
27.0000000000097));
#64160=VERTEX_POINT('',#64150);
#64170=EDGE_CURVE('',#64080,#64160,#64140,.T.);
#64180=ORIENTED_EDGE('',*,*,#64170,.F.);
#64190=CARTESIAN_POINT('',(10.7000369152016,-2.30635833986526E-7,
-3.36520855626077E-9));
#64200=DIRECTION('',(0.,0.,-1.));
#64210=VECTOR('',#64200,1.);
#64220=LINE('',#64190,#64210);
#64230=EDGE_CURVE('',#15040,#64160,#64220,.T.);
#64240=ORIENTED_EDGE('',*,*,#64230,.T.);
#64250=EDGE_LOOP('',(#64240,#64180,#64100,#64020));
#64260=FACE_OUTER_BOUND('',#64250,.T.);
#64270=ADVANCED_FACE('',(#64260),#64010,.T.);
#64280=COLOUR_RGB('',0.823529481887817,0.823529481887817,
0.784313797950745);
#64290=FILL_AREA_STYLE_COLOUR('',#64280);
#64300=FILL_AREA_STYLE('',(#64290));
#64310=SURFACE_STYLE_FILL_AREA(#64300);
#64320=SURFACE_SIDE_STYLE('',(#64310));
#64330=SURFACE_STYLE_USAGE(.BOTH.,#64320);
#64340=PRESENTATION_STYLE_ASSIGNMENT((#64330));
#64350=CARTESIAN_POINT('',(24.0252128480565,-7.69329414246771,
27.0000000000097));
#64360=DIRECTION('',(0.866025403784467,-0.49999999999995,0.));
#64370=VECTOR('',#64360,1.);
#64380=LINE('',#64350,#64370);
#64390=CARTESIAN_POINT('',(10.3536267537085,0.199999769352178,
27.0000000000097));
#64400=VERTEX_POINT('',#64390);
#64410=EDGE_CURVE('',#64400,#64160,#64380,.T.);
#64420=ORIENTED_EDGE('',*,*,#64410,.F.);
#64430=ORIENTED_EDGE('',*,*,#64170,.T.);
#64440=CARTESIAN_POINT('',(24.0252128480565,6.36538806205523,
27.0000000000097));
#64450=DIRECTION('',(-0.866025403784625,-0.499999999999678,0.));
#64460=VECTOR('',#64450,1.);
#64470=LINE('',#64440,#64460);
#64480=CARTESIAN_POINT('',(13.224193008095,0.129416349936306,
27.0000000000097));
#64490=VERTEX_POINT('',#64480);
#64500=EDGE_CURVE('',#64490,#64080,#64470,.T.);
#64510=ORIENTED_EDGE('',*,*,#64500,.T.);
#64520=CARTESIAN_POINT('',(-1.26476606965298E-12,2.4048938455949,
27.0000000000097));
#64530=DIRECTION('',(0.985516907633701,-0.169577194127355,0.));
#64540=VECTOR('',#64530,1.);
#64550=LINE('',#64520,#64540);
#64560=CARTESIAN_POINT('',(12.8139895394569,0.199999769352178,
27.0000000000097));
#64570=VERTEX_POINT('',#64560);
#64580=EDGE_CURVE('',#64570,#64490,#64550,.T.);
#64590=ORIENTED_EDGE('',*,*,#64580,.T.);
#64600=CARTESIAN_POINT('',(-1.26476606965298E-12,0.199999769352178,
27.0000000000097));
#64610=DIRECTION('',(1.,5.17275583541921E-42,0.));
#64620=VECTOR('',#64610,1.);
#64630=LINE('',#64600,#64620);
#64640=EDGE_CURVE('',#64400,#64570,#64630,.T.);
#64650=ORIENTED_EDGE('',*,*,#64640,.T.);
#64660=EDGE_LOOP('',(#64650,#64590,#64510,#64430,#64420));
#64670=FACE_OUTER_BOUND('',#64660,.T.);
#64680=ADVANCED_FACE('',(#64670),#13700,.F.);
#64690=COLOUR_RGB('',0.823529481887817,0.823529481887817,
0.784313797950745);
#64700=FILL_AREA_STYLE_COLOUR('',#64690);
#64710=FILL_AREA_STYLE('',(#64700));
#64720=SURFACE_STYLE_FILL_AREA(#64710);
#64730=SURFACE_SIDE_STYLE('',(#64720));
#64740=SURFACE_STYLE_USAGE(.BOTH.,#64730);
#64750=PRESENTATION_STYLE_ASSIGNMENT((#64740));
#64760=CARTESIAN_POINT('',(8.27516578460489,1.39999976936413,
28.0000000000096));
#64770=DIRECTION('',(0.49999999999995,0.866025403784468,-0.));
#64780=DIRECTION('',(-0.866025403784467,0.49999999999995,0.));
#64790=AXIS2_PLACEMENT_3D('',#64760,#64770,#64780);
#64800=PLANE('',#64790);
#64810=ORIENTED_EDGE('',*,*,#64410,.T.);
#64820=CARTESIAN_POINT('',(10.3536267537085,0.199999769352178,
-3.36520855626077E-9));
#64830=DIRECTION('',(-6.16512718925666E-29,3.55943784230514E-29,-1.));
#64840=VECTOR('',#64830,1.);
#64850=LINE('',#64820,#64840);
#64860=EDGE_CURVE('',#15120,#64400,#64850,.T.);
#64870=ORIENTED_EDGE('',*,*,#64860,.T.);
#64880=ORIENTED_EDGE('',*,*,#15130,.T.);
#64890=ORIENTED_EDGE('',*,*,#64230,.F.);
#64900=EDGE_LOOP('',(#64890,#64880,#64870,#64810));
#64910=FACE_OUTER_BOUND('',#64900,.T.);
#64920=ADVANCED_FACE('',(#64910),#64800,.F.);
#64930=COLOUR_RGB('',0.823529481887817,0.823529481887817,
0.784313797950745);
#64940=FILL_AREA_STYLE_COLOUR('',#64930);
#64950=FILL_AREA_STYLE('',(#64940));
#64960=SURFACE_STYLE_FILL_AREA(#64950);
#64970=SURFACE_SIDE_STYLE('',(#64960));
#64980=SURFACE_STYLE_USAGE(.BOTH.,#64970);
#64990=PRESENTATION_STYLE_ASSIGNMENT((#64980));
#65000=CARTESIAN_POINT('',(12.8139895394554,0.199999769352178,
38.0000000000049));
#65010=DIRECTION('',(-5.17275583541921E-42,1.,3.55943784230514E-29));
#65020=DIRECTION('',(1.,0.,1.45325078413766E-13));
#65030=AXIS2_PLACEMENT_3D('',#65000,#65010,#65020);
#65040=PLANE('',#65030);
#65050=ORIENTED_EDGE('',*,*,#6070,.T.);
#65060=CARTESIAN_POINT('',(12.8139895394609,0.199999769352178,
-3.36520855626077E-9));
#65070=DIRECTION('',(1.45325078413766E-13,3.48894603404881E-29,-1.));
#65080=VECTOR('',#65070,1.);
#65090=LINE('',#65060,#65080);
#65100=EDGE_CURVE('',#6000,#15200,#65090,.T.);
#65110=ORIENTED_EDGE('',*,*,#65100,.F.);
#65120=ORIENTED_EDGE('',*,*,#15210,.T.);
#65130=ORIENTED_EDGE('',*,*,#64860,.F.);
#65140=ORIENTED_EDGE('',*,*,#64640,.F.);
#65150=EDGE_CURVE('',#64570,#6310,#65090,.T.);
#65160=ORIENTED_EDGE('',*,*,#65150,.F.);
#65170=ORIENTED_EDGE('',*,*,#6320,.T.);
#65180=ORIENTED_EDGE('',*,*,#63820,.T.);
#65190=EDGE_LOOP('',(#65180,#65170,#65160,#65140,#65130,#65120,#65110,
#65050));
#65200=FACE_OUTER_BOUND('',#65190,.T.);
#65210=ADVANCED_FACE('',(#65200),#65040,.F.);
#65220=COLOUR_RGB('',1.,0.839215755462646,0.301960796117783);
#65230=FILL_AREA_STYLE_COLOUR('',#65220);
#65240=FILL_AREA_STYLE('',(#65230));
#65250=SURFACE_STYLE_FILL_AREA(#65240);
#65260=SURFACE_SIDE_STYLE('',(#65250));
#65270=SURFACE_STYLE_USAGE(.BOTH.,#65260);
#65280=PRESENTATION_STYLE_ASSIGNMENT((#65270));
#65290=CARTESIAN_POINT('',(13.9678949882294,0.00144807858393248,
38.0000000000051));
#65300=DIRECTION('',(0.169577194127355,0.985516907633701,
2.46438190337443E-14));
#65310=DIRECTION('',(0.985516907633701,-0.169577194127355,
1.4322032187996E-13));
#65320=AXIS2_PLACEMENT_3D('',#65290,#65300,#65310);
#65330=PLANE('',#65320);
#65340=ORIENTED_EDGE('',*,*,#64580,.F.);
#65350=CARTESIAN_POINT('',(13.2241930080959,0.129416349936826,
-3.36520855626077E-9));
#65360=DIRECTION('',(3.33671342092263E-14,1.92645239177666E-14,-1.));
#65370=VECTOR('',#65360,1.);
#65380=LINE('',#65350,#65370);
#65390=EDGE_CURVE('',#14960,#64490,#65380,.T.);
#65400=ORIENTED_EDGE('',*,*,#65390,.T.);
#65410=ORIENTED_EDGE('',*,*,#15270,.T.);
#65420=ORIENTED_EDGE('',*,*,#65100,.T.);
#65430=ORIENTED_EDGE('',*,*,#6010,.F.);
#65440=ORIENTED_EDGE('',*,*,#12830,.T.);
#65450=ORIENTED_EDGE('',*,*,#6400,.T.);
#65460=ORIENTED_EDGE('',*,*,#65150,.T.);
#65470=EDGE_LOOP('',(#65460,#65450,#65440,#65430,#65420,#65410,#65400,
#65340));
#65480=FACE_OUTER_BOUND('',#65470,.T.);
#65490=ADVANCED_FACE('',(#65480),#65330,.F.);
#65500=COLOUR_RGB('',1.,0.839215755462646,0.301960796117783);
#65510=FILL_AREA_STYLE_COLOUR('',#65500);
#65520=FILL_AREA_STYLE('',(#65510));
#65530=SURFACE_STYLE_FILL_AREA(#65520);
#65540=SURFACE_SIDE_STYLE('',(#65530));
#65550=SURFACE_STYLE_USAGE(.BOTH.,#65540);
#65560=PRESENTATION_STYLE_ASSIGNMENT((#65550));
#65570=CARTESIAN_POINT('',(13.6500369152014,0.37527744433674,
28.0000000000096));
#65580=DIRECTION('',(0.499999999999678,-0.866025403784625,0.));
#65590=DIRECTION('',(0.866025403784625,0.499999999999678,0.));
#65600=AXIS2_PLACEMENT_3D('',#65570,#65580,#65590);
#65610=PLANE('',#65600);
#65620=ORIENTED_EDGE('',*,*,#14970,.F.);
#65630=ORIENTED_EDGE('',*,*,#65390,.F.);
#65640=ORIENTED_EDGE('',*,*,#64500,.F.);
#65650=ORIENTED_EDGE('',*,*,#64090,.F.);
#65660=EDGE_LOOP('',(#65650,#65640,#65630,#65620));
#65670=FACE_OUTER_BOUND('',#65660,.T.);
#65680=ADVANCED_FACE('',(#65670),#65610,.T.);
#65690=COLOUR_RGB('',1.,0.839215755462646,0.301960796117783);
#65700=FILL_AREA_STYLE_COLOUR('',#65690);
#65710=FILL_AREA_STYLE('',(#65700));
#65720=SURFACE_STYLE_FILL_AREA(#65710);
#65730=SURFACE_SIDE_STYLE('',(#65720));
#65740=SURFACE_STYLE_USAGE(.BOTH.,#65730);
#65750=PRESENTATION_STYLE_ASSIGNMENT((#65740));
#65760=CARTESIAN_POINT('',(-6.35000000007138,43.9254545830382,
36.800000001671));
#65770=DIRECTION('',(1.,-1.22464679914735E-16,4.81278573008795E-32));
#65780=DIRECTION('',(-2.77333911991762E-32,1.66533453693773E-16,1.));
#65790=AXIS2_PLACEMENT_3D('',#65760,#65770,#65780);
#65800=PLANE('',#65790);
#65810=ORIENTED_EDGE('',*,*,#46980,.F.);
#65820=ORIENTED_EDGE('',*,*,#40380,.F.);
#65830=CARTESIAN_POINT('',(-6.35000000007139,-7.105427357601E-15,
36.800000001671));
#65840=DIRECTION('',(-1.22464679914735E-16,-1.,1.66533453693773E-16));
#65850=VECTOR('',#65840,1.);
#65860=LINE('',#65830,#65850);
#65870=EDGE_CURVE('',#47210,#40290,#65860,.T.);
#65880=ORIENTED_EDGE('',*,*,#65870,.T.);
#65890=ORIENTED_EDGE('',*,*,#47220,.T.);
#65900=EDGE_LOOP('',(#65890,#65880,#65820,#65810));
#65910=FACE_OUTER_BOUND('',#65900,.T.);
#65920=ADVANCED_FACE('',(#65910),#65800,.T.);
#65930=COLOUR_RGB('',0.313725501298904,0.784313797950745,
0.313725501298904);
#65940=FILL_AREA_STYLE_COLOUR('',#65930);
#65950=FILL_AREA_STYLE('',(#65940));
#65960=SURFACE_STYLE_FILL_AREA(#65950);
#65970=SURFACE_SIDE_STYLE('',(#65960));
#65980=SURFACE_STYLE_USAGE(.BOTH.,#65970);
#65990=PRESENTATION_STYLE_ASSIGNMENT((#65980));
#66000=CARTESIAN_POINT('',(-2.45000000007137,38.6654545830383,
36.800000001671));
#66010=DIRECTION('',(1.,-1.22464679914735E-16,4.81278573008795E-32));
#66020=DIRECTION('',(-2.77333911991762E-32,1.66533453693773E-16,1.));
#66030=AXIS2_PLACEMENT_3D('',#66000,#66010,#66020);
#66040=PLANE('',#66030);
#66050=CARTESIAN_POINT('',(-2.45000000007137,38.6654545830382,0.));
#66060=DIRECTION('',(2.46519032881566E-32,-1.66533453693773E-16,-1.));
#66070=VECTOR('',#66060,1.);
#66080=LINE('',#66050,#66070);
#66090=CARTESIAN_POINT('',(-2.45000000007137,38.6654545830383,
36.800000001671));
#66100=VERTEX_POINT('',#66090);
#66110=CARTESIAN_POINT('',(-2.45000000007137,38.6654545830383,
23.200000001671));
#66120=VERTEX_POINT('',#66110);
#66130=EDGE_CURVE('',#66100,#66120,#66080,.T.);
#66140=ORIENTED_EDGE('',*,*,#66130,.T.);
#66150=CARTESIAN_POINT('',(-2.45000000007138,0.,36.800000001671));
#66160=DIRECTION('',(1.22464679914735E-16,1.,-1.66533453693773E-16));
#66170=VECTOR('',#66160,1.);
#66180=LINE('',#66150,#66170);
#66190=EDGE_CURVE('',#40190,#66100,#66180,.T.);
#66200=ORIENTED_EDGE('',*,*,#66190,.T.);
#66210=ORIENTED_EDGE('',*,*,#40220,.F.);
#66220=CARTESIAN_POINT('',(-2.45000000007138,0.,23.200000001671));
#66230=DIRECTION('',(-1.22464679914735E-16,-1.,1.66533453693773E-16));
#66240=VECTOR('',#66230,1.);
#66250=LINE('',#66220,#66240);
#66260=EDGE_CURVE('',#66120,#40210,#66250,.T.);
#66270=ORIENTED_EDGE('',*,*,#66260,.T.);
#66280=EDGE_LOOP('',(#66270,#66210,#66200,#66140));
#66290=FACE_OUTER_BOUND('',#66280,.T.);
#66300=ADVANCED_FACE('',(#66290),#66040,.F.);
#66310=COLOUR_RGB('',0.313725501298904,0.784313797950745,
0.313725501298904);
#66320=FILL_AREA_STYLE_COLOUR('',#66310);
#66330=FILL_AREA_STYLE('',(#66320));
#66340=SURFACE_STYLE_FILL_AREA(#66330);
#66350=SURFACE_SIDE_STYLE('',(#66340));
#66360=SURFACE_STYLE_USAGE(.BOTH.,#66350);
#66370=PRESENTATION_STYLE_ASSIGNMENT((#66360));
#66380=CARTESIAN_POINT('',(-1.75000000007138,38.6654545830383,
23.200000001671));
#66390=DIRECTION('',(-1.,1.22464679914735E-16,-4.81278573008795E-32));
#66400=DIRECTION('',(2.77333911991762E-32,-1.66533453693773E-16,-1.));
#66410=AXIS2_PLACEMENT_3D('',#66380,#66390,#66400);
#66420=PLANE('',#66410);
#66430=CARTESIAN_POINT('',(-1.75000000007138,32.6000000000027,0.));
#66440=DIRECTION('',(-4.81278573008795E-32,0.,1.));
#66450=VECTOR('',#66440,1.);
#66460=LINE('',#66430,#66450);
#66470=CARTESIAN_POINT('',(-1.75000000007138,32.6000000000027,
23.200000001671));
#66480=VERTEX_POINT('',#66470);
#66490=CARTESIAN_POINT('',(-1.75000000007138,32.6000000000027,
36.800000001671));
#66500=VERTEX_POINT('',#66490);
#66510=EDGE_CURVE('',#66480,#66500,#66460,.T.);
#66520=ORIENTED_EDGE('',*,*,#66510,.F.);
#66530=CARTESIAN_POINT('',(-1.75000000007138,0.,36.800000001671));
#66540=DIRECTION('',(1.22464679914735E-16,1.,-1.66533453693773E-16));
#66550=VECTOR('',#66540,1.);
#66560=LINE('',#66530,#66550);
#66570=CARTESIAN_POINT('',(-1.75000000007138,38.6654545830383,
36.800000001671));
#66580=VERTEX_POINT('',#66570);
#66590=EDGE_CURVE('',#66500,#66580,#66560,.T.);
#66600=ORIENTED_EDGE('',*,*,#66590,.F.);
#66610=CARTESIAN_POINT('',(-1.75000000007138,38.6654545830382,0.));
#66620=DIRECTION('',(-2.46519032881566E-32,1.66533453693773E-16,1.));
#66630=VECTOR('',#66620,1.);
#66640=LINE('',#66610,#66630);
#66650=CARTESIAN_POINT('',(-1.75000000007138,38.6654545830383,
23.200000001671));
#66660=VERTEX_POINT('',#66650);
#66670=EDGE_CURVE('',#66660,#66580,#66640,.T.);
#66680=ORIENTED_EDGE('',*,*,#66670,.T.);
#66690=CARTESIAN_POINT('',(-1.75000000007138,0.,23.200000001671));
#66700=DIRECTION('',(-1.22464679914735E-16,-1.,1.66533453693773E-16));
#66710=VECTOR('',#66700,1.);
#66720=LINE('',#66690,#66710);
#66730=EDGE_CURVE('',#66660,#66480,#66720,.T.);
#66740=ORIENTED_EDGE('',*,*,#66730,.F.);
#66750=EDGE_LOOP('',(#66740,#66680,#66600,#66520));
#66760=FACE_OUTER_BOUND('',#66750,.T.);
#66770=ADVANCED_FACE('',(#66760),#66420,.F.);
#66780=COLOUR_RGB('',0.313725501298904,0.784313797950745,
0.313725501298904);
#66790=FILL_AREA_STYLE_COLOUR('',#66780);
#66800=FILL_AREA_STYLE('',(#66790));
#66810=SURFACE_STYLE_FILL_AREA(#66800);
#66820=SURFACE_SIDE_STYLE('',(#66810));
#66830=SURFACE_STYLE_USAGE(.BOTH.,#66820);
#66840=PRESENTATION_STYLE_ASSIGNMENT((#66830));
#66850=CARTESIAN_POINT('',(-2.10000000007138,38.6654545830383,
30.000000001671));
#66860=DIRECTION('',(1.22464679914735E-16,1.,-1.66533453693773E-16));
#66870=DIRECTION('',(1.,-1.22464679914735E-16,4.81278573008795E-32));
#66880=AXIS2_PLACEMENT_3D('',#66850,#66860,#66870);
#66890=PLANE('',#66880);
#66900=ORIENTED_EDGE('',*,*,#66130,.F.);
#66910=CARTESIAN_POINT('',(0.,38.6654545830383,23.200000001671));
#66920=DIRECTION('',(-1.,1.22464679914735E-16,-4.93038065763132E-32));
#66930=VECTOR('',#66920,1.);
#66940=LINE('',#66910,#66930);
#66950=EDGE_CURVE('',#66660,#66120,#66940,.T.);
#66960=ORIENTED_EDGE('',*,*,#66950,.T.);
#66970=ORIENTED_EDGE('',*,*,#66670,.F.);
#66980=CARTESIAN_POINT('',(0.,38.6654545830383,36.800000001671));
#66990=DIRECTION('',(-1.,1.22464679914735E-16,-4.93038065763132E-32));
#67000=VECTOR('',#66990,1.);
#67010=LINE('',#66980,#67000);
#67020=EDGE_CURVE('',#66580,#66100,#67010,.T.);
#67030=ORIENTED_EDGE('',*,*,#67020,.F.);
#67040=EDGE_LOOP('',(#67030,#66970,#66960,#66900));
#67050=FACE_OUTER_BOUND('',#67040,.T.);
#67060=ADVANCED_FACE('',(#67050),#66890,.T.);
#67070=COLOUR_RGB('',0.313725501298904,0.784313797950745,
0.313725501298904);
#67080=FILL_AREA_STYLE_COLOUR('',#67070);
#67090=FILL_AREA_STYLE('',(#67080));
#67100=SURFACE_STYLE_FILL_AREA(#67090);
#67110=SURFACE_SIDE_STYLE('',(#67100));
#67120=SURFACE_STYLE_USAGE(.BOTH.,#67110);
#67130=PRESENTATION_STYLE_ASSIGNMENT((#67120));
#67140=ORIENTED_EDGE('',*,*,#46500,.T.);
#67150=ORIENTED_EDGE('',*,*,#39820,.F.);
#67160=CARTESIAN_POINT('',(2.14999999992328,32.6000000000027,
25.199999998297));
#67170=VERTEX_POINT('',#67160);
#67180=EDGE_CURVE('',#39730,#67170,#40590,.T.);
#67190=ORIENTED_EDGE('',*,*,#67180,.F.);
#67200=CARTESIAN_POINT('',(2.14999999992328,0.,25.199999998297));
#67210=DIRECTION('',(-1.22464679914735E-16,-1.,0.));
#67220=VECTOR('',#67210,1.);
#67230=LINE('',#67200,#67220);
#67240=EDGE_CURVE('',#46490,#67170,#67230,.T.);
#67250=ORIENTED_EDGE('',*,*,#67240,.T.);
#67260=EDGE_LOOP('',(#67250,#67190,#67150,#67140));
#67270=FACE_OUTER_BOUND('',#67260,.T.);
#67280=ADVANCED_FACE('',(#67270),#46130,.T.);
#67290=COLOUR_RGB('',0.313725501298904,0.784313797950745,
0.313725501298904);
#67300=FILL_AREA_STYLE_COLOUR('',#67290);
#67310=FILL_AREA_STYLE('',(#67300));
#67320=SURFACE_STYLE_FILL_AREA(#67310);
#67330=SURFACE_SIDE_STYLE('',(#67320));
#67340=SURFACE_STYLE_USAGE(.BOTH.,#67330);
#67350=PRESENTATION_STYLE_ASSIGNMENT((#67340));
#67360=CARTESIAN_POINT('',(2.14999999992327,32.6000000000027,
34.7999999982924));
#67370=VERTEX_POINT('',#67360);
#67380=EDGE_CURVE('',#67370,#39650,#40430,.T.);
#67390=ORIENTED_EDGE('',*,*,#67380,.F.);
#67400=ORIENTED_EDGE('',*,*,#39660,.T.);
#67410=ORIENTED_EDGE('',*,*,#47400,.F.);
#67420=CARTESIAN_POINT('',(2.14999999992327,0.,34.7999999982924));
#67430=DIRECTION('',(1.22464679914735E-16,1.,0.));
#67440=VECTOR('',#67430,1.);
#67450=LINE('',#67420,#67440);
#67460=EDGE_CURVE('',#67370,#47370,#67450,.T.);
#67470=ORIENTED_EDGE('',*,*,#67460,.T.);
#67480=EDGE_LOOP('',(#67470,#67410,#67400,#67390));
#67490=FACE_OUTER_BOUND('',#67480,.T.);
#67500=ADVANCED_FACE('',(#67490),#46890,.T.);
#67510=COLOUR_RGB('',0.313725501298904,0.784313797950745,
0.313725501298904);
#67520=FILL_AREA_STYLE_COLOUR('',#67510);
#67530=FILL_AREA_STYLE('',(#67520));
#67540=SURFACE_STYLE_FILL_AREA(#67530);
#67550=SURFACE_SIDE_STYLE('',(#67540));
#67560=SURFACE_STYLE_USAGE(.BOTH.,#67550);
#67570=PRESENTATION_STYLE_ASSIGNMENT((#67560));
#67580=CARTESIAN_POINT('',(2.14999999992328,43.9254545830382,
23.200000001671));
#67590=DIRECTION('',(-1.,1.22464679914735E-16,-4.81278573008795E-32));
#67600=DIRECTION('',(2.77333911991762E-32,-1.66533453693773E-16,-1.));
#67610=AXIS2_PLACEMENT_3D('',#67580,#67590,#67600);
#67620=PLANE('',#67610);
#67630=ORIENTED_EDGE('',*,*,#67240,.F.);
#67640=CARTESIAN_POINT('',(2.14999999992328,32.6000000000027,0.));
#67650=DIRECTION('',(4.81278573008795E-32,0.,-1.));
#67660=VECTOR('',#67650,1.);
#67670=LINE('',#67640,#67660);
#67680=CARTESIAN_POINT('',(2.14999999992328,32.6000000000027,
23.200000001671));
#67690=VERTEX_POINT('',#67680);
#67700=EDGE_CURVE('',#67170,#67690,#67670,.T.);
#67710=ORIENTED_EDGE('',*,*,#67700,.F.);
#67720=CARTESIAN_POINT('',(2.14999999992328,-7.105427357601E-15,
23.200000001671));
#67730=DIRECTION('',(-1.22464679914735E-16,-1.,1.66533453693773E-16));
#67740=VECTOR('',#67730,1.);
#67750=LINE('',#67720,#67740);
#67760=EDGE_CURVE('',#46570,#67690,#67750,.T.);
#67770=ORIENTED_EDGE('',*,*,#67760,.T.);
#67780=ORIENTED_EDGE('',*,*,#46580,.T.);
#67790=EDGE_LOOP('',(#67780,#67770,#67710,#67630));
#67800=FACE_OUTER_BOUND('',#67790,.T.);
#67810=ADVANCED_FACE('',(#67800),#67620,.T.);
#67820=COLOUR_RGB('',0.313725501298904,0.784313797950745,
0.313725501298904);
#67830=FILL_AREA_STYLE_COLOUR('',#67820);
#67840=FILL_AREA_STYLE('',(#67830));
#67850=SURFACE_STYLE_FILL_AREA(#67840);
#67860=SURFACE_SIDE_STYLE('',(#67850));
#67870=SURFACE_STYLE_USAGE(.BOTH.,#67860);
#67880=PRESENTATION_STYLE_ASSIGNMENT((#67870));
#67890=CARTESIAN_POINT('',(-6.35000000007138,43.9254545830382,
23.200000001671));
#67900=DIRECTION('',(-2.77333911991762E-32,1.66533453693773E-16,1.));
#67910=DIRECTION('',(-1.,1.22464679914735E-16,-4.81278573008795E-32));
#67920=AXIS2_PLACEMENT_3D('',#67890,#67900,#67910);
#67930=PLANE('',#67920);
#67940=ORIENTED_EDGE('',*,*,#67760,.F.);
#67950=EDGE_CURVE('',#66480,#67690,#40750,.T.);
#67960=ORIENTED_EDGE('',*,*,#67950,.T.);
#67970=ORIENTED_EDGE('',*,*,#66730,.T.);
#67980=ORIENTED_EDGE('',*,*,#66950,.F.);
#67990=ORIENTED_EDGE('',*,*,#66260,.F.);
#68000=ORIENTED_EDGE('',*,*,#40760,.T.);
#68010=CARTESIAN_POINT('',(-6.35000000007138,-7.105427357601E-15,
23.200000001671));
#68020=DIRECTION('',(-1.22464679914735E-16,-1.,1.66533453693773E-16));
#68030=VECTOR('',#68020,1.);
#68040=LINE('',#68010,#68030);
#68050=EDGE_CURVE('',#46650,#40690,#68040,.T.);
#68060=ORIENTED_EDGE('',*,*,#68050,.T.);
#68070=ORIENTED_EDGE('',*,*,#46660,.T.);
#68080=EDGE_LOOP('',(#68070,#68060,#68000,#67990,#67980,#67970,#67960,
#67940));
#68090=FACE_OUTER_BOUND('',#68080,.T.);
#68100=ADVANCED_FACE('',(#68090),#67930,.T.);
#68110=COLOUR_RGB('',0.313725501298904,0.784313797950745,
0.313725501298904);
#68120=FILL_AREA_STYLE_COLOUR('',#68110);
#68130=FILL_AREA_STYLE('',(#68120));
#68140=SURFACE_STYLE_FILL_AREA(#68130);
#68150=SURFACE_SIDE_STYLE('',(#68140));
#68160=SURFACE_STYLE_USAGE(.BOTH.,#68150);
#68170=PRESENTATION_STYLE_ASSIGNMENT((#68160));
#68180=CARTESIAN_POINT('',(-6.35000000007138,43.9254545830382,
25.2000000016733));
#68190=DIRECTION('',(1.,-1.22464679914735E-16,4.81278573008795E-32));
#68200=DIRECTION('',(-2.77333911991762E-32,1.66533453693773E-16,1.));
#68210=AXIS2_PLACEMENT_3D('',#68180,#68190,#68200);
#68220=PLANE('',#68210);
#68230=ORIENTED_EDGE('',*,*,#68050,.F.);
#68240=ORIENTED_EDGE('',*,*,#40700,.F.);
#68250=ORIENTED_EDGE('',*,*,#46200,.F.);
#68260=ORIENTED_EDGE('',*,*,#46720,.T.);
#68270=EDGE_LOOP('',(#68260,#68250,#68240,#68230));
#68280=FACE_OUTER_BOUND('',#68270,.T.);
#68290=ADVANCED_FACE('',(#68280),#68220,.T.);
#68300=COLOUR_RGB('',0.313725501298904,0.784313797950745,
0.313725501298904);
#68310=FILL_AREA_STYLE_COLOUR('',#68300);
#68320=FILL_AREA_STYLE('',(#68310));
#68330=SURFACE_STYLE_FILL_AREA(#68320);
#68340=SURFACE_SIDE_STYLE('',(#68330));
#68350=SURFACE_STYLE_USAGE(.BOTH.,#68340);
#68360=PRESENTATION_STYLE_ASSIGNMENT((#68350));
#68370=CARTESIAN_POINT('',(2.14999999992327,43.9254545830382,
36.800000001671));
#68380=DIRECTION('',(2.77333911991762E-32,-1.66533453693773E-16,-1.));
#68390=DIRECTION('',(1.,-1.22464679914735E-16,4.81278573008795E-32));
#68400=AXIS2_PLACEMENT_3D('',#68370,#68380,#68390);
#68410=PLANE('',#68400);
#68420=ORIENTED_EDGE('',*,*,#65870,.F.);
#68430=ORIENTED_EDGE('',*,*,#40300,.T.);
#68440=ORIENTED_EDGE('',*,*,#66190,.F.);
#68450=ORIENTED_EDGE('',*,*,#67020,.T.);
#68460=ORIENTED_EDGE('',*,*,#66590,.T.);
#68470=CARTESIAN_POINT('',(2.14999999992327,32.6000000000027,
36.800000001671));
#68480=VERTEX_POINT('',#68470);
#68490=EDGE_CURVE('',#68480,#66500,#40270,.T.);
#68500=ORIENTED_EDGE('',*,*,#68490,.T.);
#68510=CARTESIAN_POINT('',(2.14999999992327,-7.105427357601E-15,
36.800000001671));
#68520=DIRECTION('',(-1.22464679914735E-16,-1.,1.66533453693773E-16));
#68530=VECTOR('',#68520,1.);
#68540=LINE('',#68510,#68530);
#68550=EDGE_CURVE('',#47290,#68480,#68540,.T.);
#68560=ORIENTED_EDGE('',*,*,#68550,.T.);
#68570=ORIENTED_EDGE('',*,*,#47300,.T.);
#68580=EDGE_LOOP('',(#68570,#68560,#68500,#68460,#68450,#68440,#68430,
#68420));
#68590=FACE_OUTER_BOUND('',#68580,.T.);
#68600=ADVANCED_FACE('',(#68590),#68410,.T.);
#68610=COLOUR_RGB('',0.313725501298904,0.784313797950745,
0.313725501298904);
#68620=FILL_AREA_STYLE_COLOUR('',#68610);
#68630=FILL_AREA_STYLE('',(#68620));
#68640=SURFACE_STYLE_FILL_AREA(#68630);
#68650=SURFACE_SIDE_STYLE('',(#68640));
#68660=SURFACE_STYLE_USAGE(.BOTH.,#68650);
#68670=PRESENTATION_STYLE_ASSIGNMENT((#68660));
#68680=CARTESIAN_POINT('',(2.14999999992327,32.6000000000027,0.));
#68690=DIRECTION('',(4.81278573008795E-32,0.,-1.));
#68700=VECTOR('',#68690,1.);
#68710=LINE('',#68680,#68700);
#68720=EDGE_CURVE('',#68480,#67370,#68710,.T.);
#68730=ORIENTED_EDGE('',*,*,#68720,.T.);
#68740=ORIENTED_EDGE('',*,*,#68490,.F.);
#68750=ORIENTED_EDGE('',*,*,#66510,.T.);
#68760=ORIENTED_EDGE('',*,*,#67950,.F.);
#68770=ORIENTED_EDGE('',*,*,#67700,.T.);
#68780=ORIENTED_EDGE('',*,*,#67180,.T.);
#68790=ORIENTED_EDGE('',*,*,#39740,.T.);
#68800=ORIENTED_EDGE('',*,*,#67380,.T.);
#68810=EDGE_LOOP('',(#68800,#68790,#68780,#68770,#68760,#68750,#68740,
#68730));
#68820=FACE_OUTER_BOUND('',#68810,.T.);
#68830=ORIENTED_EDGE('',*,*,#42760,.F.);
#68840=ORIENTED_EDGE('',*,*,#42430,.T.);
#68850=ORIENTED_EDGE('',*,*,#41350,.T.);
#68860=ORIENTED_EDGE('',*,*,#41730,.T.);
#68870=EDGE_LOOP('',(#68860,#68850,#68840,#68830));
#68880=FACE_BOUND('',#68870,.T.);
#68890=ORIENTED_EDGE('',*,*,#45320,.T.);
#68900=ORIENTED_EDGE('',*,*,#44820,.F.);
#68910=ORIENTED_EDGE('',*,*,#44120,.T.);
#68920=ORIENTED_EDGE('',*,*,#43740,.T.);
#68930=EDGE_LOOP('',(#68920,#68910,#68900,#68890));
#68940=FACE_BOUND('',#68930,.T.);
#68950=ADVANCED_FACE('',(#68820,#68880,#68940),#40130,.T.);
#68960=COLOUR_RGB('',0.823529481887817,0.823529481887817,
0.784313797950745);
#68970=FILL_AREA_STYLE_COLOUR('',#68960);
#68980=FILL_AREA_STYLE('',(#68970));
#68990=SURFACE_STYLE_FILL_AREA(#68980);
#69000=SURFACE_SIDE_STYLE('',(#68990));
#69010=SURFACE_STYLE_USAGE(.BOTH.,#69000);
#69020=PRESENTATION_STYLE_ASSIGNMENT((#69010));
#69030=CARTESIAN_POINT('',(2.14999999992327,43.9254545830382,
34.8000000016687));
#69040=DIRECTION('',(-1.,1.22464679914735E-16,-4.81278573008795E-32));
#69050=DIRECTION('',(2.77333911991762E-32,-1.66533453693773E-16,-1.));
#69060=AXIS2_PLACEMENT_3D('',#69030,#69040,#69050);
#69070=PLANE('',#69060);
#69080=ORIENTED_EDGE('',*,*,#68550,.F.);
#69090=ORIENTED_EDGE('',*,*,#68720,.F.);
#69100=ORIENTED_EDGE('',*,*,#67460,.F.);
#69110=ORIENTED_EDGE('',*,*,#47380,.T.);
#69120=EDGE_LOOP('',(#69110,#69100,#69090,#69080));
#69130=FACE_OUTER_BOUND('',#69120,.T.);
#69140=ADVANCED_FACE('',(#69130),#69070,.T.);
#69150=COLOUR_RGB('',0.313725501298904,0.784313797950745,
0.313725501298904);
#69160=FILL_AREA_STYLE_COLOUR('',#69150);
#69170=FILL_AREA_STYLE('',(#69160));
#69180=SURFACE_STYLE_FILL_AREA(#69170);
#69190=SURFACE_SIDE_STYLE('',(#69180));
#69200=SURFACE_STYLE_USAGE(.BOTH.,#69190);
#69210=PRESENTATION_STYLE_ASSIGNMENT((#69200));
#69220=CARTESIAN_POINT('',(12.0499999999979,58.2000000000138,
29.9999999982947));
#69230=DIRECTION('',(0.,-1.,0.));
#69240=DIRECTION('',(-0.707106781186548,-1.49195211367618E-32,
-0.707106781186547));
#69250=AXIS2_PLACEMENT_3D('',#69220,#69230,#69240);
#69260=CYLINDRICAL_SURFACE('',#69250,3.59999999999998);
#69270=ORIENTED_EDGE('',*,*,#37380,.T.);
#69280=ORIENTED_EDGE('',*,*,#36970,.F.);
#69290=ORIENTED_EDGE('',*,*,#37870,.F.);
#69300=ORIENTED_EDGE('',*,*,#38960,.T.);
#69310=ORIENTED_EDGE('',*,*,#38830,.F.);
#69320=ORIENTED_EDGE('',*,*,#39160,.T.);
#69330=ORIENTED_EDGE('',*,*,#38260,.T.);
#69340=ORIENTED_EDGE('',*,*,#38450,.T.);
#69350=EDGE_LOOP('',(#69340,#69330,#69320,#69310,#69300,#69290,#69280,
#69270));
#69360=FACE_OUTER_BOUND('',#69350,.T.);
#69370=ADVANCED_FACE('',(#69360),#69260,.F.);
#69380=COLOUR_RGB('',0.313725501298904,0.784313797950745,
0.313725501298904);
#69390=FILL_AREA_STYLE_COLOUR('',#69380);
#69400=FILL_AREA_STYLE('',(#69390));
#69410=SURFACE_STYLE_FILL_AREA(#69400);
#69420=SURFACE_SIDE_STYLE('',(#69410));
#69430=SURFACE_STYLE_USAGE(.BOTH.,#69420);
#69440=PRESENTATION_STYLE_ASSIGNMENT((#69430));
#69450=CARTESIAN_POINT('',(-16.2499999999967,58.2000000000138,
29.9999999982947));
#69460=DIRECTION('',(0.,-1.,0.));
#69470=DIRECTION('',(0.707106781186548,1.49195211367618E-32,
0.707106781186547));
#69480=AXIS2_PLACEMENT_3D('',#69450,#69460,#69470);
#69490=CYLINDRICAL_SURFACE('',#69480,3.59999999999998);
#69500=ORIENTED_EDGE('',*,*,#49120,.T.);
#69510=ORIENTED_EDGE('',*,*,#48870,.F.);
#69520=ORIENTED_EDGE('',*,*,#49340,.T.);
#69530=ORIENTED_EDGE('',*,*,#49660,.T.);
#69540=ORIENTED_EDGE('',*,*,#49800,.T.);
#69550=ORIENTED_EDGE('',*,*,#48060,.T.);
#69560=ORIENTED_EDGE('',*,*,#47700,.F.);
#69570=ORIENTED_EDGE('',*,*,#48550,.F.);
#69580=EDGE_LOOP('',(#69570,#69560,#69550,#69540,#69530,#69520,#69510,
#69500));
#69590=FACE_OUTER_BOUND('',#69580,.T.);
#69600=ADVANCED_FACE('',(#69590),#69490,.F.);
#69610=COLOUR_RGB('',0.313725501298904,0.784313797950745,
0.313725501298904);
#69620=FILL_AREA_STYLE_COLOUR('',#69610);
#69630=FILL_AREA_STYLE('',(#69620));
#69640=SURFACE_STYLE_FILL_AREA(#69630);
#69650=SURFACE_SIDE_STYLE('',(#69640));
#69660=SURFACE_STYLE_USAGE(.BOTH.,#69650);
#69670=PRESENTATION_STYLE_ASSIGNMENT((#69660));
#69680=CLOSED_SHELL('',(#6110,#12290,#12580,#12870,#13110,#13580,#14450,
#14760,#15310,#16060,#16300,#16630,#16870,#17160,#17500,#17740,#17980,
#18220,#18410,#18560,#18710,#18860,#19010,#19150,#19340,#19580,#19820,
#20290,#20640,#20950,#21370,#21710,#21950,#22190,#22480,#22720,#22960,
#23250,#23490,#23730,#23970,#24210,#24500,#24790,#25030,#25270,#25560,
#25750,#26040,#26330,#26620,#26910,#27150,#27390,#27630,#27920,#28790,
#29080,#29460,#30240,#30530,#30720,#30960,#31520,#32150,#32440,#32840,
#33080,#33480,#33930,#34330,#34690,#34900,#35090,#35280,#35470,#35660,
#35940,#36130,#36320,#36510,#36750,#37180,#37920,#38300,#38490,#38870,
#39010,#39210,#39450,#40010,#40800,#41390,#41770,#42160,#42470,#42800,
#43040,#43230,#43780,#44160,#44470,#44860,#45150,#45390,#45580,#46010,
#46320,#46770,#47080,#47480,#47860,#48600,#48980,#49170,#49390,#49700,
#49840,#50030,#50220,#50600,#50910,#51410,#52190,#52830,#53390,#53680,
#54080,#54550,#54790,#55260,#55890,#56180,#56440,#56680,#56940,#57180,
#57440,#57630,#57960,#58150,#58340,#58480,#59040,#59480,#59670,#59920,
#60050,#60340,#60580,#60820,#61010,#61200,#61390,#61530,#62110,#62450,
#62770,#63030,#63270,#63460,#63650,#63890,#64270,#64680,#64920,#65210,
#65490,#65680,#65920,#66300,#66770,#67060,#67280,#67500,#67810,#68100,
#68290,#68600,#68950,#69140,#69370,#69600));
#69690=MANIFOLD_SOLID_BREP('',#69680);
#69700=CARTESIAN_POINT('',(0.,0.,0.));
#69710=DIRECTION('',(0.,0.,1.));
#69720=DIRECTION('',(1.,0.,0.));
#69730=AXIS2_PLACEMENT_3D('',#69700,#69710,#69720);
#69740=APPLICATION_CONTEXT(' ');
#69750=APPLICATION_PROTOCOL_DEFINITION(' ','automotive_design',1998,
#69740);
#69760=PRODUCT_CONTEXT('',#69740,'mechanical');
#69770=PRODUCT_DEFINITION_CONTEXT('part definition',#69740,'design');
#69780=PRODUCT('UT_35_PE-select','UT_35_PE-select','',(#69760));
#69790=PRODUCT_RELATED_PRODUCT_CATEGORY('part',' ',(#69780));
#69800=PRODUCT_DEFINITION_FORMATION_WITH_SPECIFIED_SOURCE('','',#69780,
.BOUGHT.);
#69810=PRODUCT_DEFINITION('',' ',#69800,#69770);
#69820=PRODUCT_DEFINITION_SHAPE('','',#69810);
#69830=DIMENSIONAL_EXPONENTS(1.,0.,0.,0.,0.,0.,0.);
#69840=DIMENSIONAL_EXPONENTS(0.,0.,0.,0.,0.,0.,0.);
#69850=DIMENSIONAL_EXPONENTS(0.,0.,0.,0.,0.,0.,0.);
#69860=(LENGTH_UNIT() NAMED_UNIT(*) SI_UNIT(.MILLI.,.METRE.));
#69870=(NAMED_UNIT(*) PLANE_ANGLE_UNIT() SI_UNIT($,.RADIAN.));
#69880=(NAMED_UNIT(*) SI_UNIT($,.STERADIAN.) SOLID_ANGLE_UNIT());
#69890=(GEOMETRIC_REPRESENTATION_CONTEXT(3) 
GLOBAL_UNCERTAINTY_ASSIGNED_CONTEXT((#69900)) 
GLOBAL_UNIT_ASSIGNED_CONTEXT((#69860,#69870,#69880)) 
REPRESENTATION_CONTEXT('',''));
#69900=UNCERTAINTY_MEASURE_WITH_UNIT(LENGTH_MEASURE(1.E-6),#69860,
'distance_accuracy_value','maximum gap value');
#69910=ADVANCED_BREP_SHAPE_REPRESENTATION('',(#69730,#69690),#69890);
#69920=SHAPE_DEFINITION_REPRESENTATION(#69820,#69910);
#69930=COLOUR_RGB('',0.313725501298904,0.784313797950745,
0.313725501298904);
#69940=FILL_AREA_STYLE_COLOUR('',#69930);
#69950=FILL_AREA_STYLE('',(#69940));
#69960=SURFACE_STYLE_FILL_AREA(#69950);
#69970=SURFACE_SIDE_STYLE('',(#69960));
#69980=SURFACE_STYLE_USAGE(.BOTH.,#69970);
#69990=PRESENTATION_STYLE_ASSIGNMENT((#69980));
#70000=STYLED_ITEM('',(#69990),#69690);
#70010=OVER_RIDING_STYLED_ITEM('',(#6180),#6110,#70000);
#70020=OVER_RIDING_STYLED_ITEM('',(#12360),#12290,#70000);
#70030=OVER_RIDING_STYLED_ITEM('',(#12650),#12580,#70000);
#70040=OVER_RIDING_STYLED_ITEM('',(#12940),#12870,#70000);
#70050=OVER_RIDING_STYLED_ITEM('',(#13180),#13110,#70000);
#70060=OVER_RIDING_STYLED_ITEM('',(#13650),#13580,#70000);
#70070=OVER_RIDING_STYLED_ITEM('',(#14520),#14450,#70000);
#70080=OVER_RIDING_STYLED_ITEM('',(#14830),#14760,#70000);
#70090=OVER_RIDING_STYLED_ITEM('',(#15380),#15310,#70000);
#70100=OVER_RIDING_STYLED_ITEM('',(#16130),#16060,#70000);
#70110=OVER_RIDING_STYLED_ITEM('',(#16370),#16300,#70000);
#70120=OVER_RIDING_STYLED_ITEM('',(#16700),#16630,#70000);
#70130=OVER_RIDING_STYLED_ITEM('',(#16940),#16870,#70000);
#70140=OVER_RIDING_STYLED_ITEM('',(#17230),#17160,#70000);
#70150=OVER_RIDING_STYLED_ITEM('',(#17570),#17500,#70000);
#70160=OVER_RIDING_STYLED_ITEM('',(#17810),#17740,#70000);
#70170=OVER_RIDING_STYLED_ITEM('',(#18050),#17980,#70000);
#70180=OVER_RIDING_STYLED_ITEM('',(#18290),#18220,#70000);
#70190=OVER_RIDING_STYLED_ITEM('',(#18480),#18410,#70000);
#70200=OVER_RIDING_STYLED_ITEM('',(#18630),#18560,#70000);
#70210=OVER_RIDING_STYLED_ITEM('',(#18780),#18710,#70000);
#70220=OVER_RIDING_STYLED_ITEM('',(#18930),#18860,#70000);
#70230=OVER_RIDING_STYLED_ITEM('',(#19080),#19010,#70000);
#70240=OVER_RIDING_STYLED_ITEM('',(#19220),#19150,#70000);
#70250=OVER_RIDING_STYLED_ITEM('',(#19410),#19340,#70000);
#70260=OVER_RIDING_STYLED_ITEM('',(#19650),#19580,#70000);
#70270=OVER_RIDING_STYLED_ITEM('',(#19890),#19820,#70000);
#70280=OVER_RIDING_STYLED_ITEM('',(#20360),#20290,#70000);
#70290=OVER_RIDING_STYLED_ITEM('',(#20710),#20640,#70000);
#70300=OVER_RIDING_STYLED_ITEM('',(#21020),#20950,#70000);
#70310=OVER_RIDING_STYLED_ITEM('',(#21440),#21370,#70000);
#70320=OVER_RIDING_STYLED_ITEM('',(#21780),#21710,#70000);
#70330=OVER_RIDING_STYLED_ITEM('',(#22020),#21950,#70000);
#70340=OVER_RIDING_STYLED_ITEM('',(#22260),#22190,#70000);
#70350=OVER_RIDING_STYLED_ITEM('',(#22550),#22480,#70000);
#70360=OVER_RIDING_STYLED_ITEM('',(#22790),#22720,#70000);
#70370=OVER_RIDING_STYLED_ITEM('',(#23030),#22960,#70000);
#70380=OVER_RIDING_STYLED_ITEM('',(#23320),#23250,#70000);
#70390=OVER_RIDING_STYLED_ITEM('',(#23560),#23490,#70000);
#70400=OVER_RIDING_STYLED_ITEM('',(#23800),#23730,#70000);
#70410=OVER_RIDING_STYLED_ITEM('',(#24040),#23970,#70000);
#70420=OVER_RIDING_STYLED_ITEM('',(#24280),#24210,#70000);
#70430=OVER_RIDING_STYLED_ITEM('',(#24570),#24500,#70000);
#70440=OVER_RIDING_STYLED_ITEM('',(#24860),#24790,#70000);
#70450=OVER_RIDING_STYLED_ITEM('',(#25100),#25030,#70000);
#70460=OVER_RIDING_STYLED_ITEM('',(#25340),#25270,#70000);
#70470=OVER_RIDING_STYLED_ITEM('',(#25630),#25560,#70000);
#70480=OVER_RIDING_STYLED_ITEM('',(#25820),#25750,#70000);
#70490=OVER_RIDING_STYLED_ITEM('',(#26110),#26040,#70000);
#70500=OVER_RIDING_STYLED_ITEM('',(#26400),#26330,#70000);
#70510=OVER_RIDING_STYLED_ITEM('',(#26690),#26620,#70000);
#70520=OVER_RIDING_STYLED_ITEM('',(#26980),#26910,#70000);
#70530=OVER_RIDING_STYLED_ITEM('',(#27220),#27150,#70000);
#70540=OVER_RIDING_STYLED_ITEM('',(#27460),#27390,#70000);
#70550=OVER_RIDING_STYLED_ITEM('',(#27700),#27630,#70000);
#70560=OVER_RIDING_STYLED_ITEM('',(#27990),#27920,#70000);
#70570=OVER_RIDING_STYLED_ITEM('',(#28860),#28790,#70000);
#70580=OVER_RIDING_STYLED_ITEM('',(#29150),#29080,#70000);
#70590=OVER_RIDING_STYLED_ITEM('',(#29530),#29460,#70000);
#70600=OVER_RIDING_STYLED_ITEM('',(#30310),#30240,#70000);
#70610=OVER_RIDING_STYLED_ITEM('',(#30600),#30530,#70000);
#70620=OVER_RIDING_STYLED_ITEM('',(#30790),#30720,#70000);
#70630=OVER_RIDING_STYLED_ITEM('',(#31030),#30960,#70000);
#70640=OVER_RIDING_STYLED_ITEM('',(#31590),#31520,#70000);
#70650=OVER_RIDING_STYLED_ITEM('',(#32220),#32150,#70000);
#70660=OVER_RIDING_STYLED_ITEM('',(#32510),#32440,#70000);
#70670=OVER_RIDING_STYLED_ITEM('',(#32910),#32840,#70000);
#70680=OVER_RIDING_STYLED_ITEM('',(#33150),#33080,#70000);
#70690=OVER_RIDING_STYLED_ITEM('',(#33550),#33480,#70000);
#70700=OVER_RIDING_STYLED_ITEM('',(#34000),#33930,#70000);
#70710=OVER_RIDING_STYLED_ITEM('',(#34400),#34330,#70000);
#70720=OVER_RIDING_STYLED_ITEM('',(#34760),#34690,#70000);
#70730=OVER_RIDING_STYLED_ITEM('',(#34970),#34900,#70000);
#70740=OVER_RIDING_STYLED_ITEM('',(#35160),#35090,#70000);
#70750=OVER_RIDING_STYLED_ITEM('',(#35350),#35280,#70000);
#70760=OVER_RIDING_STYLED_ITEM('',(#35540),#35470,#70000);
#70770=OVER_RIDING_STYLED_ITEM('',(#35730),#35660,#70000);
#70780=OVER_RIDING_STYLED_ITEM('',(#36010),#35940,#70000);
#70790=OVER_RIDING_STYLED_ITEM('',(#36200),#36130,#70000);
#70800=OVER_RIDING_STYLED_ITEM('',(#36390),#36320,#70000);
#70810=OVER_RIDING_STYLED_ITEM('',(#36580),#36510,#70000);
#70820=OVER_RIDING_STYLED_ITEM('',(#36820),#36750,#70000);
#70830=OVER_RIDING_STYLED_ITEM('',(#37250),#37180,#70000);
#70840=OVER_RIDING_STYLED_ITEM('',(#37990),#37920,#70000);
#70850=OVER_RIDING_STYLED_ITEM('',(#38370),#38300,#70000);
#70860=OVER_RIDING_STYLED_ITEM('',(#38560),#38490,#70000);
#70870=OVER_RIDING_STYLED_ITEM('',(#38940),#38870,#70000);
#70880=OVER_RIDING_STYLED_ITEM('',(#39080),#39010,#70000);
#70890=OVER_RIDING_STYLED_ITEM('',(#39280),#39210,#70000);
#70900=OVER_RIDING_STYLED_ITEM('',(#39520),#39450,#70000);
#70910=OVER_RIDING_STYLED_ITEM('',(#40080),#40010,#70000);
#70920=OVER_RIDING_STYLED_ITEM('',(#40870),#40800,#70000);
#70930=OVER_RIDING_STYLED_ITEM('',(#41460),#41390,#70000);
#70940=OVER_RIDING_STYLED_ITEM('',(#41840),#41770,#70000);
#70950=OVER_RIDING_STYLED_ITEM('',(#42230),#42160,#70000);
#70960=OVER_RIDING_STYLED_ITEM('',(#42540),#42470,#70000);
#70970=OVER_RIDING_STYLED_ITEM('',(#42870),#42800,#70000);
#70980=OVER_RIDING_STYLED_ITEM('',(#43110),#43040,#70000);
#70990=OVER_RIDING_STYLED_ITEM('',(#43300),#43230,#70000);
#71000=OVER_RIDING_STYLED_ITEM('',(#43850),#43780,#70000);
#71010=OVER_RIDING_STYLED_ITEM('',(#44230),#44160,#70000);
#71020=OVER_RIDING_STYLED_ITEM('',(#44540),#44470,#70000);
#71030=OVER_RIDING_STYLED_ITEM('',(#44930),#44860,#70000);
#71040=OVER_RIDING_STYLED_ITEM('',(#45220),#45150,#70000);
#71050=OVER_RIDING_STYLED_ITEM('',(#45460),#45390,#70000);
#71060=OVER_RIDING_STYLED_ITEM('',(#45650),#45580,#70000);
#71070=OVER_RIDING_STYLED_ITEM('',(#46080),#46010,#70000);
#71080=OVER_RIDING_STYLED_ITEM('',(#46390),#46320,#70000);
#71090=OVER_RIDING_STYLED_ITEM('',(#46840),#46770,#70000);
#71100=OVER_RIDING_STYLED_ITEM('',(#47150),#47080,#70000);
#71110=OVER_RIDING_STYLED_ITEM('',(#47550),#47480,#70000);
#71120=OVER_RIDING_STYLED_ITEM('',(#47930),#47860,#70000);
#71130=OVER_RIDING_STYLED_ITEM('',(#48670),#48600,#70000);
#71140=OVER_RIDING_STYLED_ITEM('',(#49050),#48980,#70000);
#71150=OVER_RIDING_STYLED_ITEM('',(#49240),#49170,#70000);
#71160=OVER_RIDING_STYLED_ITEM('',(#49460),#49390,#70000);
#71170=OVER_RIDING_STYLED_ITEM('',(#49770),#49700,#70000);
#71180=OVER_RIDING_STYLED_ITEM('',(#49910),#49840,#70000);
#71190=OVER_RIDING_STYLED_ITEM('',(#50100),#50030,#70000);
#71200=OVER_RIDING_STYLED_ITEM('',(#50290),#50220,#70000);
#71210=OVER_RIDING_STYLED_ITEM('',(#50670),#50600,#70000);
#71220=OVER_RIDING_STYLED_ITEM('',(#50980),#50910,#70000);
#71230=OVER_RIDING_STYLED_ITEM('',(#51480),#51410,#70000);
#71240=OVER_RIDING_STYLED_ITEM('',(#52260),#52190,#70000);
#71250=OVER_RIDING_STYLED_ITEM('',(#52900),#52830,#70000);
#71260=OVER_RIDING_STYLED_ITEM('',(#53460),#53390,#70000);
#71270=OVER_RIDING_STYLED_ITEM('',(#53750),#53680,#70000);
#71280=OVER_RIDING_STYLED_ITEM('',(#54150),#54080,#70000);
#71290=OVER_RIDING_STYLED_ITEM('',(#54620),#54550,#70000);
#71300=OVER_RIDING_STYLED_ITEM('',(#54860),#54790,#70000);
#71310=OVER_RIDING_STYLED_ITEM('',(#55330),#55260,#70000);
#71320=OVER_RIDING_STYLED_ITEM('',(#55960),#55890,#70000);
#71330=OVER_RIDING_STYLED_ITEM('',(#56250),#56180,#70000);
#71340=OVER_RIDING_STYLED_ITEM('',(#56510),#56440,#70000);
#71350=OVER_RIDING_STYLED_ITEM('',(#56750),#56680,#70000);
#71360=OVER_RIDING_STYLED_ITEM('',(#57010),#56940,#70000);
#71370=OVER_RIDING_STYLED_ITEM('',(#57250),#57180,#70000);
#71380=OVER_RIDING_STYLED_ITEM('',(#57510),#57440,#70000);
#71390=OVER_RIDING_STYLED_ITEM('',(#57700),#57630,#70000);
#71400=OVER_RIDING_STYLED_ITEM('',(#58030),#57960,#70000);
#71410=OVER_RIDING_STYLED_ITEM('',(#58220),#58150,#70000);
#71420=OVER_RIDING_STYLED_ITEM('',(#58410),#58340,#70000);
#71430=OVER_RIDING_STYLED_ITEM('',(#58550),#58480,#70000);
#71440=OVER_RIDING_STYLED_ITEM('',(#59110),#59040,#70000);
#71450=OVER_RIDING_STYLED_ITEM('',(#59550),#59480,#70000);
#71460=OVER_RIDING_STYLED_ITEM('',(#59740),#59670,#70000);
#71470=OVER_RIDING_STYLED_ITEM('',(#59990),#59920,#70000);
#71480=OVER_RIDING_STYLED_ITEM('',(#60120),#60050,#70000);
#71490=OVER_RIDING_STYLED_ITEM('',(#60410),#60340,#70000);
#71500=OVER_RIDING_STYLED_ITEM('',(#60650),#60580,#70000);
#71510=OVER_RIDING_STYLED_ITEM('',(#60890),#60820,#70000);
#71520=OVER_RIDING_STYLED_ITEM('',(#61080),#61010,#70000);
#71530=OVER_RIDING_STYLED_ITEM('',(#61270),#61200,#70000);
#71540=OVER_RIDING_STYLED_ITEM('',(#61460),#61390,#70000);
#71550=OVER_RIDING_STYLED_ITEM('',(#61600),#61530,#70000);
#71560=OVER_RIDING_STYLED_ITEM('',(#62180),#62110,#70000);
#71570=OVER_RIDING_STYLED_ITEM('',(#62520),#62450,#70000);
#71580=OVER_RIDING_STYLED_ITEM('',(#62840),#62770,#70000);
#71590=OVER_RIDING_STYLED_ITEM('',(#63100),#63030,#70000);
#71600=OVER_RIDING_STYLED_ITEM('',(#63340),#63270,#70000);
#71610=OVER_RIDING_STYLED_ITEM('',(#63530),#63460,#70000);
#71620=OVER_RIDING_STYLED_ITEM('',(#63720),#63650,#70000);
#71630=OVER_RIDING_STYLED_ITEM('',(#63960),#63890,#70000);
#71640=OVER_RIDING_STYLED_ITEM('',(#64340),#64270,#70000);
#71650=OVER_RIDING_STYLED_ITEM('',(#64750),#64680,#70000);
#71660=OVER_RIDING_STYLED_ITEM('',(#64990),#64920,#70000);
#71670=OVER_RIDING_STYLED_ITEM('',(#65280),#65210,#70000);
#71680=OVER_RIDING_STYLED_ITEM('',(#65560),#65490,#70000);
#71690=OVER_RIDING_STYLED_ITEM('',(#65750),#65680,#70000);
#71700=OVER_RIDING_STYLED_ITEM('',(#65990),#65920,#70000);
#71710=OVER_RIDING_STYLED_ITEM('',(#66370),#66300,#70000);
#71720=OVER_RIDING_STYLED_ITEM('',(#66840),#66770,#70000);
#71730=OVER_RIDING_STYLED_ITEM('',(#67130),#67060,#70000);
#71740=OVER_RIDING_STYLED_ITEM('',(#67350),#67280,#70000);
#71750=OVER_RIDING_STYLED_ITEM('',(#67570),#67500,#70000);
#71760=OVER_RIDING_STYLED_ITEM('',(#67880),#67810,#70000);
#71770=OVER_RIDING_STYLED_ITEM('',(#68170),#68100,#70000);
#71780=OVER_RIDING_STYLED_ITEM('',(#68360),#68290,#70000);
#71790=OVER_RIDING_STYLED_ITEM('',(#68670),#68600,#70000);
#71800=OVER_RIDING_STYLED_ITEM('',(#69020),#68950,#70000);
#71810=OVER_RIDING_STYLED_ITEM('',(#69210),#69140,#70000);
#71820=OVER_RIDING_STYLED_ITEM('',(#69440),#69370,#70000);
#71830=OVER_RIDING_STYLED_ITEM('',(#69670),#69600,#70000);
#71840=DRAUGHTING_MODEL('',(#70000,#70010,#70020,#70030,#70040,#70050,
#70060,#70070,#70080,#70090,#70100,#70110,#70120,#70130,#70140,#70150,
#70160,#70170,#70180,#70190,#70200,#70210,#70220,#70230,#70240,#70250,
#70260,#70270,#70280,#70290,#70300,#70310,#70320,#70330,#70340,#70350,
#70360,#70370,#70380,#70390,#70400,#70410,#70420,#70430,#70440,#70450,
#70460,#70470,#70480,#70490,#70500,#70510,#70520,#70530,#70540,#70550,
#70560,#70570,#70580,#70590,#70600,#70610,#70620,#70630,#70640,#70650,
#70660,#70670,#70680,#70690,#70700,#70710,#70720,#70730,#70740,#70750,
#70760,#70770,#70780,#70790,#70800,#70810,#70820,#70830,#70840,#70850,
#70860,#70870,#70880,#70890,#70900,#70910,#70920,#70930,#70940,#70950,
#70960,#70970,#70980,#70990,#71000,#71010,#71020,#71030,#71040,#71050,
#71060,#71070,#71080,#71090,#71100,#71110,#71120,#71130,#71140,#71150,
#71160,#71170,#71180,#71190,#71200,#71210,#71220,#71230,#71240,#71250,
#71260,#71270,#71280,#71290,#71300,#71310,#71320,#71330,#71340,#71350,
#71360,#71370,#71380,#71390,#71400,#71410,#71420,#71430,#71440,#71450,
#71460,#71470,#71480,#71490,#71500,#71510,#71520,#71530,#71540,#71550,
#71560,#71570,#71580,#71590,#71600,#71610,#71620,#71630,#71640,#71650,
#71660,#71670,#71680,#71690,#71700,#71710,#71720,#71730,#71740,#71750,
#71760,#71770,#71780,#71790,#71800,#71810,#71820,#71830),#69890);
#71850=CARTESIAN_POINT('',(-22.,34.7000000000121,6.85000023064826));
#71860=DIRECTION('',(1.,0.,0.));
#71870=DIRECTION('',(0.,1.,0.));
#71880=AXIS2_PLACEMENT_3D('',#71850,#71860,#71870);
#71890=ITEM_DEFINED_TRANSFORMATION('UT_35_PE-select','',#69730,#71880);
#71900=APPLICATION_CONTEXT(' ');
#71910=APPLICATION_PROTOCOL_DEFINITION(' ','automotive_design',1998,
#71900);
#71920=PRODUCT_CONTEXT('',#71900,'mechanical');
#71930=PRODUCT_DEFINITION_CONTEXT('part definition',#71900,'design');
#71940=PRODUCT('UT_35_PE-select','UT_35_PE-select','',(#71920));
#71950=PRODUCT_RELATED_PRODUCT_CATEGORY('part',' ',(#71940));
#71960=PRODUCT_DEFINITION_FORMATION_WITH_SPECIFIED_SOURCE('','',#71940,
.BOUGHT.);
#71970=PRODUCT_DEFINITION('',' ',#71960,#71930);
#71980=PRODUCT_DEFINITION_SHAPE('','',#71970);
#71990=DIMENSIONAL_EXPONENTS(1.,0.,0.,0.,0.,0.,0.);
#72000=DIMENSIONAL_EXPONENTS(0.,0.,0.,0.,0.,0.,0.);
#72010=DIMENSIONAL_EXPONENTS(0.,0.,0.,0.,0.,0.,0.);
#72020=(LENGTH_UNIT() NAMED_UNIT(*) SI_UNIT(.MILLI.,.METRE.));
#72030=(NAMED_UNIT(*) PLANE_ANGLE_UNIT() SI_UNIT($,.RADIAN.));
#72040=(NAMED_UNIT(*) SI_UNIT($,.STERADIAN.) SOLID_ANGLE_UNIT());
#72050=(GEOMETRIC_REPRESENTATION_CONTEXT(3) 
GLOBAL_UNCERTAINTY_ASSIGNED_CONTEXT((#72060)) 
GLOBAL_UNIT_ASSIGNED_CONTEXT((#72020,#72030,#72040)) 
REPRESENTATION_CONTEXT('',''));
#72060=UNCERTAINTY_MEASURE_WITH_UNIT(LENGTH_MEASURE(1.E-6),#72020,
'distance_accuracy_value','maximum gap value');
#72070=SHAPE_REPRESENTATION('',(#69730,#71880),#72050);
#72080=SHAPE_DEFINITION_REPRESENTATION(#71980,#72070);
#72090=(REPRESENTATION_RELATIONSHIP('','',#69910,#72070) 
REPRESENTATION_RELATIONSHIP_WITH_TRANSFORMATION(#71890) 
SHAPE_REPRESENTATION_RELATIONSHIP());
#72100=NEXT_ASSEMBLY_USAGE_OCCURRENCE('1','','UT_35_PE-select',#71970,
#69810,'');
#72110=PRODUCT_DEFINITION_SHAPE('','',#72100);
#72120=CONTEXT_DEPENDENT_SHAPE_REPRESENTATION(#72090,#72110);
ENDSEC;
END-ISO-10303-21;
