ISO-10303-21;
HEADER;
FILE_DESCRIPTION(('Creo Elements/Direct Modeling STEP Export'),'2;1');
FILE_NAME(
'C:/temp/JobSpoolerServerData/JobServer Files/f73d5d41-0d4e-4915-897d-08
26c0433bf7/work/output/model.stp','2020-08-21T 8:16:30',(''),(''),
'Creo Elements/Direct Modeling STEP processor for AP214 (Solid Model)',
'Creo Elements/Direct Modeling 20.1A  29-Sep-2018 (C) Parametric Technol
ogy GmbH','');
FILE_SCHEMA(('AUTOMOTIVE_DESIGN { 1 0 10303 214 1 1 1 1 }'));
ENDSEC;
DATA;
#10=CARTESIAN_POINT('',(-29.1815269391997,19.1677132105214,
-5.15000000005125));
#20=DIRECTION('',(0.,0.,-1.));
#30=DIRECTION('',(-1.,8.32667268467921E-16,0.));
#40=AXIS2_PLACEMENT_3D('',#10,#20,#30);
#50=PLANE('',#40);
#60=CARTESIAN_POINT('',(10.4082496618651,2.30748753438093E-12,
-5.14999999909247));
#70=DIRECTION('',(0.17364817766698,-0.984807753012199,0.));
#80=VECTOR('',#70,1.);
#90=LINE('',#60,#80);
#100=CARTESIAN_POINT('',(7.07170037385276,18.9225113173597,
-5.14999999909247));
#110=VERTEX_POINT('',#100);
#120=CARTESIAN_POINT('',(7.11893378848338,18.6546373116866,
-5.14999999909247));
#130=VERTEX_POINT('',#120);
#140=EDGE_CURVE('',#110,#130,#90,.T.);
#150=ORIENTED_EDGE('',*,*,#140,.F.);
#160=CARTESIAN_POINT('',(0.,12.6811425954111,-5.14999999909247));
#170=DIRECTION('',(-0.766044443119846,-0.642787609685505,0.));
#180=VECTOR('',#170,1.);
#190=LINE('',#160,#180);
#200=CARTESIAN_POINT('',(7.58728480510355,19.047630476993,
-5.14999999909247));
#210=VERTEX_POINT('',#200);
#220=EDGE_CURVE('',#210,#130,#190,.T.);
#230=ORIENTED_EDGE('',*,*,#220,.T.);
#240=CARTESIAN_POINT('',(10.9458959767736,-1.77973191739511E-11,
-5.15000000005708));
#250=DIRECTION('',(0.173648177667343,-0.984807753012135,
4.02191157721728E-13));
#260=VECTOR('',#250,1.);
#270=LINE('',#240,#260);
#280=CARTESIAN_POINT('',(7.41935636258978,20.0000000000157,
-5.14999999909247));
#290=VERTEX_POINT('',#280);
#300=EDGE_CURVE('',#290,#210,#270,.T.);
#310=ORIENTED_EDGE('',*,*,#300,.T.);
#320=CARTESIAN_POINT('',(-1.27869270727388E-10,20.0000000000166,
-5.15000000006525));
#330=DIRECTION('',(1.,-1.21042065259795E-13,5.57074833111299E-26));
#340=VECTOR('',#330,1.);
#350=LINE('',#320,#340);
#360=CARTESIAN_POINT('',(-9.2514317307692,20.0000000000178,
-5.14999999909247));
#370=VERTEX_POINT('',#360);
#380=EDGE_CURVE('',#370,#290,#350,.T.);
#390=ORIENTED_EDGE('',*,*,#380,.T.);
#400=CARTESIAN_POINT('',(-23.2555824949882,-1.77973191739511E-11,
-5.15000000005708));
#410=DIRECTION('',(-0.573576436351043,-0.819152044288994,
3.34538094399676E-13));
#420=VECTOR('',#410,1.);
#430=LINE('',#400,#420);
#440=CARTESIAN_POINT('',(-9.70656663060171,19.3500000000232,
-5.14999999909247));
#450=VERTEX_POINT('',#440);
#460=EDGE_CURVE('',#370,#450,#430,.T.);
#470=ORIENTED_EDGE('',*,*,#460,.F.);
#480=CARTESIAN_POINT('',(-1.27869270727388E-10,19.3500000000232,
-5.15000000006499));
#490=DIRECTION('',(-1.,1.09002891581404E-24,-6.27443588585474E-27));
#500=VECTOR('',#490,1.);
#510=LINE('',#480,#500);
#520=CARTESIAN_POINT('',(-9.14999999998544,19.3500000000232,
-5.14999999909247));
#530=VERTEX_POINT('',#520);
#540=EDGE_CURVE('',#530,#450,#510,.T.);
#550=ORIENTED_EDGE('',*,*,#540,.T.);
#560=CARTESIAN_POINT('',(-9.15000000009237,-1.77973191739511E-11,
-5.15000000005708));
#570=DIRECTION('',(-5.5261073494961E-12,-1.,4.08395604615809E-13));
#580=VECTOR('',#570,1.);
#590=LINE('',#560,#580);
#600=CARTESIAN_POINT('',(-9.14999999998986,18.5499999999367,
-5.14999999909247));
#610=VERTEX_POINT('',#600);
#620=EDGE_CURVE('',#530,#610,#590,.T.);
#630=ORIENTED_EDGE('',*,*,#620,.F.);
#640=CARTESIAN_POINT('',(-1.27869270727388E-10,18.5499999999367,
-5.15000000006466));
#650=DIRECTION('',(-1.,1.09002891581404E-24,-6.27443588585474E-27));
#660=VECTOR('',#650,1.);
#670=LINE('',#640,#660);
#680=CARTESIAN_POINT('',(-10.0595836942893,18.5499999999367,
-5.14999999909247));
#690=VERTEX_POINT('',#680);
#700=EDGE_CURVE('',#610,#690,#670,.T.);
#710=ORIENTED_EDGE('',*,*,#700,.F.);
#720=CARTESIAN_POINT('',(-10.3595836942893,18.5500000000227,
-5.15000000006466));
#730=DIRECTION('',(6.27443588540957E-27,-4.08395604615809E-13,-1.));
#740=DIRECTION('',(-1.,5.70377078911993E-14,-2.95683850855358E-26));
#750=AXIS2_PLACEMENT_3D('',#720,#730,#740);
#760=CIRCLE('',#750,0.3);
#770=CARTESIAN_POINT('',(-10.5717157286453,18.7621320343787,
-5.14999999909247));
#780=VERTEX_POINT('',#770);
#790=EDGE_CURVE('',#780,#690,#760,.T.);
#800=ORIENTED_EDGE('',*,*,#790,.T.);
#810=CARTESIAN_POINT('',(-18.9999999998239,10.3338477632011,
-5.1500000000613));
#820=DIRECTION('',(0.707106781186589,0.707106781186506,
-2.88779301430597E-13));
#830=VECTOR('',#820,1.);
#840=LINE('',#810,#830);
#850=CARTESIAN_POINT('',(-11.4826644934449,17.8511832695792,
-5.14999999909247));
#860=VERTEX_POINT('',#850);
#870=EDGE_CURVE('',#860,#780,#840,.T.);
#880=ORIENTED_EDGE('',*,*,#870,.T.);
#890=CARTESIAN_POINT('',(-47.2,17.8511832695792,-5.15000000006437));
#900=DIRECTION('',(-1.,-1.04312475413512E-44,-6.27443588540957E-27));
#910=VECTOR('',#900,1.);
#920=LINE('',#890,#910);
#930=CARTESIAN_POINT('',(-10.8749999999514,17.8511832695792,
-5.14999999909247));
#940=VERTEX_POINT('',#930);
#950=EDGE_CURVE('',#940,#860,#920,.T.);
#960=ORIENTED_EDGE('',*,*,#950,.T.);
#970=CARTESIAN_POINT('',(-10.8749999999624,-8.85000000019611,
-5.15000000005347));
#980=DIRECTION('',(-4.10618222704126E-13,-1.,4.08395604615809E-13));
#990=VECTOR('',#980,1.);
#1000=LINE('',#970,#990);
#1010=CARTESIAN_POINT('',(-10.8749999999518,16.7999999999468,
-5.14999999909247));
#1020=VERTEX_POINT('',#1010);
#1030=EDGE_CURVE('',#940,#1020,#1000,.T.);
#1040=ORIENTED_EDGE('',*,*,#1030,.F.);
#1050=CARTESIAN_POINT('',(-1.27869270727388E-10,16.7999999999462,
-5.15000000006394));
#1060=DIRECTION('',(-1.,5.78842529463941E-14,-2.99141103651866E-26));
#1070=VECTOR('',#1060,1.);
#1080=LINE('',#1050,#1070);
#1090=CARTESIAN_POINT('',(-17.2250000000077,16.7999999999472,
-5.14999999909247));
#1100=VERTEX_POINT('',#1090);
#1110=EDGE_CURVE('',#1020,#1100,#1080,.T.);
#1120=ORIENTED_EDGE('',*,*,#1110,.F.);
#1130=CARTESIAN_POINT('',(-17.2249999999986,-8.85000000019609,
-5.15000000005347));
#1140=DIRECTION('',(3.53580514818245E-13,-1.,4.08395604615809E-13));
#1150=VECTOR('',#1140,1.);
#1160=LINE('',#1130,#1150);
#1170=CARTESIAN_POINT('',(-17.2250000000081,17.8511832695792,
-5.14999999909247));
#1180=VERTEX_POINT('',#1170);
#1190=EDGE_CURVE('',#1180,#1100,#1160,.T.);
#1200=ORIENTED_EDGE('',*,*,#1190,.T.);
#1210=CARTESIAN_POINT('',(-47.2,17.8511832695792,-5.15000000006437));
#1220=DIRECTION('',(-1.,-1.04312475413512E-44,-6.27443588540957E-27));
#1230=VECTOR('',#1220,1.);
#1240=LINE('',#1210,#1230);
#1250=CARTESIAN_POINT('',(-16.6173355064958,17.8511832695792,
-5.14999999909247));
#1260=VERTEX_POINT('',#1250);
#1270=EDGE_CURVE('',#1260,#1180,#1240,.T.);
#1280=ORIENTED_EDGE('',*,*,#1270,.T.);
#1290=CARTESIAN_POINT('',(-18.9999999998239,20.2338477629072,
-5.15000000006535));
#1300=DIRECTION('',(-0.707106781186549,0.707106781186546,
-2.88779301430623E-13));
#1310=VECTOR('',#1300,1.);
#1320=LINE('',#1290,#1310);
#1330=CARTESIAN_POINT('',(-17.5282842712962,18.7621320343796,
-5.14999999909247));
#1340=VERTEX_POINT('',#1330);
#1350=EDGE_CURVE('',#1260,#1340,#1320,.T.);
#1360=ORIENTED_EDGE('',*,*,#1350,.F.);
#1370=CARTESIAN_POINT('',(-17.7404163056522,18.5500000000236,
-5.15000000006466));
#1380=DIRECTION('',(-6.27443588540957E-27,4.08395604615809E-13,1.));
#1390=DIRECTION('',(1.,2.15361062527865E-30,6.27443588540957E-27));
#1400=AXIS2_PLACEMENT_3D('',#1370,#1380,#1390);
#1410=CIRCLE('',#1400,0.3);
#1420=CARTESIAN_POINT('',(-18.0404163056522,18.5499999999367,
-5.14999999909247));
#1430=VERTEX_POINT('',#1420);
#1440=EDGE_CURVE('',#1340,#1430,#1410,.T.);
#1450=ORIENTED_EDGE('',*,*,#1440,.F.);
#1460=CARTESIAN_POINT('',(-1.27869270727388E-10,18.5499999999367,
-5.15000000006466));
#1470=DIRECTION('',(-1.,1.09002891581404E-24,-6.27443588585474E-27));
#1480=VECTOR('',#1470,1.);
#1490=LINE('',#1460,#1480);
#1500=CARTESIAN_POINT('',(-18.9500000001045,18.5499999999367,
-5.14999999909247));
#1510=VERTEX_POINT('',#1500);
#1520=EDGE_CURVE('',#1430,#1510,#1490,.T.);
#1530=ORIENTED_EDGE('',*,*,#1520,.F.);
#1540=CARTESIAN_POINT('',(-18.9500000001045,-1.77973191739511E-11,
-5.15000000005708));
#1550=DIRECTION('',(2.56245203704497E-39,1.,-4.08395604615809E-13));
#1560=VECTOR('',#1550,1.);
#1570=LINE('',#1540,#1560);
#1580=CARTESIAN_POINT('',(-18.9500000001045,19.3500000000232,
-5.14999999909247));
#1590=VERTEX_POINT('',#1580);
#1600=EDGE_CURVE('',#1510,#1590,#1570,.T.);
#1610=ORIENTED_EDGE('',*,*,#1600,.F.);
#1620=CARTESIAN_POINT('',(-1.27869270727388E-10,19.3500000000232,
-5.15000000006499));
#1630=DIRECTION('',(-1.,1.09002891581404E-24,-6.27443588585474E-27));
#1640=VECTOR('',#1630,1.);
#1650=LINE('',#1620,#1640);
#1660=CARTESIAN_POINT('',(-18.3934333693425,19.3500000000232,
-5.14999999909247));
#1670=VERTEX_POINT('',#1660);
#1680=EDGE_CURVE('',#1670,#1590,#1650,.T.);
#1690=ORIENTED_EDGE('',*,*,#1680,.T.);
#1700=CARTESIAN_POINT('',(-4.84441750495603,-1.77973191739511E-11,
-5.15000000005708));
#1710=DIRECTION('',(-0.573576436351043,0.819152044288994,
-3.34538094399683E-13));
#1720=VECTOR('',#1710,1.);
#1730=LINE('',#1700,#1720);
#1740=CARTESIAN_POINT('',(-18.8485682691262,19.999999999948,
-5.14999999909247));
#1750=VERTEX_POINT('',#1740);
#1760=EDGE_CURVE('',#1670,#1750,#1730,.T.);
#1770=ORIENTED_EDGE('',*,*,#1760,.F.);
#1780=CARTESIAN_POINT('',(-1.27869270727388E-10,19.999999999948,
-5.15000000006525));
#1790=DIRECTION('',(-1.,-2.15361062544105E-30,-6.27443588540957E-27));
#1800=VECTOR('',#1790,1.);
#1810=LINE('',#1780,#1800);
#1820=CARTESIAN_POINT('',(-19.2815002808615,19.999999999948,
-5.14999999909247));
#1830=VERTEX_POINT('',#1820);
#1840=EDGE_CURVE('',#1750,#1830,#1810,.T.);
#1850=ORIENTED_EDGE('',*,*,#1840,.F.);
#1860=CARTESIAN_POINT('',(-27.7344381550312,-1.77973191739511E-11,
-5.15000000005708));
#1870=DIRECTION('',(0.38930399709805,0.92110933001652,
-3.76177001749357E-13));
#1880=VECTOR('',#1870,1.);
#1890=LINE('',#1860,#1880);
#1900=CARTESIAN_POINT('',(-20.000000000105,18.3000000000952,
-5.14999999909247));
#1910=VERTEX_POINT('',#1900);
#1920=EDGE_CURVE('',#1910,#1830,#1890,.T.);
#1930=ORIENTED_EDGE('',*,*,#1920,.T.);
#1940=CARTESIAN_POINT('',(-20.0000000001049,-1.77973191739511E-11,
-5.15000000005708));
#1950=DIRECTION('',(-5.53723733531797E-15,1.,-4.08395604615809E-13));
#1960=VECTOR('',#1950,1.);
#1970=LINE('',#1940,#1960);
#1980=CARTESIAN_POINT('',(-20.000000000105,14.0000000000959,
-5.14999999909247));
#1990=VERTEX_POINT('',#1980);
#2000=EDGE_CURVE('',#1990,#1910,#1970,.T.);
#2010=ORIENTED_EDGE('',*,*,#2000,.T.);
#2020=CARTESIAN_POINT('',(-1.27869270727388E-10,14.000000000096,
-5.1500000000628));
#2030=DIRECTION('',(-1.,-5.53723733531797E-15,-4.01305249595116E-27));
#2040=VECTOR('',#2030,1.);
#2050=LINE('',#2020,#2040);
#2060=CARTESIAN_POINT('',(-28.0000000001048,14.0000000000958,
-5.14999999909247));
#2070=VERTEX_POINT('',#2060);
#2080=EDGE_CURVE('',#1990,#2070,#2050,.T.);
#2090=ORIENTED_EDGE('',*,*,#2080,.F.);
#2100=CARTESIAN_POINT('',(-28.0000000001047,-1.77973191739511E-11,
-5.15000000005708));
#2110=DIRECTION('',(2.76167977375509E-15,-1.,4.08395604615809E-13));
#2120=VECTOR('',#2110,1.);
#2130=LINE('',#2100,#2120);
#2140=CARTESIAN_POINT('',(-28.0000000001048,18.2999999993133,
-5.14999999909247));
#2150=VERTEX_POINT('',#2140);
#2160=EDGE_CURVE('',#2150,#2070,#2130,.T.);
#2170=ORIENTED_EDGE('',*,*,#2160,.T.);
#2180=CARTESIAN_POINT('',(-20.265561845509,-1.77973191739511E-11,
-5.15000000005708));
#2190=DIRECTION('',(0.38930399709805,-0.92110933001652,
3.76177001749362E-13));
#2200=VECTOR('',#2190,1.);
#2210=LINE('',#2180,#2200);
#2220=CARTESIAN_POINT('',(-28.7184997194956,19.9999999995149,
-5.14999999909247));
#2230=VERTEX_POINT('',#2220);
#2240=EDGE_CURVE('',#2230,#2150,#2210,.T.);
#2250=ORIENTED_EDGE('',*,*,#2240,.T.);
#2260=CARTESIAN_POINT('',(-1.27869270727388E-10,19.9999999995184,
-5.15000000006525));
#2270=DIRECTION('',(-1.,-1.23069611928547E-13,4.39866526879824E-26));
#2280=VECTOR('',#2270,1.);
#2290=LINE('',#2260,#2280);
#2300=CARTESIAN_POINT('',(-45.9193563628895,19.9999999995128,
-5.14999999909247));
#2310=VERTEX_POINT('',#2300);
#2320=EDGE_CURVE('',#2230,#2310,#2290,.T.);
#2330=ORIENTED_EDGE('',*,*,#2320,.F.);
#2340=CARTESIAN_POINT('',(-49.4458959769847,-1.77973191739511E-11,
-5.15000000005708));
#2350=DIRECTION('',(0.173648177667343,0.984807753012135,
-4.02191157721726E-13));
#2360=VECTOR('',#2350,1.);
#2370=LINE('',#2340,#2360);
#2380=CARTESIAN_POINT('',(-46.0872848053146,19.047630476993,
-5.14999999909247));
#2390=VERTEX_POINT('',#2380);
#2400=EDGE_CURVE('',#2390,#2310,#2370,.T.);
#2410=ORIENTED_EDGE('',*,*,#2400,.T.);
#2420=CARTESIAN_POINT('',(0.,-19.6241932050026,-5.14999999909247));
#2430=DIRECTION('',(-0.766044443119846,0.642787609685505,0.));
#2440=VECTOR('',#2430,1.);
#2450=LINE('',#2420,#2440);
#2460=CARTESIAN_POINT('',(-45.6189337886943,18.6546373116865,
-5.14999999909246));
#2470=VERTEX_POINT('',#2460);
#2480=EDGE_CURVE('',#2470,#2390,#2450,.T.);
#2490=ORIENTED_EDGE('',*,*,#2480,.T.);
#2500=CARTESIAN_POINT('',(-48.908249662043,2.30748753438093E-12,
-5.14999999909246));
#2510=DIRECTION('',(0.173648177665291,0.984807753012497,0.));
#2520=VECTOR('',#2510,1.);
#2530=LINE('',#2500,#2520);
#2540=CARTESIAN_POINT('',(-45.5717003740641,18.9225113173595,
-5.14999999909246));
#2550=VERTEX_POINT('',#2540);
#2560=EDGE_CURVE('',#2470,#2550,#2530,.T.);
#2570=ORIENTED_EDGE('',*,*,#2560,.F.);
#2580=CARTESIAN_POINT('',(0.,10.8869909846556,-5.14999999909247));
#2590=DIRECTION('',(0.984807753012229,-0.173648177666812,0.));
#2600=VECTOR('',#2590,1.);
#2610=LINE('',#2580,#2600);
#2620=CARTESIAN_POINT('',(-44.5174422640429,18.7366171679322,
-5.14999999909247));
#2630=VERTEX_POINT('',#2620);
#2640=EDGE_CURVE('',#2550,#2630,#2610,.T.);
#2650=ORIENTED_EDGE('',*,*,#2640,.F.);
#2660=CARTESIAN_POINT('',(-47.8212133979618,-1.77973191739511E-11,
-5.15000000005708));
#2670=DIRECTION('',(0.173648177667118,0.984807753012175,
-4.02191157721742E-13));
#2680=VECTOR('',#2670,1.);
#2690=LINE('',#2660,#2680);
#2700=CARTESIAN_POINT('',(-45.6157669877873,12.5077081301305,
-5.14999999909247));
#2710=VERTEX_POINT('',#2700);
#2720=EDGE_CURVE('',#2710,#2630,#2690,.T.);
#2730=ORIENTED_EDGE('',*,*,#2720,.T.);
#2740=CARTESIAN_POINT('',(0.,4.46441766449482,-5.14999999909247));
#2750=DIRECTION('',(-0.984807753012289,0.173648177666475,0.));
#2760=VECTOR('',#2750,1.);
#2770=LINE('',#2740,#2760);
#2780=CARTESIAN_POINT('',(-46.6700250978078,12.6936022795573,
-5.14999999909247));
#2790=VERTEX_POINT('',#2780);
#2800=EDGE_CURVE('',#2710,#2790,#2770,.T.);
#2810=ORIENTED_EDGE('',*,*,#2800,.F.);
#2820=CARTESIAN_POINT('',(-48.908249662078,2.30748753438093E-12,
-5.14999999909247));
#2830=DIRECTION('',(0.173648177667095,0.984807753012179,0.));
#2840=VECTOR('',#2830,1.);
#2850=LINE('',#2820,#2840);
#2860=CARTESIAN_POINT('',(-46.6227916831767,12.9614762852327,
-5.14999999909247));
#2870=VERTEX_POINT('',#2860);
#2880=EDGE_CURVE('',#2790,#2870,#2850,.T.);
#2890=ORIENTED_EDGE('',*,*,#2880,.F.);
#2900=CARTESIAN_POINT('',(-18.9999999998239,23.015350245083,
-5.15000000006648));
#2910=DIRECTION('',(0.93969262078838,0.342020143318877,
-1.39679523221493E-13));
#2920=VECTOR('',#2910,1.);
#2930=LINE('',#2900,#2920);
#2940=CARTESIAN_POINT('',(-47.200000000105,12.7513896389046,
-5.14999999909247));
#2950=VERTEX_POINT('',#2940);
#2960=EDGE_CURVE('',#2950,#2870,#2930,.T.);
#2970=ORIENTED_EDGE('',*,*,#2960,.T.);
#2980=CARTESIAN_POINT('',(-47.200000000105,-1.77973191739511E-11,
-5.15000000005708));
#2990=DIRECTION('',(2.56245203704497E-39,1.,-4.08395604615809E-13));
#3000=VECTOR('',#2990,1.);
#3010=LINE('',#2980,#3000);
#3020=CARTESIAN_POINT('',(-47.200000000105,7.94999999994885,
-5.14999999909247));
#3030=VERTEX_POINT('',#3020);
#3040=EDGE_CURVE('',#3030,#2950,#3010,.T.);
#3050=ORIENTED_EDGE('',*,*,#3040,.T.);
#3060=CARTESIAN_POINT('',(-61.5090880213592,3.44999999994881,
-5.15000000005849));
#3070=DIRECTION('',(6.27443588540957E-27,-4.08395604615809E-13,-1.));
#3080=DIRECTION('',(-1.,3.48301159325802E-43,-6.27443588540957E-27));
#3090=AXIS2_PLACEMENT_3D('',#3060,#3070,#3080);
#3100=CIRCLE('',#3090,15.);
#3110=CARTESIAN_POINT('',(-47.200000000105,-1.05000000005115,
-5.14999999909247));
#3120=VERTEX_POINT('',#3110);
#3130=EDGE_CURVE('',#3030,#3120,#3100,.T.);
#3140=ORIENTED_EDGE('',*,*,#3130,.F.);
#3150=CARTESIAN_POINT('',(-47.200000000105,-1.77973191739511E-11,
-5.15000000005708));
#3160=DIRECTION('',(2.56245203704497E-39,1.,-4.08395604615809E-13));
#3170=VECTOR('',#3160,1.);
#3180=LINE('',#3150,#3170);
#3190=CARTESIAN_POINT('',(-47.200000000105,-2.65000000004902,
-5.14999999909247));
#3200=VERTEX_POINT('',#3190);
#3210=EDGE_CURVE('',#3200,#3120,#3180,.T.);
#3220=ORIENTED_EDGE('',*,*,#3210,.T.);
#3230=CARTESIAN_POINT('',(-1.27869270727388E-10,-2.65000000004902,
-5.150000000056));
#3240=DIRECTION('',(-1.,-2.72740170813387E-39,-6.27443588540957E-27));
#3250=VECTOR('',#3240,1.);
#3260=LINE('',#3230,#3250);
#3270=CARTESIAN_POINT('',(-44.2982252675232,-2.65000000004902,
-5.14999999909247));
#3280=VERTEX_POINT('',#3270);
#3290=EDGE_CURVE('',#3280,#3200,#3260,.T.);
#3300=ORIENTED_EDGE('',*,*,#3290,.T.);
#3310=CARTESIAN_POINT('',(-44.4023440510947,-1.77973191739511E-11,
-5.15000000005708));
#3320=DIRECTION('',(0.0392598157590686,-0.999229036240723,
4.08080746405203E-13));
#3330=VECTOR('',#3320,1.);
#3340=LINE('',#3310,#3330);
#3350=CARTESIAN_POINT('',(-44.2000000000003,-5.15000000014271,
-5.14999999909247));
#3360=VERTEX_POINT('',#3350);
#3370=EDGE_CURVE('',#3280,#3360,#3340,.T.);
#3380=ORIENTED_EDGE('',*,*,#3370,.F.);
#3390=CARTESIAN_POINT('',(-44.2000000000003,-1.77973191739511E-11,
-5.15000000005708));
#3400=DIRECTION('',(-1.89304895804008E-39,-1.,4.08395604615809E-13));
#3410=VECTOR('',#3400,1.);
#3420=LINE('',#3390,#3410);
#3430=CARTESIAN_POINT('',(-44.2000000000003,-11.250000000146,
-5.14999999909247));
#3440=VERTEX_POINT('',#3430);
#3450=EDGE_CURVE('',#3360,#3440,#3420,.T.);
#3460=ORIENTED_EDGE('',*,*,#3450,.F.);
#3470=CARTESIAN_POINT('',(-46.5999999999997,-11.250000000146,
-5.15000000005248));
#3480=DIRECTION('',(1.,-3.48301159325802E-43,6.27443588540957E-27));
#3490=VECTOR('',#3480,1.);
#3500=LINE('',#3470,#3490);
#3510=CARTESIAN_POINT('',(-46.5999999999997,-11.250000000146,
-5.14999999909247));
#3520=VERTEX_POINT('',#3510);
#3530=EDGE_CURVE('',#3520,#3440,#3500,.T.);
#3540=ORIENTED_EDGE('',*,*,#3530,.T.);
#3550=CARTESIAN_POINT('',(-46.5999999999997,-12.1500000001459,
-5.15000000005212));
#3560=DIRECTION('',(6.27443588540957E-27,-4.08395604615809E-13,-1.));
#3570=DIRECTION('',(1.,-2.18550819327561E-39,6.27443588540957E-27));
#3580=AXIS2_PLACEMENT_3D('',#3550,#3560,#3570);
#3590=CIRCLE('',#3580,0.89999999999984);
#3600=CARTESIAN_POINT('',(-46.8249999999983,-11.278578747249,
-5.14999999909282));
#3610=VERTEX_POINT('',#3600);
#3620=EDGE_CURVE('',#3610,#3520,#3590,.T.);
#3630=ORIENTED_EDGE('',*,*,#3620,.T.);
#3640=CARTESIAN_POINT('',(-46.699999999999,-11.7627016655251,
-5.15000000005228));
#3650=DIRECTION('',(-6.27443588540957E-27,4.08395604615809E-13,1.));
#3660=DIRECTION('',(2.56245203704498E-39,1.,-4.08395604615809E-13));
#3670=AXIS2_PLACEMENT_3D('',#3640,#3650,#3660);
#3680=CIRCLE('',#3670,0.5);
#3690=CARTESIAN_POINT('',(-47.199999999999,-11.7627016655249,
-5.14999999909247));
#3700=VERTEX_POINT('',#3690);
#3710=EDGE_CURVE('',#3610,#3700,#3680,.T.);
#3720=ORIENTED_EDGE('',*,*,#3710,.F.);
#3730=CARTESIAN_POINT('',(-47.1999999999945,-1.78399517380967E-11,
-5.15000000005708));
#3740=DIRECTION('',(3.85691478754779E-13,1.,-4.08395604615809E-13));
#3750=VECTOR('',#3740,1.);
#3760=LINE('',#3730,#3750);
#3770=CARTESIAN_POINT('',(-47.2000000000004,-15.2500000000006,
-5.14999999909247));
#3780=VERTEX_POINT('',#3770);
#3790=EDGE_CURVE('',#3780,#3700,#3760,.T.);
#3800=ORIENTED_EDGE('',*,*,#3790,.T.);
#3810=CARTESIAN_POINT('',(-1.27869270727388E-10,-15.2499999999882,
-5.15000000005085));
#3820=DIRECTION('',(-1.,-2.62512234172468E-13,1.00934406708502E-25));
#3830=VECTOR('',#3820,1.);
#3840=LINE('',#3810,#3830);
#3850=CARTESIAN_POINT('',(-36.9580919926421,-15.2499999999979,
-5.14999999909247));
#3860=VERTEX_POINT('',#3850);
#3870=EDGE_CURVE('',#3860,#3780,#3840,.T.);
#3880=ORIENTED_EDGE('',*,*,#3870,.T.);
#3890=CARTESIAN_POINT('',(-42.6000000000956,-11.1064659968271,
-5.15000000005255));
#3900=DIRECTION('',(-6.27443588540957E-27,4.08395604615809E-13,1.));
#3910=DIRECTION('',(1.,-3.96888553713865E-39,6.27443588540957E-27));
#3920=AXIS2_PLACEMENT_3D('',#3890,#3900,#3910);
#3930=CIRCLE('',#3920,7.);
#3940=CARTESIAN_POINT('',(-35.6000000000956,-11.1064659968271,
-5.14999999909247));
#3950=VERTEX_POINT('',#3940);
#3960=EDGE_CURVE('',#3860,#3950,#3930,.T.);
#3970=ORIENTED_EDGE('',*,*,#3960,.F.);
#3980=CARTESIAN_POINT('',(-35.6000000000956,-1.77973191739511E-11,
-5.15000000005708));
#3990=DIRECTION('',(0.,1.,-4.08395604615809E-13));
#4000=VECTOR('',#3990,1.);
#4010=LINE('',#3980,#4000);
#4020=CARTESIAN_POINT('',(-35.6000000000956,-10.550000000196,
-5.14999999909247));
#4030=VERTEX_POINT('',#4020);
#4040=EDGE_CURVE('',#3950,#4030,#4010,.T.);
#4050=ORIENTED_EDGE('',*,*,#4040,.F.);
#4060=CARTESIAN_POINT('',(-1.27869270727388E-10,-7.4354035786758,
-5.15000000005405));
#4070=DIRECTION('',(0.996194698091745,0.0871557427476619,
-3.55940222551651E-14));
#4080=VECTOR('',#4070,1.);
#4090=LINE('',#4060,#4080);
#4100=CARTESIAN_POINT('',(-36.5000000000956,-10.6287397973693,
-5.14999999909247));
#4110=VERTEX_POINT('',#4100);
#4120=EDGE_CURVE('',#4110,#4030,#4090,.T.);
#4130=ORIENTED_EDGE('',*,*,#4120,.T.);
#4140=CARTESIAN_POINT('',(-36.5000000000956,-1.77973191739511E-11,
-5.15000000005708));
#4150=DIRECTION('',(0.,-1.,4.08395604615809E-13));
#4160=VECTOR('',#4150,1.);
#4170=LINE('',#4140,#4160);
#4180=CARTESIAN_POINT('',(-36.5000000000956,-9.55000000020194,
-5.14999999909247));
#4190=VERTEX_POINT('',#4180);
#4200=EDGE_CURVE('',#4190,#4110,#4170,.T.);
#4210=ORIENTED_EDGE('',*,*,#4200,.T.);
#4220=CARTESIAN_POINT('',(-28.2000000000955,-9.55000000020194,
-5.15000000005318));
#4230=DIRECTION('',(-6.27443588540957E-27,4.08395604615809E-13,1.));
#4240=DIRECTION('',(1.,-3.96888553713865E-39,6.27443588540957E-27));
#4250=AXIS2_PLACEMENT_3D('',#4220,#4230,#4240);
#4260=CIRCLE('',#4250,8.3);
#4270=CARTESIAN_POINT('',(-35.8414214707629,-6.30983366077808,
-5.14999999909254));
#4280=VERTEX_POINT('',#4270);
#4290=EDGE_CURVE('',#4280,#4190,#4260,.T.);
#4300=ORIENTED_EDGE('',*,*,#4290,.T.);
#4310=CARTESIAN_POINT('',(-35.3810948761425,-6.50502440411697,
-5.15000000005443));
#4320=DIRECTION('',(-6.27443588540957E-27,4.08395604615809E-13,1.));
#4330=DIRECTION('',(1.,1.30593157730242E-26,6.27443588540424E-27));
#4340=AXIS2_PLACEMENT_3D('',#4310,#4320,#4330);
#4350=CIRCLE('',#4340,0.5);
#4360=CARTESIAN_POINT('',(-34.9207682815226,-6.70021514745703,
-5.14999999909239));
#4370=VERTEX_POINT('',#4360);
#4380=EDGE_CURVE('',#4370,#4280,#4350,.T.);
#4390=ORIENTED_EDGE('',*,*,#4380,.T.);
#4400=CARTESIAN_POINT('',(-28.2000000000955,-9.55000000020194,
-5.15000000005318));
#4410=DIRECTION('',(-6.27443588540957E-27,4.08395604615809E-13,1.));
#4420=DIRECTION('',(1.,-3.96888553713865E-39,6.27443588540957E-27));
#4430=AXIS2_PLACEMENT_3D('',#4400,#4410,#4420);
#4440=CIRCLE('',#4430,7.3);
#4450=CARTESIAN_POINT('',(-35.4938330116194,-9.25000000019602,
-5.14999999909259));
#4460=VERTEX_POINT('',#4450);
#4470=EDGE_CURVE('',#4370,#4460,#4440,.T.);
#4480=ORIENTED_EDGE('',*,*,#4470,.F.);
#4490=CARTESIAN_POINT('',(-18.9999999998239,-9.25000000019602,
-5.15000000005331));
#4500=DIRECTION('',(1.,-4.55159677833044E-39,6.27443588540957E-27));
#4510=VECTOR('',#4500,1.);
#4520=LINE('',#4490,#4510);
#4530=CARTESIAN_POINT('',(-9.50000000010494,-9.25000000019602,
-5.14999999909247));
#4540=VERTEX_POINT('',#4530);
#4550=EDGE_CURVE('',#4460,#4540,#4520,.T.);
#4560=ORIENTED_EDGE('',*,*,#4550,.F.);
#4570=CARTESIAN_POINT('',(-9.50000000010494,-8.85000000019598,
-5.15000000005347));
#4580=DIRECTION('',(7.11404881537541E-39,1.,-4.08395604615809E-13));
#4590=VECTOR('',#4580,1.);
#4600=LINE('',#4570,#4590);
#4610=CARTESIAN_POINT('',(-9.50000000010494,-9.05000000019567,
-5.14999999909247));
#4620=VERTEX_POINT('',#4610);
#4630=EDGE_CURVE('',#4540,#4620,#4600,.T.);
#4640=ORIENTED_EDGE('',*,*,#4630,.F.);
#4650=CARTESIAN_POINT('',(-1.27869270727388E-10,-9.05000000019567,
-5.15000000005339));
#4660=DIRECTION('',(-1.,4.55159677833044E-39,-6.27443588540957E-27));
#4670=VECTOR('',#4660,1.);
#4680=LINE('',#4650,#4670);
#4690=CARTESIAN_POINT('',(-4.08601046065262,-9.05000000019567,
-5.14999999909247));
#4700=VERTEX_POINT('',#4690);
#4710=EDGE_CURVE('',#4700,#4620,#4680,.T.);
#4720=ORIENTED_EDGE('',*,*,#4710,.T.);
#4730=CARTESIAN_POINT('',(-53.6623528601026,-4.71263206116415,
-5.15000000005516));
#4740=DIRECTION('',(-0.996194698091746,0.0871557427476591,
-3.55940222551764E-14));
#4750=VECTOR('',#4740,1.);
#4760=LINE('',#4730,#4750);
#4770=CARTESIAN_POINT('',(-1.80000000010484,-9.25000000019528,
-5.14999999909247));
#4780=VERTEX_POINT('',#4770);
#4790=EDGE_CURVE('',#4780,#4700,#4760,.T.);
#4800=ORIENTED_EDGE('',*,*,#4790,.T.);
#4810=CARTESIAN_POINT('',(-1.80000000010484,-15.5159316774794,
-5.15000000005075));
#4820=DIRECTION('',(-2.77555745326541E-17,-1.,4.08395604615809E-13));
#4830=VECTOR('',#4820,1.);
#4840=LINE('',#4810,#4830);
#4850=CARTESIAN_POINT('',(-1.80000000010484,-10.350000000196,
-5.14999999909247));
#4860=VERTEX_POINT('',#4850);
#4870=EDGE_CURVE('',#4780,#4860,#4840,.T.);
#4880=ORIENTED_EDGE('',*,*,#4870,.F.);
#4890=CARTESIAN_POINT('',(-56.1424008974583,-24.9110024354076,
-5.15000000004691));
#4900=DIRECTION('',(-0.96592582628908,-0.258819045102477,
1.05700560410706E-13));
#4910=VECTOR('',#4900,1.);
#4920=LINE('',#4890,#4910);
#4930=CARTESIAN_POINT('',(-3.100000000105,-10.6983339503565,
-5.14999999909247));
#4940=VERTEX_POINT('',#4930);
#4950=EDGE_CURVE('',#4860,#4940,#4920,.T.);
#4960=ORIENTED_EDGE('',*,*,#4950,.F.);
#4970=CARTESIAN_POINT('',(-3.10000000010822,-15.3563117483052,
-5.15000000005081));
#4980=DIRECTION('',(6.90211776620569E-13,1.,-4.08395604615809E-13));
#4990=VECTOR('',#4980,1.);
#5000=LINE('',#4970,#4990);
#5010=CARTESIAN_POINT('',(-3.10000000010531,-11.1500000002025,
-5.14999999909247));
#5020=VERTEX_POINT('',#5010);
#5030=EDGE_CURVE('',#5020,#4940,#5000,.T.);
#5040=ORIENTED_EDGE('',*,*,#5030,.T.);
#5050=CARTESIAN_POINT('',(6.2939726792711,-9.73462821190434,
-5.15000000005311));
#5060=DIRECTION('',(6.27443588540957E-27,-4.08395604615809E-13,-1.));
#5070=DIRECTION('',(-1.,3.96888553713865E-39,-6.27443588540957E-27));
#5080=AXIS2_PLACEMENT_3D('',#5050,#5060,#5070);
#5090=CIRCLE('',#5080,9.499999999999);
#5100=CARTESIAN_POINT('',(-1.44105634697257,-15.2500000002019,
-5.14999999909247));
#5110=VERTEX_POINT('',#5100);
#5120=EDGE_CURVE('',#5110,#5020,#5090,.T.);
#5130=ORIENTED_EDGE('',*,*,#5120,.T.);
#5140=CARTESIAN_POINT('',(-54.9561789555693,-15.2500000001988,
-5.15000000005085));
#5150=DIRECTION('',(-1.,5.79120085220097E-14,-2.99254456202716E-26));
#5160=VECTOR('',#5150,1.);
#5170=LINE('',#5140,#5160);
#5180=CARTESIAN_POINT('',(0.928617333343241,-15.2500000002021,
-5.14999999909247));
#5190=VERTEX_POINT('',#5180);
#5200=EDGE_CURVE('',#5190,#5110,#5170,.T.);
#5210=ORIENTED_EDGE('',*,*,#5200,.T.);
#5220=CARTESIAN_POINT('',(13.8105288186031,-1.77973191739511E-11,
-5.15000000005708));
#5230=DIRECTION('',(0.645301686548269,0.763927832545692,
-3.11984769055338E-13));
#5240=VECTOR('',#5230,1.);
#5250=LINE('',#5220,#5240);
#5260=CARTESIAN_POINT('',(8.69999999989531,-6.05000000004988,
-5.14999999909247));
#5270=VERTEX_POINT('',#5260);
#5280=EDGE_CURVE('',#5190,#5270,#5250,.T.);
#5290=ORIENTED_EDGE('',*,*,#5280,.F.);
#5300=CARTESIAN_POINT('',(8.69999999989531,-1.77973191739511E-11,
-5.15000000005708));
#5310=DIRECTION('',(2.56245203704497E-39,1.,-4.08395604615809E-13));
#5320=VECTOR('',#5310,1.);
#5330=LINE('',#5300,#5320);
#5340=CARTESIAN_POINT('',(8.69999999989531,-4.05000000005113,
-5.14999999909247));
#5350=VERTEX_POINT('',#5340);
#5360=EDGE_CURVE('',#5270,#5350,#5330,.T.);
#5370=ORIENTED_EDGE('',*,*,#5360,.F.);
#5380=CARTESIAN_POINT('',(22.4477270847629,1.94999999994882,
-5.15000000005788));
#5390=DIRECTION('',(6.27443588540957E-27,-4.08395604615809E-13,-1.));
#5400=DIRECTION('',(-1.,3.48301159325802E-43,-6.27443588540957E-27));
#5410=AXIS2_PLACEMENT_3D('',#5380,#5390,#5400);
#5420=CIRCLE('',#5410,15.);
#5430=CARTESIAN_POINT('',(8.69999999989404,7.94999999994586,
-5.14999999909492));
#5440=VERTEX_POINT('',#5430);
#5450=EDGE_CURVE('',#5350,#5440,#5420,.T.);
#5460=ORIENTED_EDGE('',*,*,#5450,.F.);
#5470=CARTESIAN_POINT('',(8.69999999989404,-1.77973191739511E-11,
-5.15000000005708));
#5480=DIRECTION('',(-2.56245203704497E-39,-1.,4.08395604615809E-13));
#5490=VECTOR('',#5480,1.);
#5500=LINE('',#5470,#5490);
#5510=CARTESIAN_POINT('',(8.69999999989404,12.7513896389046,
-5.14999999909247));
#5520=VERTEX_POINT('',#5510);
#5530=EDGE_CURVE('',#5520,#5440,#5500,.T.);
#5540=ORIENTED_EDGE('',*,*,#5530,.T.);
#5550=CARTESIAN_POINT('',(-18.9999999998239,22.833365127749,
-5.15000000006641));
#5560=DIRECTION('',(0.93969262078838,-0.342020143318877,
1.39679523221504E-13));
#5570=VECTOR('',#5560,1.);
#5580=LINE('',#5550,#5570);
#5590=CARTESIAN_POINT('',(8.12279168296543,12.9614762852324,
-5.14999999909247));
#5600=VERTEX_POINT('',#5590);
#5610=EDGE_CURVE('',#5600,#5520,#5580,.T.);
#5620=ORIENTED_EDGE('',*,*,#5610,.T.);
#5630=CARTESIAN_POINT('',(10.408249661865,2.30748753438093E-12,
-5.14999999909247));
#5640=DIRECTION('',(0.173648177666976,-0.9848077530122,0.));
#5650=VECTOR('',#5640,1.);
#5660=LINE('',#5630,#5650);
#5670=CARTESIAN_POINT('',(8.17002509759702,12.6936022795575,
-5.14999999909247));
#5680=VERTEX_POINT('',#5670);
#5690=EDGE_CURVE('',#5600,#5680,#5660,.T.);
#5700=ORIENTED_EDGE('',*,*,#5690,.F.);
#5710=CARTESIAN_POINT('',(0.,11.2530064217924,-5.14999999909247));
#5720=DIRECTION('',(-0.984807753012342,-0.173648177666171,0.));
#5730=VECTOR('',#5720,1.);
#5740=LINE('',#5710,#5730);
#5750=CARTESIAN_POINT('',(7.11576698757681,12.5077081301311,
-5.14999999909247));
#5760=VERTEX_POINT('',#5750);
#5770=EDGE_CURVE('',#5680,#5760,#5740,.T.);
#5780=ORIENTED_EDGE('',*,*,#5770,.F.);
#5790=CARTESIAN_POINT('',(10.8817071770538,-8.85000000019598,
-5.15000000005347));
#5800=DIRECTION('',(0.173648177667118,-0.984807753012175,
4.02191157721745E-13));
#5810=VECTOR('',#5800,1.);
#5820=LINE('',#5790,#5810);
#5830=CARTESIAN_POINT('',(6.0174422638323,18.7366171679323,
-5.14999999909247));
#5840=VERTEX_POINT('',#5830);
#5850=EDGE_CURVE('',#5840,#5760,#5820,.T.);
#5860=ORIENTED_EDGE('',*,*,#5850,.T.);
#5870=CARTESIAN_POINT('',(0.,17.6755797419629,-5.14999999909247));
#5880=DIRECTION('',(0.9848077530122,0.173648177666978,0.));
#5890=VECTOR('',#5880,1.);
#5900=LINE('',#5870,#5890);
#5910=EDGE_CURVE('',#5840,#110,#5900,.T.);
#5920=ORIENTED_EDGE('',*,*,#5910,.F.);
#5930=EDGE_LOOP('',(#5920,#5860,#5780,#5700,#5620,#5540,#5460,#5370,
#5290,#5210,#5130,#5040,#4960,#4880,#4800,#4720,#4640,#4560,#4480,#4390,
#4300,#4210,#4130,#4050,#3970,#3880,#3800,#3720,#3630,#3540,#3460,#3380,
#3300,#3220,#3140,#3050,#2970,#2890,#2810,#2730,#2650,#2570,#2490,#2410,
#2330,#2250,#2170,#2090,#2010,#1930,#1850,#1770,#1690,#1610,#1530,#1450,
#1360,#1280,#1200,#1120,#1040,#960,#880,#800,#710,#630,#550,#470,#390,
#310,#230,#150));
#5940=FACE_OUTER_BOUND('',#5930,.T.);
#5950=ADVANCED_FACE('',(#5940),#50,.T.);
#5960=COLOUR_RGB('',0.,0.443137288093567,0.709803938865662);
#5970=FILL_AREA_STYLE_COLOUR('',#5960);
#5980=FILL_AREA_STYLE('',(#5970));
#5990=SURFACE_STYLE_FILL_AREA(#5980);
#6000=SURFACE_SIDE_STYLE('',(#5990));
#6010=SURFACE_STYLE_USAGE(.BOTH.,#6000);
#6020=PRESENTATION_STYLE_ASSIGNMENT((#6010));
#6030=CARTESIAN_POINT('',(-2.9795388737838,-14.2049689285324,
1.00000000005124));
#6040=DIRECTION('',(0.,0.,-1.));
#6050=DIRECTION('',(-1.,0.,0.));
#6060=AXIS2_PLACEMENT_3D('',#6030,#6040,#6050);
#6070=PLANE('',#6060);
#6080=CARTESIAN_POINT('',(0.,-19.6241932050001,1.00000000101003));
#6090=DIRECTION('',(-0.766044443119846,0.642787609685505,0.));
#6100=VECTOR('',#6090,1.);
#6110=LINE('',#6080,#6100);
#6120=CARTESIAN_POINT('',(-45.6189337886941,18.6546373116889,
1.00000000101002));
#6130=VERTEX_POINT('',#6120);
#6140=CARTESIAN_POINT('',(-46.0872848053146,19.0476304769955,
1.00000000101003));
#6150=VERTEX_POINT('',#6140);
#6160=EDGE_CURVE('',#6130,#6150,#6110,.T.);
#6170=ORIENTED_EDGE('',*,*,#6160,.F.);
#6180=CARTESIAN_POINT('',(-49.4458959769847,-1.52855506030392E-11,
0.999999999942918));
#6190=DIRECTION('',(0.173648177667343,0.984807753012135,
-4.02191157721726E-13));
#6200=VECTOR('',#6190,1.);
#6210=LINE('',#6180,#6200);
#6220=CARTESIAN_POINT('',(-45.9193563628895,19.9999999995153,
1.00000000101003));
#6230=VERTEX_POINT('',#6220);
#6240=EDGE_CURVE('',#6150,#6230,#6210,.T.);
#6250=ORIENTED_EDGE('',*,*,#6240,.F.);
#6260=CARTESIAN_POINT('',(-1.27869270727388E-10,19.9999999995209,
0.999999999934749));
#6270=DIRECTION('',(-1.,-1.23069611928547E-13,4.39866526879824E-26));
#6280=VECTOR('',#6270,1.);
#6290=LINE('',#6260,#6280);
#6300=CARTESIAN_POINT('',(-40.2000000121906,19.9999999995153,
0.999999958618186));
#6310=VERTEX_POINT('',#6300);
#6320=EDGE_CURVE('',#6310,#6230,#6290,.T.);
#6330=ORIENTED_EDGE('',*,*,#6320,.T.);
#6340=CARTESIAN_POINT('',(-40.2000000156518,14.200000008606,
0.999999958620019));
#6350=DIRECTION('',(5.96800997509916E-10,1.,-2.44179943268183E-13));
#6360=VECTOR('',#6350,1.);
#6370=LINE('',#6340,#6360);
#6380=CARTESIAN_POINT('',(-40.2000000149954,15.3000000124952,
0.999999958619751));
#6390=VERTEX_POINT('',#6380);
#6400=EDGE_CURVE('',#6390,#6310,#6370,.T.);
#6410=ORIENTED_EDGE('',*,*,#6400,.T.);
#6420=CARTESIAN_POINT('',(-20.3083962650504,-15.2747698874259,
0.999999958685179));
#6430=DIRECTION('',(-2.57358917942565E-12,4.49792324984424E-13,1.));
#6440=DIRECTION('',(-0.642787609687217,-0.76604444311841,
-1.30971032584827E-12));
#6450=AXIS2_PLACEMENT_3D('',#6420,#6430,#6440);
#6460=PLANE('',#6450);
#6470=CARTESIAN_POINT('',(-41.2110368986731,15.3000000092072,
1.43336403170756));
#6480=DIRECTION('',(5.96801108532219E-10,1.,-2.44179943268183E-13));
#6490=DIRECTION('',(1.,-5.96800664282732E-10,1.44027031222411E-13));
#6500=AXIS2_PLACEMENT_3D('',#6470,#6480,#6490);
#6510=TOROIDAL_SURFACE('',#6500,2.,0.9);
#6520=CARTESIAN_POINT('',(-40.2000000149952,15.3000000124952,
0.999999958620234));
#6530=CARTESIAN_POINT('',(-40.2000000150751,15.2849180332168,
0.99999995862024));
#6540=CARTESIAN_POINT('',(-40.1995871564779,15.2698422487249,
0.999999958620248));
#6550=CARTESIAN_POINT('',(-40.1987647939545,15.25480616248,
0.999999958620257));
#6560=CARTESIAN_POINT('',(-40.1979424287024,15.2397700263446,
0.999999958620266));
#6570=CARTESIAN_POINT('',(-40.1967106051728,15.2247739577829,
0.999999958620275));
#6580=CARTESIAN_POINT('',(-40.195077158602,15.2098497547611,
0.999999958620286));
#6590=CARTESIAN_POINT('',(-40.1934430734651,15.1949197173944,
0.999999958620297));
#6600=CARTESIAN_POINT('',(-40.1914111438179,15.1800867079459,
0.999999958620311));
#6610=CARTESIAN_POINT('',(-40.1889815756392,15.1653088333172,
0.999999958620324));
#6620=CARTESIAN_POINT('',(-40.1865508498095,15.1505239172637,
0.999999958620336));
#6630=CARTESIAN_POINT('',(-40.1837178659792,15.1357761885551,
0.999999958635769));
#6640=CARTESIAN_POINT('',(-40.1804872944582,15.1210941990094,
0.999999958635784));
#6650=CARTESIAN_POINT('',(-40.177256734572,15.1064122623408,
0.999999958635798));
#6660=CARTESIAN_POINT('',(-40.1736286366082,15.09179635682,
0.999999958620395));
#6670=CARTESIAN_POINT('',(-40.16961154363,15.0772757454996,
0.999999958620412));
#6680=CARTESIAN_POINT('',(-40.1655944575656,15.0627551591704,
0.999999958620429));
#6690=CARTESIAN_POINT('',(-40.1611884534465,15.0483301494315,
0.999999958620446));
#6700=CARTESIAN_POINT('',(-40.1564058440432,15.0340296701085,
0.999999958620465));
#6710=CARTESIAN_POINT('',(-40.1516232347175,15.0197291910173,
0.999999958620484));
#6720=CARTESIAN_POINT('',(-40.1464641181289,15.0055535054712,
0.999999958620504));
#6730=CARTESIAN_POINT('',(-40.1409442507024,14.9915303809589,
0.999999958620524));
#6740=CARTESIAN_POINT('',(-40.1354243745697,14.9775072343289,
0.999999958620545));
#6750=CARTESIAN_POINT('',(-40.1295438605285,14.9636368864941,
0.999999958620567));
#6760=CARTESIAN_POINT('',(-40.1233214047535,14.9499451751468,
0.999999958620589));
#6770=CARTESIAN_POINT('',(-40.1170989294757,14.9362534208865,
0.999999958620612));
#6780=CARTESIAN_POINT('',(-40.1105346348692,14.9227405120129,
0.999999958620633));
#6790=CARTESIAN_POINT('',(-40.1036495062519,14.9094297285349,
0.999999958620657));
#6800=CARTESIAN_POINT('',(-40.0967672174556,14.8961244351856,
0.999999958620681));
#6810=CARTESIAN_POINT('',(-40.0895589838272,14.8830079417939,
0.999999958620706));
#6820=CARTESIAN_POINT('',(-40.0820044564253,14.8700385460406,
0.999999958620732));
#6830=CARTESIAN_POINT('',(-40.066900997651,14.8441093616364,
0.999999958620782));
#6840=CARTESIAN_POINT('',(-40.0504580999726,14.8188585829093,
0.999999958620835));
#6850=CARTESIAN_POINT('',(-40.0328015572549,14.7944517780607,
0.999999958620891));
#6860=CARTESIAN_POINT('',(-40.0151450924927,14.7700450809707,
0.999999958620947));
#6870=CARTESIAN_POINT('',(-39.9962778855991,14.7464864959,
0.999999958621007));
#6880=CARTESIAN_POINT('',(-39.9763564966537,14.7239239597859,
0.999999958621068));
#6890=CARTESIAN_POINT('',(-39.9564343011789,14.701360510214,
0.99999995862113));
#6900=CARTESIAN_POINT('',(-39.9354641750621,14.6797995139344,
0.999999958621068));
#6910=CARTESIAN_POINT('',(-39.9136140595874,14.6593510236554,
0.999999958621133));
#6920=CARTESIAN_POINT('',(-39.8917480734516,14.6388876807748,
0.999999958621199));
#6930=CARTESIAN_POINT('',(-39.8688409818125,14.6193888561328,
0.999999958621392));
#6940=CARTESIAN_POINT('',(-39.8450328086686,14.6009844136329,
0.999999958621461));
#6950=CARTESIAN_POINT('',(-39.8212247940681,14.5825800936918,
0.999999958621531));
#6960=CARTESIAN_POINT('',(-39.7965189293987,14.5652729493678,
0.999999958621603));
#6970=CARTESIAN_POINT('',(-39.7710793612471,14.5491725314161,
0.999999958621676));
#6980=CARTESIAN_POINT('',(-39.7456396516096,14.5330720239195,
0.999999958621748));
#6990=CARTESIAN_POINT('',(-39.7194699959729,14.5181805943221,
0.999999958621822));
#7000=CARTESIAN_POINT('',(-39.6927479000512,14.5045779123013,
0.999999958621897));
#7010=CARTESIAN_POINT('',(-39.6660516467426,14.4909883852684,
0.999999958621972));
#7020=CARTESIAN_POINT('',(-39.6387320111653,14.4786414281486,
0.999999958622048));
#7030=CARTESIAN_POINT('',(-39.6107710333057,14.4675504270754,
0.999999958622125));
#7040=CARTESIAN_POINT('',(-39.5828249411518,14.4564653305661,
0.999999958622202));
#7050=CARTESIAN_POINT('',(-39.5543039395451,14.4466679495128,
0.999999958622279));
#7060=CARTESIAN_POINT('',(-39.5253904856143,14.4382343393503,
0.999999958622357));
#7070=CARTESIAN_POINT('',(-39.4964769839594,14.4298007152675,
0.999999958622435));
#7080=CARTESIAN_POINT('',(-39.4671757123024,14.4227322380293,
0.999999958622515));
#7090=CARTESIAN_POINT('',(-39.4376779250671,14.4170704066535,
0.999999958622593));
#7100=CARTESIAN_POINT('',(-39.4229292177454,14.4142395267234,
0.999999958622633));
#7110=CARTESIAN_POINT('',(-39.4081318965491,14.4117598387402,
0.999999958622672));
#7120=CARTESIAN_POINT('',(-39.3933097043902,14.409633193818,
0.999999958622711));
#7130=CARTESIAN_POINT('',(-39.3784957821318,14.4075077354369,
0.99999995862275));
#7140=CARTESIAN_POINT('',(-39.3636109322711,14.4057281294548,
0.999999958622788));
#7150=CARTESIAN_POINT('',(-39.3486667733332,14.4043001649003,
0.999999958622827));
#7160=CARTESIAN_POINT('',(-39.3187800706954,14.4014443901327,
0.999999958622905));
#7170=CARTESIAN_POINT('',(-39.2886747548329,14.4000000073426,
0.999999958622984));
#7180=CARTESIAN_POINT('',(-39.2585524132392,14.4000000080418,
0.999999958623062));
#7190=B_SPLINE_CURVE_WITH_KNOTS('',3,(#6520,#6530,#6540,#6550,#6560,
#6570,#6580,#6590,#6600,#6610,#6620,#6630,#6640,#6650,#6660,#6670,#6680,
#6690,#6700,#6710,#6720,#6730,#6740,#6750,#6760,#6770,#6780,#6790,#6800,
#6810,#6820,#6830,#6840,#6850,#6860,#6870,#6880,#6890,#6900,#6910,#6920,
#6930,#6940,#6950,#6960,#6970,#6980,#6990,#7000,#7010,#7020,#7030,#7040,
#7050,#7060,#7070,#7080,#7090,#7100,#7110,#7120,#7130,#7140,#7150,#7160,
#7170,#7180),.UNSPECIFIED.,.F.,.F.,(4,3,3,3,3,3,3,3,3,3,3,3,3,3,3,3,3,3,
3,3,3,3,4),(0.,0.0452163513516298,0.0903293060953313,0.13529084270787,
0.180319419737967,0.225472732739379,0.270695397855277,0.315924989088253,
0.361095179362034,0.406138727393084,0.451089765038109,0.541316752167011,
0.631686126103537,0.721755011829565,0.811844125281124,0.90217445103155,
0.992343216322051,1.08232713012324,1.17263355455257,1.26289664373278,
1.30788804072546,1.35285256520271,1.44310358957038),.UNSPECIFIED.);
#7200=SURFACE_CURVE('',#7190,(#6460,#6510),.CURVE_3D.);
#7210=CARTESIAN_POINT('',(-39.258552413429,14.4000000080422,
0.999999958623063));
#7220=VERTEX_POINT('',#7210);
#7230=EDGE_CURVE('',#6390,#7220,#7200,.T.);
#7240=ORIENTED_EDGE('',*,*,#7230,.F.);
#7250=CARTESIAN_POINT('',(4.59169218760187,14.3999999818827,
0.999999958735914));
#7260=DIRECTION('',(-1.,5.96564631027974E-10,-2.57358917969399E-12));
#7270=VECTOR('',#7260,1.);
#7280=LINE('',#7250,#7270);
#7290=CARTESIAN_POINT('',(-39.0000000028327,14.400000007888,
0.999999958623729));
#7300=VERTEX_POINT('',#7290);
#7310=EDGE_CURVE('',#7300,#7220,#7280,.T.);
#7320=ORIENTED_EDGE('',*,*,#7310,.T.);
#7330=CARTESIAN_POINT('',(4.59169214792688,14.3999999345999,
0.999999958735914));
#7340=DIRECTION('',(1.,-4.84994822080865E-10,2.5735891796438E-12));
#7350=VECTOR('',#7340,1.);
#7360=LINE('',#7330,#7350);
#7370=CARTESIAN_POINT('',(-38.4000000026585,14.3999999558974,
0.999999958625272));
#7380=VERTEX_POINT('',#7370);
#7390=EDGE_CURVE('',#7300,#7380,#7360,.T.);
#7400=ORIENTED_EDGE('',*,*,#7390,.F.);
#7410=CARTESIAN_POINT('',(4.59169218760187,14.3999999818827,
0.999999958735914));
#7420=DIRECTION('',(-1.,5.96564631027974E-10,-2.57358917969399E-12));
#7430=VECTOR('',#7420,1.);
#7440=LINE('',#7410,#7430);
#7450=CARTESIAN_POINT('',(-38.1414475896044,14.4000000073758,
0.999999958625938));
#7460=VERTEX_POINT('',#7450);
#7470=EDGE_CURVE('',#7460,#7380,#7440,.T.);
#7480=ORIENTED_EDGE('',*,*,#7470,.T.);
#7490=CARTESIAN_POINT('',(-36.1889631054921,15.3000000062112,
1.43336403138828));
#7500=DIRECTION('',(5.96564242449915E-10,1.,-4.08396182824463E-13));
#7510=DIRECTION('',(1.,-5.96563798200553E-10,1.44403643769422E-13));
#7520=AXIS2_PLACEMENT_3D('',#7490,#7500,#7510);
#7530=TOROIDAL_SURFACE('',#7520,2.00000000000001,0.9);
#7540=CARTESIAN_POINT('',(-38.141447589225,14.4000000073758,
0.999999958625937));
#7550=CARTESIAN_POINT('',(-38.1113252468954,14.4000000067314,
0.999999958626014));
#7560=CARTESIAN_POINT('',(-38.0812199303036,14.4014443896468,
0.999999958626091));
#7570=CARTESIAN_POINT('',(-38.0513332269576,14.4043001646063,
0.999999958626167));
#7580=CARTESIAN_POINT('',(-38.0363890676644,14.4057281292568,
0.999999958626205));
#7590=CARTESIAN_POINT('',(-38.0215042174585,14.4075077353508,
0.999999958626243));
#7600=CARTESIAN_POINT('',(-38.0066902948528,14.4096331938608,
0.99999995862628));
#7610=CARTESIAN_POINT('',(-37.991868102344,14.4117598389125,
0.999999958626317));
#7620=CARTESIAN_POINT('',(-37.9770707808007,14.4142395270421,
0.999999958626353));
#7630=CARTESIAN_POINT('',(-37.9623220731365,14.4170704071354,
0.99999995862639));
#7640=CARTESIAN_POINT('',(-37.9328242852093,14.4227322388389,
0.999999958626464));
#7650=CARTESIAN_POINT('',(-37.9035230128858,14.4298007164712,
0.999999958626536));
#7660=CARTESIAN_POINT('',(-37.8746095106032,14.4382343410083,
0.999999958626607));
#7670=CARTESIAN_POINT('',(-37.8456960560379,14.446667951627,
0.999999958626677));
#7680=CARTESIAN_POINT('',(-37.8171750538293,14.456465333199,
0.999999958626746));
#7690=CARTESIAN_POINT('',(-37.7892289611185,14.4675504302818,
0.999999958626813));
#7700=CARTESIAN_POINT('',(-37.7612679826809,14.478641431937,
0.99999995862688));
#7710=CARTESIAN_POINT('',(-37.7339483466045,14.4909883896797,
0.999999958626944));
#7720=CARTESIAN_POINT('',(-37.7072520928387,14.504577917387,
0.999999958627007));
#7730=CARTESIAN_POINT('',(-37.6805299964453,14.5181806000901,
0.99999995862707));
#7740=CARTESIAN_POINT('',(-37.6543603403794,14.5330720304263,
0.999999958627131));
#7750=CARTESIAN_POINT('',(-37.6289206303683,14.54917253871,
0.999999958627189));
#7760=CARTESIAN_POINT('',(-37.6034810618428,14.5652729574489,
0.999999958627247));
#7770=CARTESIAN_POINT('',(-37.5787751968554,14.5825801026082,
0.999999958627302));
#7780=CARTESIAN_POINT('',(-37.5549671820032,14.6009844234223,
0.999999958627355));
#7790=CARTESIAN_POINT('',(-37.5311590086154,14.6193888667893,
0.999999958627408));
#7800=CARTESIAN_POINT('',(-37.5082519167909,14.638887692341,
0.999999958627333));
#7810=CARTESIAN_POINT('',(-37.4863859305377,14.6593510361644,
0.99999995862738));
#7820=CARTESIAN_POINT('',(-37.4645358149507,14.6797995273808,
0.999999958627427));
#7830=CARTESIAN_POINT('',(-37.443565688784,14.7013605246415,
0.999999958627597));
#7840=CARTESIAN_POINT('',(-37.4236434933386,14.7239239752233,
0.999999958627638));
#7850=CARTESIAN_POINT('',(-37.4037221044224,14.7464865123475,
0.999999958627679));
#7860=CARTESIAN_POINT('',(-37.3848548976365,14.7700450984575,
0.999999958627718));
#7870=CARTESIAN_POINT('',(-37.3671984330709,14.7944517966008,
0.999999958627752));
#7880=CARTESIAN_POINT('',(-37.3495418905499,14.8188586025026,
0.999999958627787));
#7890=CARTESIAN_POINT('',(-37.3330989931574,14.8441093822962,
0.999999958627816));
#7900=CARTESIAN_POINT('',(-37.3179955347644,14.8700385677637,
0.999999958627844));
#7910=CARTESIAN_POINT('',(-37.3104410075529,14.8830079640494,
0.999999958627857));
#7920=CARTESIAN_POINT('',(-37.3032327741397,14.8961244579692,
0.99999995862787));
#7930=CARTESIAN_POINT('',(-37.2963504855808,14.9094297518504,
0.999999958627882));
#7940=CARTESIAN_POINT('',(-37.2894653572012,14.9227405358604,
0.999999958627894));
#7950=CARTESIAN_POINT('',(-37.282901062856,14.9362534452681,
0.999999958627904));
#7960=CARTESIAN_POINT('',(-37.2766785878645,14.9499452000626,
0.999999958627914));
#7970=CARTESIAN_POINT('',(-37.2704561323766,14.9636369119419,
0.999999958627924));
#7980=CARTESIAN_POINT('',(-37.2645756186465,14.9775072603104,
0.999999958627934));
#7990=CARTESIAN_POINT('',(-37.2590557428498,14.9915304074734,
0.999999958627942));
#8000=CARTESIAN_POINT('',(-37.2535358757593,15.0055535325184,
0.99999995862795));
#8010=CARTESIAN_POINT('',(-37.2483767595333,15.0197292185922,
0.999999958627957));
#8020=CARTESIAN_POINT('',(-37.2435941505968,15.0340296982028,
0.999999958627962));
#8030=CARTESIAN_POINT('',(-37.2388115415826,15.0483301780454,
0.999999958627968));
#8040=CARTESIAN_POINT('',(-37.2344055378779,15.0627551882995,
0.999999958627974));
#8050=CARTESIAN_POINT('',(-37.2303884522531,15.0772757751362,
0.999999958627978));
#8060=CARTESIAN_POINT('',(-37.226371359715,15.0917963869624,
0.999999958627982));
#8070=CARTESIAN_POINT('',(-37.2227432622169,15.1064122929794,
0.999999958643401));
#8080=CARTESIAN_POINT('',(-37.2195127028213,15.1210942301317,
0.999999958643403));
#8090=CARTESIAN_POINT('',(-37.2162821317908,15.1357762201612,
0.999999958643405));
#8100=CARTESIAN_POINT('',(-37.2134491484758,15.150523949341,
0.999999958627987));
#8110=CARTESIAN_POINT('',(-37.2110184231846,15.1653088658505,
0.999999958627986));
#8120=CARTESIAN_POINT('',(-37.2085888555435,15.1800867409394,
0.999999958627986));
#8130=CARTESIAN_POINT('',(-37.2065569264587,15.194919750829,
0.999999958627987));
#8140=CARTESIAN_POINT('',(-37.204922841909,15.2098497886214,
0.999999958627984));
#8150=CARTESIAN_POINT('',(-37.2032893959246,15.2247739920749,
0.999999958627981));
#8160=CARTESIAN_POINT('',(-37.2020575730056,15.239770061054,
0.999999958627975));
#8170=CARTESIAN_POINT('',(-37.2012352083866,15.2548061975901,
0.999999958627971));
#8180=CARTESIAN_POINT('',(-37.2004128464962,15.2698422842372,
0.999999958627966));
#8190=CARTESIAN_POINT('',(-37.1999999885544,15.2849180691162,
0.999999958627961));
#8200=CARTESIAN_POINT('',(-37.1999999893102,15.3000000487638,
0.999999958627954));
#8210=B_SPLINE_CURVE_WITH_KNOTS('',3,(#7540,#7550,#7560,#7570,#7580,
#7590,#7600,#7610,#7620,#7630,#7640,#7650,#7660,#7670,#7680,#7690,#7700,
#7710,#7720,#7730,#7740,#7750,#7760,#7770,#7780,#7790,#7800,#7810,#7820,
#7830,#7840,#7850,#7860,#7870,#7880,#7890,#7900,#7910,#7920,#7930,#7940,
#7950,#7960,#7970,#7980,#7990,#8000,#8010,#8020,#8030,#8040,#8050,#8060,
#8070,#8080,#8090,#8100,#8110,#8120,#8130,#8140,#8150,#8160,#8170,#8180,
#8190,#8200),.UNSPECIFIED.,.F.,.F.,(4,3,3,3,3,3,3,3,3,3,3,3,3,3,3,3,3,3,
3,3,3,3,4),(0.,0.0902510265589044,0.135215552116737,0.180206950207384,
0.270470041596566,0.360776468227206,0.450760384202658,0.540929151695728,
0.631259479653303,0.721348595286428,0.811417483207863,0.901786859361343,
0.9920138486898,1.03696488742114,1.08200843654915,1.12717862793086,
1.17240822027704,1.21763088650545,1.26278420061295,1.30781277873767,
1.35277431643675,1.39788727227683,1.44310362473332),.UNSPECIFIED.);
#8220=SURFACE_CURVE('',#8210,(#6460,#7530),.CURVE_3D.);
#8230=CARTESIAN_POINT('',(-37.1999999893102,15.3000000495421,
0.999999958627858));
#8240=VERTEX_POINT('',#8230);
#8250=EDGE_CURVE('',#7460,#8240,#8220,.T.);
#8260=ORIENTED_EDGE('',*,*,#8250,.F.);
#8270=CARTESIAN_POINT('',(-37.1999999861484,20.600000006654,
0.999999958625692));
#8280=DIRECTION('',(5.96564242449915E-10,1.,-4.08396182824463E-13));
#8290=VECTOR('',#8280,1.);
#8300=LINE('',#8270,#8290);
#8310=CARTESIAN_POINT('',(-37.1999999865063,19.9999999995144,
0.999999958625865));
#8320=VERTEX_POINT('',#8310);
#8330=EDGE_CURVE('',#8240,#8320,#8300,.T.);
#8340=ORIENTED_EDGE('',*,*,#8330,.F.);
#8350=CARTESIAN_POINT('',(-28.7184997194956,19.9999999995174,
1.00000000101003));
#8360=VERTEX_POINT('',#8350);
#8370=EDGE_CURVE('',#8360,#8320,#6290,.T.);
#8380=ORIENTED_EDGE('',*,*,#8370,.T.);
#8390=CARTESIAN_POINT('',(-20.265561845509,-1.52855506030392E-11,
0.999999999942918));
#8400=DIRECTION('',(0.38930399709805,-0.92110933001652,
3.76177001749362E-13));
#8410=VECTOR('',#8400,1.);
#8420=LINE('',#8390,#8410);
#8430=CARTESIAN_POINT('',(-28.0000000001048,18.2999999993158,
1.00000000101003));
#8440=VERTEX_POINT('',#8430);
#8450=EDGE_CURVE('',#8360,#8440,#8420,.T.);
#8460=ORIENTED_EDGE('',*,*,#8450,.F.);
#8470=CARTESIAN_POINT('',(-28.0000000001047,-1.52855506030392E-11,
0.999999999942918));
#8480=DIRECTION('',(2.76167977375509E-15,-1.,4.08395604615809E-13));
#8490=VECTOR('',#8480,1.);
#8500=LINE('',#8470,#8490);
#8510=CARTESIAN_POINT('',(-28.0000000001048,14.0000000000983,
1.00000000101003));
#8520=VERTEX_POINT('',#8510);
#8530=EDGE_CURVE('',#8440,#8520,#8500,.T.);
#8540=ORIENTED_EDGE('',*,*,#8530,.F.);
#8550=CARTESIAN_POINT('',(-1.27869270727388E-10,14.0000000000985,
0.9999999999372));
#8560=DIRECTION('',(-1.,-5.53723733531797E-15,-4.01305249595116E-27));
#8570=VECTOR('',#8560,1.);
#8580=LINE('',#8550,#8570);
#8590=CARTESIAN_POINT('',(-20.000000000105,14.0000000000984,
1.00000000101003));
#8600=VERTEX_POINT('',#8590);
#8610=EDGE_CURVE('',#8600,#8520,#8580,.T.);
#8620=ORIENTED_EDGE('',*,*,#8610,.T.);
#8630=CARTESIAN_POINT('',(-20.0000000001049,-1.52855506030392E-11,
0.999999999942918));
#8640=DIRECTION('',(-5.53723733531797E-15,1.,-4.08395604615809E-13));
#8650=VECTOR('',#8640,1.);
#8660=LINE('',#8630,#8650);
#8670=CARTESIAN_POINT('',(-20.000000000105,18.3000000000977,
1.00000000101003));
#8680=VERTEX_POINT('',#8670);
#8690=EDGE_CURVE('',#8600,#8680,#8660,.T.);
#8700=ORIENTED_EDGE('',*,*,#8690,.F.);
#8710=CARTESIAN_POINT('',(-27.7344381550312,-1.52855506030392E-11,
0.999999999942918));
#8720=DIRECTION('',(0.38930399709805,0.92110933001652,
-3.76177001749357E-13));
#8730=VECTOR('',#8720,1.);
#8740=LINE('',#8710,#8730);
#8750=CARTESIAN_POINT('',(-19.2815002808615,19.9999999999505,
1.00000000101003));
#8760=VERTEX_POINT('',#8750);
#8770=EDGE_CURVE('',#8680,#8760,#8740,.T.);
#8780=ORIENTED_EDGE('',*,*,#8770,.F.);
#8790=CARTESIAN_POINT('',(-1.27869270727388E-10,19.9999999999505,
0.999999999934749));
#8800=DIRECTION('',(-1.,-2.15361062544105E-30,-6.27443588540957E-27));
#8810=VECTOR('',#8800,1.);
#8820=LINE('',#8790,#8810);
#8830=CARTESIAN_POINT('',(-18.9500000001045,19.9999999999505,
1.00000000101003));
#8840=VERTEX_POINT('',#8830);
#8850=EDGE_CURVE('',#8840,#8760,#8820,.T.);
#8860=ORIENTED_EDGE('',*,*,#8850,.T.);
#8870=CARTESIAN_POINT('',(-18.9500000001045,-1.52855506030392E-11,
0.999999999942918));
#8880=DIRECTION('',(2.56245203704497E-39,1.,-4.08395604615809E-13));
#8890=VECTOR('',#8880,1.);
#8900=LINE('',#8870,#8890);
#8910=CARTESIAN_POINT('',(-18.9500000001045,18.5499999999392,
1.00000000101003));
#8920=VERTEX_POINT('',#8910);
#8930=EDGE_CURVE('',#8920,#8840,#8900,.T.);
#8940=ORIENTED_EDGE('',*,*,#8930,.T.);
#8950=CARTESIAN_POINT('',(-1.27869270727388E-10,18.5499999999392,
0.999999999935342));
#8960=DIRECTION('',(-1.,1.09002891581404E-24,-6.27443588585474E-27));
#8970=VECTOR('',#8960,1.);
#8980=LINE('',#8950,#8970);
#8990=CARTESIAN_POINT('',(-18.0404163056522,18.5499999999392,
1.00000000101003));
#9000=VERTEX_POINT('',#8990);
#9010=EDGE_CURVE('',#9000,#8920,#8980,.T.);
#9020=ORIENTED_EDGE('',*,*,#9010,.T.);
#9030=CARTESIAN_POINT('',(-17.7404163056522,18.5500000000261,
0.999999999935342));
#9040=DIRECTION('',(-6.27443588540957E-27,4.08395604615809E-13,1.));
#9050=DIRECTION('',(1.,2.15361062527865E-30,6.27443588540957E-27));
#9060=AXIS2_PLACEMENT_3D('',#9030,#9040,#9050);
#9070=CIRCLE('',#9060,0.3);
#9080=CARTESIAN_POINT('',(-17.5282842712962,18.7621320343821,
1.00000000101003));
#9090=VERTEX_POINT('',#9080);
#9100=EDGE_CURVE('',#9090,#9000,#9070,.T.);
#9110=ORIENTED_EDGE('',*,*,#9100,.T.);
#9120=CARTESIAN_POINT('',(-18.9999999998239,20.2338477629097,
0.999999999934654));
#9130=DIRECTION('',(-0.707106781186549,0.707106781186546,
-2.88779301430623E-13));
#9140=VECTOR('',#9130,1.);
#9150=LINE('',#9120,#9140);
#9160=CARTESIAN_POINT('',(-16.6173355064958,17.8511832695817,
1.00000000101003));
#9170=VERTEX_POINT('',#9160);
#9180=EDGE_CURVE('',#9170,#9090,#9150,.T.);
#9190=ORIENTED_EDGE('',*,*,#9180,.T.);
#9200=CARTESIAN_POINT('',(-17.116388603327,17.8511832695817,
0.999999999935627));
#9210=DIRECTION('',(1.,-3.48301159325802E-43,6.27443588540957E-27));
#9220=VECTOR('',#9210,1.);
#9230=LINE('',#9200,#9220);
#9240=CARTESIAN_POINT('',(-17.2250000000081,17.8511832695817,
1.00000000101003));
#9250=VERTEX_POINT('',#9240);
#9260=EDGE_CURVE('',#9250,#9170,#9230,.T.);
#9270=ORIENTED_EDGE('',*,*,#9260,.T.);
#9280=CARTESIAN_POINT('',(-17.2249999999986,-8.85000000019358,
0.999999999946532));
#9290=DIRECTION('',(3.53580514818245E-13,-1.,4.08395604615809E-13));
#9300=VECTOR('',#9290,1.);
#9310=LINE('',#9280,#9300);
#9320=CARTESIAN_POINT('',(-17.2250000000077,16.7999999999497,
1.00000000101003));
#9330=VERTEX_POINT('',#9320);
#9340=EDGE_CURVE('',#9250,#9330,#9310,.T.);
#9350=ORIENTED_EDGE('',*,*,#9340,.F.);
#9360=CARTESIAN_POINT('',(-1.27869270727388E-10,16.7999999999487,
0.999999999936056));
#9370=DIRECTION('',(-1.,5.78842529463941E-14,-2.99141103651866E-26));
#9380=VECTOR('',#9370,1.);
#9390=LINE('',#9360,#9380);
#9400=CARTESIAN_POINT('',(-10.8749999999518,16.7999999999492,
1.00000000101003));
#9410=VERTEX_POINT('',#9400);
#9420=EDGE_CURVE('',#9410,#9330,#9390,.T.);
#9430=ORIENTED_EDGE('',*,*,#9420,.T.);
#9440=CARTESIAN_POINT('',(-10.8749999999624,-8.85000000019359,
0.999999999946532));
#9450=DIRECTION('',(-4.10618222704126E-13,-1.,4.08395604615809E-13));
#9460=VECTOR('',#9450,1.);
#9470=LINE('',#9440,#9460);
#9480=CARTESIAN_POINT('',(-10.8749999999514,17.8511832695816,
1.00000000101003));
#9490=VERTEX_POINT('',#9480);
#9500=EDGE_CURVE('',#9490,#9410,#9470,.T.);
#9510=ORIENTED_EDGE('',*,*,#9500,.T.);
#9520=CARTESIAN_POINT('',(-11.086388603327,17.8511832695817,
0.999999999935627));
#9530=DIRECTION('',(-1.,3.48301159325802E-43,-6.27443588540957E-27));
#9540=VECTOR('',#9530,1.);
#9550=LINE('',#9520,#9540);
#9560=CARTESIAN_POINT('',(-11.4826644934449,17.8511832695817,
1.00000000101003));
#9570=VERTEX_POINT('',#9560);
#9580=EDGE_CURVE('',#9490,#9570,#9550,.T.);
#9590=ORIENTED_EDGE('',*,*,#9580,.F.);
#9600=CARTESIAN_POINT('',(-18.9999999998239,10.3338477632036,
0.999999999938697));
#9610=DIRECTION('',(0.707106781186589,0.707106781186506,
-2.88779301430597E-13));
#9620=VECTOR('',#9610,1.);
#9630=LINE('',#9600,#9620);
#9640=CARTESIAN_POINT('',(-10.5717157286453,18.7621320343812,
1.00000000101003));
#9650=VERTEX_POINT('',#9640);
#9660=EDGE_CURVE('',#9570,#9650,#9630,.T.);
#9670=ORIENTED_EDGE('',*,*,#9660,.F.);
#9680=CARTESIAN_POINT('',(-10.3595836942893,18.5500000000252,
0.999999999935342));
#9690=DIRECTION('',(6.27443588540957E-27,-4.08395604615809E-13,-1.));
#9700=DIRECTION('',(-1.,5.70377078911993E-14,-2.95683850855358E-26));
#9710=AXIS2_PLACEMENT_3D('',#9680,#9690,#9700);
#9720=CIRCLE('',#9710,0.3);
#9730=CARTESIAN_POINT('',(-10.0595836942893,18.5499999999392,
1.00000000101003));
#9740=VERTEX_POINT('',#9730);
#9750=EDGE_CURVE('',#9650,#9740,#9720,.T.);
#9760=ORIENTED_EDGE('',*,*,#9750,.F.);
#9770=CARTESIAN_POINT('',(-1.27869270727388E-10,18.5499999999392,
0.999999999935342));
#9780=DIRECTION('',(-1.,1.09002891581404E-24,-6.27443588585474E-27));
#9790=VECTOR('',#9780,1.);
#9800=LINE('',#9770,#9790);
#9810=CARTESIAN_POINT('',(-9.14999999998986,18.5499999999392,
1.00000000101003));
#9820=VERTEX_POINT('',#9810);
#9830=EDGE_CURVE('',#9820,#9740,#9800,.T.);
#9840=ORIENTED_EDGE('',*,*,#9830,.T.);
#9850=CARTESIAN_POINT('',(-9.15000000009237,-1.52855506030392E-11,
0.999999999942918));
#9860=DIRECTION('',(-5.5261073494961E-12,-1.,4.08395604615809E-13));
#9870=VECTOR('',#9860,1.);
#9880=LINE('',#9850,#9870);
#9890=CARTESIAN_POINT('',(-9.14999999998185,20.0000000000203,
1.00000000101003));
#9900=VERTEX_POINT('',#9890);
#9910=EDGE_CURVE('',#9900,#9820,#9880,.T.);
#9920=ORIENTED_EDGE('',*,*,#9910,.T.);
#9930=CARTESIAN_POINT('',(-1.27869270727388E-10,20.0000000000191,
0.999999999934749));
#9940=DIRECTION('',(1.,-1.21042065259795E-13,5.57074833111299E-26));
#9950=VECTOR('',#9940,1.);
#9960=LINE('',#9930,#9950);
#9970=CARTESIAN_POINT('',(-1.30000026324818,20.0000000000306,1.000000001
));
#9980=VERTEX_POINT('',#9970);
#9990=EDGE_CURVE('',#9900,#9980,#9960,.T.);
#10000=ORIENTED_EDGE('',*,*,#9990,.F.);
#10010=CARTESIAN_POINT('',(-1.30000028320618,20.6000002856828,
1.00000000111638));
#10020=DIRECTION('',(-3.33473054725531E-8,1.,-1.97103449248299E-12));
#10030=VECTOR('',#10020,1.);
#10040=LINE('',#10010,#10030);
#10050=CARTESIAN_POINT('',(-1.30000010651742,15.3000003270144,
1.00000000100559));
#10060=VERTEX_POINT('',#10050);
#10070=EDGE_CURVE('',#10060,#9980,#10040,.T.);
#10080=ORIENTED_EDGE('',*,*,#10070,.T.);
#10090=CARTESIAN_POINT('',(-2.31103699027952,15.3000002521284,
1.43336407389655));
#10100=DIRECTION('',(3.33473054725531E-8,-1.,1.97103449248299E-12));
#10110=DIRECTION('',(-1.,-3.33473047419557E-8,5.78342723231336E-14));
#10120=AXIS2_PLACEMENT_3D('',#10090,#10100,#10110);
#10130=TOROIDAL_SURFACE('',#10120,2.00000000000001,0.9);
#10140=CARTESIAN_POINT('',(-3.0500001808604,-58.1370825759061,
1.00000000114962));
#10150=DIRECTION('',(2.01731889101091E-12,-4.0838816360769E-13,-1.));
#10160=DIRECTION('',(-1.20958798473724E-13,-1.,4.08388163607446E-13));
#10170=AXIS2_PLACEMENT_3D('',#10140,#10150,#10160);
#10180=PLANE('',#10170);
#10190=CARTESIAN_POINT('',(-0.35855247669153,14.4000003172377,
1.00000000112543));
#10200=CARTESIAN_POINT('',(-0.388674819013043,14.4000003155946,
1.00000000112536));
#10210=CARTESIAN_POINT('',(-0.418780135644942,14.4014446975111,
1.0000000011253));
#10220=CARTESIAN_POINT('',(-0.448666839078405,14.4043004714783,
1.00000000112524));
#10230=CARTESIAN_POINT('',(-0.463610998415107,14.4057284356327,
1.00000000112521));
#10240=CARTESIAN_POINT('',(-0.478495848676995,14.4075080412324,
1.00000000112518));
#10250=CARTESIAN_POINT('',(-0.493309771349035,14.4096334992502,
1.00000000112515));
#10260=CARTESIAN_POINT('',(-0.508131963923842,14.4117601438093,
1.00000000112512));
#10270=CARTESIAN_POINT('',(-0.522929285545088,14.414239831447,
1.00000000112509));
#10280=CARTESIAN_POINT('',(-0.537677993298844,14.4170707110497,
1.00000000112506));
#10290=CARTESIAN_POINT('',(-0.567175781398478,14.4227325417708,
1.000000001125));
#10300=CARTESIAN_POINT('',(-0.596477053948543,14.4298010184273,
1.00000000112493));
#10310=CARTESIAN_POINT('',(-0.625390556510126,14.4382346420034,
1.00000000112487));
#10320=CARTESIAN_POINT('',(-0.654304011347682,14.4466682516591,
1.00000000112481));
#10330=CARTESIAN_POINT('',(-0.682825013874413,14.4564656322804,
1.00000000112475));
#10340=CARTESIAN_POINT('',(-0.710771106946801,14.4675507284313,
1.00000000112469));
#10350=CARTESIAN_POINT('',(-0.738732085745548,14.4786417291538,
1.00000000112463));
#10360=CARTESIAN_POINT('',(-0.766051722228338,14.4909886859859,
1.00000000112457));
#10370=CARTESIAN_POINT('',(-0.792747976437093,14.5045782128003,
1.00000000112451));
#10380=CARTESIAN_POINT('',(-0.819470073274939,14.5181808946101,
1.00000000112445));
#10390=CARTESIAN_POINT('',(-0.84563972982873,14.5330723240708,
1.00000000112439));
#10400=CARTESIAN_POINT('',(-0.87107944036892,14.5491728315027,
1.00000000112433));
#10410=CARTESIAN_POINT('',(-0.896519009413586,14.5652732493837,
1.00000000112427));
#10420=CARTESIAN_POINT('',(-0.921224874971685,14.5825803937144,
1.00000000112422));
#10430=CARTESIAN_POINT('',(-0.945032890440257,14.6009847137373,
1.00000000112416));
#10440=CARTESIAN_POINT('',(-0.968841064443199,14.6193891563121,
1.0000000011241));
#10450=CARTESIAN_POINT('',(-0.991748156911817,14.6388879810959,
1.00000000112392));
#10460=CARTESIAN_POINT('',(-1.01361414383547,14.6593513241785,
1.00000000112387));
#10470=CARTESIAN_POINT('',(-1.03546426009824,14.67979981466,
1.00000000112382));
#10480=CARTESIAN_POINT('',(-1.05643438697744,14.7013608112136,
1.00000000112389));
#10490=CARTESIAN_POINT('',(-1.07635658317067,14.7239242611236,
1.00000000112385));
#10500=CARTESIAN_POINT('',(-1.09627797283458,14.7464867975758,
1.0000000011238));
#10510=CARTESIAN_POINT('',(-1.11514518040243,14.7700453830488,
1.00000000112375));
#10520=CARTESIAN_POINT('',(-1.13280164577947,14.7944520805954,
1.0000000011237));
#10530=CARTESIAN_POINT('',(-1.15045818911196,14.8188588859005,
1.00000000112366));
#10540=CARTESIAN_POINT('',(-1.16690108734516,14.8441096651378,
1.00000000112361));
#10550=CARTESIAN_POINT('',(-1.18200454660276,14.8700388500938,
1.00000000112357));
#10560=CARTESIAN_POINT('',(-1.18955907424637,14.8830082461232,
1.00000000112355));
#10570=CARTESIAN_POINT('',(-1.19676730809798,14.8961247398003,
1.00000000112353));
#10580=CARTESIAN_POINT('',(-1.20364959709981,14.9094300334457,
1.00000000112351));
#10590=CARTESIAN_POINT('',(-1.21053472592303,14.9227408172205,
1.00000000112349));
#10600=CARTESIAN_POINT('',(-1.21709902071891,14.9362537264039,
1.00000000112347));
#10610=CARTESIAN_POINT('',(-1.22332149616741,14.9499454809855,
1.00000000112346));
#10620=CARTESIAN_POINT('',(-1.22954395211325,14.9636371926539,
1.00000000112344));
#10630=CARTESIAN_POINT('',(-1.23542446630662,14.9775075408212,
1.00000000112342));
#10640=CARTESIAN_POINT('',(-1.2409443425713,14.9915306877927,
1.0000000011234));
#10650=CARTESIAN_POINT('',(-1.24646421013064,15.0055538126485,
1.00000000112339));
#10660=CARTESIAN_POINT('',(-1.25162332683087,15.0197294985452,
1.00000000112337));
#10670=CARTESIAN_POINT('',(-1.25640593624623,15.0340299779914,
1.00000000112336));
#10680=CARTESIAN_POINT('',(-1.26118854573919,15.0483304576696,
1.00000000112334));
#10690=CARTESIAN_POINT('',(-1.2655945499272,15.062755467772,
1.00000000112332));
#10700=CARTESIAN_POINT('',(-1.26961163603882,15.0772760544702,
1.00000000112331));
#10710=CARTESIAN_POINT('',(-1.27362872906372,15.0917966661578,
1.0000000011233));
#10720=CARTESIAN_POINT('',(-1.27725682705203,15.1064125720495,
1.0000000011387));
#10730=CARTESIAN_POINT('',(-1.28048738694045,15.1210945090898,
1.00000000113869));
#10740=CARTESIAN_POINT('',(-1.28371795846395,15.1357764990082,
1.00000000113868));
#10750=CARTESIAN_POINT('',(-1.28655094227416,15.1505242280895,
1.00000000112325));
#10760=CARTESIAN_POINT('',(-1.2889816680619,15.1653091445134,
1.00000000112324));
#10770=CARTESIAN_POINT('',(-1.29141123619888,15.1800870195137,
1.00000000112322));
#10780=CARTESIAN_POINT('',(-1.29344316578196,15.1949200293278,
1.00000000112321));
#10790=CARTESIAN_POINT('',(-1.29507725083412,15.2098500670656,
1.00000000112321));
#10800=CARTESIAN_POINT('',(-1.29671069732009,15.2247742704576,
1.0000000011232));
#10810=CARTESIAN_POINT('',(-1.2979425207436,15.2397703393904,
1.00000000112319));
#10820=CARTESIAN_POINT('',(-1.29876488586876,15.2548064758957,
1.00000000112318));
#10830=CARTESIAN_POINT('',(-1.29958724826528,15.2698425625104,
1.00000000112317));
#10840=CARTESIAN_POINT('',(-1.30000010671474,15.2849183473709,
1.00000000112316));
#10850=CARTESIAN_POINT('',(-1.30000010646703,15.3000003270143,
1.00000000112316));
#10860=B_SPLINE_CURVE_WITH_KNOTS('',3,(#10190,#10200,#10210,#10220,
#10230,#10240,#10250,#10260,#10270,#10280,#10290,#10300,#10310,#10320,
#10330,#10340,#10350,#10360,#10370,#10380,#10390,#10400,#10410,#10420,
#10430,#10440,#10450,#10460,#10470,#10480,#10490,#10500,#10510,#10520,
#10530,#10540,#10550,#10560,#10570,#10580,#10590,#10600,#10610,#10620,
#10630,#10640,#10650,#10660,#10670,#10680,#10690,#10700,#10710,#10720,
#10730,#10740,#10750,#10760,#10770,#10780,#10790,#10800,#10810,#10820,
#10830,#10840,#10850),.UNSPECIFIED.,.F.,.F.,(4,3,3,3,3,3,3,3,3,3,3,3,3,3
,3,3,3,3,3,3,3,3,4),(0.,0.0902510265356888,0.135215552082311,
0.18020695015949,0.270470041522938,0.360776468129881,0.450760384082148,
0.540929151548635,0.631259479481918,0.72134859509329,0.811417482987272,
0.901786859115688,0.992013848422122,1.036964887142,1.08200843625538,
1.1271786276234,1.17240821995689,1.21763088617363,1.26278420027044,
1.30781277838537,1.35277431607073,1.39788727189626,1.44310362433926),
.UNSPECIFIED.);
#10870=SURFACE_CURVE('',#10860,(#10130,#10180),.CURVE_3D.);
#10880=CARTESIAN_POINT('',(-0.35855247650181,14.4000003172377,
1.00000000100786));
#10890=VERTEX_POINT('',#10880);
#10900=EDGE_CURVE('',#10890,#10060,#10870,.T.);
#10910=ORIENTED_EDGE('',*,*,#10900,.T.);
#10920=CARTESIAN_POINT('',(-15.4834855429275,14.3999998128619,
1.00000000109491));
#10930=DIRECTION('',(1.,3.33473056390864E-8,2.01731887739445E-12));
#10940=VECTOR('',#10930,1.);
#10950=LINE('',#10920,#10940);
#10960=CARTESIAN_POINT('',(-0.100000063647656,14.4000002740076,
1.00000000100838));
#10970=VERTEX_POINT('',#10960);
#10980=EDGE_CURVE('',#10890,#10970,#10950,.T.);
#10990=ORIENTED_EDGE('',*,*,#10980,.F.);
#11000=CARTESIAN_POINT('',(-15.4834855429275,14.3999997623629,
1.00000000109491));
#11010=DIRECTION('',(-1.,-3.32435386481149E-8,-2.01731887743555E-12));
#11020=VECTOR('',#11010,1.);
#11030=LINE('',#11000,#11020);
#11040=CARTESIAN_POINT('',(0.499999936530591,14.4000002937105,
1.00000003125943));
#11050=VERTEX_POINT('',#11040);
#11060=EDGE_CURVE('',#11050,#10970,#11030,.T.);
#11070=ORIENTED_EDGE('',*,*,#11060,.T.);
#11080=CARTESIAN_POINT('',(-15.4834855429275,14.3999998128619,
1.00000000109491));
#11090=DIRECTION('',(1.,3.33473056390864E-8,2.01731887739445E-12));
#11100=VECTOR('',#11090,1.);
#11110=LINE('',#11080,#11100);
#11120=CARTESIAN_POINT('',(0.758552346753547,14.4000003544901,
1.00000000101011));
#11130=VERTEX_POINT('',#11120);
#11140=EDGE_CURVE('',#11050,#11130,#11110,.T.);
#11150=ORIENTED_EDGE('',*,*,#11140,.F.);
#11160=CARTESIAN_POINT('',(2.71103680290142,15.3000004196011,
1.43336407421627));
#11170=DIRECTION('',(3.33475422276131E-8,-1.,1.80681825292673E-12));
#11180=DIRECTION('',(-1.,-3.33475417190569E-8,5.77907266834188E-14));
#11190=AXIS2_PLACEMENT_3D('',#11160,#11170,#11180);
#11200=TOROIDAL_SURFACE('',#11190,2.,0.9);
#11210=CARTESIAN_POINT('',(1.69999991922338,15.3000003897762,
1.00000000112921));
#11220=CARTESIAN_POINT('',(1.69999991979729,15.2849184104952,
1.00000000112922));
#11230=CARTESIAN_POINT('',(1.69958706169369,15.2698426259877,
1.00000000112922));
#11240=CARTESIAN_POINT('',(1.69876469966254,15.2548065397146,
1.00000000112923));
#11250=CARTESIAN_POINT('',(1.69794233490279,15.2397704035518,
1.00000000112923));
#11260=CARTESIAN_POINT('',(1.69671051186412,15.2247743349478,
1.00000000112923));
#11270=CARTESIAN_POINT('',(1.69507706578151,15.2098501318691,
1.00000000112924));
#11280=CARTESIAN_POINT('',(1.69344298113313,15.194920094447,
1.00000000112924));
#11290=CARTESIAN_POINT('',(1.69141105197124,15.18008708493,
1.00000000112924));
#11300=CARTESIAN_POINT('',(1.68898148427593,15.1653092102199,
1.00000000112924));
#11310=CARTESIAN_POINT('',(1.68655075892982,15.1505242940848,
1.00000000112924));
#11320=CARTESIAN_POINT('',(1.6837177755818,15.1357765652815,
1.00000000114466));
#11330=CARTESIAN_POINT('',(1.68048720454076,15.1210945756281,
1.00000000114466));
#11340=CARTESIAN_POINT('',(1.67725664513461,15.1064126388519,
1.00000000114466));
#11350=CARTESIAN_POINT('',(1.67362854764857,15.0917967332104,
1.00000000112924));
#11360=CARTESIAN_POINT('',(1.66961145514491,15.0772761217567,
1.00000000112924));
#11370=CARTESIAN_POINT('',(1.66559436955451,15.0627555352924,
1.00000000112924));
#11380=CARTESIAN_POINT('',(1.66118836590664,15.0483305254074,
1.00000000112924));
#11390=CARTESIAN_POINT('',(1.65640575697114,15.0340300459279,
1.00000000112923));
#11400=CARTESIAN_POINT('',(1.65162314811323,15.0197295666804,
1.00000000112923));
#11410=CARTESIAN_POINT('',(1.64646403198773,15.0055538809636,
1.00000000112922));
#11420=CARTESIAN_POINT('',(1.64094416501827,14.991530756267,
1.00000000112922));
#11430=CARTESIAN_POINT('',(1.63542428934264,14.9775076094525,
1.00000000112921));
#11440=CARTESIAN_POINT('',(1.62954377575418,14.9636372614237,
1.00000000112921));
#11450=CARTESIAN_POINT('',(1.62332132042694,14.9499455498733,
1.0000000011292));
#11460=CARTESIAN_POINT('',(1.61709884559611,14.9362537954077,
1.00000000112919));
#11470=CARTESIAN_POINT('',(1.6105345514305,14.9227408863178,
1.00000000112918));
#11480=CARTESIAN_POINT('',(1.60364942324751,14.909430102613,
1.00000000112918));
#11490=CARTESIAN_POINT('',(1.59676713488257,14.8961248090317,
1.00000000112917));
#11500=CARTESIAN_POINT('',(1.58955890168159,14.8830083154025,
1.00000000112916));
#11510=CARTESIAN_POINT('',(1.58200437470576,14.8700389194059,
1.00000000112915));
#11520=CARTESIAN_POINT('',(1.56690091677687,14.8441097345045,
1.00000000112913));
#11530=CARTESIAN_POINT('',(1.55045801992145,14.8188589552366,
1.00000000112911));
#11540=CARTESIAN_POINT('',(1.53280147799892,14.7944521498079,
1.00000000112908));
#11550=CARTESIAN_POINT('',(1.51514501403181,14.7700454521378,
1.00000000112905));
#11560=CARTESIAN_POINT('',(1.49627780790543,14.7464868664476,
1.00000000112903));
#11570=CARTESIAN_POINT('',(1.47635641969438,14.72392432968,
1.00000000112899));
#11580=CARTESIAN_POINT('',(1.45643422495394,14.7013608794544,
1.00000000112896));
#11590=CARTESIAN_POINT('',(1.43546409953879,14.6797998824873,
1.0000000011288));
#11600=CARTESIAN_POINT('',(1.41361398472889,14.6593513914922,
1.00000000112877));
#11610=CARTESIAN_POINT('',(1.39174799925828,14.6388880478949,
1.00000000112873));
#11620=CARTESIAN_POINT('',(1.36884090825258,14.6193892225024,
1.00000000112882));
#11630=CARTESIAN_POINT('',(1.34503273570618,14.6009847792228,
1.00000000112878));
#11640=CARTESIAN_POINT('',(1.32122472169411,14.5825804584952,
1.00000000112874));
#11650=CARTESIAN_POINT('',(1.29651885758559,14.5652733133636,
1.0000000011287));
#11660=CARTESIAN_POINT('',(1.27107928996571,14.5491728945859,
1.00000000112865));
#11670=CARTESIAN_POINT('',(1.24563958086239,14.5330723862649,
1.00000000112861));
#11680=CARTESIAN_POINT('',(1.21946992570875,14.5181809558106,
1.00000000112856));
#11690=CARTESIAN_POINT('',(1.19274783021472,14.5045782729102,
1.00000000112851));
#11700=CARTESIAN_POINT('',(1.16605157734624,14.490988745005,
1.00000000112846));
#11710=CARTESIAN_POINT('',(1.13873194216732,14.4786417869924,
1.00000000112841));
#11720=CARTESIAN_POINT('',(1.11077096466554,14.4675507850061,
1.00000000112836));
#11730=CARTESIAN_POINT('',(1.08282487286925,14.4564656875841,
1.00000000112831));
#11740=CARTESIAN_POINT('',(1.05430387157801,14.4466683055998,
1.00000000112826));
#11750=CARTESIAN_POINT('',(1.02539041791829,14.438234694494,
1.0000000011282));
#11760=CARTESIAN_POINT('',(0.996476916541303,14.4298010694697,
1.00000000112815));
#11770=CARTESIAN_POINT('',(0.967175645110945,14.4227325912753,
1.00000000112809));
#11780=CARTESIAN_POINT('',(0.937677858049537,14.4170707589365,
1.00000000112803));
#11790=CARTESIAN_POINT('',(0.922929150818322,14.4142398785256,
1.000000001128));
#11800=CARTESIAN_POINT('',(0.908131829700972,14.4117601900601,
1.00000000112798));
#11810=CARTESIAN_POINT('',(0.893309637609605,14.4096335446548,
1.00000000112795));
#11820=CARTESIAN_POINT('',(0.87849571541855,14.407508085791,
1.00000000112792));
#11830=CARTESIAN_POINT('',(0.863610865613392,14.4057284793239,
1.00000000112789));
#11840=CARTESIAN_POINT('',(0.84866670671993,14.4043005142826,
1.00000000112786));
#11850=CARTESIAN_POINT('',(0.818780004170903,14.4014447385413,
1.0000000011278));
#11860=CARTESIAN_POINT('',(0.788674688351215,14.400000354771,
1.00000000112774));
#11870=CARTESIAN_POINT('',(0.758552346753548,14.4000003544897,
1.00000000112768));
#11880=B_SPLINE_CURVE_WITH_KNOTS('',3,(#11210,#11220,#11230,#11240,
#11250,#11260,#11270,#11280,#11290,#11300,#11310,#11320,#11330,#11340,
#11350,#11360,#11370,#11380,#11390,#11400,#11410,#11420,#11430,#11440,
#11450,#11460,#11470,#11480,#11490,#11500,#11510,#11520,#11530,#11540,
#11550,#11560,#11570,#11580,#11590,#11600,#11610,#11620,#11630,#11640,
#11650,#11660,#11670,#11680,#11690,#11700,#11710,#11720,#11730,#11740,
#11750,#11760,#11770,#11780,#11790,#11800,#11810,#11820,#11830,#11840,
#11850,#11860,#11870),.UNSPECIFIED.,.F.,.F.,(4,3,3,3,3,3,3,3,3,3,3,3,3,3
,3,3,3,3,3,3,3,3,4),(0.,0.0452163513575613,0.0903293061071623,
0.135290842725597,0.180319419761685,0.225472732769093,0.270695397890959,
0.315924989129863,0.361095179409488,0.406138727446271,0.451089765097287,
0.541316752238297,0.631686126186641,0.721755011924058,0.811844125387947,
0.902174451150297,0.992343216452154,1.08232713026554,1.172633554707,
1.26289664389863,1.30788804089675,1.35285256538032,1.44310358976048),
.UNSPECIFIED.);
#11890=SURFACE_CURVE('',#11880,(#11200,#10180),.CURVE_3D.);
#11900=CARTESIAN_POINT('',(1.69999991927378,15.3000003897762,
1.00000000101165));
#11910=VERTEX_POINT('',#11900);
#11920=EDGE_CURVE('',#11910,#11130,#11890,.T.);
#11930=ORIENTED_EDGE('',*,*,#11920,.T.);
#11940=CARTESIAN_POINT('',(1.69999995590426,14.200000385887,
1.00000000113448));
#11950=DIRECTION('',(-3.33475422276131E-8,1.,-1.80681825292673E-12));
#11960=VECTOR('',#11950,1.);
#11970=LINE('',#11940,#11960);
#11980=CARTESIAN_POINT('',(1.69999976253893,20.0000000000303,
1.00000000100973));
#11990=VERTEX_POINT('',#11980);
#12000=EDGE_CURVE('',#11910,#11990,#11970,.T.);
#12010=ORIENTED_EDGE('',*,*,#12000,.F.);
#12020=CARTESIAN_POINT('',(7.41935636258978,20.0000000000183,
1.00000000101003));
#12030=VERTEX_POINT('',#12020);
#12040=EDGE_CURVE('',#11990,#12030,#9960,.T.);
#12050=ORIENTED_EDGE('',*,*,#12040,.F.);
#12060=CARTESIAN_POINT('',(10.9458959767736,-1.52855506030392E-11,
0.999999999942918));
#12070=DIRECTION('',(0.173648177667343,-0.984807753012135,
4.02191157721728E-13));
#12080=VECTOR('',#12070,1.);
#12090=LINE('',#12060,#12080);
#12100=CARTESIAN_POINT('',(7.58728480510355,19.0476304769956,
1.00000000101003));
#12110=VERTEX_POINT('',#12100);
#12120=EDGE_CURVE('',#12030,#12110,#12090,.T.);
#12130=ORIENTED_EDGE('',*,*,#12120,.F.);
#12140=CARTESIAN_POINT('',(0.,12.6811425954136,1.00000000101003));
#12150=DIRECTION('',(-0.766044443119846,-0.642787609685505,0.));
#12160=VECTOR('',#12150,1.);
#12170=LINE('',#12140,#12160);
#12180=CARTESIAN_POINT('',(7.11893378848356,18.6546373116893,
1.00000000101003));
#12190=VERTEX_POINT('',#12180);
#12200=EDGE_CURVE('',#12110,#12190,#12170,.T.);
#12210=ORIENTED_EDGE('',*,*,#12200,.F.);
#12220=CARTESIAN_POINT('',(10.4082496618658,2.30748753438093E-12,
1.00000000101003));
#12230=DIRECTION('',(0.17364817766698,-0.984807753012199,0.));
#12240=VECTOR('',#12230,1.);
#12250=LINE('',#12220,#12240);
#12260=CARTESIAN_POINT('',(7.07170037385296,18.9225113173622,
1.00000000101003));
#12270=VERTEX_POINT('',#12260);
#12280=EDGE_CURVE('',#12270,#12190,#12250,.T.);
#12290=ORIENTED_EDGE('',*,*,#12280,.T.);
#12300=CARTESIAN_POINT('',(0.,17.6755797419654,1.00000000101003));
#12310=DIRECTION('',(0.9848077530122,0.173648177666978,0.));
#12320=VECTOR('',#12310,1.);
#12330=LINE('',#12300,#12320);
#12340=CARTESIAN_POINT('',(6.0174422638325,18.7366171679348,
1.00000000101003));
#12350=VERTEX_POINT('',#12340);
#12360=EDGE_CURVE('',#12350,#12270,#12330,.T.);
#12370=ORIENTED_EDGE('',*,*,#12360,.T.);
#12380=CARTESIAN_POINT('',(10.8817071770538,-8.85000000019347,
0.999999999946532));
#12390=DIRECTION('',(0.173648177667118,-0.984807753012175,
4.02191157721745E-13));
#12400=VECTOR('',#12390,1.);
#12410=LINE('',#12380,#12400);
#12420=CARTESIAN_POINT('',(7.11576698757707,12.5077081301332,
1.00000000101003));
#12430=VERTEX_POINT('',#12420);
#12440=EDGE_CURVE('',#12350,#12430,#12410,.T.);
#12450=ORIENTED_EDGE('',*,*,#12440,.F.);
#12460=CARTESIAN_POINT('',(0.,11.2530064217948,1.00000000101003));
#12470=DIRECTION('',(-0.984807753012342,-0.173648177666171,0.));
#12480=VECTOR('',#12470,1.);
#12490=LINE('',#12460,#12480);
#12500=CARTESIAN_POINT('',(8.17002509759702,12.69360227956,
1.00000000101003));
#12510=VERTEX_POINT('',#12500);
#12520=EDGE_CURVE('',#12510,#12430,#12490,.T.);
#12530=ORIENTED_EDGE('',*,*,#12520,.T.);
#12540=CARTESIAN_POINT('',(10.4082496618657,2.30748753438093E-12,
1.00000000101003));
#12550=DIRECTION('',(0.173648177666976,-0.9848077530122,0.));
#12560=VECTOR('',#12550,1.);
#12570=LINE('',#12540,#12560);
#12580=CARTESIAN_POINT('',(8.12279168296563,12.9614762852349,
1.00000000101003));
#12590=VERTEX_POINT('',#12580);
#12600=EDGE_CURVE('',#12590,#12510,#12570,.T.);
#12610=ORIENTED_EDGE('',*,*,#12600,.T.);
#12620=CARTESIAN_POINT('',(-18.9999999998239,22.8333651277515,
0.999999999933593));
#12630=DIRECTION('',(0.93969262078838,-0.342020143318877,
1.39679523221504E-13));
#12640=VECTOR('',#12630,1.);
#12650=LINE('',#12620,#12640);
#12660=CARTESIAN_POINT('',(8.69999999989404,12.7513896389071,
1.00000000101003));
#12670=VERTEX_POINT('',#12660);
#12680=EDGE_CURVE('',#12590,#12670,#12650,.T.);
#12690=ORIENTED_EDGE('',*,*,#12680,.F.);
#12700=CARTESIAN_POINT('',(8.69999999989404,-1.52855506030392E-11,
0.999999999942918));
#12710=DIRECTION('',(-2.56245203704497E-39,-1.,4.08395604615809E-13));
#12720=VECTOR('',#12710,1.);
#12730=LINE('',#12700,#12720);
#12740=CARTESIAN_POINT('',(8.69999999989404,7.94999999994837,
1.00000000100757));
#12750=VERTEX_POINT('',#12740);
#12760=EDGE_CURVE('',#12670,#12750,#12730,.T.);
#12770=ORIENTED_EDGE('',*,*,#12760,.F.);
#12780=CARTESIAN_POINT('',(22.4477270847629,1.94999999995133,
0.999999999942121));
#12790=DIRECTION('',(6.27443588540957E-27,-4.08395604615809E-13,-1.));
#12800=DIRECTION('',(-1.,3.48301159325802E-43,-6.27443588540957E-27));
#12810=AXIS2_PLACEMENT_3D('',#12780,#12790,#12800);
#12820=CIRCLE('',#12810,15.);
#12830=CARTESIAN_POINT('',(8.69999999989531,-4.05000000004861,
1.00000000101003));
#12840=VERTEX_POINT('',#12830);
#12850=EDGE_CURVE('',#12840,#12750,#12820,.T.);
#12860=ORIENTED_EDGE('',*,*,#12850,.T.);
#12870=CARTESIAN_POINT('',(8.69999999989531,-1.52855506030392E-11,
0.999999999942918));
#12880=DIRECTION('',(2.56245203704497E-39,1.,-4.08395604615809E-13));
#12890=VECTOR('',#12880,1.);
#12900=LINE('',#12870,#12890);
#12910=CARTESIAN_POINT('',(8.69999999989531,-6.05000000004737,
1.00000000101003));
#12920=VERTEX_POINT('',#12910);
#12930=EDGE_CURVE('',#12920,#12840,#12900,.T.);
#12940=ORIENTED_EDGE('',*,*,#12930,.T.);
#12950=CARTESIAN_POINT('',(13.8105288186031,-1.52855506030392E-11,
0.999999999942918));
#12960=DIRECTION('',(0.645301686548269,0.763927832545692,
-3.11984769055338E-13));
#12970=VECTOR('',#12960,1.);
#12980=LINE('',#12950,#12970);
#12990=CARTESIAN_POINT('',(0.928617333343241,-15.2500000001996,
1.00000000101003));
#13000=VERTEX_POINT('',#12990);
#13010=EDGE_CURVE('',#13000,#12920,#12980,.T.);
#13020=ORIENTED_EDGE('',*,*,#13010,.T.);
#13030=CARTESIAN_POINT('',(-54.9561789555693,-15.2500000001963,
0.999999999949146));
#13040=DIRECTION('',(-1.,5.79120085220097E-14,-2.99254456202716E-26));
#13050=VECTOR('',#13040,1.);
#13060=LINE('',#13030,#13050);
#13070=CARTESIAN_POINT('',(-1.44105634697257,-15.2500000001994,
1.00000000101003));
#13080=VERTEX_POINT('',#13070);
#13090=EDGE_CURVE('',#13000,#13080,#13060,.T.);
#13100=ORIENTED_EDGE('',*,*,#13090,.F.);
#13110=CARTESIAN_POINT('',(6.2939726792711,-9.73462821190182,
0.999999999946893));
#13120=DIRECTION('',(6.27443588540957E-27,-4.08395604615809E-13,-1.));
#13130=DIRECTION('',(-1.,3.96888553713865E-39,-6.27443588540957E-27));
#13140=AXIS2_PLACEMENT_3D('',#13110,#13120,#13130);
#13150=CIRCLE('',#13140,9.499999999999);
#13160=CARTESIAN_POINT('',(-3.10000000010531,-11.1500000002,
1.00000000101003));
#13170=VERTEX_POINT('',#13160);
#13180=EDGE_CURVE('',#13080,#13170,#13150,.T.);
#13190=ORIENTED_EDGE('',*,*,#13180,.F.);
#13200=CARTESIAN_POINT('',(-3.10000000010822,-15.3563117483027,
0.999999999949189));
#13210=DIRECTION('',(6.90211776620569E-13,1.,-4.08395604615809E-13));
#13220=VECTOR('',#13210,1.);
#13230=LINE('',#13200,#13220);
#13240=CARTESIAN_POINT('',(-3.100000000105,-10.698333950354,
1.00000000101003));
#13250=VERTEX_POINT('',#13240);
#13260=EDGE_CURVE('',#13170,#13250,#13230,.T.);
#13270=ORIENTED_EDGE('',*,*,#13260,.F.);
#13280=CARTESIAN_POINT('',(-56.1424008974583,-24.911002435405,
0.999999999953091));
#13290=DIRECTION('',(-0.96592582628908,-0.258819045102477,
1.05700560410706E-13));
#13300=VECTOR('',#13290,1.);
#13310=LINE('',#13280,#13300);
#13320=CARTESIAN_POINT('',(-1.80000000010484,-10.3500000001935,
1.00000000101003));
#13330=VERTEX_POINT('',#13320);
#13340=EDGE_CURVE('',#13330,#13250,#13310,.T.);
#13350=ORIENTED_EDGE('',*,*,#13340,.T.);
#13360=CARTESIAN_POINT('',(-1.80000000010484,-15.5159316774769,
0.999999999949254));
#13370=DIRECTION('',(-2.77555745326541E-17,-1.,4.08395604615809E-13));
#13380=VECTOR('',#13370,1.);
#13390=LINE('',#13360,#13380);
#13400=CARTESIAN_POINT('',(-1.80000000010484,-9.25000000019277,
1.00000000101003));
#13410=VERTEX_POINT('',#13400);
#13420=EDGE_CURVE('',#13410,#13330,#13390,.T.);
#13430=ORIENTED_EDGE('',*,*,#13420,.T.);
#13440=CARTESIAN_POINT('',(-53.6623528601026,-4.71263206116164,
0.999999999944842));
#13450=DIRECTION('',(-0.996194698091746,0.0871557427476591,
-3.55940222551764E-14));
#13460=VECTOR('',#13450,1.);
#13470=LINE('',#13440,#13460);
#13480=CARTESIAN_POINT('',(-4.08601046065256,-9.05000000019316,
1.00000000101003));
#13490=VERTEX_POINT('',#13480);
#13500=EDGE_CURVE('',#13410,#13490,#13470,.T.);
#13510=ORIENTED_EDGE('',*,*,#13500,.F.);
#13520=CARTESIAN_POINT('',(-1.27869270727388E-10,-9.05000000019316,
0.999999999946613));
#13530=DIRECTION('',(-1.,4.55159677833044E-39,-6.27443588540957E-27));
#13540=VECTOR('',#13530,1.);
#13550=LINE('',#13520,#13540);
#13560=CARTESIAN_POINT('',(-9.50000000010494,-9.05000000019316,
1.00000000101003));
#13570=VERTEX_POINT('',#13560);
#13580=EDGE_CURVE('',#13490,#13570,#13550,.T.);
#13590=ORIENTED_EDGE('',*,*,#13580,.F.);
#13600=CARTESIAN_POINT('',(-9.50000000010494,-8.85000000019347,
0.999999999946532));
#13610=DIRECTION('',(7.11404881537541E-39,1.,-4.08395604615809E-13));
#13620=VECTOR('',#13610,1.);
#13630=LINE('',#13600,#13620);
#13640=CARTESIAN_POINT('',(-9.50000000010494,-9.25000000019351,
1.00000000101003));
#13650=VERTEX_POINT('',#13640);
#13660=EDGE_CURVE('',#13650,#13570,#13630,.T.);
#13670=ORIENTED_EDGE('',*,*,#13660,.T.);
#13680=CARTESIAN_POINT('',(-18.9999999998239,-9.25000000019351,
0.999999999946695));
#13690=DIRECTION('',(1.,-4.55159677833044E-39,6.27443588540957E-27));
#13700=VECTOR('',#13690,1.);
#13710=LINE('',#13680,#13700);
#13720=CARTESIAN_POINT('',(-35.4938330116194,-9.25000000019351,
1.0000000010099));
#13730=VERTEX_POINT('',#13720);
#13740=EDGE_CURVE('',#13730,#13650,#13710,.T.);
#13750=ORIENTED_EDGE('',*,*,#13740,.T.);
#13760=CARTESIAN_POINT('',(-28.2000000000955,-9.55000000019943,
0.999999999946818));
#13770=DIRECTION('',(-6.27443588540957E-27,4.08395604615809E-13,1.));
#13780=DIRECTION('',(1.,-3.96888553713865E-39,6.27443588540957E-27));
#13790=AXIS2_PLACEMENT_3D('',#13760,#13770,#13780);
#13800=CIRCLE('',#13790,7.3);
#13810=CARTESIAN_POINT('',(-34.9207682815226,-6.70021514745452,
1.0000000010101));
#13820=VERTEX_POINT('',#13810);
#13830=EDGE_CURVE('',#13820,#13730,#13800,.T.);
#13840=ORIENTED_EDGE('',*,*,#13830,.T.);
#13850=CARTESIAN_POINT('',(-35.3810948761425,-6.50502440411445,
0.999999999945574));
#13860=DIRECTION('',(-6.27443588540957E-27,4.08395604615809E-13,1.));
#13870=DIRECTION('',(1.,1.30593157730242E-26,6.27443588540424E-27));
#13880=AXIS2_PLACEMENT_3D('',#13850,#13860,#13870);
#13890=CIRCLE('',#13880,0.5);
#13900=CARTESIAN_POINT('',(-35.8414214707629,-6.30983366077556,
1.00000000100995));
#13910=VERTEX_POINT('',#13900);
#13920=EDGE_CURVE('',#13820,#13910,#13890,.T.);
#13930=ORIENTED_EDGE('',*,*,#13920,.F.);
#13940=CARTESIAN_POINT('',(-28.2000000000955,-9.55000000019943,
0.999999999946818));
#13950=DIRECTION('',(-6.27443588540957E-27,4.08395604615809E-13,1.));
#13960=DIRECTION('',(1.,-3.96888553713865E-39,6.27443588540957E-27));
#13970=AXIS2_PLACEMENT_3D('',#13940,#13950,#13960);
#13980=CIRCLE('',#13970,8.3);
#13990=CARTESIAN_POINT('',(-36.5000000000956,-9.55000000019943,
1.00000000101003));
#14000=VERTEX_POINT('',#13990);
#14010=EDGE_CURVE('',#13910,#14000,#13980,.T.);
#14020=ORIENTED_EDGE('',*,*,#14010,.F.);
#14030=CARTESIAN_POINT('',(-36.5000000000956,-1.52855506030392E-11,
0.999999999942918));
#14040=DIRECTION('',(0.,-1.,4.08395604615809E-13));
#14050=VECTOR('',#14040,1.);
#14060=LINE('',#14030,#14050);
#14070=CARTESIAN_POINT('',(-36.5000000000956,-10.6287397973668,
1.00000000101003));
#14080=VERTEX_POINT('',#14070);
#14090=EDGE_CURVE('',#14000,#14080,#14060,.T.);
#14100=ORIENTED_EDGE('',*,*,#14090,.F.);
#14110=CARTESIAN_POINT('',(-1.27869270727388E-10,-7.43540357867329,
0.999999999945954));
#14120=DIRECTION('',(0.996194698091745,0.0871557427476619,
-3.55940222551651E-14));
#14130=VECTOR('',#14120,1.);
#14140=LINE('',#14110,#14130);
#14150=CARTESIAN_POINT('',(-35.6000000000956,-10.5500000001935,
1.00000000101003));
#14160=VERTEX_POINT('',#14150);
#14170=EDGE_CURVE('',#14080,#14160,#14140,.T.);
#14180=ORIENTED_EDGE('',*,*,#14170,.F.);
#14190=CARTESIAN_POINT('',(-35.6000000000956,-1.52855506030392E-11,
0.999999999942918));
#14200=DIRECTION('',(0.,1.,-4.08395604615809E-13));
#14210=VECTOR('',#14200,1.);
#14220=LINE('',#14190,#14210);
#14230=CARTESIAN_POINT('',(-35.6000000000956,-11.1064659968246,
1.00000000101003));
#14240=VERTEX_POINT('',#14230);
#14250=EDGE_CURVE('',#14240,#14160,#14220,.T.);
#14260=ORIENTED_EDGE('',*,*,#14250,.T.);
#14270=CARTESIAN_POINT('',(-42.6000000000956,-11.1064659968246,
0.999999999947454));
#14280=DIRECTION('',(-6.27443588540957E-27,4.08395604615809E-13,1.));
#14290=DIRECTION('',(1.,-3.96888553713865E-39,6.27443588540957E-27));
#14300=AXIS2_PLACEMENT_3D('',#14270,#14280,#14290);
#14310=CIRCLE('',#14300,7.);
#14320=CARTESIAN_POINT('',(-36.9580919926421,-15.2499999999954,
0.999999999949146));
#14330=VERTEX_POINT('',#14320);
#14340=EDGE_CURVE('',#14330,#14240,#14310,.T.);
#14350=ORIENTED_EDGE('',*,*,#14340,.T.);
#14360=CARTESIAN_POINT('',(-1.27869270727388E-10,-15.2499999999857,
0.999999999949146));
#14370=DIRECTION('',(-1.,-2.62512234172468E-13,1.00934406708502E-25));
#14380=VECTOR('',#14370,1.);
#14390=LINE('',#14360,#14380);
#14400=CARTESIAN_POINT('',(-47.2000000000004,-15.249999999998,
1.00000000101003));
#14410=VERTEX_POINT('',#14400);
#14420=EDGE_CURVE('',#14330,#14410,#14390,.T.);
#14430=ORIENTED_EDGE('',*,*,#14420,.F.);
#14440=CARTESIAN_POINT('',(-47.1999999999945,-1.53281831671848E-11,
0.999999999942918));
#14450=DIRECTION('',(3.85691478754779E-13,1.,-4.08395604615809E-13));
#14460=VECTOR('',#14450,1.);
#14470=LINE('',#14440,#14460);
#14480=CARTESIAN_POINT('',(-47.199999999999,-11.7627016655224,
1.00000000101003));
#14490=VERTEX_POINT('',#14480);
#14500=EDGE_CURVE('',#14410,#14490,#14470,.T.);
#14510=ORIENTED_EDGE('',*,*,#14500,.F.);
#14520=CARTESIAN_POINT('',(-46.699999999999,-11.7627016655226,
0.999999999947721));
#14530=DIRECTION('',(-6.27443588540957E-27,4.08395604615809E-13,1.));
#14540=DIRECTION('',(2.56245203704498E-39,1.,-4.08395604615809E-13));
#14550=AXIS2_PLACEMENT_3D('',#14520,#14530,#14540);
#14560=CIRCLE('',#14550,0.5);
#14570=CARTESIAN_POINT('',(-46.8249999999983,-11.2785787472465,
1.00000000100967));
#14580=VERTEX_POINT('',#14570);
#14590=EDGE_CURVE('',#14580,#14490,#14560,.T.);
#14600=ORIENTED_EDGE('',*,*,#14590,.T.);
#14610=CARTESIAN_POINT('',(-46.5999999999997,-12.1500000001434,
0.999999999947879));
#14620=DIRECTION('',(6.27443588540957E-27,-4.08395604615809E-13,-1.));
#14630=DIRECTION('',(1.,-2.18550819327561E-39,6.27443588540957E-27));
#14640=AXIS2_PLACEMENT_3D('',#14610,#14620,#14630);
#14650=CIRCLE('',#14640,0.89999999999984);
#14660=CARTESIAN_POINT('',(-45.8928571428582,-12.7067306168659,
1.00000000100991));
#14670=VERTEX_POINT('',#14660);
#14680=EDGE_CURVE('',#14580,#14670,#14650,.T.);
#14690=ORIENTED_EDGE('',*,*,#14680,.F.);
#14700=CARTESIAN_POINT('',(-45.5000000000017,-13.0160254039326,
0.999999999948233));
#14710=DIRECTION('',(3.19771212653255E-14,4.08396006638903E-13,1.));
#14720=DIRECTION('',(0.992546151641322,-0.121869343405147,
1.80321845259006E-14));
#14730=AXIS2_PLACEMENT_3D('',#14700,#14710,#14720);
#14740=CIRCLE('',#14730,0.5);
#14750=CARTESIAN_POINT('',(-46.0000000000014,-13.0160254039326,
1.00000000101003));
#14760=VERTEX_POINT('',#14750);
#14770=EDGE_CURVE('',#14670,#14760,#14740,.T.);
#14780=ORIENTED_EDGE('',*,*,#14770,.F.);
#14790=CARTESIAN_POINT('',(-46.0000000000014,-8.85000000019347,
0.999999999946532));
#14800=DIRECTION('',(-1.30610908598402E-26,1.,-4.08395604615809E-13));
#14810=VECTOR('',#14800,1.);
#14820=LINE('',#14790,#14810);
#14830=CARTESIAN_POINT('',(-46.0000000000014,-13.7499999999999,
1.00000000101003));
#14840=VERTEX_POINT('',#14830);
#14850=EDGE_CURVE('',#14840,#14760,#14820,.T.);
#14860=ORIENTED_EDGE('',*,*,#14850,.T.);
#14870=CARTESIAN_POINT('',(-18.9999999998239,-13.7499999999999,
0.999999999948533));
#14880=DIRECTION('',(-1.,-1.3061103715384E-26,-6.27443588540424E-27));
#14890=VECTOR('',#14880,1.);
#14900=LINE('',#14870,#14890);
#14910=CARTESIAN_POINT('',(-44.2000000000003,-13.7499999999999,
1.00000000101003));
#14920=VERTEX_POINT('',#14910);
#14930=EDGE_CURVE('',#14920,#14840,#14900,.T.);
#14940=ORIENTED_EDGE('',*,*,#14930,.T.);
#14950=CARTESIAN_POINT('',(-44.2000000000003,-1.52855506030392E-11,
0.999999999942918));
#14960=DIRECTION('',(-1.89304895804008E-39,-1.,4.08395604615809E-13));
#14970=VECTOR('',#14960,1.);
#14980=LINE('',#14950,#14970);
#14990=CARTESIAN_POINT('',(-44.2000000000003,-5.1500000001402,
1.00000000101003));
#15000=VERTEX_POINT('',#14990);
#15010=EDGE_CURVE('',#15000,#14920,#14980,.T.);
#15020=ORIENTED_EDGE('',*,*,#15010,.T.);
#15030=CARTESIAN_POINT('',(-44.4023440510947,-1.52855506030392E-11,
0.999999999942918));
#15040=DIRECTION('',(0.0392598157590686,-0.999229036240723,
4.08080746405203E-13));
#15050=VECTOR('',#15040,1.);
#15060=LINE('',#15030,#15050);
#15070=CARTESIAN_POINT('',(-44.2982252675232,-2.65000000004651,
1.00000000101003));
#15080=VERTEX_POINT('',#15070);
#15090=EDGE_CURVE('',#15080,#15000,#15060,.T.);
#15100=ORIENTED_EDGE('',*,*,#15090,.T.);
#15110=CARTESIAN_POINT('',(-1.27869270727388E-10,-2.65000000004651,
0.999999999943999));
#15120=DIRECTION('',(-1.,-2.72740170813387E-39,-6.27443588540957E-27));
#15130=VECTOR('',#15120,1.);
#15140=LINE('',#15110,#15130);
#15150=CARTESIAN_POINT('',(-47.200000000105,-2.65000000004651,
1.00000000101003));
#15160=VERTEX_POINT('',#15150);
#15170=EDGE_CURVE('',#15080,#15160,#15140,.T.);
#15180=ORIENTED_EDGE('',*,*,#15170,.F.);
#15190=CARTESIAN_POINT('',(-47.200000000105,-1.52855506030392E-11,
0.999999999942918));
#15200=DIRECTION('',(2.56245203704497E-39,1.,-4.08395604615809E-13));
#15210=VECTOR('',#15200,1.);
#15220=LINE('',#15190,#15210);
#15230=CARTESIAN_POINT('',(-47.200000000105,-1.05000000004863,
1.00000000101003));
#15240=VERTEX_POINT('',#15230);
#15250=EDGE_CURVE('',#15160,#15240,#15220,.T.);
#15260=ORIENTED_EDGE('',*,*,#15250,.F.);
#15270=CARTESIAN_POINT('',(-61.5090880213592,3.44999999995132,
0.999999999941508));
#15280=DIRECTION('',(6.27443588540957E-27,-4.08395604615809E-13,-1.));
#15290=DIRECTION('',(-1.,3.48301159325802E-43,-6.27443588540957E-27));
#15300=AXIS2_PLACEMENT_3D('',#15270,#15280,#15290);
#15310=CIRCLE('',#15300,15.);
#15320=CARTESIAN_POINT('',(-47.200000000105,7.94999999995136,
1.00000000101003));
#15330=VERTEX_POINT('',#15320);
#15340=EDGE_CURVE('',#15330,#15240,#15310,.T.);
#15350=ORIENTED_EDGE('',*,*,#15340,.T.);
#15360=CARTESIAN_POINT('',(-47.200000000105,-1.52855506030392E-11,
0.999999999942918));
#15370=DIRECTION('',(2.56245203704497E-39,1.,-4.08395604615809E-13));
#15380=VECTOR('',#15370,1.);
#15390=LINE('',#15360,#15380);
#15400=CARTESIAN_POINT('',(-47.200000000105,12.7513896389071,
1.00000000101003));
#15410=VERTEX_POINT('',#15400);
#15420=EDGE_CURVE('',#15330,#15410,#15390,.T.);
#15430=ORIENTED_EDGE('',*,*,#15420,.F.);
#15440=CARTESIAN_POINT('',(-18.9999999998239,23.0153502450855,
0.999999999933518));
#15450=DIRECTION('',(0.93969262078838,0.342020143318877,
-1.39679523221493E-13));
#15460=VECTOR('',#15450,1.);
#15470=LINE('',#15440,#15460);
#15480=CARTESIAN_POINT('',(-46.6227916831765,12.9614762852352,
1.00000000101002));
#15490=VERTEX_POINT('',#15480);
#15500=EDGE_CURVE('',#15410,#15490,#15470,.T.);
#15510=ORIENTED_EDGE('',*,*,#15500,.F.);
#15520=CARTESIAN_POINT('',(-48.9082496620782,2.30748753438093E-12,
1.00000000101002));
#15530=DIRECTION('',(0.173648177667095,0.984807753012179,0.));
#15540=VECTOR('',#15530,1.);
#15550=LINE('',#15520,#15540);
#15560=CARTESIAN_POINT('',(-46.6700250978076,12.6936022795598,
1.00000000101002));
#15570=VERTEX_POINT('',#15560);
#15580=EDGE_CURVE('',#15570,#15490,#15550,.T.);
#15590=ORIENTED_EDGE('',*,*,#15580,.T.);
#15600=CARTESIAN_POINT('',(0.,4.46441766449736,1.00000000101003));
#15610=DIRECTION('',(-0.984807753012289,0.173648177666475,0.));
#15620=VECTOR('',#15610,1.);
#15630=LINE('',#15600,#15620);
#15640=CARTESIAN_POINT('',(-45.6157669877871,12.507708130133,
1.00000000101002));
#15650=VERTEX_POINT('',#15640);
#15660=EDGE_CURVE('',#15650,#15570,#15630,.T.);
#15670=ORIENTED_EDGE('',*,*,#15660,.T.);
#15680=CARTESIAN_POINT('',(-47.8212133979618,-1.52855506030392E-11,
0.999999999942918));
#15690=DIRECTION('',(0.173648177667118,0.984807753012175,
-4.02191157721742E-13));
#15700=VECTOR('',#15690,1.);
#15710=LINE('',#15680,#15700);
#15720=CARTESIAN_POINT('',(-44.5174422640427,18.7366171679347,
1.00000000101003));
#15730=VERTEX_POINT('',#15720);
#15740=EDGE_CURVE('',#15650,#15730,#15710,.T.);
#15750=ORIENTED_EDGE('',*,*,#15740,.F.);
#15760=CARTESIAN_POINT('',(0.,10.8869909846581,1.00000000101003));
#15770=DIRECTION('',(0.984807753012229,-0.173648177666812,0.));
#15780=VECTOR('',#15770,1.);
#15790=LINE('',#15760,#15780);
#15800=CARTESIAN_POINT('',(-45.5717003740639,18.922511317362,
1.00000000101002));
#15810=VERTEX_POINT('',#15800);
#15820=EDGE_CURVE('',#15810,#15730,#15790,.T.);
#15830=ORIENTED_EDGE('',*,*,#15820,.T.);
#15840=CARTESIAN_POINT('',(-48.9082496620432,2.30748753438093E-12,
1.00000000101002));
#15850=DIRECTION('',(0.173648177665291,0.984807753012497,0.));
#15860=VECTOR('',#15850,1.);
#15870=LINE('',#15840,#15860);
#15880=EDGE_CURVE('',#6130,#15810,#15870,.T.);
#15890=ORIENTED_EDGE('',*,*,#15880,.T.);
#15900=EDGE_LOOP('',(#15890,#15830,#15750,#15670,#15590,#15510,#15430,
#15350,#15260,#15180,#15100,#15020,#14940,#14860,#14780,#14690,#14600,
#14510,#14430,#14350,#14260,#14180,#14100,#14020,#13930,#13840,#13750,
#13670,#13590,#13510,#13430,#13350,#13270,#13190,#13100,#13020,#12940,
#12860,#12770,#12690,#12610,#12530,#12450,#12370,#12290,#12210,#12130,
#12050,#12010,#11930,#11150,#11070,#10990,#10910,#10080,#10000,#9920,
#9840,#9760,#9670,#9590,#9510,#9430,#9350,#9270,#9190,#9110,#9020,#8940,
#8860,#8780,#8700,#8620,#8540,#8460,#8380,#8340,#8260,#7480,#7400,#7320,
#7240,#6410,#6330,#6250,#6170));
#15910=FACE_OUTER_BOUND('',#15900,.T.);
#15920=ADVANCED_FACE('',(#15910),#6070,.F.);
#15930=COLOUR_RGB('',0.,0.443137288093567,0.709803938865662);
#15940=FILL_AREA_STYLE_COLOUR('',#15930);
#15950=FILL_AREA_STYLE('',(#15940));
#15960=SURFACE_STYLE_FILL_AREA(#15950);
#15970=SURFACE_SIDE_STYLE('',(#15960));
#15980=SURFACE_STYLE_USAGE(.BOTH.,#15970);
#15990=PRESENTATION_STYLE_ASSIGNMENT((#15980));
#16000=CARTESIAN_POINT('',(7.54718247625529,19.2750620855139,
-5.15000000006495));
#16010=DIRECTION('',(-0.984807753012135,-0.173648177667343,
7.0917152508882E-14));
#16020=DIRECTION('',(0.173648177667343,-0.984807753012135,
4.02191157721728E-13));
#16030=AXIS2_PLACEMENT_3D('',#16000,#16010,#16020);
#16040=PLANE('',#16030);
#16050=ORIENTED_EDGE('',*,*,#300,.F.);
#16060=CARTESIAN_POINT('',(7.58728480510355,19.047630476993,
-5.15000000006486));
#16070=DIRECTION('',(6.27443588540957E-27,-4.08395604615809E-13,-1.));
#16080=VECTOR('',#16070,1.);
#16090=LINE('',#16060,#16080);
#16100=EDGE_CURVE('',#12110,#210,#16090,.T.);
#16110=ORIENTED_EDGE('',*,*,#16100,.T.);
#16120=ORIENTED_EDGE('',*,*,#12120,.T.);
#16130=CARTESIAN_POINT('',(7.41935636258978,20.0000000000157,
-5.15000000006525));
#16140=DIRECTION('',(6.27443588540957E-27,-4.08395604615809E-13,-1.));
#16150=VECTOR('',#16140,1.);
#16160=LINE('',#16130,#16150);
#16170=EDGE_CURVE('',#12030,#290,#16160,.T.);
#16180=ORIENTED_EDGE('',*,*,#16170,.F.);
#16190=EDGE_LOOP('',(#16180,#16120,#16110,#16050));
#16200=FACE_OUTER_BOUND('',#16190,.T.);
#16210=ADVANCED_FACE('',(#16200),#16040,.F.);
#16220=COLOUR_RGB('',0.,0.443137288093567,0.709803938865662);
#16230=FILL_AREA_STYLE_COLOUR('',#16220);
#16240=FILL_AREA_STYLE('',(#16230));
#16250=SURFACE_STYLE_FILL_AREA(#16240);
#16260=SURFACE_SIDE_STYLE('',(#16250));
#16270=SURFACE_STYLE_USAGE(.BOTH.,#16260);
#16280=PRESENTATION_STYLE_ASSIGNMENT((#16270));
#16290=CARTESIAN_POINT('',(6.01744226383228,18.736617167932,
-5.78469551643997));
#16300=DIRECTION('',(-0.173648177666977,0.9848077530122,
-3.96638784802453E-13));
#16310=DIRECTION('',(0.9848077530122,0.173648177666977,
-1.0240853926042E-13));
#16320=AXIS2_PLACEMENT_3D('',#16290,#16300,#16310);
#16330=PLANE('',#16320);
#16340=CARTESIAN_POINT('',(7.07170037385274,18.9225113173594,
-5.78469551644008));
#16350=DIRECTION('',(3.19771212653255E-14,4.08396006638903E-13,1.));
#16360=VECTOR('',#16350,1.);
#16370=LINE('',#16340,#16360);
#16380=EDGE_CURVE('',#110,#12270,#16370,.T.);
#16390=ORIENTED_EDGE('',*,*,#16380,.T.);
#16400=ORIENTED_EDGE('',*,*,#5910,.T.);
#16410=CARTESIAN_POINT('',(6.01744226383228,18.736617167932,
-5.78469551643997));
#16420=DIRECTION('',(3.19771212653255E-14,4.08396006638903E-13,1.));
#16430=VECTOR('',#16420,1.);
#16440=LINE('',#16410,#16430);
#16450=EDGE_CURVE('',#5840,#12350,#16440,.T.);
#16460=ORIENTED_EDGE('',*,*,#16450,.F.);
#16470=ORIENTED_EDGE('',*,*,#12360,.F.);
#16480=EDGE_LOOP('',(#16470,#16460,#16400,#16390));
#16490=FACE_OUTER_BOUND('',#16480,.T.);
#16500=ADVANCED_FACE('',(#16490),#16330,.F.);
#16510=COLOUR_RGB('',0.,0.443137288093567,0.709803938865662);
#16520=FILL_AREA_STYLE_COLOUR('',#16510);
#16530=FILL_AREA_STYLE('',(#16520));
#16540=SURFACE_STYLE_FILL_AREA(#16530);
#16550=SURFACE_SIDE_STYLE('',(#16540));
#16560=SURFACE_STYLE_USAGE(.BOTH.,#16550);
#16570=PRESENTATION_STYLE_ASSIGNMENT((#16560));
#16580=CARTESIAN_POINT('',(7.07170037385274,18.9225113173594,
-5.78469551644008));
#16590=DIRECTION('',(0.984807753012199,0.17364817766698,
-1.02408539260421E-13));
#16600=DIRECTION('',(0.17364817766698,-0.984807753012199,
3.96638784802453E-13));
#16610=AXIS2_PLACEMENT_3D('',#16580,#16590,#16600);
#16620=PLANE('',#16610);
#16630=CARTESIAN_POINT('',(7.11893378848353,18.6546373116889,
9.58785051352606E-10));
#16640=DIRECTION('',(-2.78557669576722E-14,-4.31769368396093E-13,-1.));
#16650=VECTOR('',#16640,1.);
#16660=LINE('',#16630,#16650);
#16670=EDGE_CURVE('',#12190,#130,#16660,.T.);
#16680=ORIENTED_EDGE('',*,*,#16670,.F.);
#16690=ORIENTED_EDGE('',*,*,#140,.T.);
#16700=ORIENTED_EDGE('',*,*,#16380,.F.);
#16710=ORIENTED_EDGE('',*,*,#12280,.F.);
#16720=EDGE_LOOP('',(#16710,#16700,#16690,#16680));
#16730=FACE_OUTER_BOUND('',#16720,.T.);
#16740=ADVANCED_FACE('',(#16730),#16620,.F.);
#16750=COLOUR_RGB('',0.,0.443137288093567,0.709803938865662);
#16760=FILL_AREA_STYLE_COLOUR('',#16750);
#16770=FILL_AREA_STYLE('',(#16760));
#16780=SURFACE_STYLE_FILL_AREA(#16770);
#16790=SURFACE_SIDE_STYLE('',(#16780));
#16800=SURFACE_STYLE_USAGE(.BOTH.,#16790);
#16810=PRESENTATION_STYLE_ASSIGNMENT((#16800));
#16820=CARTESIAN_POINT('',(-2.31103716702024,20.6000002519683,
1.43336407388611));
#16830=DIRECTION('',(-3.33473054725531E-8,1.,-1.97103449248299E-12));
#16840=DIRECTION('',(-1.,-3.33473056390865E-8,-6.19672311978151E-11));
#16850=AXIS2_PLACEMENT_3D('',#16820,#16830,#16840);
#16860=CYLINDRICAL_SURFACE('',#16850,1.1);
#16870=CARTESIAN_POINT('',(-2.31103714701185,20.0000000000309,
1.43336407388729));
#16880=DIRECTION('',(-1.21014309631573E-13,-1.,4.08395604615811E-13));
#16890=DIRECTION('',(-1.,1.21014309727059E-13,-2.01735188582601E-12));
#16900=AXIS2_PLACEMENT_3D('',#16870,#16880,#16890);
#16910=CIRCLE('',#16900,1.1);
#16920=CARTESIAN_POINT('',(-1.70300200039089,20.0000000000305,
0.516688962152693));
#16930=VERTEX_POINT('',#16920);
#16940=EDGE_CURVE('',#16930,#9980,#16910,.T.);
#16950=ORIENTED_EDGE('',*,*,#16940,.T.);
#16960=CARTESIAN_POINT('',(-1.70300202039927,20.6000002722429,
0.51668896215151));
#16970=DIRECTION('',(3.33473054725531E-8,-1.,1.97103449248299E-12));
#16980=VECTOR('',#16970,1.);
#16990=LINE('',#16960,#16980);
#17000=CARTESIAN_POINT('',(-1.70300184365856,15.300000272403,
0.516688962161957));
#17010=VERTEX_POINT('',#17000);
#17020=EDGE_CURVE('',#16930,#17010,#16990,.T.);
#17030=ORIENTED_EDGE('',*,*,#17020,.F.);
#17040=CARTESIAN_POINT('',(-2.31103699027952,15.3000002521284,
1.43336407389655));
#17050=DIRECTION('',(3.33473054725531E-8,-1.,1.97103449248299E-12));
#17060=DIRECTION('',(-1.,-3.33473056390865E-8,5.79796098873593E-14));
#17070=AXIS2_PLACEMENT_3D('',#17040,#17050,#17060);
#17080=CIRCLE('',#17070,1.1);
#17090=EDGE_CURVE('',#17010,#10060,#17080,.T.);
#17100=ORIENTED_EDGE('',*,*,#17090,.F.);
#17110=ORIENTED_EDGE('',*,*,#10070,.F.);
#17120=EDGE_LOOP('',(#17110,#17100,#17030,#16950));
#17130=FACE_OUTER_BOUND('',#17120,.T.);
#17140=ADVANCED_FACE('',(#17130),#16860,.T.);
#17150=COLOUR_RGB('',0.,0.443137288093567,0.709803938865662);
#17160=FILL_AREA_STYLE_COLOUR('',#17150);
#17170=FILL_AREA_STYLE('',(#17160));
#17180=SURFACE_STYLE_FILL_AREA(#17170);
#17190=SURFACE_SIDE_STYLE('',(#17180));
#17200=SURFACE_STYLE_USAGE(.BOTH.,#17190);
#17210=PRESENTATION_STYLE_ASSIGNMENT((#17200));
#17220=CARTESIAN_POINT('',(-1.1972533421341,14.4000002892691,
0.901187575413525));
#17230=DIRECTION('',(3.33473056390864E-8,-1.,1.97103449248444E-12));
#17240=DIRECTION('',(1.,3.33473056390865E-8,6.19672242589212E-11));
#17250=AXIS2_PLACEMENT_3D('',#17220,#17230,#17240);
#17260=PLANE('',#17250);
#17270=CARTESIAN_POINT('',(-2.31103696026694,14.4000002521284,
1.43336407389832));
#17280=DIRECTION('',(3.33473054725531E-8,-1.,1.97103449248299E-12));
#17290=DIRECTION('',(-1.,-3.33473056390865E-8,5.79796098873593E-14));
#17300=AXIS2_PLACEMENT_3D('',#17270,#17280,#17290);
#17310=CIRCLE('',#17300,2.);
#17320=CARTESIAN_POINT('',(-0.361206174788627,14.4000003171492,
0.98821251744652));
#17330=VERTEX_POINT('',#17320);
#17340=EDGE_CURVE('',#17330,#10890,#17310,.T.);
#17350=ORIENTED_EDGE('',*,*,#17340,.T.);
#17360=CARTESIAN_POINT('',(-0.100000063462661,14.400000325854,
-1.89999996879804));
#17370=DIRECTION('',(3.33473054725531E-8,-1.,1.97103449248299E-12));
#17380=DIRECTION('',(-1.,-3.33473056390865E-8,-6.19970866919283E-11));
#17390=AXIS2_PLACEMENT_3D('',#17360,#17370,#17380);
#17400=CIRCLE('',#17390,2.8999999998744);
#17410=EDGE_CURVE('',#10970,#17330,#17400,.T.);
#17420=ORIENTED_EDGE('',*,*,#17410,.T.);
#17430=ORIENTED_EDGE('',*,*,#10980,.T.);
#17440=EDGE_LOOP('',(#17430,#17420,#17350));
#17450=FACE_OUTER_BOUND('',#17440,.T.);
#17460=ADVANCED_FACE('',(#17450),#17260,.F.);
#17470=COLOUR_RGB('',0.,0.443137288093567,0.709803938865662);
#17480=FILL_AREA_STYLE_COLOUR('',#17470);
#17490=FILL_AREA_STYLE('',(#17480));
#17500=SURFACE_STYLE_FILL_AREA(#17490);
#17510=SURFACE_SIDE_STYLE('',(#17500));
#17520=SURFACE_STYLE_USAGE(.BOTH.,#17510);
#17530=PRESENTATION_STYLE_ASSIGNMENT((#17520));
#17540=CARTESIAN_POINT('',(-0.100000063043479,14.400000326231,
-1.89999996883845));
#17550=DIRECTION('',(-3.33474268999837E-8,0.999999999999999,
-1.6425195764425E-12));
#17560=DIRECTION('',(-1.,-3.33474266533962E-8,-6.1997086691928E-11));
#17570=AXIS2_PLACEMENT_3D('',#17540,#17550,#17560);
#17580=CONICAL_SURFACE('',#17570,2.90000000000077,0.523598775598298);
#17590=CARTESIAN_POINT('',(-1.7000002495548,20.000000272289,
-0.0999999695844196));
#17600=DIRECTION('',(0.0338788456038872,1.13132988715551E-9,
0.999425947141932));
#17610=DIRECTION('',(-0.999425947141932,-3.3328107628349E-8,
0.0338788456038872));
#17620=AXIS2_PLACEMENT_3D('',#17590,#17600,#17610);
#17630=PLANE('',#17620);
#17640=CARTESIAN_POINT('',(-0.0999999968668036,12.4008026981283,
-0.154237257584407));
#17650=CARTESIAN_POINT('',(-0.126748699396305,12.4023732095084,
-0.153330521908877));
#17660=CARTESIAN_POINT('',(-0.153390943622719,12.4050056640919,
-0.152427394990579));
#17670=CARTESIAN_POINT('',(-0.179816066948256,12.4086427346811,
-0.151531628103943));
#17680=CARTESIAN_POINT('',(-0.20625656170468,12.4122819209455,
-0.150635340151856));
#17690=CARTESIAN_POINT('',(-0.232409891484128,12.4169111821668,
-0.149748786606929));
#17700=CARTESIAN_POINT('',(-0.258394460135886,12.4224850370549,
-0.148867953779196));
#17710=CARTESIAN_POINT('',(-0.284385285067443,12.4280602339547,
-0.147986908874183));
#17720=CARTESIAN_POINT('',(-0.310207586555438,12.4345845833835,
-0.147111576640941));
#17730=CARTESIAN_POINT('',(-0.335819071765198,12.4419866319388,
-0.146243390711594));
#17740=CARTESIAN_POINT('',(-0.361430378526286,12.4493886289202,
-0.145375210831354));
#17750=CARTESIAN_POINT('',(-0.386829519009368,12.4576677628269,
-0.144514223017654));
#17760=CARTESIAN_POINT('',(-0.411974114001987,12.4667380974597,
-0.143661863877187));
#17770=CARTESIAN_POINT('',(-0.437118652596345,12.475808411748,
-0.142809506648527));
#17780=CARTESIAN_POINT('',(-0.462007789309709,12.4856693721828,
-0.141965807111626));
#17790=CARTESIAN_POINT('',(-0.486602303862256,12.4962247557536,
-0.141132094767385));
#17800=CARTESIAN_POINT('',(-0.511196833987188,12.5067801460076,
-0.140298381895267));
#17810=CARTESIAN_POINT('',(-0.535496298268974,12.5180295199018,
-0.139474671255887));
#17820=CARTESIAN_POINT('',(-0.55946564022754,12.529870557282,
-0.138662151204385));
#17830=CARTESIAN_POINT('',(-0.583435031769479,12.5417116191567,
-0.13784962947209));
#17840=CARTESIAN_POINT('',(-0.607074139245183,12.5541440512859,
-0.137048303810962));
#17850=CARTESIAN_POINT('',(-0.630351701173464,12.5670628278007,
-0.136259233931154));
#17860=CARTESIAN_POINT('',(-0.653627149357385,12.5799804312119,
-0.135470235703696));
#17870=CARTESIAN_POINT('',(-0.676529802543015,12.5933746920369,
-0.13469387460906));
#17880=CARTESIAN_POINT('',(-0.699201403669385,12.6072519794002,
-0.133925345774433));
#17890=CARTESIAN_POINT('',(-0.721864044371776,12.6211237820878,
-0.133157120682984));
#17900=CARTESIAN_POINT('',(-0.744254798435465,12.6354554998043,
-0.132398112074072));
#17910=CARTESIAN_POINT('',(-0.766391374108704,12.6501923423505,
-0.131647719696423));
#17920=CARTESIAN_POINT('',(-0.788528000973167,12.6649292189759,
-0.130897325583478));
#17930=CARTESIAN_POINT('',(-0.810410706568925,12.680071451213,
-0.13015553897161));
#17940=CARTESIAN_POINT('',(-0.832055178628972,12.6955699756557,
-0.129421828073206));
#17950=CARTESIAN_POINT('',(-0.8536996704663,12.7110685142599,
-0.128688116504385));
#17960=CARTESIAN_POINT('',(-0.875106107789866,12.7269235376272,
-0.127962474580488));
#17970=CARTESIAN_POINT('',(-0.896287612437356,12.7430904139864,
-0.127244457493406));
#17980=CARTESIAN_POINT('',(-0.917469116413227,12.7592572898329,
-0.126526440429092));
#17990=CARTESIAN_POINT('',(-0.938425807110134,12.7757361715494,
-0.125816044154234));
#18000=CARTESIAN_POINT('',(-0.959168047794038,12.7924857672632,
-0.125112917371636));
#18010=CARTESIAN_POINT('',(-0.979910276126187,12.8092353530028,
-0.124409791007741));
#18020=CARTESIAN_POINT('',(-1.00043813047999,12.8262557694584,
-0.123713931558659));
#18030=CARTESIAN_POINT('',(-1.02075926047926,12.8435082115377,
-0.123025079715066));
#18040=CARTESIAN_POINT('',(-1.04108037312161,12.8607606388813,
-0.122336228459843));
#18050=CARTESIAN_POINT('',(-1.06119480685327,12.8782451778256,
-0.121654383269639));
#18060=CARTESIAN_POINT('',(-1.08110769328649,12.895924889108,
-0.120979370191455));
#18070=CARTESIAN_POINT('',(-1.10102056226459,12.9136045848927,
-0.12030435770497));
#18080=CARTESIAN_POINT('',(-1.12073190825708,12.9314795139178,
-0.119636176506342));
#18090=CARTESIAN_POINT('',(-1.14024463099969,12.9495141890854,
-0.118974728299403));
#18100=CARTESIAN_POINT('',(-1.15975518836455,12.967546862898,
-0.118313353495097));
#18110=CARTESIAN_POINT('',(-1.17909221050309,12.9857622974269,
-0.117657861241032));
#18120=CARTESIAN_POINT('',(-1.19827090786378,13.0041427949473,
-0.117007735928767));
#18130=CARTESIAN_POINT('',(-1.23662814792991,13.0409036417694,
-0.115707490546786));
#18140=CARTESIAN_POINT('',(-1.27435242040464,13.0783218909428,
-0.114428701694032));
#18150=CARTESIAN_POINT('',(-1.31154106214173,13.1162774349682,
-0.11316806981601));
#18160=CARTESIAN_POINT('',(-1.34872992949303,13.1542332092604,
-0.11190743029005));
#18170=CARTESIAN_POINT('',(-1.38538379298168,13.1927278684456,
-0.110664926488824));
#18180=CARTESIAN_POINT('',(-1.42158128974121,13.2316694931532,
-0.10943789274669));
#18190=CARTESIAN_POINT('',(-1.45777887500848,13.2706112130784,
-0.108210856004293));
#18200=CARTESIAN_POINT('',(-1.49352039928375,13.3100009391072,
-0.10699927895702));
#18210=CARTESIAN_POINT('',(-1.5288682739406,13.3497651986904,
-0.105801045965008));
#18220=CARTESIAN_POINT('',(-1.56421616069563,13.3895294718834,
-0.104602812562888));
#18230=CARTESIAN_POINT('',(-1.59917052717996,13.4296689524941,
-0.103417918831361));
#18240=CARTESIAN_POINT('',(-1.6337800572167,13.470122119057,
-0.102244714471273));
#18250=CARTESIAN_POINT('',(-1.66838956208481,13.5105752562016,
-0.101071510964359));
#18260=CARTESIAN_POINT('',(-1.70265426325902,13.5513425085325,
-0.0999099957185896));
#18270=CARTESIAN_POINT('',(-1.73661146275314,13.5923701186748,
-0.0987589042588612));
#18280=CARTESIAN_POINT('',(-1.77056862499897,13.6333976838131,
-0.0976078140617867));
#18290=CARTESIAN_POINT('',(-1.80421826562769,13.6746858718076,
-0.0964671483265852));
#18300=CARTESIAN_POINT('',(-1.83758844149115,13.7161861294641,
-0.0953359559734797));
#18310=CARTESIAN_POINT('',(-1.87095858435371,13.7576863460796,
-0.0942047647390488));
#18320=CARTESIAN_POINT('',(-1.90404921382751,13.7993987858819,
-0.0930830485349681));
#18330=CARTESIAN_POINT('',(-1.93688107020715,13.8412786881473,
-0.0919701043003547));
#18340=CARTESIAN_POINT('',(-1.96971290863752,13.8831585675169,
-0.0908571606741909));
#18350=CARTESIAN_POINT('',(-2.00228590953842,13.9252059856832,
-0.0897529912017422));
#18360=CARTESIAN_POINT('',(-2.0346152443093,13.9673793821972,
-0.088657081598235));
#18370=B_SPLINE_CURVE_WITH_KNOTS('',3,(#17640,#17650,#17660,#17670,
#17680,#17690,#17700,#17710,#17720,#17730,#17740,#17750,#17760,#17770,
#17780,#17790,#17800,#17810,#17820,#17830,#17840,#17850,#17860,#17870,
#17880,#17890,#17900,#17910,#17920,#17930,#17940,#17950,#17960,#17970,
#17980,#17990,#18000,#18010,#18020,#18030,#18040,#18050,#18060,#18070,
#18080,#18090,#18100,#18110,#18120,#18130,#18140,#18150,#18160,#18170,
#18180,#18190,#18200,#18210,#18220,#18230,#18240,#18250,#18260,#18270,
#18280,#18290,#18300,#18310,#18320,#18330,#18340,#18350,#18360),
.UNSPECIFIED.,.F.,.F.,(4,3,3,3,3,3,3,3,3,3,3,3,3,3,3,3,3,3,3,3,3,3,3,3,4
),(0.,0.080266211619052,0.160117422633021,0.240019725892839,
0.320151728865109,0.400445631540968,0.480749677271153,0.56084396147599,
0.640605218742348,0.720381926831294,0.800234515042525,0.880167199872554,
0.960159655748993,1.04016871274361,1.12013050274198,1.19996296025727,
1.27968357151618,1.43912366733528,1.59862150210205,1.75821902050983,
1.91792400642436,2.07771007911635,2.23751902020173,2.39726515620812,
2.5568414070575),.UNSPECIFIED.);
#18380=SURFACE_CURVE('',#18370,(#17580,#17630),.CURVE_3D.);
#18390=CARTESIAN_POINT('',(-0.099999996892759,12.400802697683,
-0.154237257583528));
#18400=VERTEX_POINT('',#18390);
#18410=CARTESIAN_POINT('',(-2.03461524431054,13.9673793821988,
-0.0886570815981922));
#18420=VERTEX_POINT('',#18410);
#18430=EDGE_CURVE('',#18400,#18420,#18380,.T.);
#18440=ORIENTED_EDGE('',*,*,#18430,.T.);
#18450=CARTESIAN_POINT('',(-0.100000063627618,14.4000003258616,
1.00000003123198));
#18460=DIRECTION('',(-2.89079486209199E-8,0.866025403785342,
0.499999999998436));
#18470=VECTOR('',#18460,5.80000000000339);
#18480=LINE('',#18450,#18470);
#18490=EDGE_CURVE('',#18400,#10970,#18480,.T.);
#18500=ORIENTED_EDGE('',*,*,#18490,.F.);
#18510=ORIENTED_EDGE('',*,*,#17410,.F.);
#18520=CARTESIAN_POINT('',(-0.100000063462973,14.4000003256343,
-1.89999996879645));
#18530=DIRECTION('',(-3.33473085256665E-8,1.,-1.80683153390874E-12));
#18540=DIRECTION('',(-1.,-3.33473086366887E-8,-5.66589799930893E-11));
#18550=AXIS2_PLACEMENT_3D('',#18520,#18530,#18540);
#18560=CIRCLE('',#18550,2.89999999987409);
#18570=CARTESIAN_POINT('',(-0.100000063282815,14.4000003261113,
-4.79999996877291));
#18580=VERTEX_POINT('',#18570);
#18590=EDGE_CURVE('',#18580,#17330,#18560,.T.);
#18600=ORIENTED_EDGE('',*,*,#18590,.T.);
#18610=CARTESIAN_POINT('',(-0.100000063282865,14.4000003258494,
-4.79999996879882));
#18620=DIRECTION('',(-2.884872019986E-8,0.866025403783617,
-0.500000000001423));
#18630=VECTOR('',#18620,5.80000000000154);
#18640=LINE('',#18610,#18630);
#18650=CARTESIAN_POINT('',(-0.100000017125129,13.0143596788936,
-3.99999996827576));
#18660=VERTEX_POINT('',#18650);
#18670=EDGE_CURVE('',#18660,#18580,#18640,.T.);
#18680=ORIENTED_EDGE('',*,*,#18670,.T.);
#18690=CARTESIAN_POINT('',(-9.12976636002489,10.8500000251641,
-3.99999996883202));
#18700=DIRECTION('',(-6.19970867467054E-11,1.64262650789739E-12,1.));
#18710=DIRECTION('',(1.,3.33605985614049E-8,6.19970866919064E-11));
#18720=AXIS2_PLACEMENT_3D('',#18690,#18700,#18710);
#18730=PLANE('',#18720);
#18740=CARTESIAN_POINT('',(-0.100000017126637,13.0143596792004,
-3.99999996827576));
#18750=CARTESIAN_POINT('',(-0.125086504258414,13.0143596783725,
-3.99999996827731));
#18760=CARTESIAN_POINT('',(-0.15022246230185,13.0151397096508,
-3.99999996827886));
#18770=CARTESIAN_POINT('',(-0.175350648404822,13.0167003748494,
-3.99999996828042));
#18780=CARTESIAN_POINT('',(-0.200478616096175,13.0182610264828,
-3.99999996828198));
#18790=CARTESIAN_POINT('',(-0.225597118463785,13.0206022808784,
-3.99999996828327));
#18800=CARTESIAN_POINT('',(-0.250643851837198,13.0237063337461,
-3.99999996828482));
#18810=CARTESIAN_POINT('',(-0.275690508835639,13.0268103771486,
-3.99999996828638));
#18820=CARTESIAN_POINT('',(-0.300663825318325,13.0306769564033,
-3.99999996828701));
#18830=CARTESIAN_POINT('',(-0.325501995092383,13.035270222728,
-3.99999996828856));
#18840=CARTESIAN_POINT('',(-0.350340203581743,13.0398634962123,
-3.99999996829011));
#18850=CARTESIAN_POINT('',(-0.375041964814221,13.0451830408576,
-3.99999996829121));
#18860=CARTESIAN_POINT('',(-0.399550229143163,13.0511774931338,
-3.99999996829274));
#18870=CARTESIAN_POINT('',(-0.424058624509895,13.0571719774605,
-3.99999996829427));
#18880=CARTESIAN_POINT('',(-0.448372560107354,13.0638408940671,
-3.99999996829699));
#18890=CARTESIAN_POINT('',(-0.472442615346599,13.0711212517534,
-3.9999999682985));
#18900=CARTESIAN_POINT('',(-0.496513174110853,13.0784017617385,
-3.9999999683));
#18910=CARTESIAN_POINT('',(-0.520337944477877,13.0862928214551,
-3.99999996830194));
#18920=CARTESIAN_POINT('',(-0.543880422066284,13.0947255516942,
-3.99999996830341));
#18930=CARTESIAN_POINT('',(-0.590980752398599,13.111596519432,
-3.99999996830636));
#18940=CARTESIAN_POINT('',(-0.637297361333809,13.1307572028413,
-3.99999996830926));
#18950=CARTESIAN_POINT('',(-0.682809985920616,13.1518380391939,
-3.99999996831212));
#18960=CARTESIAN_POINT('',(-0.728322611882407,13.1729188761834,
-3.99999996831497));
#18970=CARTESIAN_POINT('',(-0.77303233622184,13.1959196163223,
-3.99999996831778));
#18980=CARTESIAN_POINT('',(-0.816918852452696,13.2204782314675,
-3.99999996832055));
#18990=CARTESIAN_POINT('',(-0.860805343249963,13.2450368323803,
-3.99999996832331));
#19000=CARTESIAN_POINT('',(-0.903869997387745,13.2711537537844,
-3.99999996832602));
#19010=CARTESIAN_POINT('',(-0.9460854924275,13.2984789519874,
-3.99999996832868));
#19020=CARTESIAN_POINT('',(-0.988300906022003,13.3258040974727,
-3.99999996833134));
#19030=CARTESIAN_POINT('',(-1.02966827681099,13.3543381814469,
-3.99999996833395));
#19040=CARTESIAN_POINT('',(-1.07014878008687,13.3837430810094,
-3.99999996833651));
#19050=CARTESIAN_POINT('',(-1.11062619650776,13.413145738291,
-3.99999996833907));
#19060=CARTESIAN_POINT('',(-1.15036983189335,13.4435275367749,
-3.99999996834158));
#19070=CARTESIAN_POINT('',(-1.18947415175496,13.4747183278183,
-3.99999996834406));
#19080=CARTESIAN_POINT('',(-1.22857892174908,13.5059094779012,
-3.99999996834654));
#19090=CARTESIAN_POINT('',(-1.26704589220951,13.5379115374961,
-3.99999996834897));
#19100=CARTESIAN_POINT('',(-1.30495748936826,13.5705917112467,
-3.99999996835138));
#19110=CARTESIAN_POINT('',(-1.34286931719629,13.6032720838364,
-3.99999996835378));
#19120=CARTESIAN_POINT('',(-1.38022671993243,13.6366320211336,
-3.99999996835615));
#19130=CARTESIAN_POINT('',(-1.41709844077475,13.6705648590598,
-3.99999996835849));
#19140=CARTESIAN_POINT('',(-1.45397024164997,13.7044977706398,
-3.99999996836084));
#19150=CARTESIAN_POINT('',(-1.49035689006769,13.739004597192,
-3.99999996836315));
#19160=CARTESIAN_POINT('',(-1.52631349970272,13.7739962194361,
-3.99999996836543));
#19170=CARTESIAN_POINT('',(-1.56227010408743,13.8089878365709,
-3.99999996836772));
#19180=CARTESIAN_POINT('',(-1.59779694415754,13.8444649362028,
-3.99999996836998));
#19190=CARTESIAN_POINT('',(-1.63293660690038,13.8803498916083,
-3.99999996837222));
#19200=CARTESIAN_POINT('',(-1.66807622372943,13.9162348001263,
-3.99999996837446));
#19210=CARTESIAN_POINT('',(-1.70282878595586,13.9525280149859,
-3.99999996837667));
#19220=CARTESIAN_POINT('',(-1.73722594796432,13.9891593815693,
-3.99999996837886));
#19230=CARTESIAN_POINT('',(-1.7716230529418,14.0257906874175,
-3.99999996838106));
#19240=CARTESIAN_POINT('',(-1.80566479133176,14.0627604283907,
-3.99999996838323));
#19250=CARTESIAN_POINT('',(-1.83937365847999,14.1000034460441,
-3.99999996838538));
#19260=CARTESIAN_POINT('',(-1.87308247687434,14.1372464098322,
-3.99999996838753));
#19270=CARTESIAN_POINT('',(-1.90645840545269,14.1747628158098,
-3.99999996838966));
#19280=CARTESIAN_POINT('',(-1.93951657638362,14.2124911731794,
-3.99999996839177));
#19290=CARTESIAN_POINT('',(-1.97257471980491,14.2502194991531,
-3.99999996839388));
#19300=CARTESIAN_POINT('',(-2.00531505574428,14.2881598578424,
-3.99999996839598));
#19310=CARTESIAN_POINT('',(-2.03774710697197,14.3262539503094,
-3.99999996839805));
#19320=B_SPLINE_CURVE_WITH_KNOTS('',3,(#18740,#18750,#18760,#18770,
#18780,#18790,#18800,#18810,#18820,#18830,#18840,#18850,#18860,#18870,
#18880,#18890,#18900,#18910,#18920,#18930,#18940,#18950,#18960,#18970,
#18980,#18990,#19000,#19010,#19020,#19030,#19040,#19050,#19060,#19070,
#19080,#19090,#19100,#19110,#19120,#19130,#19140,#19150,#19160,#19170,
#19180,#19190,#19200,#19210,#19220,#19230,#19240,#19250,#19260,#19270,
#19280,#19290,#19300,#19310),.UNSPECIFIED.,.F.,.F.,(4,3,3,3,3,3,3,3,3,3,
3,3,3,3,3,3,3,3,3,4),(0.,0.0753990651977596,0.151029345540404,
0.226786599552217,0.302534447727338,0.378115087586121,0.453359448466509,
0.603620662671499,0.754311442449276,0.905228554873748,1.05578462550219,
1.20584745138282,1.3559502052185,1.5061907082996,1.65661491291769,
1.80721600097636,1.95793628078267,2.10867180145468,2.2592791830024,
2.40958416583632),.UNSPECIFIED.);
#19330=SURFACE_CURVE('',#19320,(#17580,#18730),.CURVE_3D.);
#19340=CARTESIAN_POINT('',(-2.03774710695587,14.3262539502905,
-3.99999996839805));
#19350=VERTEX_POINT('',#19340);
#19360=EDGE_CURVE('',#18660,#19350,#19330,.T.);
#19370=ORIENTED_EDGE('',*,*,#19360,.F.);
#19380=CARTESIAN_POINT('',(-1.99999230710474,9.99999863053555,
0.725000456779775));
#19390=DIRECTION('',(-0.999961922778443,-0.00872656823958823,
4.32017985124283E-14));
#19400=DIRECTION('',(-0.00872656823958825,0.999961922778444,
-1.97073235375333E-12));
#19410=AXIS2_PLACEMENT_3D('',#19380,#19390,#19400);
#19420=PLANE('',#19410);
#19430=CARTESIAN_POINT('',(-2.03461524431065,13.9673793820899,
-0.0886570816896352));
#19440=CARTESIAN_POINT('',(-2.03414470116017,13.9134606799618,
-0.133701653803957));
#19450=CARTESIAN_POINT('',(-2.03367706407558,13.859874978725,
-0.179342968836298));
#19460=CARTESIAN_POINT('',(-2.03321376600396,13.806786477289,
-0.225625110687905));
#19470=CARTESIAN_POINT('',(-2.03275046654492,13.7536978168714,
-0.271907391138427));
#19480=CARTESIAN_POINT('',(-2.03229149761663,13.7011053842649,
-0.318830307909887));
#19490=CARTESIAN_POINT('',(-2.03183843651503,13.649189919003,
-0.366468560009999));
#19500=CARTESIAN_POINT('',(-2.03161190472695,13.6232320445946,
-0.390287816156742));
#19510=CARTESIAN_POINT('',(-2.0313868509643,13.5974435344897,
-0.414286602112942));
#19520=CARTESIAN_POINT('',(-2.03116349076622,13.5718490869345,
-0.438478158144064));
#19530=CARTESIAN_POINT('',(-2.03094013045748,13.5462546266984,
-0.462669726161008));
#19540=CARTESIAN_POINT('',(-2.0307184629204,13.520854138155,
-0.487054084533628));
#19550=CARTESIAN_POINT('',(-2.03049872213229,13.4956744323465,
-0.511647516562824));
#19560=CARTESIAN_POINT('',(-2.03027898129529,13.4704947209354,
-0.536240954064114));
#19570=CARTESIAN_POINT('',(-2.03006116611882,13.445535667537,
-0.561043504440957));
#19580=CARTESIAN_POINT('',(-2.02984553579324,13.4208269723141,
-0.586074861560486));
#19590=CARTESIAN_POINT('',(-2.02962990552326,13.3961182834618,
-0.611106212226323));
#19600=CARTESIAN_POINT('',(-2.02941645863255,13.3716597841538,
-0.636366437034136));
#19610=CARTESIAN_POINT('',(-2.02920548882074,13.3474851289088,
-0.66187897378901));
#19620=CARTESIAN_POINT('',(-2.02899451922131,13.3233104980001,
-0.687391484860866));
#19630=CARTESIAN_POINT('',(-2.02878602473775,13.2994194862126,
-0.713156416890026));
#19640=CARTESIAN_POINT('',(-2.02858034596499,13.2758511217148,
-0.739201212070025));
#19650=CARTESIAN_POINT('',(-2.0283746676234,13.2522828066241,
-0.765245952651385));
#19660=CARTESIAN_POINT('',(-2.02817180241053,13.2290368429467,
-0.791570726264611));
#19670=CARTESIAN_POINT('',(-2.02797215388533,13.2061594737845,
-0.818207106563657));
#19680=CARTESIAN_POINT('',(-2.02777250608023,13.1832821871368,
-0.844843390790165));
#19690=CARTESIAN_POINT('',(-2.02757607161703,13.1607731123396,
-0.871791539424));
#19700=CARTESIAN_POINT('',(-2.02738333729176,13.1386880290411,
-0.89908716049868));
#19710=CARTESIAN_POINT('',(-2.0271906388248,13.1166070546827,
-0.926377703210378));
#19720=CARTESIAN_POINT('',(-2.02700157899173,13.094943024182,
-0.954022000253746));
#19730=CARTESIAN_POINT('',(-2.02681626427224,13.0737081403046,
-0.982140632058227));
#19740=CARTESIAN_POINT('',(-2.02663101555397,13.0524808193886,
-1.01024924920332));
#19750=CARTESIAN_POINT('',(-2.0264498156148,13.0317174408641,
-1.03878837500009));
#19760=CARTESIAN_POINT('',(-2.02627372357951,13.0115393679536,
-1.06775389964166));
#19770=CARTESIAN_POINT('',(-2.02609763130676,12.991361267833,
-1.09671946334297));
#19780=CARTESIAN_POINT('',(-2.02592664441509,12.9717681842437,
-1.12611172596907));
#19790=CARTESIAN_POINT('',(-2.02576186699103,12.9528866324969,
-1.15593218411888));
#19800=CARTESIAN_POINT('',(-2.02559708952333,12.9340050757482,
-1.18575265016842));
#19810=CARTESIAN_POINT('',(-2.02543851844507,12.9158346981196,
-1.21600176827146));
#19820=CARTESIAN_POINT('',(-2.02528731629777,12.8985087131739,
-1.24668603161641));
#19830=CARTESIAN_POINT('',(-2.02513611438788,12.8811827554337,
-1.27737024678034));
#19840=CARTESIAN_POINT('',(-2.02499227814863,12.8647008167817,
-1.30849024815597));
#19850=CARTESIAN_POINT('',(-2.02485704272439,12.8492044302134,
-1.3400558242118));
#19860=CARTESIAN_POINT('',(-2.02472712975002,12.834317933703,
-1.37037907639269));
#19870=CARTESIAN_POINT('',(-2.02460515219359,12.8203407426106,
-1.40111421257307));
#19880=CARTESIAN_POINT('',(-2.02449227541627,12.8074063935992,
-1.43227016313418));
#19890=CARTESIAN_POINT('',(-2.02437945578903,12.7944785933131,
-1.46341033928225));
#19900=CARTESIAN_POINT('',(-2.02427517637237,12.7825294008756,
-1.49512963340134));
#19910=CARTESIAN_POINT('',(-2.02418123618824,12.7717649623737,
-1.52732957747359));
#19920=CARTESIAN_POINT('',(-2.02413426823357,12.7663829880424,
-1.54342881687521));
#19930=CARTESIAN_POINT('',(-2.02408988670885,12.7612973883853,
-1.55964655122788));
#19940=CARTESIAN_POINT('',(-2.02404829959165,12.7565319946432,
-1.57596636313598));
#19950=CARTESIAN_POINT('',(-2.02400671253883,12.7517666082777,
-1.59228614978166));
#19960=CARTESIAN_POINT('',(-2.02396792063185,12.7473215126435,
-1.60870786614503));
#19970=CARTESIAN_POINT('',(-2.02393210932531,12.743217958765,
-1.62521346166864));
#19980=CARTESIAN_POINT('',(-2.02389629804198,12.7391144075459,
-1.64171904649544));
#19990=CARTESIAN_POINT('',(-2.02386346809666,12.7353524822876,
-1.65830831657842));
#20000=CARTESIAN_POINT('',(-2.02383377626043,12.7319501476208,
-1.67496197449508));
#20010=CARTESIAN_POINT('',(-2.02380408440927,12.7285478112428,
-1.69161564078738));
#20020=CARTESIAN_POINT('',(-2.02377753132246,12.7255051400878,
-1.70833345587767));
#20030=CARTESIAN_POINT('',(-2.02375423979327,12.7228362052132,
-1.72509547344907));
#20040=CARTESIAN_POINT('',(-2.02373094821885,12.7201672651547,
-1.7418575235781));
#20050=CARTESIAN_POINT('',(-2.02371091868408,12.7178721163457,
-1.75866349921238));
#20060=CARTESIAN_POINT('',(-2.0236942363565,12.7159605181202,
-1.77549363377036));
#20070=CARTESIAN_POINT('',(-2.02367755396734,12.7140489128381,
-1.79232383045508));
#20080=CARTESIAN_POINT('',(-2.02366421901222,12.7125208840548,
-1.80917788539378));
#20090=CARTESIAN_POINT('',(-2.02365427785567,12.7113817446197,
-1.82603726340651));
#20100=CARTESIAN_POINT('',(-2.02364433479381,12.7102423868583,
-1.84289987266994));
#20110=CARTESIAN_POINT('',(-2.02363778952186,12.7094923757946,
-1.8597539271241));
#20120=CARTESIAN_POINT('',(-2.02363464356816,12.7091318865598,
-1.87662199099372));
#20130=CARTESIAN_POINT('',(-2.0236314964848,12.7087712678779,
-1.89349611196631));
#20140=CARTESIAN_POINT('',(-2.02363175317073,12.7088006810622,
-1.91040334669422));
#20150=CARTESIAN_POINT('',(-2.0236354418156,12.7092233563126,
-1.92732488789844));
#20160=CARTESIAN_POINT('',(-2.02363913043862,12.7096460290586,
-1.9442463288389));
#20170=CARTESIAN_POINT('',(-2.02364625128282,12.7104619939252,
-1.96118173208813));
#20180=CARTESIAN_POINT('',(-2.02365679150122,12.711669778791,
-1.97810954445671));
#20190=CARTESIAN_POINT('',(-2.02366733168054,12.7128775591799,
-1.99503729407918));
#20200=CARTESIAN_POINT('',(-2.02368129113959,12.7144771487713,
-2.01195710176566));
#20210=CARTESIAN_POINT('',(-2.0236986125897,12.716461982911,
-2.02884601652666));
#20220=CARTESIAN_POINT('',(-2.02371593400893,12.7184468135108,
-2.04573490116577));
#20230=CARTESIAN_POINT('',(-2.02373661700476,12.7208168412715,
-2.06259255964246));
#20240=CARTESIAN_POINT('',(-2.02376056018288,12.7235604474369,
-2.07939583836295));
#20250=CARTESIAN_POINT('',(-2.02378450335729,12.7263040531783,
-2.09619911448682));
#20260=CARTESIAN_POINT('',(-2.02381170605555,12.7294211620725,
-2.1129477146213));
#20270=CARTESIAN_POINT('',(-2.02384202624398,12.7328954985002,
-2.12961927046637));
#20280=CARTESIAN_POINT('',(-2.02387234646897,12.7363698391167,
-2.14629084641133));
#20290=CARTESIAN_POINT('',(-2.02390578337834,12.7402013150829,
-2.16288513072229));
#20300=CARTESIAN_POINT('',(-2.02394216007281,12.7443696557577,
-2.17938129882587));
#20310=CARTESIAN_POINT('',(-2.02397853685225,12.7485380061689,
-2.19587750546129));
#20320=CARTESIAN_POINT('',(-2.02401785256005,12.7530431230263,
-2.2122754019027));
#20330=CARTESIAN_POINT('',(-2.02405990264244,12.7578615671252,
-2.2285562432924));
#20340=CARTESIAN_POINT('',(-2.02414401686069,12.7675000656849,
-2.26112336725683));
#20350=CARTESIAN_POINT('',(-2.0242390149356,12.7783857258788,
-2.29319854463296));
#20360=CARTESIAN_POINT('',(-2.0243432324452,12.7903278248134,
-2.32471754340878));
#20370=CARTESIAN_POINT('',(-2.02444754744388,12.8022810948497,
-2.35626602627654));
#20380=CARTESIAN_POINT('',(-2.02456159055671,12.8153490921683,
-2.38741015383274));
#20390=CARTESIAN_POINT('',(-2.02468416191498,12.8293943259563,
-2.41814857571529));
#20400=CARTESIAN_POINT('',(-2.02480673349403,12.8434395850428,
-2.44888705296408));
#20410=CARTESIAN_POINT('',(-2.02493783360337,12.8584621132357,
-2.47922021610535));
#20420=CARTESIAN_POINT('',(-2.02507629840765,12.8743285487152,
-2.5091471046144));
#20430=CARTESIAN_POINT('',(-2.02521476331105,12.8901949955511,
-2.53907401454354));
#20440=CARTESIAN_POINT('',(-2.02536059420005,12.9069054975679,
-2.56859504834605));
#20450=CARTESIAN_POINT('',(-2.02551266828748,12.9243313965802,
-2.59770755862406));
#20460=CARTESIAN_POINT('',(-2.02566474232799,12.941757290217,
-2.62682005992131));
#20470=CARTESIAN_POINT('',(-2.02582306121726,12.9598987699573,
-2.65552436984412));
#20480=CARTESIAN_POINT('',(-2.02598654075511,12.9786315992334,
-2.68381472110259));
#20490=CARTESIAN_POINT('',(-2.0261500201244,12.9973644091953,
-2.7121050431928));
#20500=CARTESIAN_POINT('',(-2.02631866172728,13.0166887527812,
-2.73998165573379));
#20510=CARTESIAN_POINT('',(-2.02649141476278,13.036484215648,
-2.76743490346603));
#20520=CARTESIAN_POINT('',(-2.02666423349977,13.0562872071323,
-2.79489859222701));
#20530=CARTESIAN_POINT('',(-2.02684085904044,13.0765264120004,
-2.82189308175513));
#20540=CARTESIAN_POINT('',(-2.02702119329263,13.0971905929946,
-2.84854139202209));
#20550=CARTESIAN_POINT('',(-2.02720894960423,13.1187052545673,
-2.87628647308966));
#20560=CARTESIAN_POINT('',(-2.02740077903353,13.1406866464551,
-2.9036617396407));
#20570=CARTESIAN_POINT('',(-2.02759613399911,13.1630720242629,
-2.93070528438631));
#20580=CARTESIAN_POINT('',(-2.02779148986244,13.1854575049418,
-2.95774895340944));
#20590=CARTESIAN_POINT('',(-2.02799037517251,13.2082474186401,
-2.98446123231875));
#20600=CARTESIAN_POINT('',(-2.02819233925873,13.2313901238193,
-3.01087626976541));
#20610=CARTESIAN_POINT('',(-2.02839430390156,13.2545328927778,
-3.03729138000976));
#20620=CARTESIAN_POINT('',(-2.02859935036702,13.2780288023075,
-3.06340946932488));
#20630=CARTESIAN_POINT('',(-2.02880710158409,13.3018346445102,
-3.08926043733586));
#20640=CARTESIAN_POINT('',(-2.0290148530941,13.3256405202794,
-3.11511144179706));
#20650=CARTESIAN_POINT('',(-2.02922531168508,13.34975659564,
-3.140695467797));
#20660=CARTESIAN_POINT('',(-2.02943815513382,13.3741459476053,
-3.16603817549866));
#20670=CARTESIAN_POINT('',(-2.0296509986827,13.398535311047,
-3.19138089512533));
#20680=CARTESIAN_POINT('',(-2.02986622884137,13.4231981518555,
-3.21648238597603));
#20690=CARTESIAN_POINT('',(-2.03008356363208,13.4481021587049,
-3.24136427174147));
#20700=CARTESIAN_POINT('',(-2.03030089839099,13.4730061619098,
-3.26624615386555));
#20710=CARTESIAN_POINT('',(-2.03052033908062,13.4981514799672,
-3.29090848428979));
#20720=CARTESIAN_POINT('',(-2.03074163292099,13.5235091472694,
-3.31536916425288));
#20730=CARTESIAN_POINT('',(-2.03096292664776,13.5488668015557,
-3.33982983166053));
#20740=CARTESIAN_POINT('',(-2.03118607447327,13.5744369137157,
-3.36408887772551));
#20750=CARTESIAN_POINT('',(-2.03141084469921,13.6001929338535,
-3.38816085240452));
#20760=CARTESIAN_POINT('',(-2.03163561477022,13.6259489362381,
-3.41223281049097));
#20770=CARTESIAN_POINT('',(-2.03186200792066,13.6518909244055,
-3.43611771012137));
#20780=CARTESIAN_POINT('',(-2.03208980778145,13.6779941050086,
-3.45982714451407));
#20790=CARTESIAN_POINT('',(-2.03254540503039,13.7302001828802,
-3.50724575594758));
#20800=CARTESIAN_POINT('',(-2.03300662572799,13.7830506417238,
-3.55396511673259));
#20810=CARTESIAN_POINT('',(-2.03347186246626,13.83636129152,
-3.60004813860089));
#20820=CARTESIAN_POINT('',(-2.03393709785281,13.8896717864256,
-3.64613102657798));
#20830=CARTESIAN_POINT('',(-2.03440635569376,13.9434432072211,
-3.69157727890666));
#20840=CARTESIAN_POINT('',(-2.034878159607,13.9975063779098,
-3.7364213309333));
#20850=CARTESIAN_POINT('',(-2.03534988844432,14.0515609457814,
-3.78125824713769));
#20860=CARTESIAN_POINT('',(-2.03582520493068,14.1060266159705,
-3.82559210011026));
#20870=CARTESIAN_POINT('',(-2.03630353868837,14.1608380299125,
-3.86949960399024));
#20880=CARTESIAN_POINT('',(-2.03678187098664,14.2156492766215,
-3.91340697390567));
#20890=CARTESIAN_POINT('',(-2.03726321656872,14.2708058101582,
-3.95688710622792));
#20900=CARTESIAN_POINT('',(-2.03774710697272,14.3262539503104,
-3.9999999683981));
#20910=B_SPLINE_CURVE_WITH_KNOTS('',3,(#19430,#19440,#19450,#19460,
#19470,#19480,#19490,#19500,#19510,#19520,#19530,#19540,#19550,#19560,
#19570,#19580,#19590,#19600,#19610,#19620,#19630,#19640,#19650,#19660,
#19670,#19680,#19690,#19700,#19710,#19720,#19730,#19740,#19750,#19760,
#19770,#19780,#19790,#19800,#19810,#19820,#19830,#19840,#19850,#19860,
#19870,#19880,#19890,#19900,#19910,#19920,#19930,#19940,#19950,#19960,
#19970,#19980,#19990,#20000,#20010,#20020,#20030,#20040,#20050,#20060,
#20070,#20080,#20090,#20100,#20110,#20120,#20130,#20140,#20150,#20160,
#20170,#20180,#20190,#20200,#20210,#20220,#20230,#20240,#20250,#20260,
#20270,#20280,#20290,#20300,#20310,#20320,#20330,#20340,#20350,#20360,
#20370,#20380,#20390,#20400,#20410,#20420,#20430,#20440,#20450,#20460,
#20470,#20480,#20490,#20500,#20510,#20520,#20530,#20540,#20550,#20560,
#20570,#20580,#20590,#20600,#20610,#20620,#20630,#20640,#20650,#20660,
#20670,#20680,#20690,#20700,#20710,#20720,#20730,#20740,#20750,#20760,
#20770,#20780,#20790,#20800,#20810,#20820,#20830,#20840,#20850,#20860,
#20870,#20880,#20890,#20900),.UNSPECIFIED.,.F.,.F.,(4,3,3,3,3,3,3,3,3,3,
3,3,3,3,3,3,3,3,3,3,3,3,3,3,3,3,3,3,3,3,3,3,3,3,3,3,3,3,3,3,3,3,3,3,3,3,
3,3,3,4),(0.,0.211078019571478,0.422449388091584,0.52812646697959,
0.633753285392018,0.73931041864014,0.844790683009853,0.950199592330265,
1.05555540624482,1.16088879334135,1.26634790380889,1.37216026085592,
1.47807355076157,1.58388383836123,1.68948736726517,1.79074974946263,
1.89229292549494,1.94326271170801,1.99428141669792,2.04529389583583,
2.09625319205443,2.14712249603093,2.19787751827832,2.24851674215178,
2.29922425907339,2.35007234426793,2.40103909622345,2.45208920538203,
2.50317693937599,2.55424855620644,2.60524435620042,2.70676228946017,
2.80805117191654,2.90955461111784,3.01126866659881,3.11307715797541,
3.21476729010481,3.31608287191191,3.42140398321761,3.52674073564341,
3.63213264332051,3.73760582626988,3.84317246721546,3.9488306799509,
4.05456484117435,4.16034635924923,4.37187946364134,4.58299294601637,
4.79368268113861,5.00438539435131),.UNSPECIFIED.);
#20920=SURFACE_CURVE('',#20910,(#17580,#19420),.CURVE_3D.);
#20930=EDGE_CURVE('',#18420,#19350,#20920,.T.);
#20940=ORIENTED_EDGE('',*,*,#20930,.T.);
#20950=EDGE_LOOP('',(#20940,#19370,#18680,#18600,#18510,#18500,#18440));
#20960=FACE_OUTER_BOUND('',#20950,.T.);
#20970=ADVANCED_FACE('',(#20960),#17580,.F.);
#20980=COLOUR_RGB('',0.,0.443137288093567,0.709803938865662);
#20990=FILL_AREA_STYLE_COLOUR('',#20980);
#21000=FILL_AREA_STYLE('',(#20990));
#21010=SURFACE_STYLE_FILL_AREA(#21000);
#21020=SURFACE_SIDE_STYLE('',(#21010));
#21030=SURFACE_STYLE_USAGE(.BOTH.,#21020);
#21040=PRESENTATION_STYLE_ASSIGNMENT((#21030));
#21050=CARTESIAN_POINT('',(1.70000034705635,-8.56699050355916,
-0.215254194548688));
#21060=DIRECTION('',(6.57805809820589E-10,-1.,1.10968121682026E-9));
#21070=VECTOR('',#21060,1.);
#21080=LINE('',#21050,#21070);
#21090=CARTESIAN_POINT('',(1.70000033469134,10.2303837061564,
-0.215254215407781));
#21100=VERTEX_POINT('',#21090);
#21110=CARTESIAN_POINT('',(1.70000033518295,9.48301164510406,
-0.215254214578436));
#21120=VERTEX_POINT('',#21110);
#21130=EDGE_CURVE('',#21100,#21120,#21080,.T.);
#21140=ORIENTED_EDGE('',*,*,#21130,.T.);
#21150=CARTESIAN_POINT('',(5.12181332253346,16.157137665386,
-0.33124788250949));
#21160=DIRECTION('',(-0.499928196368282,-0.865901037749209,
0.0169467194701573));
#21170=VECTOR('',#21160,1.);
#21180=LINE('',#21150,#21170);
#21190=CARTESIAN_POINT('',(1.85000006714623,10.490190864341,
-0.220338952385967));
#21200=VERTEX_POINT('',#21190);
#21210=EDGE_CURVE('',#21200,#21100,#21180,.T.);
#21220=ORIENTED_EDGE('',*,*,#21210,.T.);
#21230=CARTESIAN_POINT('',(1.85000091409071,-14.8973778061424,
-0.220338952357736));
#21240=DIRECTION('',(-3.33605983948716E-8,1.,-1.11201234424591E-12));
#21250=VECTOR('',#21240,1.);
#21260=LINE('',#21230,#21250);
#21270=CARTESIAN_POINT('',(1.85000002627513,11.7153216396985,
-0.220338952387329));
#21280=VERTEX_POINT('',#21270);
#21290=EDGE_CURVE('',#21200,#21280,#21260,.T.);
#21300=ORIENTED_EDGE('',*,*,#21290,.F.);
#21310=CARTESIAN_POINT('',(-26.9383292823457,-38.1475312278176,
0.755536672055962));
#21320=DIRECTION('',(-0.499928168152467,-0.865901054058337,
0.016946718513689));
#21330=VECTOR('',#21320,1.);
#21340=LINE('',#21310,#21330);
#21350=CARTESIAN_POINT('',(2.16885246592799,12.2675903078249,
-0.231147510269092));
#21360=VERTEX_POINT('',#21350);
#21370=EDGE_CURVE('',#21360,#21280,#21340,.T.);
#21380=ORIENTED_EDGE('',*,*,#21370,.T.);
#21390=CARTESIAN_POINT('',(-46.3242313627685,15.1147915667287,
1.4126858336278));
#21400=DIRECTION('',(-0.997709704073223,0.0585790818231445,
0.0338206678065405));
#21410=VECTOR('',#21400,1.);
#21420=LINE('',#21390,#21410);
#21430=EDGE_CURVE('',#21360,#18400,#21420,.T.);
#21440=ORIENTED_EDGE('',*,*,#21430,.F.);
#21450=ORIENTED_EDGE('',*,*,#18430,.F.);
#21460=CARTESIAN_POINT('',(-1.82675788340446,-9.85062565369629,
-0.0957030668579166));
#21470=DIRECTION('',(0.00872656785777303,-0.999961879026932,
-0.000295814727108111));
#21480=VECTOR('',#21470,1.);
#21490=LINE('',#21460,#21480);
#21500=CARTESIAN_POINT('',(-1.93061344954209,2.04999882490455,
-0.0921825525814941));
#21510=VERTEX_POINT('',#21500);
#21520=EDGE_CURVE('',#18420,#21510,#21490,.T.);
#21530=ORIENTED_EDGE('',*,*,#21520,.F.);
#21540=CARTESIAN_POINT('',(0.,2.04999882490455,-0.157627076263575));
#21550=DIRECTION('',(-0.999425947141932,0.,0.0338788456038872));
#21560=VECTOR('',#21550,1.);
#21570=LINE('',#21540,#21560);
#21580=CARTESIAN_POINT('',(1.45000034006603,2.04999882490455,
-0.206779630074252));
#21590=VERTEX_POINT('',#21580);
#21600=EDGE_CURVE('',#21590,#21510,#21570,.T.);
#21610=ORIENTED_EDGE('',*,*,#21600,.T.);
#21620=CARTESIAN_POINT('',(1.45000034710979,-8.65798307137794,
-0.206779618191806));
#21630=DIRECTION('',(6.57805809820589E-10,-1.,1.10968121682026E-9));
#21640=VECTOR('',#21630,1.);
#21650=LINE('',#21620,#21640);
#21660=CARTESIAN_POINT('',(1.45000033579028,8.54999894295691,
-0.206779637287179));
#21670=VERTEX_POINT('',#21660);
#21680=EDGE_CURVE('',#21670,#21590,#21650,.T.);
#21690=ORIENTED_EDGE('',*,*,#21680,.T.);
#21700=CARTESIAN_POINT('',(-3.65913579735479,-10.517556740258,
-0.0335885606588897));
#21710=DIRECTION('',(0.258809083753661,0.965888652639397,
-0.00877319035711135));
#21720=VECTOR('',#21710,1.);
#21730=LINE('',#21700,#21720);
#21740=EDGE_CURVE('',#21670,#21120,#21730,.T.);
#21750=ORIENTED_EDGE('',*,*,#21740,.F.);
#21760=EDGE_LOOP('',(#21750,#21690,#21610,#21530,#21450,#21440,#21380,
#21300,#21220,#21140));
#21770=FACE_OUTER_BOUND('',#21760,.T.);
#21780=ADVANCED_FACE('',(#21770),#17630,.F.);
#21790=COLOUR_RGB('',0.,0.443137288093567,0.709803938865662);
#21800=FILL_AREA_STYLE_COLOUR('',#21790);
#21810=FILL_AREA_STYLE('',(#21800));
#21820=SURFACE_STYLE_FILL_AREA(#21810);
#21830=SURFACE_SIDE_STYLE('',(#21820));
#21840=SURFACE_STYLE_USAGE(.BOTH.,#21830);
#21850=PRESENTATION_STYLE_ASSIGNMENT((#21840));
#21860=CARTESIAN_POINT('',(1.45000033331073,10.4507312745271,
1.41960082853681));
#21870=DIRECTION('',(1.,6.57805698803146E-10,7.5581538316759E-10));
#21880=DIRECTION('',(6.57805698800494E-10,-1.,3.5103263956125E-12));
#21890=AXIS2_PLACEMENT_3D('',#21860,#21870,#21880);
#21900=PLANE('',#21890);
#21910=ORIENTED_EDGE('',*,*,#21680,.F.);
#21920=CARTESIAN_POINT('',(1.45000033990974,2.04999882490455,
9.58785051352606E-10));
#21930=DIRECTION('',(-7.5581538316759E-10,0.,1.));
#21940=VECTOR('',#21930,1.);
#21950=LINE('',#21920,#21940);
#21960=CARTESIAN_POINT('',(1.450000342933,2.04999882490455,
-3.99999996816165));
#21970=VERTEX_POINT('',#21960);
#21980=EDGE_CURVE('',#21970,#21590,#21950,.T.);
#21990=ORIENTED_EDGE('',*,*,#21980,.T.);
#22000=CARTESIAN_POINT('',(1.45000034997677,-8.6579830703403,
-3.99999996814406));
#22010=DIRECTION('',(6.57805809822829E-10,-1.,1.64262285932804E-12));
#22020=VECTOR('',#22010,1.);
#22030=LINE('',#22000,#22020);
#22040=CARTESIAN_POINT('',(1.45000033865727,8.5499989425789,
-3.99999996817233));
#22050=VERTEX_POINT('',#22040);
#22060=EDGE_CURVE('',#22050,#21970,#22030,.T.);
#22070=ORIENTED_EDGE('',*,*,#22060,.T.);
#22080=CARTESIAN_POINT('',(1.45000037610064,8.54999893764207,
-53.5403988165269));
#22090=DIRECTION('',(7.55815383233142E-10,-9.96526233617778E-11,-1.));
#22100=VECTOR('',#22090,1.);
#22110=LINE('',#22080,#22100);
#22120=EDGE_CURVE('',#21670,#22050,#22110,.T.);
#22130=ORIENTED_EDGE('',*,*,#22120,.T.);
#22140=EDGE_LOOP('',(#22130,#22070,#21990,#21910));
#22150=FACE_OUTER_BOUND('',#22140,.T.);
#22160=ADVANCED_FACE('',(#22150),#21900,.F.);
#22170=COLOUR_RGB('',0.823529481887817,0.823529481887817,
0.784313797950745);
#22180=FILL_AREA_STYLE_COLOUR('',#22170);
#22190=FILL_AREA_STYLE('',(#22180));
#22200=SURFACE_STYLE_FILL_AREA(#22190);
#22210=SURFACE_SIDE_STYLE('',(#22200));
#22220=SURFACE_STYLE_USAGE(.BOTH.,#22210);
#22230=PRESENTATION_STYLE_ASSIGNMENT((#22220));
#22240=ORIENTED_EDGE('',*,*,#22060,.F.);
#22250=CARTESIAN_POINT('',(0.,2.04999882490455,-3.99999996825155));
#22260=DIRECTION('',(-1.,0.,-6.19970867467054E-11));
#22270=VECTOR('',#22260,1.);
#22280=LINE('',#22250,#22270);
#22290=CARTESIAN_POINT('',(-1.93061344954226,2.04999882490455,
-3.99999996837124));
#22300=VERTEX_POINT('',#22290);
#22310=EDGE_CURVE('',#21970,#22300,#22280,.T.);
#22320=ORIENTED_EDGE('',*,*,#22310,.F.);
#22330=CARTESIAN_POINT('',(-1.82675788340458,-9.85062565370235,
-3.99999996834525));
#22340=DIRECTION('',(0.00872656823958819,-0.999961922778443,
2.18359637314599E-12));
#22350=VECTOR('',#22340,1.);
#22360=LINE('',#22330,#22350);
#22370=EDGE_CURVE('',#19350,#22300,#22360,.T.);
#22380=ORIENTED_EDGE('',*,*,#22370,.T.);
#22390=ORIENTED_EDGE('',*,*,#19360,.T.);
#22400=CARTESIAN_POINT('',(-45.5597360468317,13.0143581629284,
-3.99999997109413));
#22410=DIRECTION('',(-1.,-3.33474267089073E-8,-6.19970829437278E-11));
#22420=VECTOR('',#22410,1.);
#22430=LINE('',#22400,#22420);
#22440=CARTESIAN_POINT('',(2.49999998340034,13.0143597655851,
-3.99999996810775));
#22450=VERTEX_POINT('',#22440);
#22460=EDGE_CURVE('',#22450,#18660,#22430,.T.);
#22470=ORIENTED_EDGE('',*,*,#22460,.T.);
#22480=CARTESIAN_POINT('',(2.49999973043368,20.6000004123927,
-3.9999999681284));
#22490=DIRECTION('',(-3.33473054725531E-8,1.,-1.97103449248299E-12));
#22500=VECTOR('',#22490,1.);
#22510=LINE('',#22480,#22500);
#22520=CARTESIAN_POINT('',(2.49999998918751,12.8411546866718,
-3.99999996811428));
#22530=VERTEX_POINT('',#22520);
#22540=EDGE_CURVE('',#22530,#22450,#22510,.T.);
#22550=ORIENTED_EDGE('',*,*,#22540,.T.);
#22560=CARTESIAN_POINT('',(-26.9383292822318,-38.1475312281388,
-3.99999996985562));
#22570=DIRECTION('',(-0.499999971120282,-0.866025420458152,
-2.95760161384582E-11));
#22580=VECTOR('',#22570,1.);
#22590=LINE('',#22560,#22580);
#22600=CARTESIAN_POINT('',(1.85000002651843,11.7153216397078,
-3.99999996815273));
#22610=VERTEX_POINT('',#22600);
#22620=EDGE_CURVE('',#22530,#22610,#22590,.T.);
#22630=ORIENTED_EDGE('',*,*,#22620,.F.);
#22640=CARTESIAN_POINT('',(1.85000091433401,-14.8973778060597,
-3.99999996810902));
#22650=DIRECTION('',(-3.33605984503827E-8,1.,-1.64259677572212E-12));
#22660=VECTOR('',#22650,1.);
#22670=LINE('',#22640,#22660);
#22680=CARTESIAN_POINT('',(1.85000006738953,10.4901908595372,
-3.99999996815072));
#22690=VERTEX_POINT('',#22680);
#22700=EDGE_CURVE('',#22690,#22610,#22670,.T.);
#22710=ORIENTED_EDGE('',*,*,#22700,.T.);
#22720=CARTESIAN_POINT('',(5.12181332366428,16.1571376622727,
-3.99999996795718));
#22730=DIRECTION('',(-0.499999999338911,-0.866025404166119,
-2.95760340032193E-11));
#22740=VECTOR('',#22730,1.);
#22750=LINE('',#22720,#22740);
#22760=CARTESIAN_POINT('',(1.70000033755191,10.2303837058788,
-3.99999996815959));
#22770=VERTEX_POINT('',#22760);
#22780=EDGE_CURVE('',#22690,#22770,#22750,.T.);
#22790=ORIENTED_EDGE('',*,*,#22780,.F.);
#22800=CARTESIAN_POINT('',(1.70000034991692,-8.56699050252383,
-3.99999996812871));
#22810=DIRECTION('',(6.57805809822829E-10,-1.,1.64262285932804E-12));
#22820=VECTOR('',#22810,1.);
#22830=LINE('',#22800,#22820);
#22840=CARTESIAN_POINT('',(1.70000033804353,9.4830116447269,
-3.99999996815836));
#22850=VERTEX_POINT('',#22840);
#22860=EDGE_CURVE('',#22770,#22850,#22830,.T.);
#22870=ORIENTED_EDGE('',*,*,#22860,.F.);
#22880=CARTESIAN_POINT('',(-3.65913579391741,-10.517556739013,
-3.99999996845776));
#22890=DIRECTION('',(0.258819044443494,0.965925826465655,
1.44594027624197E-11));
#22900=VECTOR('',#22890,1.);
#22910=LINE('',#22880,#22900);
#22920=EDGE_CURVE('',#22050,#22850,#22910,.T.);
#22930=ORIENTED_EDGE('',*,*,#22920,.T.);
#22940=EDGE_LOOP('',(#22930,#22870,#22790,#22710,#22630,#22550,#22470,
#22390,#22380,#22320,#22240));
#22950=FACE_OUTER_BOUND('',#22940,.T.);
#22960=ADVANCED_FACE('',(#22950),#18730,.T.);
#22970=COLOUR_RGB('',0.,0.443137288093567,0.709803938865662);
#22980=FILL_AREA_STYLE_COLOUR('',#22970);
#22990=FILL_AREA_STYLE('',(#22980));
#23000=SURFACE_STYLE_FILL_AREA(#22990);
#23010=SURFACE_SIDE_STYLE('',(#23000));
#23020=SURFACE_STYLE_USAGE(.BOTH.,#23010);
#23030=PRESENTATION_STYLE_ASSIGNMENT((#23020));
#23040=CARTESIAN_POINT('',(-1.93061344954208,2.04999882490455,
9.58785051352606E-10));
#23050=DIRECTION('',(-4.32034435795215E-14,0.,-1.));
#23060=VECTOR('',#23050,1.);
#23070=LINE('',#23040,#23060);
#23080=EDGE_CURVE('',#21510,#22300,#23070,.T.);
#23090=ORIENTED_EDGE('',*,*,#23080,.T.);
#23100=ORIENTED_EDGE('',*,*,#21520,.T.);
#23110=ORIENTED_EDGE('',*,*,#20930,.F.);
#23120=ORIENTED_EDGE('',*,*,#22370,.F.);
#23130=EDGE_LOOP('',(#23120,#23110,#23100,#23090));
#23140=FACE_OUTER_BOUND('',#23130,.T.);
#23150=ADVANCED_FACE('',(#23140),#19420,.F.);
#23160=COLOUR_RGB('',0.,0.443137288093567,0.709803938865662);
#23170=FILL_AREA_STYLE_COLOUR('',#23160);
#23180=FILL_AREA_STYLE('',(#23170));
#23190=SURFACE_STYLE_FILL_AREA(#23180);
#23200=SURFACE_SIDE_STYLE('',(#23190));
#23210=SURFACE_STYLE_USAGE(.BOTH.,#23200);
#23220=PRESENTATION_STYLE_ASSIGNMENT((#23210));
#23230=CARTESIAN_POINT('',(-0.100000270037006,20.600000325687,
-4.79999996878513));
#23240=DIRECTION('',(-6.19671869557849E-11,1.97103242604428E-12,1.));
#23250=DIRECTION('',(-1.,-3.33473056390865E-8,-6.19671868900563E-11));
#23260=AXIS2_PLACEMENT_3D('',#23230,#23240,#23250);
#23270=PLANE('',#23260);
#23280=CARTESIAN_POINT('',(0.499999729962848,20.6000003456965,
-4.79999996874795));
#23290=DIRECTION('',(-3.33473054725531E-8,1.,-1.97103449248299E-12));
#23300=VECTOR('',#23290,1.);
#23310=LINE('',#23280,#23300);
#23320=CARTESIAN_POINT('',(0.499999936716138,14.400000345813,
-4.79999996873573));
#23330=VERTEX_POINT('',#23320);
#23340=CARTESIAN_POINT('',(0.499999749971231,20.000000000028,
-4.79999996874677));
#23350=VERTEX_POINT('',#23340);
#23360=EDGE_CURVE('',#23330,#23350,#23310,.T.);
#23370=ORIENTED_EDGE('',*,*,#23360,.T.);
#23380=CARTESIAN_POINT('',(13.4138443106165,14.4000007764572,
-4.7999999679355));
#23390=DIRECTION('',(-1.,-3.33474784453003E-8,-6.19671765897564E-11));
#23400=VECTOR('',#23390,1.);
#23410=LINE('',#23380,#23400);
#23420=EDGE_CURVE('',#23330,#18580,#23410,.T.);
#23430=ORIENTED_EDGE('',*,*,#23420,.F.);
#23440=CARTESIAN_POINT('',(-0.10000006328295,14.4000003256287,
-4.79999996867245));
#23450=DIRECTION('',(-3.33473054725531E-8,1.,-1.97103449248299E-12));
#23460=VECTOR('',#23450,1.);
#23470=LINE('',#23440,#23460);
#23480=CARTESIAN_POINT('',(-0.100000250027806,20.0000000000281,
-4.79999996878395));
#23490=VERTEX_POINT('',#23480);
#23500=EDGE_CURVE('',#18580,#23490,#23470,.T.);
#23510=ORIENTED_EDGE('',*,*,#23500,.F.);
#23520=CARTESIAN_POINT('',(-15.4834853664621,20.00000000003,
-4.79999996973722));
#23530=DIRECTION('',(-1.,1.21014309700815E-13,-6.1967186955785E-11));
#23540=VECTOR('',#23530,1.);
#23550=LINE('',#23520,#23540);
#23560=EDGE_CURVE('',#23350,#23490,#23550,.T.);
#23570=ORIENTED_EDGE('',*,*,#23560,.T.);
#23580=EDGE_LOOP('',(#23570,#23510,#23430,#23370));
#23590=FACE_OUTER_BOUND('',#23580,.T.);
#23600=ADVANCED_FACE('',(#23590),#23270,.T.);
#23610=COLOUR_RGB('',0.,0.443137288093567,0.709803938865662);
#23620=FILL_AREA_STYLE_COLOUR('',#23610);
#23630=FILL_AREA_STYLE('',(#23620));
#23640=SURFACE_STYLE_FILL_AREA(#23630);
#23650=SURFACE_SIDE_STYLE('',(#23640));
#23660=SURFACE_STYLE_USAGE(.BOTH.,#23650);
#23670=PRESENTATION_STYLE_ASSIGNMENT((#23660));
#23680=CARTESIAN_POINT('',(0.499999729783141,20.6000003457023,
-1.89999996874795));
#23690=DIRECTION('',(-3.33473054725531E-8,1.,-1.97103449248299E-12));
#23700=DIRECTION('',(-1.,-3.33473056390865E-8,-6.19672242589213E-11));
#23710=AXIS2_PLACEMENT_3D('',#23680,#23690,#23700);
#23720=CYLINDRICAL_SURFACE('',#23710,2.9);
#23730=CARTESIAN_POINT('',(0.49999974979154,20.0000000000292,
-1.89999996874677));
#23740=DIRECTION('',(-1.21014309631573E-13,-1.,4.08395604615811E-13));
#23750=DIRECTION('',(-1.,1.21014309727059E-13,-2.01735188582601E-12));
#23760=AXIS2_PLACEMENT_3D('',#23730,#23740,#23750);
#23770=CIRCLE('',#23760,2.9);
#23780=CARTESIAN_POINT('',(2.10300149966546,20.00000000003,
0.516688962394586));
#23790=VERTEX_POINT('',#23780);
#23800=EDGE_CURVE('',#23350,#23790,#23770,.T.);
#23810=ORIENTED_EDGE('',*,*,#23800,.F.);
#23820=CARTESIAN_POINT('',(2.10300147965707,20.6000003991628,
0.5166889623934));
#23830=DIRECTION('',(-3.33473054725531E-8,1.,-1.97103449248299E-12));
#23840=VECTOR('',#23830,1.);
#23850=LINE('',#23820,#23840);
#23860=CARTESIAN_POINT('',(2.10300165639794,15.3000003993229,
0.516688962403748));
#23870=VERTEX_POINT('',#23860);
#23880=EDGE_CURVE('',#23870,#23790,#23850,.T.);
#23890=ORIENTED_EDGE('',*,*,#23880,.T.);
#23900=CARTESIAN_POINT('',(0.761206047472859,14.4000003545782,
0.988212517839565));
#23910=CARTESIAN_POINT('',(0.77929123415934,14.4000003551813,
0.98657691751518));
#23920=CARTESIAN_POINT('',(0.7973671069148,14.4004978009316,
0.984770641651485));
#23930=CARTESIAN_POINT('',(0.815389890276701,14.401477478127,
0.982798875625181));
#23940=CARTESIAN_POINT('',(0.833417015986231,14.4024573913625,
0.980826634528332));
#23950=CARTESIAN_POINT('',(0.851370691909677,14.4039175584768,
0.978691444934007));
#23960=CARTESIAN_POINT('',(0.86926992750997,14.4058435002838,
0.976393549825734));
#23970=CARTESIAN_POINT('',(0.887170010369503,14.4077695332551,
0.974095545946736));
#23980=CARTESIAN_POINT('',(0.90501139913595,14.4101618991463,
0.97163502793419));
#23990=CARTESIAN_POINT('',(0.922759627706425,14.4130008826861,
0.969019766845552));
#24000=CARTESIAN_POINT('',(0.940507854264042,14.4158398659039,
0.966404506053516));
#24010=CARTESIAN_POINT('',(0.958162527148053,14.4191254020763,
0.963634567182248));
#24020=CARTESIAN_POINT('',(0.975690237046832,14.4228332353996,
0.960719999607141));
#24030=CARTESIAN_POINT('',(1.01072596250521,14.4302447358815,
0.954894139299033));
#24040=CARTESIAN_POINT('',(1.04532334515458,14.4393576957775,
0.948478688168648));
#24050=CARTESIAN_POINT('',(1.07938287855044,14.4500098223648,
0.941534019194466));
#24060=CARTESIAN_POINT('',(1.09640956423202,14.45533492207,
0.938062312920288));
#24070=CARTESIAN_POINT('',(1.11329517072551,14.46104250325,
0.9344598567746));
#24080=CARTESIAN_POINT('',(1.13001924467408,14.4671062522866,
0.930737685754467));
#24090=CARTESIAN_POINT('',(1.1467433286033,14.473170004942,
0.927015512513006));
#24100=CARTESIAN_POINT('',(1.16330570260868,14.4795898529736,
0.923173673752032));
#24110=CARTESIAN_POINT('',(1.17968740440868,14.4863370426674,
0.919224205057943));
#24120=CARTESIAN_POINT('',(1.21243280892395,14.4998240087081,
0.91132960707373));
#24130=CARTESIAN_POINT('',(1.24452941051204,14.5146471933313,
0.902988024888234));
#24140=CARTESIAN_POINT('',(1.27598608091214,14.5306580528315,
0.894252256259129));
#24150=CARTESIAN_POINT('',(1.30743937559303,14.5466671941535,
0.885517425094212));
#24160=CARTESIAN_POINT('',(1.33823663495265,14.5638572493963,
0.876392484836219));
#24170=CARTESIAN_POINT('',(1.36834550363248,14.5820517200222,
0.866943465011937));
#24180=CARTESIAN_POINT('',(1.39845436851456,14.6002461883533,
0.857494446379496));
#24190=CARTESIAN_POINT('',(1.42787381980915,14.6194445089169,
0.847721738611093));
#24200=CARTESIAN_POINT('',(1.45657825123185,14.6394597321141,
0.837692109009846));
#24210=CARTESIAN_POINT('',(1.48528618681541,14.6594773987167,
0.827661255018014));
#24220=CARTESIAN_POINT('',(1.51326394217313,14.6803003242697,
0.817379222609989));
#24230=CARTESIAN_POINT('',(1.54053546020282,14.7017652327192,
0.806896003229764));
#24240=CARTESIAN_POINT('',(1.5678204657802,14.7232407569686,
0.796407599212548));
#24250=CARTESIAN_POINT('',(1.59445971906271,14.7454060095871,
0.785694761519759));
#24260=CARTESIAN_POINT('',(1.62052164936836,14.7681562738608,
0.774776856263883));
#24270=CARTESIAN_POINT('',(1.64658370207807,14.7909066449848,
0.7638588997303));
#24280=CARTESIAN_POINT('',(1.67206885311001,14.8142426773214,
0.752735618565572));
#24290=CARTESIAN_POINT('',(1.69704088753282,14.8380674159173,
0.74141876494878));
#24300=CARTESIAN_POINT('',(1.72201297540154,14.8618922055037,
0.730101887111318));
#24310=CARTESIAN_POINT('',(1.74647218039892,14.8862061343303,
0.718591263003623));
#24320=CARTESIAN_POINT('',(1.77047767377301,14.9109164138369,
0.706892103423949));
#24330=CARTESIAN_POINT('',(1.79448318119517,14.9356267078041,
0.695192936997907));
#24340=CARTESIAN_POINT('',(1.81803511698875,14.9607336344503,
0.683305112012894));
#24350=CARTESIAN_POINT('',(1.8411883340281,14.98614627485,
0.671228070547639));
#24360=CARTESIAN_POINT('',(1.86434154357601,15.0115589070272,
0.65915103299003));
#24370=CARTESIAN_POINT('',(1.88709613609662,15.0372774367416,
0.646884681765827));
#24380=CARTESIAN_POINT('',(1.90950289581103,15.0632115040301,
0.63442330795732));
#24390=CARTESIAN_POINT('',(1.93190963697359,15.0891455498464,
0.621961944466294));
#24400=CARTESIAN_POINT('',(1.9539686363509,15.1152952551174,
0.609305471187923));
#24410=CARTESIAN_POINT('',(1.97572668136235,15.1415702269646,
0.596443601948502));
#24420=CARTESIAN_POINT('',(1.9974847032137,15.1678451708437,
0.583581746399753));
#24430=CARTESIAN_POINT('',(2.01894185968754,15.1942454621173,
0.570514410205475));
#24440=CARTESIAN_POINT('',(2.0401408245919,15.2206806062109,
0.55722732248343));
#24450=CARTESIAN_POINT('',(2.06133977059756,15.2471157267379,
0.543940246606709));
#24460=CARTESIAN_POINT('',(2.08228059202044,15.2735857260244,
0.530433347723052));
#24470=CARTESIAN_POINT('',(2.10300165639794,15.3000003993229,
0.516688962403746));
#24480=B_SPLINE_CURVE_WITH_KNOTS('',3,(#23900,#23910,#23920,#23930,
#23940,#23950,#23960,#23970,#23980,#23990,#24000,#24010,#24020,#24030,
#24040,#24050,#24060,#24070,#24080,#24090,#24100,#24110,#24120,#24130,
#24140,#24150,#24160,#24170,#24180,#24190,#24200,#24210,#24220,#24230,
#24240,#24250,#24260,#24270,#24280,#24290,#24300,#24310,#24320,#24330,
#24340,#24350,#24360,#24370,#24380,#24390,#24400,#24410,#24420,#24430,
#24440,#24450,#24460,#24470),.UNSPECIFIED.,.F.,.F.,(4,3,3,3,3,3,3,3,3,3,
3,3,3,3,3,3,3,3,3,4),(0.,0.0544810617162781,0.108922876099304,
0.16339733644221,0.217875595298969,0.32681759973008,0.381346632286774,
0.435842378611004,0.544782423200139,0.65397336308808,0.763246235857281,
0.872252860616077,0.981063150158747,1.08995483215748,1.19901180862134,
1.30824766552849,1.41761517214751,1.52701654525158,1.63631401598108,
1.7453405726238),.UNSPECIFIED.);
#24490=SURFACE_CURVE('',#24480,(#11200,#23720),.CURVE_3D.);
#24500=CARTESIAN_POINT('',(0.761206047483523,14.4000003545782,
0.9882125178386));
#24510=VERTEX_POINT('',#24500);
#24520=EDGE_CURVE('',#24510,#23870,#24490,.T.);
#24530=ORIENTED_EDGE('',*,*,#24520,.T.);
#24540=CARTESIAN_POINT('',(0.499999936536426,14.4000003458624,
-1.89999996873573));
#24550=DIRECTION('',(3.33473054725531E-8,-1.,1.97103449248299E-12));
#24560=DIRECTION('',(-1.,-3.33473056390865E-8,-6.19672242589213E-11));
#24570=AXIS2_PLACEMENT_3D('',#24540,#24550,#24560);
#24580=CIRCLE('',#24570,2.9);
#24590=EDGE_CURVE('',#24510,#11050,#24580,.T.);
#24600=ORIENTED_EDGE('',*,*,#24590,.F.);
#24610=CARTESIAN_POINT('',(0.500000104038186,9.37705300395787,
-1.89999996872583));
#24620=DIRECTION('',(-1.66200222163415E-8,0.499999999998578,
-0.86602540378526));
#24630=DIRECTION('',(-2.89105772959779E-8,0.86602540378526,
0.499999999998578));
#24640=AXIS2_PLACEMENT_3D('',#24610,#24620,#24630);
#24650=ELLIPSE('',#24640,5.7999999999967,2.9);
#24660=CARTESIAN_POINT('',(2.55060965092321,12.9288131993552,
0.150609696822492));
#24670=VERTEX_POINT('',#24660);
#24680=EDGE_CURVE('',#11050,#24670,#24650,.T.);
#24690=ORIENTED_EDGE('',*,*,#24680,.F.);
#24700=CARTESIAN_POINT('',(0.50000010403819,9.37705300391078,
-1.89999996872583));
#24710=DIRECTION('',(-0.866025420458152,0.499999971120282,
-5.45123663235062E-11));
#24720=DIRECTION('',(0.499999971120282,0.866025420458152,
2.9196774781397E-11));
#24730=AXIS2_PLACEMENT_3D('',#24700,#24710,#24720);
#24740=ELLIPSE('',#24730,5.80000000000121,2.9);
#24750=EDGE_CURVE('',#24670,#22530,#24740,.T.);
#24760=ORIENTED_EDGE('',*,*,#24750,.F.);
#24770=ORIENTED_EDGE('',*,*,#22540,.F.);
#24780=CARTESIAN_POINT('',(0.500000104038183,9.37705300386519,
-1.89999996872583));
#24790=DIRECTION('',(-1.67274042982769E-8,0.500000000001423,
0.866025403783617));
#24800=DIRECTION('',(2.88485802562478E-8,-0.866025403783617,
0.500000000001423));
#24810=AXIS2_PLACEMENT_3D('',#24780,#24790,#24800);
#24820=ELLIPSE('',#24810,5.8000000000033,2.9);
#24830=EDGE_CURVE('',#22450,#23330,#24820,.T.);
#24840=ORIENTED_EDGE('',*,*,#24830,.F.);
#24850=ORIENTED_EDGE('',*,*,#23360,.F.);
#24860=EDGE_LOOP('',(#24850,#24840,#24770,#24760,#24690,#24600,#24530,
#23890,#23810));
#24870=FACE_OUTER_BOUND('',#24860,.T.);
#24880=ADVANCED_FACE('',(#24870),#23720,.F.);
#24890=COLOUR_RGB('',0.,0.443137288093567,0.709803938865662);
#24900=FILL_AREA_STYLE_COLOUR('',#24890);
#24910=FILL_AREA_STYLE('',(#24900));
#24920=SURFACE_STYLE_FILL_AREA(#24910);
#24930=SURFACE_SIDE_STYLE('',(#24920));
#24940=SURFACE_STYLE_USAGE(.BOTH.,#24930);
#24950=PRESENTATION_STYLE_ASSIGNMENT((#24940));
#24960=CARTESIAN_POINT('',(-0.100000063642465,14.4000003256473,
1.00000003108056));
#24970=DIRECTION('',(-1.66200222746147E-8,0.499999999998577,
-0.86602540378526));
#24980=DIRECTION('',(-2.89107170730567E-8,0.86602540378526,
0.499999999998578));
#24990=AXIS2_PLACEMENT_3D('',#24960,#24970,#24980);
#25000=PLANE('',#24990);
#25010=ORIENTED_EDGE('',*,*,#21430,.T.);
#25020=CARTESIAN_POINT('',(-26.9383292816248,-38.14753122985,
-29.3383309425627));
#25030=DIRECTION('',(0.447213569641427,0.774596684155641,
0.447213595526412));
#25040=VECTOR('',#25030,1.);
#25050=LINE('',#25020,#25040);
#25060=EDGE_CURVE('',#21360,#24670,#25050,.T.);
#25070=ORIENTED_EDGE('',*,*,#25060,.F.);
#25080=ORIENTED_EDGE('',*,*,#24680,.T.);
#25090=ORIENTED_EDGE('',*,*,#11060,.F.);
#25100=ORIENTED_EDGE('',*,*,#18490,.T.);
#25110=EDGE_LOOP('',(#25100,#25090,#25080,#25070,#25010));
#25120=FACE_OUTER_BOUND('',#25110,.T.);
#25130=ADVANCED_FACE('',(#25120),#25000,.T.);
#25140=COLOUR_RGB('',0.,0.443137288093567,0.709803938865662);
#25150=FILL_AREA_STYLE_COLOUR('',#25140);
#25160=FILL_AREA_STYLE('',(#25150));
#25170=SURFACE_STYLE_FILL_AREA(#25160);
#25180=SURFACE_SIDE_STYLE('',(#25170));
#25190=SURFACE_STYLE_USAGE(.BOTH.,#25180);
#25200=PRESENTATION_STYLE_ASSIGNMENT((#25190));
#25210=CARTESIAN_POINT('',(1.85000033230128,10.4901913213081,
-1.88039916581345));
#25220=DIRECTION('',(0.866025404166119,-0.499999999338911,
6.91227887414442E-10));
#25230=DIRECTION('',(-0.49999999933893,-0.866025404166152,
-3.95029294738737E-10));
#25240=AXIS2_PLACEMENT_3D('',#25210,#25220,#25230);
#25250=PLANE('',#25240);
#25260=ORIENTED_EDGE('',*,*,#22780,.T.);
#25270=CARTESIAN_POINT('',(1.85000006746355,10.4901908580756,
-5.15000005576374));
#25280=DIRECTION('',(6.43702333738398E-11,-1.27096326176163E-9,-1.));
#25290=VECTOR('',#25280,1.);
#25300=LINE('',#25270,#25290);
#25310=EDGE_CURVE('',#21200,#22690,#25300,.T.);
#25320=ORIENTED_EDGE('',*,*,#25310,.T.);
#25330=ORIENTED_EDGE('',*,*,#21210,.F.);
#25340=CARTESIAN_POINT('',(1.70000037499528,10.2303837022453,
-53.540398816291));
#25350=DIRECTION('',(7.55815383215837E-10,-7.3345129476929E-11,-1.));
#25360=VECTOR('',#25350,1.);
#25370=LINE('',#25340,#25360);
#25380=EDGE_CURVE('',#21100,#22770,#25370,.T.);
#25390=ORIENTED_EDGE('',*,*,#25380,.F.);
#25400=EDGE_LOOP('',(#25390,#25330,#25320,#25260));
#25410=FACE_OUTER_BOUND('',#25400,.T.);
#25420=ADVANCED_FACE('',(#25410),#25250,.F.);
#25430=COLOUR_RGB('',0.823529481887817,0.823529481887817,
0.784313797950745);
#25440=FILL_AREA_STYLE_COLOUR('',#25430);
#25450=FILL_AREA_STYLE('',(#25440));
#25460=SURFACE_STYLE_FILL_AREA(#25450);
#25470=SURFACE_SIDE_STYLE('',(#25460));
#25480=SURFACE_STYLE_USAGE(.BOTH.,#25470);
#25490=PRESENTATION_STYLE_ASSIGNMENT((#25480));
#25500=CARTESIAN_POINT('',(1.70000033331073,10.4507312746916,
1.41960082872577));
#25510=DIRECTION('',(1.,6.57805698803146E-10,7.5581538316759E-10));
#25520=DIRECTION('',(6.57805698800494E-10,-1.,3.5103263956125E-12));
#25530=AXIS2_PLACEMENT_3D('',#25500,#25510,#25520);
#25540=PLANE('',#25530);
#25550=ORIENTED_EDGE('',*,*,#21130,.F.);
#25560=CARTESIAN_POINT('',(1.7000003754869,9.48301163979006,
-53.540398816289));
#25570=DIRECTION('',(7.55815383233142E-10,-9.96526233617778E-11,-1.));
#25580=VECTOR('',#25570,1.);
#25590=LINE('',#25560,#25580);
#25600=EDGE_CURVE('',#21120,#22850,#25590,.T.);
#25610=ORIENTED_EDGE('',*,*,#25600,.F.);
#25620=ORIENTED_EDGE('',*,*,#22860,.T.);
#25630=ORIENTED_EDGE('',*,*,#25380,.T.);
#25640=EDGE_LOOP('',(#25630,#25620,#25610,#25550));
#25650=FACE_OUTER_BOUND('',#25640,.T.);
#25660=ADVANCED_FACE('',(#25650),#25540,.F.);
#25670=COLOUR_RGB('',0.823529481887817,0.823529481887817,
0.784313797950745);
#25680=FILL_AREA_STYLE_COLOUR('',#25670);
#25690=FILL_AREA_STYLE('',(#25680));
#25700=SURFACE_STYLE_FILL_AREA(#25690);
#25710=SURFACE_SIDE_STYLE('',(#25700));
#25720=SURFACE_STYLE_USAGE(.BOTH.,#25710);
#25730=PRESENTATION_STYLE_ASSIGNMENT((#25720));
#25740=CARTESIAN_POINT('',(1.50529388633936,8.75635727028935,
-4.73039917112098));
#25750=DIRECTION('',(-0.965925826465654,0.258819044443494,
-7.5585359545971E-10));
#25760=DIRECTION('',(-0.258819044443497,-0.965925826465666,
-1.98999801972009E-10));
#25770=AXIS2_PLACEMENT_3D('',#25740,#25750,#25760);
#25780=PLANE('',#25770);
#25790=ORIENTED_EDGE('',*,*,#22920,.F.);
#25800=ORIENTED_EDGE('',*,*,#25600,.T.);
#25810=ORIENTED_EDGE('',*,*,#21740,.T.);
#25820=ORIENTED_EDGE('',*,*,#22120,.F.);
#25830=EDGE_LOOP('',(#25820,#25810,#25800,#25790));
#25840=FACE_OUTER_BOUND('',#25830,.T.);
#25850=ADVANCED_FACE('',(#25840),#25780,.T.);
#25860=COLOUR_RGB('',0.823529481887817,0.823529481887817,
0.784313797950745);
#25870=FILL_AREA_STYLE_COLOUR('',#25860);
#25880=FILL_AREA_STYLE('',(#25870));
#25890=SURFACE_STYLE_FILL_AREA(#25880);
#25900=SURFACE_SIDE_STYLE('',(#25890));
#25910=SURFACE_STYLE_USAGE(.BOTH.,#25900);
#25920=PRESENTATION_STYLE_ASSIGNMENT((#25910));
#25930=CARTESIAN_POINT('',(1.85000001459203,12.071014865119,
-3.06389468330597));
#25940=DIRECTION('',(1.,3.33605985058939E-8,6.43701909737447E-11));
#25950=DIRECTION('',(-3.33605985058939E-8,1.,-1.5626384866675E-12));
#25960=AXIS2_PLACEMENT_3D('',#25930,#25940,#25950);
#25970=PLANE('',#25960);
#25980=ORIENTED_EDGE('',*,*,#22700,.F.);
#25990=CARTESIAN_POINT('',(1.85000002619658,11.7153216396954,
1.00000000653601));
#26000=DIRECTION('',(-6.43701908914204E-11,-2.46771075895427E-12,1.));
#26010=VECTOR('',#26000,1.);
#26020=LINE('',#25990,#26010);
#26030=EDGE_CURVE('',#22610,#21280,#26020,.T.);
#26040=ORIENTED_EDGE('',*,*,#26030,.F.);
#26050=ORIENTED_EDGE('',*,*,#21290,.T.);
#26060=ORIENTED_EDGE('',*,*,#25310,.F.);
#26070=EDGE_LOOP('',(#26060,#26050,#26040,#25980));
#26080=FACE_OUTER_BOUND('',#26070,.T.);
#26090=ADVANCED_FACE('',(#26080),#25970,.F.);
#26100=COLOUR_RGB('',0.,0.443137288093567,0.709803938865662);
#26110=FILL_AREA_STYLE_COLOUR('',#26100);
#26120=FILL_AREA_STYLE('',(#26110));
#26130=SURFACE_STYLE_FILL_AREA(#26120);
#26140=SURFACE_SIDE_STYLE('',(#26130));
#26150=SURFACE_STYLE_USAGE(.BOTH.,#26140);
#26160=PRESENTATION_STYLE_ASSIGNMENT((#26150));
#26170=CARTESIAN_POINT('',(1.85000002639088,11.7153216397158,
-1.89999996867273));
#26180=DIRECTION('',(-0.866025420458151,0.499999971120281,
-5.45123663235035E-11));
#26190=DIRECTION('',(0.499999971120282,0.866025420458152,
2.95759852707367E-11));
#26200=AXIS2_PLACEMENT_3D('',#26170,#26180,#26190);
#26210=PLANE('',#26200);
#26220=ORIENTED_EDGE('',*,*,#25060,.T.);
#26230=ORIENTED_EDGE('',*,*,#21370,.F.);
#26240=ORIENTED_EDGE('',*,*,#26030,.T.);
#26250=ORIENTED_EDGE('',*,*,#22620,.T.);
#26260=ORIENTED_EDGE('',*,*,#24750,.T.);
#26270=EDGE_LOOP('',(#26260,#26250,#26240,#26230,#26220));
#26280=FACE_OUTER_BOUND('',#26270,.T.);
#26290=ADVANCED_FACE('',(#26280),#26210,.T.);
#26300=COLOUR_RGB('',0.,0.443137288093567,0.709803938865662);
#26310=FILL_AREA_STYLE_COLOUR('',#26300);
#26320=FILL_AREA_STYLE('',(#26310));
#26330=SURFACE_STYLE_FILL_AREA(#26320);
#26340=SURFACE_SIDE_STYLE('',(#26330));
#26350=SURFACE_STYLE_USAGE(.BOTH.,#26340);
#26360=PRESENTATION_STYLE_ASSIGNMENT((#26350));
#26370=CARTESIAN_POINT('',(-1.1972533421341,14.4000002892691,
0.901187575413525));
#26380=DIRECTION('',(3.33473056390864E-8,-1.,1.97103449248444E-12));
#26390=DIRECTION('',(1.,3.33473056390865E-8,6.19672242589212E-11));
#26400=AXIS2_PLACEMENT_3D('',#26370,#26380,#26390);
#26410=PLANE('',#26400);
#26420=CARTESIAN_POINT('',(2.7110368329142,14.4000004196011,
1.43336407421789));
#26430=DIRECTION('',(3.33475422276131E-8,-1.,1.80681825292673E-12));
#26440=DIRECTION('',(-1.,-3.33475423386353E-8,5.79796098877296E-14));
#26450=AXIS2_PLACEMENT_3D('',#26420,#26430,#26440);
#26460=CIRCLE('',#26450,2.00000000000021);
#26470=EDGE_CURVE('',#11130,#24510,#26460,.T.);
#26480=ORIENTED_EDGE('',*,*,#26470,.T.);
#26490=ORIENTED_EDGE('',*,*,#11140,.T.);
#26500=ORIENTED_EDGE('',*,*,#24590,.T.);
#26510=EDGE_LOOP('',(#26500,#26490,#26480));
#26520=FACE_OUTER_BOUND('',#26510,.T.);
#26530=ADVANCED_FACE('',(#26520),#26410,.F.);
#26540=COLOUR_RGB('',0.,0.443137288093567,0.709803938865662);
#26550=FILL_AREA_STYLE_COLOUR('',#26540);
#26560=FILL_AREA_STYLE('',(#26550));
#26570=SURFACE_STYLE_FILL_AREA(#26560);
#26580=SURFACE_SIDE_STYLE('',(#26570));
#26590=SURFACE_STYLE_USAGE(.BOTH.,#26580);
#26600=PRESENTATION_STYLE_ASSIGNMENT((#26590));
#26610=ORIENTED_EDGE('',*,*,#26470,.F.);
#26620=ORIENTED_EDGE('',*,*,#24520,.F.);
#26630=CARTESIAN_POINT('',(2.71103680290142,15.3000004196011,
1.43336407421627));
#26640=DIRECTION('',(3.33475422276131E-8,-1.,1.80681825292673E-12));
#26650=DIRECTION('',(-1.,-3.33475423386353E-8,5.79796098877296E-14));
#26660=AXIS2_PLACEMENT_3D('',#26630,#26640,#26650);
#26670=CIRCLE('',#26660,1.1);
#26680=EDGE_CURVE('',#11910,#23870,#26670,.T.);
#26690=ORIENTED_EDGE('',*,*,#26680,.T.);
#26700=ORIENTED_EDGE('',*,*,#11920,.F.);
#26710=EDGE_LOOP('',(#26700,#26690,#26620,#26610));
#26720=FACE_OUTER_BOUND('',#26710,.T.);
#26730=ADVANCED_FACE('',(#26720),#11200,.F.);
#26740=COLOUR_RGB('',0.,0.443137288093567,0.709803938865662);
#26750=FILL_AREA_STYLE_COLOUR('',#26740);
#26760=FILL_AREA_STYLE('',(#26750));
#26770=SURFACE_STYLE_FILL_AREA(#26760);
#26780=SURFACE_SIDE_STYLE('',(#26770));
#26790=SURFACE_STYLE_USAGE(.BOTH.,#26780);
#26800=PRESENTATION_STYLE_ASSIGNMENT((#26790));
#26810=CARTESIAN_POINT('',(2.71103683958371,14.2000004196034,
1.43336407421825));
#26820=DIRECTION('',(-3.33475422276131E-8,1.,-1.80681825292673E-12));
#26830=DIRECTION('',(-1.,-3.33475423386354E-8,-6.19672311978147E-11));
#26840=AXIS2_PLACEMENT_3D('',#26810,#26820,#26830);
#26850=CYLINDRICAL_SURFACE('',#26840,1.1);
#26860=CARTESIAN_POINT('',(2.71103664616798,20.0000000000303,
1.43336407420777));
#26870=DIRECTION('',(-1.21014309631573E-13,-1.,4.08395604615811E-13));
#26880=DIRECTION('',(-1.,1.21014309727059E-13,-2.01735188582601E-12));
#26890=AXIS2_PLACEMENT_3D('',#26860,#26870,#26880);
#26900=CIRCLE('',#26890,1.1);
#26910=EDGE_CURVE('',#11990,#23790,#26900,.T.);
#26920=ORIENTED_EDGE('',*,*,#26910,.T.);
#26930=ORIENTED_EDGE('',*,*,#12000,.T.);
#26940=ORIENTED_EDGE('',*,*,#26680,.F.);
#26950=ORIENTED_EDGE('',*,*,#23880,.F.);
#26960=EDGE_LOOP('',(#26950,#26940,#26930,#26920));
#26970=FACE_OUTER_BOUND('',#26960,.T.);
#26980=ADVANCED_FACE('',(#26970),#26850,.T.);
#26990=COLOUR_RGB('',0.,0.443137288093567,0.709803938865662);
#27000=FILL_AREA_STYLE_COLOUR('',#26990);
#27010=FILL_AREA_STYLE('',(#27000));
#27020=SURFACE_STYLE_FILL_AREA(#27010);
#27030=SURFACE_SIDE_STYLE('',(#27020));
#27040=SURFACE_STYLE_USAGE(.BOTH.,#27030);
#27050=PRESENTATION_STYLE_ASSIGNMENT((#27040));
#27060=CARTESIAN_POINT('',(-0.100000017124939,13.0143596797943,
-3.99999996879576));
#27070=DIRECTION('',(-1.67274043787813E-8,0.500000000001422,
0.866025403783617));
#27080=DIRECTION('',(2.88487199778154E-8,-0.866025403783617,
0.500000000001423));
#27090=AXIS2_PLACEMENT_3D('',#27060,#27070,#27080);
#27100=PLANE('',#27090);
#27110=ORIENTED_EDGE('',*,*,#23420,.T.);
#27120=ORIENTED_EDGE('',*,*,#24830,.T.);
#27130=ORIENTED_EDGE('',*,*,#22460,.F.);
#27140=ORIENTED_EDGE('',*,*,#18670,.F.);
#27150=EDGE_LOOP('',(#27140,#27130,#27120,#27110));
#27160=FACE_OUTER_BOUND('',#27150,.T.);
#27170=ADVANCED_FACE('',(#27160),#27100,.T.);
#27180=COLOUR_RGB('',0.,0.443137288093567,0.709803938865662);
#27190=FILL_AREA_STYLE_COLOUR('',#27180);
#27200=FILL_AREA_STYLE('',(#27190));
#27210=SURFACE_STYLE_FILL_AREA(#27200);
#27220=SURFACE_SIDE_STYLE('',(#27210));
#27230=SURFACE_STYLE_USAGE(.BOTH.,#27220);
#27240=PRESENTATION_STYLE_ASSIGNMENT((#27230));
#27250=CARTESIAN_POINT('',(-0.100000063462657,14.4000003256344,
-1.89999996879804));
#27260=DIRECTION('',(-3.33473054725531E-8,1.,-1.97103449248299E-12));
#27270=DIRECTION('',(-1.,-3.33473056390865E-8,-6.19970866919283E-11));
#27280=AXIS2_PLACEMENT_3D('',#27250,#27260,#27270);
#27290=CYLINDRICAL_SURFACE('',#27280,2.8999999998744);
#27300=CARTESIAN_POINT('',(-0.100000250207559,20.0000000000293,
-1.89999996880908));
#27310=DIRECTION('',(-1.21014309631573E-13,-1.,4.08395604615811E-13));
#27320=DIRECTION('',(-1.,1.21014309727059E-13,-2.01735188582601E-12));
#27330=AXIS2_PLACEMENT_3D('',#27300,#27310,#27320);
#27340=CIRCLE('',#27330,2.89999999987441);
#27350=EDGE_CURVE('',#16930,#23490,#27340,.T.);
#27360=ORIENTED_EDGE('',*,*,#27350,.F.);
#27370=ORIENTED_EDGE('',*,*,#23500,.T.);
#27380=ORIENTED_EDGE('',*,*,#18590,.F.);
#27390=CARTESIAN_POINT('',(-1.70300184361954,15.3000002724011,
0.516688962099654));
#27400=CARTESIAN_POINT('',(-1.68228077754576,15.2735856005641,
0.530433347379832));
#27410=CARTESIAN_POINT('',(-1.6613399553853,15.2471156016038,
0.543940245720896));
#27420=CARTESIAN_POINT('',(-1.64014099122168,15.2206804627779,
0.557227331693781));
#27430=CARTESIAN_POINT('',(-1.61894200884643,15.194245301242,
0.570514429081345));
#27440=CARTESIAN_POINT('',(-1.59748481938432,15.1678449732652,
0.583581784088947));
#27450=CARTESIAN_POINT('',(-1.57572674996267,15.1415699772663,
0.596443665455184));
#27460=CARTESIAN_POINT('',(-1.55396865775691,15.1152949537533,
0.609305560289829));
#27470=CARTESIAN_POINT('',(-1.53190959713571,15.089145182195,
0.621962065740796));
#27480=CARTESIAN_POINT('',(-1.50950279269397,15.0632110717489,
0.634423460288019));
#27490=CARTESIAN_POINT('',(-1.48709596979056,15.037276939935,
0.646884865102569));
#27500=CARTESIAN_POINT('',(-1.46434131261785,15.0115583481855,
0.659151245853616));
#27510=CARTESIAN_POINT('',(-1.44118805347522,14.9861456745834,
0.671228303281735));
#27520=CARTESIAN_POINT('',(-1.41803478663082,14.9607329925279,
0.683305364727207));
#27530=CARTESIAN_POINT('',(-1.39448281680704,14.9356260456421,
0.695193199692014));
#27540=CARTESIAN_POINT('',(-1.37047730446561,14.9109157626621,
0.706892361669734));
#27550=CARTESIAN_POINT('',(-1.34647180563916,14.8862054935939,
0.718591517060885));
#27560=CARTESIAN_POINT('',(-1.3220126251892,14.8618916070783,
0.730102122249389));
#27570=CARTESIAN_POINT('',(-1.29704059190646,14.8380668845829,
0.74141896948182));
#27580=CARTESIAN_POINT('',(-1.27206861120487,14.8142422122527,
0.752735792885478));
#27590=CARTESIAN_POINT('',(-1.24658354488837,14.7909062711799,
0.763859031989604));
#27600=CARTESIAN_POINT('',(-1.22052158133444,14.7681559870862,
0.774776948024603));
#27610=CARTESIAN_POINT('',(-1.1944597390264,14.7454058088317,
0.785694813267094));
#27620=CARTESIAN_POINT('',(-1.1678205788653,14.7232406373547,
0.796407612682183));
#27630=CARTESIAN_POINT('',(-1.14053560212164,14.7017651389148,
0.806896005006221));
#27640=CARTESIAN_POINT('',(-1.11326409944931,14.6803002456662,
0.817379217873903));
#27650=CARTESIAN_POINT('',(-1.08528633048642,14.6594773123768,
0.827661254981102));
#27660=CARTESIAN_POINT('',(-1.05657839727913,14.6394596501968,
0.837692107713705));
#27670=CARTESIAN_POINT('',(-1.02787396443575,14.6194444287742,
0.847721737382475));
#27680=CARTESIAN_POINT('',(-0.998454511768245,14.6002461100339,
0.857494445218017));
#27690=CARTESIAN_POINT('',(-0.968345645573331,14.5820516435759,
0.866943463916428));
#27700=CARTESIAN_POINT('',(-0.938236775580693,14.563857174823,
0.876392483806674));
#27710=CARTESIAN_POINT('',(-0.907439514968439,14.5466671215031,
0.88551742412944));
#27720=CARTESIAN_POINT('',(-0.875986219107057,14.5306579821542,
0.894252255357055));
#27730=CARTESIAN_POINT('',(-0.844529547527065,14.5146471246276,
0.902988024048663));
#27740=CARTESIAN_POINT('',(-0.812432944828421,14.4998239420259,
0.91132960629538));
#27750=CARTESIAN_POINT('',(-0.779687539291621,14.4863369780615,
0.919224204336395));
#27760=CARTESIAN_POINT('',(-0.763305836985881,14.4795897894085,
0.923173673057618));
#27770=CARTESIAN_POINT('',(-0.74674346248906,14.4731699424292,
0.927015511846578));
#27780=CARTESIAN_POINT('',(-0.730019378084464,14.4671061908374,
0.930737685116456));
#27790=CARTESIAN_POINT('',(-0.713295303666,14.4610424428664,
0.934459856163784));
#27800=CARTESIAN_POINT('',(-0.696409696724297,14.4553348627651,
0.938062312335949));
#27810=CARTESIAN_POINT('',(-0.67938301061816,14.4500097641507,
0.941534018635708));
#27820=CARTESIAN_POINT('',(-0.645323476373524,14.4393576397456,
0.948478687660958));
#27830=CARTESIAN_POINT('',(-0.610726092968464,14.4302446820782,
0.954894138839155));
#27840=CARTESIAN_POINT('',(-0.575690366866802,14.4228331838689,
0.960719999189549));
#27850=CARTESIAN_POINT('',(-0.558162656645952,14.4191253516825,
0.963634566785852));
#27860=CARTESIAN_POINT('',(-0.540507983466268,14.4158398166588,
0.96640450567721));
#27870=CARTESIAN_POINT('',(-0.522759756641428,14.4130008345996,
0.969019766488054));
#27880=CARTESIAN_POINT('',(-0.505011527795709,14.4101618522172,
0.971635027596681));
#27890=CARTESIAN_POINT('',(-0.487170138790417,14.4077694874949,
0.974095545626609));
#27900=CARTESIAN_POINT('',(-0.46927005573044,14.405843455701,
0.976393549520673));
#27910=CARTESIAN_POINT('',(-0.451370819921412,14.4039175150704,
0.978691444645075));
#27920=CARTESIAN_POINT('',(-0.433417143820328,14.4024573491403,
0.980826634253998));
#27930=CARTESIAN_POINT('',(-0.415390017964117,14.4014774370982,
0.982798875364025));
#27940=CARTESIAN_POINT('',(-0.397367234455593,14.4004977610958,
0.9847706414035));
#27950=CARTESIAN_POINT('',(-0.379291361584975,14.4000003165463,
0.986576917278889));
#27960=CARTESIAN_POINT('',(-0.361206174816384,14.4000003171492,
0.988212517613405));
#27970=B_SPLINE_CURVE_WITH_KNOTS('',3,(#27390,#27400,#27410,#27420,
#27430,#27440,#27450,#27460,#27470,#27480,#27490,#27500,#27510,#27520,
#27530,#27540,#27550,#27560,#27570,#27580,#27590,#27600,#27610,#27620,
#27630,#27640,#27650,#27660,#27670,#27680,#27690,#27700,#27710,#27720,
#27730,#27740,#27750,#27760,#27770,#27780,#27790,#27800,#27810,#27820,
#27830,#27840,#27850,#27860,#27870,#27880,#27890,#27900,#27910,#27920,
#27930,#27940,#27950,#27960),.UNSPECIFIED.,.F.,.F.,(4,3,3,3,3,3,3,3,3,3,
3,3,3,3,3,3,3,3,3,4),(0.,0.109026584067029,0.21832420897708,
0.327725847662954,0.437093610579275,0.546329568356264,0.65538639812638,
0.764277728533225,0.87308771931591,0.982094333226643,1.09136720649123,
1.20055814688102,1.30949819196954,1.36399393853962,1.41852297134459,
1.52746497627347,1.5819432353777,1.63641769596909,1.69085951059995,
1.74534057256425),.UNSPECIFIED.);
#27980=SURFACE_CURVE('',#27970,(#10130,#27290),.CURVE_3D.);
#27990=EDGE_CURVE('',#17010,#17330,#27980,.T.);
#28000=ORIENTED_EDGE('',*,*,#27990,.T.);
#28010=ORIENTED_EDGE('',*,*,#17020,.T.);
#28020=EDGE_LOOP('',(#28010,#28000,#27380,#27370,#27360));
#28030=FACE_OUTER_BOUND('',#28020,.T.);
#28040=ADVANCED_FACE('',(#28030),#27290,.F.);
#28050=COLOUR_RGB('',0.,0.443137288093567,0.709803938865662);
#28060=FILL_AREA_STYLE_COLOUR('',#28050);
#28070=FILL_AREA_STYLE('',(#28060));
#28080=SURFACE_STYLE_FILL_AREA(#28070);
#28090=SURFACE_SIDE_STYLE('',(#28080));
#28100=SURFACE_STYLE_USAGE(.BOTH.,#28090);
#28110=PRESENTATION_STYLE_ASSIGNMENT((#28100));
#28120=CARTESIAN_POINT('',(3.49149230287902,2.04999882490455,
-5.78469551346387));
#28130=DIRECTION('',(-0.,-1.,-0.));
#28140=DIRECTION('',(-1.,0.,0.));
#28150=AXIS2_PLACEMENT_3D('',#28120,#28130,#28140);
#28160=PLANE('',#28150);
#28170=ORIENTED_EDGE('',*,*,#21980,.F.);
#28180=ORIENTED_EDGE('',*,*,#21600,.F.);
#28190=ORIENTED_EDGE('',*,*,#23080,.F.);
#28200=ORIENTED_EDGE('',*,*,#22310,.T.);
#28210=EDGE_LOOP('',(#28200,#28190,#28180,#28170));
#28220=FACE_OUTER_BOUND('',#28210,.T.);
#28230=ADVANCED_FACE('',(#28220),#28160,.F.);
#28240=COLOUR_RGB('',0.823529481887817,0.823529481887817,
0.784313797950745);
#28250=FILL_AREA_STYLE_COLOUR('',#28240);
#28260=FILL_AREA_STYLE('',(#28250));
#28270=SURFACE_STYLE_FILL_AREA(#28260);
#28280=SURFACE_SIDE_STYLE('',(#28270));
#28290=SURFACE_STYLE_USAGE(.BOTH.,#28280);
#28300=PRESENTATION_STYLE_ASSIGNMENT((#28290));
#28310=ORIENTED_EDGE('',*,*,#17340,.F.);
#28320=ORIENTED_EDGE('',*,*,#10900,.F.);
#28330=ORIENTED_EDGE('',*,*,#17090,.T.);
#28340=ORIENTED_EDGE('',*,*,#27990,.F.);
#28350=EDGE_LOOP('',(#28340,#28330,#28320,#28310));
#28360=FACE_OUTER_BOUND('',#28350,.T.);
#28370=ADVANCED_FACE('',(#28360),#10130,.F.);
#28380=COLOUR_RGB('',0.,0.443137288093567,0.709803938865662);
#28390=FILL_AREA_STYLE_COLOUR('',#28380);
#28400=FILL_AREA_STYLE('',(#28390));
#28410=SURFACE_STYLE_FILL_AREA(#28400);
#28420=SURFACE_SIDE_STYLE('',(#28410));
#28430=SURFACE_STYLE_USAGE(.BOTH.,#28420);
#28440=PRESENTATION_STYLE_ASSIGNMENT((#28430));
#28450=CARTESIAN_POINT('',(-4.90000002928565,19.8999999998139,
-4.15024404952787));
#28460=DIRECTION('',(-1.,-5.26534220353261E-12,9.54718251929358E-12));
#28470=DIRECTION('',(-9.54718251893779E-12,-6.75732630665469E-11,-1.));
#28480=AXIS2_PLACEMENT_3D('',#28450,#28460,#28470);
#28490=PLANE('',#28480);
#28500=CARTESIAN_POINT('',(-4.90000002927196,19.8999999999107,
-2.71651519732025));
#28510=DIRECTION('',(5.26534220417774E-12,-1.,6.75732630664967E-11));
#28520=VECTOR('',#28510,1.);
#28530=LINE('',#28500,#28520);
#28540=CARTESIAN_POINT('',(-4.90000002927196,19.8999999999107,
-2.71651519732025));
#28550=VERTEX_POINT('',#28540);
#28560=CARTESIAN_POINT('',(-4.90000002926986,19.4999999999107,
-2.71651519729322));
#28570=VERTEX_POINT('',#28560);
#28580=EDGE_CURVE('',#28550,#28570,#28530,.T.);
#28590=ORIENTED_EDGE('',*,*,#28580,.F.);
#28600=CARTESIAN_POINT('',(-4.90000002929309,19.4999999997463,
-5.15000000006505));
#28610=DIRECTION('',(9.54718251893779E-12,6.75732630665469E-11,1.));
#28620=VECTOR('',#28610,1.);
#28630=LINE('',#28600,#28620);
#28640=CARTESIAN_POINT('',(-4.90000002927948,19.4999999998426,
-3.72500001062773));
#28650=VERTEX_POINT('',#28640);
#28660=EDGE_CURVE('',#28650,#28570,#28630,.T.);
#28670=ORIENTED_EDGE('',*,*,#28660,.T.);
#28680=CARTESIAN_POINT('',(-4.90000002913021,-8.8500000001954,
-3.72500000871202));
#28690=DIRECTION('',(-5.26534220417775E-12,1.,-6.75732630664967E-11));
#28700=VECTOR('',#28690,1.);
#28710=LINE('',#28680,#28700);
#28720=CARTESIAN_POINT('',(-4.90000002928159,19.8999999998426,
-3.72500001065475));
#28730=VERTEX_POINT('',#28720);
#28740=EDGE_CURVE('',#28650,#28730,#28710,.T.);
#28750=ORIENTED_EDGE('',*,*,#28740,.F.);
#28760=CARTESIAN_POINT('',(-4.9000000292952,19.8999999997463,
-5.15000000006521));
#28770=DIRECTION('',(9.54718251893779E-12,6.75732630665469E-11,1.));
#28780=VECTOR('',#28770,1.);
#28790=LINE('',#28760,#28780);
#28800=EDGE_CURVE('',#28730,#28550,#28790,.T.);
#28810=ORIENTED_EDGE('',*,*,#28800,.F.);
#28820=EDGE_LOOP('',(#28810,#28750,#28670,#28590));
#28830=FACE_OUTER_BOUND('',#28820,.T.);
#28840=ADVANCED_FACE('',(#28830),#28490,.T.);
#28850=COLOUR_RGB('',0.980392217636108,0.517647087574005,
0.168627455830574);
#28860=FILL_AREA_STYLE_COLOUR('',#28850);
#28870=FILL_AREA_STYLE('',(#28860));
#28880=SURFACE_STYLE_FILL_AREA(#28870);
#28890=SURFACE_SIDE_STYLE('',(#28880));
#28900=SURFACE_STYLE_USAGE(.BOTH.,#28890);
#28910=PRESENTATION_STYLE_ASSIGNMENT((#28900));
#28920=CARTESIAN_POINT('',(-45.6446326086836,18.508892061094,
-5.78469551643822));
#28930=DIRECTION('',(-0.984807753012497,0.173648177665291,
-3.94259053775141E-14));
#28940=DIRECTION('',(0.173648177665291,0.984807753012497,
-4.0774432247204E-13));
#28950=AXIS2_PLACEMENT_3D('',#28920,#28930,#28940);
#28960=PLANE('',#28950);
#28970=CARTESIAN_POINT('',(-45.6189337886941,18.6546373116885,
9.58785051352606E-10));
#28980=DIRECTION('',(2.78556434555458E-14,3.85021944466114E-13,1.));
#28990=VECTOR('',#28980,1.);
#29000=LINE('',#28970,#28990);
#29010=EDGE_CURVE('',#2470,#6130,#29000,.T.);
#29020=ORIENTED_EDGE('',*,*,#29010,.F.);
#29030=ORIENTED_EDGE('',*,*,#15880,.F.);
#29040=CARTESIAN_POINT('',(-45.5717003740642,18.9225113173592,
-5.7846955164384));
#29050=DIRECTION('',(3.19771212653255E-14,4.08396006638903E-13,1.));
#29060=VECTOR('',#29050,1.);
#29070=LINE('',#29040,#29060);
#29080=EDGE_CURVE('',#2550,#15810,#29070,.T.);
#29090=ORIENTED_EDGE('',*,*,#29080,.T.);
#29100=ORIENTED_EDGE('',*,*,#2560,.T.);
#29110=EDGE_LOOP('',(#29100,#29090,#29030,#29020));
#29120=FACE_OUTER_BOUND('',#29110,.T.);
#29130=ADVANCED_FACE('',(#29120),#28960,.F.);
#29140=COLOUR_RGB('',0.,0.443137288093567,0.709803938865662);
#29150=FILL_AREA_STYLE_COLOUR('',#29140);
#29160=FILL_AREA_STYLE('',(#29150));
#29170=SURFACE_STYLE_FILL_AREA(#29160);
#29180=SURFACE_SIDE_STYLE('',(#29170));
#29190=SURFACE_STYLE_USAGE(.BOTH.,#29180);
#29200=PRESENTATION_STYLE_ASSIGNMENT((#29190));
#29210=CARTESIAN_POINT('',(-45.5717003740642,18.9225113173592,
-5.7846955164384));
#29220=DIRECTION('',(0.173648177666812,0.984807753012229,
-4.0774432247198E-13));
#29230=DIRECTION('',(0.984807753012229,-0.173648177666812,
3.94259053781439E-14));
#29240=AXIS2_PLACEMENT_3D('',#29210,#29220,#29230);
#29250=PLANE('',#29240);
#29260=CARTESIAN_POINT('',(-44.517442264043,18.7366171679319,
-5.78469551643835));
#29270=DIRECTION('',(3.19771212653255E-14,4.08396006638903E-13,1.));
#29280=VECTOR('',#29270,1.);
#29290=LINE('',#29260,#29280);
#29300=EDGE_CURVE('',#2630,#15730,#29290,.T.);
#29310=ORIENTED_EDGE('',*,*,#29300,.T.);
#29320=ORIENTED_EDGE('',*,*,#2640,.T.);
#29330=ORIENTED_EDGE('',*,*,#29080,.F.);
#29340=ORIENTED_EDGE('',*,*,#15820,.F.);
#29350=EDGE_LOOP('',(#29340,#29330,#29320,#29310));
#29360=FACE_OUTER_BOUND('',#29350,.T.);
#29370=ADVANCED_FACE('',(#29360),#29250,.F.);
#29380=COLOUR_RGB('',0.,0.443137288093567,0.709803938865662);
#29390=FILL_AREA_STYLE_COLOUR('',#29380);
#29400=FILL_AREA_STYLE('',(#29390));
#29410=SURFACE_STYLE_FILL_AREA(#29400);
#29420=SURFACE_SIDE_STYLE('',(#29410));
#29430=SURFACE_STYLE_USAGE(.BOTH.,#29420);
#29440=PRESENTATION_STYLE_ASSIGNMENT((#29430));
#29450=CARTESIAN_POINT('',(-45.6157669877874,12.5077081301302,
-5.76500240007947));
#29460=DIRECTION('',(-0.17364817766654,-0.984807753012277,
4.02191157721784E-13));
#29470=DIRECTION('',(-0.984807753012277,0.17364817766654,
-7.09171525085662E-14));
#29480=AXIS2_PLACEMENT_3D('',#29450,#29460,#29470);
#29490=PLANE('',#29480);
#29500=CARTESIAN_POINT('',(-46.6700250978076,12.6936022795594,
9.58785051352606E-10));
#29510=DIRECTION('',(-3.10128243261671E-14,-4.02927206939146E-13,-1.));
#29520=VECTOR('',#29510,1.);
#29530=LINE('',#29500,#29520);
#29540=EDGE_CURVE('',#15570,#2790,#29530,.T.);
#29550=ORIENTED_EDGE('',*,*,#29540,.F.);
#29560=ORIENTED_EDGE('',*,*,#2800,.T.);
#29570=CARTESIAN_POINT('',(-45.6157669877871,12.5077081301325,
9.58785051352606E-10));
#29580=DIRECTION('',(3.1012824326167E-14,4.02927206939146E-13,1.));
#29590=VECTOR('',#29580,1.);
#29600=LINE('',#29570,#29590);
#29610=EDGE_CURVE('',#2710,#15650,#29600,.T.);
#29620=ORIENTED_EDGE('',*,*,#29610,.F.);
#29630=ORIENTED_EDGE('',*,*,#15660,.F.);
#29640=EDGE_LOOP('',(#29630,#29620,#29560,#29550));
#29650=FACE_OUTER_BOUND('',#29640,.T.);
#29660=ADVANCED_FACE('',(#29650),#29490,.F.);
#29670=COLOUR_RGB('',0.,0.443137288093567,0.709803938865662);
#29680=FILL_AREA_STYLE_COLOUR('',#29670);
#29690=FILL_AREA_STYLE('',(#29680));
#29700=SURFACE_STYLE_FILL_AREA(#29690);
#29710=SURFACE_SIDE_STYLE('',(#29700));
#29720=SURFACE_STYLE_USAGE(.BOTH.,#29710);
#29730=PRESENTATION_STYLE_ASSIGNMENT((#29720));
#29740=CARTESIAN_POINT('',(-44.6042663528762,18.2442132914287,
-5.15000000006453));
#29750=DIRECTION('',(0.984807753012175,-0.173648177667118,
7.09171525088023E-14));
#29760=DIRECTION('',(0.173648177667118,0.984807753012175,
-4.02191157721742E-13));
#29770=AXIS2_PLACEMENT_3D('',#29740,#29750,#29760);
#29780=PLANE('',#29770);
#29790=ORIENTED_EDGE('',*,*,#29610,.T.);
#29800=ORIENTED_EDGE('',*,*,#2720,.F.);
#29810=ORIENTED_EDGE('',*,*,#29300,.F.);
#29820=ORIENTED_EDGE('',*,*,#15740,.T.);
#29830=EDGE_LOOP('',(#29820,#29810,#29800,#29790));
#29840=FACE_OUTER_BOUND('',#29830,.T.);
#29850=ADVANCED_FACE('',(#29840),#29780,.F.);
#29860=COLOUR_RGB('',0.,0.443137288093567,0.709803938865662);
#29870=FILL_AREA_STYLE_COLOUR('',#29860);
#29880=FILL_AREA_STYLE('',(#29870));
#29890=SURFACE_STYLE_FILL_AREA(#29880);
#29900=SURFACE_SIDE_STYLE('',(#29890));
#29910=SURFACE_STYLE_USAGE(.BOTH.,#29900);
#29920=PRESENTATION_STYLE_ASSIGNMENT((#29910));
#29930=CARTESIAN_POINT('',(-46.6700250978076,12.693602279557,
-5.76500240007954));
#29940=DIRECTION('',(-0.984807753012277,0.17364817766654,
-7.09171525085662E-14));
#29950=DIRECTION('',(-6.27443588540957E-27,4.08395604615809E-13,1.));
#29960=AXIS2_PLACEMENT_3D('',#29930,#29940,#29950);
#29970=PLANE('',#29960);
#29980=ORIENTED_EDGE('',*,*,#15580,.F.);
#29990=CARTESIAN_POINT('',(-46.6227916831765,12.9614762852349,
9.58785051352606E-10));
#30000=DIRECTION('',(-3.41700051967802E-14,-4.20832469411881E-13,-1.));
#30010=VECTOR('',#30000,1.);
#30020=LINE('',#29990,#30010);
#30030=EDGE_CURVE('',#15490,#2870,#30020,.T.);
#30040=ORIENTED_EDGE('',*,*,#30030,.F.);
#30050=ORIENTED_EDGE('',*,*,#2880,.T.);
#30060=ORIENTED_EDGE('',*,*,#29540,.T.);
#30070=EDGE_LOOP('',(#30060,#30050,#30040,#29980));
#30080=FACE_OUTER_BOUND('',#30070,.T.);
#30090=ADVANCED_FACE('',(#30080),#29970,.F.);
#30100=COLOUR_RGB('',0.,0.443137288093567,0.709803938865662);
#30110=FILL_AREA_STYLE_COLOUR('',#30100);
#30120=FILL_AREA_STYLE('',(#30110));
#30130=SURFACE_STYLE_FILL_AREA(#30120);
#30140=SURFACE_SIDE_STYLE('',(#30130));
#30150=SURFACE_STYLE_USAGE(.BOTH.,#30140);
#30160=PRESENTATION_STYLE_ASSIGNMENT((#30150));
#30170=CARTESIAN_POINT('',(-47.200000000105,-1.34725420584256,
-5.15000000005653));
#30180=DIRECTION('',(1.,0.,6.27443588540957E-27));
#30190=DIRECTION('',(2.56245203704497E-39,1.,-4.08395604615809E-13));
#30200=AXIS2_PLACEMENT_3D('',#30170,#30180,#30190);
#30210=PLANE('',#30200);
#30220=ORIENTED_EDGE('',*,*,#3210,.F.);
#30230=CARTESIAN_POINT('',(-47.200000000105,-1.05000000005115,
-5.15000000005665));
#30240=DIRECTION('',(-6.27443588540957E-27,4.08395604615809E-13,1.));
#30250=VECTOR('',#30240,1.);
#30260=LINE('',#30230,#30250);
#30270=EDGE_CURVE('',#3120,#15240,#30260,.T.);
#30280=ORIENTED_EDGE('',*,*,#30270,.F.);
#30290=ORIENTED_EDGE('',*,*,#15250,.T.);
#30300=CARTESIAN_POINT('',(-47.200000000105,-2.65000000004902,
-5.150000000056));
#30310=DIRECTION('',(6.27443588540957E-27,-4.08395604615809E-13,-1.));
#30320=VECTOR('',#30310,1.);
#30330=LINE('',#30300,#30320);
#30340=EDGE_CURVE('',#15160,#3200,#30330,.T.);
#30350=ORIENTED_EDGE('',*,*,#30340,.F.);
#30360=EDGE_LOOP('',(#30350,#30290,#30280,#30220));
#30370=FACE_OUTER_BOUND('',#30360,.T.);
#30380=ADVANCED_FACE('',(#30370),#30210,.F.);
#30390=COLOUR_RGB('',0.,0.443137288093567,0.709803938865662);
#30400=FILL_AREA_STYLE_COLOUR('',#30390);
#30410=FILL_AREA_STYLE('',(#30400));
#30420=SURFACE_STYLE_FILL_AREA(#30410);
#30430=SURFACE_SIDE_STYLE('',(#30420));
#30440=SURFACE_STYLE_USAGE(.BOTH.,#30430);
#30450=PRESENTATION_STYLE_ASSIGNMENT((#30440));
#30460=CARTESIAN_POINT('',(-46.2000000001051,-2.65000000004902,
-5.150000000056));
#30470=DIRECTION('',(-1.649496710889E-40,1.,-4.08395604615809E-13));
#30480=DIRECTION('',(-1.,-2.72740170813387E-39,-6.27443588540957E-27));
#30490=AXIS2_PLACEMENT_3D('',#30460,#30470,#30480);
#30500=PLANE('',#30490);
#30510=ORIENTED_EDGE('',*,*,#3290,.F.);
#30520=ORIENTED_EDGE('',*,*,#30340,.T.);
#30530=ORIENTED_EDGE('',*,*,#15170,.T.);
#30540=CARTESIAN_POINT('',(-44.2982252675232,-2.65000000004902,
-5.150000000056));
#30550=DIRECTION('',(-6.27443588540957E-27,4.08395604615809E-13,1.));
#30560=VECTOR('',#30550,1.);
#30570=LINE('',#30540,#30560);
#30580=EDGE_CURVE('',#3280,#15080,#30570,.T.);
#30590=ORIENTED_EDGE('',*,*,#30580,.T.);
#30600=EDGE_LOOP('',(#30590,#30530,#30520,#30510));
#30610=FACE_OUTER_BOUND('',#30600,.T.);
#30620=ADVANCED_FACE('',(#30610),#30500,.F.);
#30630=COLOUR_RGB('',0.,0.443137288093567,0.709803938865662);
#30640=FILL_AREA_STYLE_COLOUR('',#30630);
#30650=FILL_AREA_STYLE('',(#30640));
#30660=SURFACE_STYLE_FILL_AREA(#30650);
#30670=SURFACE_SIDE_STYLE('',(#30660));
#30680=SURFACE_STYLE_USAGE(.BOTH.,#30670);
#30690=PRESENTATION_STYLE_ASSIGNMENT((#30680));
#30700=CARTESIAN_POINT('',(-44.2793514751968,-3.13037009226318,
-5.1500000000558));
#30710=DIRECTION('',(0.999229036240723,0.0392598157590686,
-1.60335361940238E-14));
#30720=DIRECTION('',(-0.0392598157590686,0.999229036240723,
-4.08080746405203E-13));
#30730=AXIS2_PLACEMENT_3D('',#30700,#30710,#30720);
#30740=PLANE('',#30730);
#30750=ORIENTED_EDGE('',*,*,#3370,.T.);
#30760=ORIENTED_EDGE('',*,*,#30580,.F.);
#30770=ORIENTED_EDGE('',*,*,#15090,.F.);
#30780=CARTESIAN_POINT('',(-44.2000000000003,-5.15000000014271,
-5.15000000005498));
#30790=DIRECTION('',(-6.27443588540957E-27,4.08395604615809E-13,1.));
#30800=VECTOR('',#30790,1.);
#30810=LINE('',#30780,#30800);
#30820=EDGE_CURVE('',#3360,#15000,#30810,.T.);
#30830=ORIENTED_EDGE('',*,*,#30820,.T.);
#30840=EDGE_LOOP('',(#30830,#30770,#30760,#30750));
#30850=FACE_OUTER_BOUND('',#30840,.T.);
#30860=ADVANCED_FACE('',(#30850),#30740,.F.);
#30870=COLOUR_RGB('',0.,0.443137288093567,0.709803938865662);
#30880=FILL_AREA_STYLE_COLOUR('',#30870);
#30890=FILL_AREA_STYLE('',(#30880));
#30900=SURFACE_STYLE_FILL_AREA(#30890);
#30910=SURFACE_SIDE_STYLE('',(#30900));
#30920=SURFACE_STYLE_USAGE(.BOTH.,#30910);
#30930=PRESENTATION_STYLE_ASSIGNMENT((#30920));
#30940=CARTESIAN_POINT('',(-44.2000000000003,-5.15000000014271,
-5.15000000005498));
#30950=DIRECTION('',(1.,6.69403079004894E-40,6.27443588540957E-27));
#30960=DIRECTION('',(1.89304895804008E-39,1.,-4.08395604615809E-13));
#30970=AXIS2_PLACEMENT_3D('',#30940,#30950,#30960);
#30980=PLANE('',#30970);
#30990=CARTESIAN_POINT('',(-44.2000000000005,-13.7500000000026,
-5.76500240006902));
#31000=DIRECTION('',(3.19771212653255E-14,4.08396006638903E-13,1.));
#31010=VECTOR('',#31000,1.);
#31020=LINE('',#30990,#31010);
#31030=CARTESIAN_POINT('',(-44.2000000000005,-13.7500000000019,
-4.05000000005146));
#31040=VERTEX_POINT('',#31030);
#31050=EDGE_CURVE('',#31040,#14920,#31020,.T.);
#31060=ORIENTED_EDGE('',*,*,#31050,.T.);
#31070=CARTESIAN_POINT('',(-44.2000000000003,-8.85000000019553,
-4.05000000005346));
#31080=DIRECTION('',(1.89304895804008E-39,1.,-4.08395604615809E-13));
#31090=VECTOR('',#31080,1.);
#31100=LINE('',#31070,#31090);
#31110=CARTESIAN_POINT('',(-44.2000000000003,-11.2500000001456,
-4.05000000005248));
#31120=VERTEX_POINT('',#31110);
#31130=EDGE_CURVE('',#31040,#31120,#31100,.T.);
#31140=ORIENTED_EDGE('',*,*,#31130,.F.);
#31150=CARTESIAN_POINT('',(-44.2000000000003,-11.250000000146,
-5.15000000005249));
#31160=DIRECTION('',(6.27443588540957E-27,-4.08395604615809E-13,-1.));
#31170=VECTOR('',#31160,1.);
#31180=LINE('',#31150,#31170);
#31190=EDGE_CURVE('',#31120,#3440,#31180,.T.);
#31200=ORIENTED_EDGE('',*,*,#31190,.F.);
#31210=ORIENTED_EDGE('',*,*,#3450,.T.);
#31220=ORIENTED_EDGE('',*,*,#30820,.F.);
#31230=ORIENTED_EDGE('',*,*,#15010,.F.);
#31240=EDGE_LOOP('',(#31230,#31220,#31210,#31200,#31140,#31060));
#31250=FACE_OUTER_BOUND('',#31240,.T.);
#31260=ADVANCED_FACE('',(#31250),#30980,.F.);
#31270=COLOUR_RGB('',0.,0.443137288093567,0.709803938865662);
#31280=FILL_AREA_STYLE_COLOUR('',#31270);
#31290=FILL_AREA_STYLE('',(#31280));
#31300=SURFACE_STYLE_FILL_AREA(#31290);
#31310=SURFACE_SIDE_STYLE('',(#31300));
#31320=SURFACE_STYLE_USAGE(.BOTH.,#31310);
#31330=PRESENTATION_STYLE_ASSIGNMENT((#31320));
#31340=CARTESIAN_POINT('',(-18.999999999824,-8.85000000019537,
-4.05000000005346));
#31350=DIRECTION('',(6.27443588540957E-27,-4.08395604615809E-13,-1.));
#31360=DIRECTION('',(-1.,3.48301159325802E-43,-6.27443588540957E-27));
#31370=AXIS2_PLACEMENT_3D('',#31340,#31350,#31360);
#31380=PLANE('',#31370);
#31390=CARTESIAN_POINT('',(-46.5999999999997,-12.1500000001454,
-4.05000000005211));
#31400=DIRECTION('',(6.27443588540957E-27,-4.08395604615809E-13,-1.));
#31410=DIRECTION('',(1.,-2.18550819327561E-39,6.27443588540957E-27));
#31420=AXIS2_PLACEMENT_3D('',#31390,#31400,#31410);
#31430=CIRCLE('',#31420,0.89999999999984);
#31440=CARTESIAN_POINT('',(-46.5999999999997,-11.2500000001456,
-4.05000000005248));
#31450=VERTEX_POINT('',#31440);
#31460=CARTESIAN_POINT('',(-45.8928571428595,-12.7067306168671,
-4.05000000005189));
#31470=VERTEX_POINT('',#31460);
#31480=EDGE_CURVE('',#31450,#31470,#31430,.T.);
#31490=ORIENTED_EDGE('',*,*,#31480,.T.);
#31500=CARTESIAN_POINT('',(-46.5999999999997,-11.2500000001456,
-4.05000000005248));
#31510=DIRECTION('',(1.,-3.48301159325802E-43,6.27443588540957E-27));
#31520=VECTOR('',#31510,1.);
#31530=LINE('',#31500,#31520);
#31540=EDGE_CURVE('',#31450,#31120,#31530,.T.);
#31550=ORIENTED_EDGE('',*,*,#31540,.F.);
#31560=ORIENTED_EDGE('',*,*,#31130,.T.);
#31570=CARTESIAN_POINT('',(-18.9999999998239,-13.7500000000019,
-4.05000000005146));
#31580=DIRECTION('',(1.,1.3061103715384E-26,6.27443588540424E-27));
#31590=VECTOR('',#31580,1.);
#31600=LINE('',#31570,#31590);
#31610=CARTESIAN_POINT('',(-46.0000000000015,-13.7500000000019,
-4.05000000005146));
#31620=VERTEX_POINT('',#31610);
#31630=EDGE_CURVE('',#31620,#31040,#31600,.T.);
#31640=ORIENTED_EDGE('',*,*,#31630,.T.);
#31650=CARTESIAN_POINT('',(-46.0000000000015,-8.85000000019553,
-4.05000000005346));
#31660=DIRECTION('',(1.30610908598402E-26,-1.,4.08395604615809E-13));
#31670=VECTOR('',#31660,1.);
#31680=LINE('',#31650,#31670);
#31690=CARTESIAN_POINT('',(-46.0000000000019,-13.0160254039347,
-4.05000000005175));
#31700=VERTEX_POINT('',#31690);
#31710=EDGE_CURVE('',#31700,#31620,#31680,.T.);
#31720=ORIENTED_EDGE('',*,*,#31710,.T.);
#31730=CARTESIAN_POINT('',(-45.5000000000019,-13.0160254039347,
-4.05000000005176));
#31740=DIRECTION('',(3.19771212653255E-14,4.08396006638903E-13,1.));
#31750=DIRECTION('',(0.992546151641322,-0.121869343405147,
1.80321845259006E-14));
#31760=AXIS2_PLACEMENT_3D('',#31730,#31740,#31750);
#31770=CIRCLE('',#31760,0.5);
#31780=EDGE_CURVE('',#31470,#31700,#31770,.T.);
#31790=ORIENTED_EDGE('',*,*,#31780,.T.);
#31800=EDGE_LOOP('',(#31790,#31720,#31640,#31560,#31550,#31490));
#31810=FACE_OUTER_BOUND('',#31800,.T.);
#31820=ADVANCED_FACE('',(#31810),#31380,.F.);
#31830=COLOUR_RGB('',0.,0.443137288093567,0.709803938865662);
#31840=FILL_AREA_STYLE_COLOUR('',#31830);
#31850=FILL_AREA_STYLE('',(#31840));
#31860=SURFACE_STYLE_FILL_AREA(#31850);
#31870=SURFACE_SIDE_STYLE('',(#31860));
#31880=SURFACE_STYLE_USAGE(.BOTH.,#31870);
#31890=PRESENTATION_STYLE_ASSIGNMENT((#31880));
#31900=CARTESIAN_POINT('',(-43.8899999999997,-11.250000000146,
-5.15000000005248));
#31910=DIRECTION('',(-2.5628003382043E-39,-1.,4.08395604615809E-13));
#31920=DIRECTION('',(1.,-3.48301159325802E-43,6.27443588540957E-27));
#31930=AXIS2_PLACEMENT_3D('',#31900,#31910,#31920);
#31940=PLANE('',#31930);
#31950=ORIENTED_EDGE('',*,*,#3530,.F.);
#31960=ORIENTED_EDGE('',*,*,#31190,.T.);
#31970=ORIENTED_EDGE('',*,*,#31540,.T.);
#31980=CARTESIAN_POINT('',(-46.5999999999997,-11.250000000146,
-5.15000000005249));
#31990=DIRECTION('',(6.27443588540957E-27,-4.08395604615809E-13,-1.));
#32000=VECTOR('',#31990,1.);
#32010=LINE('',#31980,#32000);
#32020=EDGE_CURVE('',#31450,#3520,#32010,.T.);
#32030=ORIENTED_EDGE('',*,*,#32020,.F.);
#32040=EDGE_LOOP('',(#32030,#31970,#31960,#31950));
#32050=FACE_OUTER_BOUND('',#32040,.T.);
#32060=ADVANCED_FACE('',(#32050),#31940,.F.);
#32070=COLOUR_RGB('',0.,0.443137288093567,0.709803938865662);
#32080=FILL_AREA_STYLE_COLOUR('',#32070);
#32090=FILL_AREA_STYLE('',(#32080));
#32100=SURFACE_STYLE_FILL_AREA(#32090);
#32110=SURFACE_SIDE_STYLE('',(#32100));
#32120=SURFACE_STYLE_USAGE(.BOTH.,#32110);
#32130=PRESENTATION_STYLE_ASSIGNMENT((#32120));
#32140=CARTESIAN_POINT('',(-45.5000000000019,-13.0160254039354,
-5.76500240006928));
#32150=DIRECTION('',(3.19771212653255E-14,4.08396006638903E-13,1.));
#32160=DIRECTION('',(0.992546151641322,-0.121869343405147,
1.80321845259006E-14));
#32170=AXIS2_PLACEMENT_3D('',#32140,#32150,#32160);
#32180=CYLINDRICAL_SURFACE('',#32170,0.5);
#32190=CARTESIAN_POINT('',(-45.8928571428584,-12.7067306168687,
-5.76500240006939));
#32200=DIRECTION('',(3.19771212653255E-14,4.08396006638903E-13,1.));
#32210=VECTOR('',#32200,1.);
#32220=LINE('',#32190,#32210);
#32230=EDGE_CURVE('',#31470,#14670,#32220,.T.);
#32240=ORIENTED_EDGE('',*,*,#32230,.T.);
#32250=ORIENTED_EDGE('',*,*,#31780,.F.);
#32260=CARTESIAN_POINT('',(-46.0000000000019,-13.0160254039354,
-5.76500240006926));
#32270=DIRECTION('',(3.19771212653255E-14,4.08396006638903E-13,1.));
#32280=VECTOR('',#32270,1.);
#32290=LINE('',#32260,#32280);
#32300=EDGE_CURVE('',#31700,#14760,#32290,.T.);
#32310=ORIENTED_EDGE('',*,*,#32300,.F.);
#32320=ORIENTED_EDGE('',*,*,#14770,.T.);
#32330=EDGE_LOOP('',(#32320,#32310,#32250,#32240));
#32340=FACE_OUTER_BOUND('',#32330,.T.);
#32350=ADVANCED_FACE('',(#32340),#32180,.F.);
#32360=COLOUR_RGB('',0.,0.443137288093567,0.709803938865662);
#32370=FILL_AREA_STYLE_COLOUR('',#32360);
#32380=FILL_AREA_STYLE('',(#32370));
#32390=SURFACE_STYLE_FILL_AREA(#32380);
#32400=SURFACE_SIDE_STYLE('',(#32390));
#32410=SURFACE_STYLE_USAGE(.BOTH.,#32400);
#32420=PRESENTATION_STYLE_ASSIGNMENT((#32410));
#32430=CARTESIAN_POINT('',(-46.0000000000016,-13.7500000000026,
-5.76500240006896));
#32440=DIRECTION('',(-1.,-1.77508681449803E-30,3.19771212653255E-14));
#32450=DIRECTION('',(-1.30611037153814E-26,1.,-4.08396006638903E-13));
#32460=AXIS2_PLACEMENT_3D('',#32430,#32440,#32450);
#32470=PLANE('',#32460);
#32480=ORIENTED_EDGE('',*,*,#32300,.T.);
#32490=ORIENTED_EDGE('',*,*,#31710,.F.);
#32500=CARTESIAN_POINT('',(-46.0000000000016,-13.7500000000026,
-5.76500240006896));
#32510=DIRECTION('',(3.19771212653255E-14,4.08396006638903E-13,1.));
#32520=VECTOR('',#32510,1.);
#32530=LINE('',#32500,#32520);
#32540=EDGE_CURVE('',#31620,#14840,#32530,.T.);
#32550=ORIENTED_EDGE('',*,*,#32540,.F.);
#32560=ORIENTED_EDGE('',*,*,#14850,.F.);
#32570=EDGE_LOOP('',(#32560,#32550,#32490,#32480));
#32580=FACE_OUTER_BOUND('',#32570,.T.);
#32590=ADVANCED_FACE('',(#32580),#32470,.F.);
#32600=COLOUR_RGB('',0.,0.443137288093567,0.709803938865662);
#32610=FILL_AREA_STYLE_COLOUR('',#32600);
#32620=FILL_AREA_STYLE('',(#32610));
#32630=SURFACE_STYLE_FILL_AREA(#32620);
#32640=SURFACE_SIDE_STYLE('',(#32630));
#32650=SURFACE_STYLE_USAGE(.BOTH.,#32640);
#32660=PRESENTATION_STYLE_ASSIGNMENT((#32650));
#32670=CARTESIAN_POINT('',(-44.2000000000005,-13.7500000000026,
-5.76500240006902));
#32680=DIRECTION('',(1.30611037153814E-26,-1.,4.08396006638903E-13));
#32690=DIRECTION('',(-1.,-1.7750868145009E-30,3.19771212653255E-14));
#32700=AXIS2_PLACEMENT_3D('',#32670,#32680,#32690);
#32710=PLANE('',#32700);
#32720=ORIENTED_EDGE('',*,*,#32540,.T.);
#32730=ORIENTED_EDGE('',*,*,#31630,.F.);
#32740=ORIENTED_EDGE('',*,*,#31050,.F.);
#32750=ORIENTED_EDGE('',*,*,#14930,.F.);
#32760=EDGE_LOOP('',(#32750,#32740,#32730,#32720));
#32770=FACE_OUTER_BOUND('',#32760,.T.);
#32780=ADVANCED_FACE('',(#32770),#32710,.F.);
#32790=COLOUR_RGB('',0.,0.443137288093567,0.709803938865662);
#32800=FILL_AREA_STYLE_COLOUR('',#32790);
#32810=FILL_AREA_STYLE('',(#32800));
#32820=SURFACE_STYLE_FILL_AREA(#32810);
#32830=SURFACE_SIDE_STYLE('',(#32820));
#32840=SURFACE_STYLE_USAGE(.BOTH.,#32830);
#32850=PRESENTATION_STYLE_ASSIGNMENT((#32840));
#32860=CARTESIAN_POINT('',(-46.5999999999997,-12.1500000001459,
-5.15000000005212));
#32870=DIRECTION('',(6.27443588540957E-27,-4.08395604615809E-13,-1.));
#32880=DIRECTION('',(1.,-2.18550819327561E-39,6.27443588540957E-27));
#32890=AXIS2_PLACEMENT_3D('',#32860,#32870,#32880);
#32900=CYLINDRICAL_SURFACE('',#32890,0.89999999999984);
#32910=ORIENTED_EDGE('',*,*,#3620,.F.);
#32920=ORIENTED_EDGE('',*,*,#32020,.T.);
#32930=ORIENTED_EDGE('',*,*,#31480,.F.);
#32940=ORIENTED_EDGE('',*,*,#32230,.F.);
#32950=ORIENTED_EDGE('',*,*,#14680,.T.);
#32960=CARTESIAN_POINT('',(-46.8249999999983,-11.278578747249,
-5.15000000005248));
#32970=DIRECTION('',(-6.27443588540957E-27,4.08395604615809E-13,1.));
#32980=VECTOR('',#32970,1.);
#32990=LINE('',#32960,#32980);
#33000=EDGE_CURVE('',#3610,#14580,#32990,.T.);
#33010=ORIENTED_EDGE('',*,*,#33000,.T.);
#33020=EDGE_LOOP('',(#33010,#32950,#32940,#32930,#32920,#32910));
#33030=FACE_OUTER_BOUND('',#33020,.T.);
#33040=ADVANCED_FACE('',(#33030),#32900,.T.);
#33050=COLOUR_RGB('',0.,0.443137288093567,0.709803938865662);
#33060=FILL_AREA_STYLE_COLOUR('',#33050);
#33070=FILL_AREA_STYLE('',(#33060));
#33080=SURFACE_STYLE_FILL_AREA(#33070);
#33090=SURFACE_SIDE_STYLE('',(#33080));
#33100=SURFACE_STYLE_USAGE(.BOTH.,#33090);
#33110=PRESENTATION_STYLE_ASSIGNMENT((#33100));
#33120=CARTESIAN_POINT('',(-46.699999999999,-11.7627016655251,
-5.15000000005228));
#33130=DIRECTION('',(-6.27443588540957E-27,4.08395604615809E-13,1.));
#33140=DIRECTION('',(2.56245203704498E-39,1.,-4.08395604615809E-13));
#33150=AXIS2_PLACEMENT_3D('',#33120,#33130,#33140);
#33160=CYLINDRICAL_SURFACE('',#33150,0.5);
#33170=ORIENTED_EDGE('',*,*,#3710,.T.);
#33180=ORIENTED_EDGE('',*,*,#33000,.F.);
#33190=ORIENTED_EDGE('',*,*,#14590,.F.);
#33200=CARTESIAN_POINT('',(-47.199999999999,-11.7627016655249,
-5.15000000005228));
#33210=DIRECTION('',(-6.27443588540957E-27,4.08395604615809E-13,1.));
#33220=VECTOR('',#33210,1.);
#33230=LINE('',#33200,#33220);
#33240=EDGE_CURVE('',#3700,#14490,#33230,.T.);
#33250=ORIENTED_EDGE('',*,*,#33240,.T.);
#33260=EDGE_LOOP('',(#33250,#33190,#33180,#33170));
#33270=FACE_OUTER_BOUND('',#33260,.T.);
#33280=ADVANCED_FACE('',(#33270),#33160,.T.);
#33290=COLOUR_RGB('',0.,0.443137288093567,0.709803938865662);
#33300=FILL_AREA_STYLE_COLOUR('',#33290);
#33310=FILL_AREA_STYLE('',(#33300));
#33320=SURFACE_STYLE_FILL_AREA(#33310);
#33330=SURFACE_SIDE_STYLE('',(#33320));
#33340=SURFACE_STYLE_USAGE(.BOTH.,#33330);
#33350=PRESENTATION_STYLE_ASSIGNMENT((#33340));
#33360=CARTESIAN_POINT('',(-47.199999999999,-11.7627016655249,
-5.15000000005228));
#33370=DIRECTION('',(1.,-3.85691478754779E-13,1.63789140546633E-25));
#33380=DIRECTION('',(3.85691478754779E-13,1.,-4.08395604615809E-13));
#33390=AXIS2_PLACEMENT_3D('',#33360,#33370,#33380);
#33400=PLANE('',#33390);
#33410=ORIENTED_EDGE('',*,*,#3790,.F.);
#33420=ORIENTED_EDGE('',*,*,#33240,.F.);
#33430=ORIENTED_EDGE('',*,*,#14500,.T.);
#33440=CARTESIAN_POINT('',(-47.2000000000004,-15.2500000000006,
-5.15000000005085));
#33450=DIRECTION('',(6.27443588540957E-27,-4.08395604615809E-13,-1.));
#33460=VECTOR('',#33450,1.);
#33470=LINE('',#33440,#33460);
#33480=EDGE_CURVE('',#14410,#3780,#33470,.T.);
#33490=ORIENTED_EDGE('',*,*,#33480,.F.);
#33500=EDGE_LOOP('',(#33490,#33430,#33420,#33410));
#33510=FACE_OUTER_BOUND('',#33500,.T.);
#33520=ADVANCED_FACE('',(#33510),#33400,.F.);
#33530=COLOUR_RGB('',0.,0.443137288093567,0.709803938865662);
#33540=FILL_AREA_STYLE_COLOUR('',#33530);
#33550=FILL_AREA_STYLE('',(#33540));
#33560=SURFACE_STYLE_FILL_AREA(#33550);
#33570=SURFACE_SIDE_STYLE('',(#33560));
#33580=SURFACE_STYLE_USAGE(.BOTH.,#33570);
#33590=PRESENTATION_STYLE_ASSIGNMENT((#33580));
#33600=CARTESIAN_POINT('',(-42.6000000000956,-11.1064659968271,
-5.15000000005255));
#33610=DIRECTION('',(-6.27443588540957E-27,4.08395604615809E-13,1.));
#33620=DIRECTION('',(1.,-3.96888553713865E-39,6.27443588540957E-27));
#33630=AXIS2_PLACEMENT_3D('',#33600,#33610,#33620);
#33640=CYLINDRICAL_SURFACE('',#33630,7.);
#33650=ORIENTED_EDGE('',*,*,#3960,.T.);
#33660=CARTESIAN_POINT('',(-36.9580919926421,-15.2499999999979,
-5.15000000005085));
#33670=DIRECTION('',(-6.27443588540957E-27,4.08395604615809E-13,1.));
#33680=VECTOR('',#33670,1.);
#33690=LINE('',#33660,#33680);
#33700=EDGE_CURVE('',#3860,#14330,#33690,.T.);
#33710=ORIENTED_EDGE('',*,*,#33700,.F.);
#33720=ORIENTED_EDGE('',*,*,#14340,.F.);
#33730=CARTESIAN_POINT('',(-35.6000000000956,-11.1064659968271,
-5.15000000005255));
#33740=DIRECTION('',(-6.27443588540957E-27,4.08395604615809E-13,1.));
#33750=VECTOR('',#33740,1.);
#33760=LINE('',#33730,#33750);
#33770=EDGE_CURVE('',#3950,#14240,#33760,.T.);
#33780=ORIENTED_EDGE('',*,*,#33770,.T.);
#33790=EDGE_LOOP('',(#33780,#33720,#33710,#33650));
#33800=FACE_OUTER_BOUND('',#33790,.T.);
#33810=ADVANCED_FACE('',(#33800),#33640,.T.);
#33820=COLOUR_RGB('',0.,0.443137288093567,0.709803938865662);
#33830=FILL_AREA_STYLE_COLOUR('',#33820);
#33840=FILL_AREA_STYLE('',(#33830));
#33850=SURFACE_STYLE_FILL_AREA(#33840);
#33860=SURFACE_SIDE_STYLE('',(#33850));
#33870=SURFACE_STYLE_USAGE(.BOTH.,#33860);
#33880=PRESENTATION_STYLE_ASSIGNMENT((#33870));
#33890=CARTESIAN_POINT('',(-35.6000000000956,-11.1064659968271,
-5.15000000005255));
#33900=DIRECTION('',(-1.,-2.56245203704497E-39,-6.27443588540957E-27));
#33910=DIRECTION('',(0.,-1.,4.08395604615809E-13));
#33920=AXIS2_PLACEMENT_3D('',#33890,#33900,#33910);
#33930=PLANE('',#33920);
#33940=ORIENTED_EDGE('',*,*,#4040,.T.);
#33950=ORIENTED_EDGE('',*,*,#33770,.F.);
#33960=ORIENTED_EDGE('',*,*,#14250,.F.);
#33970=CARTESIAN_POINT('',(-35.6000000000956,-10.550000000196,
-5.15000000005277));
#33980=DIRECTION('',(6.27443588540957E-27,-4.08395604615809E-13,-1.));
#33990=VECTOR('',#33980,1.);
#34000=LINE('',#33970,#33990);
#34010=EDGE_CURVE('',#14160,#4030,#34000,.T.);
#34020=ORIENTED_EDGE('',*,*,#34010,.F.);
#34030=EDGE_LOOP('',(#34020,#33960,#33950,#33940));
#34040=FACE_OUTER_BOUND('',#34030,.T.);
#34050=ADVANCED_FACE('',(#34040),#33930,.F.);
#34060=COLOUR_RGB('',0.,0.443137288093567,0.709803938865662);
#34070=FILL_AREA_STYLE_COLOUR('',#34060);
#34080=FILL_AREA_STYLE('',(#34070));
#34090=SURFACE_STYLE_FILL_AREA(#34080);
#34100=SURFACE_SIDE_STYLE('',(#34090));
#34110=SURFACE_STYLE_USAGE(.BOTH.,#34100);
#34120=PRESENTATION_STYLE_ASSIGNMENT((#34110));
#34130=CARTESIAN_POINT('',(-35.3810948761425,-6.50502440411697,
-5.15000000005443));
#34140=DIRECTION('',(-6.27443588540957E-27,4.08395604615809E-13,1.));
#34150=DIRECTION('',(1.,1.30593157730242E-26,6.27443588540424E-27));
#34160=AXIS2_PLACEMENT_3D('',#34130,#34140,#34150);
#34170=CYLINDRICAL_SURFACE('',#34160,0.5);
#34180=ORIENTED_EDGE('',*,*,#4380,.F.);
#34190=CARTESIAN_POINT('',(-35.8414214707629,-6.30983366077808,
-5.15000000005451));
#34200=DIRECTION('',(-6.27443588540957E-27,4.08395604615809E-13,1.));
#34210=VECTOR('',#34200,1.);
#34220=LINE('',#34190,#34210);
#34230=EDGE_CURVE('',#4280,#13910,#34220,.T.);
#34240=ORIENTED_EDGE('',*,*,#34230,.F.);
#34250=ORIENTED_EDGE('',*,*,#13920,.T.);
#34260=CARTESIAN_POINT('',(-34.9207682815496,-6.70021514744557,
-5.15000000005435));
#34270=DIRECTION('',(-6.27443588540957E-27,4.08395604615809E-13,1.));
#34280=VECTOR('',#34270,1.);
#34290=LINE('',#34260,#34280);
#34300=EDGE_CURVE('',#4370,#13820,#34290,.T.);
#34310=ORIENTED_EDGE('',*,*,#34300,.T.);
#34320=EDGE_LOOP('',(#34310,#34250,#34240,#34180));
#34330=FACE_OUTER_BOUND('',#34320,.T.);
#34340=ADVANCED_FACE('',(#34330),#34170,.F.);
#34350=COLOUR_RGB('',0.,0.443137288093567,0.709803938865662);
#34360=FILL_AREA_STYLE_COLOUR('',#34350);
#34370=FILL_AREA_STYLE('',(#34360));
#34380=SURFACE_STYLE_FILL_AREA(#34370);
#34390=SURFACE_SIDE_STYLE('',(#34380));
#34400=SURFACE_STYLE_USAGE(.BOTH.,#34390);
#34410=PRESENTATION_STYLE_ASSIGNMENT((#34400));
#34420=CARTESIAN_POINT('',(-28.2000000000955,-9.55000000020194,
-5.15000000005318));
#34430=DIRECTION('',(-6.27443588540957E-27,4.08395604615809E-13,1.));
#34440=DIRECTION('',(1.,-3.96888553713865E-39,6.27443588540957E-27));
#34450=AXIS2_PLACEMENT_3D('',#34420,#34430,#34440);
#34460=CYLINDRICAL_SURFACE('',#34450,8.3);
#34470=ORIENTED_EDGE('',*,*,#4290,.F.);
#34480=CARTESIAN_POINT('',(-36.5000000000955,-9.55000000020194,
-5.15000000005318));
#34490=DIRECTION('',(-6.27443588540957E-27,4.08395604615809E-13,1.));
#34500=VECTOR('',#34490,1.);
#34510=LINE('',#34480,#34500);
#34520=EDGE_CURVE('',#4190,#14000,#34510,.T.);
#34530=ORIENTED_EDGE('',*,*,#34520,.F.);
#34540=ORIENTED_EDGE('',*,*,#14010,.T.);
#34550=ORIENTED_EDGE('',*,*,#34230,.T.);
#34560=EDGE_LOOP('',(#34550,#34540,#34530,#34470));
#34570=FACE_OUTER_BOUND('',#34560,.T.);
#34580=ADVANCED_FACE('',(#34570),#34460,.F.);
#34590=COLOUR_RGB('',0.,0.443137288093567,0.709803938865662);
#34600=FILL_AREA_STYLE_COLOUR('',#34590);
#34610=FILL_AREA_STYLE('',(#34600));
#34620=SURFACE_STYLE_FILL_AREA(#34610);
#34630=SURFACE_SIDE_STYLE('',(#34620));
#34640=SURFACE_STYLE_USAGE(.BOTH.,#34630);
#34650=PRESENTATION_STYLE_ASSIGNMENT((#34640));
#34660=CARTESIAN_POINT('',(-36.5000000000956,-10.4104780971555,
-5.15000000005283));
#34670=DIRECTION('',(-1.,-2.56245203704497E-39,-6.27443588540957E-27));
#34680=DIRECTION('',(0.,-1.,4.08395604615809E-13));
#34690=AXIS2_PLACEMENT_3D('',#34660,#34670,#34680);
#34700=PLANE('',#34690);
#34710=ORIENTED_EDGE('',*,*,#4200,.F.);
#34720=CARTESIAN_POINT('',(-36.5000000000956,-10.6287397973693,
-5.15000000005274));
#34730=DIRECTION('',(-6.27443588540957E-27,4.08395604615809E-13,1.));
#34740=VECTOR('',#34730,1.);
#34750=LINE('',#34720,#34740);
#34760=EDGE_CURVE('',#4110,#14080,#34750,.T.);
#34770=ORIENTED_EDGE('',*,*,#34760,.F.);
#34780=ORIENTED_EDGE('',*,*,#14090,.T.);
#34790=ORIENTED_EDGE('',*,*,#34520,.T.);
#34800=EDGE_LOOP('',(#34790,#34780,#34770,#34710));
#34810=FACE_OUTER_BOUND('',#34800,.T.);
#34820=ADVANCED_FACE('',(#34810),#34700,.F.);
#34830=COLOUR_RGB('',0.,0.443137288093567,0.709803938865662);
#34840=FILL_AREA_STYLE_COLOUR('',#34830);
#34850=FILL_AREA_STYLE('',(#34840));
#34860=SURFACE_STYLE_FILL_AREA(#34850);
#34870=SURFACE_SIDE_STYLE('',(#34860));
#34880=SURFACE_STYLE_USAGE(.BOTH.,#34870);
#34890=PRESENTATION_STYLE_ASSIGNMENT((#34880));
#34900=CARTESIAN_POINT('',(-28.2000000000955,-9.55000000020194,
-5.15000000005318));
#34910=DIRECTION('',(-6.27443588540957E-27,4.08395604615809E-13,1.));
#34920=DIRECTION('',(1.,-3.96888553713865E-39,6.27443588540957E-27));
#34930=AXIS2_PLACEMENT_3D('',#34900,#34910,#34920);
#34940=CYLINDRICAL_SURFACE('',#34930,7.3);
#34950=ORIENTED_EDGE('',*,*,#4470,.T.);
#34960=ORIENTED_EDGE('',*,*,#34300,.F.);
#34970=ORIENTED_EDGE('',*,*,#13830,.F.);
#34980=CARTESIAN_POINT('',(-35.4938330116194,-9.25000000019602,
-5.15000000005331));
#34990=DIRECTION('',(-6.27443588540957E-27,4.08395604615809E-13,1.));
#35000=VECTOR('',#34990,1.);
#35010=LINE('',#34980,#35000);
#35020=EDGE_CURVE('',#4460,#13730,#35010,.T.);
#35030=ORIENTED_EDGE('',*,*,#35020,.T.);
#35040=EDGE_LOOP('',(#35030,#34970,#34960,#34950));
#35050=FACE_OUTER_BOUND('',#35040,.T.);
#35060=ADVANCED_FACE('',(#35050),#34940,.T.);
#35070=COLOUR_RGB('',0.,0.443137288093567,0.709803938865662);
#35080=FILL_AREA_STYLE_COLOUR('',#35070);
#35090=FILL_AREA_STYLE('',(#35080));
#35100=SURFACE_STYLE_FILL_AREA(#35090);
#35110=SURFACE_SIDE_STYLE('',(#35100));
#35120=SURFACE_STYLE_USAGE(.BOTH.,#35110);
#35130=PRESENTATION_STYLE_ASSIGNMENT((#35120));
#35140=CARTESIAN_POINT('',(-0.331143258584383,-15.250000000202,
-5.15000000005085));
#35150=DIRECTION('',(5.79120085220097E-14,1.,-4.08395604615809E-13));
#35160=DIRECTION('',(-1.,5.79120085220097E-14,-2.99254456202716E-26));
#35170=AXIS2_PLACEMENT_3D('',#35140,#35150,#35160);
#35180=PLANE('',#35170);
#35190=ORIENTED_EDGE('',*,*,#5200,.F.);
#35200=CARTESIAN_POINT('',(-1.44105634697257,-15.2500000002019,
-5.15000000005085));
#35210=DIRECTION('',(6.27443588540957E-27,-4.08395604615809E-13,-1.));
#35220=VECTOR('',#35210,1.);
#35230=LINE('',#35200,#35220);
#35240=EDGE_CURVE('',#13080,#5110,#35230,.T.);
#35250=ORIENTED_EDGE('',*,*,#35240,.T.);
#35260=ORIENTED_EDGE('',*,*,#13090,.T.);
#35270=CARTESIAN_POINT('',(0.928617333343241,-15.2500000002,
9.58785051352606E-10));
#35280=DIRECTION('',(6.31148342461027E-27,-4.08395604615809E-13,-1.));
#35290=VECTOR('',#35280,1.);
#35300=LINE('',#35270,#35290);
#35310=EDGE_CURVE('',#13000,#5190,#35300,.T.);
#35320=ORIENTED_EDGE('',*,*,#35310,.F.);
#35330=EDGE_LOOP('',(#35320,#35260,#35250,#35190));
#35340=FACE_OUTER_BOUND('',#35330,.T.);
#35350=ADVANCED_FACE('',(#35340),#35180,.F.);
#35360=COLOUR_RGB('',0.,0.443137288093567,0.709803938865662);
#35370=FILL_AREA_STYLE_COLOUR('',#35360);
#35380=FILL_AREA_STYLE('',(#35370));
#35390=SURFACE_STYLE_FILL_AREA(#35380);
#35400=SURFACE_SIDE_STYLE('',(#35390));
#35410=SURFACE_STYLE_USAGE(.BOTH.,#35400);
#35420=PRESENTATION_STYLE_ASSIGNMENT((#35410));
#35430=CARTESIAN_POINT('',(8.69999999989531,-5.31833550148932,
-5.15000000005491));
#35440=DIRECTION('',(-1.,0.,-6.27443588540957E-27));
#35450=DIRECTION('',(-2.56245203704497E-39,-1.,4.08395604615809E-13));
#35460=AXIS2_PLACEMENT_3D('',#35430,#35440,#35450);
#35470=PLANE('',#35460);
#35480=ORIENTED_EDGE('',*,*,#5360,.T.);
#35490=CARTESIAN_POINT('',(8.69999999989531,-6.05000000004988,
-5.15000000005461));
#35500=DIRECTION('',(6.27443588540957E-27,-4.08395604615809E-13,-1.));
#35510=VECTOR('',#35500,1.);
#35520=LINE('',#35490,#35510);
#35530=EDGE_CURVE('',#12920,#5270,#35520,.T.);
#35540=ORIENTED_EDGE('',*,*,#35530,.T.);
#35550=ORIENTED_EDGE('',*,*,#12930,.F.);
#35560=CARTESIAN_POINT('',(8.69999999989531,-4.05000000005113,
-5.15000000005543));
#35570=DIRECTION('',(-6.27443588540957E-27,4.08395604615809E-13,1.));
#35580=VECTOR('',#35570,1.);
#35590=LINE('',#35560,#35580);
#35600=EDGE_CURVE('',#5350,#12840,#35590,.T.);
#35610=ORIENTED_EDGE('',*,*,#35600,.T.);
#35620=EDGE_LOOP('',(#35610,#35550,#35540,#35480));
#35630=FACE_OUTER_BOUND('',#35620,.T.);
#35640=ADVANCED_FACE('',(#35630),#35470,.F.);
#35650=COLOUR_RGB('',0.,0.443137288093567,0.709803938865662);
#35660=FILL_AREA_STYLE_COLOUR('',#35650);
#35670=FILL_AREA_STYLE('',(#35660));
#35680=SURFACE_STYLE_FILL_AREA(#35670);
#35690=SURFACE_SIDE_STYLE('',(#35680));
#35700=SURFACE_STYLE_USAGE(.BOTH.,#35690);
#35710=PRESENTATION_STYLE_ASSIGNMENT((#35700));
#35720=CARTESIAN_POINT('',(8.1700250975966,12.6936022795599,
-5.76900240062421));
#35730=DIRECTION('',(0.173648177666532,-0.984807753012278,0.));
#35740=DIRECTION('',(-0.984807753012278,-0.173648177666532,0.));
#35750=AXIS2_PLACEMENT_3D('',#35720,#35730,#35740);
#35760=PLANE('',#35750);
#35770=ORIENTED_EDGE('',*,*,#5770,.T.);
#35780=CARTESIAN_POINT('',(8.17002509759702,12.6936022795596,
9.58785051352606E-10));
#35790=DIRECTION('',(9.64159439150907E-16,4.02927584717291E-13,1.));
#35800=VECTOR('',#35790,1.);
#35810=LINE('',#35780,#35800);
#35820=EDGE_CURVE('',#5680,#12510,#35810,.T.);
#35830=ORIENTED_EDGE('',*,*,#35820,.F.);
#35840=ORIENTED_EDGE('',*,*,#12520,.F.);
#35850=CARTESIAN_POINT('',(7.11576698757697,12.5077081301332,
9.58785051352606E-10));
#35860=DIRECTION('',(-1.00852723438389E-13,-1.77830562200749E-14,-1.));
#35870=VECTOR('',#35860,1.);
#35880=LINE('',#35850,#35870);
#35890=EDGE_CURVE('',#12430,#5760,#35880,.T.);
#35900=ORIENTED_EDGE('',*,*,#35890,.F.);
#35910=EDGE_LOOP('',(#35900,#35840,#35830,#35770));
#35920=FACE_OUTER_BOUND('',#35910,.T.);
#35930=ADVANCED_FACE('',(#35920),#35760,.F.);
#35940=COLOUR_RGB('',0.,0.443137288093567,0.709803938865662);
#35950=FILL_AREA_STYLE_COLOUR('',#35940);
#35960=FILL_AREA_STYLE('',(#35950));
#35970=SURFACE_STYLE_FILL_AREA(#35960);
#35980=SURFACE_SIDE_STYLE('',(#35970));
#35990=SURFACE_STYLE_USAGE(.BOTH.,#35980);
#36000=PRESENTATION_STYLE_ASSIGNMENT((#35990));
#36010=CARTESIAN_POINT('',(8.17002509759659,12.6936022795599,
-5.15000000006227));
#36020=DIRECTION('',(-0.984807753012278,-0.173648177666532,
7.09171525085507E-14));
#36030=DIRECTION('',(-6.27443588540957E-27,4.08395604615809E-13,1.));
#36040=AXIS2_PLACEMENT_3D('',#36010,#36020,#36030);
#36050=PLANE('',#36040);
#36060=ORIENTED_EDGE('',*,*,#5690,.T.);
#36070=CARTESIAN_POINT('',(8.12279168296554,12.9614762852348,
9.58785051352606E-10));
#36080=DIRECTION('',(3.41701566946083E-14,3.95958684679037E-13,1.));
#36090=VECTOR('',#36080,1.);
#36100=LINE('',#36070,#36090);
#36110=EDGE_CURVE('',#5600,#12590,#36100,.T.);
#36120=ORIENTED_EDGE('',*,*,#36110,.F.);
#36130=ORIENTED_EDGE('',*,*,#12600,.F.);
#36140=ORIENTED_EDGE('',*,*,#35820,.T.);
#36150=EDGE_LOOP('',(#36140,#36130,#36120,#36060));
#36160=FACE_OUTER_BOUND('',#36150,.T.);
#36170=ADVANCED_FACE('',(#36160),#36050,.T.);
#36180=COLOUR_RGB('',0.,0.443137288093567,0.709803938865662);
#36190=FILL_AREA_STYLE_COLOUR('',#36180);
#36200=FILL_AREA_STYLE('',(#36190));
#36210=SURFACE_STYLE_FILL_AREA(#36200);
#36220=SURFACE_SIDE_STYLE('',(#36210));
#36230=SURFACE_STYLE_USAGE(.BOTH.,#36220);
#36240=PRESENTATION_STYLE_ASSIGNMENT((#36230));
#36250=CARTESIAN_POINT('',(8.43680805722159,12.8471836719339,
-5.15000000006233));
#36260=DIRECTION('',(-0.342020143318877,-0.93969262078838,
3.83766336019883E-13));
#36270=DIRECTION('',(0.93969262078838,-0.342020143318877,
1.39679523221504E-13));
#36280=AXIS2_PLACEMENT_3D('',#36250,#36260,#36270);
#36290=PLANE('',#36280);
#36300=ORIENTED_EDGE('',*,*,#5610,.F.);
#36310=CARTESIAN_POINT('',(8.69999999989404,12.7513896389046,
-5.15000000006229));
#36320=DIRECTION('',(6.27443588540957E-27,-4.08395604615809E-13,-1.));
#36330=VECTOR('',#36320,1.);
#36340=LINE('',#36310,#36330);
#36350=EDGE_CURVE('',#12670,#5520,#36340,.T.);
#36360=ORIENTED_EDGE('',*,*,#36350,.T.);
#36370=ORIENTED_EDGE('',*,*,#12680,.T.);
#36380=ORIENTED_EDGE('',*,*,#36110,.T.);
#36390=EDGE_LOOP('',(#36380,#36370,#36360,#36300));
#36400=FACE_OUTER_BOUND('',#36390,.T.);
#36410=ADVANCED_FACE('',(#36400),#36290,.F.);
#36420=COLOUR_RGB('',0.,0.443137288093567,0.709803938865662);
#36430=FILL_AREA_STYLE_COLOUR('',#36420);
#36440=FILL_AREA_STYLE('',(#36430));
#36450=SURFACE_STYLE_FILL_AREA(#36440);
#36460=SURFACE_SIDE_STYLE('',(#36450));
#36470=SURFACE_STYLE_USAGE(.BOTH.,#36460);
#36480=PRESENTATION_STYLE_ASSIGNMENT((#36470));
#36490=CARTESIAN_POINT('',(7.02894289874261,13.0001120066386,
-5.15000000006239));
#36500=DIRECTION('',(-0.984807753012175,-0.173648177667118,
7.09171525087899E-14));
#36510=DIRECTION('',(0.173648177667118,-0.984807753012175,
4.02191157721745E-13));
#36520=AXIS2_PLACEMENT_3D('',#36490,#36500,#36510);
#36530=PLANE('',#36520);
#36540=ORIENTED_EDGE('',*,*,#16450,.T.);
#36550=ORIENTED_EDGE('',*,*,#5850,.F.);
#36560=ORIENTED_EDGE('',*,*,#35890,.T.);
#36570=ORIENTED_EDGE('',*,*,#12440,.T.);
#36580=EDGE_LOOP('',(#36570,#36560,#36550,#36540));
#36590=FACE_OUTER_BOUND('',#36580,.T.);
#36600=ADVANCED_FACE('',(#36590),#36530,.F.);
#36610=COLOUR_RGB('',0.,0.443137288093567,0.709803938865662);
#36620=FILL_AREA_STYLE_COLOUR('',#36610);
#36630=FILL_AREA_STYLE('',(#36620));
#36640=SURFACE_STYLE_FILL_AREA(#36630);
#36650=SURFACE_SIDE_STYLE('',(#36640));
#36660=SURFACE_STYLE_USAGE(.BOTH.,#36650);
#36670=PRESENTATION_STYLE_ASSIGNMENT((#36660));
#36680=CARTESIAN_POINT('',(8.69999999989404,8.35383413743938,
-5.1500000000605));
#36690=DIRECTION('',(-1.,0.,-6.27443588540957E-27));
#36700=DIRECTION('',(-2.56245203704497E-39,-1.,4.08395604615809E-13));
#36710=AXIS2_PLACEMENT_3D('',#36680,#36690,#36700);
#36720=PLANE('',#36710);
#36730=ORIENTED_EDGE('',*,*,#5530,.F.);
#36740=CARTESIAN_POINT('',(8.69999999989404,7.94999999994586,
-5.15000000006033));
#36750=DIRECTION('',(-6.27443588540957E-27,4.08395604615809E-13,1.));
#36760=VECTOR('',#36750,1.);
#36770=LINE('',#36740,#36760);
#36780=EDGE_CURVE('',#5440,#12750,#36770,.T.);
#36790=ORIENTED_EDGE('',*,*,#36780,.F.);
#36800=ORIENTED_EDGE('',*,*,#12760,.T.);
#36810=ORIENTED_EDGE('',*,*,#36350,.F.);
#36820=EDGE_LOOP('',(#36810,#36800,#36790,#36730));
#36830=FACE_OUTER_BOUND('',#36820,.T.);
#36840=ADVANCED_FACE('',(#36830),#36720,.F.);
#36850=COLOUR_RGB('',0.,0.443137288093567,0.709803938865662);
#36860=FILL_AREA_STYLE_COLOUR('',#36850);
#36870=FILL_AREA_STYLE('',(#36860));
#36880=SURFACE_STYLE_FILL_AREA(#36870);
#36890=SURFACE_SIDE_STYLE('',(#36880));
#36900=SURFACE_STYLE_USAGE(.BOTH.,#36890);
#36910=PRESENTATION_STYLE_ASSIGNMENT((#36900));
#36920=CARTESIAN_POINT('',(22.4477270847629,1.94999999994882,
-5.15000000005788));
#36930=DIRECTION('',(-6.27443588540957E-27,4.08395604615809E-13,1.));
#36940=DIRECTION('',(1.,2.56245203704497E-39,6.27443588540957E-27));
#36950=AXIS2_PLACEMENT_3D('',#36920,#36930,#36940);
#36960=CYLINDRICAL_SURFACE('',#36950,15.);
#36970=ORIENTED_EDGE('',*,*,#36780,.T.);
#36980=ORIENTED_EDGE('',*,*,#5450,.T.);
#36990=ORIENTED_EDGE('',*,*,#35600,.F.);
#37000=ORIENTED_EDGE('',*,*,#12850,.F.);
#37010=EDGE_LOOP('',(#37000,#36990,#36980,#36970));
#37020=FACE_OUTER_BOUND('',#37010,.T.);
#37030=ADVANCED_FACE('',(#37020),#36960,.F.);
#37040=COLOUR_RGB('',0.,0.443137288093567,0.709803938865662);
#37050=FILL_AREA_STYLE_COLOUR('',#37040);
#37060=FILL_AREA_STYLE('',(#37050));
#37070=SURFACE_STYLE_FILL_AREA(#37060);
#37080=SURFACE_SIDE_STYLE('',(#37070));
#37090=SURFACE_STYLE_USAGE(.BOTH.,#37080);
#37100=PRESENTATION_STYLE_ASSIGNMENT((#37090));
#37110=CARTESIAN_POINT('',(1.52785566485817,-14.5406033732985,
-5.15000000005114));
#37120=DIRECTION('',(-0.763927832545692,0.645301686548269,
-2.63538372437487E-13));
#37130=DIRECTION('',(-0.645301686548269,-0.763927832545692,
3.11984769055338E-13));
#37140=AXIS2_PLACEMENT_3D('',#37110,#37120,#37130);
#37150=PLANE('',#37140);
#37160=ORIENTED_EDGE('',*,*,#5280,.T.);
#37170=ORIENTED_EDGE('',*,*,#35310,.T.);
#37180=ORIENTED_EDGE('',*,*,#13010,.F.);
#37190=ORIENTED_EDGE('',*,*,#35530,.F.);
#37200=EDGE_LOOP('',(#37190,#37180,#37170,#37160));
#37210=FACE_OUTER_BOUND('',#37200,.T.);
#37220=ADVANCED_FACE('',(#37210),#37150,.F.);
#37230=COLOUR_RGB('',0.,0.443137288093567,0.709803938865662);
#37240=FILL_AREA_STYLE_COLOUR('',#37230);
#37250=FILL_AREA_STYLE('',(#37240));
#37260=SURFACE_STYLE_FILL_AREA(#37250);
#37270=SURFACE_SIDE_STYLE('',(#37260));
#37280=SURFACE_STYLE_USAGE(.BOTH.,#37270);
#37290=PRESENTATION_STYLE_ASSIGNMENT((#37280));
#37300=CARTESIAN_POINT('',(-9.50000000010494,-9.05000000019567,
-5.15000000005339));
#37310=DIRECTION('',(1.,-4.55159677833044E-39,6.27443588540957E-27));
#37320=DIRECTION('',(-6.27443588540957E-27,4.08395604615809E-13,1.));
#37330=AXIS2_PLACEMENT_3D('',#37300,#37310,#37320);
#37340=PLANE('',#37330);
#37350=CARTESIAN_POINT('',(-9.50000000010494,-9.05000000019567,
-5.15000000005339));
#37360=DIRECTION('',(-6.27443588540957E-27,4.08395604615809E-13,1.));
#37370=VECTOR('',#37360,1.);
#37380=LINE('',#37350,#37370);
#37390=EDGE_CURVE('',#4620,#13570,#37380,.T.);
#37400=ORIENTED_EDGE('',*,*,#37390,.T.);
#37410=ORIENTED_EDGE('',*,*,#4630,.T.);
#37420=CARTESIAN_POINT('',(-9.50000000010494,-9.25000000019602,
-5.15000000005331));
#37430=DIRECTION('',(-6.27443588540957E-27,4.08395604615809E-13,1.));
#37440=VECTOR('',#37430,1.);
#37450=LINE('',#37420,#37440);
#37460=EDGE_CURVE('',#4540,#13650,#37450,.T.);
#37470=ORIENTED_EDGE('',*,*,#37460,.F.);
#37480=ORIENTED_EDGE('',*,*,#13660,.F.);
#37490=EDGE_LOOP('',(#37480,#37470,#37410,#37400));
#37500=FACE_OUTER_BOUND('',#37490,.T.);
#37510=ADVANCED_FACE('',(#37500),#37340,.T.);
#37520=COLOUR_RGB('',0.,0.443137288093567,0.709803938865662);
#37530=FILL_AREA_STYLE_COLOUR('',#37520);
#37540=FILL_AREA_STYLE('',(#37530));
#37550=SURFACE_STYLE_FILL_AREA(#37540);
#37560=SURFACE_SIDE_STYLE('',(#37550));
#37570=SURFACE_STYLE_USAGE(.BOTH.,#37560);
#37580=PRESENTATION_STYLE_ASSIGNMENT((#37570));
#37590=CARTESIAN_POINT('',(-9.50000000010494,-9.05000000019567,
-5.15000000005339));
#37600=DIRECTION('',(7.11404881537541E-39,1.,-4.08395604615809E-13));
#37610=DIRECTION('',(-1.,4.55159677833044E-39,-6.27443588540957E-27));
#37620=AXIS2_PLACEMENT_3D('',#37590,#37600,#37610);
#37630=PLANE('',#37620);
#37640=ORIENTED_EDGE('',*,*,#4710,.F.);
#37650=ORIENTED_EDGE('',*,*,#37390,.F.);
#37660=ORIENTED_EDGE('',*,*,#13580,.T.);
#37670=CARTESIAN_POINT('',(-4.08601046065264,-9.05000000019567,
-5.15000000005339));
#37680=DIRECTION('',(-6.27443588540957E-27,4.08395604615809E-13,1.));
#37690=VECTOR('',#37680,1.);
#37700=LINE('',#37670,#37690);
#37710=EDGE_CURVE('',#4700,#13490,#37700,.T.);
#37720=ORIENTED_EDGE('',*,*,#37710,.T.);
#37730=EDGE_LOOP('',(#37720,#37660,#37650,#37640));
#37740=FACE_OUTER_BOUND('',#37730,.T.);
#37750=ADVANCED_FACE('',(#37740),#37630,.F.);
#37760=COLOUR_RGB('',0.,0.443137288093567,0.709803938865662);
#37770=FILL_AREA_STYLE_COLOUR('',#37760);
#37780=FILL_AREA_STYLE('',(#37770));
#37790=SURFACE_STYLE_FILL_AREA(#37780);
#37800=SURFACE_SIDE_STYLE('',(#37790));
#37810=SURFACE_STYLE_USAGE(.BOTH.,#37800);
#37820=PRESENTATION_STYLE_ASSIGNMENT((#37810));
#37830=CARTESIAN_POINT('',(-4.08601046065264,-9.05000000019567,
-5.15000000005339));
#37840=DIRECTION('',(0.0871557427476591,0.996194698091746,
-4.06841536042241E-13));
#37850=DIRECTION('',(-0.996194698091746,0.0871557427476591,
-3.55940222551764E-14));
#37860=AXIS2_PLACEMENT_3D('',#37830,#37840,#37850);
#37870=PLANE('',#37860);
#37880=ORIENTED_EDGE('',*,*,#4790,.F.);
#37890=ORIENTED_EDGE('',*,*,#37710,.F.);
#37900=ORIENTED_EDGE('',*,*,#13500,.T.);
#37910=CARTESIAN_POINT('',(-1.80000000010484,-9.25000000019529,
-5.15000000005331));
#37920=DIRECTION('',(-6.27443588540957E-27,4.08395604615809E-13,1.));
#37930=VECTOR('',#37920,1.);
#37940=LINE('',#37910,#37930);
#37950=EDGE_CURVE('',#4780,#13410,#37940,.T.);
#37960=ORIENTED_EDGE('',*,*,#37950,.T.);
#37970=EDGE_LOOP('',(#37960,#37900,#37890,#37880));
#37980=FACE_OUTER_BOUND('',#37970,.T.);
#37990=ADVANCED_FACE('',(#37980),#37870,.F.);
#38000=COLOUR_RGB('',0.,0.443137288093567,0.709803938865662);
#38010=FILL_AREA_STYLE_COLOUR('',#38000);
#38020=FILL_AREA_STYLE('',(#38010));
#38030=SURFACE_STYLE_FILL_AREA(#38020);
#38040=SURFACE_SIDE_STYLE('',(#38030));
#38050=SURFACE_STYLE_USAGE(.BOTH.,#38040);
#38060=PRESENTATION_STYLE_ASSIGNMENT((#38050));
#38070=CARTESIAN_POINT('',(-1.80000000010484,-9.25000000019529,
-5.15000000005331));
#38080=DIRECTION('',(1.,-2.77555745326541E-17,6.2857711400523E-27));
#38090=DIRECTION('',(2.77555745326541E-17,1.,-4.08395604615809E-13));
#38100=AXIS2_PLACEMENT_3D('',#38070,#38080,#38090);
#38110=PLANE('',#38100);
#38120=ORIENTED_EDGE('',*,*,#4870,.T.);
#38130=ORIENTED_EDGE('',*,*,#37950,.F.);
#38140=ORIENTED_EDGE('',*,*,#13420,.F.);
#38150=CARTESIAN_POINT('',(-1.80000000010483,-10.350000000196,
-5.15000000005286));
#38160=DIRECTION('',(-6.27443588540957E-27,4.08395604615809E-13,1.));
#38170=VECTOR('',#38160,1.);
#38180=LINE('',#38150,#38170);
#38190=EDGE_CURVE('',#4860,#13330,#38180,.T.);
#38200=ORIENTED_EDGE('',*,*,#38190,.T.);
#38210=EDGE_LOOP('',(#38200,#38140,#38130,#38120));
#38220=FACE_OUTER_BOUND('',#38210,.T.);
#38230=ADVANCED_FACE('',(#38220),#38110,.F.);
#38240=COLOUR_RGB('',0.,0.443137288093567,0.709803938865662);
#38250=FILL_AREA_STYLE_COLOUR('',#38240);
#38260=FILL_AREA_STYLE('',(#38250));
#38270=SURFACE_STYLE_FILL_AREA(#38260);
#38280=SURFACE_SIDE_STYLE('',(#38270));
#38290=SURFACE_STYLE_USAGE(.BOTH.,#38280);
#38300=PRESENTATION_STYLE_ASSIGNMENT((#38290));
#38310=CARTESIAN_POINT('',(-1.80000000010483,-10.350000000196,
-5.15000000005286));
#38320=DIRECTION('',(0.258819045102477,-0.96592582628908,
3.94479861841355E-13));
#38330=DIRECTION('',(0.96592582628908,0.258819045102477,
-1.05700560410706E-13));
#38340=AXIS2_PLACEMENT_3D('',#38310,#38320,#38330);
#38350=PLANE('',#38340);
#38360=ORIENTED_EDGE('',*,*,#4950,.T.);
#38370=ORIENTED_EDGE('',*,*,#38190,.F.);
#38380=ORIENTED_EDGE('',*,*,#13340,.F.);
#38390=CARTESIAN_POINT('',(-3.100000000105,-10.6983339503565,
-5.15000000005271));
#38400=DIRECTION('',(-6.27443588540957E-27,4.08395604615809E-13,1.));
#38410=VECTOR('',#38400,1.);
#38420=LINE('',#38390,#38410);
#38430=EDGE_CURVE('',#4940,#13250,#38420,.T.);
#38440=ORIENTED_EDGE('',*,*,#38430,.T.);
#38450=EDGE_LOOP('',(#38440,#38380,#38370,#38360));
#38460=FACE_OUTER_BOUND('',#38450,.T.);
#38470=ADVANCED_FACE('',(#38460),#38350,.F.);
#38480=COLOUR_RGB('',0.,0.443137288093567,0.709803938865662);
#38490=FILL_AREA_STYLE_COLOUR('',#38480);
#38500=FILL_AREA_STYLE('',(#38490));
#38510=SURFACE_STYLE_FILL_AREA(#38500);
#38520=SURFACE_SIDE_STYLE('',(#38510));
#38530=SURFACE_STYLE_USAGE(.BOTH.,#38520);
#38540=PRESENTATION_STYLE_ASSIGNMENT((#38530));
#38550=CARTESIAN_POINT('',(-3.100000000105,-10.6983339503565,
-5.15000000005271));
#38560=DIRECTION('',(1.,-6.90211776620569E-13,2.88153891711319E-25));
#38570=DIRECTION('',(6.90211776620569E-13,1.,-4.08395604615809E-13));
#38580=AXIS2_PLACEMENT_3D('',#38550,#38560,#38570);
#38590=PLANE('',#38580);
#38600=ORIENTED_EDGE('',*,*,#5030,.F.);
#38610=ORIENTED_EDGE('',*,*,#38430,.F.);
#38620=ORIENTED_EDGE('',*,*,#13260,.T.);
#38630=CARTESIAN_POINT('',(-3.10000000010532,-11.1500000002025,
-5.15000000005253));
#38640=DIRECTION('',(-6.27443588540957E-27,4.08395604615809E-13,1.));
#38650=VECTOR('',#38640,1.);
#38660=LINE('',#38630,#38650);
#38670=EDGE_CURVE('',#5020,#13170,#38660,.T.);
#38680=ORIENTED_EDGE('',*,*,#38670,.T.);
#38690=EDGE_LOOP('',(#38680,#38620,#38610,#38600));
#38700=FACE_OUTER_BOUND('',#38690,.T.);
#38710=ADVANCED_FACE('',(#38700),#38590,.F.);
#38720=COLOUR_RGB('',0.,0.443137288093567,0.709803938865662);
#38730=FILL_AREA_STYLE_COLOUR('',#38720);
#38740=FILL_AREA_STYLE('',(#38730));
#38750=SURFACE_STYLE_FILL_AREA(#38740);
#38760=SURFACE_SIDE_STYLE('',(#38750));
#38770=SURFACE_STYLE_USAGE(.BOTH.,#38760);
#38780=PRESENTATION_STYLE_ASSIGNMENT((#38770));
#38790=CARTESIAN_POINT('',(6.2939726792711,-9.73462821190434,
-5.15000000005311));
#38800=DIRECTION('',(6.27443588540957E-27,-4.08395604615809E-13,-1.));
#38810=DIRECTION('',(-1.,3.96888553713865E-39,-6.27443588540957E-27));
#38820=AXIS2_PLACEMENT_3D('',#38790,#38800,#38810);
#38830=CYLINDRICAL_SURFACE('',#38820,9.499999999999);
#38840=ORIENTED_EDGE('',*,*,#5120,.F.);
#38850=ORIENTED_EDGE('',*,*,#38670,.F.);
#38860=ORIENTED_EDGE('',*,*,#13180,.T.);
#38870=ORIENTED_EDGE('',*,*,#35240,.F.);
#38880=EDGE_LOOP('',(#38870,#38860,#38850,#38840));
#38890=FACE_OUTER_BOUND('',#38880,.T.);
#38900=ADVANCED_FACE('',(#38890),#38830,.T.);
#38910=COLOUR_RGB('',0.,0.443137288093567,0.709803938865662);
#38920=FILL_AREA_STYLE_COLOUR('',#38910);
#38930=FILL_AREA_STYLE('',(#38920));
#38940=SURFACE_STYLE_FILL_AREA(#38930);
#38950=SURFACE_SIDE_STYLE('',(#38940));
#38960=SURFACE_STYLE_USAGE(.BOTH.,#38950);
#38970=PRESENTATION_STYLE_ASSIGNMENT((#38960));
#38980=CARTESIAN_POINT('',(-34.9527772065491,-9.25000000019602,
-5.15000000005331));
#38990=DIRECTION('',(7.11404881537541E-39,1.,-4.08395604615809E-13));
#39000=DIRECTION('',(-1.,4.55159677833044E-39,-6.27443588540957E-27));
#39010=AXIS2_PLACEMENT_3D('',#38980,#38990,#39000);
#39020=PLANE('',#39010);
#39030=ORIENTED_EDGE('',*,*,#37460,.T.);
#39040=ORIENTED_EDGE('',*,*,#4550,.T.);
#39050=ORIENTED_EDGE('',*,*,#35020,.F.);
#39060=ORIENTED_EDGE('',*,*,#13740,.F.);
#39070=EDGE_LOOP('',(#39060,#39050,#39040,#39030));
#39080=FACE_OUTER_BOUND('',#39070,.T.);
#39090=ADVANCED_FACE('',(#39080),#39020,.F.);
#39100=COLOUR_RGB('',0.,0.443137288093567,0.709803938865662);
#39110=FILL_AREA_STYLE_COLOUR('',#39100);
#39120=FILL_AREA_STYLE('',(#39110));
#39130=SURFACE_STYLE_FILL_AREA(#39120);
#39140=SURFACE_SIDE_STYLE('',(#39130));
#39150=SURFACE_STYLE_USAGE(.BOTH.,#39140);
#39160=PRESENTATION_STYLE_ASSIGNMENT((#39150));
#39170=CARTESIAN_POINT('',(-35.763073361508,-10.5642670706427,
-5.15000000005277));
#39180=DIRECTION('',(0.0871557427476619,-0.996194698091745,
4.06841536042242E-13));
#39190=DIRECTION('',(0.996194698091745,0.0871557427476619,
-3.55940222551651E-14));
#39200=AXIS2_PLACEMENT_3D('',#39170,#39180,#39190);
#39210=PLANE('',#39200);
#39220=ORIENTED_EDGE('',*,*,#4120,.F.);
#39230=ORIENTED_EDGE('',*,*,#34010,.T.);
#39240=ORIENTED_EDGE('',*,*,#14170,.T.);
#39250=ORIENTED_EDGE('',*,*,#34760,.T.);
#39260=EDGE_LOOP('',(#39250,#39240,#39230,#39220));
#39270=FACE_OUTER_BOUND('',#39260,.T.);
#39280=ADVANCED_FACE('',(#39270),#39210,.F.);
#39290=COLOUR_RGB('',0.,0.443137288093567,0.709803938865662);
#39300=FILL_AREA_STYLE_COLOUR('',#39290);
#39310=FILL_AREA_STYLE('',(#39300));
#39320=SURFACE_STYLE_FILL_AREA(#39310);
#39330=SURFACE_SIDE_STYLE('',(#39320));
#39340=SURFACE_STYLE_USAGE(.BOTH.,#39330);
#39350=PRESENTATION_STYLE_ASSIGNMENT((#39340));
#39360=CARTESIAN_POINT('',(-46.1999999999997,-15.2500000000003,
-5.15000000005085));
#39370=DIRECTION('',(-2.62512234172468E-13,1.,-4.08395604615809E-13));
#39380=DIRECTION('',(-1.,-2.62512234172468E-13,1.00934406708502E-25));
#39390=AXIS2_PLACEMENT_3D('',#39360,#39370,#39380);
#39400=PLANE('',#39390);
#39410=ORIENTED_EDGE('',*,*,#3870,.F.);
#39420=ORIENTED_EDGE('',*,*,#33480,.T.);
#39430=ORIENTED_EDGE('',*,*,#14420,.T.);
#39440=ORIENTED_EDGE('',*,*,#33700,.T.);
#39450=EDGE_LOOP('',(#39440,#39430,#39420,#39410));
#39460=FACE_OUTER_BOUND('',#39450,.T.);
#39470=ADVANCED_FACE('',(#39460),#39400,.F.);
#39480=COLOUR_RGB('',0.,0.443137288093567,0.709803938865662);
#39490=FILL_AREA_STYLE_COLOUR('',#39480);
#39500=FILL_AREA_STYLE('',(#39490));
#39510=SURFACE_STYLE_FILL_AREA(#39500);
#39520=SURFACE_SIDE_STYLE('',(#39510));
#39530=SURFACE_STYLE_USAGE(.BOTH.,#39520);
#39540=PRESENTATION_STYLE_ASSIGNMENT((#39530));
#39550=CARTESIAN_POINT('',(-61.5090880213592,3.44999999994881,
-5.15000000005849));
#39560=DIRECTION('',(-6.27443588540957E-27,4.08395604615809E-13,1.));
#39570=DIRECTION('',(1.,2.56245203704497E-39,6.27443588540957E-27));
#39580=AXIS2_PLACEMENT_3D('',#39550,#39560,#39570);
#39590=CYLINDRICAL_SURFACE('',#39580,15.);
#39600=ORIENTED_EDGE('',*,*,#3130,.T.);
#39610=CARTESIAN_POINT('',(-47.200000000105,7.94999999994885,
-5.15000000006033));
#39620=DIRECTION('',(-6.27443588540957E-27,4.08395604615809E-13,1.));
#39630=VECTOR('',#39620,1.);
#39640=LINE('',#39610,#39630);
#39650=EDGE_CURVE('',#3030,#15330,#39640,.T.);
#39660=ORIENTED_EDGE('',*,*,#39650,.F.);
#39670=ORIENTED_EDGE('',*,*,#15340,.F.);
#39680=ORIENTED_EDGE('',*,*,#30270,.T.);
#39690=EDGE_LOOP('',(#39680,#39670,#39660,#39600));
#39700=FACE_OUTER_BOUND('',#39690,.T.);
#39710=ADVANCED_FACE('',(#39700),#39590,.F.);
#39720=COLOUR_RGB('',0.,0.443137288093567,0.709803938865662);
#39730=FILL_AREA_STYLE_COLOUR('',#39720);
#39740=FILL_AREA_STYLE('',(#39730));
#39750=SURFACE_STYLE_FILL_AREA(#39740);
#39760=SURFACE_SIDE_STYLE('',(#39750));
#39770=SURFACE_STYLE_USAGE(.BOTH.,#39760);
#39780=PRESENTATION_STYLE_ASSIGNMENT((#39770));
#39790=CARTESIAN_POINT('',(-47.200000000105,12.4713066236186,
-5.15000000006218));
#39800=DIRECTION('',(1.,0.,6.27443588540957E-27));
#39810=DIRECTION('',(2.56245203704497E-39,1.,-4.08395604615809E-13));
#39820=AXIS2_PLACEMENT_3D('',#39790,#39800,#39810);
#39830=PLANE('',#39820);
#39840=ORIENTED_EDGE('',*,*,#3040,.F.);
#39850=CARTESIAN_POINT('',(-47.200000000105,12.7513896389046,
-5.15000000006229));
#39860=DIRECTION('',(6.27443588540957E-27,-4.08395604615809E-13,-1.));
#39870=VECTOR('',#39860,1.);
#39880=LINE('',#39850,#39870);
#39890=EDGE_CURVE('',#15410,#2950,#39880,.T.);
#39900=ORIENTED_EDGE('',*,*,#39890,.T.);
#39910=ORIENTED_EDGE('',*,*,#15420,.T.);
#39920=ORIENTED_EDGE('',*,*,#39650,.T.);
#39930=EDGE_LOOP('',(#39920,#39910,#39900,#39840));
#39940=FACE_OUTER_BOUND('',#39930,.T.);
#39950=ADVANCED_FACE('',(#39940),#39830,.F.);
#39960=COLOUR_RGB('',0.,0.443137288093567,0.709803938865662);
#39970=FILL_AREA_STYLE_COLOUR('',#39960);
#39980=FILL_AREA_STYLE('',(#39970));
#39990=SURFACE_STYLE_FILL_AREA(#39980);
#40000=SURFACE_SIDE_STYLE('',(#39990));
#40010=SURFACE_STYLE_USAGE(.BOTH.,#40000);
#40020=PRESENTATION_STYLE_ASSIGNMENT((#40010));
#40030=CARTESIAN_POINT('',(-46.8663648657397,12.8728228969162,
-5.15000000006234));
#40040=DIRECTION('',(0.342020143318877,-0.93969262078838,
3.83766336019887E-13));
#40050=DIRECTION('',(0.93969262078838,0.342020143318877,
-1.39679523221493E-13));
#40060=AXIS2_PLACEMENT_3D('',#40030,#40040,#40050);
#40070=PLANE('',#40060);
#40080=ORIENTED_EDGE('',*,*,#15500,.T.);
#40090=ORIENTED_EDGE('',*,*,#39890,.F.);
#40100=ORIENTED_EDGE('',*,*,#2960,.F.);
#40110=ORIENTED_EDGE('',*,*,#30030,.T.);
#40120=EDGE_LOOP('',(#40110,#40100,#40090,#40080));
#40130=FACE_OUTER_BOUND('',#40120,.T.);
#40140=ADVANCED_FACE('',(#40130),#40070,.F.);
#40150=COLOUR_RGB('',0.,0.443137288093567,0.709803938865662);
#40160=FILL_AREA_STYLE_COLOUR('',#40150);
#40170=FILL_AREA_STYLE('',(#40160));
#40180=SURFACE_STYLE_FILL_AREA(#40170);
#40190=SURFACE_SIDE_STYLE('',(#40180));
#40200=SURFACE_STYLE_USAGE(.BOTH.,#40190);
#40210=PRESENTATION_STYLE_ASSIGNMENT((#40200));
#40220=CARTESIAN_POINT('',(-36.8000000001452,20.0000000063622,
-0.100000012085399));
#40230=DIRECTION('',(0.0338788456039732,-2.02108422160156E-11,
-0.999425947141929));
#40240=DIRECTION('',(0.99942594714193,-5.96220055289958E-10,
0.0338788456039732));
#40250=AXIS2_PLACEMENT_3D('',#40220,#40230,#40240);
#40260=PLANE('',#40250);
#40270=CARTESIAN_POINT('',(-34.8408634528726,-10.5175569420217,
-0.0335886032073893));
#40280=DIRECTION('',(-0.258809115387229,0.965888644163221,
-0.00877319035562428));
#40290=VECTOR('',#40280,1.);
#40300=LINE('',#40270,#40290);
#40310=CARTESIAN_POINT('',(-39.9500002104943,8.54999857386545,
-0.206779679806322));
#40320=VERTEX_POINT('',#40310);
#40330=CARTESIAN_POINT('',(-40.2000002404438,9.48301126782493,
-0.215254257096142));
#40340=VERTEX_POINT('',#40330);
#40350=EDGE_CURVE('',#40320,#40340,#40300,.T.);
#40360=ORIENTED_EDGE('',*,*,#40350,.T.);
#40370=CARTESIAN_POINT('',(-39.9499996582396,-8.6579834404694,
-0.206779660737838));
#40380=DIRECTION('',(3.20929354202802E-8,-1.,1.10811857851341E-9));
#40390=VECTOR('',#40380,1.);
#40400=LINE('',#40370,#40390);
#40410=CARTESIAN_POINT('',(-39.9500000018902,2.04999882491567,
-0.206779672603552));
#40420=VERTEX_POINT('',#40410);
#40430=EDGE_CURVE('',#40320,#40420,#40400,.T.);
#40440=ORIENTED_EDGE('',*,*,#40430,.F.);
#40450=CARTESIAN_POINT('',(0.,2.04999882491567,1.14745761312359));
#40460=DIRECTION('',(0.999425947141929,0.,0.0338788456039732));
#40470=VECTOR('',#40460,1.);
#40480=LINE('',#40450,#40470);
#40490=CARTESIAN_POINT('',(-36.5693862100272,2.04999882491567,
-0.0921825951105038));
#40500=VERTEX_POINT('',#40490);
#40510=EDGE_CURVE('',#40420,#40500,#40480,.T.);
#40520=ORIENTED_EDGE('',*,*,#40510,.F.);
#40530=CARTESIAN_POINT('',(-36.6732413886654,-9.85062591547165,
-0.0957031094055318));
#40540=DIRECTION('',(-0.00872653510828039,-0.999961879312732,
-0.000295814728671441));
#40550=VECTOR('',#40540,1.);
#40560=LINE('',#40530,#40550);
#40570=CARTESIAN_POINT('',(-36.4653848078167,13.9673791272309,
-0.0886571241085703));
#40580=VERTEX_POINT('',#40570);
#40590=EDGE_CURVE('',#40580,#40500,#40560,.T.);
#40600=ORIENTED_EDGE('',*,*,#40590,.T.);
#40610=CARTESIAN_POINT('',(-38.4000000032522,14.4000000079058,
-1.90000001134832));
#40620=DIRECTION('',(5.96685331019899E-10,1.,-7.9924518091507E-14));
#40630=DIRECTION('',(1.,-5.96685534315337E-10,-6.19110396067355E-11));
#40640=AXIS2_PLACEMENT_3D('',#40610,#40620,#40630);
#40650=CONICAL_SURFACE('',#40640,2.90000000000077,0.523598775598298);
#40660=CARTESIAN_POINT('',(-38.4000000039538,12.4008023798004,
-0.154237300097399));
#40670=CARTESIAN_POINT('',(-38.3732513014758,12.4023728920565,
-0.153330564421864));
#40680=CARTESIAN_POINT('',(-38.3466090573356,12.4050053475126,
-0.15242743750356));
#40690=CARTESIAN_POINT('',(-38.3201839341292,12.4086424189672,
-0.151531670616916));
#40700=CARTESIAN_POINT('',(-38.2937434394919,12.4122816060976,
-0.150635382664821));
#40710=CARTESIAN_POINT('',(-38.2675901098641,12.4169108681755,
-0.149748829119883));
#40720=CARTESIAN_POINT('',(-38.2416055413949,12.4224847239145,
-0.14886799629214));
#40730=CARTESIAN_POINT('',(-38.2156147166459,12.4280599216655,
-0.147986951387117));
#40740=CARTESIAN_POINT('',(-38.1897924153716,12.43458427194,
-0.147111619153862));
#40750=CARTESIAN_POINT('',(-38.1641809304043,12.4419863213341,
-0.146243433224501));
#40760=CARTESIAN_POINT('',(-38.1385696238856,12.4493883191543,
-0.145375253344248));
#40770=CARTESIAN_POINT('',(-38.1131704836736,12.4576674538929,
-0.144514265530531));
#40780=CARTESIAN_POINT('',(-38.0880258889781,12.4667377893492,
-0.143661906390049));
#40790=CARTESIAN_POINT('',(-38.0628813506808,12.475808104461,
-0.142809549161373));
#40800=CARTESIAN_POINT('',(-38.0379922142903,12.485669065711,
-0.141965849624452));
#40810=CARTESIAN_POINT('',(-38.0133977000835,12.4962244500872,
-0.141132137280195));
#40820=CARTESIAN_POINT('',(-37.9888031703043,12.5067798411467,
-0.140298424408059));
#40830=CARTESIAN_POINT('',(-37.9645037063909,12.5180292158367,
-0.139474713768658));
#40840=CARTESIAN_POINT('',(-37.9405343648202,12.5298702540019,
-0.138662193717136));
#40850=CARTESIAN_POINT('',(-37.9165649736661,12.5417113166616,
-0.137849671984821));
#40860=CARTESIAN_POINT('',(-37.8929258665975,12.554143749565,
-0.13704834632367));
#40870=CARTESIAN_POINT('',(-37.8696483050923,12.5670625268422,
-0.136259276443841));
#40880=CARTESIAN_POINT('',(-37.8463728573315,12.5799801310157,
-0.135470278216361));
#40890=CARTESIAN_POINT('',(-37.8234702045845,12.5933743925908,
-0.134693917121701));
#40900=CARTESIAN_POINT('',(-37.8007986039126,12.6072516806966,
-0.13392538828705));
#40910=CARTESIAN_POINT('',(-37.7781359636646,12.6211234841264,
-0.133157163195579));
#40920=CARTESIAN_POINT('',(-37.7557452100702,12.6354552025763,
-0.132398154586641));
#40930=CARTESIAN_POINT('',(-37.7336086348796,12.6501920458474,
-0.131647762208968));
#40940=CARTESIAN_POINT('',(-37.7114720084978,12.6649289231977,
-0.130897368095998));
#40950=CARTESIAN_POINT('',(-37.689589303398,12.6800711561515,
-0.130155581484104));
#40960=CARTESIAN_POINT('',(-37.6679448318455,12.6955696813031,
-0.129421870585674));
#40970=CARTESIAN_POINT('',(-37.6463003405158,12.7110682206162,
-0.128688159016828));
#40980=CARTESIAN_POINT('',(-37.6248939037115,12.7269232446846,
-0.127962517092903));
#40990=CARTESIAN_POINT('',(-37.6037123995935,12.7430901217374,
-0.127244500005795));
#41000=CARTESIAN_POINT('',(-37.5825308961471,12.7592569982776,
-0.126526482941454));
#41010=CARTESIAN_POINT('',(-37.5615742059899,12.7757358806805,
-0.125816086666567));
#41020=CARTESIAN_POINT('',(-37.5408319658545,12.7924854770736,
-0.125112959883941));
#41030=CARTESIAN_POINT('',(-37.5200897380646,12.8092350634977,
-0.124409833519803));
#41040=CARTESIAN_POINT('',(-37.4995618842684,12.8262554806257,
-0.123713974070698));
#41050=CARTESIAN_POINT('',(-37.4792407548403,12.8435079233654,
-0.123025122227286));
#41060=CARTESIAN_POINT('',(-37.4589196427584,12.8607603513783,
-0.122336270971879));
#41070=CARTESIAN_POINT('',(-37.4388052095995,12.8782448909816,
-0.121654425781649));
#41080=CARTESIAN_POINT('',(-37.4188923237498,12.895924602912,
-0.120979412703589));
#41090=CARTESIAN_POINT('',(-37.3989794553507,12.9136042993489,
-0.120304400217075));
#41100=CARTESIAN_POINT('',(-37.3792681099437,12.9314792290196,
-0.119636219018417));
#41110=CARTESIAN_POINT('',(-37.3597553877917,12.9495139048262,
-0.118974770811448));
#41120=CARTESIAN_POINT('',(-37.3402448310174,12.9675465792778,
-0.118313396007112));
#41130=CARTESIAN_POINT('',(-37.3209078094754,12.98576201444,
-0.117657903753017));
#41140=CARTESIAN_POINT('',(-37.3017291127167,13.0041425125885,
-0.117007778440721));
#41150=CARTESIAN_POINT('',(-37.2633718738545,13.0409033606669,
-0.11570753305868));
#41160=CARTESIAN_POINT('',(-37.2256476026053,13.0783216110758,
-0.114428744205863));
#41170=CARTESIAN_POINT('',(-37.1884589621113,13.1162771563191,
-0.11316811232778));
#41180=CARTESIAN_POINT('',(-37.151270096003,13.1542329318293,
-0.111907472801757));
#41190=CARTESIAN_POINT('',(-37.1146162337751,13.1927275922149,
-0.110664969000468));
#41200=CARTESIAN_POINT('',(-37.0784187382909,13.2316692181081,
-0.109437935258269));
#41210=CARTESIAN_POINT('',(-37.0422211542991,13.2706109392187,
-0.108210898515809));
#41220=CARTESIAN_POINT('',(-37.0064796313138,13.3100006664181,
-0.106999321468472));
#41230=CARTESIAN_POINT('',(-36.9711317579593,13.349764927159,
-0.105801088476394));
#41240=CARTESIAN_POINT('',(-36.9357838724779,13.3895292015418,
-0.104602855073238));
#41250=CARTESIAN_POINT('',(-36.9008295073088,13.4296686832979,
-0.103417961341666));
#41260=CARTESIAN_POINT('',(-36.866219978625,13.4701218509615,
-0.102244756982463));
#41270=CARTESIAN_POINT('',(-36.8316104750817,13.5105749892396,
-0.101071553475483));
#41280=CARTESIAN_POINT('',(-36.7973457752427,13.5513422426926,
-0.0999100382296456));
#41290=CARTESIAN_POINT('',(-36.7633885770922,13.592369853947,
-0.09875894676985));
#41300=CARTESIAN_POINT('',(-36.7294314161793,13.6333974202105,
-0.0976078565723433));
#41310=CARTESIAN_POINT('',(-36.695781776903,13.6746856093072,
-0.0964671908370805));
#41320=CARTESIAN_POINT('',(-36.6624116024093,13.7161858680434,
-0.0953359984842665));
#41330=CARTESIAN_POINT('',(-36.629041460899,13.7576860857604,
-0.0942048072495341));
#41340=CARTESIAN_POINT('',(-36.5959508327914,13.7993985266465,
-0.0930830910453904));
#41350=CARTESIAN_POINT('',(-36.5631189777902,13.8412784299785,
-0.0919701468109382));
#41360=CARTESIAN_POINT('',(-36.5302871407268,13.8831583104292,
-0.0908572031845521));
#41370=CARTESIAN_POINT('',(-36.4977141412031,13.9252057296624,
-0.0897530337120378));
#41380=CARTESIAN_POINT('',(-36.4653848078179,13.9673791272293,
-0.088657124108613));
#41390=B_SPLINE_CURVE_WITH_KNOTS('',3,(#40660,#40670,#40680,#40690,
#40700,#40710,#40720,#40730,#40740,#40750,#40760,#40770,#40780,#40790,
#40800,#40810,#40820,#40830,#40840,#40850,#40860,#40870,#40880,#40890,
#40900,#40910,#40920,#40930,#40940,#40950,#40960,#40970,#40980,#40990,
#41000,#41010,#41020,#41030,#41040,#41050,#41060,#41070,#41080,#41090,
#41100,#41110,#41120,#41130,#41140,#41150,#41160,#41170,#41180,#41190,
#41200,#41210,#41220,#41230,#41240,#41250,#41260,#41270,#41280,#41290,
#41300,#41310,#41320,#41330,#41340,#41350,#41360,#41370,#41380),
.UNSPECIFIED.,.F.,.F.,(4,3,3,3,3,3,3,3,3,3,3,3,3,3,3,3,3,3,3,3,3,3,3,3,4
),(0.,0.0802662116190507,0.160117422633019,0.240019725892842,
0.320151728865108,0.400445631540956,0.480749677271133,0.560843961475976,
0.640605218742333,0.720381926831298,0.800234515042541,0.880167199872582,
0.960159655749011,1.04016871274358,1.12013050274193,1.1999629602572,
1.27968357151609,1.43912366733521,1.59862150210197,1.75821902050979,
1.91792400642426,2.07771007911612,2.2375190202015,2.39726515620777,
2.55684140705685),.UNSPECIFIED.);
#41400=SURFACE_CURVE('',#41390,(#40650,#40260),.CURVE_3D.);
#41410=CARTESIAN_POINT('',(-38.4000000039279,12.4008023793551,
-0.154237300096521));
#41420=VERTEX_POINT('',#41410);
#41430=EDGE_CURVE('',#41420,#40580,#41400,.T.);
#41440=ORIENTED_EDGE('',*,*,#41430,.T.);
#41450=CARTESIAN_POINT('',(7.82423127306251,15.1147927622762,
1.41268579112303));
#41460=DIRECTION('',(0.997709702154711,0.0585791144988239,
0.0338206678067179));
#41470=VECTOR('',#41460,1.);
#41480=LINE('',#41450,#41470);
#41490=CARTESIAN_POINT('',(-40.6688524623858,12.2675899151906,
-0.231147552782488));
#41500=VERTEX_POINT('',#41490);
#41510=EDGE_CURVE('',#41500,#41420,#41480,.T.);
#41520=ORIENTED_EDGE('',*,*,#41510,.T.);
#41530=CARTESIAN_POINT('',(-11.5616690629796,-38.1475306671717,
0.75553662946629));
#41540=DIRECTION('',(0.499928196511366,-0.865901037685344,
0.0169467185123789));
#41550=VECTOR('',#41540,1.);
#41560=LINE('',#41530,#41550);
#41570=CARTESIAN_POINT('',(-40.3500000046458,11.7153212575068,
-0.220338994901561));
#41580=VERTEX_POINT('',#41570);
#41590=EDGE_CURVE('',#41500,#41580,#41560,.T.);
#41600=ORIENTED_EDGE('',*,*,#41590,.F.);
#41610=CARTESIAN_POINT('',(-40.3500000208757,-14.8973781883341,
-0.220338994913553));
#41620=DIRECTION('',(6.0985727579066E-10,1.,4.50625965413761E-13));
#41630=VECTOR('',#41620,1.);
#41640=LINE('',#41610,#41630);
#41650=CARTESIAN_POINT('',(-40.3500000053929,10.4901904821493,
-0.220338994902112));
#41660=VERTEX_POINT('',#41650);
#41670=EDGE_CURVE('',#41660,#41580,#41640,.T.);
#41680=ORIENTED_EDGE('',*,*,#41670,.T.);
#41690=CARTESIAN_POINT('',(-43.6218134463768,16.1571371760401,
-0.331247925017062));
#41700=DIRECTION('',(0.499928224727181,-0.865901021376216,
0.0169467194688472));
#41710=VECTOR('',#41700,1.);
#41720=LINE('',#41690,#41710);
#41730=CARTESIAN_POINT('',(-40.2000002644292,10.2303833288773,
-0.21525425792432));
#41740=VERTEX_POINT('',#41730);
#41750=EDGE_CURVE('',#41660,#41740,#41720,.T.);
#41760=ORIENTED_EDGE('',*,*,#41750,.F.);
#41770=CARTESIAN_POINT('',(-40.1999996611662,-8.56699088083828,
-0.2152542370946));
#41780=DIRECTION('',(3.20929354202802E-8,-1.,1.10811857851341E-9));
#41790=VECTOR('',#41780,1.);
#41800=LINE('',#41770,#41790);
#41810=EDGE_CURVE('',#41740,#40340,#41800,.T.);
#41820=ORIENTED_EDGE('',*,*,#41810,.F.);
#41830=EDGE_LOOP('',(#41820,#41760,#41680,#41600,#41520,#41440,#40600,
#40520,#40440,#40360));
#41840=FACE_OUTER_BOUND('',#41830,.T.);
#41850=ADVANCED_FACE('',(#41840),#40260,.T.);
#41860=COLOUR_RGB('',0.,0.443137288093567,0.709803938865662);
#41870=FILL_AREA_STYLE_COLOUR('',#41860);
#41880=FILL_AREA_STYLE('',(#41870));
#41890=SURFACE_STYLE_FILL_AREA(#41880);
#41900=SURFACE_SIDE_STYLE('',(#41890));
#41910=SURFACE_STYLE_USAGE(.BOTH.,#41900);
#41920=PRESENTATION_STYLE_ASSIGNMENT((#41910));
#41930=CARTESIAN_POINT('',(-40.3500002705478,10.4901909391189,
-1.8803992083296));
#41940=DIRECTION('',(0.866025387790748,0.500000027701884,
-6.90372049255226E-10));
#41950=DIRECTION('',(0.500000027701903,-0.866025387790781,
-3.96339555641345E-10));
#41960=AXIS2_PLACEMENT_3D('',#41930,#41940,#41950);
#41970=PLANE('',#41960);
#41980=CARTESIAN_POINT('',(-40.2000003047285,10.2303833250495,
-53.5403988588075));
#41990=DIRECTION('',(-7.55729333727612E-10,-7.17825159208329E-11,-1.));
#42000=VECTOR('',#41990,1.);
#42010=LINE('',#41980,#42000);
#42020=CARTESIAN_POINT('',(-40.2000002672894,10.2303833286056,
-4.00000001067613));
#42030=VERTEX_POINT('',#42020);
#42040=EDGE_CURVE('',#41740,#42030,#42010,.T.);
#42050=ORIENTED_EDGE('',*,*,#42040,.T.);
#42060=ORIENTED_EDGE('',*,*,#41750,.T.);
#42070=CARTESIAN_POINT('',(-40.3500000057098,10.4901904758916,
-5.15000009827988));
#42080=DIRECTION('',(-6.42841446627337E-11,-1.26940062556019E-9,-1.));
#42090=VECTOR('',#42080,1.);
#42100=LINE('',#42070,#42090);
#42110=CARTESIAN_POINT('',(-40.3500000056359,10.4901904773514,
-4.00000001066686));
#42120=VERTEX_POINT('',#42110);
#42130=EDGE_CURVE('',#41660,#42120,#42100,.T.);
#42140=ORIENTED_EDGE('',*,*,#42130,.F.);
#42150=CARTESIAN_POINT('',(-43.6218134475073,16.1571371729326,
-4.00000001046476));
#42160=DIRECTION('',(0.500000027701884,-0.866025387790748,
-3.08862949058275E-11));
#42170=VECTOR('',#42160,1.);
#42180=LINE('',#42150,#42170);
#42190=EDGE_CURVE('',#42120,#42030,#42180,.T.);
#42200=ORIENTED_EDGE('',*,*,#42190,.F.);
#42210=EDGE_LOOP('',(#42200,#42140,#42060,#42050));
#42220=FACE_OUTER_BOUND('',#42210,.T.);
#42230=ADVANCED_FACE('',(#42220),#41970,.T.);
#42240=COLOUR_RGB('',0.823529481887817,0.823529481887817,
0.784313797950745);
#42250=FILL_AREA_STYLE_COLOUR('',#42240);
#42260=FILL_AREA_STYLE('',(#42250));
#42270=SURFACE_STYLE_FILL_AREA(#42260);
#42280=SURFACE_SIDE_STYLE('',(#42270));
#42290=SURFACE_STYLE_USAGE(.BOTH.,#42280);
#42300=PRESENTATION_STYLE_ASSIGNMENT((#42290));
#42310=CARTESIAN_POINT('',(-29.3702335900055,10.8500000025737,
-4.00000001134666));
#42320=DIRECTION('',(-6.19110396067832E-11,-7.99902287407258E-14,-1.));
#42330=DIRECTION('',(-1.,6.09857553346397E-10,6.19110396067345E-11));
#42340=AXIS2_PLACEMENT_3D('',#42310,#42320,#42330);
#42350=PLANE('',#42340);
#42360=CARTESIAN_POINT('',(-34.8408634563096,-10.5175569407705,
-4.00000001100626));
#42370=DIRECTION('',(-0.258819076078281,0.965925817989139,
1.59465248225181E-11));
#42380=VECTOR('',#42370,1.);
#42390=LINE('',#42360,#42380);
#42400=CARTESIAN_POINT('',(-39.9500002133609,8.54999857349337,
-4.00000001069147));
#42410=VERTEX_POINT('',#42400);
#42420=CARTESIAN_POINT('',(-40.200000243304,9.48301126745368,
-4.00000001067607));
#42430=VERTEX_POINT('',#42420);
#42440=EDGE_CURVE('',#42410,#42430,#42390,.T.);
#42450=ORIENTED_EDGE('',*,*,#42440,.F.);
#42460=CARTESIAN_POINT('',(-40.1999996640265,-8.56699087979704,
-4.00000001067463));
#42470=DIRECTION('',(3.20929354202804E-8,-1.,7.99845524823458E-14));
#42480=VECTOR('',#42470,1.);
#42490=LINE('',#42460,#42480);
#42500=EDGE_CURVE('',#42030,#42430,#42490,.T.);
#42510=ORIENTED_EDGE('',*,*,#42500,.T.);
#42520=ORIENTED_EDGE('',*,*,#42190,.T.);
#42530=CARTESIAN_POINT('',(-40.3500000211187,-14.8973781882455,
-4.00000001066483));
#42540=DIRECTION('',(6.09857331301811E-10,1.,-7.99584660624484E-14));
#42550=VECTOR('',#42540,1.);
#42560=LINE('',#42530,#42550);
#42570=CARTESIAN_POINT('',(-40.3500000048887,11.715321257522,
-4.00000001066696));
#42580=VERTEX_POINT('',#42570);
#42590=EDGE_CURVE('',#42120,#42580,#42560,.T.);
#42600=ORIENTED_EDGE('',*,*,#42590,.F.);
#42610=CARTESIAN_POINT('',(-11.5616690630931,-38.1475306674855,
-4.00000001244529));
#42620=DIRECTION('',(0.499999999483256,-0.866025404082782,
-3.08862770689531E-11));
#42630=VECTOR('',#42620,1.);
#42640=LINE('',#42610,#42630);
#42650=CARTESIAN_POINT('',(-41.0000000044297,12.841154283198,
-4.00000001062681));
#42660=VERTEX_POINT('',#42650);
#42670=EDGE_CURVE('',#42660,#42580,#42640,.T.);
#42680=ORIENTED_EDGE('',*,*,#42670,.T.);
#42690=CARTESIAN_POINT('',(-40.9999999997838,20.6000000089189,
-4.0000000106288));
#42700=DIRECTION('',(5.96564242449915E-10,1.,-4.08396182824464E-13));
#42710=VECTOR('',#42700,1.);
#42720=LINE('',#42690,#42710);
#42730=CARTESIAN_POINT('',(-41.0000000043151,13.0143593621113,
-4.00000001062001));
#42740=VERTEX_POINT('',#42730);
#42750=EDGE_CURVE('',#42660,#42740,#42720,.T.);
#42760=ORIENTED_EDGE('',*,*,#42750,.F.);
#42770=CARTESIAN_POINT('',(7.05973602591699,13.0143593334466,
-4.00000001360225));
#42780=DIRECTION('',(1.,-5.96685534315337E-10,-6.19110358585353E-11));
#42790=VECTOR('',#42780,1.);
#42800=LINE('',#42770,#42790);
#42810=CARTESIAN_POINT('',(-38.4000000037896,13.0143593605717,
-4.00000001078779));
#42820=VERTEX_POINT('',#42810);
#42830=EDGE_CURVE('',#42740,#42820,#42800,.T.);
#42840=ORIENTED_EDGE('',*,*,#42830,.F.);
#42850=CARTESIAN_POINT('',(-38.4000000037881,13.0143593608785,
-4.00000001078779));
#42860=CARTESIAN_POINT('',(-38.3749135166563,13.0143593608723,
-4.00000001078934));
#42870=CARTESIAN_POINT('',(-38.3497775586385,13.0151393929737,
-4.00000001079089));
#42880=CARTESIAN_POINT('',(-38.3246493725866,13.0167000589953,
-4.00000001079244));
#42890=CARTESIAN_POINT('',(-38.2995214049678,13.0182607114503,
-4.000000010794));
#42900=CARTESIAN_POINT('',(-38.2744029026767,13.0206019666673,
-4.00000001079528));
#42910=CARTESIAN_POINT('',(-38.2493561693837,13.0237060203579,
-4.00000001079683));
#42920=CARTESIAN_POINT('',(-38.2243095124869,13.0268100645807,
-4.00000001079838));
#42930=CARTESIAN_POINT('',(-38.1993361961308,13.0306766446533,
-4.000000010799));
#42940=CARTESIAN_POINT('',(-38.1744980265072,13.0352699117915,
-4.00000001080054));
#42950=CARTESIAN_POINT('',(-38.1496598181683,13.0398631860892,
-4.00000001080208));
#42960=CARTESIAN_POINT('',(-38.12495805711,13.0451827315435,
-4.00000001080317));
#42970=CARTESIAN_POINT('',(-38.1004497929774,13.0511771846224,
-4.00000001080469));
#42980=CARTESIAN_POINT('',(-38.075941397807,13.0571716697518,
-4.0000000108062));
#42990=CARTESIAN_POINT('',(-38.051627462428,13.0638405871547,
-4.00000001080892));
#43000=CARTESIAN_POINT('',(-38.0275574074271,13.0711209456293,
-4.00000001081041));
#43010=CARTESIAN_POINT('',(-38.0034868489014,13.0784014564027,
-4.0000000108119));
#43020=CARTESIAN_POINT('',(-37.9796620787927,13.0862925168996,
-4.00000001081382));
#43030=CARTESIAN_POINT('',(-37.9561196014805,13.0947252479097,
-4.00000001081528));
#43040=CARTESIAN_POINT('',(-37.9090192717007,13.1115962171901,
-4.0000000108182));
#43050=CARTESIAN_POINT('',(-37.862702663393,13.1307569021163,
-4.00000001082107));
#43060=CARTESIAN_POINT('',(-37.8171900394967,13.1518377399595,
-4.00000001082388));
#43070=CARTESIAN_POINT('',(-37.7716774142253,13.1729185784396,
-4.0000000108267));
#43080=CARTESIAN_POINT('',(-37.7269676906391,13.1959193200427,
-4.00000001082948));
#43090=CARTESIAN_POINT('',(-37.6830811752126,13.2204779366253,
-4.00000001083219));
#43100=CARTESIAN_POINT('',(-37.6391946852197,13.2450365389754,
-4.00000001083491));
#43110=CARTESIAN_POINT('',(-37.5961300319372,13.2711534617899,
-4.00000001083758));
#43120=CARTESIAN_POINT('',(-37.5539145377924,13.2984786613755,
-4.0000000108402));
#43130=CARTESIAN_POINT('',(-37.5116991250928,13.3258038082433,
-4.00000001084281));
#43140=CARTESIAN_POINT('',(-37.4703317552383,13.3543378935724,
-4.00000001084537));
#43150=CARTESIAN_POINT('',(-37.4298512529255,13.3837427944607,
-4.00000001084788));
#43160=CARTESIAN_POINT('',(-37.3893738374675,13.4131454530679,
-4.00000001085039));
#43170=CARTESIAN_POINT('',(-37.349630203077,13.4435272528534,
-4.00000001085286));
#43180=CARTESIAN_POINT('',(-37.3105258842369,13.4747180451776,
-4.00000001085528));
#43190=CARTESIAN_POINT('',(-37.2714211152643,13.5059091965411,
-4.0000000108577));
#43200=CARTESIAN_POINT('',(-37.2329541458519,13.5379112573959,
-4.00000001086009));
#43210=CARTESIAN_POINT('',(-37.1950425497635,13.5705914323881,
-4.00000001086244));
#43220=CARTESIAN_POINT('',(-37.1571307230058,13.6032718062194,
-4.00000001086479));
#43230=CARTESIAN_POINT('',(-37.1197733213622,13.6366317447401,
-4.0000000108671));
#43240=CARTESIAN_POINT('',(-37.0829016016312,13.6705645838739,
-4.00000001086939));
#43250=CARTESIAN_POINT('',(-37.0460298018673,13.7044974966615,
-4.00000001087167));
#43260=CARTESIAN_POINT('',(-37.0096431545797,13.7390043244053,
-4.00000001087393));
#43270=CARTESIAN_POINT('',(-36.9736865460907,13.7739959478271,
-4.00000001087616));
#43280=CARTESIAN_POINT('',(-36.937729942852,13.8089875661395,
-4.00000001087839));
#43290=CARTESIAN_POINT('',(-36.9022031039438,13.8444646669348,
-4.00000001088059));
#43300=CARTESIAN_POINT('',(-36.8670634423762,13.8803496234913,
-4.00000001088277));
#43310=CARTESIAN_POINT('',(-36.8319238267224,13.9162345331601,
-4.00000001088495));
#43320=CARTESIAN_POINT('',(-36.7971712656846,13.9525277491578,
-4.0000000108871));
#43330=CARTESIAN_POINT('',(-36.7627741048759,13.9891591168678,
-4.00000001088923));
#43340=CARTESIAN_POINT('',(-36.7283770010843,14.0257904238572,
-4.00000001089137));
#43350=CARTESIAN_POINT('',(-36.6943352639054,14.0627601659455,
-4.00000001089347));
#43360=CARTESIAN_POINT('',(-36.6606263979904,14.100003184688,
-4.00000001089556));
#43370=CARTESIAN_POINT('',(-36.6269175808158,14.13724614958,
-4.00000001089765));
#43380=CARTESIAN_POINT('',(-36.5935416534661,14.1747625566508,
-4.00000001089972));
#43390=CARTESIAN_POINT('',(-36.5604834837708,14.2124909151031,
-4.00000001090177));
#43400=CARTESIAN_POINT('',(-36.5274253415852,14.2502192421594,
-4.00000001090382));
#43410=CARTESIAN_POINT('',(-36.4946850068884,14.2881596019211,
-4.00000001090585));
#43420=CARTESIAN_POINT('',(-36.4622529569083,14.3262536954502,
-4.00000001090786));
#43430=B_SPLINE_CURVE_WITH_KNOTS('',3,(#42850,#42860,#42870,#42880,
#42890,#42900,#42910,#42920,#42930,#42940,#42950,#42960,#42970,#42980,
#42990,#43000,#43010,#43020,#43030,#43040,#43050,#43060,#43070,#43080,
#43090,#43100,#43110,#43120,#43130,#43140,#43150,#43160,#43170,#43180,
#43190,#43200,#43210,#43220,#43230,#43240,#43250,#43260,#43270,#43280,
#43290,#43300,#43310,#43320,#43330,#43340,#43350,#43360,#43370,#43380,
#43390,#43400,#43410,#43420),.UNSPECIFIED.,.F.,.F.,(4,3,3,3,3,3,3,3,3,3,
3,3,3,3,3,3,3,3,3,4),(0.,0.0753990651977778,0.151029345540415,
0.226786599552235,0.302534447727343,0.378115087586149,0.453359448466538,
0.603620662671523,0.754311442449287,0.905228554873761,1.0557846255022,
1.20584745138284,1.35595020521853,1.5061907082996,1.65661491291767,
1.80721600097634,1.95793628078272,2.10867180145468,2.25927918300228,
2.4095841658362),.UNSPECIFIED.);
#43440=SURFACE_CURVE('',#43430,(#40650,#42350),.CURVE_3D.);
#43450=CARTESIAN_POINT('',(-36.4622529569244,14.3262536954313,
-4.00000001090786));
#43460=VERTEX_POINT('',#43450);
#43470=EDGE_CURVE('',#42820,#43460,#43440,.T.);
#43480=ORIENTED_EDGE('',*,*,#43470,.F.);
#43490=CARTESIAN_POINT('',(-36.673241388665,-9.85062591547161,
-4.00000001089287));
#43500=DIRECTION('',(-0.00872653549009406,-0.999961923064244,
6.20266671066428E-13));
#43510=VECTOR('',#43500,1.);
#43520=LINE('',#43490,#43510);
#43530=CARTESIAN_POINT('',(-36.5693862100267,2.04999882491567,
-4.00000001090025));
#43540=VERTEX_POINT('',#43530);
#43550=EDGE_CURVE('',#43460,#43540,#43520,.T.);
#43560=ORIENTED_EDGE('',*,*,#43550,.F.);
#43570=CARTESIAN_POINT('',(0.,2.04999882491567,-4.0000000131643));
#43580=DIRECTION('',(1.,0.,-6.19110396067832E-11));
#43590=VECTOR('',#43580,1.);
#43600=LINE('',#43570,#43590);
#43610=CARTESIAN_POINT('',(-39.9500000047568,2.04999882491567,
-4.00000001069095));
#43620=VERTEX_POINT('',#43610);
#43630=EDGE_CURVE('',#43620,#43540,#43600,.T.);
#43640=ORIENTED_EDGE('',*,*,#43630,.T.);
#43650=CARTESIAN_POINT('',(-39.9499996611062,-8.65798343942582,
-4.0000000106901));
#43660=DIRECTION('',(3.20929354202804E-8,-1.,7.99845524823458E-14));
#43670=VECTOR('',#43660,1.);
#43680=LINE('',#43650,#43670);
#43690=EDGE_CURVE('',#42410,#43620,#43680,.T.);
#43700=ORIENTED_EDGE('',*,*,#43690,.T.);
#43710=EDGE_LOOP('',(#43700,#43640,#43560,#43480,#42840,#42760,#42680,
#42600,#42520,#42510,#42450));
#43720=FACE_OUTER_BOUND('',#43710,.T.);
#43730=ADVANCED_FACE('',(#43720),#42350,.F.);
#43740=COLOUR_RGB('',0.,0.443137288093567,0.709803938865662);
#43750=FILL_AREA_STYLE_COLOUR('',#43740);
#43760=FILL_AREA_STYLE('',(#43750));
#43770=SURFACE_STYLE_FILL_AREA(#43760);
#43780=SURFACE_SIDE_STYLE('',(#43770));
#43790=SURFACE_STYLE_USAGE(.BOTH.,#43780);
#43800=PRESENTATION_STYLE_ASSIGNMENT((#43790));
#43810=CARTESIAN_POINT('',(-36.5000076150879,9.99999837443244,
0.725000414263194));
#43820=DIRECTION('',(-0.999961923064244,0.0087265354900941,
-1.15609189553E-13));
#43830=DIRECTION('',(0.00872653549009411,0.999961923064245,
-4.07402651673764E-13));
#43840=AXIS2_PLACEMENT_3D('',#43810,#43820,#43830);
#43850=PLANE('',#43840);
#43860=ORIENTED_EDGE('',*,*,#43550,.T.);
#43870=CARTESIAN_POINT('',(-36.4653848078166,13.967379127122,
-0.0886571242000158));
#43880=CARTESIAN_POINT('',(-36.4658553492012,13.9134604249786,
-0.13370169631443));
#43890=CARTESIAN_POINT('',(-36.4663229845308,13.8598747237265,
-0.17934301134684));
#43900=CARTESIAN_POINT('',(-36.4667862808637,13.8067862222754,
-0.225625153198534));
#43910=CARTESIAN_POINT('',(-36.467249578584,13.7536975618427,
-0.271907433649143));
#43920=CARTESIAN_POINT('',(-36.4677085457899,13.7011051292213,
-0.318830350420687));
#43930=CARTESIAN_POINT('',(-36.4681616051912,13.6491896639446,
-0.36646860252088));
#43940=CARTESIAN_POINT('',(-36.4683881361292,13.6232317895288,
-0.390287858667662));
#43950=CARTESIAN_POINT('',(-36.4686131890472,13.5974432794165,
-0.414286644623906));
#43960=CARTESIAN_POINT('',(-36.468836548407,13.5718488318541,
-0.438478200655061));
#43970=CARTESIAN_POINT('',(-36.4690599078776,13.5462543716059,
-0.46266976867659));
#43980=CARTESIAN_POINT('',(-36.4692815745828,13.5208538830554,
-0.487054127049319));
#43990=CARTESIAN_POINT('',(-36.4695013145462,13.4956741772444,
-0.511647559073942));
#44000=CARTESIAN_POINT('',(-36.4697210545585,13.4704944658261,
-0.536240996575264));
#44010=CARTESIAN_POINT('',(-36.4699388689176,13.4455354124206,
-0.561043546952151));
#44020=CARTESIAN_POINT('',(-36.4701544984339,13.4208267171908,
-0.586074904071719));
#44030=CARTESIAN_POINT('',(-36.4703701278947,13.3961180283315,
-0.61110625473758));
#44040=CARTESIAN_POINT('',(-36.4705835739843,13.3716595290164,
-0.63636647954546));
#44050=CARTESIAN_POINT('',(-36.4707945430044,13.3474848737646,
-0.661879016300357));
#44060=CARTESIAN_POINT('',(-36.4710055118121,13.323310242849,
-0.687391527372248));
#44070=CARTESIAN_POINT('',(-36.4712140055132,13.2994192310547,
-0.713156459401464));
#44080=CARTESIAN_POINT('',(-36.4714196835141,13.2758508665502,
-0.739201254581487));
#44090=CARTESIAN_POINT('',(-36.4716253610838,13.2522825514529,
-0.765245995162885));
#44100=CARTESIAN_POINT('',(-36.4718282255353,13.2290365877689,
-0.791570768776144));
#44110=CARTESIAN_POINT('',(-36.4720278733113,13.2061592186002,
-0.818207149075228));
#44120=CARTESIAN_POINT('',(-36.4722275203671,13.183281931946,
-0.844843433301767));
#44130=CARTESIAN_POINT('',(-36.4724239540932,13.1607728571423,
-0.871791581935651));
#44140=CARTESIAN_POINT('',(-36.4726166876951,13.1386877738377,
-0.899087203010355));
#44150=CARTESIAN_POINT('',(-36.4728093854389,13.116606799473,
-0.926377745722086));
#44160=CARTESIAN_POINT('',(-36.4729984445625,13.0949427689661,
-0.954022042765495));
#44170=CARTESIAN_POINT('',(-36.4731837585865,13.0737078850826,
-0.982140674570008));
#44180=CARTESIAN_POINT('',(-36.4733690066096,13.0524805641606,
-1.01024929171513));
#44190=CARTESIAN_POINT('',(-36.4735502058687,13.0317171856303,
-1.03878841751193));
#44200=CARTESIAN_POINT('',(-36.4737262972431,13.011539112714,
-1.06775394215354));
#44210=CARTESIAN_POINT('',(-36.473902388855,12.9913610125877,
-1.09671950585487));
#44220=CARTESIAN_POINT('',(-36.474073375105,12.9717679289929,
-1.12611176848101));
#44230=CARTESIAN_POINT('',(-36.4742381519107,12.9528863772407,
-1.15593222663085));
#44240=CARTESIAN_POINT('',(-36.47440292876,12.9340048204867,
-1.18575269268042));
#44250=CARTESIAN_POINT('',(-36.4745614992432,12.9158344428529,
-1.21600181078349));
#44260=CARTESIAN_POINT('',(-36.474712700823,12.8985084579023,
-1.24668607412847));
#44270=CARTESIAN_POINT('',(-36.4748639021655,12.8811825001572,
-1.27737028929242));
#44280=CARTESIAN_POINT('',(-36.4750077378649,12.8647005615006,
-1.30849029066808));
#44290=CARTESIAN_POINT('',(-36.4751429727816,12.8492041749279,
-1.34005586672393));
#44300=CARTESIAN_POINT('',(-36.4752728852685,12.8343176784132,
-1.37037911890486));
#44310=CARTESIAN_POINT('',(-36.4753948623671,12.8203404873169,
-1.40111425508524));
#44320=CARTESIAN_POINT('',(-36.4755077387209,12.8074061383018,
-1.43227020564638));
#44330=CARTESIAN_POINT('',(-36.4756205579247,12.7944783380121,
-1.46341038179446));
#44340=CARTESIAN_POINT('',(-36.47572483695,12.7825291455712,
-1.49512967591358));
#44350=CARTESIAN_POINT('',(-36.4758187767816,12.7717647070663,
-1.52732961998585));
#44360=CARTESIAN_POINT('',(-36.47586574456,12.7663827327319,
-1.54342885939213));
#44370=CARTESIAN_POINT('',(-36.4759101259182,12.7612971330736,
-1.55964659374486));
#44380=CARTESIAN_POINT('',(-36.4759517128793,12.7565317393315,
-1.57596640564826));
#44390=CARTESIAN_POINT('',(-36.475993299776,12.7517663529663,
-1.59228619228864));
#44400=CARTESIAN_POINT('',(-36.4760320915374,12.7473212573305,
-1.60870790865196));
#44410=CARTESIAN_POINT('',(-36.4760679027096,12.7432177034496,
-1.62521350418094));
#44420=CARTESIAN_POINT('',(-36.4761037138585,12.7391141522308,
-1.64171908900225));
#44430=CARTESIAN_POINT('',(-36.4761365436806,12.7353522269712,
-1.65830835908519));
#44440=CARTESIAN_POINT('',(-36.4761662354054,12.7319498923023,
-1.6749620170074));
#44450=CARTESIAN_POINT('',(-36.4761959271451,12.7285475559243,
-1.69161568329464));
#44460=CARTESIAN_POINT('',(-36.4762224801323,12.7255048847683,
-1.70833349838489));
#44470=CARTESIAN_POINT('',(-36.4762457715741,12.7228359498922,
-1.7250955159614));
#44480=CARTESIAN_POINT('',(-36.4762690630611,12.7201670098329,
-1.74185756609043));
#44490=CARTESIAN_POINT('',(-36.4762890925207,12.7178718610233,
-1.75866354172471));
#44500=CARTESIAN_POINT('',(-36.4763057747857,12.7159602627972,
-1.7754936762827));
#44510=CARTESIAN_POINT('',(-36.4763224571122,12.714048657515,
-1.79232387296488));
#44520=CARTESIAN_POINT('',(-36.4763357920173,12.7125206287311,
-1.80917792790357));
#44530=CARTESIAN_POINT('',(-36.4763457331365,12.7113814892955,
-1.82603730591885));
#44540=CARTESIAN_POINT('',(-36.4763556761611,12.7102421315339,
-1.84289991518229));
#44550=CARTESIAN_POINT('',(-36.4763622214085,12.7094921204699,
-1.85975396963645));
#44560=CARTESIAN_POINT('',(-36.4763653673503,12.709131631235,
-1.87662203350607));
#44570=CARTESIAN_POINT('',(-36.4763685144219,12.7087710125531,
-1.89349615447867));
#44580=CARTESIAN_POINT('',(-36.4763682577369,12.7088004257374,
-1.91040338920657));
#44590=CARTESIAN_POINT('',(-36.4763645691059,12.709223100988,
-1.92732493041079));
#44600=CARTESIAN_POINT('',(-36.4763608804967,12.7096457737341,
-1.94424637135125));
#44610=CARTESIAN_POINT('',(-36.4763537596792,12.710461738601,
-1.96118177460047));
#44620=CARTESIAN_POINT('',(-36.4763432195004,12.7116695234671,
-1.97810958696905));
#44630=CARTESIAN_POINT('',(-36.4763326793606,12.7128773038562,
-1.99503733658822));
#44640=CARTESIAN_POINT('',(-36.476318719954,12.7144768934479,
-2.01195714427471));
#44650=CARTESIAN_POINT('',(-36.4763013985689,12.7164617275886,
-2.028846059039));
#44660=CARTESIAN_POINT('',(-36.4762840772146,12.718446558189,
-2.0457349436781));
#44670=CARTESIAN_POINT('',(-36.4762633942964,12.7208165859504,
-2.0625926021548));
#44680=CARTESIAN_POINT('',(-36.4762394512082,12.7235601921166,
-2.07939588087527));
#44690=CARTESIAN_POINT('',(-36.4762155081236,12.7263037978588,
-2.09619915699914));
#44700=CARTESIAN_POINT('',(-36.4761883055274,12.7294209067539,
-2.11294775713362));
#44710=CARTESIAN_POINT('',(-36.4761579854528,12.7328952431826,
-2.12961931297868));
#44720=CARTESIAN_POINT('',(-36.4761276653416,12.7363695838001,
-2.14629088892363));
#44730=CARTESIAN_POINT('',(-36.4760942285577,12.7402010597674,
-2.1628851732346));
#44740=CARTESIAN_POINT('',(-36.4760578519997,12.7443694004435,
-2.17938134133816));
#44750=CARTESIAN_POINT('',(-36.4760214753568,12.7485377508559,
-2.19587754797358));
#44760=CARTESIAN_POINT('',(-36.4759821597966,12.7530428677146,
-2.21227544441498));
#44770=CARTESIAN_POINT('',(-36.475940109872,12.757861311815,
-2.22855628580467));
#44780=CARTESIAN_POINT('',(-36.4758559959694,12.7674998103775,
-2.26112340976908));
#44790=CARTESIAN_POINT('',(-36.475760998251,12.7783854705745,
-2.29319858714521));
#44800=CARTESIAN_POINT('',(-36.4756567811325,12.7903275695125,
-2.324717585921));
#44810=CARTESIAN_POINT('',(-36.4755524665253,12.8022808395524,
-2.35626606878874));
#44820=CARTESIAN_POINT('',(-36.4754384238405,12.8153488368747,
-2.38741019634491));
#44830=CARTESIAN_POINT('',(-36.4753158529422,12.8293940706668,
-2.41814861822744));
#44840=CARTESIAN_POINT('',(-36.4751932818231,12.8434393297573,
-2.44888709547622));
#44850=CARTESIAN_POINT('',(-36.4750621822058,12.8584618579546,
-2.47922025861746));
#44860=CARTESIAN_POINT('',(-36.4749237179211,12.8743282934387,
-2.50914714712649));
#44870=CARTESIAN_POINT('',(-36.4747852535374,12.8901947402791,
-2.53907405705559));
#44880=CARTESIAN_POINT('',(-36.4746394231956,12.9069052423007,
-2.56859509085809));
#44890=CARTESIAN_POINT('',(-36.4744873496789,12.9243311413181,
-2.59770760113606));
#44900=CARTESIAN_POINT('',(-36.4743352762091,12.9417570349599,
-2.62682010243329));
#44910=CARTESIAN_POINT('',(-36.474176957914,12.9598985147055,
-2.65552441235607));
#44920=CARTESIAN_POINT('',(-36.4740134789897,12.9786313439869,
-2.6838147636145));
#44930=CARTESIAN_POINT('',(-36.4738500002339,12.9973641539542,
-2.71210508570468));
#44940=CARTESIAN_POINT('',(-36.4736813592639,13.0166884975457,
-2.73998169824565));
#44950=CARTESIAN_POINT('',(-36.4735086068767,13.0364839604183,
-2.76743494597786));
#44960=CARTESIAN_POINT('',(-36.4733357887883,13.0562869519082,
-2.79489863473881));
#44970=CARTESIAN_POINT('',(-36.4731591639104,13.0765261567822,
-2.82189312426689));
#44980=CARTESIAN_POINT('',(-36.472978830335,13.0971903377823,
-2.84854143453382));
#44990=CARTESIAN_POINT('',(-36.472791074728,13.1187049993612,
-2.87628651560136));
#45000=CARTESIAN_POINT('',(-36.4725992460186,13.1406863912553,
-2.90366178215236));
#45010=CARTESIAN_POINT('',(-36.4724038917862,13.1630717690696,
-2.93070532689794));
#45020=CARTESIAN_POINT('',(-36.472208536656,13.1854572497549,
-2.95774899592104));
#45030=CARTESIAN_POINT('',(-36.4720096520923,13.2082471634598,
-2.98446127483031));
#45040=CARTESIAN_POINT('',(-36.471807688764,13.2313898686456,
-3.01087631227693));
#45050=CARTESIAN_POINT('',(-36.4716057248791,13.2545326376107,
-3.03729142252124));
#45060=CARTESIAN_POINT('',(-36.4714006791832,13.2780285471472,
-3.06340951183634));
#45070=CARTESIAN_POINT('',(-36.4711929287458,13.3018343893568,
-3.08926047984728));
#45080=CARTESIAN_POINT('',(-36.4709851780154,13.3256402651328,
-3.11511148430844));
#45090=CARTESIAN_POINT('',(-36.4707747202143,13.3497563405003,
-3.14069551030834));
#45100=CARTESIAN_POINT('',(-36.4705618775643,13.3741456924726,
-3.16603821800996));
#45110=CARTESIAN_POINT('',(-36.4703490348142,13.3985350559214,
-3.19138093763659));
#45120=CARTESIAN_POINT('',(-36.4701338054632,13.4231978967369,
-3.21648242848725));
#45130=CARTESIAN_POINT('',(-36.4699164714881,13.4481019035935,
-3.24136431425265));
#45140=CARTESIAN_POINT('',(-36.4696991375449,13.4730059068055,
-3.26624619637669));
#45150=CARTESIAN_POINT('',(-36.4694796976788,13.4981512248702,
-3.29090852680089));
#45160=CARTESIAN_POINT('',(-36.4692584046689,13.5235088921797,
-3.31536920676395));
#45170=CARTESIAN_POINT('',(-36.4690371117726,13.5488665464732,
-3.33982987417155));
#45180=CARTESIAN_POINT('',(-36.4688139647845,13.5744366586406,
-3.36408892023651));
#45190=CARTESIAN_POINT('',(-36.4685891954021,13.6001926787858,
-3.38816089491547));
#45200=CARTESIAN_POINT('',(-36.4683644261746,13.6259486811808,
-3.41223285300471));
#45210=CARTESIAN_POINT('',(-36.4681380338738,13.6518906693557,
-3.43611775263502));
#45220=CARTESIAN_POINT('',(-36.4679102348679,13.6779938499633,
-3.45982718702489));
#45230=CARTESIAN_POINT('',(-36.4674546393287,13.7301999278499,
-3.50724579845833));
#45240=CARTESIAN_POINT('',(-36.466993420362,13.7830503867086,
-3.55396515924325));
#45250=CARTESIAN_POINT('',(-36.4665281853697,13.8363610365201,
-3.60004818111147));
#45260=CARTESIAN_POINT('',(-36.4660629517291,13.889671531441,
-3.64613106908848));
#45270=CARTESIAN_POINT('',(-36.4655936956492,13.943442952252,
-3.69157732141707));
#45280=CARTESIAN_POINT('',(-36.4651218935066,13.9975061229562,
-3.73642137344364));
#45290=CARTESIAN_POINT('',(-36.4646501664396,14.0515606908433,
-3.78125828964794));
#45300=CARTESIAN_POINT('',(-36.464174851737,14.106026361048,
-3.82559214262042));
#45310=CARTESIAN_POINT('',(-36.4636965197744,14.1608377750058,
-3.86949964650032));
#45320=CARTESIAN_POINT('',(-36.4632181892713,14.2156490217305,
-3.91340701641565));
#45330=CARTESIAN_POINT('',(-36.4627368454956,14.2708055552831,
-3.95688714873783));
#45340=CARTESIAN_POINT('',(-36.4622529569076,14.3262536954512,
-4.00000001090792));
#45350=B_SPLINE_CURVE_WITH_KNOTS('',3,(#43870,#43880,#43890,#43900,
#43910,#43920,#43930,#43940,#43950,#43960,#43970,#43980,#43990,#44000,
#44010,#44020,#44030,#44040,#44050,#44060,#44070,#44080,#44090,#44100,
#44110,#44120,#44130,#44140,#44150,#44160,#44170,#44180,#44190,#44200,
#44210,#44220,#44230,#44240,#44250,#44260,#44270,#44280,#44290,#44300,
#44310,#44320,#44330,#44340,#44350,#44360,#44370,#44380,#44390,#44400,
#44410,#44420,#44430,#44440,#44450,#44460,#44470,#44480,#44490,#44500,
#44510,#44520,#44530,#44540,#44550,#44560,#44570,#44580,#44590,#44600,
#44610,#44620,#44630,#44640,#44650,#44660,#44670,#44680,#44690,#44700,
#44710,#44720,#44730,#44740,#44750,#44760,#44770,#44780,#44790,#44800,
#44810,#44820,#44830,#44840,#44850,#44860,#44870,#44880,#44890,#44900,
#44910,#44920,#44930,#44940,#44950,#44960,#44970,#44980,#44990,#45000,
#45010,#45020,#45030,#45040,#45050,#45060,#45070,#45080,#45090,#45100,
#45110,#45120,#45130,#45140,#45150,#45160,#45170,#45180,#45190,#45200,
#45210,#45220,#45230,#45240,#45250,#45260,#45270,#45280,#45290,#45300,
#45310,#45320,#45330,#45340),.UNSPECIFIED.,.F.,.F.,(4,3,3,3,3,3,3,3,3,3,
3,3,3,3,3,3,3,3,3,3,3,3,3,3,3,3,3,3,3,3,3,3,3,3,3,3,3,3,3,3,3,3,3,3,3,3,
3,3,3,4),(0.,0.211078019571493,0.422449388091588,0.528126466979715,
0.633753285392138,0.739310418640207,0.844790683009882,0.950199592330311,
1.05555540624491,1.16088879334143,1.26634790380898,1.37216026085599,
1.47807355076163,1.58388383836129,1.68948736726523,1.7907497494627,
1.892292925495,1.94326271170807,1.99428141669798,2.04529389583588,
2.09625319205448,2.14712249603099,2.19787751827837,2.24851674215182,
2.29922425907344,2.35007234426797,2.40103909622349,2.45208920538206,
2.50317693937601,2.55424855620646,2.60524435620044,2.70676228946019,
2.80805117191656,2.90955461111786,3.01126866659881,3.11307715797541,
3.21476729010482,3.31608287191192,3.4214039832176,3.52674073564337,
3.63213264332045,3.73760582626982,3.84317246721541,3.94883067995076,
4.05456484117425,4.16034635924914,4.37187946364133,4.5829929460164,
4.79368268113856,5.00438539435127),.UNSPECIFIED.);
#45360=SURFACE_CURVE('',#45350,(#40650,#43850),.CURVE_3D.);
#45370=EDGE_CURVE('',#40580,#43460,#45360,.T.);
#45380=ORIENTED_EDGE('',*,*,#45370,.T.);
#45390=ORIENTED_EDGE('',*,*,#40590,.F.);
#45400=CARTESIAN_POINT('',(-36.5693862100272,2.04999882491567,
9.58785051352606E-10));
#45410=DIRECTION('',(1.15613591764307E-13,0.,-1.));
#45420=VECTOR('',#45410,1.);
#45430=LINE('',#45400,#45420);
#45440=EDGE_CURVE('',#40500,#43540,#45430,.T.);
#45450=ORIENTED_EDGE('',*,*,#45440,.F.);
#45460=EDGE_LOOP('',(#45450,#45390,#45380,#43860));
#45470=FACE_OUTER_BOUND('',#45460,.T.);
#45480=ADVANCED_FACE('',(#45470),#43850,.T.);
#45490=COLOUR_RGB('',0.,0.443137288093567,0.709803938865662);
#45500=FILL_AREA_STYLE_COLOUR('',#45490);
#45510=FILL_AREA_STYLE('',(#45500));
#45520=SURFACE_STYLE_FILL_AREA(#45510);
#45530=SURFACE_SIDE_STYLE('',(#45520));
#45540=SURFACE_STYLE_USAGE(.BOTH.,#45530);
#45550=PRESENTATION_STYLE_ASSIGNMENT((#45540));
#45560=CARTESIAN_POINT('',(-39.9500002702652,10.4507309054331,
1.41960078602064));
#45570=DIRECTION('',(1.,3.20929354202788E-8,-7.55729336031323E-10));
#45580=DIRECTION('',(3.20929354202804E-8,-1.,1.9476880887668E-12));
#45590=AXIS2_PLACEMENT_3D('',#45560,#45570,#45580);
#45600=PLANE('',#45590);
#45610=CARTESIAN_POINT('',(-39.9500002508,8.54999856863395,
-53.540398859046));
#45620=DIRECTION('',(-7.55729332883328E-10,-9.80900098056817E-11,-1.));
#45630=VECTOR('',#45620,1.);
#45640=LINE('',#45610,#45630);
#45650=EDGE_CURVE('',#40320,#42410,#45640,.T.);
#45660=ORIENTED_EDGE('',*,*,#45650,.F.);
#45670=ORIENTED_EDGE('',*,*,#43690,.F.);
#45680=CARTESIAN_POINT('',(-39.9500000017339,2.04999882491567,
9.58785051352606E-10));
#45690=DIRECTION('',(7.55729336031324E-10,0.,1.));
#45700=VECTOR('',#45690,1.);
#45710=LINE('',#45680,#45700);
#45720=EDGE_CURVE('',#43620,#40420,#45710,.T.);
#45730=ORIENTED_EDGE('',*,*,#45720,.F.);
#45740=ORIENTED_EDGE('',*,*,#40430,.T.);
#45750=EDGE_LOOP('',(#45740,#45730,#45670,#45660));
#45760=FACE_OUTER_BOUND('',#45750,.T.);
#45770=ADVANCED_FACE('',(#45760),#45600,.T.);
#45780=COLOUR_RGB('',0.823529481887817,0.823529481887817,
0.784313797950745);
#45790=FILL_AREA_STYLE_COLOUR('',#45780);
#45800=FILL_AREA_STYLE('',(#45790));
#45810=SURFACE_STYLE_FILL_AREA(#45800);
#45820=SURFACE_SIDE_STYLE('',(#45810));
#45830=SURFACE_STYLE_USAGE(.BOTH.,#45820);
#45840=PRESENTATION_STYLE_ASSIGNMENT((#45830));
#45850=CARTESIAN_POINT('',(-40.2000002702652,10.4507308974099,
1.41960078620957));
#45860=DIRECTION('',(1.,3.20929354202788E-8,-7.55729336031323E-10));
#45870=DIRECTION('',(3.20929354202804E-8,-1.,1.9476880887668E-12));
#45880=AXIS2_PLACEMENT_3D('',#45850,#45860,#45870);
#45890=PLANE('',#45880);
#45900=ORIENTED_EDGE('',*,*,#42040,.F.);
#45910=ORIENTED_EDGE('',*,*,#42500,.F.);
#45920=CARTESIAN_POINT('',(-40.2000002807431,9.48301126259426,
-53.5403988588067));
#45930=DIRECTION('',(-7.55729332883328E-10,-9.80900098056817E-11,-1.));
#45940=VECTOR('',#45930,1.);
#45950=LINE('',#45920,#45940);
#45960=EDGE_CURVE('',#40340,#42430,#45950,.T.);
#45970=ORIENTED_EDGE('',*,*,#45960,.T.);
#45980=ORIENTED_EDGE('',*,*,#41810,.T.);
#45990=EDGE_LOOP('',(#45980,#45970,#45910,#45900));
#46000=FACE_OUTER_BOUND('',#45990,.T.);
#46010=ADVANCED_FACE('',(#46000),#45890,.T.);
#46020=COLOUR_RGB('',0.823529481887817,0.823529481887817,
0.784313797950745);
#46030=FILL_AREA_STYLE_COLOUR('',#46020);
#46040=FILL_AREA_STYLE('',(#46030));
#46050=SURFACE_STYLE_FILL_AREA(#46040);
#46060=SURFACE_SIDE_STYLE('',(#46050));
#46070=SURFACE_STYLE_USAGE(.BOTH.,#46060);
#46080=PRESENTATION_STYLE_ASSIGNMENT((#46070));
#46090=CARTESIAN_POINT('',(-40.0052937678013,8.75635689939405,
-4.7303992136398));
#46100=DIRECTION('',(-0.965925817989138,-0.258819076078281,
7.55366039754129E-10));
#46110=DIRECTION('',(0.258819076078284,-0.965925817989149,
-2.00486924032108E-10));
#46120=AXIS2_PLACEMENT_3D('',#46090,#46100,#46110);
#46130=PLANE('',#46120);
#46140=ORIENTED_EDGE('',*,*,#45650,.T.);
#46150=ORIENTED_EDGE('',*,*,#40350,.F.);
#46160=ORIENTED_EDGE('',*,*,#45960,.F.);
#46170=ORIENTED_EDGE('',*,*,#42440,.T.);
#46180=EDGE_LOOP('',(#46170,#46160,#46150,#46140));
#46190=FACE_OUTER_BOUND('',#46180,.T.);
#46200=ADVANCED_FACE('',(#46190),#46130,.F.);
#46210=COLOUR_RGB('',0.823529481887817,0.823529481887817,
0.784313797950745);
#46220=FILL_AREA_STYLE_COLOUR('',#46210);
#46230=FILL_AREA_STYLE('',(#46220));
#46240=SURFACE_STYLE_FILL_AREA(#46230);
#46250=SURFACE_SIDE_STYLE('',(#46240));
#46260=SURFACE_STYLE_USAGE(.BOTH.,#46250);
#46270=PRESENTATION_STYLE_ASSIGNMENT((#46260));
#46280=ORIENTED_EDGE('',*,*,#45370,.F.);
#46290=ORIENTED_EDGE('',*,*,#43470,.T.);
#46300=CARTESIAN_POINT('',(-38.4000000030126,14.4000000075288,
-4.80000001130868));
#46310=DIRECTION('',(4.85789313360351E-10,0.866025403784399,
-0.500000000000069));
#46320=VECTOR('',#46310,5.80000000000154);
#46330=LINE('',#46300,#46320);
#46340=CARTESIAN_POINT('',(-38.4000000030126,14.4000000077907,
-4.80000001128278));
#46350=VERTEX_POINT('',#46340);
#46360=EDGE_CURVE('',#42820,#46350,#46330,.T.);
#46370=ORIENTED_EDGE('',*,*,#46360,.F.);
#46380=CARTESIAN_POINT('',(-38.4000000028327,14.4000000073091,
-1.90000001130631));
#46390=DIRECTION('',(-5.96567406585535E-10,-1.,2.44193224250213E-13));
#46400=DIRECTION('',(1.,-5.96567573118972E-10,-5.65729329078966E-11));
#46410=AXIS2_PLACEMENT_3D('',#46380,#46390,#46400);
#46420=CIRCLE('',#46410,2.89999999987409);
#46430=CARTESIAN_POINT('',(-38.1387938915073,14.4000000073742,
0.988212474936674));
#46440=VERTEX_POINT('',#46430);
#46450=EDGE_CURVE('',#46350,#46440,#46420,.T.);
#46460=ORIENTED_EDGE('',*,*,#46450,.F.);
#46470=CARTESIAN_POINT('',(-38.400000002833,14.4000000075288,
-1.90000001130791));
#46480=DIRECTION('',(5.96564242449915E-10,1.,-4.08396182824463E-13));
#46490=DIRECTION('',(1.,-5.9656440898335E-10,-6.19110396067356E-11));
#46500=AXIS2_PLACEMENT_3D('',#46470,#46480,#46490);
#46510=CIRCLE('',#46500,2.8999999998744);
#46520=EDGE_CURVE('',#7380,#46440,#46510,.T.);
#46530=ORIENTED_EDGE('',*,*,#46520,.T.);
#46540=CARTESIAN_POINT('',(-38.4000000026683,14.4000000075319,
0.999999988722116));
#46550=DIRECTION('',(5.44931695183272E-10,0.866025403784561,
0.499999999999789));
#46560=VECTOR('',#46550,5.80000000000339);
#46570=LINE('',#46540,#46560);
#46580=EDGE_CURVE('',#41420,#7380,#46570,.T.);
#46590=ORIENTED_EDGE('',*,*,#46580,.T.);
#46600=ORIENTED_EDGE('',*,*,#41430,.F.);
#46610=EDGE_LOOP('',(#46600,#46590,#46530,#46460,#46370,#46290,#46280));
#46620=FACE_OUTER_BOUND('',#46610,.T.);
#46630=ADVANCED_FACE('',(#46620),#40650,.F.);
#46640=COLOUR_RGB('',0.,0.443137288093567,0.709803938865662);
#46650=FILL_AREA_STYLE_COLOUR('',#46640);
#46660=FILL_AREA_STYLE('',(#46650));
#46670=SURFACE_STYLE_FILL_AREA(#46660);
#46680=SURFACE_SIDE_STYLE('',(#46670));
#46690=SURFACE_STYLE_USAGE(.BOTH.,#46680);
#46700=PRESENTATION_STYLE_ASSIGNMENT((#46690));
#46710=CARTESIAN_POINT('',(-29.0500000001175,19.9999999995149,
-5.15000000006525));
#46720=DIRECTION('',(1.23069611928547E-13,-1.,4.08395604615809E-13));
#46730=DIRECTION('',(1.,1.23069611928547E-13,-4.39866526879824E-26));
#46740=AXIS2_PLACEMENT_3D('',#46710,#46720,#46730);
#46750=PLANE('',#46740);
#46760=CARTESIAN_POINT('',(-30.1000000002408,19.999999999516,
-1.94999999915682));
#46770=DIRECTION('',(-1.23069611928547E-13,1.,0.));
#46780=DIRECTION('',(1.,1.23069611928547E-13,0.));
#46790=AXIS2_PLACEMENT_3D('',#46760,#46770,#46780);
#46800=CIRCLE('',#46790,1.05000000000012);
#46810=CARTESIAN_POINT('',(-29.6917096307175,19.9999999995161,
-2.91736703092642));
#46820=VERTEX_POINT('',#46810);
#46830=CARTESIAN_POINT('',(-31.1500000002409,19.9999999995159,
-1.94999999915682));
#46840=VERTEX_POINT('',#46830);
#46850=EDGE_CURVE('',#46820,#46840,#46800,.T.);
#46860=ORIENTED_EDGE('',*,*,#46850,.F.);
#46870=CARTESIAN_POINT('',(-29.0500000002407,19.9999999995162,
-1.94999999915682));
#46880=VERTEX_POINT('',#46870);
#46890=EDGE_CURVE('',#46840,#46880,#46800,.T.);
#46900=ORIENTED_EDGE('',*,*,#46890,.F.);
#46910=EDGE_CURVE('',#46880,#46820,#46800,.T.);
#46920=ORIENTED_EDGE('',*,*,#46910,.F.);
#46930=EDGE_LOOP('',(#46920,#46900,#46860));
#46940=FACE_BOUND('',#46930,.T.);
#46950=CARTESIAN_POINT('',(-31.1500000007089,19.9999999995146,
-5.15000000006525));
#46960=DIRECTION('',(-6.46126427215531E-11,-4.08395604623764E-13,-1.));
#46970=VECTOR('',#46960,1.);
#46980=LINE('',#46950,#46970);
#46990=CARTESIAN_POINT('',(-31.1500000003787,19.9999999995168,
0.124999988640115));
#47000=VERTEX_POINT('',#46990);
#47010=CARTESIAN_POINT('',(-31.1500000004243,19.9999999995164,
-0.746245786909969));
#47020=VERTEX_POINT('',#47010);
#47030=EDGE_CURVE('',#47000,#47020,#46980,.T.);
#47040=ORIENTED_EDGE('',*,*,#47030,.F.);
#47050=CARTESIAN_POINT('',(-35.5537542135358,19.9999999995141,
-5.15000000006525));
#47060=DIRECTION('',(-0.707106781183035,-3.75848542138281E-13,
-0.70710678119006));
#47070=VECTOR('',#47060,1.);
#47080=LINE('',#47050,#47070);
#47090=CARTESIAN_POINT('',(-31.5499999944672,19.9999999995162,
-1.14624578095682));
#47100=VERTEX_POINT('',#47090);
#47110=EDGE_CURVE('',#47020,#47100,#47080,.T.);
#47120=ORIENTED_EDGE('',*,*,#47110,.F.);
#47130=CARTESIAN_POINT('',(-31.5500000398433,19.9999999995146,
-5.15000000006525));
#47140=DIRECTION('',(-1.13333991821342E-8,-4.08395606010436E-13,-1.));
#47150=VECTOR('',#47140,1.);
#47160=LINE('',#47130,#47150);
#47170=CARTESIAN_POINT('',(-31.5500000098949,19.9999999995156,
-2.50750993097009));
#47180=VERTEX_POINT('',#47170);
#47190=EDGE_CURVE('',#47100,#47180,#47160,.T.);
#47200=ORIENTED_EDGE('',*,*,#47190,.F.);
#47210=CARTESIAN_POINT('',(-28.9075099408019,19.9999999995149,
-5.15000000006525));
#47220=DIRECTION('',(0.707106781186271,-2.01710060724504E-13,
-0.707106781186824));
#47230=VECTOR('',#47220,1.);
#47240=LINE('',#47210,#47230);
#47250=CARTESIAN_POINT('',(-31.150000000564,19.9999999995155,
-2.90750994030138));
#47260=VERTEX_POINT('',#47250);
#47270=EDGE_CURVE('',#47180,#47260,#47240,.T.);
#47280=ORIENTED_EDGE('',*,*,#47270,.F.);
#47290=CARTESIAN_POINT('',(-31.1500000007089,19.9999999995146,
-5.15000000006525));
#47300=DIRECTION('',(-6.46126427215531E-11,-4.08395604623764E-13,-1.));
#47310=VECTOR('',#47300,1.);
#47320=LINE('',#47290,#47310);
#47330=CARTESIAN_POINT('',(-31.1500000006168,19.9999999995152,
-3.72500001123768));
#47340=VERTEX_POINT('',#47330);
#47350=EDGE_CURVE('',#47260,#47340,#47320,.T.);
#47360=ORIENTED_EDGE('',*,*,#47350,.F.);
#47370=CARTESIAN_POINT('',(-18.9999999998239,19.9999999995167,
-3.72500001199165));
#47380=DIRECTION('',(-1.,-1.23069611903206E-13,6.20550663018633E-11));
#47390=VECTOR('',#47380,1.);
#47400=LINE('',#47370,#47390);
#47410=CARTESIAN_POINT('',(-35.4500000002868,19.9999999995147,
-3.72500001097085));
#47420=VERTEX_POINT('',#47410);
#47430=EDGE_CURVE('',#47340,#47420,#47400,.T.);
#47440=ORIENTED_EDGE('',*,*,#47430,.F.);
#47450=CARTESIAN_POINT('',(-35.4500000002761,19.9999999995141,
-5.15000000006525));
#47460=DIRECTION('',(-7.52365271959514E-12,4.08395604614883E-13,1.));
#47470=VECTOR('',#47460,1.);
#47480=LINE('',#47450,#47470);
#47490=CARTESIAN_POINT('',(-35.4500000002907,19.9999999995149,
-3.21389411259094));
#47500=VERTEX_POINT('',#47490);
#47510=EDGE_CURVE('',#47420,#47500,#47480,.T.);
#47520=ORIENTED_EDGE('',*,*,#47510,.F.);
#47530=CARTESIAN_POINT('',(-37.074585842031,19.9999999995139,
-5.15000000006525));
#47540=DIRECTION('',(0.642787634214593,3.92008076760543E-13,
0.766044422537497));
#47550=VECTOR('',#47540,1.);
#47560=LINE('',#47530,#47550);
#47570=CARTESIAN_POINT('',(-34.9500000012215,19.9999999995152,
-2.61801735615071));
#47580=VERTEX_POINT('',#47570);
#47590=EDGE_CURVE('',#47500,#47580,#47560,.T.);
#47600=ORIENTED_EDGE('',*,*,#47590,.F.);
#47610=CARTESIAN_POINT('',(-34.9500000013851,19.9999999995141,
-5.15000000006525));
#47620=DIRECTION('',(6.4609428918061E-11,4.08395604623758E-13,1.));
#47630=VECTOR('',#47620,1.);
#47640=LINE('',#47610,#47630);
#47650=CARTESIAN_POINT('',(-34.9500000011158,19.9999999995158,
-0.981984153132341));
#47660=VERTEX_POINT('',#47650);
#47670=EDGE_CURVE('',#47580,#47660,#47640,.T.);
#47680=ORIENTED_EDGE('',*,*,#47670,.F.);
#47690=CARTESIAN_POINT('',(-31.4526193292908,19.9999999995146,
-5.15000000006525));
#47700=DIRECTION('',(-0.642787621757733,2.33718033293386E-13,
0.766044432990044));
#47710=VECTOR('',#47700,1.);
#47720=LINE('',#47690,#47710);
#47730=CARTESIAN_POINT('',(-35.4500000003119,19.999999999516,
-0.386107376862393));
#47740=VERTEX_POINT('',#47730);
#47750=EDGE_CURVE('',#47660,#47740,#47720,.T.);
#47760=ORIENTED_EDGE('',*,*,#47750,.F.);
#47770=CARTESIAN_POINT('',(-35.4500000002761,19.9999999995141,
-5.15000000006525));
#47780=DIRECTION('',(-7.52365271959514E-12,4.08395604614883E-13,1.));
#47790=VECTOR('',#47780,1.);
#47800=LINE('',#47770,#47790);
#47810=CARTESIAN_POINT('',(-35.4500000003158,19.9999999995162,
0.124999988921489));
#47820=VERTEX_POINT('',#47810);
#47830=EDGE_CURVE('',#47740,#47820,#47800,.T.);
#47840=ORIENTED_EDGE('',*,*,#47830,.F.);
#47850=CARTESIAN_POINT('',(-18.9999999998239,19.9999999995182,
0.124999987845068));
#47860=DIRECTION('',(1.,1.23069611901825E-13,-6.54359382730873E-11));
#47870=VECTOR('',#47860,1.);
#47880=LINE('',#47850,#47870);
#47890=EDGE_CURVE('',#47820,#47000,#47880,.T.);
#47900=ORIENTED_EDGE('',*,*,#47890,.F.);
#47910=EDGE_LOOP('',(#47900,#47840,#47760,#47680,#47600,#47520,#47440,
#47360,#47280,#47200,#47120,#47040));
#47920=FACE_BOUND('',#47910,.T.);
#47930=ORIENTED_EDGE('',*,*,#2320,.T.);
#47940=CARTESIAN_POINT('',(-28.7184997194956,19.9999999995149,
-5.15000000006525));
#47950=DIRECTION('',(6.27443588540957E-27,-4.08395604615809E-13,-1.));
#47960=VECTOR('',#47950,1.);
#47970=LINE('',#47940,#47960);
#47980=EDGE_CURVE('',#8360,#2230,#47970,.T.);
#47990=ORIENTED_EDGE('',*,*,#47980,.T.);
#48000=ORIENTED_EDGE('',*,*,#8370,.F.);
#48010=CARTESIAN_POINT('',(-36.1889631026883,19.9999999995143,
1.43336403138636));
#48020=DIRECTION('',(-2.85882428841048E-13,-1.,4.49792324983688E-13));
#48030=DIRECTION('',(-1.,2.85882428840978E-13,-9.35121448033482E-14));
#48040=AXIS2_PLACEMENT_3D('',#48010,#48020,#48030);
#48050=CIRCLE('',#48040,1.1);
#48060=CARTESIAN_POINT('',(-36.7969982493904,19.9999999995141,
0.516688919529237));
#48070=VERTEX_POINT('',#48060);
#48080=EDGE_CURVE('',#8320,#48070,#48050,.T.);
#48090=ORIENTED_EDGE('',*,*,#48080,.F.);
#48100=CARTESIAN_POINT('',(-38.3999999994923,19.9999999995134,
-1.9000000113102));
#48110=DIRECTION('',(-2.85882428841048E-13,-1.,4.49792324983688E-13));
#48120=DIRECTION('',(-1.,2.85882428840978E-13,-9.35121448033482E-14));
#48130=AXIS2_PLACEMENT_3D('',#48100,#48110,#48120);
#48140=CIRCLE('',#48130,2.8999999998744);
#48150=CARTESIAN_POINT('',(-38.3999999996718,19.9999999995121,
-4.8000000111846));
#48160=VERTEX_POINT('',#48150);
#48170=EDGE_CURVE('',#48160,#48070,#48140,.T.);
#48180=ORIENTED_EDGE('',*,*,#48170,.T.);
#48190=CARTESIAN_POINT('',(9.29065013623337,19.9999999994985,
-4.80000001423622));
#48200=DIRECTION('',(1.,-2.85271806159087E-13,-6.18811077356416E-11));
#48210=VECTOR('',#48200,1.);
#48220=LINE('',#48190,#48210);
#48230=CARTESIAN_POINT('',(-38.9999999996709,19.9999999995123,
-4.80000001124794));
#48240=VERTEX_POINT('',#48230);
#48250=EDGE_CURVE('',#48240,#48160,#48220,.T.);
#48260=ORIENTED_EDGE('',*,*,#48250,.T.);
#48270=CARTESIAN_POINT('',(-38.9999999994914,19.9999999995136,
-1.90000001124794));
#48280=DIRECTION('',(-2.85882428841048E-13,-1.,4.49792324983688E-13));
#48290=DIRECTION('',(-1.,2.85882428840978E-13,-9.35121448033482E-14));
#48300=AXIS2_PLACEMENT_3D('',#48270,#48280,#48290);
#48310=CIRCLE('',#48300,2.9);
#48320=CARTESIAN_POINT('',(-40.6030017493655,19.9999999995152,
0.516688919893273));
#48330=VERTEX_POINT('',#48320);
#48340=EDGE_CURVE('',#48330,#48240,#48310,.T.);
#48350=ORIENTED_EDGE('',*,*,#48340,.T.);
#48360=CARTESIAN_POINT('',(-41.2110368958681,19.9999999995158,
1.43336403170642));
#48370=DIRECTION('',(-2.85882428841048E-13,-1.,4.49792324983688E-13));
#48380=DIRECTION('',(-1.,2.85882428840978E-13,-9.35121448033482E-14));
#48390=AXIS2_PLACEMENT_3D('',#48360,#48370,#48380);
#48400=CIRCLE('',#48390,1.1);
#48410=EDGE_CURVE('',#48330,#6310,#48400,.T.);
#48420=ORIENTED_EDGE('',*,*,#48410,.F.);
#48430=ORIENTED_EDGE('',*,*,#6320,.F.);
#48440=CARTESIAN_POINT('',(-45.9193563628895,19.9999999995128,
-5.15000000006525));
#48450=DIRECTION('',(6.27443588540957E-27,-4.08395604615809E-13,-1.));
#48460=VECTOR('',#48450,1.);
#48470=LINE('',#48440,#48460);
#48480=EDGE_CURVE('',#6230,#2310,#48470,.T.);
#48490=ORIENTED_EDGE('',*,*,#48480,.F.);
#48500=EDGE_LOOP('',(#48490,#48430,#48420,#48350,#48260,#48180,#48090,
#48000,#47990,#47930));
#48510=FACE_OUTER_BOUND('',#48500,.T.);
#48520=ADVANCED_FACE('',(#46940,#47920,#48510),#46750,.F.);
#48530=COLOUR_RGB('',0.,0.443137288093567,0.709803938865662);
#48540=FILL_AREA_STYLE_COLOUR('',#48530);
#48550=FILL_AREA_STYLE('',(#48540));
#48560=SURFACE_STYLE_FILL_AREA(#48550);
#48570=SURFACE_SIDE_STYLE('',(#48560));
#48580=SURFACE_STYLE_USAGE(.BOTH.,#48570);
#48590=PRESENTATION_STYLE_ASSIGNMENT((#48580));
#48600=CARTESIAN_POINT('',(-30.1000000002408,19.9999999995147,
-1.94999999915682));
#48610=DIRECTION('',(-1.23069611928547E-13,1.,0.));
#48620=DIRECTION('',(1.,1.23069611928547E-13,0.));
#48630=AXIS2_PLACEMENT_3D('',#48600,#48610,#48620);
#48640=CYLINDRICAL_SURFACE('',#48630,1.05000000000012);
#48650=CARTESIAN_POINT('',(-30.1000000002408,19.9999999995147,
-1.94999999915682));
#48660=DIRECTION('',(-1.23069611928547E-13,1.,0.));
#48670=DIRECTION('',(1.,1.23069611928547E-13,0.));
#48680=AXIS2_PLACEMENT_3D('',#48650,#48660,#48670);
#48690=CYLINDRICAL_SURFACE('',#48680,1.05000000000012);
#48700=CARTESIAN_POINT('',(-31.5279095060161,11.4532930354735,
-3.90699958433271));
#48710=DIRECTION('',(1.15024702881429E-12,1.19190972364279E-12,1.));
#48720=DIRECTION('',(0.832437998389161,-0.554118199338234,
-2.97050464480574E-13));
#48730=AXIS2_PLACEMENT_3D('',#48700,#48710,#48720);
#48740=CYLINDRICAL_SURFACE('',#48730,1.88598930479382);
#48750=CARTESIAN_POINT('',(-31.1500000002401,13.30103221167,
-1.94999999915682));
#48760=CARTESIAN_POINT('',(-31.1500000002401,13.3010322116699,
-1.97711701288578));
#48770=CARTESIAN_POINT('',(-31.1489479455264,13.3008179946047,
-2.00433882023839));
#48780=CARTESIAN_POINT('',(-31.1468289800219,13.300380821832,
-2.03154193370004));
#48790=CARTESIAN_POINT('',(-31.1447100379048,13.2999436538843,
-2.05874474691624));
#48800=CARTESIAN_POINT('',(-31.1415241732183,13.2992835209456,
-2.08592659871581));
#48810=CARTESIAN_POINT('',(-31.1372777851209,13.2983845010753,
-2.1129564258259));
#48820=CARTESIAN_POINT('',(-31.1330314108091,13.2974854841236,
-2.13998616518591));
#48830=CARTESIAN_POINT('',(-31.1277248179022,13.2963475653208,
-2.1668615208699));
#48840=CARTESIAN_POINT('',(-31.1213868748748,13.2949485429384,
-2.19345194990701));
#48850=CARTESIAN_POINT('',(-31.1150489058518,13.2935495148178,
-2.22004248800664));
#48860=CARTESIAN_POINT('',(-31.1076801950591,13.2918893735406,
-2.24634576881759));
#48870=CARTESIAN_POINT('',(-31.0993306866571,13.2899410293477,
-2.27223931889509));
#48880=CARTESIAN_POINT('',(-31.0909807083179,13.2879925754958,
-2.29813432634486));
#48890=CARTESIAN_POINT('',(-31.0816527221928,13.2857564122034,
-2.3236124941289));
#48900=CARTESIAN_POINT('',(-31.0714079851763,13.2832006886834,
-2.34858063943216));
#48910=CARTESIAN_POINT('',(-31.0611546417561,13.2806428181499,
-2.37356975998692));
#48920=CARTESIAN_POINT('',(-31.0499067581718,13.2777459771713,
-2.39823187390702));
#48930=CARTESIAN_POINT('',(-31.0377112662712,13.2744633579738,
-2.42243791207062));
#48940=CARTESIAN_POINT('',(-31.0255159274397,13.2711807799774,
-2.44664364641763));
#48950=CARTESIAN_POINT('',(-31.0123741124378,13.2675124539646,
-2.4703905058763));
#48960=CARTESIAN_POINT('',(-30.9983606959362,13.2634128424333,
-2.49355134027261));
#48970=CARTESIAN_POINT('',(-30.9843473112196,13.2593132402006,
-2.51671212213586));
#48980=CARTESIAN_POINT('',(-30.9694639970123,13.2547825099684,
-2.53928399740091));
#48990=CARTESIAN_POINT('',(-30.9538105010263,13.2497801604691,
-2.56115270409063));
#49000=CARTESIAN_POINT('',(-30.9381568796709,13.2447777709058,
-2.58302158592769));
#49010=CARTESIAN_POINT('',(-30.921735229779,13.2393041169901,
-2.60418452227692));
#49020=CARTESIAN_POINT('',(-30.9046633445607,13.2333267093222,
-2.62454940602554));
#49030=CARTESIAN_POINT('',(-30.8961274552604,13.2303380241534,
-2.63473178430832));
#49040=CARTESIAN_POINT('',(-30.8874294384026,13.2272236101305,
-2.64471479489404));
#49050=CARTESIAN_POINT('',(-30.8785850161801,13.2239802932079,
-2.65448944049269));
#49060=CARTESIAN_POINT('',(-30.8697418122433,13.22073742304,
-2.66426273967093));
#49070=CARTESIAN_POINT('',(-30.8607548967356,13.2173669804247,
-2.67382624115248));
#49080=CARTESIAN_POINT('',(-30.8515849057568,13.2138442823527,
-2.68322583735373));
#49090=CARTESIAN_POINT('',(-30.8332528684162,13.2068019381731,
-2.7020168862159));
#49100=CARTESIAN_POINT('',(-30.8142574258577,13.1991756173086,
-2.72007478652574));
#49110=CARTESIAN_POINT('',(-30.7947210146807,13.1909323231227,
-2.73731360382911));
#49120=CARTESIAN_POINT('',(-30.7751848572768,13.1826891360152,
-2.75455219720451));
#49130=CARTESIAN_POINT('',(-30.7551108399547,13.1738297947386,
-2.7709687652192));
#49140=CARTESIAN_POINT('',(-30.7346453342506,13.1643417231549,
-2.78649584496303));
#49150=CARTESIAN_POINT('',(-30.7141798280171,13.1548536513257,
-2.80202292510861));
#49160=CARTESIAN_POINT('',(-30.6933264623353,13.1447381280695,
-2.81665795005537));
#49170=CARTESIAN_POINT('',(-30.6722434962222,13.1340045923748,
-2.83036207315489));
#49180=CARTESIAN_POINT('',(-30.6511602563512,13.1232709173074,
-2.8440663741996));
#49190=CARTESIAN_POINT('',(-30.6298511452213,13.1119209060886,
-2.85683783732549));
#49200=CARTESIAN_POINT('',(-30.6084717971502,13.0999836431223,
-2.86867101303934));
#49210=CARTESIAN_POINT('',(-30.5977797359495,13.0940136787539,
-2.87458892215938));
#49220=CARTESIAN_POINT('',(-30.5870807884255,13.0879034095625,
-2.88026713489905));
#49230=CARTESIAN_POINT('',(-30.5763631412403,13.0816404104168,
-2.88572333321267));
#49240=CARTESIAN_POINT('',(-30.5656407703254,13.0753746508972,
-2.89118193630834));
#49250=CARTESIAN_POINT('',(-30.5548846503439,13.068947013983,
-2.89642555929557));
#49260=CARTESIAN_POINT('',(-30.5441100357938,13.0623593051447,
-2.90145482011331));
#49270=CARTESIAN_POINT('',(-30.5225606588854,13.0491837970965,
-2.91151341074122));
#49280=CARTESIAN_POINT('',(-30.5009381262231,13.0353672647882,
-2.92071300834403));
#49290=CARTESIAN_POINT('',(-30.4793679681514,13.0209397753924,
-2.92907095926746));
#49300=CARTESIAN_POINT('',(-30.4577979045934,13.0065123492135,
-2.93742887356898));
#49310=CARTESIAN_POINT('',(-30.4362826845218,12.991475426577,
-2.94494433709099));
#49320=CARTESIAN_POINT('',(-30.4149456339164,12.9758786906029,
-2.95165325644488));
#49330=CARTESIAN_POINT('',(-30.3936084959956,12.960281890804,
-2.95836220325295));
#49340=CARTESIAN_POINT('',(-30.372451691625,12.9441268190276,
-2.96426421294286));
#49350=CARTESIAN_POINT('',(-30.3515877113759,12.9274784692834,
-2.96941337144788));
#49360=CARTESIAN_POINT('',(-30.341155343487,12.9191539929753,
-2.97198804393133));
#49370=CARTESIAN_POINT('',(-30.330797940963,12.9107080244291,
-2.97437432372639));
#49380=CARTESIAN_POINT('',(-30.3205229916955,12.9021454996117,
-2.97658151576411));
#49390=CARTESIAN_POINT('',(-30.3102444249209,12.8935799601814,
-2.97878948488917));
#49400=CARTESIAN_POINT('',(-30.3000275160601,12.8848804008279,
-2.98082269354075));
#49410=CARTESIAN_POINT('',(-30.289880908332,12.876051219115,
-2.98268835521705));
#49420=CARTESIAN_POINT('',(-30.2695876513101,12.8583928195203,
-2.98641968621237));
#49430=CARTESIAN_POINT('',(-30.2495761861567,12.8402155918737,
-2.98948045656938));
#49440=CARTESIAN_POINT('',(-30.2299128740002,12.8215621614418,
-2.99193216836539));
#49450=CARTESIAN_POINT('',(-30.2102496026553,12.8029087697254,
-2.99438387507283));
#49460=CARTESIAN_POINT('',(-30.1909352262807,12.7837798456728,
-2.99622649022299));
#49470=CARTESIAN_POINT('',(-30.1720303040357,12.764226766613,
-2.99752643573748));
#49480=CARTESIAN_POINT('',(-30.1531253630683,12.744673668189,
-2.99882638253937));
#49490=CARTESIAN_POINT('',(-30.1346304868432,12.7246970629578,
-2.99958371504318));
#49500=CARTESIAN_POINT('',(-30.1165981275508,12.7043549247567,
-2.99986880151739));
#49510=CARTESIAN_POINT('',(-30.0985581127065,12.684004150398,
-3.0001540090237));
#49520=CARTESIAN_POINT('',(-30.0810134919758,12.663327487489,
-2.99996775596614));
#49530=CARTESIAN_POINT('',(-30.0639128486166,12.6422713552613,
-2.99937968139198));
#49540=CARTESIAN_POINT('',(-30.0468077826389,12.621209777435,
-2.99879145472825));
#49550=CARTESIAN_POINT('',(-30.0301414907517,12.5997593032651,
-2.99779964269847));
#49560=CARTESIAN_POINT('',(-30.0139387511517,12.577947743025,
-2.99646713261379));
#49570=CARTESIAN_POINT('',(-29.9977360318081,12.5561362100534,
-2.99513462419499));
#49580=CARTESIAN_POINT('',(-29.9819969848157,12.5339637324983,
-2.99346142068826));
#49590=CARTESIAN_POINT('',(-29.9667443925611,12.5114608606948,
-2.9915099333497));
#49600=CARTESIAN_POINT('',(-29.9514918106121,12.4889580040954,
-2.98955844732968));
#49610=CARTESIAN_POINT('',(-29.9367257971961,12.4661249081972,
-2.98732870362555));
#49620=CARTESIAN_POINT('',(-29.9224666641563,12.442994474961,
-2.98488255992367));
#49630=CARTESIAN_POINT('',(-29.9082075320762,12.4198640432814,
-2.9824364163864));
#49640=CARTESIAN_POINT('',(-29.8944553833249,12.3964364359813,
-2.97977391767522));
#49650=CARTESIAN_POINT('',(-29.8812276753249,12.3727464634805,
-2.97695602053824));
#49660=CARTESIAN_POINT('',(-29.8679999594117,12.3490564768076,
-2.97413812171551));
#49670=CARTESIAN_POINT('',(-29.8552967759476,12.3251042925531,
-2.97116488430132));
#49680=CARTESIAN_POINT('',(-29.843132429418,12.3009261282513,
-2.96809579575965));
#49690=CARTESIAN_POINT('',(-29.8309680661006,12.2767479305816,
-2.96502670298237));
#49700=CARTESIAN_POINT('',(-29.8193426215656,12.2523439304111,
-2.96186183082882));
#49710=CARTESIAN_POINT('',(-29.8082670202983,12.2277511551394,
-2.9586584489874));
#49720=CARTESIAN_POINT('',(-29.7971901445629,12.2031555499804,
-2.95545469853327));
#49730=CARTESIAN_POINT('',(-29.7866760412552,12.1784074734857,
-2.95221709001765));
#49740=CARTESIAN_POINT('',(-29.7766523719121,12.1533316830153,
-2.94897262703762));
#49750=CARTESIAN_POINT('',(-29.7666337979447,12.1282686394311,
-2.94572981332964));
#49760=CARTESIAN_POINT('',(-29.7571329604403,12.102939143559,
-2.94248814860908));
#49770=CARTESIAN_POINT('',(-29.7481680902497,12.077373279359,
-2.93929990672427));
#49780=CARTESIAN_POINT('',(-29.7392032381354,12.0518074667085,
-2.93611167126803));
#49790=CARTESIAN_POINT('',(-29.7307744285803,12.0260054369868,
-2.93297695993651));
#49800=CARTESIAN_POINT('',(-29.7228978292475,11.9999999995149,
-2.92994589186375));
#49810=B_SPLINE_CURVE_WITH_KNOTS('',3,(#48750,#48760,#48770,#48780,
#48790,#48800,#48810,#48820,#48830,#48840,#48850,#48860,#48870,#48880,
#48890,#48900,#48910,#48920,#48930,#48940,#48950,#48960,#48970,#48980,
#48990,#49000,#49010,#49020,#49030,#49040,#49050,#49060,#49070,#49080,
#49090,#49100,#49110,#49120,#49130,#49140,#49150,#49160,#49170,#49180,
#49190,#49200,#49210,#49220,#49230,#49240,#49250,#49260,#49270,#49280,
#49290,#49300,#49310,#49320,#49330,#49340,#49350,#49360,#49370,#49380,
#49390,#49400,#49410,#49420,#49430,#49440,#49450,#49460,#49470,#49480,
#49490,#49500,#49510,#49520,#49530,#49540,#49550,#49560,#49570,#49580,
#49590,#49600,#49610,#49620,#49630,#49640,#49650,#49660,#49670,#49680,
#49690,#49700,#49710,#49720,#49730,#49740,#49750,#49760,#49770,#49780,
#49790,#49800),.UNSPECIFIED.,.F.,.F.,(4,3,3,3,3,3,3,3,3,3,3,3,3,3,3,3,3,
3,3,3,3,3,3,3,3,3,3,3,3,3,3,3,3,3,3,4),(0.,0.0816275916173059,
0.16364651870703,0.245789519536614,0.327781115032779,0.409369721853505,
0.491042058174801,0.573087768698048,0.655212053709867,0.737121833056687,
0.777915014973304,0.81863071126859,0.900410354184038,0.982502061518804,
1.06461491551778,1.14644153106792,1.1871655403514,1.22790521378586,
1.30959429966236,1.39140998608508,1.47311095554137,1.5138334286541,
1.55454331771358,1.63610885824479,1.71778547281955,1.79942284383753,
1.88085962429263,1.96237566881235,2.04406843502762,2.1258810512339,
2.20773093837179,2.28951715481513,2.3711275966847,2.45256813745451,
2.53427256319346,2.61621008374523),.UNSPECIFIED.);
#49820=SURFACE_CURVE('',#49810,(#48690,#48740),.CURVE_3D.);
#49830=CARTESIAN_POINT('',(-31.1500000002401,13.30103221167,
-1.94999999915682));
#49840=VERTEX_POINT('',#49830);
#49850=CARTESIAN_POINT('',(-29.7228978292475,11.9999999995149,
-2.92994589186375));
#49860=VERTEX_POINT('',#49850);
#49870=EDGE_CURVE('',#49840,#49860,#49820,.T.);
#49880=ORIENTED_EDGE('',*,*,#49870,.T.);
#49890=CARTESIAN_POINT('',(-31.1500000002409,19.9999999995146,
-1.94999999915682));
#49900=DIRECTION('',(-1.23069611928547E-13,1.,0.));
#49910=VECTOR('',#49900,1.);
#49920=LINE('',#49890,#49910);
#49930=EDGE_CURVE('',#49840,#46840,#49920,.T.);
#49940=ORIENTED_EDGE('',*,*,#49930,.F.);
#49950=ORIENTED_EDGE('',*,*,#46850,.T.);
#49960=ORIENTED_EDGE('',*,*,#46910,.T.);
#49970=CARTESIAN_POINT('',(-29.0500000002407,19.9999999995148,
-1.94999999915682));
#49980=DIRECTION('',(-1.23069611928547E-13,1.,0.));
#49990=VECTOR('',#49980,1.);
#50000=LINE('',#49970,#49990);
#50010=CARTESIAN_POINT('',(-29.0500000002397,11.9999999995149,
-1.94999999915682));
#50020=VERTEX_POINT('',#50010);
#50030=EDGE_CURVE('',#50020,#46880,#50000,.T.);
#50040=ORIENTED_EDGE('',*,*,#50030,.T.);
#50050=CARTESIAN_POINT('',(-30.1000000002398,11.9999999995147,
-1.94999999915682));
#50060=DIRECTION('',(-1.23069611928547E-13,1.,0.));
#50070=DIRECTION('',(1.,1.23069611928547E-13,0.));
#50080=AXIS2_PLACEMENT_3D('',#50050,#50060,#50070);
#50090=CIRCLE('',#50080,1.05000000000012);
#50100=EDGE_CURVE('',#50020,#49860,#50090,.T.);
#50110=ORIENTED_EDGE('',*,*,#50100,.F.);
#50120=EDGE_LOOP('',(#50110,#50040,#49960,#49950,#49940,#49880));
#50130=FACE_OUTER_BOUND('',#50120,.T.);
#50140=ADVANCED_FACE('',(#50130),#48640,.F.);
#50150=COLOUR_RGB('',0.,0.443137288093567,0.709803938865662);
#50160=FILL_AREA_STYLE_COLOUR('',#50150);
#50170=FILL_AREA_STYLE('',(#50160));
#50180=SURFACE_STYLE_FILL_AREA(#50170);
#50190=SURFACE_SIDE_STYLE('',(#50180));
#50200=SURFACE_STYLE_USAGE(.BOTH.,#50190);
#50210=PRESENTATION_STYLE_ASSIGNMENT((#50200));
#50220=CARTESIAN_POINT('',(-37.2749032737084,11.9999999995138,
-4.96931276224859));
#50230=DIRECTION('',(-1.23069611928547E-13,1.,0.));
#50240=DIRECTION('',(1.,1.23069611928547E-13,0.));
#50250=AXIS2_PLACEMENT_3D('',#50220,#50230,#50240);
#50260=PLANE('',#50250);
#50270=CARTESIAN_POINT('',(-29.7228978292447,11.9999999995151,
-0.970054106451006));
#50280=VERTEX_POINT('',#50270);
#50290=EDGE_CURVE('',#50280,#50020,#50090,.T.);
#50300=ORIENTED_EDGE('',*,*,#50290,.T.);
#50310=CARTESIAN_POINT('',(-29.7228978292481,11.9999999995118,
-3.90699958433544));
#50320=DIRECTION('',(1.15024702881429E-12,1.19190972364279E-12,1.));
#50330=VECTOR('',#50320,1.);
#50340=LINE('',#50310,#50330);
#50350=EDGE_CURVE('',#49860,#50280,#50340,.T.);
#50360=ORIENTED_EDGE('',*,*,#50350,.T.);
#50370=ORIENTED_EDGE('',*,*,#50100,.T.);
#50380=EDGE_LOOP('',(#50370,#50360,#50300));
#50390=FACE_OUTER_BOUND('',#50380,.T.);
#50400=ADVANCED_FACE('',(#50390),#50260,.T.);
#50410=COLOUR_RGB('',0.,0.443137288093567,0.709803938865662);
#50420=FILL_AREA_STYLE_COLOUR('',#50410);
#50430=FILL_AREA_STYLE('',(#50420));
#50440=SURFACE_STYLE_FILL_AREA(#50430);
#50450=SURFACE_SIDE_STYLE('',(#50440));
#50460=SURFACE_STYLE_USAGE(.BOTH.,#50450);
#50470=PRESENTATION_STYLE_ASSIGNMENT((#50460));
#50480=ORIENTED_EDGE('',*,*,#50350,.F.);
#50490=CARTESIAN_POINT('',(-29.7228978292447,11.9999999995151,
-0.970054106451006));
#50500=CARTESIAN_POINT('',(-29.7307744285802,12.0260054369965,
-0.967023038377136));
#50510=CARTESIAN_POINT('',(-29.7392032381357,12.051807466718,
-0.963888327045532));
#50520=CARTESIAN_POINT('',(-29.7481680902468,12.0773732793594,
-0.960700091590424));
#50530=CARTESIAN_POINT('',(-29.7571329604373,12.1029391435594,
-0.95751184970559));
#50540=CARTESIAN_POINT('',(-29.7666337979417,12.1282686394316,
-0.954270184984998));
#50550=CARTESIAN_POINT('',(-29.7766523719091,12.1533316830159,
-0.951027371276991));
#50560=CARTESIAN_POINT('',(-29.7866760412486,12.1784074734774,
-0.947782908298099));
#50570=CARTESIAN_POINT('',(-29.7971901445559,12.2031555499724,
-0.944545299782427));
#50580=CARTESIAN_POINT('',(-29.8082670202952,12.2277511551402,
-0.941341549327115));
#50590=CARTESIAN_POINT('',(-29.8193426215626,12.2523439304119,
-0.938138167485669));
#50600=CARTESIAN_POINT('',(-29.8309680660976,12.2767479305825,
-0.934973295332092));
#50610=CARTESIAN_POINT('',(-29.8431324294149,12.3009261282522,
-0.931904202554777));
#50620=CARTESIAN_POINT('',(-29.8552967759418,12.3251042925487,
-0.928835114013737));
#50630=CARTESIAN_POINT('',(-29.8679999594056,12.3490564768034,
-0.925861876599457));
#50640=CARTESIAN_POINT('',(-29.8812276753217,12.3727464634815,
-0.923043977776068));
#50650=CARTESIAN_POINT('',(-29.8944553833217,12.3964364359824,
-0.920226080639045));
#50660=CARTESIAN_POINT('',(-29.908207532073,12.4198640432825,
-0.917563581927829));
#50670=CARTESIAN_POINT('',(-29.9224666641532,12.4429944749622,
-0.915117438390516));
#50680=CARTESIAN_POINT('',(-29.9367257971942,12.4661249082005,
-0.912671294688372));
#50690=CARTESIAN_POINT('',(-29.9514918106102,12.4889580040987,
-0.910441550984241));
#50700=CARTESIAN_POINT('',(-29.966744392558,12.5114608606961,
-0.908490064964344));
#50710=CARTESIAN_POINT('',(-29.9819969848125,12.5339637324997,
-0.906538577625739));
#50720=CARTESIAN_POINT('',(-29.997736031805,12.5561362100548,
-0.904865374118964));
#50730=CARTESIAN_POINT('',(-30.0139387511486,12.5779477430265,
-0.903532865700109));
#50740=CARTESIAN_POINT('',(-30.030141490747,12.5997593032646,
-0.902200355615497));
#50750=CARTESIAN_POINT('',(-30.0468077826341,12.6212097774346,
-0.901208543585602));
#50760=CARTESIAN_POINT('',(-30.0639128486135,12.6422713552629,
-0.900620316921768));
#50770=CARTESIAN_POINT('',(-30.0810134919727,12.6633274874907,
-0.900032242347557));
#50780=CARTESIAN_POINT('',(-30.0985581127034,12.6840041503998,
-0.89984598928994));
#50790=CARTESIAN_POINT('',(-30.1165981275477,12.7043549247584,
-0.900131196796198));
#50800=CARTESIAN_POINT('',(-30.1346304868498,12.7246970629706,
-0.900416283270511));
#50810=CARTESIAN_POINT('',(-30.1531253630753,12.7446736682013,
-0.901173615774814));
#50820=CARTESIAN_POINT('',(-30.1720303040327,12.7642267666149,
-0.902473562575949));
#50830=CARTESIAN_POINT('',(-30.1909352262648,12.7837798456613,
-0.903773508089497));
#50840=CARTESIAN_POINT('',(-30.2102496026388,12.8029087697145,
-0.905616123238809));
#50850=CARTESIAN_POINT('',(-30.2299128739973,12.8215621614438,
-0.908067829947886));
#50860=CARTESIAN_POINT('',(-30.2495761861538,12.8402155918757,
-0.910519541743841));
#50870=CARTESIAN_POINT('',(-30.2695876513072,12.8583928195224,
-0.913580312100801));
#50880=CARTESIAN_POINT('',(-30.2898809083292,12.8760512191171,
-0.917311643096068));
#50890=CARTESIAN_POINT('',(-30.3000275160573,12.88488040083,
-0.919177304772348));
#50900=CARTESIAN_POINT('',(-30.3102444249181,12.8935799601835,
-0.92121051342391));
#50910=CARTESIAN_POINT('',(-30.3205229916928,12.9021454996138,
-0.923418482548936));
#50920=CARTESIAN_POINT('',(-30.3307979409603,12.9107080244312,
-0.925625674586631));
#50930=CARTESIAN_POINT('',(-30.3411553434844,12.9191539929775,
-0.928011954381678));
#50940=CARTESIAN_POINT('',(-30.3515877113733,12.9274784692856,
-0.930586626865101));
#50950=CARTESIAN_POINT('',(-30.3724516916224,12.9441268190298,
-0.935735785370063));
#50960=CARTESIAN_POINT('',(-30.3936084959931,12.9602818908062,
-0.941637795059942));
#50970=CARTESIAN_POINT('',(-30.4149456339138,12.9758786906051,
-0.94834674186797));
#50980=CARTESIAN_POINT('',(-30.4362826845193,12.9914754265792,
-0.955055661221809));
#50990=CARTESIAN_POINT('',(-30.457797904591,13.0065123492157,
-0.962571124743781));
#51000=CARTESIAN_POINT('',(-30.4793679681491,13.0209397753947,
-0.970929039045265));
#51010=CARTESIAN_POINT('',(-30.5009381262207,13.0353672647904,
-0.979286989968654));
#51020=CARTESIAN_POINT('',(-30.5225606588832,13.0491837970988,
-0.988486587571452));
#51030=CARTESIAN_POINT('',(-30.5441100357917,13.062359305147,
-0.998545178199332));
#51040=CARTESIAN_POINT('',(-30.5548846503418,13.0689470139853,
-1.00357443901706));
#51050=CARTESIAN_POINT('',(-30.5656407703233,13.0753746508995,
-1.00881806200427));
#51060=CARTESIAN_POINT('',(-30.5763631412382,13.0816404104191,
-1.01427666509994));
#51070=CARTESIAN_POINT('',(-30.5870807884235,13.0879034095648,
-1.01973286341355));
#51080=CARTESIAN_POINT('',(-30.5977797359476,13.0940136787562,
-1.02541107615319));
#51090=CARTESIAN_POINT('',(-30.6084717971483,13.0999836431246,
-1.03132898527322));
#51100=CARTESIAN_POINT('',(-30.6298511452195,13.1119209060909,
-1.04316216098706));
#51110=CARTESIAN_POINT('',(-30.6511602563494,13.1232709173096,
-1.05593362411291));
#51120=CARTESIAN_POINT('',(-30.6722434962205,13.134004592377,
-1.06963792515763));
#51130=CARTESIAN_POINT('',(-30.6933264623145,13.144738128062,
-1.08334204824468));
#51140=CARTESIAN_POINT('',(-30.714179827997,13.1548536513193,
-1.09797707318981));
#51150=CARTESIAN_POINT('',(-30.7346453342491,13.1643417231571,
-1.11350415334946));
#51160=CARTESIAN_POINT('',(-30.7551108399477,13.1738297947382,
-1.12903123308907));
#51170=CARTESIAN_POINT('',(-30.7751848572702,13.1826891360151,
-1.14544780110331));
#51180=CARTESIAN_POINT('',(-30.7947210146794,13.1909323231248,
-1.16268639448339));
#51190=CARTESIAN_POINT('',(-30.8142574258573,13.199175617311,
-1.17992521178756));
#51200=CARTESIAN_POINT('',(-30.8332528684159,13.2068019381754,
-1.19798311209751));
#51210=CARTESIAN_POINT('',(-30.8515849057557,13.2138442823547,
-1.2167741609588));
#51220=CARTESIAN_POINT('',(-30.8607548967357,13.2173669804272,
-1.22617375716127));
#51230=CARTESIAN_POINT('',(-30.8697418122434,13.2207374230424,
-1.23573725864285));
#51240=CARTESIAN_POINT('',(-30.8785850161792,13.2239802932099,
-1.24551055781987));
#51250=CARTESIAN_POINT('',(-30.8874294384017,13.2272236101324,
-1.25528520341855));
#51260=CARTESIAN_POINT('',(-30.8961274552595,13.2303380241552,
-1.26526821400425));
#51270=CARTESIAN_POINT('',(-30.9046633445599,13.2333267093241,
-1.27545059228705));
#51280=CARTESIAN_POINT('',(-30.9217352297782,13.2393041169919,
-1.29581547603571));
#51290=CARTESIAN_POINT('',(-30.9381568796701,13.2447777709075,
-1.31697841238492));
#51300=CARTESIAN_POINT('',(-30.9538105010256,13.2497801604708,
-1.33884729422203));
#51310=CARTESIAN_POINT('',(-30.9694639970141,13.2547825099708,
-1.3607160009152));
#51320=CARTESIAN_POINT('',(-30.9843473112212,13.2593132402029,
-1.38328787618051));
#51330=CARTESIAN_POINT('',(-30.9983606959357,13.2634128424348,
-1.40644865804014));
#51340=CARTESIAN_POINT('',(-31.0123741124327,13.2675124539647,
-1.4296094924289));
#51350=CARTESIAN_POINT('',(-31.0255159274352,13.2711807799777,
-1.45335635188729));
#51360=CARTESIAN_POINT('',(-31.0377112662708,13.2744633579751,
-1.47756208624224));
#51370=CARTESIAN_POINT('',(-31.0499067581714,13.2777459771725,
-1.5017681244059));
#51380=CARTESIAN_POINT('',(-31.0611546417558,13.2806428181511,
-1.52643023832601));
#51390=CARTESIAN_POINT('',(-31.071407985176,13.2832006886845,
-1.55141935888082));
#51400=CARTESIAN_POINT('',(-31.0816527221926,13.2857564122044,
-1.57638750418411));
#51410=CARTESIAN_POINT('',(-31.0909807083177,13.2879925754968,
-1.6018656719682));
#51420=CARTESIAN_POINT('',(-31.0993306866569,13.2899410293487,
-1.62776067941801));
#51430=CARTESIAN_POINT('',(-31.1076801950589,13.2918893735414,
-1.65365422949554));
#51440=CARTESIAN_POINT('',(-31.1150489058517,13.2935495148186,
-1.67995751030655));
#51450=CARTESIAN_POINT('',(-31.1213868748747,13.2949485429391,
-1.70654804840622));
#51460=CARTESIAN_POINT('',(-31.1277248179021,13.2963475653214,
-1.73313847744338));
#51470=CARTESIAN_POINT('',(-31.1330314108091,13.2974854841241,
-1.76001383312741));
#51480=CARTESIAN_POINT('',(-31.1372777851209,13.2983845010758,
-1.78704357248747));
#51490=CARTESIAN_POINT('',(-31.1415241732174,13.2992835209458,
-1.8140733995922));
#51500=CARTESIAN_POINT('',(-31.1447100379043,13.2999436538846,
-1.84125525139178));
#51510=CARTESIAN_POINT('',(-31.1468289800219,13.3003808218322,
-1.86845806461346));
#51520=CARTESIAN_POINT('',(-31.148947945526,13.3008179946048,
-1.89566117807061));
#51530=CARTESIAN_POINT('',(-31.1500000002401,13.30103221167,
-1.92288298542324));
#51540=CARTESIAN_POINT('',(-31.1500000002401,13.30103221167,
-1.94999999915682));
#51550=B_SPLINE_CURVE_WITH_KNOTS('',3,(#50490,#50500,#50510,#50520,
#50530,#50540,#50550,#50560,#50570,#50580,#50590,#50600,#50610,#50620,
#50630,#50640,#50650,#50660,#50670,#50680,#50690,#50700,#50710,#50720,
#50730,#50740,#50750,#50760,#50770,#50780,#50790,#50800,#50810,#50820,
#50830,#50840,#50850,#50860,#50870,#50880,#50890,#50900,#50910,#50920,
#50930,#50940,#50950,#50960,#50970,#50980,#50990,#51000,#51010,#51020,
#51030,#51040,#51050,#51060,#51070,#51080,#51090,#51100,#51110,#51120,
#51130,#51140,#51150,#51160,#51170,#51180,#51190,#51200,#51210,#51220,
#51230,#51240,#51250,#51260,#51270,#51280,#51290,#51300,#51310,#51320,
#51330,#51340,#51350,#51360,#51370,#51380,#51390,#51400,#51410,#51420,
#51430,#51440,#51450,#51460,#51470,#51480,#51490,#51500,#51510,#51520,
#51530,#51540),.UNSPECIFIED.,.F.,.F.,(4,3,3,3,3,3,3,3,3,3,3,3,3,3,3,3,3,
3,3,3,3,3,3,3,3,3,3,3,3,3,3,3,3,3,3,4),(0.,0.0819375205519521,
0.163641946291093,0.245082487061044,0.326692928930705,0.408479145374146,
0.490329032512143,0.572141648718561,0.653834414933959,0.735350459453831,
0.816787239909051,0.898424610927164,0.980101225502062,1.0616667660334,
1.10237665509295,1.14309912820573,1.22480009766215,1.30661578408499,
1.38830486996163,1.42904454339618,1.46976855267972,1.55159516823,
1.63370802222909,1.71579972956401,1.79757937247959,1.83829506877495,
1.87908825069162,1.96099803003858,2.04312231505053,2.12516802557391,
2.20684036189535,2.28842896871621,2.37042056421251,2.45256356504223,
2.53458249213208,2.61621008374952),.UNSPECIFIED.);
#51560=SURFACE_CURVE('',#51550,(#48690,#48740),.CURVE_3D.);
#51570=EDGE_CURVE('',#50280,#49840,#51560,.T.);
#51580=ORIENTED_EDGE('',*,*,#51570,.F.);
#51590=ORIENTED_EDGE('',*,*,#49870,.F.);
#51600=EDGE_LOOP('',(#51590,#51580,#50480));
#51610=FACE_OUTER_BOUND('',#51600,.T.);
#51620=ADVANCED_FACE('',(#51610),#48740,.T.);
#51630=COLOUR_RGB('',0.823529481887817,0.823529481887817,
0.784313797950745);
#51640=FILL_AREA_STYLE_COLOUR('',#51630);
#51650=FILL_AREA_STYLE('',(#51640));
#51660=SURFACE_STYLE_FILL_AREA(#51650);
#51670=SURFACE_SIDE_STYLE('',(#51660));
#51680=SURFACE_STYLE_USAGE(.BOTH.,#51670);
#51690=PRESENTATION_STYLE_ASSIGNMENT((#51680));
#51700=CARTESIAN_POINT('',(-37.2749032737094,19.8999999995138,
-4.96931276224859));
#51710=DIRECTION('',(-1.23069611928547E-13,1.,0.));
#51720=DIRECTION('',(1.,1.23069611928547E-13,0.));
#51730=AXIS2_PLACEMENT_3D('',#51700,#51710,#51720);
#51740=PLANE('',#51730);
#51750=CARTESIAN_POINT('',(-32.8000000020839,19.8999999995144,
-5.15000000006521));
#51760=DIRECTION('',(1.12078073914497E-29,0.,1.));
#51770=VECTOR('',#51760,1.);
#51780=LINE('',#51750,#51770);
#51790=CARTESIAN_POINT('',(-32.8000000020839,19.8999999995144,
-3.72500001113529));
#51800=VERTEX_POINT('',#51790);
#51810=CARTESIAN_POINT('',(-32.8000000020839,19.8999999995144,
-2.71651519637214));
#51820=VERTEX_POINT('',#51810);
#51830=EDGE_CURVE('',#51800,#51820,#51780,.T.);
#51840=ORIENTED_EDGE('',*,*,#51830,.T.);
#51850=CARTESIAN_POINT('',(-33.3000000003025,19.8999999995143,
-3.72500001110426));
#51860=DIRECTION('',(-1.,-1.23069611928547E-13,6.20550663018633E-11));
#51870=VECTOR('',#51860,1.);
#51880=LINE('',#51850,#51870);
#51890=CARTESIAN_POINT('',(-31.1500000006168,19.8999999995146,
-3.72500001123768));
#51900=VERTEX_POINT('',#51890);
#51910=EDGE_CURVE('',#51900,#51800,#51880,.T.);
#51920=ORIENTED_EDGE('',*,*,#51910,.T.);
#51930=CARTESIAN_POINT('',(-31.1500000003866,19.8999999995146,
-0.163201688662695));
#51940=DIRECTION('',(-6.46126427215532E-11,-7.9518693859216E-24,-1.));
#51950=VECTOR('',#51940,1.);
#51960=LINE('',#51930,#51950);
#51970=CARTESIAN_POINT('',(-31.150000000564,19.8999999995146,
-2.90750994030138));
#51980=VERTEX_POINT('',#51970);
#51990=EDGE_CURVE('',#51980,#51900,#51960,.T.);
#52000=ORIENTED_EDGE('',*,*,#51990,.T.);
#52010=CARTESIAN_POINT('',(-31.4126345602332,19.8999999995146,
-2.64487538063197));
#52020=DIRECTION('',(0.707106781186271,8.70233571526384E-14,
-0.707106781186824));
#52030=VECTOR('',#52020,1.);
#52040=LINE('',#52010,#52030);
#52050=CARTESIAN_POINT('',(-31.5500000098949,19.8999999995146,
-2.50750993097009));
#52060=VERTEX_POINT('',#52050);
#52070=EDGE_CURVE('',#52060,#51980,#52040,.T.);
#52080=ORIENTED_EDGE('',*,*,#52070,.T.);
#52090=CARTESIAN_POINT('',(-31.5500000037266,19.8999999995145,
-1.96324587145055));
#52100=DIRECTION('',(1.13333991821342E-8,1.39479705818123E-21,1.));
#52110=VECTOR('',#52100,1.);
#52120=LINE('',#52090,#52110);
#52130=CARTESIAN_POINT('',(-31.5499999944672,19.8999999995145,
-1.14624578095682));
#52140=VERTEX_POINT('',#52130);
#52150=EDGE_CURVE('',#52060,#52140,#52120,.T.);
#52160=ORIENTED_EDGE('',*,*,#52150,.F.);
#52170=CARTESIAN_POINT('',(-31.4324335500314,19.8999999995146,
-1.02867933651983));
#52180=DIRECTION('',(0.707106781183035,8.70233571522401E-14,
0.70710678119006));
#52190=VECTOR('',#52180,1.);
#52200=LINE('',#52170,#52190);
#52210=CARTESIAN_POINT('',(-31.1500000004243,19.8999999995146,
-0.74624578690997));
#52220=VERTEX_POINT('',#52210);
#52230=EDGE_CURVE('',#52140,#52220,#52200,.T.);
#52240=ORIENTED_EDGE('',*,*,#52230,.F.);
#52250=CARTESIAN_POINT('',(-31.1500000003866,19.8999999995146,
-0.163201688662695));
#52260=DIRECTION('',(-6.46126427215532E-11,-7.9518693859216E-24,-1.));
#52270=VECTOR('',#52260,1.);
#52280=LINE('',#52250,#52270);
#52290=CARTESIAN_POINT('',(-31.1500000003787,19.8999999995146,
0.124999988640115));
#52300=VERTEX_POINT('',#52290);
#52310=EDGE_CURVE('',#52300,#52220,#52280,.T.);
#52320=ORIENTED_EDGE('',*,*,#52310,.T.);
#52330=CARTESIAN_POINT('',(-38.5000000167488,19.8999999995137,
0.124999989121068));
#52340=DIRECTION('',(-1.,-1.23069611928547E-13,6.54359382730873E-11));
#52350=VECTOR('',#52340,1.);
#52360=LINE('',#52330,#52350);
#52370=CARTESIAN_POINT('',(-32.8000000020839,19.8999999995144,
0.124999988748084));
#52380=VERTEX_POINT('',#52370);
#52390=EDGE_CURVE('',#52300,#52380,#52360,.T.);
#52400=ORIENTED_EDGE('',*,*,#52390,.F.);
#52410=CARTESIAN_POINT('',(-32.8000000020839,19.8999999995144,
-5.15000000006521));
#52420=DIRECTION('',(1.12078073914497E-29,0.,1.));
#52430=VECTOR('',#52420,1.);
#52440=LINE('',#52410,#52430);
#52450=CARTESIAN_POINT('',(-32.8000000020839,19.8999999995144,
-0.883484918334779));
#52460=VERTEX_POINT('',#52450);
#52470=EDGE_CURVE('',#52460,#52380,#52440,.T.);
#52480=ORIENTED_EDGE('',*,*,#52470,.T.);
#52490=CARTESIAN_POINT('',(-33.2000000020209,19.8999999995144,
-1.80000005735346));
#52500=DIRECTION('',(1.23069611928547E-13,-1.,0.));
#52510=DIRECTION('',(-4.04877502548742E-11,-4.98282413061042E-24,-1.));
#52520=AXIS2_PLACEMENT_3D('',#52490,#52500,#52510);
#52530=CIRCLE('',#52520,1.);
#52540=EDGE_CURVE('',#51820,#52460,#52530,.T.);
#52550=ORIENTED_EDGE('',*,*,#52540,.T.);
#52560=EDGE_LOOP('',(#52550,#52480,#52400,#52320,#52240,#52160,#52080,
#52000,#51920,#51840));
#52570=FACE_OUTER_BOUND('',#52560,.T.);
#52580=ADVANCED_FACE('',(#52570),#51740,.T.);
#52590=COLOUR_RGB('',0.980392217636108,0.517647087574005,
0.168627455830574);
#52600=FILL_AREA_STYLE_COLOUR('',#52590);
#52610=FILL_AREA_STYLE('',(#52600));
#52620=SURFACE_STYLE_FILL_AREA(#52610);
#52630=SURFACE_SIDE_STYLE('',(#52620));
#52640=SURFACE_STYLE_USAGE(.BOTH.,#52630);
#52650=PRESENTATION_STYLE_ASSIGNMENT((#52640));
#52660=CARTESIAN_POINT('',(-31.1500000004243,19.9999999995146,
-0.746245786909968));
#52670=DIRECTION('',(-1.,-1.23069611928547E-13,6.46126427215532E-11));
#52680=DIRECTION('',(-6.46126427215532E-11,-7.9518693859216E-24,-1.));
#52690=AXIS2_PLACEMENT_3D('',#52660,#52670,#52680);
#52700=PLANE('',#52690);
#52710=CARTESIAN_POINT('',(-31.1500000003787,19.9999999995146,
0.124999988640115));
#52720=DIRECTION('',(1.23069611928547E-13,-1.,0.));
#52730=VECTOR('',#52720,1.);
#52740=LINE('',#52710,#52730);
#52750=EDGE_CURVE('',#47000,#52300,#52740,.T.);
#52760=ORIENTED_EDGE('',*,*,#52750,.F.);
#52770=ORIENTED_EDGE('',*,*,#52310,.F.);
#52780=CARTESIAN_POINT('',(-31.1500000004243,19.9999999995146,
-0.746245786909968));
#52790=DIRECTION('',(1.23069611928547E-13,-1.,0.));
#52800=VECTOR('',#52790,1.);
#52810=LINE('',#52780,#52800);
#52820=EDGE_CURVE('',#47020,#52220,#52810,.T.);
#52830=ORIENTED_EDGE('',*,*,#52820,.T.);
#52840=ORIENTED_EDGE('',*,*,#47030,.T.);
#52850=EDGE_LOOP('',(#52840,#52830,#52770,#52760));
#52860=FACE_OUTER_BOUND('',#52850,.T.);
#52870=ADVANCED_FACE('',(#52860),#52700,.T.);
#52880=COLOUR_RGB('',0.,0.443137288093567,0.709803938865662);
#52890=FILL_AREA_STYLE_COLOUR('',#52880);
#52900=FILL_AREA_STYLE('',(#52890));
#52910=SURFACE_STYLE_FILL_AREA(#52900);
#52920=SURFACE_SIDE_STYLE('',(#52910));
#52930=SURFACE_STYLE_USAGE(.BOTH.,#52920);
#52940=PRESENTATION_STYLE_ASSIGNMENT((#52930));
#52950=CARTESIAN_POINT('',(-31.5499999944672,19.9999999995146,
-1.14624578095682));
#52960=DIRECTION('',(-0.70710678119006,-8.70233571531048E-14,
0.707106781183035));
#52970=DIRECTION('',(-0.707106781183035,-8.70233571522401E-14,
-0.70710678119006));
#52980=AXIS2_PLACEMENT_3D('',#52950,#52960,#52970);
#52990=PLANE('',#52980);
#53000=ORIENTED_EDGE('',*,*,#52820,.F.);
#53010=ORIENTED_EDGE('',*,*,#52230,.T.);
#53020=CARTESIAN_POINT('',(-31.5499999944672,19.9999999995146,
-1.14624578095682));
#53030=DIRECTION('',(1.23069611928547E-13,-1.,0.));
#53040=VECTOR('',#53030,1.);
#53050=LINE('',#53020,#53040);
#53060=EDGE_CURVE('',#47100,#52140,#53050,.T.);
#53070=ORIENTED_EDGE('',*,*,#53060,.T.);
#53080=ORIENTED_EDGE('',*,*,#47110,.T.);
#53090=EDGE_LOOP('',(#53080,#53070,#53010,#53000));
#53100=FACE_OUTER_BOUND('',#53090,.T.);
#53110=ADVANCED_FACE('',(#53100),#52990,.T.);
#53120=COLOUR_RGB('',0.,0.443137288093567,0.709803938865662);
#53130=FILL_AREA_STYLE_COLOUR('',#53120);
#53140=FILL_AREA_STYLE('',(#53130));
#53150=SURFACE_STYLE_FILL_AREA(#53140);
#53160=SURFACE_SIDE_STYLE('',(#53150));
#53170=SURFACE_STYLE_USAGE(.BOTH.,#53160);
#53180=PRESENTATION_STYLE_ASSIGNMENT((#53170));
#53190=CARTESIAN_POINT('',(-31.5500000098949,19.9999999995146,
-2.50750993097009));
#53200=DIRECTION('',(-1.,-1.23069611928547E-13,1.13333991821342E-8));
#53210=DIRECTION('',(-1.13333991821342E-8,-1.39479705818123E-21,-1.));
#53220=AXIS2_PLACEMENT_3D('',#53190,#53200,#53210);
#53230=PLANE('',#53220);
#53240=ORIENTED_EDGE('',*,*,#53060,.F.);
#53250=ORIENTED_EDGE('',*,*,#52150,.T.);
#53260=CARTESIAN_POINT('',(-31.5500000098949,19.9999999995146,
-2.50750993097009));
#53270=DIRECTION('',(1.23069611928547E-13,-1.,0.));
#53280=VECTOR('',#53270,1.);
#53290=LINE('',#53260,#53280);
#53300=EDGE_CURVE('',#47180,#52060,#53290,.T.);
#53310=ORIENTED_EDGE('',*,*,#53300,.T.);
#53320=ORIENTED_EDGE('',*,*,#47190,.T.);
#53330=EDGE_LOOP('',(#53320,#53310,#53250,#53240));
#53340=FACE_OUTER_BOUND('',#53330,.T.);
#53350=ADVANCED_FACE('',(#53340),#53230,.T.);
#53360=COLOUR_RGB('',0.,0.443137288093567,0.709803938865662);
#53370=FILL_AREA_STYLE_COLOUR('',#53360);
#53380=FILL_AREA_STYLE('',(#53370));
#53390=SURFACE_STYLE_FILL_AREA(#53380);
#53400=SURFACE_SIDE_STYLE('',(#53390));
#53410=SURFACE_STYLE_USAGE(.BOTH.,#53400);
#53420=PRESENTATION_STYLE_ASSIGNMENT((#53410));
#53430=CARTESIAN_POINT('',(-31.150000000564,19.9999999995146,
-2.90750994030138));
#53440=DIRECTION('',(-0.707106781186824,-8.70233571527065E-14,
-0.707106781186271));
#53450=DIRECTION('',(0.707106781186271,8.70233571526384E-14,
-0.707106781186824));
#53460=AXIS2_PLACEMENT_3D('',#53430,#53440,#53450);
#53470=PLANE('',#53460);
#53480=ORIENTED_EDGE('',*,*,#53300,.F.);
#53490=ORIENTED_EDGE('',*,*,#52070,.F.);
#53500=CARTESIAN_POINT('',(-31.150000000564,19.9999999995146,
-2.90750994030138));
#53510=DIRECTION('',(1.23069611928547E-13,-1.,0.));
#53520=VECTOR('',#53510,1.);
#53530=LINE('',#53500,#53520);
#53540=EDGE_CURVE('',#47260,#51980,#53530,.T.);
#53550=ORIENTED_EDGE('',*,*,#53540,.T.);
#53560=ORIENTED_EDGE('',*,*,#47270,.T.);
#53570=EDGE_LOOP('',(#53560,#53550,#53490,#53480));
#53580=FACE_OUTER_BOUND('',#53570,.T.);
#53590=ADVANCED_FACE('',(#53580),#53470,.T.);
#53600=COLOUR_RGB('',0.,0.443137288093567,0.709803938865662);
#53610=FILL_AREA_STYLE_COLOUR('',#53600);
#53620=FILL_AREA_STYLE('',(#53610));
#53630=SURFACE_STYLE_FILL_AREA(#53620);
#53640=SURFACE_SIDE_STYLE('',(#53630));
#53650=SURFACE_STYLE_USAGE(.BOTH.,#53640);
#53660=PRESENTATION_STYLE_ASSIGNMENT((#53650));
#53670=CARTESIAN_POINT('',(-31.1500000006168,19.9999999995146,
-3.72500001123768));
#53680=DIRECTION('',(-1.,-1.23069611928547E-13,6.46126427215532E-11));
#53690=DIRECTION('',(-6.46126427215532E-11,-7.9518693859216E-24,-1.));
#53700=AXIS2_PLACEMENT_3D('',#53670,#53680,#53690);
#53710=PLANE('',#53700);
#53720=ORIENTED_EDGE('',*,*,#53540,.F.);
#53730=ORIENTED_EDGE('',*,*,#51990,.F.);
#53740=CARTESIAN_POINT('',(-31.1500000006168,19.9999999995146,
-3.72500001123768));
#53750=DIRECTION('',(1.23069611928547E-13,-1.,0.));
#53760=VECTOR('',#53750,1.);
#53770=LINE('',#53740,#53760);
#53780=EDGE_CURVE('',#47340,#51900,#53770,.T.);
#53790=ORIENTED_EDGE('',*,*,#53780,.T.);
#53800=ORIENTED_EDGE('',*,*,#47350,.T.);
#53810=EDGE_LOOP('',(#53800,#53790,#53730,#53720));
#53820=FACE_OUTER_BOUND('',#53810,.T.);
#53830=ADVANCED_FACE('',(#53820),#53710,.T.);
#53840=COLOUR_RGB('',0.,0.443137288093567,0.709803938865662);
#53850=FILL_AREA_STYLE_COLOUR('',#53840);
#53860=FILL_AREA_STYLE('',(#53850));
#53870=SURFACE_STYLE_FILL_AREA(#53860);
#53880=SURFACE_SIDE_STYLE('',(#53870));
#53890=SURFACE_STYLE_USAGE(.BOTH.,#53880);
#53900=PRESENTATION_STYLE_ASSIGNMENT((#53890));
#53910=CARTESIAN_POINT('',(-35.4500000002868,19.9999999995141,
-3.72500001097085));
#53920=DIRECTION('',(6.20550663018633E-11,7.63709292797058E-24,1.));
#53930=DIRECTION('',(-1.,-1.23069611928547E-13,6.20550663018633E-11));
#53940=AXIS2_PLACEMENT_3D('',#53910,#53920,#53930);
#53950=PLANE('',#53940);
#53960=ORIENTED_EDGE('',*,*,#53780,.F.);
#53970=ORIENTED_EDGE('',*,*,#51910,.F.);
#53980=CARTESIAN_POINT('',(-32.8000000020839,19.8999999995144,
-3.72500001113529));
#53990=DIRECTION('',(1.23069611928547E-13,-1.,0.));
#54000=VECTOR('',#53990,1.);
#54010=LINE('',#53980,#54000);
#54020=CARTESIAN_POINT('',(-32.8000000020839,19.4999999995144,
-3.72500001113529));
#54030=VERTEX_POINT('',#54020);
#54040=EDGE_CURVE('',#51800,#54030,#54010,.T.);
#54050=ORIENTED_EDGE('',*,*,#54040,.F.);
#54060=CARTESIAN_POINT('',(-33.3000000003024,19.4999999995143,
-3.72500001110426));
#54070=DIRECTION('',(-1.,-1.23069611928547E-13,6.20550663018633E-11));
#54080=VECTOR('',#54070,1.);
#54090=LINE('',#54060,#54080);
#54100=CARTESIAN_POINT('',(-33.6000000020007,19.4999999995143,
-3.72500001108565));
#54110=VERTEX_POINT('',#54100);
#54120=EDGE_CURVE('',#54030,#54110,#54090,.T.);
#54130=ORIENTED_EDGE('',*,*,#54120,.F.);
#54140=CARTESIAN_POINT('',(-33.6000000020008,19.8999999995143,
-3.72500001108565));
#54150=DIRECTION('',(1.23069611928547E-13,-1.,0.));
#54160=VECTOR('',#54150,1.);
#54170=LINE('',#54140,#54160);
#54180=CARTESIAN_POINT('',(-33.6000000020008,19.8999999995143,
-3.72500001108565));
#54190=VERTEX_POINT('',#54180);
#54200=EDGE_CURVE('',#54190,#54110,#54170,.T.);
#54210=ORIENTED_EDGE('',*,*,#54200,.T.);
#54220=CARTESIAN_POINT('',(-35.4500000002868,19.8999999995141,
-3.72500001097085));
#54230=VERTEX_POINT('',#54220);
#54240=EDGE_CURVE('',#54190,#54230,#51880,.T.);
#54250=ORIENTED_EDGE('',*,*,#54240,.F.);
#54260=CARTESIAN_POINT('',(-35.4500000002868,19.9999999995141,
-3.72500001097085));
#54270=DIRECTION('',(1.23069611928547E-13,-1.,0.));
#54280=VECTOR('',#54270,1.);
#54290=LINE('',#54260,#54280);
#54300=EDGE_CURVE('',#47420,#54230,#54290,.T.);
#54310=ORIENTED_EDGE('',*,*,#54300,.T.);
#54320=ORIENTED_EDGE('',*,*,#47430,.T.);
#54330=EDGE_LOOP('',(#54320,#54310,#54250,#54210,#54130,#54050,#53970,
#53960));
#54340=FACE_OUTER_BOUND('',#54330,.T.);
#54350=ADVANCED_FACE('',(#54340),#53950,.T.);
#54360=COLOUR_RGB('',0.,0.443137288093567,0.709803938865662);
#54370=FILL_AREA_STYLE_COLOUR('',#54360);
#54380=FILL_AREA_STYLE('',(#54370));
#54390=SURFACE_STYLE_FILL_AREA(#54380);
#54400=SURFACE_SIDE_STYLE('',(#54390));
#54410=SURFACE_STYLE_USAGE(.BOTH.,#54400);
#54420=PRESENTATION_STYLE_ASSIGNMENT((#54410));
#54430=CARTESIAN_POINT('',(-32.8000000020839,19.8999999995144,
-3.72500001113529));
#54440=DIRECTION('',(-1.,-1.23069611928547E-13,-0.));
#54450=DIRECTION('',(0.,0.,-1.));
#54460=AXIS2_PLACEMENT_3D('',#54430,#54440,#54450);
#54470=PLANE('',#54460);
#54480=CARTESIAN_POINT('',(-32.8000000020839,19.8999999995144,
-2.71651519637214));
#54490=DIRECTION('',(1.23069611928547E-13,-1.,0.));
#54500=VECTOR('',#54490,1.);
#54510=LINE('',#54480,#54500);
#54520=CARTESIAN_POINT('',(-32.8000000020839,19.4999999995144,
-2.71651519637214));
#54530=VERTEX_POINT('',#54520);
#54540=EDGE_CURVE('',#51820,#54530,#54510,.T.);
#54550=ORIENTED_EDGE('',*,*,#54540,.F.);
#54560=CARTESIAN_POINT('',(-32.8000000020838,19.4999999995144,
-3.26024926043804));
#54570=DIRECTION('',(0.,0.,-1.));
#54580=VECTOR('',#54570,1.);
#54590=LINE('',#54560,#54580);
#54600=EDGE_CURVE('',#54530,#54030,#54590,.T.);
#54610=ORIENTED_EDGE('',*,*,#54600,.F.);
#54620=ORIENTED_EDGE('',*,*,#54040,.T.);
#54630=ORIENTED_EDGE('',*,*,#51830,.F.);
#54640=EDGE_LOOP('',(#54630,#54620,#54610,#54550));
#54650=FACE_OUTER_BOUND('',#54640,.T.);
#54660=ADVANCED_FACE('',(#54650),#54470,.T.);
#54670=COLOUR_RGB('',0.980392217636108,0.517647087574005,
0.168627455830574);
#54680=FILL_AREA_STYLE_COLOUR('',#54670);
#54690=FILL_AREA_STYLE('',(#54680));
#54700=SURFACE_STYLE_FILL_AREA(#54690);
#54710=SURFACE_SIDE_STYLE('',(#54700));
#54720=SURFACE_STYLE_USAGE(.BOTH.,#54710);
#54730=PRESENTATION_STYLE_ASSIGNMENT((#54720));
#54740=CARTESIAN_POINT('',(-33.2000000020209,19.8999999995143,
-1.80000005735346));
#54750=DIRECTION('',(1.23069611928547E-13,-1.,0.));
#54760=DIRECTION('',(-4.04877502548742E-11,-4.98282413061042E-24,-1.));
#54770=AXIS2_PLACEMENT_3D('',#54740,#54750,#54760);
#54780=CYLINDRICAL_SURFACE('',#54770,1.);
#54790=CARTESIAN_POINT('',(-32.8000000020839,19.8999999995144,
-0.883484918334779));
#54800=DIRECTION('',(1.23069611928547E-13,-1.,0.));
#54810=VECTOR('',#54800,1.);
#54820=LINE('',#54790,#54810);
#54830=CARTESIAN_POINT('',(-32.8000000020839,19.4999999995144,
-0.883484918334779));
#54840=VERTEX_POINT('',#54830);
#54850=EDGE_CURVE('',#52460,#54840,#54820,.T.);
#54860=ORIENTED_EDGE('',*,*,#54850,.F.);
#54870=CARTESIAN_POINT('',(-33.2000000020208,19.4999999995143,
-1.80000005735346));
#54880=DIRECTION('',(1.23069611928547E-13,-1.,0.));
#54890=DIRECTION('',(-4.04877502548742E-11,-4.98282413061042E-24,-1.));
#54900=AXIS2_PLACEMENT_3D('',#54870,#54880,#54890);
#54910=CIRCLE('',#54900,1.);
#54920=EDGE_CURVE('',#54530,#54840,#54910,.T.);
#54930=ORIENTED_EDGE('',*,*,#54920,.T.);
#54940=ORIENTED_EDGE('',*,*,#54540,.T.);
#54950=ORIENTED_EDGE('',*,*,#52540,.F.);
#54960=EDGE_LOOP('',(#54950,#54940,#54930,#54860));
#54970=FACE_OUTER_BOUND('',#54960,.T.);
#54980=ADVANCED_FACE('',(#54970),#54780,.F.);
#54990=COLOUR_RGB('',0.980392217636108,0.517647087574005,
0.168627455830574);
#55000=FILL_AREA_STYLE_COLOUR('',#54990);
#55010=FILL_AREA_STYLE('',(#55000));
#55020=SURFACE_STYLE_FILL_AREA(#55010);
#55030=SURFACE_SIDE_STYLE('',(#55020));
#55040=SURFACE_STYLE_USAGE(.BOTH.,#55030);
#55050=PRESENTATION_STYLE_ASSIGNMENT((#55040));
#55060=CARTESIAN_POINT('',(-32.8000000020839,19.8999999995144,
-0.704554942360383));
#55070=DIRECTION('',(-1.,-1.23069611928547E-13,-0.));
#55080=DIRECTION('',(0.,0.,-1.));
#55090=AXIS2_PLACEMENT_3D('',#55060,#55070,#55080);
#55100=PLANE('',#55090);
#55110=CARTESIAN_POINT('',(-32.8000000020839,19.8999999995144,
0.124999988748083));
#55120=DIRECTION('',(1.23069611928547E-13,-1.,0.));
#55130=VECTOR('',#55120,1.);
#55140=LINE('',#55110,#55130);
#55150=CARTESIAN_POINT('',(-32.8000000020839,19.4999999995144,
0.124999988748083));
#55160=VERTEX_POINT('',#55150);
#55170=EDGE_CURVE('',#52380,#55160,#55140,.T.);
#55180=ORIENTED_EDGE('',*,*,#55170,.F.);
#55190=CARTESIAN_POINT('',(-32.8000000020838,19.4999999995144,
-3.26024926043804));
#55200=DIRECTION('',(0.,0.,-1.));
#55210=VECTOR('',#55200,1.);
#55220=LINE('',#55190,#55210);
#55230=EDGE_CURVE('',#55160,#54840,#55220,.T.);
#55240=ORIENTED_EDGE('',*,*,#55230,.F.);
#55250=ORIENTED_EDGE('',*,*,#54850,.T.);
#55260=ORIENTED_EDGE('',*,*,#52470,.F.);
#55270=EDGE_LOOP('',(#55260,#55250,#55240,#55180));
#55280=FACE_OUTER_BOUND('',#55270,.T.);
#55290=ADVANCED_FACE('',(#55280),#55100,.T.);
#55300=COLOUR_RGB('',0.980392217636108,0.517647087574005,
0.168627455830574);
#55310=FILL_AREA_STYLE_COLOUR('',#55300);
#55320=FILL_AREA_STYLE('',(#55310));
#55330=SURFACE_STYLE_FILL_AREA(#55320);
#55340=SURFACE_SIDE_STYLE('',(#55330));
#55350=SURFACE_STYLE_USAGE(.BOTH.,#55340);
#55360=PRESENTATION_STYLE_ASSIGNMENT((#55350));
#55370=CARTESIAN_POINT('',(-33.6000000020008,19.8999999995143,
0.124999988800433));
#55380=DIRECTION('',(1.,1.23069611928547E-13,-0.));
#55390=DIRECTION('',(0.,0.,1.));
#55400=AXIS2_PLACEMENT_3D('',#55370,#55380,#55390);
#55410=PLANE('',#55400);
#55420=CARTESIAN_POINT('',(-33.6000000020008,19.8999999995143,
-0.883484918353523));
#55430=DIRECTION('',(1.23069611928547E-13,-1.,0.));
#55440=VECTOR('',#55430,1.);
#55450=LINE('',#55420,#55440);
#55460=CARTESIAN_POINT('',(-33.6000000020008,19.8999999995143,
-0.883484918353523));
#55470=VERTEX_POINT('',#55460);
#55480=CARTESIAN_POINT('',(-33.6000000020007,19.4999999995143,
-0.883484918353523));
#55490=VERTEX_POINT('',#55480);
#55500=EDGE_CURVE('',#55470,#55490,#55450,.T.);
#55510=ORIENTED_EDGE('',*,*,#55500,.F.);
#55520=CARTESIAN_POINT('',(-33.6000000020007,19.4999999995143,
-3.26022261487884));
#55530=DIRECTION('',(0.,0.,-1.));
#55540=VECTOR('',#55530,1.);
#55550=LINE('',#55520,#55540);
#55560=CARTESIAN_POINT('',(-33.6000000020007,19.4999999995143,
0.124999988800433));
#55570=VERTEX_POINT('',#55560);
#55580=EDGE_CURVE('',#55570,#55490,#55550,.T.);
#55590=ORIENTED_EDGE('',*,*,#55580,.T.);
#55600=CARTESIAN_POINT('',(-33.6000000020008,19.8999999995143,
0.124999988800433));
#55610=DIRECTION('',(1.23069611928547E-13,-1.,0.));
#55620=VECTOR('',#55610,1.);
#55630=LINE('',#55600,#55620);
#55640=CARTESIAN_POINT('',(-33.6000000020008,19.8999999995143,
0.124999988800433));
#55650=VERTEX_POINT('',#55640);
#55660=EDGE_CURVE('',#55650,#55570,#55630,.T.);
#55670=ORIENTED_EDGE('',*,*,#55660,.T.);
#55680=CARTESIAN_POINT('',(-33.6000000020008,19.8999999995143,
-5.15000000006521));
#55690=DIRECTION('',(-1.12078073914497E-29,0.,-1.));
#55700=VECTOR('',#55690,1.);
#55710=LINE('',#55680,#55700);
#55720=EDGE_CURVE('',#55650,#55470,#55710,.T.);
#55730=ORIENTED_EDGE('',*,*,#55720,.F.);
#55740=EDGE_LOOP('',(#55730,#55670,#55590,#55510));
#55750=FACE_OUTER_BOUND('',#55740,.T.);
#55760=ADVANCED_FACE('',(#55750),#55410,.T.);
#55770=COLOUR_RGB('',0.980392217636108,0.517647087574005,
0.168627455830574);
#55780=FILL_AREA_STYLE_COLOUR('',#55770);
#55790=FILL_AREA_STYLE('',(#55780));
#55800=SURFACE_STYLE_FILL_AREA(#55790);
#55810=SURFACE_SIDE_STYLE('',(#55800));
#55820=SURFACE_STYLE_USAGE(.BOTH.,#55810);
#55830=PRESENTATION_STYLE_ASSIGNMENT((#55820));
#55840=CARTESIAN_POINT('',(-31.1500000003787,19.9999999995146,
0.124999988640115));
#55850=DIRECTION('',(-6.54359382730873E-11,-8.05317552944921E-24,-1.));
#55860=DIRECTION('',(1.,1.23069611928547E-13,-6.54359382730873E-11));
#55870=AXIS2_PLACEMENT_3D('',#55840,#55850,#55860);
#55880=PLANE('',#55870);
#55890=CARTESIAN_POINT('',(-35.4500000003158,19.9999999995141,
0.124999988921489));
#55900=DIRECTION('',(1.23069611928547E-13,-1.,0.));
#55910=VECTOR('',#55900,1.);
#55920=LINE('',#55890,#55910);
#55930=CARTESIAN_POINT('',(-35.4500000003158,19.8999999995141,
0.124999988921489));
#55940=VERTEX_POINT('',#55930);
#55950=EDGE_CURVE('',#47820,#55940,#55920,.T.);
#55960=ORIENTED_EDGE('',*,*,#55950,.F.);
#55970=EDGE_CURVE('',#55650,#55940,#52360,.T.);
#55980=ORIENTED_EDGE('',*,*,#55970,.T.);
#55990=ORIENTED_EDGE('',*,*,#55660,.F.);
#56000=CARTESIAN_POINT('',(-38.5000000167488,19.4999999995137,
0.124999989121068));
#56010=DIRECTION('',(-1.,-1.23069611928547E-13,6.54359382730873E-11));
#56020=VECTOR('',#56010,1.);
#56030=LINE('',#56000,#56020);
#56040=EDGE_CURVE('',#55160,#55570,#56030,.T.);
#56050=ORIENTED_EDGE('',*,*,#56040,.T.);
#56060=ORIENTED_EDGE('',*,*,#55170,.T.);
#56070=ORIENTED_EDGE('',*,*,#52390,.T.);
#56080=ORIENTED_EDGE('',*,*,#52750,.T.);
#56090=ORIENTED_EDGE('',*,*,#47890,.T.);
#56100=EDGE_LOOP('',(#56090,#56080,#56070,#56060,#56050,#55990,#55980,
#55960));
#56110=FACE_OUTER_BOUND('',#56100,.T.);
#56120=ADVANCED_FACE('',(#56110),#55880,.T.);
#56130=COLOUR_RGB('',0.,0.443137288093567,0.709803938865662);
#56140=FILL_AREA_STYLE_COLOUR('',#56130);
#56150=FILL_AREA_STYLE('',(#56140));
#56160=SURFACE_STYLE_FILL_AREA(#56150);
#56170=SURFACE_SIDE_STYLE('',(#56160));
#56180=SURFACE_STYLE_USAGE(.BOTH.,#56170);
#56190=PRESENTATION_STYLE_ASSIGNMENT((#56180));
#56200=CARTESIAN_POINT('',(-35.4500000003151,19.8999999995141,
0.0311195408743679));
#56210=DIRECTION('',(7.52365271959508E-12,9.25933376112215E-25,-1.));
#56220=VECTOR('',#56210,1.);
#56230=LINE('',#56200,#56220);
#56240=CARTESIAN_POINT('',(-35.4500000003119,19.8999999995141,
-0.386107376862389));
#56250=VERTEX_POINT('',#56240);
#56260=EDGE_CURVE('',#55940,#56250,#56230,.T.);
#56270=ORIENTED_EDGE('',*,*,#56260,.F.);
#56280=CARTESIAN_POINT('',(-34.9967911124477,19.8999999995141,
-0.926220679885543));
#56290=DIRECTION('',(-0.642787621757733,-7.91076231621978E-14,
0.766044432990044));
#56300=VECTOR('',#56290,1.);
#56310=LINE('',#56280,#56300);
#56320=CARTESIAN_POINT('',(-34.9500000011158,19.8999999995141,
-0.981984153132339));
#56330=VERTEX_POINT('',#56320);
#56340=EDGE_CURVE('',#56330,#56250,#56310,.T.);
#56350=ORIENTED_EDGE('',*,*,#56340,.T.);
#56360=CARTESIAN_POINT('',(-34.9500000011686,19.8999999995141,
-1.80000075123762));
#56370=DIRECTION('',(-6.4609428918061E-11,-7.95146548913813E-24,-1.));
#56380=VECTOR('',#56370,1.);
#56390=LINE('',#56360,#56380);
#56400=CARTESIAN_POINT('',(-34.9500000012215,19.8999999995141,
-2.61801735615071));
#56410=VERTEX_POINT('',#56400);
#56420=EDGE_CURVE('',#56330,#56410,#56390,.T.);
#56430=ORIENTED_EDGE('',*,*,#56420,.F.);
#56440=CARTESIAN_POINT('',(-35.0610698735136,19.8999999995141,
-2.75038526687651));
#56450=DIRECTION('',(-0.642787634214593,-7.91076246952588E-14,
-0.766044422537497));
#56460=VECTOR('',#56450,1.);
#56470=LINE('',#56440,#56460);
#56480=CARTESIAN_POINT('',(-35.4500000002906,19.8999999995141,
-3.21389411259094));
#56490=VERTEX_POINT('',#56480);
#56500=EDGE_CURVE('',#56410,#56490,#56470,.T.);
#56510=ORIENTED_EDGE('',*,*,#56500,.F.);
#56520=CARTESIAN_POINT('',(-35.4500000003151,19.8999999995141,
0.0311195408743679));
#56530=DIRECTION('',(7.52365271959508E-12,9.25933376112215E-25,-1.));
#56540=VECTOR('',#56530,1.);
#56550=LINE('',#56520,#56540);
#56560=EDGE_CURVE('',#56490,#54230,#56550,.T.);
#56570=ORIENTED_EDGE('',*,*,#56560,.F.);
#56580=ORIENTED_EDGE('',*,*,#54240,.T.);
#56590=CARTESIAN_POINT('',(-33.6000000020008,19.8999999995143,
-5.15000000006521));
#56600=DIRECTION('',(-1.12078073914497E-29,0.,-1.));
#56610=VECTOR('',#56600,1.);
#56620=LINE('',#56590,#56610);
#56630=CARTESIAN_POINT('',(-33.6000000020008,19.8999999995143,
-2.7165151963534));
#56640=VERTEX_POINT('',#56630);
#56650=EDGE_CURVE('',#56640,#54190,#56620,.T.);
#56660=ORIENTED_EDGE('',*,*,#56650,.T.);
#56670=CARTESIAN_POINT('',(-33.2000000020209,19.8999999995144,
-1.80000005735346));
#56680=DIRECTION('',(1.23069611928547E-13,-1.,0.));
#56690=DIRECTION('',(-4.04877502548742E-11,-4.98282413061042E-24,-1.));
#56700=AXIS2_PLACEMENT_3D('',#56670,#56680,#56690);
#56710=CIRCLE('',#56700,1.);
#56720=EDGE_CURVE('',#55470,#56640,#56710,.T.);
#56730=ORIENTED_EDGE('',*,*,#56720,.T.);
#56740=ORIENTED_EDGE('',*,*,#55720,.T.);
#56750=ORIENTED_EDGE('',*,*,#55970,.F.);
#56760=EDGE_LOOP('',(#56750,#56740,#56730,#56660,#56580,#56570,#56510,
#56430,#56350,#56270));
#56770=FACE_OUTER_BOUND('',#56760,.T.);
#56780=ADVANCED_FACE('',(#56770),#51740,.T.);
#56790=COLOUR_RGB('',0.980392217636108,0.517647087574005,
0.168627455830574);
#56800=FILL_AREA_STYLE_COLOUR('',#56790);
#56810=FILL_AREA_STYLE('',(#56800));
#56820=SURFACE_STYLE_FILL_AREA(#56810);
#56830=SURFACE_SIDE_STYLE('',(#56820));
#56840=SURFACE_STYLE_USAGE(.BOTH.,#56830);
#56850=PRESENTATION_STYLE_ASSIGNMENT((#56840));
#56860=CARTESIAN_POINT('',(-33.3000000003472,19.4999999995143,
-1.80000001116173));
#56870=DIRECTION('',(-1.23069611928547E-13,1.,0.));
#56880=DIRECTION('',(1.,1.23069611928547E-13,0.));
#56890=AXIS2_PLACEMENT_3D('',#56860,#56870,#56880);
#56900=PLANE('',#56890);
#56910=CARTESIAN_POINT('',(-33.6000000020007,19.4999999995143,
-3.26022261487884));
#56920=DIRECTION('',(0.,0.,-1.));
#56930=VECTOR('',#56920,1.);
#56940=LINE('',#56910,#56930);
#56950=CARTESIAN_POINT('',(-33.6000000020007,19.4999999995143,
-2.7165151963534));
#56960=VERTEX_POINT('',#56950);
#56970=EDGE_CURVE('',#56960,#54110,#56940,.T.);
#56980=ORIENTED_EDGE('',*,*,#56970,.F.);
#56990=ORIENTED_EDGE('',*,*,#54120,.T.);
#57000=ORIENTED_EDGE('',*,*,#54600,.T.);
#57010=ORIENTED_EDGE('',*,*,#54920,.F.);
#57020=ORIENTED_EDGE('',*,*,#55230,.T.);
#57030=ORIENTED_EDGE('',*,*,#56040,.F.);
#57040=ORIENTED_EDGE('',*,*,#55580,.F.);
#57050=CARTESIAN_POINT('',(-33.2000000020208,19.4999999995143,
-1.80000005735346));
#57060=DIRECTION('',(1.23069611928547E-13,-1.,0.));
#57070=DIRECTION('',(-4.04877502548742E-11,-4.98282413061042E-24,-1.));
#57080=AXIS2_PLACEMENT_3D('',#57050,#57060,#57070);
#57090=CIRCLE('',#57080,1.);
#57100=EDGE_CURVE('',#55490,#56960,#57090,.T.);
#57110=ORIENTED_EDGE('',*,*,#57100,.F.);
#57120=EDGE_LOOP('',(#57110,#57040,#57030,#57020,#57010,#57000,#56990,
#56980));
#57130=FACE_OUTER_BOUND('',#57120,.T.);
#57140=ADVANCED_FACE('',(#57130),#56900,.T.);
#57150=COLOUR_RGB('',0.980392217636108,0.517647087574005,
0.168627455830574);
#57160=FILL_AREA_STYLE_COLOUR('',#57150);
#57170=FILL_AREA_STYLE('',(#57160));
#57180=SURFACE_STYLE_FILL_AREA(#57170);
#57190=SURFACE_SIDE_STYLE('',(#57180));
#57200=SURFACE_STYLE_USAGE(.BOTH.,#57190);
#57210=PRESENTATION_STYLE_ASSIGNMENT((#57200));
#57220=CARTESIAN_POINT('',(-33.2000000020209,19.8999999995143,
-1.80000005735346));
#57230=DIRECTION('',(1.23069611928547E-13,-1.,0.));
#57240=DIRECTION('',(-4.04877502548742E-11,-4.98282413061042E-24,-1.));
#57250=AXIS2_PLACEMENT_3D('',#57220,#57230,#57240);
#57260=CYLINDRICAL_SURFACE('',#57250,1.);
#57270=CARTESIAN_POINT('',(-33.6000000020008,19.8999999995143,
-2.7165151963534));
#57280=DIRECTION('',(1.23069611928547E-13,-1.,0.));
#57290=VECTOR('',#57280,1.);
#57300=LINE('',#57270,#57290);
#57310=EDGE_CURVE('',#56640,#56960,#57300,.T.);
#57320=ORIENTED_EDGE('',*,*,#57310,.F.);
#57330=ORIENTED_EDGE('',*,*,#57100,.T.);
#57340=ORIENTED_EDGE('',*,*,#55500,.T.);
#57350=ORIENTED_EDGE('',*,*,#56720,.F.);
#57360=EDGE_LOOP('',(#57350,#57340,#57330,#57320));
#57370=FACE_OUTER_BOUND('',#57360,.T.);
#57380=ADVANCED_FACE('',(#57370),#57260,.F.);
#57390=COLOUR_RGB('',0.980392217636108,0.517647087574005,
0.168627455830574);
#57400=FILL_AREA_STYLE_COLOUR('',#57390);
#57410=FILL_AREA_STYLE('',(#57400));
#57420=SURFACE_STYLE_FILL_AREA(#57410);
#57430=SURFACE_SIDE_STYLE('',(#57420));
#57440=SURFACE_STYLE_USAGE(.BOTH.,#57430);
#57450=PRESENTATION_STYLE_ASSIGNMENT((#57440));
#57460=CARTESIAN_POINT('',(-33.6000000020008,19.8999999995143,
-2.89544517237905));
#57470=DIRECTION('',(1.,1.23069611928547E-13,-0.));
#57480=DIRECTION('',(0.,0.,1.));
#57490=AXIS2_PLACEMENT_3D('',#57460,#57470,#57480);
#57500=PLANE('',#57490);
#57510=ORIENTED_EDGE('',*,*,#54200,.F.);
#57520=ORIENTED_EDGE('',*,*,#56970,.T.);
#57530=ORIENTED_EDGE('',*,*,#57310,.T.);
#57540=ORIENTED_EDGE('',*,*,#56650,.F.);
#57550=EDGE_LOOP('',(#57540,#57530,#57520,#57510));
#57560=FACE_OUTER_BOUND('',#57550,.T.);
#57570=ADVANCED_FACE('',(#57560),#57500,.T.);
#57580=COLOUR_RGB('',0.980392217636108,0.517647087574005,
0.168627455830574);
#57590=FILL_AREA_STYLE_COLOUR('',#57580);
#57600=FILL_AREA_STYLE('',(#57590));
#57610=SURFACE_STYLE_FILL_AREA(#57600);
#57620=SURFACE_SIDE_STYLE('',(#57610));
#57630=SURFACE_STYLE_USAGE(.BOTH.,#57620);
#57640=PRESENTATION_STYLE_ASSIGNMENT((#57630));
#57650=CARTESIAN_POINT('',(-35.4500000002907,19.9999999995141,
-3.21389411259094));
#57660=DIRECTION('',(1.,1.23069611928547E-13,7.52365271959508E-12));
#57670=DIRECTION('',(-7.52365271959508E-12,-9.25933376112215E-25,1.));
#57680=AXIS2_PLACEMENT_3D('',#57650,#57660,#57670);
#57690=PLANE('',#57680);
#57700=ORIENTED_EDGE('',*,*,#54300,.F.);
#57710=ORIENTED_EDGE('',*,*,#56560,.T.);
#57720=CARTESIAN_POINT('',(-35.4500000002907,19.9999999995141,
-3.21389411259094));
#57730=DIRECTION('',(1.23069611928547E-13,-1.,0.));
#57740=VECTOR('',#57730,1.);
#57750=LINE('',#57720,#57740);
#57760=EDGE_CURVE('',#47500,#56490,#57750,.T.);
#57770=ORIENTED_EDGE('',*,*,#57760,.T.);
#57780=ORIENTED_EDGE('',*,*,#47510,.T.);
#57790=EDGE_LOOP('',(#57780,#57770,#57710,#57700));
#57800=FACE_OUTER_BOUND('',#57790,.T.);
#57810=ADVANCED_FACE('',(#57800),#57690,.T.);
#57820=COLOUR_RGB('',0.,0.443137288093567,0.709803938865662);
#57830=FILL_AREA_STYLE_COLOUR('',#57820);
#57840=FILL_AREA_STYLE('',(#57830));
#57850=SURFACE_STYLE_FILL_AREA(#57840);
#57860=SURFACE_SIDE_STYLE('',(#57850));
#57870=SURFACE_STYLE_USAGE(.BOTH.,#57860);
#57880=PRESENTATION_STYLE_ASSIGNMENT((#57870));
#57890=CARTESIAN_POINT('',(-34.9500000012215,19.9999999995141,
-2.61801735615071));
#57900=DIRECTION('',(0.766044422537497,9.42767898017177E-14,
-0.642787634214593));
#57910=DIRECTION('',(0.642787634214593,7.91076246952588E-14,
0.766044422537497));
#57920=AXIS2_PLACEMENT_3D('',#57890,#57900,#57910);
#57930=PLANE('',#57920);
#57940=ORIENTED_EDGE('',*,*,#57760,.F.);
#57950=ORIENTED_EDGE('',*,*,#56500,.T.);
#57960=CARTESIAN_POINT('',(-34.9500000012215,19.9999999995141,
-2.61801735615071));
#57970=DIRECTION('',(1.23069611928547E-13,-1.,0.));
#57980=VECTOR('',#57970,1.);
#57990=LINE('',#57960,#57980);
#58000=EDGE_CURVE('',#47580,#56410,#57990,.T.);
#58010=ORIENTED_EDGE('',*,*,#58000,.T.);
#58020=ORIENTED_EDGE('',*,*,#47590,.T.);
#58030=EDGE_LOOP('',(#58020,#58010,#57950,#57940));
#58040=FACE_OUTER_BOUND('',#58030,.T.);
#58050=ADVANCED_FACE('',(#58040),#57930,.T.);
#58060=COLOUR_RGB('',0.,0.443137288093567,0.709803938865662);
#58070=FILL_AREA_STYLE_COLOUR('',#58060);
#58080=FILL_AREA_STYLE('',(#58070));
#58090=SURFACE_STYLE_FILL_AREA(#58080);
#58100=SURFACE_SIDE_STYLE('',(#58090));
#58110=SURFACE_STYLE_USAGE(.BOTH.,#58100);
#58120=PRESENTATION_STYLE_ASSIGNMENT((#58110));
#58130=CARTESIAN_POINT('',(-34.9500000011158,19.9999999995141,
-0.981984153132342));
#58140=DIRECTION('',(1.,1.23069611928547E-13,-6.4609428918061E-11));
#58150=DIRECTION('',(6.4609428918061E-11,7.95146548913813E-24,1.));
#58160=AXIS2_PLACEMENT_3D('',#58130,#58140,#58150);
#58170=PLANE('',#58160);
#58180=ORIENTED_EDGE('',*,*,#58000,.F.);
#58190=ORIENTED_EDGE('',*,*,#56420,.T.);
#58200=CARTESIAN_POINT('',(-34.9500000011158,19.9999999995141,
-0.981984153132342));
#58210=DIRECTION('',(1.23069611928547E-13,-1.,0.));
#58220=VECTOR('',#58210,1.);
#58230=LINE('',#58200,#58220);
#58240=EDGE_CURVE('',#47660,#56330,#58230,.T.);
#58250=ORIENTED_EDGE('',*,*,#58240,.T.);
#58260=ORIENTED_EDGE('',*,*,#47670,.T.);
#58270=EDGE_LOOP('',(#58260,#58250,#58190,#58180));
#58280=FACE_OUTER_BOUND('',#58270,.T.);
#58290=ADVANCED_FACE('',(#58280),#58170,.T.);
#58300=COLOUR_RGB('',0.,0.443137288093567,0.709803938865662);
#58310=FILL_AREA_STYLE_COLOUR('',#58300);
#58320=FILL_AREA_STYLE('',(#58310));
#58330=SURFACE_STYLE_FILL_AREA(#58320);
#58340=SURFACE_SIDE_STYLE('',(#58330));
#58350=SURFACE_STYLE_USAGE(.BOTH.,#58340);
#58360=PRESENTATION_STYLE_ASSIGNMENT((#58350));
#58370=CARTESIAN_POINT('',(-35.4500000003119,19.9999999995141,
-0.386107376862392));
#58380=DIRECTION('',(0.766044432990044,9.42767910881086E-14,
0.642787621757733));
#58390=DIRECTION('',(-0.642787621757733,-7.91076231621978E-14,
0.766044432990044));
#58400=AXIS2_PLACEMENT_3D('',#58370,#58380,#58390);
#58410=PLANE('',#58400);
#58420=ORIENTED_EDGE('',*,*,#58240,.F.);
#58430=ORIENTED_EDGE('',*,*,#56340,.F.);
#58440=CARTESIAN_POINT('',(-35.4500000003119,19.9999999995141,
-0.386107376862392));
#58450=DIRECTION('',(1.23069611928547E-13,-1.,0.));
#58460=VECTOR('',#58450,1.);
#58470=LINE('',#58440,#58460);
#58480=EDGE_CURVE('',#47740,#56250,#58470,.T.);
#58490=ORIENTED_EDGE('',*,*,#58480,.T.);
#58500=ORIENTED_EDGE('',*,*,#47750,.T.);
#58510=EDGE_LOOP('',(#58500,#58490,#58430,#58420));
#58520=FACE_OUTER_BOUND('',#58510,.T.);
#58530=ADVANCED_FACE('',(#58520),#58410,.T.);
#58540=COLOUR_RGB('',0.,0.443137288093567,0.709803938865662);
#58550=FILL_AREA_STYLE_COLOUR('',#58540);
#58560=FILL_AREA_STYLE('',(#58550));
#58570=SURFACE_STYLE_FILL_AREA(#58560);
#58580=SURFACE_SIDE_STYLE('',(#58570));
#58590=SURFACE_STYLE_USAGE(.BOTH.,#58580);
#58600=PRESENTATION_STYLE_ASSIGNMENT((#58590));
#58610=CARTESIAN_POINT('',(-35.4500000003158,19.9999999995141,
0.124999988921489));
#58620=DIRECTION('',(1.,1.23069611928547E-13,7.52365271959508E-12));
#58630=DIRECTION('',(-7.52365271959508E-12,-9.25933376112215E-25,1.));
#58640=AXIS2_PLACEMENT_3D('',#58610,#58620,#58630);
#58650=PLANE('',#58640);
#58660=ORIENTED_EDGE('',*,*,#58480,.F.);
#58670=ORIENTED_EDGE('',*,*,#56260,.T.);
#58680=ORIENTED_EDGE('',*,*,#55950,.T.);
#58690=ORIENTED_EDGE('',*,*,#47830,.T.);
#58700=EDGE_LOOP('',(#58690,#58680,#58670,#58660));
#58710=FACE_OUTER_BOUND('',#58700,.T.);
#58720=ADVANCED_FACE('',(#58710),#58650,.T.);
#58730=COLOUR_RGB('',0.,0.443137288093567,0.709803938865662);
#58740=FILL_AREA_STYLE_COLOUR('',#58730);
#58750=FILL_AREA_STYLE('',(#58740));
#58760=SURFACE_STYLE_FILL_AREA(#58750);
#58770=SURFACE_SIDE_STYLE('',(#58760));
#58780=SURFACE_STYLE_USAGE(.BOTH.,#58770);
#58790=PRESENTATION_STYLE_ASSIGNMENT((#58780));
#58800=CARTESIAN_POINT('',(-45.9922104238073,19.5868240883453,
-5.15000000006508));
#58810=DIRECTION('',(0.984807753012135,-0.173648177667343,
7.09171525088944E-14));
#58820=DIRECTION('',(0.173648177667343,0.984807753012135,
-4.02191157721726E-13));
#58830=AXIS2_PLACEMENT_3D('',#58800,#58810,#58820);
#58840=PLANE('',#58830);
#58850=ORIENTED_EDGE('',*,*,#2400,.F.);
#58860=ORIENTED_EDGE('',*,*,#48480,.T.);
#58870=ORIENTED_EDGE('',*,*,#6240,.T.);
#58880=CARTESIAN_POINT('',(-46.0872848053146,19.047630476993,
-5.15000000006486));
#58890=DIRECTION('',(6.27443588540957E-27,-4.08395604615809E-13,-1.));
#58900=VECTOR('',#58890,1.);
#58910=LINE('',#58880,#58900);
#58920=EDGE_CURVE('',#6150,#2390,#58910,.T.);
#58930=ORIENTED_EDGE('',*,*,#58920,.F.);
#58940=EDGE_LOOP('',(#58930,#58870,#58860,#58850));
#58950=FACE_OUTER_BOUND('',#58940,.T.);
#58960=ADVANCED_FACE('',(#58950),#58840,.F.);
#58970=COLOUR_RGB('',0.,0.443137288093567,0.709803938865662);
#58980=FILL_AREA_STYLE_COLOUR('',#58970);
#58990=FILL_AREA_STYLE('',(#58980));
#59000=SURFACE_STYLE_FILL_AREA(#58990);
#59010=SURFACE_SIDE_STYLE('',(#59000));
#59020=SURFACE_STYLE_USAGE(.BOTH.,#59010);
#59030=PRESENTATION_STYLE_ASSIGNMENT((#59020));
#59040=CARTESIAN_POINT('',(-18.5807444833977,19.6175079942017,
-5.1500000000651));
#59050=DIRECTION('',(-0.819152044288994,-0.573576436351043,
2.3424609551696E-13));
#59060=DIRECTION('',(0.573576436351043,-0.819152044288994,
3.34538094399683E-13));
#59070=AXIS2_PLACEMENT_3D('',#59040,#59050,#59060);
#59080=PLANE('',#59070);
#59090=ORIENTED_EDGE('',*,*,#1760,.T.);
#59100=CARTESIAN_POINT('',(-18.3934333693425,19.3500000000232,
-5.15000000006499));
#59110=DIRECTION('',(6.27443588540957E-27,-4.08395604615809E-13,-1.));
#59120=VECTOR('',#59110,1.);
#59130=LINE('',#59100,#59120);
#59140=CARTESIAN_POINT('',(-18.3934333693425,19.3500000000235,
-4.35000000006499));
#59150=VERTEX_POINT('',#59140);
#59160=EDGE_CURVE('',#59150,#1670,#59130,.T.);
#59170=ORIENTED_EDGE('',*,*,#59160,.T.);
#59180=CARTESIAN_POINT('',(1.35241920832461,-8.85000000019565,
-4.35000000005347));
#59190=DIRECTION('',(-0.573576436351043,0.819152044288994,
-3.34538094399683E-13));
#59200=VECTOR('',#59190,1.);
#59210=LINE('',#59180,#59200);
#59220=CARTESIAN_POINT('',(-18.8485682691262,19.9999999999483,
-4.35000000006525));
#59230=VERTEX_POINT('',#59220);
#59240=EDGE_CURVE('',#59150,#59230,#59210,.T.);
#59250=ORIENTED_EDGE('',*,*,#59240,.F.);
#59260=CARTESIAN_POINT('',(-18.8485682691262,19.999999999948,
-5.15000000006525));
#59270=DIRECTION('',(6.27443588540957E-27,-4.08395604615809E-13,-1.));
#59280=VECTOR('',#59270,1.);
#59290=LINE('',#59260,#59280);
#59300=EDGE_CURVE('',#59230,#1750,#59290,.T.);
#59310=ORIENTED_EDGE('',*,*,#59300,.F.);
#59320=EDGE_LOOP('',(#59310,#59250,#59170,#59090));
#59330=FACE_OUTER_BOUND('',#59320,.T.);
#59340=ADVANCED_FACE('',(#59330),#59080,.F.);
#59350=COLOUR_RGB('',0.,0.443137288093567,0.709803938865662);
#59360=FILL_AREA_STYLE_COLOUR('',#59350);
#59370=FILL_AREA_STYLE('',(#59360));
#59380=SURFACE_STYLE_FILL_AREA(#59370);
#59390=SURFACE_SIDE_STYLE('',(#59380));
#59400=SURFACE_STYLE_USAGE(.BOTH.,#59390);
#59410=PRESENTATION_STYLE_ASSIGNMENT((#59400));
#59420=CARTESIAN_POINT('',(-19.4105546651767,19.6946519984934,
-5.15000000006513));
#59430=DIRECTION('',(0.92110933001652,-0.38930399709805,
1.58990041274215E-13));
#59440=DIRECTION('',(0.38930399709805,0.92110933001652,
-3.76177001749357E-13));
#59450=AXIS2_PLACEMENT_3D('',#59420,#59430,#59440);
#59460=PLANE('',#59450);
#59470=ORIENTED_EDGE('',*,*,#1920,.F.);
#59480=CARTESIAN_POINT('',(-19.2815002808615,19.999999999948,
-5.15000000006525));
#59490=DIRECTION('',(6.27443588540957E-27,-4.08395604615809E-13,-1.));
#59500=VECTOR('',#59490,1.);
#59510=LINE('',#59480,#59500);
#59520=EDGE_CURVE('',#8760,#1830,#59510,.T.);
#59530=ORIENTED_EDGE('',*,*,#59520,.T.);
#59540=ORIENTED_EDGE('',*,*,#8770,.T.);
#59550=CARTESIAN_POINT('',(-20.000000000105,18.3000000000952,
-5.15000000006456));
#59560=DIRECTION('',(-6.27443588540957E-27,4.08395604615809E-13,1.));
#59570=VECTOR('',#59560,1.);
#59580=LINE('',#59550,#59570);
#59590=EDGE_CURVE('',#1910,#8680,#59580,.T.);
#59600=ORIENTED_EDGE('',*,*,#59590,.T.);
#59610=EDGE_LOOP('',(#59600,#59540,#59530,#59470));
#59620=FACE_OUTER_BOUND('',#59610,.T.);
#59630=ADVANCED_FACE('',(#59620),#59460,.F.);
#59640=COLOUR_RGB('',0.,0.443137288093567,0.709803938865662);
#59650=FILL_AREA_STYLE_COLOUR('',#59640);
#59660=FILL_AREA_STYLE('',(#59650));
#59670=SURFACE_STYLE_FILL_AREA(#59660);
#59680=SURFACE_SIDE_STYLE('',(#59670));
#59690=SURFACE_STYLE_USAGE(.BOTH.,#59680);
#59700=PRESENTATION_STYLE_ASSIGNMENT((#59690));
#59710=CARTESIAN_POINT('',(-28.0000000001048,18.2999999993133,
-5.15000000006456));
#59720=DIRECTION('',(-0.92110933001652,-0.38930399709805,
1.58990041274204E-13));
#59730=DIRECTION('',(0.38930399709805,-0.92110933001652,
3.76177001749362E-13));
#59740=AXIS2_PLACEMENT_3D('',#59710,#59720,#59730);
#59750=PLANE('',#59740);
#59760=ORIENTED_EDGE('',*,*,#2240,.F.);
#59770=CARTESIAN_POINT('',(-28.0000000001048,18.2999999993133,
-5.15000000006456));
#59780=DIRECTION('',(-6.27443588540957E-27,4.08395604615809E-13,1.));
#59790=VECTOR('',#59780,1.);
#59800=LINE('',#59770,#59790);
#59810=EDGE_CURVE('',#2150,#8440,#59800,.T.);
#59820=ORIENTED_EDGE('',*,*,#59810,.F.);
#59830=ORIENTED_EDGE('',*,*,#8450,.T.);
#59840=ORIENTED_EDGE('',*,*,#47980,.F.);
#59850=EDGE_LOOP('',(#59840,#59830,#59820,#59760));
#59860=FACE_OUTER_BOUND('',#59850,.T.);
#59870=ADVANCED_FACE('',(#59860),#59750,.F.);
#59880=COLOUR_RGB('',0.,0.443137288093567,0.709803938865662);
#59890=FILL_AREA_STYLE_COLOUR('',#59880);
#59900=FILL_AREA_STYLE('',(#59890));
#59910=SURFACE_STYLE_FILL_AREA(#59900);
#59920=SURFACE_SIDE_STYLE('',(#59910));
#59930=SURFACE_STYLE_USAGE(.BOTH.,#59920);
#59940=PRESENTATION_STYLE_ASSIGNMENT((#59930));
#59950=CARTESIAN_POINT('',(-28.0000000001048,14.0000000000958,
-5.1500000000628));
#59960=DIRECTION('',(-1.,-2.76167977375509E-15,-5.14657800445161E-27));
#59970=DIRECTION('',(2.76167977375509E-15,-1.,4.08395604615809E-13));
#59980=AXIS2_PLACEMENT_3D('',#59950,#59960,#59970);
#59990=PLANE('',#59980);
#60000=ORIENTED_EDGE('',*,*,#2160,.F.);
#60010=CARTESIAN_POINT('',(-28.0000000001048,14.0000000000958,
-5.1500000000628));
#60020=DIRECTION('',(-6.27443588540957E-27,4.08395604615809E-13,1.));
#60030=VECTOR('',#60020,1.);
#60040=LINE('',#60010,#60030);
#60050=CARTESIAN_POINT('',(-28.0000000001048,14.0000000000961,
-4.50000000113439));
#60060=VERTEX_POINT('',#60050);
#60070=EDGE_CURVE('',#2070,#60060,#60040,.T.);
#60080=ORIENTED_EDGE('',*,*,#60070,.F.);
#60090=CARTESIAN_POINT('',(-28.0000000001048,14.0000000000961,
-4.50000000113439));
#60100=DIRECTION('',(5.53723733531797E-15,-1.,4.08395604615809E-13));
#60110=VECTOR('',#60100,1.);
#60120=LINE('',#60090,#60110);
#60130=CARTESIAN_POINT('',(-28.0000000001047,2.05000000009608,
-4.50000000112951));
#60140=VERTEX_POINT('',#60130);
#60150=EDGE_CURVE('',#60060,#60140,#60120,.T.);
#60160=ORIENTED_EDGE('',*,*,#60150,.F.);
#60170=CARTESIAN_POINT('',(-28.0000000001047,2.05000000009806,
0.349999999449501));
#60180=DIRECTION('',(6.27443588540957E-27,-4.08395604615809E-13,-1.));
#60190=VECTOR('',#60180,1.);
#60200=LINE('',#60170,#60190);
#60210=CARTESIAN_POINT('',(-28.0000000001047,2.04999999266824,
0.349999999449501));
#60220=VERTEX_POINT('',#60210);
#60230=EDGE_CURVE('',#60220,#60140,#60200,.T.);
#60240=ORIENTED_EDGE('',*,*,#60230,.T.);
#60250=CARTESIAN_POINT('',(-28.0000000001048,14.0000000000981,
0.349999999444621));
#60260=DIRECTION('',(5.53723733531797E-15,-1.,4.08395604615809E-13));
#60270=VECTOR('',#60260,1.);
#60280=LINE('',#60250,#60270);
#60290=CARTESIAN_POINT('',(-28.0000000001048,14.0000000000981,
0.349999999444621));
#60300=VERTEX_POINT('',#60290);
#60310=EDGE_CURVE('',#60300,#60220,#60280,.T.);
#60320=ORIENTED_EDGE('',*,*,#60310,.T.);
#60330=EDGE_CURVE('',#60300,#8520,#60040,.T.);
#60340=ORIENTED_EDGE('',*,*,#60330,.F.);
#60350=ORIENTED_EDGE('',*,*,#8530,.T.);
#60360=ORIENTED_EDGE('',*,*,#59810,.T.);
#60370=EDGE_LOOP('',(#60360,#60350,#60340,#60320,#60240,#60160,#60080,
#60000));
#60380=FACE_OUTER_BOUND('',#60370,.T.);
#60390=ADVANCED_FACE('',(#60380),#59990,.F.);
#60400=COLOUR_RGB('',0.,0.443137288093567,0.709803938865662);
#60410=FILL_AREA_STYLE_COLOUR('',#60400);
#60420=FILL_AREA_STYLE('',(#60410));
#60430=SURFACE_STYLE_FILL_AREA(#60420);
#60440=SURFACE_SIDE_STYLE('',(#60430));
#60450=SURFACE_STYLE_USAGE(.BOTH.,#60440);
#60460=PRESENTATION_STYLE_ASSIGNMENT((#60450));
#60470=CARTESIAN_POINT('',(-20.000000000105,14.0000000000959,
-5.1500000000628));
#60480=DIRECTION('',(5.53723733531797E-15,-1.,4.08395604615809E-13));
#60490=DIRECTION('',(1.,5.53723733531797E-15,4.01305249595116E-27));
#60500=AXIS2_PLACEMENT_3D('',#60470,#60480,#60490);
#60510=PLANE('',#60500);
#60520=CARTESIAN_POINT('',(-18.9999999998239,14.0000000000981,
0.349999999444621));
#60530=DIRECTION('',(1.,5.53723733531797E-15,4.01305249595116E-27));
#60540=VECTOR('',#60530,1.);
#60550=LINE('',#60520,#60540);
#60560=CARTESIAN_POINT('',(-24.8500000000854,14.0000000000981,
0.349999999444621));
#60570=VERTEX_POINT('',#60560);
#60580=EDGE_CURVE('',#60300,#60570,#60550,.T.);
#60590=ORIENTED_EDGE('',*,*,#60580,.F.);
#60600=CARTESIAN_POINT('',(-24.8500000000854,14.0000000000958,
-5.1500000000628));
#60610=DIRECTION('',(6.27443588540957E-27,-4.08395604615809E-13,-1.));
#60620=VECTOR('',#60610,1.);
#60630=LINE('',#60600,#60620);
#60640=CARTESIAN_POINT('',(-24.8500000000854,14.0000000000961,
-4.50000000113439));
#60650=VERTEX_POINT('',#60640);
#60660=EDGE_CURVE('',#60570,#60650,#60630,.T.);
#60670=ORIENTED_EDGE('',*,*,#60660,.F.);
#60680=CARTESIAN_POINT('',(-18.9999999998239,14.0000000000961,
-4.50000000113439));
#60690=DIRECTION('',(-1.,-5.53723733531797E-15,-4.01305249595116E-27));
#60700=VECTOR('',#60690,1.);
#60710=LINE('',#60680,#60700);
#60720=EDGE_CURVE('',#60650,#60060,#60710,.T.);
#60730=ORIENTED_EDGE('',*,*,#60720,.F.);
#60740=ORIENTED_EDGE('',*,*,#60070,.T.);
#60750=ORIENTED_EDGE('',*,*,#2080,.T.);
#60760=CARTESIAN_POINT('',(-20.000000000105,14.0000000000959,
-5.1500000000628));
#60770=DIRECTION('',(-6.27443588540957E-27,4.08395604615809E-13,1.));
#60780=VECTOR('',#60770,1.);
#60790=LINE('',#60760,#60780);
#60800=CARTESIAN_POINT('',(-20.000000000105,14.0000000000961,
-4.50000000097179));
#60810=VERTEX_POINT('',#60800);
#60820=EDGE_CURVE('',#1990,#60810,#60790,.T.);
#60830=ORIENTED_EDGE('',*,*,#60820,.F.);
#60840=CARTESIAN_POINT('',(-18.9999999998239,14.0000000000961,
-4.50000000097179));
#60850=DIRECTION('',(-1.,-5.53723733531797E-15,-4.01305249595116E-27));
#60860=VECTOR('',#60850,1.);
#60870=LINE('',#60840,#60860);
#60880=CARTESIAN_POINT('',(-23.1500000001236,14.0000000000961,
-4.50000000097179));
#60890=VERTEX_POINT('',#60880);
#60900=EDGE_CURVE('',#60810,#60890,#60870,.T.);
#60910=ORIENTED_EDGE('',*,*,#60900,.F.);
#60920=CARTESIAN_POINT('',(-23.1500000001236,14.0000000000958,
-5.1500000000628));
#60930=DIRECTION('',(-6.27443588540957E-27,4.08395604615809E-13,1.));
#60940=VECTOR('',#60930,1.);
#60950=LINE('',#60920,#60940);
#60960=CARTESIAN_POINT('',(-23.1500000001236,14.0000000000981,
0.349999999444621));
#60970=VERTEX_POINT('',#60960);
#60980=EDGE_CURVE('',#60890,#60970,#60950,.T.);
#60990=ORIENTED_EDGE('',*,*,#60980,.F.);
#61000=CARTESIAN_POINT('',(-18.9999999998239,14.0000000000981,
0.349999999444621));
#61010=DIRECTION('',(1.,5.53723733531797E-15,4.01305249595116E-27));
#61020=VECTOR('',#61010,1.);
#61030=LINE('',#61000,#61020);
#61040=CARTESIAN_POINT('',(-20.000000000105,14.0000000000981,
0.349999999444621));
#61050=VERTEX_POINT('',#61040);
#61060=EDGE_CURVE('',#60970,#61050,#61030,.T.);
#61070=ORIENTED_EDGE('',*,*,#61060,.F.);
#61080=EDGE_CURVE('',#61050,#8600,#60790,.T.);
#61090=ORIENTED_EDGE('',*,*,#61080,.F.);
#61100=ORIENTED_EDGE('',*,*,#8610,.F.);
#61110=ORIENTED_EDGE('',*,*,#60330,.T.);
#61120=EDGE_LOOP('',(#61110,#61100,#61090,#61070,#60990,#60910,#60830,
#60750,#60740,#60730,#60670,#60590));
#61130=FACE_OUTER_BOUND('',#61120,.T.);
#61140=ADVANCED_FACE('',(#61130),#60510,.F.);
#61150=COLOUR_RGB('',0.,0.443137288093567,0.709803938865662);
#61160=FILL_AREA_STYLE_COLOUR('',#61150);
#61170=FILL_AREA_STYLE('',(#61160));
#61180=SURFACE_STYLE_FILL_AREA(#61170);
#61190=SURFACE_SIDE_STYLE('',(#61180));
#61200=SURFACE_STYLE_USAGE(.BOTH.,#61190);
#61210=PRESENTATION_STYLE_ASSIGNMENT((#61200));
#61220=CARTESIAN_POINT('',(-20.000000000105,18.3000000000952,
-5.15000000006456));
#61230=DIRECTION('',(1.,5.53723733531797E-15,4.01305249595116E-27));
#61240=DIRECTION('',(-5.53723733531797E-15,1.,-4.08395604615809E-13));
#61250=AXIS2_PLACEMENT_3D('',#61220,#61230,#61240);
#61260=PLANE('',#61250);
#61270=CARTESIAN_POINT('',(-20.000000000105,14.0000000000981,
0.349999999444621));
#61280=DIRECTION('',(5.53723733531797E-15,-1.,4.08395604615809E-13));
#61290=VECTOR('',#61280,1.);
#61300=LINE('',#61270,#61290);
#61310=CARTESIAN_POINT('',(-20.0000000001049,2.0499999955099,
0.349999999449501));
#61320=VERTEX_POINT('',#61310);
#61330=EDGE_CURVE('',#61050,#61320,#61300,.T.);
#61340=ORIENTED_EDGE('',*,*,#61330,.F.);
#61350=CARTESIAN_POINT('',(-20.0000000001049,2.0500000000981,
0.349999999449501));
#61360=DIRECTION('',(6.27443588540957E-27,-4.08395604615809E-13,-1.));
#61370=VECTOR('',#61360,1.);
#61380=LINE('',#61350,#61370);
#61390=CARTESIAN_POINT('',(-20.0000000001049,2.05000000009612,
-4.50000000096691));
#61400=VERTEX_POINT('',#61390);
#61410=EDGE_CURVE('',#61320,#61400,#61380,.T.);
#61420=ORIENTED_EDGE('',*,*,#61410,.F.);
#61430=CARTESIAN_POINT('',(-20.000000000105,14.0000000000961,
-4.50000000097179));
#61440=DIRECTION('',(5.53723733531797E-15,-1.,4.08395604615809E-13));
#61450=VECTOR('',#61440,1.);
#61460=LINE('',#61430,#61450);
#61470=EDGE_CURVE('',#60810,#61400,#61460,.T.);
#61480=ORIENTED_EDGE('',*,*,#61470,.T.);
#61490=ORIENTED_EDGE('',*,*,#60820,.T.);
#61500=ORIENTED_EDGE('',*,*,#2000,.F.);
#61510=ORIENTED_EDGE('',*,*,#59590,.F.);
#61520=ORIENTED_EDGE('',*,*,#8690,.T.);
#61530=ORIENTED_EDGE('',*,*,#61080,.T.);
#61540=EDGE_LOOP('',(#61530,#61520,#61510,#61500,#61490,#61480,#61420,
#61340));
#61550=FACE_OUTER_BOUND('',#61540,.T.);
#61560=ADVANCED_FACE('',(#61550),#61260,.F.);
#61570=COLOUR_RGB('',0.,0.443137288093567,0.709803938865662);
#61580=FILL_AREA_STYLE_COLOUR('',#61570);
#61590=FILL_AREA_STYLE('',(#61580));
#61600=SURFACE_STYLE_FILL_AREA(#61590);
#61610=SURFACE_SIDE_STYLE('',(#61600));
#61620=SURFACE_STYLE_USAGE(.BOTH.,#61610);
#61630=PRESENTATION_STYLE_ASSIGNMENT((#61620));
#61640=CARTESIAN_POINT('',(-20.000000000105,14.0000000000981,
0.349999999444621));
#61650=DIRECTION('',(6.27443588540957E-27,-4.08395604615809E-13,-1.));
#61660=DIRECTION('',(1.,5.53723733531797E-15,4.01305249595116E-27));
#61670=AXIS2_PLACEMENT_3D('',#61640,#61650,#61660);
#61680=PLANE('',#61670);
#61690=CARTESIAN_POINT('',(-23.1500000001236,14.0000000000981,
0.349999999444621));
#61700=DIRECTION('',(5.53723733531797E-15,-1.,4.08395604615809E-13));
#61710=VECTOR('',#61700,1.);
#61720=LINE('',#61690,#61710);
#61730=CARTESIAN_POINT('',(-23.1500000001235,2.049999994391,
0.349999999449501));
#61740=VERTEX_POINT('',#61730);
#61750=EDGE_CURVE('',#60970,#61740,#61720,.T.);
#61760=ORIENTED_EDGE('',*,*,#61750,.F.);
#61770=CARTESIAN_POINT('',(-18.9999999998239,2.04999999586511,
0.349999999449501));
#61780=DIRECTION('',(-1.,-3.55207974145346E-10,1.4505910092956E-22));
#61790=VECTOR('',#61780,1.);
#61800=LINE('',#61770,#61790);
#61810=EDGE_CURVE('',#61320,#61740,#61800,.T.);
#61820=ORIENTED_EDGE('',*,*,#61810,.T.);
#61830=ORIENTED_EDGE('',*,*,#61330,.T.);
#61840=ORIENTED_EDGE('',*,*,#61060,.T.);
#61850=EDGE_LOOP('',(#61840,#61830,#61820,#61760));
#61860=FACE_OUTER_BOUND('',#61850,.T.);
#61870=ADVANCED_FACE('',(#61860),#61680,.T.);
#61880=COLOUR_RGB('',0.,0.443137288093567,0.709803938865662);
#61890=FILL_AREA_STYLE_COLOUR('',#61880);
#61900=FILL_AREA_STYLE('',(#61890));
#61910=SURFACE_STYLE_FILL_AREA(#61900);
#61920=SURFACE_SIDE_STYLE('',(#61910));
#61930=SURFACE_STYLE_USAGE(.BOTH.,#61920);
#61940=PRESENTATION_STYLE_ASSIGNMENT((#61930));
#61950=CARTESIAN_POINT('',(-23.1500000001236,14.0000000000981,
0.349999999444621));
#61960=DIRECTION('',(1.,5.53723733531797E-15,4.01305249595116E-27));
#61970=DIRECTION('',(-6.27443588540957E-27,4.08395604615809E-13,1.));
#61980=AXIS2_PLACEMENT_3D('',#61950,#61960,#61970);
#61990=PLANE('',#61980);
#62000=CARTESIAN_POINT('',(-23.1500000001236,14.0000000000961,
-4.50000000097179));
#62010=DIRECTION('',(5.53723733531797E-15,-1.,4.08395604615809E-13));
#62020=VECTOR('',#62010,1.);
#62030=LINE('',#62000,#62020);
#62040=CARTESIAN_POINT('',(-23.1500000001235,2.0500000000961,
-4.50000000096691));
#62050=VERTEX_POINT('',#62040);
#62060=EDGE_CURVE('',#60890,#62050,#62030,.T.);
#62070=ORIENTED_EDGE('',*,*,#62060,.F.);
#62080=CARTESIAN_POINT('',(-23.1500000001235,2.0500000000961,
-4.50000000096691));
#62090=DIRECTION('',(-6.27443588540957E-27,4.08395604615809E-13,1.));
#62100=VECTOR('',#62090,1.);
#62110=LINE('',#62080,#62100);
#62120=EDGE_CURVE('',#62050,#61740,#62110,.T.);
#62130=ORIENTED_EDGE('',*,*,#62120,.F.);
#62140=ORIENTED_EDGE('',*,*,#61750,.T.);
#62150=ORIENTED_EDGE('',*,*,#60980,.T.);
#62160=EDGE_LOOP('',(#62150,#62140,#62130,#62070));
#62170=FACE_OUTER_BOUND('',#62160,.T.);
#62180=ADVANCED_FACE('',(#62170),#61990,.T.);
#62190=COLOUR_RGB('',0.,0.443137288093567,0.709803938865662);
#62200=FILL_AREA_STYLE_COLOUR('',#62190);
#62210=FILL_AREA_STYLE('',(#62200));
#62220=SURFACE_STYLE_FILL_AREA(#62210);
#62230=SURFACE_SIDE_STYLE('',(#62220));
#62240=SURFACE_STYLE_USAGE(.BOTH.,#62230);
#62250=PRESENTATION_STYLE_ASSIGNMENT((#62240));
#62260=CARTESIAN_POINT('',(-24.0000000001048,2.05000000009709,
-2.07500000005792));
#62270=DIRECTION('',(-5.53723733531797E-15,1.,-4.08395604615809E-13));
#62280=DIRECTION('',(1.,5.53723733531797E-15,4.01305249595116E-27));
#62290=AXIS2_PLACEMENT_3D('',#62260,#62270,#62280);
#62300=PLANE('',#62290);
#62310=CARTESIAN_POINT('',(-20.0000000001049,2.05000000009612,
-4.50000000096691));
#62320=DIRECTION('',(-1.,-5.53723733531797E-15,-4.01305249595116E-27));
#62330=VECTOR('',#62320,1.);
#62340=LINE('',#62310,#62330);
#62350=EDGE_CURVE('',#61400,#62050,#62340,.T.);
#62360=ORIENTED_EDGE('',*,*,#62350,.T.);
#62370=ORIENTED_EDGE('',*,*,#61410,.T.);
#62380=ORIENTED_EDGE('',*,*,#61810,.F.);
#62390=ORIENTED_EDGE('',*,*,#62120,.T.);
#62400=EDGE_LOOP('',(#62390,#62380,#62370,#62360));
#62410=FACE_OUTER_BOUND('',#62400,.T.);
#62420=ADVANCED_FACE('',(#62410),#62300,.T.);
#62430=COLOUR_RGB('',0.823529481887817,0.823529481887817,
0.784313797950745);
#62440=FILL_AREA_STYLE_COLOUR('',#62430);
#62450=FILL_AREA_STYLE('',(#62440));
#62460=SURFACE_STYLE_FILL_AREA(#62450);
#62470=SURFACE_SIDE_STYLE('',(#62460));
#62480=SURFACE_STYLE_USAGE(.BOTH.,#62470);
#62490=PRESENTATION_STYLE_ASSIGNMENT((#62480));
#62500=CARTESIAN_POINT('',(-23.1500000001236,14.0000000000961,
-4.50000000097179));
#62510=DIRECTION('',(-6.27443588540957E-27,4.08395604615809E-13,1.));
#62520=DIRECTION('',(-1.,-5.53723733531797E-15,-4.01305249595116E-27));
#62530=AXIS2_PLACEMENT_3D('',#62500,#62510,#62520);
#62540=PLANE('',#62530);
#62550=ORIENTED_EDGE('',*,*,#61470,.F.);
#62560=ORIENTED_EDGE('',*,*,#62350,.F.);
#62570=ORIENTED_EDGE('',*,*,#62060,.T.);
#62580=ORIENTED_EDGE('',*,*,#60900,.T.);
#62590=EDGE_LOOP('',(#62580,#62570,#62560,#62550));
#62600=FACE_OUTER_BOUND('',#62590,.T.);
#62610=ADVANCED_FACE('',(#62600),#62540,.T.);
#62620=COLOUR_RGB('',0.,0.443137288093567,0.709803938865662);
#62630=FILL_AREA_STYLE_COLOUR('',#62620);
#62640=FILL_AREA_STYLE('',(#62630));
#62650=SURFACE_STYLE_FILL_AREA(#62640);
#62660=SURFACE_SIDE_STYLE('',(#62650));
#62670=SURFACE_STYLE_USAGE(.BOTH.,#62660);
#62680=PRESENTATION_STYLE_ASSIGNMENT((#62670));
#62690=CARTESIAN_POINT('',(-24.8500000000854,14.0000000000981,
0.349999999444621));
#62700=DIRECTION('',(6.27443588540957E-27,-4.08395604615809E-13,-1.));
#62710=DIRECTION('',(1.,5.53723733531797E-15,4.01305249595116E-27));
#62720=AXIS2_PLACEMENT_3D('',#62690,#62700,#62710);
#62730=PLANE('',#62720);
#62740=ORIENTED_EDGE('',*,*,#60310,.F.);
#62750=CARTESIAN_POINT('',(-18.9999999998239,2.04999999586511,
0.349999999449501));
#62760=DIRECTION('',(-1.,-3.55207974145346E-10,1.4505910092956E-22));
#62770=VECTOR('',#62760,1.);
#62780=LINE('',#62750,#62770);
#62790=CARTESIAN_POINT('',(-24.8500000000853,2.04999999378714,
0.349999999449501));
#62800=VERTEX_POINT('',#62790);
#62810=EDGE_CURVE('',#62800,#60220,#62780,.T.);
#62820=ORIENTED_EDGE('',*,*,#62810,.T.);
#62830=CARTESIAN_POINT('',(-24.8500000000854,14.0000000000981,
0.349999999444621));
#62840=DIRECTION('',(5.53723733531797E-15,-1.,4.08395604615809E-13));
#62850=VECTOR('',#62840,1.);
#62860=LINE('',#62830,#62850);
#62870=EDGE_CURVE('',#60570,#62800,#62860,.T.);
#62880=ORIENTED_EDGE('',*,*,#62870,.T.);
#62890=ORIENTED_EDGE('',*,*,#60580,.T.);
#62900=EDGE_LOOP('',(#62890,#62880,#62820,#62740));
#62910=FACE_OUTER_BOUND('',#62900,.T.);
#62920=ADVANCED_FACE('',(#62910),#62730,.T.);
#62930=COLOUR_RGB('',0.,0.443137288093567,0.709803938865662);
#62940=FILL_AREA_STYLE_COLOUR('',#62930);
#62950=FILL_AREA_STYLE('',(#62940));
#62960=SURFACE_STYLE_FILL_AREA(#62950);
#62970=SURFACE_SIDE_STYLE('',(#62960));
#62980=SURFACE_STYLE_USAGE(.BOTH.,#62970);
#62990=PRESENTATION_STYLE_ASSIGNMENT((#62980));
#63000=CARTESIAN_POINT('',(-24.8500000000854,14.0000000000961,
-4.50000000113439));
#63010=DIRECTION('',(-1.,-5.53723733531797E-15,-4.01305249595116E-27));
#63020=DIRECTION('',(6.27443588540957E-27,-4.08395604615809E-13,-1.));
#63030=AXIS2_PLACEMENT_3D('',#63000,#63010,#63020);
#63040=PLANE('',#63030);
#63050=ORIENTED_EDGE('',*,*,#62870,.F.);
#63060=CARTESIAN_POINT('',(-24.8500000000853,2.05000000009609,
-4.50000000112951));
#63070=DIRECTION('',(-6.27443588540957E-27,4.08395604615809E-13,1.));
#63080=VECTOR('',#63070,1.);
#63090=LINE('',#63060,#63080);
#63100=CARTESIAN_POINT('',(-24.8500000000853,2.05000000009609,
-4.50000000112951));
#63110=VERTEX_POINT('',#63100);
#63120=EDGE_CURVE('',#63110,#62800,#63090,.T.);
#63130=ORIENTED_EDGE('',*,*,#63120,.T.);
#63140=CARTESIAN_POINT('',(-24.8500000000854,14.0000000000961,
-4.50000000113439));
#63150=DIRECTION('',(5.53723733531797E-15,-1.,4.08395604615809E-13));
#63160=VECTOR('',#63150,1.);
#63170=LINE('',#63140,#63160);
#63180=EDGE_CURVE('',#60650,#63110,#63170,.T.);
#63190=ORIENTED_EDGE('',*,*,#63180,.T.);
#63200=ORIENTED_EDGE('',*,*,#60660,.T.);
#63210=EDGE_LOOP('',(#63200,#63190,#63130,#63050));
#63220=FACE_OUTER_BOUND('',#63210,.T.);
#63230=ADVANCED_FACE('',(#63220),#63040,.T.);
#63240=COLOUR_RGB('',0.,0.443137288093567,0.709803938865662);
#63250=FILL_AREA_STYLE_COLOUR('',#63240);
#63260=FILL_AREA_STYLE('',(#63250));
#63270=SURFACE_STYLE_FILL_AREA(#63260);
#63280=SURFACE_SIDE_STYLE('',(#63270));
#63290=SURFACE_STYLE_USAGE(.BOTH.,#63280);
#63300=PRESENTATION_STYLE_ASSIGNMENT((#63290));
#63310=CARTESIAN_POINT('',(-28.0000000001048,14.0000000000961,
-4.50000000113439));
#63320=DIRECTION('',(-6.27443588540957E-27,4.08395604615809E-13,1.));
#63330=DIRECTION('',(-1.,-5.53723733531797E-15,-4.01305249595116E-27));
#63340=AXIS2_PLACEMENT_3D('',#63310,#63320,#63330);
#63350=PLANE('',#63340);
#63360=ORIENTED_EDGE('',*,*,#63180,.F.);
#63370=CARTESIAN_POINT('',(-28.0000000001047,2.05000000009608,
-4.50000000112951));
#63380=DIRECTION('',(1.,5.53723733531797E-15,4.01305249595116E-27));
#63390=VECTOR('',#63380,1.);
#63400=LINE('',#63370,#63390);
#63410=EDGE_CURVE('',#60140,#63110,#63400,.T.);
#63420=ORIENTED_EDGE('',*,*,#63410,.T.);
#63430=ORIENTED_EDGE('',*,*,#60150,.T.);
#63440=ORIENTED_EDGE('',*,*,#60720,.T.);
#63450=EDGE_LOOP('',(#63440,#63430,#63420,#63360));
#63460=FACE_OUTER_BOUND('',#63450,.T.);
#63470=ADVANCED_FACE('',(#63460),#63350,.T.);
#63480=COLOUR_RGB('',0.,0.443137288093567,0.709803938865662);
#63490=FILL_AREA_STYLE_COLOUR('',#63480);
#63500=FILL_AREA_STYLE('',(#63490));
#63510=SURFACE_STYLE_FILL_AREA(#63500);
#63520=SURFACE_SIDE_STYLE('',(#63510));
#63530=SURFACE_STYLE_USAGE(.BOTH.,#63520);
#63540=PRESENTATION_STYLE_ASSIGNMENT((#63530));
#63550=CARTESIAN_POINT('',(-24.0000000001048,2.05000000009709,
-2.07500000005792));
#63560=DIRECTION('',(-5.53723733531797E-15,1.,-4.08395604615809E-13));
#63570=DIRECTION('',(1.,5.53723733531797E-15,4.01305249595116E-27));
#63580=AXIS2_PLACEMENT_3D('',#63550,#63560,#63570);
#63590=PLANE('',#63580);
#63600=ORIENTED_EDGE('',*,*,#60230,.F.);
#63610=ORIENTED_EDGE('',*,*,#63410,.F.);
#63620=ORIENTED_EDGE('',*,*,#63120,.F.);
#63630=ORIENTED_EDGE('',*,*,#62810,.F.);
#63640=EDGE_LOOP('',(#63630,#63620,#63610,#63600));
#63650=FACE_OUTER_BOUND('',#63640,.T.);
#63660=ADVANCED_FACE('',(#63650),#63590,.T.);
#63670=COLOUR_RGB('',0.823529481887817,0.823529481887817,
0.784313797950745);
#63680=FILL_AREA_STYLE_COLOUR('',#63670);
#63690=FILL_AREA_STYLE('',(#63680));
#63700=SURFACE_STYLE_FILL_AREA(#63690);
#63710=SURFACE_SIDE_STYLE('',(#63700));
#63720=SURFACE_STYLE_USAGE(.BOTH.,#63710);
#63730=PRESENTATION_STYLE_ASSIGNMENT((#63720));
#63740=CARTESIAN_POINT('',(-18.9370646677199,19.999999999948,
-5.15000000006525));
#63750=DIRECTION('',(2.1536106228786E-30,-1.,4.08395604615809E-13));
#63760=DIRECTION('',(1.,2.15361062544105E-30,6.27443588540957E-27));
#63770=AXIS2_PLACEMENT_3D('',#63740,#63750,#63760);
#63780=PLANE('',#63770);
#63790=ORIENTED_EDGE('',*,*,#1840,.T.);
#63800=ORIENTED_EDGE('',*,*,#59300,.T.);
#63810=CARTESIAN_POINT('',(-18.9999999998239,19.9999999999483,
-4.35000000006525));
#63820=DIRECTION('',(-1.,-2.15361062544105E-30,-6.27443588540957E-27));
#63830=VECTOR('',#63820,1.);
#63840=LINE('',#63810,#63830);
#63850=CARTESIAN_POINT('',(-18.9500000001045,19.9999999999483,
-4.35000000006525));
#63860=VERTEX_POINT('',#63850);
#63870=EDGE_CURVE('',#59230,#63860,#63840,.T.);
#63880=ORIENTED_EDGE('',*,*,#63870,.F.);
#63890=CARTESIAN_POINT('',(-18.9500000001045,19.999999999948,
-5.15000000006525));
#63900=DIRECTION('',(-6.27443588540957E-27,4.08395604615809E-13,1.));
#63910=VECTOR('',#63900,1.);
#63920=LINE('',#63890,#63910);
#63930=EDGE_CURVE('',#63860,#8840,#63920,.T.);
#63940=ORIENTED_EDGE('',*,*,#63930,.F.);
#63950=ORIENTED_EDGE('',*,*,#8850,.F.);
#63960=ORIENTED_EDGE('',*,*,#59520,.F.);
#63970=EDGE_LOOP('',(#63960,#63950,#63940,#63880,#63800,#63790));
#63980=FACE_OUTER_BOUND('',#63970,.T.);
#63990=ADVANCED_FACE('',(#63980),#63780,.F.);
#64000=COLOUR_RGB('',0.,0.443137288093567,0.709803938865662);
#64010=FILL_AREA_STYLE_COLOUR('',#64000);
#64020=FILL_AREA_STYLE('',(#64010));
#64030=SURFACE_STYLE_FILL_AREA(#64020);
#64040=SURFACE_SIDE_STYLE('',(#64030));
#64050=SURFACE_STYLE_USAGE(.BOTH.,#64040);
#64060=PRESENTATION_STYLE_ASSIGNMENT((#64050));
#64070=CARTESIAN_POINT('',(-18.9500000001045,19.3500000000232,
-5.15000000006499));
#64080=DIRECTION('',(1.09002891581404E-24,1.,-4.08395604615809E-13));
#64090=DIRECTION('',(-1.,1.09002891581404E-24,-6.27443588585474E-27));
#64100=AXIS2_PLACEMENT_3D('',#64070,#64080,#64090);
#64110=PLANE('',#64100);
#64120=ORIENTED_EDGE('',*,*,#1680,.F.);
#64130=CARTESIAN_POINT('',(-18.9500000001045,19.3500000000232,
-5.15000000006499));
#64140=DIRECTION('',(-6.27443588540957E-27,4.08395604615809E-13,1.));
#64150=VECTOR('',#64140,1.);
#64160=LINE('',#64130,#64150);
#64170=CARTESIAN_POINT('',(-18.9500000001045,19.3500000000235,
-4.35000000006499));
#64180=VERTEX_POINT('',#64170);
#64190=EDGE_CURVE('',#1590,#64180,#64160,.T.);
#64200=ORIENTED_EDGE('',*,*,#64190,.F.);
#64210=CARTESIAN_POINT('',(-18.9999999998239,19.3500000000235,
-4.35000000006499));
#64220=DIRECTION('',(1.,-1.09002891581404E-24,6.27443588585474E-27));
#64230=VECTOR('',#64220,1.);
#64240=LINE('',#64210,#64230);
#64250=EDGE_CURVE('',#64180,#59150,#64240,.T.);
#64260=ORIENTED_EDGE('',*,*,#64250,.F.);
#64270=ORIENTED_EDGE('',*,*,#59160,.F.);
#64280=EDGE_LOOP('',(#64270,#64260,#64200,#64120));
#64290=FACE_OUTER_BOUND('',#64280,.T.);
#64300=ADVANCED_FACE('',(#64290),#64110,.F.);
#64310=COLOUR_RGB('',0.,0.443137288093567,0.709803938865662);
#64320=FILL_AREA_STYLE_COLOUR('',#64310);
#64330=FILL_AREA_STYLE('',(#64320));
#64340=SURFACE_STYLE_FILL_AREA(#64330);
#64350=SURFACE_SIDE_STYLE('',(#64340));
#64360=SURFACE_STYLE_USAGE(.BOTH.,#64350);
#64370=PRESENTATION_STYLE_ASSIGNMENT((#64360));
#64380=CARTESIAN_POINT('',(-10.8749999999514,17.8511832695807,
-5.15000000006437));
#64390=DIRECTION('',(1.,-4.10618222704126E-13,1.7396911321293E-25));
#64400=DIRECTION('',(4.10618222704126E-13,1.,-4.08395604615809E-13));
#64410=AXIS2_PLACEMENT_3D('',#64380,#64390,#64400);
#64420=PLANE('',#64410);
#64430=CARTESIAN_POINT('',(-10.8749999999514,17.8511832695791,
-5.15000000006437));
#64440=DIRECTION('',(-6.27443588540957E-27,4.08395604615809E-13,1.));
#64450=VECTOR('',#64440,1.);
#64460=LINE('',#64430,#64450);
#64470=EDGE_CURVE('',#940,#9490,#64460,.T.);
#64480=ORIENTED_EDGE('',*,*,#64470,.F.);
#64490=ORIENTED_EDGE('',*,*,#9500,.F.);
#64500=CARTESIAN_POINT('',(-10.8749999993403,16.7999999999467,
-5.15000000006394));
#64510=DIRECTION('',(-6.27443588540957E-27,4.08395604615809E-13,1.));
#64520=VECTOR('',#64510,1.);
#64530=LINE('',#64500,#64520);
#64540=EDGE_CURVE('',#1020,#9410,#64530,.T.);
#64550=ORIENTED_EDGE('',*,*,#64540,.T.);
#64560=ORIENTED_EDGE('',*,*,#1030,.T.);
#64570=EDGE_LOOP('',(#64560,#64550,#64490,#64480));
#64580=FACE_OUTER_BOUND('',#64570,.T.);
#64590=ADVANCED_FACE('',(#64580),#64420,.F.);
#64600=COLOUR_RGB('',0.,0.443137288093567,0.709803938865662);
#64610=FILL_AREA_STYLE_COLOUR('',#64600);
#64620=FILL_AREA_STYLE('',(#64610));
#64630=SURFACE_STYLE_FILL_AREA(#64620);
#64640=SURFACE_SIDE_STYLE('',(#64630));
#64650=SURFACE_STYLE_USAGE(.BOTH.,#64640);
#64660=PRESENTATION_STYLE_ASSIGNMENT((#64650));
#64670=CARTESIAN_POINT('',(-11.086388603327,17.8511832695817,
0.999999999935627));
#64680=DIRECTION('',(2.5628003382043E-39,1.,-4.08395604615809E-13));
#64690=DIRECTION('',(1.,-3.48301159325802E-43,6.27443588540957E-27));
#64700=AXIS2_PLACEMENT_3D('',#64670,#64680,#64690);
#64710=PLANE('',#64700);
#64720=ORIENTED_EDGE('',*,*,#9580,.T.);
#64730=ORIENTED_EDGE('',*,*,#64470,.T.);
#64740=ORIENTED_EDGE('',*,*,#950,.F.);
#64750=CARTESIAN_POINT('',(-11.4826644934449,17.8511832695792,
-5.1500000000624));
#64760=DIRECTION('',(6.24745962954143E-27,-4.08395604615809E-13,-1.));
#64770=VECTOR('',#64760,1.);
#64780=LINE('',#64750,#64770);
#64790=EDGE_CURVE('',#9570,#860,#64780,.T.);
#64800=ORIENTED_EDGE('',*,*,#64790,.T.);
#64810=EDGE_LOOP('',(#64800,#64740,#64730,#64720));
#64820=FACE_OUTER_BOUND('',#64810,.T.);
#64830=ADVANCED_FACE('',(#64820),#64710,.F.);
#64840=COLOUR_RGB('',0.,0.443137288093567,0.709803938865662);
#64850=FILL_AREA_STYLE_COLOUR('',#64840);
#64860=FILL_AREA_STYLE('',(#64850));
#64870=SURFACE_STYLE_FILL_AREA(#64860);
#64880=SURFACE_SIDE_STYLE('',(#64870));
#64890=SURFACE_STYLE_USAGE(.BOTH.,#64880);
#64900=PRESENTATION_STYLE_ASSIGNMENT((#64890));
#64910=CARTESIAN_POINT('',(-9.14999999998544,19.3500000000232,
-5.15000000006499));
#64920=DIRECTION('',(1.,-5.5261073494961E-12,2.26311238805474E-24));
#64930=DIRECTION('',(5.5261073494961E-12,1.,-4.08395604615809E-13));
#64940=AXIS2_PLACEMENT_3D('',#64910,#64920,#64930);
#64950=PLANE('',#64940);
#64960=ORIENTED_EDGE('',*,*,#620,.T.);
#64970=CARTESIAN_POINT('',(-9.14999999998544,19.3500000000232,
-5.15000000006499));
#64980=DIRECTION('',(-6.27443588540957E-27,4.08395604615809E-13,1.));
#64990=VECTOR('',#64980,1.);
#65000=LINE('',#64970,#64990);
#65010=CARTESIAN_POINT('',(-9.14999999998544,19.3500000000235,
-4.35000000006499));
#65020=VERTEX_POINT('',#65010);
#65030=EDGE_CURVE('',#530,#65020,#65000,.T.);
#65040=ORIENTED_EDGE('',*,*,#65030,.F.);
#65050=CARTESIAN_POINT('',(-9.15000000014128,-8.85000000019565,
-4.35000000005347));
#65060=DIRECTION('',(-5.5261073494961E-12,-1.,4.08395604615809E-13));
#65070=VECTOR('',#65060,1.);
#65080=LINE('',#65050,#65070);
#65090=CARTESIAN_POINT('',(-9.14999999998697,20.0000000000181,
-4.35000000006525));
#65100=VERTEX_POINT('',#65090);
#65110=EDGE_CURVE('',#65100,#65020,#65080,.T.);
#65120=ORIENTED_EDGE('',*,*,#65110,.T.);
#65130=CARTESIAN_POINT('',(-9.14999999998697,20.0000000000177,
-5.15000000006525));
#65140=DIRECTION('',(6.27443588540957E-27,-4.08395604615809E-13,-1.));
#65150=VECTOR('',#65140,1.);
#65160=LINE('',#65130,#65150);
#65170=EDGE_CURVE('',#9900,#65100,#65160,.T.);
#65180=ORIENTED_EDGE('',*,*,#65170,.T.);
#65190=ORIENTED_EDGE('',*,*,#9910,.F.);
#65200=CARTESIAN_POINT('',(-9.14999999998986,18.5499999999367,
-5.15000000006466));
#65210=DIRECTION('',(-6.27443588540957E-27,4.08395604615809E-13,1.));
#65220=VECTOR('',#65210,1.);
#65230=LINE('',#65200,#65220);
#65240=EDGE_CURVE('',#610,#9820,#65230,.T.);
#65250=ORIENTED_EDGE('',*,*,#65240,.T.);
#65260=EDGE_LOOP('',(#65250,#65190,#65180,#65120,#65040,#64960));
#65270=FACE_OUTER_BOUND('',#65260,.T.);
#65280=ADVANCED_FACE('',(#65270),#64950,.F.);
#65290=COLOUR_RGB('',0.,0.443137288093567,0.709803938865662);
#65300=FILL_AREA_STYLE_COLOUR('',#65290);
#65310=FILL_AREA_STYLE('',(#65300));
#65320=SURFACE_STYLE_FILL_AREA(#65310);
#65330=SURFACE_SIDE_STYLE('',(#65320));
#65340=SURFACE_STYLE_USAGE(.BOTH.,#65330);
#65350=PRESENTATION_STYLE_ASSIGNMENT((#65340));
#65360=CARTESIAN_POINT('',(-22.4969165058622,2.37499999995025,
-4.35000000005805));
#65370=DIRECTION('',(-6.27443588540957E-27,4.08395604615809E-13,1.));
#65380=DIRECTION('',(1.,-3.48301159325802E-43,6.27443588540957E-27));
#65390=AXIS2_PLACEMENT_3D('',#65360,#65370,#65380);
#65400=PLANE('',#65390);
#65410=CARTESIAN_POINT('',(-18.9999999998239,20.0000000000193,
-4.35000000006525));
#65420=DIRECTION('',(-1.,1.21042065259795E-13,-5.57074833111299E-26));
#65430=VECTOR('',#65420,1.);
#65440=LINE('',#65410,#65430);
#65450=CARTESIAN_POINT('',(-9.2514317307692,20.0000000000181,
-4.35000000006525));
#65460=VERTEX_POINT('',#65450);
#65470=EDGE_CURVE('',#65100,#65460,#65440,.T.);
#65480=ORIENTED_EDGE('',*,*,#65470,.T.);
#65490=ORIENTED_EDGE('',*,*,#65110,.F.);
#65500=CARTESIAN_POINT('',(-18.9999999998239,19.3500000000235,
-4.35000000006499));
#65510=DIRECTION('',(1.,-1.09002891581404E-24,6.27443588585474E-27));
#65520=VECTOR('',#65510,1.);
#65530=LINE('',#65500,#65520);
#65540=CARTESIAN_POINT('',(-9.70656663060172,19.3500000000235,
-4.35000000006499));
#65550=VERTEX_POINT('',#65540);
#65560=EDGE_CURVE('',#65550,#65020,#65530,.T.);
#65570=ORIENTED_EDGE('',*,*,#65560,.T.);
#65580=CARTESIAN_POINT('',(-29.4524192082688,-8.85000000019565,
-4.35000000005347));
#65590=DIRECTION('',(-0.573576436351043,-0.819152044288994,
3.34538094399676E-13));
#65600=VECTOR('',#65590,1.);
#65610=LINE('',#65580,#65600);
#65620=EDGE_CURVE('',#65460,#65550,#65610,.T.);
#65630=ORIENTED_EDGE('',*,*,#65620,.T.);
#65640=EDGE_LOOP('',(#65630,#65570,#65490,#65480));
#65650=FACE_OUTER_BOUND('',#65640,.T.);
#65660=ADVANCED_FACE('',(#65650),#65400,.T.);
#65670=COLOUR_RGB('',0.,0.443137288093567,0.709803938865662);
#65680=FILL_AREA_STYLE_COLOUR('',#65670);
#65690=FILL_AREA_STYLE('',(#65680));
#65700=SURFACE_STYLE_FILL_AREA(#65690);
#65710=SURFACE_SIDE_STYLE('',(#65700));
#65720=SURFACE_STYLE_USAGE(.BOTH.,#65710);
#65730=PRESENTATION_STYLE_ASSIGNMENT((#65720));
#65740=CARTESIAN_POINT('',(-9.37999966901367,19.3500000000232,
-5.15000000006499));
#65750=DIRECTION('',(1.09002891581404E-24,1.,-4.08395604615809E-13));
#65760=DIRECTION('',(-1.,1.09002891581404E-24,-6.27443588585474E-27));
#65770=AXIS2_PLACEMENT_3D('',#65740,#65750,#65760);
#65780=PLANE('',#65770);
#65790=ORIENTED_EDGE('',*,*,#65030,.T.);
#65800=ORIENTED_EDGE('',*,*,#540,.F.);
#65810=CARTESIAN_POINT('',(-9.70656663060172,19.3500000000232,
-5.15000000006499));
#65820=DIRECTION('',(6.27443588540957E-27,-4.08395604615809E-13,-1.));
#65830=VECTOR('',#65820,1.);
#65840=LINE('',#65810,#65830);
#65850=EDGE_CURVE('',#65550,#450,#65840,.T.);
#65860=ORIENTED_EDGE('',*,*,#65850,.T.);
#65870=ORIENTED_EDGE('',*,*,#65560,.F.);
#65880=EDGE_LOOP('',(#65870,#65860,#65800,#65790));
#65890=FACE_OUTER_BOUND('',#65880,.T.);
#65900=ADVANCED_FACE('',(#65890),#65780,.F.);
#65910=COLOUR_RGB('',0.,0.443137288093567,0.709803938865662);
#65920=FILL_AREA_STYLE_COLOUR('',#65910);
#65930=FILL_AREA_STYLE('',(#65920));
#65940=SURFACE_STYLE_FILL_AREA(#65930);
#65950=SURFACE_SIDE_STYLE('',(#65940));
#65960=SURFACE_STYLE_USAGE(.BOTH.,#65950);
#65970=PRESENTATION_STYLE_ASSIGNMENT((#65960));
#65980=CARTESIAN_POINT('',(-9.30219117970306,19.9275079941995,
-5.15000000006522));
#65990=DIRECTION('',(0.819152044288994,-0.573576436351043,
2.34246095516971E-13));
#66000=DIRECTION('',(0.573576436351043,0.819152044288994,
-3.34538094399676E-13));
#66010=AXIS2_PLACEMENT_3D('',#65980,#65990,#66000);
#66020=PLANE('',#66010);
#66030=ORIENTED_EDGE('',*,*,#460,.T.);
#66040=CARTESIAN_POINT('',(-9.2514317307692,20.0000000000178,
-5.15000000006525));
#66050=DIRECTION('',(6.27443588540957E-27,-4.08395604615809E-13,-1.));
#66060=VECTOR('',#66050,1.);
#66070=LINE('',#66040,#66060);
#66080=EDGE_CURVE('',#65460,#370,#66070,.T.);
#66090=ORIENTED_EDGE('',*,*,#66080,.T.);
#66100=ORIENTED_EDGE('',*,*,#65620,.F.);
#66110=ORIENTED_EDGE('',*,*,#65850,.F.);
#66120=EDGE_LOOP('',(#66110,#66100,#66090,#66030));
#66130=FACE_OUTER_BOUND('',#66120,.T.);
#66140=ADVANCED_FACE('',(#66130),#66020,.F.);
#66150=COLOUR_RGB('',0.,0.443137288093567,0.709803938865662);
#66160=FILL_AREA_STYLE_COLOUR('',#66150);
#66170=FILL_AREA_STYLE('',(#66160));
#66180=SURFACE_STYLE_FILL_AREA(#66170);
#66190=SURFACE_SIDE_STYLE('',(#66180));
#66200=SURFACE_STYLE_USAGE(.BOTH.,#66190);
#66210=PRESENTATION_STYLE_ASSIGNMENT((#66200));
#66220=CARTESIAN_POINT('',(-10.3595836942893,18.5500000000227,
-5.15000000006466));
#66230=DIRECTION('',(6.27443588540957E-27,-4.08395604615809E-13,-1.));
#66240=DIRECTION('',(-1.,5.70377078911993E-14,-2.95683850855358E-26));
#66250=AXIS2_PLACEMENT_3D('',#66220,#66230,#66240);
#66260=CYLINDRICAL_SURFACE('',#66250,0.3);
#66270=ORIENTED_EDGE('',*,*,#790,.F.);
#66280=CARTESIAN_POINT('',(-10.0595836942893,18.5499999999367,
-5.15000000006466));
#66290=DIRECTION('',(6.27443588540957E-27,-4.08395604615809E-13,-1.));
#66300=VECTOR('',#66290,1.);
#66310=LINE('',#66280,#66300);
#66320=EDGE_CURVE('',#9740,#690,#66310,.T.);
#66330=ORIENTED_EDGE('',*,*,#66320,.T.);
#66340=ORIENTED_EDGE('',*,*,#9750,.T.);
#66350=CARTESIAN_POINT('',(-10.5717157286453,18.7621320343787,
-5.15000000006475));
#66360=DIRECTION('',(-6.27443588540957E-27,4.08395604615809E-13,1.));
#66370=VECTOR('',#66360,1.);
#66380=LINE('',#66350,#66370);
#66390=EDGE_CURVE('',#780,#9650,#66380,.T.);
#66400=ORIENTED_EDGE('',*,*,#66390,.T.);
#66410=EDGE_LOOP('',(#66400,#66340,#66330,#66270));
#66420=FACE_OUTER_BOUND('',#66410,.T.);
#66430=ADVANCED_FACE('',(#66420),#66260,.T.);
#66440=COLOUR_RGB('',0.,0.443137288093567,0.709803938865662);
#66450=FILL_AREA_STYLE_COLOUR('',#66440);
#66460=FILL_AREA_STYLE('',(#66450));
#66470=SURFACE_STYLE_FILL_AREA(#66460);
#66480=SURFACE_SIDE_STYLE('',(#66470));
#66490=SURFACE_STYLE_USAGE(.BOTH.,#66480);
#66500=PRESENTATION_STYLE_ASSIGNMENT((#66490));
#66510=CARTESIAN_POINT('',(-10.5717157286453,18.7621320343787,
-5.15000000006475));
#66520=DIRECTION('',(0.707106781186506,-0.707106781186589,
2.8877930143064E-13));
#66530=DIRECTION('',(0.707106781186589,0.707106781186506,
-2.88779301430597E-13));
#66540=AXIS2_PLACEMENT_3D('',#66510,#66520,#66530);
#66550=PLANE('',#66540);
#66560=ORIENTED_EDGE('',*,*,#64790,.F.);
#66570=ORIENTED_EDGE('',*,*,#870,.F.);
#66580=ORIENTED_EDGE('',*,*,#66390,.F.);
#66590=ORIENTED_EDGE('',*,*,#9660,.T.);
#66600=EDGE_LOOP('',(#66590,#66580,#66570,#66560));
#66610=FACE_OUTER_BOUND('',#66600,.T.);
#66620=ADVANCED_FACE('',(#66610),#66550,.F.);
#66630=COLOUR_RGB('',0.,0.443137288093567,0.709803938865662);
#66640=FILL_AREA_STYLE_COLOUR('',#66630);
#66650=FILL_AREA_STYLE('',(#66640));
#66660=SURFACE_STYLE_FILL_AREA(#66650);
#66670=SURFACE_SIDE_STYLE('',(#66660));
#66680=SURFACE_STYLE_USAGE(.BOTH.,#66670);
#66690=PRESENTATION_STYLE_ASSIGNMENT((#66680));
#66700=CARTESIAN_POINT('',(-9.34999999998621,18.5499999999367,
-5.15000000006466));
#66710=DIRECTION('',(-1.09002891581404E-24,-1.,4.08395604615809E-13));
#66720=DIRECTION('',(1.,-1.09002891581404E-24,6.27443588585474E-27));
#66730=AXIS2_PLACEMENT_3D('',#66700,#66710,#66720);
#66740=PLANE('',#66730);
#66750=ORIENTED_EDGE('',*,*,#700,.T.);
#66760=ORIENTED_EDGE('',*,*,#65240,.F.);
#66770=ORIENTED_EDGE('',*,*,#9830,.F.);
#66780=ORIENTED_EDGE('',*,*,#66320,.F.);
#66790=EDGE_LOOP('',(#66780,#66770,#66760,#66750));
#66800=FACE_OUTER_BOUND('',#66790,.T.);
#66810=ADVANCED_FACE('',(#66800),#66740,.F.);
#66820=COLOUR_RGB('',0.,0.443137288093567,0.709803938865662);
#66830=FILL_AREA_STYLE_COLOUR('',#66820);
#66840=FILL_AREA_STYLE('',(#66830));
#66850=SURFACE_STYLE_FILL_AREA(#66840);
#66860=SURFACE_SIDE_STYLE('',(#66850));
#66870=SURFACE_STYLE_USAGE(.BOTH.,#66860);
#66880=PRESENTATION_STYLE_ASSIGNMENT((#66870));
#66890=CARTESIAN_POINT('',(-16.6173355064958,17.8511832695817,
0.999999999935627));
#66900=DIRECTION('',(2.5628003382043E-39,1.,-4.08395604615809E-13));
#66910=DIRECTION('',(1.,-3.48301159325802E-43,6.27443588540957E-27));
#66920=AXIS2_PLACEMENT_3D('',#66890,#66900,#66910);
#66930=PLANE('',#66920);
#66940=ORIENTED_EDGE('',*,*,#9260,.F.);
#66950=CARTESIAN_POINT('',(-16.6173355064958,17.8511832695792,
-5.1500000000624));
#66960=DIRECTION('',(6.30100928350848E-27,-4.08395604615809E-13,-1.));
#66970=VECTOR('',#66960,1.);
#66980=LINE('',#66950,#66970);
#66990=EDGE_CURVE('',#9170,#1260,#66980,.T.);
#67000=ORIENTED_EDGE('',*,*,#66990,.F.);
#67010=ORIENTED_EDGE('',*,*,#1270,.F.);
#67020=CARTESIAN_POINT('',(-17.2250000000081,17.8511832695791,
-5.15000000006437));
#67030=DIRECTION('',(6.27443588540957E-27,-4.08395604615809E-13,-1.));
#67040=VECTOR('',#67030,1.);
#67050=LINE('',#67020,#67040);
#67060=EDGE_CURVE('',#9250,#1180,#67050,.T.);
#67070=ORIENTED_EDGE('',*,*,#67060,.T.);
#67080=EDGE_LOOP('',(#67070,#67010,#67000,#66940));
#67090=FACE_OUTER_BOUND('',#67080,.T.);
#67100=ADVANCED_FACE('',(#67090),#66930,.F.);
#67110=COLOUR_RGB('',0.,0.443137288093567,0.709803938865662);
#67120=FILL_AREA_STYLE_COLOUR('',#67110);
#67130=FILL_AREA_STYLE('',(#67120));
#67140=SURFACE_STYLE_FILL_AREA(#67130);
#67150=SURFACE_SIDE_STYLE('',(#67140));
#67160=SURFACE_STYLE_USAGE(.BOTH.,#67150);
#67170=PRESENTATION_STYLE_ASSIGNMENT((#67160));
#67180=CARTESIAN_POINT('',(-17.2250000000077,16.7999999999471,
-5.15000000006394));
#67190=DIRECTION('',(-1.,-3.53580514818245E-13,1.38126292244157E-25));
#67200=DIRECTION('',(3.53580514818245E-13,-1.,4.08395604615809E-13));
#67210=AXIS2_PLACEMENT_3D('',#67180,#67190,#67200);
#67220=PLANE('',#67210);
#67230=ORIENTED_EDGE('',*,*,#1190,.F.);
#67240=CARTESIAN_POINT('',(-17.2250000000077,16.7999999999471,
-5.15000000006394));
#67250=DIRECTION('',(-6.27443588540957E-27,4.08395604615809E-13,1.));
#67260=VECTOR('',#67250,1.);
#67270=LINE('',#67240,#67260);
#67280=EDGE_CURVE('',#1100,#9330,#67270,.T.);
#67290=ORIENTED_EDGE('',*,*,#67280,.F.);
#67300=ORIENTED_EDGE('',*,*,#9340,.T.);
#67310=ORIENTED_EDGE('',*,*,#67060,.F.);
#67320=EDGE_LOOP('',(#67310,#67300,#67290,#67230));
#67330=FACE_OUTER_BOUND('',#67320,.T.);
#67340=ADVANCED_FACE('',(#67330),#67220,.F.);
#67350=COLOUR_RGB('',0.,0.443137288093567,0.709803938865662);
#67360=FILL_AREA_STYLE_COLOUR('',#67350);
#67370=FILL_AREA_STYLE('',(#67360));
#67380=SURFACE_STYLE_FILL_AREA(#67370);
#67390=SURFACE_SIDE_STYLE('',(#67380));
#67400=SURFACE_STYLE_USAGE(.BOTH.,#67390);
#67410=PRESENTATION_STYLE_ASSIGNMENT((#67400));
#67420=CARTESIAN_POINT('',(-11.1874999993403,16.7999999999468,
-5.15000000006394));
#67430=DIRECTION('',(-5.78842529463941E-14,-1.,4.08395604615809E-13));
#67440=DIRECTION('',(1.,-5.78842529463941E-14,2.99141103651866E-26));
#67450=AXIS2_PLACEMENT_3D('',#67420,#67430,#67440);
#67460=PLANE('',#67450);
#67470=ORIENTED_EDGE('',*,*,#1110,.T.);
#67480=ORIENTED_EDGE('',*,*,#64540,.F.);
#67490=ORIENTED_EDGE('',*,*,#9420,.F.);
#67500=ORIENTED_EDGE('',*,*,#67280,.T.);
#67510=EDGE_LOOP('',(#67500,#67490,#67480,#67470));
#67520=FACE_OUTER_BOUND('',#67510,.T.);
#67530=ADVANCED_FACE('',(#67520),#67460,.F.);
#67540=COLOUR_RGB('',0.,0.443137288093567,0.709803938865662);
#67550=FILL_AREA_STYLE_COLOUR('',#67540);
#67560=FILL_AREA_STYLE('',(#67550));
#67570=SURFACE_STYLE_FILL_AREA(#67560);
#67580=SURFACE_SIDE_STYLE('',(#67570));
#67590=SURFACE_STYLE_USAGE(.BOTH.,#67580);
#67600=PRESENTATION_STYLE_ASSIGNMENT((#67590));
#67610=CARTESIAN_POINT('',(-16.8380761184178,18.0719238815012,
-5.15000000006446));
#67620=DIRECTION('',(-0.707106781186546,-0.707106781186549,
2.88779301430615E-13));
#67630=DIRECTION('',(0.707106781186549,-0.707106781186546,
2.88779301430623E-13));
#67640=AXIS2_PLACEMENT_3D('',#67610,#67620,#67630);
#67650=PLANE('',#67640);
#67660=ORIENTED_EDGE('',*,*,#66990,.T.);
#67670=ORIENTED_EDGE('',*,*,#9180,.F.);
#67680=CARTESIAN_POINT('',(-17.5282842712962,18.7621320343796,
-5.15000000006475));
#67690=DIRECTION('',(-6.27443588540957E-27,4.08395604615809E-13,1.));
#67700=VECTOR('',#67690,1.);
#67710=LINE('',#67680,#67700);
#67720=EDGE_CURVE('',#1340,#9090,#67710,.T.);
#67730=ORIENTED_EDGE('',*,*,#67720,.T.);
#67740=ORIENTED_EDGE('',*,*,#1350,.T.);
#67750=EDGE_LOOP('',(#67740,#67730,#67670,#67660));
#67760=FACE_OUTER_BOUND('',#67750,.T.);
#67770=ADVANCED_FACE('',(#67760),#67650,.F.);
#67780=COLOUR_RGB('',0.,0.443137288093567,0.709803938865662);
#67790=FILL_AREA_STYLE_COLOUR('',#67780);
#67800=FILL_AREA_STYLE('',(#67790));
#67810=SURFACE_STYLE_FILL_AREA(#67800);
#67820=SURFACE_SIDE_STYLE('',(#67810));
#67830=SURFACE_STYLE_USAGE(.BOTH.,#67820);
#67840=PRESENTATION_STYLE_ASSIGNMENT((#67830));
#67850=CARTESIAN_POINT('',(-18.1986738751828,18.5499999999367,
-5.15000000006466));
#67860=DIRECTION('',(-1.09002891581404E-24,-1.,4.08395604615809E-13));
#67870=DIRECTION('',(1.,-1.09002891581404E-24,6.27443588585474E-27));
#67880=AXIS2_PLACEMENT_3D('',#67850,#67860,#67870);
#67890=PLANE('',#67880);
#67900=ORIENTED_EDGE('',*,*,#1520,.T.);
#67910=CARTESIAN_POINT('',(-18.0404163056522,18.5499999999367,
-5.15000000006466));
#67920=DIRECTION('',(-6.27443588540957E-27,4.08395604615809E-13,1.));
#67930=VECTOR('',#67920,1.);
#67940=LINE('',#67910,#67930);
#67950=EDGE_CURVE('',#1430,#9000,#67940,.T.);
#67960=ORIENTED_EDGE('',*,*,#67950,.F.);
#67970=ORIENTED_EDGE('',*,*,#9010,.F.);
#67980=CARTESIAN_POINT('',(-18.9500000001045,18.5499999999367,
-5.15000000006466));
#67990=DIRECTION('',(-6.27443588540957E-27,4.08395604615809E-13,1.));
#68000=VECTOR('',#67990,1.);
#68010=LINE('',#67980,#68000);
#68020=EDGE_CURVE('',#1510,#8920,#68010,.T.);
#68030=ORIENTED_EDGE('',*,*,#68020,.T.);
#68040=EDGE_LOOP('',(#68030,#67970,#67960,#67900));
#68050=FACE_OUTER_BOUND('',#68040,.T.);
#68060=ADVANCED_FACE('',(#68050),#67890,.F.);
#68070=COLOUR_RGB('',0.,0.443137288093567,0.709803938865662);
#68080=FILL_AREA_STYLE_COLOUR('',#68070);
#68090=FILL_AREA_STYLE('',(#68080));
#68100=SURFACE_STYLE_FILL_AREA(#68090);
#68110=SURFACE_SIDE_STYLE('',(#68100));
#68120=SURFACE_STYLE_USAGE(.BOTH.,#68110);
#68130=PRESENTATION_STYLE_ASSIGNMENT((#68120));
#68140=CARTESIAN_POINT('',(-17.7404163056522,18.5500000000236,
-5.15000000006466));
#68150=DIRECTION('',(-6.27443588540957E-27,4.08395604615809E-13,1.));
#68160=DIRECTION('',(1.,2.15361062527865E-30,6.27443588540957E-27));
#68170=AXIS2_PLACEMENT_3D('',#68140,#68150,#68160);
#68180=CYLINDRICAL_SURFACE('',#68170,0.3);
#68190=ORIENTED_EDGE('',*,*,#1440,.T.);
#68200=ORIENTED_EDGE('',*,*,#67720,.F.);
#68210=ORIENTED_EDGE('',*,*,#9100,.F.);
#68220=ORIENTED_EDGE('',*,*,#67950,.T.);
#68230=EDGE_LOOP('',(#68220,#68210,#68200,#68190));
#68240=FACE_OUTER_BOUND('',#68230,.T.);
#68250=ADVANCED_FACE('',(#68240),#68180,.T.);
#68260=COLOUR_RGB('',0.,0.443137288093567,0.709803938865662);
#68270=FILL_AREA_STYLE_COLOUR('',#68260);
#68280=FILL_AREA_STYLE('',(#68270));
#68290=SURFACE_STYLE_FILL_AREA(#68280);
#68300=SURFACE_SIDE_STYLE('',(#68290));
#68310=SURFACE_STYLE_USAGE(.BOTH.,#68300);
#68320=PRESENTATION_STYLE_ASSIGNMENT((#68310));
#68330=CARTESIAN_POINT('',(-18.9500000001045,18.7499999999367,
-5.15000000006474));
#68340=DIRECTION('',(-1.,0.,-6.27443588540957E-27));
#68350=DIRECTION('',(-2.56245203704497E-39,-1.,4.08395604615809E-13));
#68360=AXIS2_PLACEMENT_3D('',#68330,#68340,#68350);
#68370=PLANE('',#68360);
#68380=ORIENTED_EDGE('',*,*,#63930,.T.);
#68390=CARTESIAN_POINT('',(-18.9500000001045,20.7499999999803,
-4.35000000006556));
#68400=DIRECTION('',(-2.5628003382043E-39,-1.,4.08395604615809E-13));
#68410=VECTOR('',#68400,1.);
#68420=LINE('',#68390,#68410);
#68430=EDGE_CURVE('',#63860,#64180,#68420,.T.);
#68440=ORIENTED_EDGE('',*,*,#68430,.F.);
#68450=ORIENTED_EDGE('',*,*,#64190,.T.);
#68460=ORIENTED_EDGE('',*,*,#1600,.T.);
#68470=ORIENTED_EDGE('',*,*,#68020,.F.);
#68480=ORIENTED_EDGE('',*,*,#8930,.F.);
#68490=EDGE_LOOP('',(#68480,#68470,#68460,#68450,#68440,#68380));
#68500=FACE_OUTER_BOUND('',#68490,.T.);
#68510=ADVANCED_FACE('',(#68500),#68370,.F.);
#68520=COLOUR_RGB('',0.,0.443137288093567,0.709803938865662);
#68530=FILL_AREA_STYLE_COLOUR('',#68520);
#68540=FILL_AREA_STYLE('',(#68530));
#68550=SURFACE_STYLE_FILL_AREA(#68540);
#68560=SURFACE_SIDE_STYLE('',(#68550));
#68570=SURFACE_STYLE_USAGE(.BOTH.,#68560);
#68580=PRESENTATION_STYLE_ASSIGNMENT((#68570));
#68590=CARTESIAN_POINT('',(-22.4969165058622,2.37499999995025,
-4.35000000005805));
#68600=DIRECTION('',(-6.27443588540957E-27,4.08395604615809E-13,1.));
#68610=DIRECTION('',(1.,-3.48301159325802E-43,6.27443588540957E-27));
#68620=AXIS2_PLACEMENT_3D('',#68590,#68600,#68610);
#68630=PLANE('',#68620);
#68640=ORIENTED_EDGE('',*,*,#64250,.T.);
#68650=ORIENTED_EDGE('',*,*,#68430,.T.);
#68660=ORIENTED_EDGE('',*,*,#63870,.T.);
#68670=ORIENTED_EDGE('',*,*,#59240,.T.);
#68680=EDGE_LOOP('',(#68670,#68660,#68650,#68640));
#68690=FACE_OUTER_BOUND('',#68680,.T.);
#68700=ADVANCED_FACE('',(#68690),#68630,.T.);
#68710=COLOUR_RGB('',0.,0.443137288093567,0.709803938865662);
#68720=FILL_AREA_STYLE_COLOUR('',#68710);
#68730=FILL_AREA_STYLE('',(#68720));
#68740=SURFACE_STYLE_FILL_AREA(#68730);
#68750=SURFACE_SIDE_STYLE('',(#68740));
#68760=SURFACE_STYLE_USAGE(.BOTH.,#68750);
#68770=PRESENTATION_STYLE_ASSIGNMENT((#68760));
#68780=CARTESIAN_POINT('',(-41.2110368993296,14.2000000092095,
1.43336403170783));
#68790=DIRECTION('',(5.96800997509916E-10,1.,-2.44179943268184E-13));
#68800=DIRECTION('',(1.,-5.96801219554503E-10,-6.18811841126224E-11));
#68810=AXIS2_PLACEMENT_3D('',#68780,#68790,#68800);
#68820=CYLINDRICAL_SURFACE('',#68810,1.1);
#68830=CARTESIAN_POINT('',(-40.6030017490076,20.6000000086839,
0.516688919893029));
#68840=DIRECTION('',(5.96564242449915E-10,1.,-4.08396182824464E-13));
#68850=VECTOR('',#68840,1.);
#68860=LINE('',#68830,#68850);
#68870=CARTESIAN_POINT('',(-40.6030017521695,15.3000000088441,
0.516688919895095));
#68880=VERTEX_POINT('',#68870);
#68890=EDGE_CURVE('',#68880,#48330,#68860,.T.);
#68900=ORIENTED_EDGE('',*,*,#68890,.T.);
#68910=CARTESIAN_POINT('',(-41.2110368986731,15.3000000092072,
1.43336403170756));
#68920=DIRECTION('',(5.96801108532219E-10,1.,-2.44179943268183E-13));
#68930=DIRECTION('',(1.,-5.9680116404337E-10,1.44026695080052E-13));
#68940=AXIS2_PLACEMENT_3D('',#68910,#68920,#68930);
#68950=CIRCLE('',#68940,1.1);
#68960=EDGE_CURVE('',#6390,#68880,#68950,.T.);
#68970=ORIENTED_EDGE('',*,*,#68960,.T.);
#68980=ORIENTED_EDGE('',*,*,#6400,.F.);
#68990=ORIENTED_EDGE('',*,*,#48410,.T.);
#69000=EDGE_LOOP('',(#68990,#68980,#68970,#68900));
#69010=FACE_OUTER_BOUND('',#69000,.T.);
#69020=ADVANCED_FACE('',(#69010),#68820,.T.);
#69030=COLOUR_RGB('',0.,0.443137288093567,0.709803938865662);
#69040=FILL_AREA_STYLE_COLOUR('',#69030);
#69050=FILL_AREA_STYLE('',(#69040));
#69060=SURFACE_STYLE_FILL_AREA(#69050);
#69070=SURFACE_SIDE_STYLE('',(#69060));
#69080=SURFACE_STYLE_USAGE(.BOTH.,#69070);
#69090=PRESENTATION_STYLE_ASSIGNMENT((#69080));
#69100=CARTESIAN_POINT('',(-38.9999999991334,20.6000000077267,
-1.90000001124818));
#69110=DIRECTION('',(5.96564242449915E-10,1.,-4.08396182824464E-13));
#69120=DIRECTION('',(1.,-5.96564408983351E-10,-6.18811771737286E-11));
#69130=AXIS2_PLACEMENT_3D('',#69100,#69110,#69120);
#69140=CYLINDRICAL_SURFACE('',#69130,2.9);
#69150=CARTESIAN_POINT('',(-38.9999999993129,20.6000000077255,
-4.80000001124818));
#69160=DIRECTION('',(5.96564242449915E-10,1.,-4.08396182824463E-13));
#69170=VECTOR('',#69160,1.);
#69180=LINE('',#69150,#69170);
#69190=CARTESIAN_POINT('',(-39.0000000030116,14.400000007842,
-4.80000001124565));
#69200=VERTEX_POINT('',#69190);
#69210=EDGE_CURVE('',#69200,#48240,#69180,.T.);
#69220=ORIENTED_EDGE('',*,*,#69210,.T.);
#69230=CARTESIAN_POINT('',(-39.0000000058286,9.37705266588959,
-1.9000000112436));
#69240=DIRECTION('',(-3.51959218651795E-10,-0.50000000000007,
-0.866025403784399));
#69250=DIRECTION('',(-4.85649369748097E-10,-0.866025403784399,
0.500000000000069));
#69260=AXIS2_PLACEMENT_3D('',#69230,#69240,#69250);
#69270=ELLIPSE('',#69260,5.8000000000033,2.9);
#69280=EDGE_CURVE('',#42740,#69200,#69270,.T.);
#69290=ORIENTED_EDGE('',*,*,#69280,.T.);
#69300=ORIENTED_EDGE('',*,*,#42750,.T.);
#69310=CARTESIAN_POINT('',(-39.0000000058286,9.37705266593519,
-1.9000000112436));
#69320=DIRECTION('',(-0.866025404082782,-0.499999999483256,
5.36565282069786E-11));
#69330=DIRECTION('',(-0.499999999483256,0.866025404082782,
3.05070357118918E-11));
#69340=AXIS2_PLACEMENT_3D('',#69310,#69320,#69330);
#69350=ELLIPSE('',#69340,5.80000000000121,2.9);
#69360=CARTESIAN_POINT('',(-41.0506096690366,12.9288127942174,
0.150609654310096));
#69370=VERTEX_POINT('',#69360);
#69380=EDGE_CURVE('',#69370,#42660,#69350,.T.);
#69390=ORIENTED_EDGE('',*,*,#69380,.T.);
#69400=CARTESIAN_POINT('',(-39.0000000058286,9.37705266598227,
-1.9000000112436));
#69410=DIRECTION('',(-2.44726121374532E-10,-0.499999999999931,
0.866025403784479));
#69420=DIRECTION('',(5.47560370238677E-10,0.866025403784479,
0.499999999999931));
#69430=AXIS2_PLACEMENT_3D('',#69400,#69410,#69420);
#69440=ELLIPSE('',#69430,5.7999999999967,2.9);
#69450=EDGE_CURVE('',#7300,#69370,#69440,.T.);
#69460=ORIENTED_EDGE('',*,*,#69450,.T.);
#69470=CARTESIAN_POINT('',(-39.0000000028321,14.4000000078868,
-1.90000001124565));
#69480=DIRECTION('',(5.96564242449915E-10,1.,-4.08396182824464E-13));
#69490=DIRECTION('',(1.,-5.96564408983351E-10,-6.18811771737286E-11));
#69500=AXIS2_PLACEMENT_3D('',#69470,#69480,#69490);
#69510=CIRCLE('',#69500,2.9);
#69520=CARTESIAN_POINT('',(-39.2612061137795,14.4000000080434,
0.988212475328658));
#69530=VERTEX_POINT('',#69520);
#69540=EDGE_CURVE('',#69530,#7300,#69510,.T.);
#69550=ORIENTED_EDGE('',*,*,#69540,.T.);
#69560=CARTESIAN_POINT('',(-39.2612061137688,14.4000000080434,
0.988212475329623));
#69570=CARTESIAN_POINT('',(-39.2792913004463,14.4000000080542,
0.986576875006048));
#69580=CARTESIAN_POINT('',(-39.2973671732182,14.4004974532121,
0.984770599142508));
#69590=CARTESIAN_POINT('',(-39.315389956621,14.4014771298177,
0.982798833115237));
#69600=CARTESIAN_POINT('',(-39.3334170823627,14.4024570424628,
0.980826592018383));
#69610=CARTESIAN_POINT('',(-39.3513707583339,14.403917208989,
0.978691402424072));
#69620=CARTESIAN_POINT('',(-39.3692699939973,14.4058431502098,
0.976393507315795));
#69630=CARTESIAN_POINT('',(-39.3871700769199,14.4077691825949,
0.974095503436799));
#69640=CARTESIAN_POINT('',(-39.4050114657647,14.4101615479018,
0.971634985424251));
#69650=CARTESIAN_POINT('',(-39.4227596944282,14.4130005308603,
0.969019724335616));
#69660=CARTESIAN_POINT('',(-39.4405079210788,14.4158395134969,
0.966404463543577));
#69670=CARTESIAN_POINT('',(-39.4581625940703,14.419125049091,
0.963634524672325));
#69680=CARTESIAN_POINT('',(-39.4756903040906,14.4228328818403,
0.960719957097217));
#69690=CARTESIAN_POINT('',(-39.5107260297917,14.4302443811748,
0.954894096789116));
#69700=CARTESIAN_POINT('',(-39.5453234127395,14.4393573399377,
0.948478645658738));
#69710=CARTESIAN_POINT('',(-39.5793829464842,14.4500094654096,
0.941533976684575));
#69720=CARTESIAN_POINT('',(-39.5964096323459,14.4553345645589,
0.938062270409243));
#69730=CARTESIAN_POINT('',(-39.6132952390262,14.4610421451861,
0.934459814263491));
#69740=CARTESIAN_POINT('',(-39.6300193131678,14.467105893673,
0.930737643244598));
#69750=CARTESIAN_POINT('',(-39.6467433972956,14.4731696457807,
0.927015470003142));
#69760=CARTESIAN_POINT('',(-39.6633057715112,14.4795894932698,
0.923173631242182));
#69770=CARTESIAN_POINT('',(-39.6796874735322,14.4863366824271,
0.919224162548102));
#69780=CARTESIAN_POINT('',(-39.7124328784892,14.4998236473953,
0.911329564563909));
#69790=CARTESIAN_POINT('',(-39.7445294805627,14.5146468309674,
0.902987982378433));
#69800=CARTESIAN_POINT('',(-39.7759861514872,14.5306576894374,
0.894252213749345));
#69810=CARTESIAN_POINT('',(-39.8074394466924,14.5466668297293,
0.885517382584447));
#69820=CARTESIAN_POINT('',(-39.838236706615,14.5638568839634,
0.876392442326494));
#69830=CARTESIAN_POINT('',(-39.8683455758907,14.5820513536034,
0.866943422502229));
#69840=CARTESIAN_POINT('',(-39.8984544413687,14.6002458209483,
0.857494403869818));
#69850=CARTESIAN_POINT('',(-39.927873893292,14.6194441405485,
0.84772169610144));
#69860=CARTESIAN_POINT('',(-39.9565783253703,14.6394593628056,
0.837692066500218));
#69870=CARTESIAN_POINT('',(-39.9852862616094,14.659477028468,
0.827661212508411));
#69880=CARTESIAN_POINT('',(-40.0132640176491,14.6802999531047,
0.817379180100419));
#69890=CARTESIAN_POINT('',(-40.0405355363818,14.7017648606611,
0.806895960720232));
#69900=CARTESIAN_POINT('',(-40.0678205426625,14.7232403840169,
0.796407556703041));
#69910=CARTESIAN_POINT('',(-40.0944597966709,14.745405635763,
0.785694719010283));
#69920=CARTESIAN_POINT('',(-40.1205217277217,14.7681558991831,
0.774776813754449));
#69930=CARTESIAN_POINT('',(-40.1465837811765,14.7909062694536,
0.763858857220888));
#69940=CARTESIAN_POINT('',(-40.1720689329727,14.8142423009555,
0.75273557605621));
#69950=CARTESIAN_POINT('',(-40.1970409681758,14.8380670387336,
0.741418722439449));
#69960=CARTESIAN_POINT('',(-40.2220130568248,14.8618918275022,
0.730101844602022));
#69970=CARTESIAN_POINT('',(-40.2464722626184,14.8862057555277,
0.718591220494357));
#69980=CARTESIAN_POINT('',(-40.2704777568018,14.9109160342482,
0.706892060914726));
#69990=CARTESIAN_POINT('',(-40.2944832650332,14.9356263274292,
0.695192894488718));
#70000=CARTESIAN_POINT('',(-40.3180352016491,14.960733253304,
0.683305069503742));
#70010=CARTESIAN_POINT('',(-40.3411884195207,14.9861458929455,
0.671228028038526));
#70020=CARTESIAN_POINT('',(-40.3643416299009,15.0115585243644,
0.659150990480949));
#70030=CARTESIAN_POINT('',(-40.3870962232638,15.0372770533336,
0.646884639256797));
#70040=CARTESIAN_POINT('',(-40.4095029838276,15.0632111198883,
0.634423265448327));
#70050=CARTESIAN_POINT('',(-40.4319097258395,15.0891451649708,
0.621961901957344));
#70060=CARTESIAN_POINT('',(-40.4539687260732,15.1152948695193,
0.609305428679009));
#70070=CARTESIAN_POINT('',(-40.4757267719452,15.141569840654,
0.59644355943963));
#70080=CARTESIAN_POINT('',(-40.4974847946571,15.1678447838205,
0.583581703890932));
#70090=CARTESIAN_POINT('',(-40.5189419519956,15.1942450743914,
0.570514367696662));
#70100=CARTESIAN_POINT('',(-40.5401409177657,15.2206802177908,
0.55722727997467));
#70110=CARTESIAN_POINT('',(-40.5613398646371,15.2471153376234,
0.54394020409802));
#70120=CARTESIAN_POINT('',(-40.5822806869277,15.2735853362238,
0.530433305214666));
#70130=CARTESIAN_POINT('',(-40.6030017521695,15.3000000088441,
0.516688919895093));
#70140=B_SPLINE_CURVE_WITH_KNOTS('',3,(#69560,#69570,#69580,#69590,
#69600,#69610,#69620,#69630,#69640,#69650,#69660,#69670,#69680,#69690,
#69700,#69710,#69720,#69730,#69740,#69750,#69760,#69770,#69780,#69790,
#69800,#69810,#69820,#69830,#69840,#69850,#69860,#69870,#69880,#69890,
#69900,#69910,#69920,#69930,#69940,#69950,#69960,#69970,#69980,#69990,
#70000,#70010,#70020,#70030,#70040,#70050,#70060,#70070,#70080,#70090,
#70100,#70110,#70120,#70130),.UNSPECIFIED.,.F.,.F.,(4,3,3,3,3,3,3,3,3,3,
3,3,3,3,3,3,3,3,3,4),(0.,0.0544810617162635,0.108922876099291,
0.163397336442212,0.217875595298963,0.326817599730071,0.381346632286769,
0.435842378610986,0.544782423200145,0.653973363088081,0.763246235857275,
0.872252860616067,0.981063150158754,1.08995483215749,1.19901180862135,
1.30824766552853,1.41761517214758,1.52701654525163,1.6363140159811,
1.74534057262379),.UNSPECIFIED.);
#70150=SURFACE_CURVE('',#70140,(#6510,#69140),.CURVE_3D.);
#70160=EDGE_CURVE('',#69530,#68880,#70150,.T.);
#70170=ORIENTED_EDGE('',*,*,#70160,.F.);
#70180=ORIENTED_EDGE('',*,*,#68890,.F.);
#70190=ORIENTED_EDGE('',*,*,#48340,.F.);
#70200=EDGE_LOOP('',(#70190,#70180,#70170,#69550,#69460,#69390,#69300,
#69290,#69220));
#70210=FACE_OUTER_BOUND('',#70200,.T.);
#70220=ADVANCED_FACE('',(#70210),#69140,.F.);
#70230=COLOUR_RGB('',0.,0.443137288093567,0.709803938865662);
#70240=FILL_AREA_STYLE_COLOUR('',#70230);
#70250=FILL_AREA_STYLE('',(#70240));
#70260=SURFACE_STYLE_FILL_AREA(#70250);
#70270=SURFACE_SIDE_STYLE('',(#70260));
#70280=SURFACE_STYLE_USAGE(.BOTH.,#70270);
#70290=PRESENTATION_STYLE_ASSIGNMENT((#70280));
#70300=CARTESIAN_POINT('',(-37.3027467241618,14.4000000068754,
0.90118753290375));
#70310=DIRECTION('',(5.96564408983325E-10,1.,-4.08396182822995E-13));
#70320=DIRECTION('',(-1.,5.96564408983351E-10,6.18811771737285E-11));
#70330=AXIS2_PLACEMENT_3D('',#70300,#70310,#70320);
#70340=PLANE('',#70330);
#70350=ORIENTED_EDGE('',*,*,#69540,.F.);
#70360=ORIENTED_EDGE('',*,*,#7310,.F.);
#70370=CARTESIAN_POINT('',(-41.2110368992102,14.4000000092072,
1.43336403170778));
#70380=DIRECTION('',(5.96801108532219E-10,1.,-2.44179943268183E-13));
#70390=DIRECTION('',(1.,-5.9680116404337E-10,1.44026695080052E-13));
#70400=AXIS2_PLACEMENT_3D('',#70370,#70380,#70390);
#70410=CIRCLE('',#70400,2.00000000000021);
#70420=EDGE_CURVE('',#7220,#69530,#70410,.T.);
#70430=ORIENTED_EDGE('',*,*,#70420,.F.);
#70440=EDGE_LOOP('',(#70430,#70360,#70350));
#70450=FACE_OUTER_BOUND('',#70440,.T.);
#70460=ADVANCED_FACE('',(#70450),#70340,.T.);
#70470=COLOUR_RGB('',0.,0.443137288093567,0.709803938865662);
#70480=FILL_AREA_STYLE_COLOUR('',#70470);
#70490=FILL_AREA_STYLE('',(#70480));
#70500=SURFACE_STYLE_FILL_AREA(#70490);
#70510=SURFACE_SIDE_STYLE('',(#70500));
#70520=SURFACE_STYLE_USAGE(.BOTH.,#70510);
#70530=PRESENTATION_STYLE_ASSIGNMENT((#70520));
#70540=ORIENTED_EDGE('',*,*,#7230,.T.);
#70550=ORIENTED_EDGE('',*,*,#68960,.F.);
#70560=ORIENTED_EDGE('',*,*,#70160,.T.);
#70570=ORIENTED_EDGE('',*,*,#70420,.T.);
#70580=EDGE_LOOP('',(#70570,#70560,#70550,#70540));
#70590=FACE_OUTER_BOUND('',#70580,.T.);
#70600=ADVANCED_FACE('',(#70590),#6510,.F.);
#70610=COLOUR_RGB('',0.,0.443137288093567,0.709803938865662);
#70620=FILL_AREA_STYLE_COLOUR('',#70610);
#70630=FILL_AREA_STYLE('',(#70620));
#70640=SURFACE_STYLE_FILL_AREA(#70630);
#70650=SURFACE_SIDE_STYLE('',(#70640));
#70660=SURFACE_STYLE_USAGE(.BOTH.,#70650);
#70670=PRESENTATION_STYLE_ASSIGNMENT((#70660));
#70680=CARTESIAN_POINT('',(-40.3500000047614,11.7153212575267,
-1.90000001118696));
#70690=DIRECTION('',(-0.866025404082781,-0.499999999483255,
5.36565282069813E-11));
#70700=DIRECTION('',(-0.499999999483256,0.866025404082782,
3.08862462012316E-11));
#70710=AXIS2_PLACEMENT_3D('',#70680,#70690,#70700);
#70720=PLANE('',#70710);
#70730=ORIENTED_EDGE('',*,*,#69380,.F.);
#70740=ORIENTED_EDGE('',*,*,#42670,.F.);
#70750=CARTESIAN_POINT('',(-40.3500000045673,11.7153212575018,
0.999999964021776));
#70760=DIRECTION('',(6.42841438861228E-11,-4.03034696039291E-12,1.));
#70770=VECTOR('',#70760,1.);
#70780=LINE('',#70750,#70770);
#70790=EDGE_CURVE('',#42580,#41580,#70780,.T.);
#70800=ORIENTED_EDGE('',*,*,#70790,.F.);
#70810=ORIENTED_EDGE('',*,*,#41590,.T.);
#70820=CARTESIAN_POINT('',(-11.5616690636979,-38.1475306691571,
-29.3383309851524));
#70830=DIRECTION('',(-0.44721359501008,0.774596669508365,
0.447213595527584));
#70840=VECTOR('',#70830,1.);
#70850=LINE('',#70820,#70840);
#70860=EDGE_CURVE('',#41500,#69370,#70850,.T.);
#70870=ORIENTED_EDGE('',*,*,#70860,.F.);
#70880=EDGE_LOOP('',(#70870,#70810,#70800,#70740,#70730));
#70890=FACE_OUTER_BOUND('',#70880,.T.);
#70900=ADVANCED_FACE('',(#70890),#70720,.F.);
#70910=COLOUR_RGB('',0.,0.443137288093567,0.709803938865662);
#70920=FILL_AREA_STYLE_COLOUR('',#70910);
#70930=FILL_AREA_STYLE('',(#70920));
#70940=SURFACE_STYLE_FILL_AREA(#70930);
#70950=SURFACE_SIDE_STYLE('',(#70940));
#70960=SURFACE_STYLE_USAGE(.BOTH.,#70950);
#70970=PRESENTATION_STYLE_ASSIGNMENT((#70960));
#70980=CARTESIAN_POINT('',(-40.3500000046116,12.0710144829318,
-3.06389472581965));
#70990=DIRECTION('',(1.,-6.09857442324113E-10,-6.42841438885807E-11));
#71000=DIRECTION('',(6.09857442324113E-10,1.,-1.77007824830913E-19));
#71010=AXIS2_PLACEMENT_3D('',#70980,#70990,#71000);
#71020=PLANE('',#71010);
#71030=ORIENTED_EDGE('',*,*,#42130,.T.);
#71040=ORIENTED_EDGE('',*,*,#41670,.F.);
#71050=ORIENTED_EDGE('',*,*,#70790,.T.);
#71060=ORIENTED_EDGE('',*,*,#42590,.T.);
#71070=EDGE_LOOP('',(#71060,#71050,#71040,#71030));
#71080=FACE_OUTER_BOUND('',#71070,.T.);
#71090=ADVANCED_FACE('',(#71080),#71020,.T.);
#71100=COLOUR_RGB('',0.,0.443137288093567,0.709803938865662);
#71110=FILL_AREA_STYLE_COLOUR('',#71100);
#71120=FILL_AREA_STYLE('',(#71110));
#71130=SURFACE_STYLE_FILL_AREA(#71120);
#71140=SURFACE_SIDE_STYLE('',(#71130));
#71150=SURFACE_STYLE_USAGE(.BOTH.,#71140);
#71160=PRESENTATION_STYLE_ASSIGNMENT((#71150));
#71170=CARTESIAN_POINT('',(-38.4000000026535,14.4000000073176,
0.999999988570693));
#71180=DIRECTION('',(-2.44726234083487E-10,-0.499999999999931,
0.866025403784479));
#71190=DIRECTION('',(5.47700147317477E-10,0.866025403784479,
0.499999999999931));
#71200=AXIS2_PLACEMENT_3D('',#71170,#71180,#71190);
#71210=PLANE('',#71200);
#71220=ORIENTED_EDGE('',*,*,#46580,.F.);
#71230=ORIENTED_EDGE('',*,*,#7390,.T.);
#71240=ORIENTED_EDGE('',*,*,#69450,.F.);
#71250=ORIENTED_EDGE('',*,*,#70860,.T.);
#71260=ORIENTED_EDGE('',*,*,#41510,.F.);
#71270=EDGE_LOOP('',(#71260,#71250,#71240,#71230,#71220));
#71280=FACE_OUTER_BOUND('',#71270,.T.);
#71290=ADVANCED_FACE('',(#71280),#71210,.F.);
#71300=COLOUR_RGB('',0.,0.443137288093567,0.709803938865662);
#71310=FILL_AREA_STYLE_COLOUR('',#71300);
#71320=FILL_AREA_STYLE('',(#71310));
#71330=SURFACE_STYLE_FILL_AREA(#71320);
#71340=SURFACE_SIDE_STYLE('',(#71330));
#71350=SURFACE_STYLE_USAGE(.BOTH.,#71340);
#71360=PRESENTATION_STYLE_ASSIGNMENT((#71350));
#71370=CARTESIAN_POINT('',(-38.399999999313,20.6000000073664,
-4.80000001128531));
#71380=DIRECTION('',(-6.18811398051072E-11,-4.08396145908388E-13,-1.));
#71390=DIRECTION('',(1.,-5.96564408983351E-10,-6.18811398048636E-11));
#71400=AXIS2_PLACEMENT_3D('',#71370,#71380,#71390);
#71410=PLANE('',#71400);
#71420=ORIENTED_EDGE('',*,*,#48250,.F.);
#71430=CARTESIAN_POINT('',(-38.4000000030125,14.4000000073081,
-4.80000001118232));
#71440=DIRECTION('',(5.96564242449915E-10,1.,-4.08396182824463E-13));
#71450=VECTOR('',#71440,1.);
#71460=LINE('',#71430,#71450);
#71470=EDGE_CURVE('',#46350,#48160,#71460,.T.);
#71480=ORIENTED_EDGE('',*,*,#71470,.T.);
#71490=CARTESIAN_POINT('',(-51.9138443769119,14.4000000155481,
-4.80000001044653));
#71500=DIRECTION('',(1.,-5.96737326219436E-10,-6.1881129504564E-11));
#71510=VECTOR('',#71500,1.);
#71520=LINE('',#71490,#71510);
#71530=EDGE_CURVE('',#69200,#46350,#71520,.T.);
#71540=ORIENTED_EDGE('',*,*,#71530,.T.);
#71550=ORIENTED_EDGE('',*,*,#69210,.F.);
#71560=EDGE_LOOP('',(#71550,#71540,#71480,#71420));
#71570=FACE_OUTER_BOUND('',#71560,.T.);
#71580=ADVANCED_FACE('',(#71570),#71410,.F.);
#71590=COLOUR_RGB('',0.,0.443137288093567,0.709803938865662);
#71600=FILL_AREA_STYLE_COLOUR('',#71590);
#71610=FILL_AREA_STYLE('',(#71600));
#71620=SURFACE_STYLE_FILL_AREA(#71610);
#71630=SURFACE_SIDE_STYLE('',(#71620));
#71640=SURFACE_STYLE_USAGE(.BOTH.,#71630);
#71650=PRESENTATION_STYLE_ASSIGNMENT((#71640));
#71660=CARTESIAN_POINT('',(-38.400000002833,14.4000000073093,
-1.90000001130791));
#71670=DIRECTION('',(5.96564242449915E-10,1.,-4.08396182824463E-13));
#71680=DIRECTION('',(1.,-5.9656440898335E-10,-6.19110396067356E-11));
#71690=AXIS2_PLACEMENT_3D('',#71660,#71670,#71680);
#71700=CYLINDRICAL_SURFACE('',#71690,2.8999999998744);
#71710=CARTESIAN_POINT('',(-36.7969982489512,20.6000000064134,
0.516688919651468));
#71720=DIRECTION('',(-5.96564242449915E-10,-1.,4.08396182824464E-13));
#71730=VECTOR('',#71720,1.);
#71740=LINE('',#71710,#71730);
#71750=CARTESIAN_POINT('',(-36.796998252113,15.3000000065735,
0.516688919653633));
#71760=VERTEX_POINT('',#71750);
#71770=EDGE_CURVE('',#48070,#71760,#71740,.T.);
#71780=ORIENTED_EDGE('',*,*,#71770,.F.);
#71790=CARTESIAN_POINT('',(-36.796998252152,15.3000000065717,
0.51668891959133));
#71800=CARTESIAN_POINT('',(-36.8177193173552,15.2735853340625,
0.530433304868057));
#71810=CARTESIAN_POINT('',(-36.8386601386489,15.2471153344165,
0.543940203209147));
#71820=CARTESIAN_POINT('',(-36.8598591019521,15.2206801948896,
0.557227289185333));
#71830=CARTESIAN_POINT('',(-36.8810580834616,15.1942450326595,
0.570514386572841));
#71840=CARTESIAN_POINT('',(-36.9025152720591,15.1678447039798,
0.583581741580418));
#71850=CARTESIAN_POINT('',(-36.9242733406202,15.1415697072683,
0.596443622946601));
#71860=CARTESIAN_POINT('',(-36.9460314319654,15.1152946830428,
0.609305517781196));
#71870=CARTESIAN_POINT('',(-36.9680904917302,15.0891449107619,
0.621962023232134));
#71880=CARTESIAN_POINT('',(-36.9904972953226,15.0632107995821,
0.634423417779307));
#71890=CARTESIAN_POINT('',(-37.0129041173766,15.0372766670343,
0.646884822593812));
#71900=CARTESIAN_POINT('',(-37.0356587737071,15.0115580745395,
0.659151203344821));
#71910=CARTESIAN_POINT('',(-37.0588120320174,14.9861454001791,
0.671228260772899));
#71920=CARTESIAN_POINT('',(-37.0819652980295,14.9607327173653,
0.683305322218334));
#71930=CARTESIAN_POINT('',(-37.105517267031,14.9356257697081,
0.695193157183092));
#71940=CARTESIAN_POINT('',(-37.1295227785632,14.9109154859419,
0.706892319160777));
#71950=CARTESIAN_POINT('',(-37.1535282765803,14.8862052160875,
0.718591474551888));
#71960=CARTESIAN_POINT('',(-37.177987456234,14.8618913287709,
0.73010207974034));
#71970=CARTESIAN_POINT('',(-37.2029594887365,14.8380666054575,
0.74141892697274));
#71980=CARTESIAN_POINT('',(-37.2279314686578,14.8142419323096,
0.752735750376356));
#71990=CARTESIAN_POINT('',(-37.25341653421,14.7909059904021,
0.76385898948044));
#72000=CARTESIAN_POINT('',(-37.2794784970189,14.7681557054548,
0.77477690551541));
#72010=CARTESIAN_POINT('',(-37.3055403385818,14.7454055263467,
0.785694770757859));
#72020=CARTESIAN_POINT('',(-37.332179498017,14.7232403539973,
0.796407570172907));
#72030=CARTESIAN_POINT('',(-37.3594644740573,14.7017648546638,
0.806895962496911));
#72040=CARTESIAN_POINT('',(-37.3867359760267,14.680299960522,
0.817379175364562));
#72050=CARTESIAN_POINT('',(-37.4147137443076,14.6594770263162,
0.827661212471717));
#72060=CARTESIAN_POINT('',(-37.4434216768593,14.639459363196,
0.83769206520429));
#72070=CARTESIAN_POINT('',(-37.4721261090471,14.6194441408333,
0.847721694873028));
#72080=CARTESIAN_POINT('',(-37.5015455610859,14.6002458211295,
0.85749440270854));
#72090=CARTESIAN_POINT('',(-37.5316544266849,14.5820513536854,
0.866943421406917));
#72100=CARTESIAN_POINT('',(-37.5617632960817,14.5638568839464,
0.876392441297134));
#72110=CARTESIAN_POINT('',(-37.5925605561309,14.5466668296178,
0.885517381619864));
#72120=CARTESIAN_POINT('',(-37.624013851468,14.5306576892388,
0.894252212847458));
#72130=CARTESIAN_POINT('',(-37.6554705225237,14.514646830682,
0.902987981539047));
#72140=CARTESIAN_POINT('',(-37.6875671247368,14.4998236470291,
0.911329563785726));
#72150=CARTESIAN_POINT('',(-37.7203125298319,14.4863366819922,
0.919224161826723));
#72160=CARTESIAN_POINT('',(-37.7366942319167,14.4795894928027,
0.923173630547938));
#72170=CARTESIAN_POINT('',(-37.7532566062032,14.473169645281,
0.927015469336874));
#72180=CARTESIAN_POINT('',(-37.7699806904093,14.4671058931414,
0.930737642606747));
#72190=CARTESIAN_POINT('',(-37.7867047646235,14.4610421446247,
0.934459813652821));
#72200=CARTESIAN_POINT('',(-37.8035903713782,14.4553345639701,
0.938062269825066));
#72210=CARTESIAN_POINT('',(-37.8206170573156,14.4500094647964,
0.941533976125969));
#72220=CARTESIAN_POINT('',(-37.8546765912114,14.4393573392757,
0.948478645151196));
#72230=CARTESIAN_POINT('',(-37.889273974318,14.4302443804753,
0.954894096329379));
#72240=CARTESIAN_POINT('',(-37.9243097001769,14.4228328811185,
0.960719956679758));
#72250=CARTESIAN_POINT('',(-37.9418374102851,14.4191250483562,
0.963634524277515));
#72260=CARTESIAN_POINT('',(-37.9594920833574,14.4158395127547,
0.966404463168722));
#72270=CARTESIAN_POINT('',(-37.9772403100803,14.4130005301156,
0.96901972397824));
#72280=CARTESIAN_POINT('',(-37.994988538833,14.4101615471519,
0.971634985086863));
#72290=CARTESIAN_POINT('',(-38.01282992776,14.4077691818454,
0.97409550311679));
#72300=CARTESIAN_POINT('',(-38.0307300107569,14.4058431494652,
0.976393507010845));
#72310=CARTESIAN_POINT('',(-38.0486292465028,14.4039172082484,
0.978691402135238));
#72320=CARTESIAN_POINT('',(-38.0665829225561,14.4024570417303,
0.980826591744165));
#72330=CARTESIAN_POINT('',(-38.0846100483802,14.4014771290978,
0.982798832854186));
#72340=CARTESIAN_POINT('',(-38.1026328318656,14.4004974525047,
0.984770598894636));
#72350=CARTESIAN_POINT('',(-38.1207087047199,14.4000000073636,
0.986576874769848));
#72360=CARTESIAN_POINT('',(-38.1387938914796,14.4000000073742,
0.988212475103559));
#72370=B_SPLINE_CURVE_WITH_KNOTS('',3,(#71790,#71800,#71810,#71820,
#71830,#71840,#71850,#71860,#71870,#71880,#71890,#71900,#71910,#71920,
#71930,#71940,#71950,#71960,#71970,#71980,#71990,#72000,#72010,#72020,
#72030,#72040,#72050,#72060,#72070,#72080,#72090,#72100,#72110,#72120,
#72130,#72140,#72150,#72160,#72170,#72180,#72190,#72200,#72210,#72220,
#72230,#72240,#72250,#72260,#72270,#72280,#72290,#72300,#72310,#72320,
#72330,#72340,#72350,#72360),.UNSPECIFIED.,.F.,.F.,(4,3,3,3,3,3,3,3,3,3,
3,3,3,3,3,3,3,3,3,4),(0.,0.109026584067092,0.218324208977147,
0.32772584766303,0.437093610579344,0.546329568356333,0.655386398126456,
0.7642777285333,0.873087719315962,0.982094333226688,1.09136720649128,
1.20055814688107,1.3094981919696,1.36399393853968,1.41852297134465,
1.52746497627352,1.58194323537774,1.63641769596914,1.69085951060001,
1.74534057256431),.UNSPECIFIED.);
#72380=SURFACE_CURVE('',#72370,(#7530,#71700),.CURVE_3D.);
#72390=EDGE_CURVE('',#71760,#46440,#72380,.T.);
#72400=ORIENTED_EDGE('',*,*,#72390,.F.);
#72410=ORIENTED_EDGE('',*,*,#46450,.T.);
#72420=ORIENTED_EDGE('',*,*,#71470,.F.);
#72430=ORIENTED_EDGE('',*,*,#48170,.F.);
#72440=EDGE_LOOP('',(#72430,#72420,#72410,#72400,#71780));
#72450=FACE_OUTER_BOUND('',#72440,.T.);
#72460=ADVANCED_FACE('',(#72450),#71700,.F.);
#72470=COLOUR_RGB('',0.,0.443137288093567,0.709803938865662);
#72480=FILL_AREA_STYLE_COLOUR('',#72470);
#72490=FILL_AREA_STYLE('',(#72480));
#72500=SURFACE_STYLE_FILL_AREA(#72490);
#72510=SURFACE_SIDE_STYLE('',(#72500));
#72520=SURFACE_STYLE_USAGE(.BOTH.,#72510);
#72530=PRESENTATION_STYLE_ASSIGNMENT((#72520));
#72540=ORIENTED_EDGE('',*,*,#72390,.T.);
#72550=CARTESIAN_POINT('',(-36.1889631054921,15.3000000062112,
1.43336403138828));
#72560=DIRECTION('',(5.96564242449915E-10,1.,-4.08396182824463E-13));
#72570=DIRECTION('',(1.,-5.96564408983369E-10,1.44026695080052E-13));
#72580=AXIS2_PLACEMENT_3D('',#72550,#72560,#72570);
#72590=CIRCLE('',#72580,1.1);
#72600=EDGE_CURVE('',#71760,#8240,#72590,.T.);
#72610=ORIENTED_EDGE('',*,*,#72600,.F.);
#72620=ORIENTED_EDGE('',*,*,#8250,.T.);
#72630=CARTESIAN_POINT('',(-36.188963106029,14.4000000062112,
1.43336403138865));
#72640=DIRECTION('',(5.96564242449915E-10,1.,-4.08396182824463E-13));
#72650=DIRECTION('',(1.,-5.96564408983369E-10,1.44026695080052E-13));
#72660=AXIS2_PLACEMENT_3D('',#72630,#72640,#72650);
#72670=CIRCLE('',#72660,2.);
#72680=EDGE_CURVE('',#46440,#7460,#72670,.T.);
#72690=ORIENTED_EDGE('',*,*,#72680,.T.);
#72700=EDGE_LOOP('',(#72690,#72620,#72610,#72540));
#72710=FACE_OUTER_BOUND('',#72700,.T.);
#72720=ADVANCED_FACE('',(#72710),#7530,.F.);
#72730=COLOUR_RGB('',0.,0.443137288093567,0.709803938865662);
#72740=FILL_AREA_STYLE_COLOUR('',#72730);
#72750=FILL_AREA_STYLE('',(#72740));
#72760=SURFACE_STYLE_FILL_AREA(#72750);
#72770=SURFACE_SIDE_STYLE('',(#72760));
#72780=SURFACE_STYLE_USAGE(.BOTH.,#72770);
#72790=PRESENTATION_STYLE_ASSIGNMENT((#72780));
#72800=CARTESIAN_POINT('',(-36.1889631023303,20.6000000060511,
1.43336403138611));
#72810=DIRECTION('',(5.96564242449915E-10,1.,-4.08396182824463E-13));
#72820=DIRECTION('',(1.,-5.96564408983351E-10,-6.18811841126224E-11));
#72830=AXIS2_PLACEMENT_3D('',#72800,#72810,#72820);
#72840=CYLINDRICAL_SURFACE('',#72830,1.1);
#72850=ORIENTED_EDGE('',*,*,#8330,.T.);
#72860=ORIENTED_EDGE('',*,*,#72600,.T.);
#72870=ORIENTED_EDGE('',*,*,#71770,.T.);
#72880=ORIENTED_EDGE('',*,*,#48080,.T.);
#72890=EDGE_LOOP('',(#72880,#72870,#72860,#72850));
#72900=FACE_OUTER_BOUND('',#72890,.T.);
#72910=ADVANCED_FACE('',(#72900),#72840,.T.);
#72920=COLOUR_RGB('',0.,0.443137288093567,0.709803938865662);
#72930=FILL_AREA_STYLE_COLOUR('',#72920);
#72940=FILL_AREA_STYLE('',(#72930));
#72950=SURFACE_STYLE_FILL_AREA(#72940);
#72960=SURFACE_SIDE_STYLE('',(#72950));
#72970=SURFACE_STYLE_USAGE(.BOTH.,#72960);
#72980=PRESENTATION_STYLE_ASSIGNMENT((#72970));
#72990=CARTESIAN_POINT('',(-38.4000000037898,13.0143593614724,
-4.0000000113078));
#73000=DIRECTION('',(-3.51959300231845E-10,-0.500000000000069,
-0.866025403784399));
#73010=DIRECTION('',(-4.85789091315746E-10,-0.866025403784399,
0.50000000000007));
#73020=AXIS2_PLACEMENT_3D('',#72990,#73000,#73010);
#73030=PLANE('',#73020);
#73040=ORIENTED_EDGE('',*,*,#46360,.T.);
#73050=ORIENTED_EDGE('',*,*,#42830,.T.);
#73060=ORIENTED_EDGE('',*,*,#69280,.F.);
#73070=ORIENTED_EDGE('',*,*,#71530,.F.);
#73080=EDGE_LOOP('',(#73070,#73060,#73050,#73040));
#73090=FACE_OUTER_BOUND('',#73080,.T.);
#73100=ADVANCED_FACE('',(#73090),#73030,.F.);
#73110=COLOUR_RGB('',0.,0.443137288093567,0.709803938865662);
#73120=FILL_AREA_STYLE_COLOUR('',#73110);
#73130=FILL_AREA_STYLE('',(#73120));
#73140=SURFACE_STYLE_FILL_AREA(#73130);
#73150=SURFACE_SIDE_STYLE('',(#73140));
#73160=SURFACE_STYLE_USAGE(.BOTH.,#73150);
#73170=PRESENTATION_STYLE_ASSIGNMENT((#73160));
#73180=CARTESIAN_POINT('',(-37.3027467241618,14.4000000068754,
0.90118753290375));
#73190=DIRECTION('',(5.96564408983325E-10,1.,-4.08396182822995E-13));
#73200=DIRECTION('',(-1.,5.96564408983351E-10,6.18811771737285E-11));
#73210=AXIS2_PLACEMENT_3D('',#73180,#73190,#73200);
#73220=PLANE('',#73210);
#73230=ORIENTED_EDGE('',*,*,#7470,.F.);
#73240=ORIENTED_EDGE('',*,*,#46520,.F.);
#73250=ORIENTED_EDGE('',*,*,#72680,.F.);
#73260=EDGE_LOOP('',(#73250,#73240,#73230));
#73270=FACE_OUTER_BOUND('',#73260,.T.);
#73280=ADVANCED_FACE('',(#73270),#73220,.T.);
#73290=COLOUR_RGB('',0.,0.443137288093567,0.709803938865662);
#73300=FILL_AREA_STYLE_COLOUR('',#73290);
#73310=FILL_AREA_STYLE('',(#73300));
#73320=SURFACE_STYLE_FILL_AREA(#73310);
#73330=SURFACE_SIDE_STYLE('',(#73320));
#73340=SURFACE_STYLE_USAGE(.BOTH.,#73330);
#73350=PRESENTATION_STYLE_ASSIGNMENT((#73340));
#73360=CARTESIAN_POINT('',(-35.4800000103336,2.04999882491567,
-5.78469551346387));
#73370=DIRECTION('',(-0.,-1.,-0.));
#73380=DIRECTION('',(-1.,0.,0.));
#73390=AXIS2_PLACEMENT_3D('',#73360,#73370,#73380);
#73400=PLANE('',#73390);
#73410=ORIENTED_EDGE('',*,*,#45720,.T.);
#73420=ORIENTED_EDGE('',*,*,#43630,.F.);
#73430=ORIENTED_EDGE('',*,*,#45440,.T.);
#73440=ORIENTED_EDGE('',*,*,#40510,.T.);
#73450=EDGE_LOOP('',(#73440,#73430,#73420,#73410));
#73460=FACE_OUTER_BOUND('',#73450,.T.);
#73470=ADVANCED_FACE('',(#73460),#73400,.F.);
#73480=COLOUR_RGB('',0.823529481887817,0.823529481887817,
0.784313797950745);
#73490=FILL_AREA_STYLE_COLOUR('',#73480);
#73500=FILL_AREA_STYLE('',(#73490));
#73510=SURFACE_STYLE_FILL_AREA(#73500);
#73520=SURFACE_SIDE_STYLE('',(#73510));
#73530=SURFACE_STYLE_USAGE(.BOTH.,#73520);
#73540=PRESENTATION_STYLE_ASSIGNMENT((#73530));
#73550=CARTESIAN_POINT('',(-45.9103744191358,18.8991850371995,
-5.1500000000648));
#73560=DIRECTION('',(0.642787609685505,0.766044443119846,
-3.12849183510506E-13));
#73570=DIRECTION('',(-0.766044443119846,0.642787609685505,
-2.62511634497067E-13));
#73580=AXIS2_PLACEMENT_3D('',#73550,#73560,#73570);
#73590=PLANE('',#73580);
#73600=ORIENTED_EDGE('',*,*,#29010,.T.);
#73610=ORIENTED_EDGE('',*,*,#2480,.F.);
#73620=ORIENTED_EDGE('',*,*,#58920,.T.);
#73630=ORIENTED_EDGE('',*,*,#6160,.T.);
#73640=EDGE_LOOP('',(#73630,#73620,#73610,#73600));
#73650=FACE_OUTER_BOUND('',#73640,.T.);
#73660=ADVANCED_FACE('',(#73650),#73590,.F.);
#73670=COLOUR_RGB('',0.,0.443137288093567,0.709803938865662);
#73680=FILL_AREA_STYLE_COLOUR('',#73670);
#73690=FILL_AREA_STYLE('',(#73680));
#73700=SURFACE_STYLE_FILL_AREA(#73690);
#73710=SURFACE_SIDE_STYLE('',(#73700));
#73720=SURFACE_STYLE_USAGE(.BOTH.,#73710);
#73730=PRESENTATION_STYLE_ASSIGNMENT((#73720));
#73740=CARTESIAN_POINT('',(7.31749646618098,18.8212511813078,
-5.15000000006477));
#73750=DIRECTION('',(-0.642787609685505,0.766044443119846,
-3.12849183510514E-13));
#73760=DIRECTION('',(-0.766044443119846,-0.642787609685505,
2.62511634497058E-13));
#73770=AXIS2_PLACEMENT_3D('',#73740,#73750,#73760);
#73780=PLANE('',#73770);
#73790=ORIENTED_EDGE('',*,*,#12200,.T.);
#73800=ORIENTED_EDGE('',*,*,#16100,.F.);
#73810=ORIENTED_EDGE('',*,*,#220,.F.);
#73820=ORIENTED_EDGE('',*,*,#16670,.T.);
#73830=EDGE_LOOP('',(#73820,#73810,#73800,#73790));
#73840=FACE_OUTER_BOUND('',#73830,.T.);
#73850=ADVANCED_FACE('',(#73840),#73780,.F.);
#73860=COLOUR_RGB('',0.,0.443137288093567,0.709803938865662);
#73870=FILL_AREA_STYLE_COLOUR('',#73860);
#73880=FILL_AREA_STYLE('',(#73870));
#73890=SURFACE_STYLE_FILL_AREA(#73880);
#73900=SURFACE_SIDE_STYLE('',(#73890));
#73910=SURFACE_STYLE_USAGE(.BOTH.,#73900);
#73920=PRESENTATION_STYLE_ASSIGNMENT((#73910));
#73930=CARTESIAN_POINT('',(6.99980654700137,20.0000000000158,
-5.15000000006525));
#73940=DIRECTION('',(-1.21042065259795E-13,-1.,4.08395604615809E-13));
#73950=DIRECTION('',(1.,-1.21042065259795E-13,5.57074833111299E-26));
#73960=AXIS2_PLACEMENT_3D('',#73930,#73940,#73950);
#73970=PLANE('',#73960);
#73980=CARTESIAN_POINT('',(-6.9499999999045,20.0000000000175,
-5.15000000006525));
#73990=DIRECTION('',(-7.25448693551724E-12,4.08395604616687E-13,1.));
#74000=VECTOR('',#73990,1.);
#74010=LINE('',#73980,#74000);
#74020=CARTESIAN_POINT('',(-6.94999999992367,20.0000000000186,
-2.50750993961604));
#74030=VERTEX_POINT('',#74020);
#74040=CARTESIAN_POINT('',(-6.94999999993354,20.0000000000191,
-1.14624578502828));
#74050=VERTEX_POINT('',#74040);
#74060=EDGE_CURVE('',#74030,#74050,#74010,.T.);
#74070=ORIENTED_EDGE('',*,*,#74060,.F.);
#74080=CARTESIAN_POINT('',(-18.9999999998239,20.0000000000255,
10.9037540294232));
#74090=DIRECTION('',(-0.707106786627422,3.74349738831573E-13,
0.707106775745673));
#74100=VECTOR('',#74090,1.);
#74110=LINE('',#74080,#74100);
#74120=CARTESIAN_POINT('',(-7.34999999996152,20.0000000000193,
-0.746245791155951));
#74130=VERTEX_POINT('',#74120);
#74140=EDGE_CURVE('',#74050,#74130,#74110,.T.);
#74150=ORIENTED_EDGE('',*,*,#74140,.F.);
#74160=CARTESIAN_POINT('',(-7.35000000000356,20.0000000000175,
-5.15000000006525));
#74170=DIRECTION('',(9.54718251929143E-12,4.08395604614654E-13,1.));
#74180=VECTOR('',#74170,1.);
#74190=LINE('',#74160,#74180);
#74200=CARTESIAN_POINT('',(-7.3499999999532,20.0000000000197,
0.124999989290286));
#74210=VERTEX_POINT('',#74200);
#74220=EDGE_CURVE('',#74130,#74210,#74190,.T.);
#74230=ORIENTED_EDGE('',*,*,#74220,.F.);
#74240=CARTESIAN_POINT('',(-18.9999999998239,20.0000000000211,
0.124999989401513));
#74250=DIRECTION('',(1.,-1.21042065263694E-13,-9.54738907205046E-12));
#74260=VECTOR('',#74250,1.);
#74270=LINE('',#74240,#74260);
#74280=CARTESIAN_POINT('',(-3.04999999987449,20.0000000000192,
0.124999989249233));
#74290=VERTEX_POINT('',#74280);
#74300=EDGE_CURVE('',#74210,#74290,#74270,.T.);
#74310=ORIENTED_EDGE('',*,*,#74300,.F.);
#74320=CARTESIAN_POINT('',(-3.04999999992485,20.000000000017,
-5.15000000006525));
#74330=DIRECTION('',(-9.54718251929143E-12,-4.08395604614654E-13,-1.));
#74340=VECTOR('',#74330,1.);
#74350=LINE('',#74320,#74340);
#74360=CARTESIAN_POINT('',(-3.04999999987937,20.000000000019,
-0.386107363933768));
#74370=VERTEX_POINT('',#74360);
#74380=EDGE_CURVE('',#74290,#74370,#74350,.T.);
#74390=ORIENTED_EDGE('',*,*,#74380,.F.);
#74400=CARTESIAN_POINT('',(-7.04738055362559,20.0000000000175,
-5.15000000006525));
#74410=DIRECTION('',(-0.642787609667679,-2.35078060641627E-13,
-0.766044443134804));
#74420=VECTOR('',#74410,1.);
#74430=LINE('',#74400,#74420);
#74440=CARTESIAN_POINT('',(-3.55000000065871,20.0000000000188,
-0.981984161189451));
#74450=VERTEX_POINT('',#74440);
#74460=EDGE_CURVE('',#74370,#74450,#74430,.T.);
#74470=ORIENTED_EDGE('',*,*,#74460,.F.);
#74480=CARTESIAN_POINT('',(-3.5499999823656,20.0000000000171,
-5.15000000006525));
#74490=DIRECTION('',(4.38892565684513E-9,-4.08395605146859E-13,-1.));
#74500=VECTOR('',#74490,1.);
#74510=LINE('',#74480,#74500);
#74520=CARTESIAN_POINT('',(-3.54999999347828,20.0000000000181,
-2.61801734501105));
#74530=VERTEX_POINT('',#74520);
#74540=EDGE_CURVE('',#74450,#74530,#74510,.T.);
#74550=ORIENTED_EDGE('',*,*,#74540,.F.);
#74560=CARTESIAN_POINT('',(-1.42541428123595,20.0000000000168,
-5.15000000006525));
#74570=DIRECTION('',(0.642787609728987,-3.90648061946217E-13,
-0.76604444308336));
#74580=VECTOR('',#74570,1.);
#74590=LINE('',#74560,#74580);
#74600=CARTESIAN_POINT('',(-3.04999999990636,20.0000000000178,
-3.21389413358041));
#74610=VERTEX_POINT('',#74600);
#74620=EDGE_CURVE('',#74530,#74610,#74590,.T.);
#74630=ORIENTED_EDGE('',*,*,#74620,.F.);
#74640=CARTESIAN_POINT('',(-3.04999999992485,20.000000000017,
-5.15000000006525));
#74650=DIRECTION('',(-9.54718251929143E-12,-4.08395604614654E-13,-1.));
#74660=VECTOR('',#74650,1.);
#74670=LINE('',#74640,#74660);
#74680=CARTESIAN_POINT('',(-3.04999999991124,20.0000000000176,
-3.72500001067917));
#74690=VERTEX_POINT('',#74680);
#74700=EDGE_CURVE('',#74610,#74690,#74670,.T.);
#74710=ORIENTED_EDGE('',*,*,#74700,.F.);
#74720=CARTESIAN_POINT('',(-18.9999999998239,20.0000000000195,
-3.7250000105269));
#74730=DIRECTION('',(-1.,1.21042065263694E-13,9.54718251892961E-12));
#74740=VECTOR('',#74730,1.);
#74750=LINE('',#74720,#74740);
#74760=CARTESIAN_POINT('',(-7.34999999998995,20.0000000000181,
-3.72500001063812));
#74770=VERTEX_POINT('',#74760);
#74780=EDGE_CURVE('',#74690,#74770,#74750,.T.);
#74790=ORIENTED_EDGE('',*,*,#74780,.F.);
#74800=CARTESIAN_POINT('',(-7.35000000000356,20.0000000000175,
-5.15000000006525));
#74810=DIRECTION('',(9.54718251929143E-12,4.08395604614654E-13,1.));
#74820=VECTOR('',#74810,1.);
#74830=LINE('',#74800,#74820);
#74840=CARTESIAN_POINT('',(-7.34999999998215,20.0000000000184,
-2.90750994011934));
#74850=VERTEX_POINT('',#74840);
#74860=EDGE_CURVE('',#74770,#74850,#74830,.T.);
#74870=ORIENTED_EDGE('',*,*,#74860,.F.);
#74880=CARTESIAN_POINT('',(-9.59249005743433,20.0000000000178,
-5.15000000006525));
#74890=DIRECTION('',(0.707106780793384,2.03181106392586E-13,
0.707106781579712));
#74900=VECTOR('',#74890,1.);
#74910=LINE('',#74880,#74900);
#74920=EDGE_CURVE('',#74850,#74030,#74910,.T.);
#74930=ORIENTED_EDGE('',*,*,#74920,.F.);
#74940=EDGE_LOOP('',(#74930,#74870,#74790,#74710,#74630,#74550,#74470,
#74390,#74310,#74230,#74150,#74070));
#74950=FACE_BOUND('',#74940,.T.);
#74960=ORIENTED_EDGE('',*,*,#380,.F.);
#74970=ORIENTED_EDGE('',*,*,#16170,.T.);
#74980=ORIENTED_EDGE('',*,*,#12040,.T.);
#74990=ORIENTED_EDGE('',*,*,#26910,.F.);
#75000=ORIENTED_EDGE('',*,*,#23800,.T.);
#75010=ORIENTED_EDGE('',*,*,#23560,.F.);
#75020=ORIENTED_EDGE('',*,*,#27350,.T.);
#75030=ORIENTED_EDGE('',*,*,#16940,.F.);
#75040=ORIENTED_EDGE('',*,*,#9990,.T.);
#75050=ORIENTED_EDGE('',*,*,#65170,.F.);
#75060=ORIENTED_EDGE('',*,*,#65470,.F.);
#75070=ORIENTED_EDGE('',*,*,#66080,.F.);
#75080=EDGE_LOOP('',(#75070,#75060,#75050,#75040,#75030,#75020,#75010,
#75000,#74990,#74980,#74970,#74960));
#75090=FACE_OUTER_BOUND('',#75080,.T.);
#75100=ADVANCED_FACE('',(#74950,#75090),#73970,.F.);
#75110=COLOUR_RGB('',0.,0.443137288093567,0.709803938865662);
#75120=FILL_AREA_STYLE_COLOUR('',#75110);
#75130=FILL_AREA_STYLE('',(#75120));
#75140=SURFACE_STYLE_FILL_AREA(#75130);
#75150=SURFACE_SIDE_STYLE('',(#75140));
#75160=SURFACE_STYLE_USAGE(.BOTH.,#75150);
#75170=PRESENTATION_STYLE_ASSIGNMENT((#75160));
#75180=CARTESIAN_POINT('',(-6.55000014050383,19.899999999964,
-1.80000005830966));
#75190=DIRECTION('',(-5.26534220417774E-12,1.,-6.75732630664967E-11));
#75200=DIRECTION('',(1.,5.26534220353261E-12,-9.54718251929358E-12));
#75210=AXIS2_PLACEMENT_3D('',#75180,#75190,#75200);
#75220=PLANE('',#75210);
#75230=CARTESIAN_POINT('',(-7.34999999998602,19.8999999998538,
-3.36768029847791));
#75240=DIRECTION('',(-9.54718251893779E-12,-6.75732630665469E-11,-1.));
#75250=VECTOR('',#75240,1.);
#75260=LINE('',#75230,#75250);
#75270=CARTESIAN_POINT('',(-7.34999999995267,19.9000000000898,
0.124999989297043));
#75280=VERTEX_POINT('',#75270);
#75290=CARTESIAN_POINT('',(-7.34999999996099,19.900000000031,
-0.746245791149194));
#75300=VERTEX_POINT('',#75290);
#75310=EDGE_CURVE('',#75280,#75300,#75260,.T.);
#75320=ORIENTED_EDGE('',*,*,#75310,.F.);
#75330=CARTESIAN_POINT('',(-7.0378679655608,19.9000000000115,
-1.05837782074595));
#75340=DIRECTION('',(-0.707106786627422,4.40583529670748E-11,
0.707106775745673));
#75350=VECTOR('',#75340,1.);
#75360=LINE('',#75330,#75350);
#75370=CARTESIAN_POINT('',(-6.94999999993302,19.900000000006,
-1.14624578502152));
#75380=VERTEX_POINT('',#75370);
#75390=EDGE_CURVE('',#75380,#75300,#75360,.T.);
#75400=ORIENTED_EDGE('',*,*,#75390,.T.);
#75410=CARTESIAN_POINT('',(-6.94999999993212,19.8999999999977,
-1.27050985866598));
#75420=DIRECTION('',(7.25448693587089E-12,-6.75732630664585E-11,-1.));
#75430=VECTOR('',#75420,1.);
#75440=LINE('',#75410,#75430);
#75450=CARTESIAN_POINT('',(-6.94999999992314,19.8999999999141,
-2.50750993960928));
#75460=VERTEX_POINT('',#75450);
#75470=EDGE_CURVE('',#75380,#75460,#75440,.T.);
#75480=ORIENTED_EDGE('',*,*,#75470,.F.);
#75490=CARTESIAN_POINT('',(-7.10000025179514,19.8999999999031,
-2.65751019164809));
#75500=DIRECTION('',(0.707106780793383,5.15046717435613E-11,
0.707106781579712));
#75510=VECTOR('',#75500,1.);
#75520=LINE('',#75490,#75510);
#75530=CARTESIAN_POINT('',(-7.34999999998163,19.8999999998849,
-2.90750994011258));
#75540=VERTEX_POINT('',#75530);
#75550=EDGE_CURVE('',#75540,#75460,#75520,.T.);
#75560=ORIENTED_EDGE('',*,*,#75550,.T.);
#75570=CARTESIAN_POINT('',(-7.34999999998602,19.8999999998538,
-3.36768029847791));
#75580=DIRECTION('',(-9.54718251893779E-12,-6.75732630665469E-11,-1.));
#75590=VECTOR('',#75580,1.);
#75600=LINE('',#75570,#75590);
#75610=CARTESIAN_POINT('',(-7.34999999998943,19.8999999998297,
-3.72500001063136));
#75620=VERTEX_POINT('',#75610);
#75630=EDGE_CURVE('',#75540,#75620,#75600,.T.);
#75640=ORIENTED_EDGE('',*,*,#75630,.F.);
#75650=CARTESIAN_POINT('',(-6.81643524278113,19.8999999998325,
-3.72500001063646));
#75660=DIRECTION('',(1.,5.26534220353261E-12,-9.54718251929358E-12));
#75670=VECTOR('',#75660,1.);
#75680=LINE('',#75650,#75670);
#75690=CARTESIAN_POINT('',(-5.70000002919845,19.8999999998384,
-3.72500001064712));
#75700=VERTEX_POINT('',#75690);
#75710=EDGE_CURVE('',#75620,#75700,#75680,.T.);
#75720=ORIENTED_EDGE('',*,*,#75710,.F.);
#75730=CARTESIAN_POINT('',(-5.70000002921206,19.8999999997421,
-5.15000000006521));
#75740=DIRECTION('',(-9.54729260716222E-12,-6.75732630665469E-11,-1.));
#75750=VECTOR('',#75740,1.);
#75760=LINE('',#75730,#75750);
#75770=CARTESIAN_POINT('',(-5.70000002918882,19.8999999999065,
-2.71651519730173));
#75780=VERTEX_POINT('',#75770);
#75790=EDGE_CURVE('',#75780,#75700,#75760,.T.);
#75800=ORIENTED_EDGE('',*,*,#75790,.T.);
#75810=CARTESIAN_POINT('',(-5.30000002920917,19.8999999999706,
-1.80000005830168));
#75820=DIRECTION('',(-5.26534220417774E-12,1.,-6.75732630664967E-11));
#75830=DIRECTION('',(1.,5.26534220353261E-12,-9.54718251929358E-12));
#75840=AXIS2_PLACEMENT_3D('',#75810,#75820,#75830);
#75850=CIRCLE('',#75840,1.);
#75860=CARTESIAN_POINT('',(-5.70000002917132,19.9000000000304,
-0.883484919293997));
#75870=VERTEX_POINT('',#75860);
#75880=EDGE_CURVE('',#75780,#75870,#75850,.T.);
#75890=ORIENTED_EDGE('',*,*,#75880,.F.);
#75900=CARTESIAN_POINT('',(-5.70000002921206,19.8999999997421,
-5.15000000006521));
#75910=DIRECTION('',(-9.54718251893779E-12,-6.75732630665469E-11,-1.));
#75920=VECTOR('',#75910,1.);
#75930=LINE('',#75900,#75920);
#75940=CARTESIAN_POINT('',(-5.7000000291617,19.9000000000985,
0.124999989281291));
#75950=VERTEX_POINT('',#75940);
#75960=EDGE_CURVE('',#75950,#75870,#75930,.T.);
#75970=ORIENTED_EDGE('',*,*,#75960,.T.);
#75980=CARTESIAN_POINT('',(-3.04999999984613,19.9000000001125,
0.124999989255991));
#75990=DIRECTION('',(-1.,-5.2653422035326E-12,9.54738907241444E-12));
#76000=VECTOR('',#75990,1.);
#76010=LINE('',#75980,#76000);
#76020=EDGE_CURVE('',#75950,#75280,#76010,.T.);
#76030=ORIENTED_EDGE('',*,*,#76020,.F.);
#76040=EDGE_LOOP('',(#76030,#75970,#75890,#75800,#75720,#75640,#75560,
#75480,#75400,#75320));
#76050=FACE_OUTER_BOUND('',#76040,.T.);
#76060=ADVANCED_FACE('',(#76050),#75220,.T.);
#76070=COLOUR_RGB('',0.980392217636108,0.517647087574005,
0.168627455830574);
#76080=FILL_AREA_STYLE_COLOUR('',#76070);
#76090=FILL_AREA_STYLE('',(#76080));
#76100=SURFACE_STYLE_FILL_AREA(#76090);
#76110=SURFACE_SIDE_STYLE('',(#76100));
#76120=SURFACE_STYLE_USAGE(.BOTH.,#76110);
#76130=PRESENTATION_STYLE_ASSIGNMENT((#76120));
#76140=CARTESIAN_POINT('',(-6.94999999993449,20.179998360406,
-1.14624578504044));
#76150=DIRECTION('',(1.,5.26534220466795E-12,7.25448693551509E-12));
#76160=DIRECTION('',(-7.25448693587089E-12,6.75732630664585E-11,1.));
#76170=AXIS2_PLACEMENT_3D('',#76140,#76150,#76160);
#76180=PLANE('',#76170);
#76190=CARTESIAN_POINT('',(-6.94999999992462,20.1799983603141,
-2.5075099396282));
#76200=DIRECTION('',(5.26534220417774E-12,-1.,6.75732630664967E-11));
#76210=VECTOR('',#76200,1.);
#76220=LINE('',#76190,#76210);
#76230=EDGE_CURVE('',#74030,#75460,#76220,.T.);
#76240=ORIENTED_EDGE('',*,*,#76230,.F.);
#76250=ORIENTED_EDGE('',*,*,#75470,.T.);
#76260=CARTESIAN_POINT('',(-6.94999999993449,20.179998360406,
-1.14624578504044));
#76270=DIRECTION('',(5.26534220417774E-12,-1.,6.75732630664967E-11));
#76280=VECTOR('',#76270,1.);
#76290=LINE('',#76260,#76280);
#76300=EDGE_CURVE('',#74050,#75380,#76290,.T.);
#76310=ORIENTED_EDGE('',*,*,#76300,.T.);
#76320=ORIENTED_EDGE('',*,*,#74060,.T.);
#76330=EDGE_LOOP('',(#76320,#76310,#76250,#76240));
#76340=FACE_OUTER_BOUND('',#76330,.T.);
#76350=ADVANCED_FACE('',(#76340),#76180,.T.);
#76360=COLOUR_RGB('',0.,0.443137288093567,0.709803938865662);
#76370=FILL_AREA_STYLE_COLOUR('',#76360);
#76380=FILL_AREA_STYLE('',(#76370));
#76390=SURFACE_STYLE_FILL_AREA(#76380);
#76400=SURFACE_SIDE_STYLE('',(#76390));
#76410=SURFACE_STYLE_USAGE(.BOTH.,#76400);
#76420=PRESENTATION_STYLE_ASSIGNMENT((#76410));
#76430=CARTESIAN_POINT('',(-7.34999999996247,20.179998360431,
-0.746245791168114));
#76440=DIRECTION('',(0.707106775745673,5.15046720580737E-11,
0.707106786627422));
#76450=DIRECTION('',(-0.707106786627422,4.40583529670748E-11,
0.707106775745673));
#76460=AXIS2_PLACEMENT_3D('',#76430,#76440,#76450);
#76470=PLANE('',#76460);
#76480=ORIENTED_EDGE('',*,*,#76300,.F.);
#76490=ORIENTED_EDGE('',*,*,#75390,.F.);
#76500=CARTESIAN_POINT('',(-7.34999999996247,20.179998360431,
-0.746245791168114));
#76510=DIRECTION('',(5.26534220417774E-12,-1.,6.75732630664967E-11));
#76520=VECTOR('',#76510,1.);
#76530=LINE('',#76500,#76520);
#76540=EDGE_CURVE('',#74130,#75300,#76530,.T.);
#76550=ORIENTED_EDGE('',*,*,#76540,.T.);
#76560=ORIENTED_EDGE('',*,*,#74140,.T.);
#76570=EDGE_LOOP('',(#76560,#76550,#76490,#76480));
#76580=FACE_OUTER_BOUND('',#76570,.T.);
#76590=ADVANCED_FACE('',(#76580),#76470,.T.);
#76600=COLOUR_RGB('',0.,0.443137288093567,0.709803938865662);
#76610=FILL_AREA_STYLE_COLOUR('',#76600);
#76620=FILL_AREA_STYLE('',(#76610));
#76630=SURFACE_STYLE_FILL_AREA(#76620);
#76640=SURFACE_SIDE_STYLE('',(#76630));
#76650=SURFACE_STYLE_USAGE(.BOTH.,#76640);
#76660=PRESENTATION_STYLE_ASSIGNMENT((#76650));
#76670=CARTESIAN_POINT('',(-7.34999999995415,20.1799983604898,
0.124999989278124));
#76680=DIRECTION('',(1.,5.26534220353261E-12,-9.54718251929358E-12));
#76690=DIRECTION('',(9.54718251893779E-12,6.75732630665469E-11,1.));
#76700=AXIS2_PLACEMENT_3D('',#76670,#76680,#76690);
#76710=PLANE('',#76700);
#76720=ORIENTED_EDGE('',*,*,#76540,.F.);
#76730=ORIENTED_EDGE('',*,*,#75310,.T.);
#76740=CARTESIAN_POINT('',(-7.34999999995415,20.1799983604898,
0.124999989278124));
#76750=DIRECTION('',(5.26534220417774E-12,-1.,6.75732630664967E-11));
#76760=VECTOR('',#76750,1.);
#76770=LINE('',#76740,#76760);
#76780=EDGE_CURVE('',#74210,#75280,#76770,.T.);
#76790=ORIENTED_EDGE('',*,*,#76780,.T.);
#76800=ORIENTED_EDGE('',*,*,#74220,.T.);
#76810=EDGE_LOOP('',(#76800,#76790,#76730,#76720));
#76820=FACE_OUTER_BOUND('',#76810,.T.);
#76830=ADVANCED_FACE('',(#76820),#76710,.T.);
#76840=COLOUR_RGB('',0.,0.443137288093567,0.709803938865662);
#76850=FILL_AREA_STYLE_COLOUR('',#76840);
#76860=FILL_AREA_STYLE('',(#76850));
#76870=SURFACE_STYLE_FILL_AREA(#76860);
#76880=SURFACE_SIDE_STYLE('',(#76870));
#76890=SURFACE_STYLE_USAGE(.BOTH.,#76880);
#76900=PRESENTATION_STYLE_ASSIGNMENT((#76890));
#76910=CARTESIAN_POINT('',(-3.04999999984761,20.1799983605125,
0.12499998923707));
#76920=DIRECTION('',(-9.54738907205864E-12,-6.75732630665469E-11,-1.));
#76930=DIRECTION('',(1.,5.2653422035326E-12,-9.54738907241444E-12));
#76940=AXIS2_PLACEMENT_3D('',#76910,#76920,#76930);
#76950=PLANE('',#76940);
#76960=ORIENTED_EDGE('',*,*,#76780,.F.);
#76970=ORIENTED_EDGE('',*,*,#76020,.T.);
#76980=CARTESIAN_POINT('',(-5.70000002901032,-8.85000000019382,
0.124999991224022));
#76990=DIRECTION('',(-5.26534220417775E-12,1.,-6.75732630664967E-11));
#77000=VECTOR('',#76990,1.);
#77010=LINE('',#76980,#77000);
#77020=CARTESIAN_POINT('',(-5.70000002915959,19.5000000000985,
0.12499998930832));
#77030=VERTEX_POINT('',#77020);
#77040=EDGE_CURVE('',#77030,#75950,#77010,.T.);
#77050=ORIENTED_EDGE('',*,*,#77040,.T.);
#77060=CARTESIAN_POINT('',(-18.9999999998239,19.5000000000285,
0.1249999894353));
#77070=DIRECTION('',(-1.,-5.2653422035326E-12,9.54738907241444E-12));
#77080=VECTOR('',#77070,1.);
#77090=LINE('',#77060,#77080);
#77100=CARTESIAN_POINT('',(-4.90000002924273,19.5000000001027,
0.124999989300681));
#77110=VERTEX_POINT('',#77100);
#77120=EDGE_CURVE('',#77110,#77030,#77090,.T.);
#77130=ORIENTED_EDGE('',*,*,#77120,.T.);
#77140=CARTESIAN_POINT('',(-4.90000002909346,-8.85000000019382,
0.124999991216384));
#77150=DIRECTION('',(5.26534220417775E-12,-1.,6.75732630664967E-11));
#77160=VECTOR('',#77150,1.);
#77170=LINE('',#77140,#77160);
#77180=CARTESIAN_POINT('',(-4.90000002924484,19.9000000001027,
0.124999989273652));
#77190=VERTEX_POINT('',#77180);
#77200=EDGE_CURVE('',#77190,#77110,#77170,.T.);
#77210=ORIENTED_EDGE('',*,*,#77200,.T.);
#77220=CARTESIAN_POINT('',(-3.04999999987396,19.9000000001125,
0.12499998925599));
#77230=VERTEX_POINT('',#77220);
#77240=EDGE_CURVE('',#77230,#77190,#76010,.T.);
#77250=ORIENTED_EDGE('',*,*,#77240,.T.);
#77260=CARTESIAN_POINT('',(-3.04999999984761,20.1799983605125,
0.12499998923707));
#77270=DIRECTION('',(5.26534220417774E-12,-1.,6.75732630664967E-11));
#77280=VECTOR('',#77270,1.);
#77290=LINE('',#77260,#77280);
#77300=EDGE_CURVE('',#74290,#77230,#77290,.T.);
#77310=ORIENTED_EDGE('',*,*,#77300,.T.);
#77320=ORIENTED_EDGE('',*,*,#74300,.T.);
#77330=EDGE_LOOP('',(#77320,#77310,#77250,#77210,#77130,#77050,#76970,
#76960));
#77340=FACE_OUTER_BOUND('',#77330,.T.);
#77350=ADVANCED_FACE('',(#77340),#76950,.T.);
#77360=COLOUR_RGB('',0.,0.443137288093567,0.709803938865662);
#77370=FILL_AREA_STYLE_COLOUR('',#77360);
#77380=FILL_AREA_STYLE('',(#77370));
#77390=SURFACE_STYLE_FILL_AREA(#77380);
#77400=SURFACE_SIDE_STYLE('',(#77390));
#77410=SURFACE_STYLE_USAGE(.BOTH.,#77400);
#77420=PRESENTATION_STYLE_ASSIGNMENT((#77410));
#77430=CARTESIAN_POINT('',(-3.04999999991072,19.8999999998523,
-3.72500001067242));
#77440=VERTEX_POINT('',#77430);
#77450=EDGE_CURVE('',#28730,#77440,#75680,.T.);
#77460=ORIENTED_EDGE('',*,*,#77450,.F.);
#77470=CARTESIAN_POINT('',(-3.04999999990792,19.8999999998721,
-3.43227628361144));
#77480=DIRECTION('',(-9.54718251893779E-12,-6.75732630665469E-11,-1.));
#77490=VECTOR('',#77480,1.);
#77500=LINE('',#77470,#77490);
#77510=CARTESIAN_POINT('',(-3.04999999990584,19.8999999998869,
-3.21389413357365));
#77520=VERTEX_POINT('',#77510);
#77530=EDGE_CURVE('',#77520,#77440,#77500,.T.);
#77540=ORIENTED_EDGE('',*,*,#77530,.T.);
#77550=CARTESIAN_POINT('',(-3.44581146772091,19.8999999999167,
-2.74218439486814));
#77560=DIRECTION('',(-0.642787609728987,4.83796259432713E-11,
0.76604444308336));
#77570=VECTOR('',#77560,1.);
#77580=LINE('',#77550,#77570);
#77590=CARTESIAN_POINT('',(-3.54999999347776,19.8999999999245,
-2.61801734500429));
#77600=VERTEX_POINT('',#77590);
#77610=EDGE_CURVE('',#77520,#77600,#77580,.T.);
#77620=ORIENTED_EDGE('',*,*,#77610,.F.);
#77630=CARTESIAN_POINT('',(-3.54999999511392,19.8999999999497,
-2.2452233005835));
#77640=DIRECTION('',(-4.38892565684549E-9,6.75732630433875E-11,1.));
#77650=VECTOR('',#77640,1.);
#77660=LINE('',#77630,#77650);
#77670=CARTESIAN_POINT('',(-3.55000000065819,19.900000000035,
-0.981984161182729));
#77680=VERTEX_POINT('',#77670);
#77690=EDGE_CURVE('',#77600,#77680,#77660,.T.);
#77700=ORIENTED_EDGE('',*,*,#77690,.F.);
#77710=CARTESIAN_POINT('',(-87.9610649687798,19.8999999927929,
-101.579174096675));
#77720=DIRECTION('',(0.642787609667679,5.51486194060818E-11,
0.766044443134804));
#77730=VECTOR('',#77720,1.);
#77740=LINE('',#77710,#77730);
#77750=CARTESIAN_POINT('',(-3.04999999987884,19.9000000000779,
-0.386107363927027));
#77760=VERTEX_POINT('',#77750);
#77770=EDGE_CURVE('',#77680,#77760,#77740,.T.);
#77780=ORIENTED_EDGE('',*,*,#77770,.F.);
#77790=CARTESIAN_POINT('',(-3.04999999990792,19.8999999998721,
-3.43227628361144));
#77800=DIRECTION('',(-9.54718251893779E-12,-6.75732630665469E-11,-1.));
#77810=VECTOR('',#77800,1.);
#77820=LINE('',#77790,#77810);
#77830=EDGE_CURVE('',#77230,#77760,#77820,.T.);
#77840=ORIENTED_EDGE('',*,*,#77830,.T.);
#77850=ORIENTED_EDGE('',*,*,#77240,.F.);
#77860=CARTESIAN_POINT('',(-4.9000000292952,19.8999999997463,
-5.15000000006521));
#77870=DIRECTION('',(9.54718251893779E-12,6.75732630665469E-11,1.));
#77880=VECTOR('',#77870,1.);
#77890=LINE('',#77860,#77880);
#77900=CARTESIAN_POINT('',(-4.90000002925446,19.9000000000346,
-0.883484919290748));
#77910=VERTEX_POINT('',#77900);
#77920=EDGE_CURVE('',#77910,#77190,#77890,.T.);
#77930=ORIENTED_EDGE('',*,*,#77920,.T.);
#77940=CARTESIAN_POINT('',(-5.30000002920917,19.8999999999706,
-1.80000005830168));
#77950=DIRECTION('',(-5.26534220417774E-12,1.,-6.75732630664967E-11));
#77960=DIRECTION('',(1.,5.26534220353261E-12,-9.54718251929358E-12));
#77970=AXIS2_PLACEMENT_3D('',#77940,#77950,#77960);
#77980=CIRCLE('',#77970,1.);
#77990=EDGE_CURVE('',#77910,#28550,#77980,.T.);
#78000=ORIENTED_EDGE('',*,*,#77990,.F.);
#78010=ORIENTED_EDGE('',*,*,#28800,.T.);
#78020=EDGE_LOOP('',(#78010,#78000,#77930,#77850,#77840,#77780,#77700,
#77620,#77540,#77460));
#78030=FACE_OUTER_BOUND('',#78020,.T.);
#78040=ADVANCED_FACE('',(#78030),#75220,.T.);
#78050=COLOUR_RGB('',0.980392217636108,0.517647087574005,
0.168627455830574);
#78060=FILL_AREA_STYLE_COLOUR('',#78050);
#78070=FILL_AREA_STYLE('',(#78060));
#78080=SURFACE_STYLE_FILL_AREA(#78070);
#78090=SURFACE_SIDE_STYLE('',(#78080));
#78100=SURFACE_STYLE_USAGE(.BOTH.,#78090);
#78110=PRESENTATION_STYLE_ASSIGNMENT((#78100));
#78120=CARTESIAN_POINT('',(-3.04999999988032,20.1799983604779,
-0.386107363945948));
#78130=DIRECTION('',(-1.,-5.26534220353261E-12,9.54718251929358E-12));
#78140=DIRECTION('',(-9.54718251893779E-12,-6.75732630665469E-11,-1.));
#78150=AXIS2_PLACEMENT_3D('',#78120,#78130,#78140);
#78160=PLANE('',#78150);
#78170=ORIENTED_EDGE('',*,*,#77300,.F.);
#78180=ORIENTED_EDGE('',*,*,#77830,.F.);
#78190=CARTESIAN_POINT('',(-3.04999999988032,20.1799983604779,
-0.386107363945948));
#78200=DIRECTION('',(5.26534220417774E-12,-1.,6.75732630664967E-11));
#78210=VECTOR('',#78200,1.);
#78220=LINE('',#78190,#78210);
#78230=EDGE_CURVE('',#74370,#77760,#78220,.T.);
#78240=ORIENTED_EDGE('',*,*,#78230,.T.);
#78250=ORIENTED_EDGE('',*,*,#74380,.T.);
#78260=EDGE_LOOP('',(#78250,#78240,#78180,#78170));
#78270=FACE_OUTER_BOUND('',#78260,.T.);
#78280=ADVANCED_FACE('',(#78270),#78160,.T.);
#78290=COLOUR_RGB('',0.,0.443137288093567,0.709803938865662);
#78300=FILL_AREA_STYLE_COLOUR('',#78290);
#78310=FILL_AREA_STYLE('',(#78300));
#78320=SURFACE_STYLE_FILL_AREA(#78310);
#78330=SURFACE_SIDE_STYLE('',(#78320));
#78340=SURFACE_STYLE_USAGE(.BOTH.,#78330);
#78350=PRESENTATION_STYLE_ASSIGNMENT((#78340));
#78360=CARTESIAN_POINT('',(-3.55000000065969,20.1799983604351,
-0.981984161201648));
#78370=DIRECTION('',(-0.766044443134804,3.94017701072451E-11,
0.642787609667679));
#78380=DIRECTION('',(-0.642787609667679,-5.51486194060818E-11,
-0.766044443134804));
#78390=AXIS2_PLACEMENT_3D('',#78360,#78370,#78380);
#78400=PLANE('',#78390);
#78410=ORIENTED_EDGE('',*,*,#78230,.F.);
#78420=ORIENTED_EDGE('',*,*,#77770,.T.);
#78430=CARTESIAN_POINT('',(-3.55000000065969,20.1799983604351,
-0.981984161201648));
#78440=DIRECTION('',(5.26534220417774E-12,-1.,6.75732630664967E-11));
#78450=VECTOR('',#78440,1.);
#78460=LINE('',#78430,#78450);
#78470=EDGE_CURVE('',#74450,#77680,#78460,.T.);
#78480=ORIENTED_EDGE('',*,*,#78470,.T.);
#78490=ORIENTED_EDGE('',*,*,#74460,.T.);
#78500=EDGE_LOOP('',(#78490,#78480,#78420,#78410));
#78510=FACE_OUTER_BOUND('',#78500,.T.);
#78520=ADVANCED_FACE('',(#78510),#78400,.T.);
#78530=COLOUR_RGB('',0.,0.443137288093567,0.709803938865662);
#78540=FILL_AREA_STYLE_COLOUR('',#78530);
#78550=FILL_AREA_STYLE('',(#78540));
#78560=SURFACE_STYLE_FILL_AREA(#78550);
#78570=SURFACE_SIDE_STYLE('',(#78560));
#78580=SURFACE_STYLE_USAGE(.BOTH.,#78570);
#78590=PRESENTATION_STYLE_ASSIGNMENT((#78580));
#78600=CARTESIAN_POINT('',(-3.54999999347923,20.1799983603245,
-2.61801734502321));
#78610=DIRECTION('',(-1.,-5.26534250075177E-12,-4.38892565684513E-9));
#78620=DIRECTION('',(4.38892565684549E-9,-6.75732630433875E-11,-1.));
#78630=AXIS2_PLACEMENT_3D('',#78600,#78610,#78620);
#78640=PLANE('',#78630);
#78650=ORIENTED_EDGE('',*,*,#78470,.F.);
#78660=ORIENTED_EDGE('',*,*,#77690,.T.);
#78670=CARTESIAN_POINT('',(-3.54999999347923,20.1799983603245,
-2.61801734502321));
#78680=DIRECTION('',(5.26534220417774E-12,-1.,6.75732630664967E-11));
#78690=VECTOR('',#78680,1.);
#78700=LINE('',#78670,#78690);
#78710=EDGE_CURVE('',#74530,#77600,#78700,.T.);
#78720=ORIENTED_EDGE('',*,*,#78710,.T.);
#78730=ORIENTED_EDGE('',*,*,#74540,.T.);
#78740=EDGE_LOOP('',(#78730,#78720,#78660,#78650));
#78750=FACE_OUTER_BOUND('',#78740,.T.);
#78760=ADVANCED_FACE('',(#78750),#78640,.T.);
#78770=COLOUR_RGB('',0.,0.443137288093567,0.709803938865662);
#78780=FILL_AREA_STYLE_COLOUR('',#78770);
#78790=FILL_AREA_STYLE('',(#78780));
#78800=SURFACE_STYLE_FILL_AREA(#78790);
#78810=SURFACE_SIDE_STYLE('',(#78800));
#78820=SURFACE_STYLE_USAGE(.BOTH.,#78810);
#78830=PRESENTATION_STYLE_ASSIGNMENT((#78820));
#78840=CARTESIAN_POINT('',(-3.04999999990731,20.1799983602869,
-3.21389413359257));
#78850=DIRECTION('',(-0.76604444308336,-4.74687423845441E-11,
-0.642787609728987));
#78860=DIRECTION('',(0.642787609728987,-4.83796259432713E-11,
-0.76604444308336));
#78870=AXIS2_PLACEMENT_3D('',#78840,#78850,#78860);
#78880=PLANE('',#78870);
#78890=ORIENTED_EDGE('',*,*,#78710,.F.);
#78900=ORIENTED_EDGE('',*,*,#77610,.T.);
#78910=CARTESIAN_POINT('',(-3.04999999990731,20.1799983602869,
-3.21389413359257));
#78920=DIRECTION('',(5.26534220417774E-12,-1.,6.75732630664967E-11));
#78930=VECTOR('',#78920,1.);
#78940=LINE('',#78910,#78930);
#78950=EDGE_CURVE('',#74610,#77520,#78940,.T.);
#78960=ORIENTED_EDGE('',*,*,#78950,.T.);
#78970=ORIENTED_EDGE('',*,*,#74620,.T.);
#78980=EDGE_LOOP('',(#78970,#78960,#78900,#78890));
#78990=FACE_OUTER_BOUND('',#78980,.T.);
#79000=ADVANCED_FACE('',(#78990),#78880,.T.);
#79010=COLOUR_RGB('',0.,0.443137288093567,0.709803938865662);
#79020=FILL_AREA_STYLE_COLOUR('',#79010);
#79030=FILL_AREA_STYLE('',(#79020));
#79040=SURFACE_STYLE_FILL_AREA(#79030);
#79050=SURFACE_SIDE_STYLE('',(#79040));
#79060=SURFACE_STYLE_USAGE(.BOTH.,#79050);
#79070=PRESENTATION_STYLE_ASSIGNMENT((#79060));
#79080=CARTESIAN_POINT('',(-3.04999999991219,20.1799983602523,
-3.72500001069134));
#79090=DIRECTION('',(-1.,-5.26534220353261E-12,9.54718251929358E-12));
#79100=DIRECTION('',(-9.54718251893779E-12,-6.75732630665469E-11,-1.));
#79110=AXIS2_PLACEMENT_3D('',#79080,#79090,#79100);
#79120=PLANE('',#79110);
#79130=ORIENTED_EDGE('',*,*,#78950,.F.);
#79140=ORIENTED_EDGE('',*,*,#77530,.F.);
#79150=CARTESIAN_POINT('',(-3.04999999991219,20.1799983602523,
-3.72500001069134));
#79160=DIRECTION('',(5.26534220417774E-12,-1.,6.75732630664967E-11));
#79170=VECTOR('',#79160,1.);
#79180=LINE('',#79150,#79170);
#79190=EDGE_CURVE('',#74690,#77440,#79180,.T.);
#79200=ORIENTED_EDGE('',*,*,#79190,.T.);
#79210=ORIENTED_EDGE('',*,*,#74700,.T.);
#79220=EDGE_LOOP('',(#79210,#79200,#79140,#79130));
#79230=FACE_OUTER_BOUND('',#79220,.T.);
#79240=ADVANCED_FACE('',(#79230),#79120,.T.);
#79250=COLOUR_RGB('',0.,0.443137288093567,0.709803938865662);
#79260=FILL_AREA_STYLE_COLOUR('',#79250);
#79270=FILL_AREA_STYLE('',(#79260));
#79280=SURFACE_STYLE_FILL_AREA(#79270);
#79290=SURFACE_SIDE_STYLE('',(#79280));
#79300=SURFACE_STYLE_USAGE(.BOTH.,#79290);
#79310=PRESENTATION_STYLE_ASSIGNMENT((#79300));
#79320=CARTESIAN_POINT('',(-7.3499999999909,20.1799983602297,
-3.72500001065028));
#79330=DIRECTION('',(9.54718251893779E-12,6.75732630665469E-11,1.));
#79340=DIRECTION('',(-1.,-5.26534220353261E-12,9.54718251929358E-12));
#79350=AXIS2_PLACEMENT_3D('',#79320,#79330,#79340);
#79360=PLANE('',#79350);
#79370=ORIENTED_EDGE('',*,*,#79190,.F.);
#79380=ORIENTED_EDGE('',*,*,#77450,.T.);
#79390=ORIENTED_EDGE('',*,*,#28740,.T.);
#79400=CARTESIAN_POINT('',(-18.9999999998239,19.4999999997683,
-3.72500001049311));
#79410=DIRECTION('',(1.,5.26534220353261E-12,-9.54718251929358E-12));
#79420=VECTOR('',#79410,1.);
#79430=LINE('',#79400,#79420);
#79440=CARTESIAN_POINT('',(-5.70000002919635,19.4999999998384,
-3.72500001062009));
#79450=VERTEX_POINT('',#79440);
#79460=EDGE_CURVE('',#79450,#28650,#79430,.T.);
#79470=ORIENTED_EDGE('',*,*,#79460,.T.);
#79480=CARTESIAN_POINT('',(-5.70000002904707,-8.8500000001954,
-3.72500000870439));
#79490=DIRECTION('',(5.26534220417774E-12,-1.,6.75732630664967E-11));
#79500=VECTOR('',#79490,1.);
#79510=LINE('',#79480,#79500);
#79520=EDGE_CURVE('',#75700,#79450,#79510,.T.);
#79530=ORIENTED_EDGE('',*,*,#79520,.T.);
#79540=ORIENTED_EDGE('',*,*,#75710,.T.);
#79550=CARTESIAN_POINT('',(-7.3499999999909,20.1799983602297,
-3.72500001065028));
#79560=DIRECTION('',(5.26534220417774E-12,-1.,6.75732630664967E-11));
#79570=VECTOR('',#79560,1.);
#79580=LINE('',#79550,#79570);
#79590=EDGE_CURVE('',#74770,#75620,#79580,.T.);
#79600=ORIENTED_EDGE('',*,*,#79590,.T.);
#79610=ORIENTED_EDGE('',*,*,#74780,.T.);
#79620=EDGE_LOOP('',(#79610,#79600,#79540,#79530,#79470,#79390,#79380,
#79370));
#79630=FACE_OUTER_BOUND('',#79620,.T.);
#79640=ADVANCED_FACE('',(#79630),#79360,.T.);
#79650=COLOUR_RGB('',0.,0.443137288093567,0.709803938865662);
#79660=FILL_AREA_STYLE_COLOUR('',#79650);
#79670=FILL_AREA_STYLE('',(#79660));
#79680=SURFACE_STYLE_FILL_AREA(#79670);
#79690=SURFACE_SIDE_STYLE('',(#79680));
#79700=SURFACE_STYLE_USAGE(.BOTH.,#79690);
#79710=PRESENTATION_STYLE_ASSIGNMENT((#79700));
#79720=CARTESIAN_POINT('',(-7.3499999999831,20.1799983602849,
-2.9075099401315));
#79730=DIRECTION('',(1.,5.26534220353261E-12,-9.54718251929358E-12));
#79740=DIRECTION('',(9.54718251893779E-12,6.75732630665469E-11,1.));
#79750=AXIS2_PLACEMENT_3D('',#79720,#79730,#79740);
#79760=PLANE('',#79750);
#79770=ORIENTED_EDGE('',*,*,#79590,.F.);
#79780=ORIENTED_EDGE('',*,*,#75630,.T.);
#79790=CARTESIAN_POINT('',(-7.3499999999831,20.1799983602849,
-2.9075099401315));
#79800=DIRECTION('',(5.26534220417774E-12,-1.,6.75732630664967E-11));
#79810=VECTOR('',#79800,1.);
#79820=LINE('',#79790,#79810);
#79830=EDGE_CURVE('',#74850,#75540,#79820,.T.);
#79840=ORIENTED_EDGE('',*,*,#79830,.T.);
#79850=ORIENTED_EDGE('',*,*,#74860,.T.);
#79860=EDGE_LOOP('',(#79850,#79840,#79780,#79770));
#79870=FACE_OUTER_BOUND('',#79860,.T.);
#79880=ADVANCED_FACE('',(#79870),#79760,.T.);
#79890=COLOUR_RGB('',0.,0.443137288093567,0.709803938865662);
#79900=FILL_AREA_STYLE_COLOUR('',#79890);
#79910=FILL_AREA_STYLE('',(#79900));
#79920=SURFACE_STYLE_FILL_AREA(#79910);
#79930=SURFACE_SIDE_STYLE('',(#79920));
#79940=SURFACE_STYLE_USAGE(.BOTH.,#79930);
#79950=PRESENTATION_STYLE_ASSIGNMENT((#79940));
#79960=CARTESIAN_POINT('',(-6.94999999992462,20.1799983603141,
-2.5075099396282));
#79970=DIRECTION('',(0.707106781579712,-4.4058353334743E-11,
-0.707106780793383));
#79980=DIRECTION('',(0.707106780793383,5.15046717435613E-11,
0.707106781579712));
#79990=AXIS2_PLACEMENT_3D('',#79960,#79970,#79980);
#80000=PLANE('',#79990);
#80010=ORIENTED_EDGE('',*,*,#79830,.F.);
#80020=ORIENTED_EDGE('',*,*,#75550,.F.);
#80030=ORIENTED_EDGE('',*,*,#76230,.T.);
#80040=ORIENTED_EDGE('',*,*,#74920,.T.);
#80050=EDGE_LOOP('',(#80040,#80030,#80020,#80010));
#80060=FACE_OUTER_BOUND('',#80050,.T.);
#80070=ADVANCED_FACE('',(#80060),#80000,.T.);
#80080=COLOUR_RGB('',0.,0.443137288093567,0.709803938865662);
#80090=FILL_AREA_STYLE_COLOUR('',#80080);
#80100=FILL_AREA_STYLE('',(#80090));
#80110=SURFACE_STYLE_FILL_AREA(#80100);
#80120=SURFACE_SIDE_STYLE('',(#80110));
#80130=SURFACE_STYLE_USAGE(.BOTH.,#80120);
#80140=PRESENTATION_STYLE_ASSIGNMENT((#80130));
#80150=CARTESIAN_POINT('',(-5.19999999991567,19.4999999999711,
-1.80000001066066));
#80160=DIRECTION('',(-5.26534220417774E-12,1.,-6.75732630664967E-11));
#80170=DIRECTION('',(1.,5.26534220353261E-12,-9.54718251929358E-12));
#80180=AXIS2_PLACEMENT_3D('',#80150,#80160,#80170);
#80190=PLANE('',#80180);
#80200=CARTESIAN_POINT('',(-5.70000002920995,19.4999999997421,
-5.15000000006505));
#80210=DIRECTION('',(-9.54729260716222E-12,-6.75732630665469E-11,-1.));
#80220=VECTOR('',#80210,1.);
#80230=LINE('',#80200,#80220);
#80240=CARTESIAN_POINT('',(-5.70000002918672,19.4999999999065,
-2.7165151972747));
#80250=VERTEX_POINT('',#80240);
#80260=EDGE_CURVE('',#80250,#79450,#80230,.T.);
#80270=ORIENTED_EDGE('',*,*,#80260,.F.);
#80280=ORIENTED_EDGE('',*,*,#79460,.F.);
#80290=ORIENTED_EDGE('',*,*,#28660,.F.);
#80300=CARTESIAN_POINT('',(-5.30000002920707,19.4999999999706,
-1.80000005827465));
#80310=DIRECTION('',(-5.26534220417774E-12,1.,-6.75732630664967E-11));
#80320=DIRECTION('',(1.,5.26534220353261E-12,-9.54718251929358E-12));
#80330=AXIS2_PLACEMENT_3D('',#80300,#80310,#80320);
#80340=CIRCLE('',#80330,1.);
#80350=CARTESIAN_POINT('',(-4.90000002925236,19.5000000000346,
-0.883484919263718));
#80360=VERTEX_POINT('',#80350);
#80370=EDGE_CURVE('',#80360,#28570,#80340,.T.);
#80380=ORIENTED_EDGE('',*,*,#80370,.T.);
#80390=CARTESIAN_POINT('',(-4.90000002929309,19.4999999997463,
-5.15000000006505));
#80400=DIRECTION('',(-9.54718251893779E-12,-6.75732630665469E-11,-1.));
#80410=VECTOR('',#80400,1.);
#80420=LINE('',#80390,#80410);
#80430=EDGE_CURVE('',#77110,#80360,#80420,.T.);
#80440=ORIENTED_EDGE('',*,*,#80430,.T.);
#80450=ORIENTED_EDGE('',*,*,#77120,.F.);
#80460=CARTESIAN_POINT('',(-5.70000002920995,19.4999999997421,
-5.15000000006505));
#80470=DIRECTION('',(-9.54718251893779E-12,-6.75732630665469E-11,-1.));
#80480=VECTOR('',#80470,1.);
#80490=LINE('',#80460,#80480);
#80500=CARTESIAN_POINT('',(-5.70000002916922,19.5000000000304,
-0.883484919266968));
#80510=VERTEX_POINT('',#80500);
#80520=EDGE_CURVE('',#77030,#80510,#80490,.T.);
#80530=ORIENTED_EDGE('',*,*,#80520,.F.);
#80540=CARTESIAN_POINT('',(-5.30000002920707,19.4999999999706,
-1.80000005827465));
#80550=DIRECTION('',(-5.26534220417774E-12,1.,-6.75732630664967E-11));
#80560=DIRECTION('',(1.,5.26534220353261E-12,-9.54718251929358E-12));
#80570=AXIS2_PLACEMENT_3D('',#80540,#80550,#80560);
#80580=CIRCLE('',#80570,1.);
#80590=EDGE_CURVE('',#80250,#80510,#80580,.T.);
#80600=ORIENTED_EDGE('',*,*,#80590,.T.);
#80610=EDGE_LOOP('',(#80600,#80530,#80450,#80440,#80380,#80290,#80280,
#80270));
#80620=FACE_OUTER_BOUND('',#80610,.T.);
#80630=ADVANCED_FACE('',(#80620),#80190,.T.);
#80640=COLOUR_RGB('',0.980392217636108,0.517647087574005,
0.168627455830574);
#80650=FILL_AREA_STYLE_COLOUR('',#80640);
#80660=FILL_AREA_STYLE('',(#80650));
#80670=SURFACE_STYLE_FILL_AREA(#80660);
#80680=SURFACE_SIDE_STYLE('',(#80670));
#80690=SURFACE_STYLE_USAGE(.BOTH.,#80680);
#80700=PRESENTATION_STYLE_ASSIGNMENT((#80690));
#80710=CARTESIAN_POINT('',(-5.70000002918882,19.8999999999065,
-2.71651519730173));
#80720=DIRECTION('',(1.,5.2653422035326E-12,-9.54729260751801E-12));
#80730=DIRECTION('',(9.54729260716222E-12,6.75732630665469E-11,1.));
#80740=AXIS2_PLACEMENT_3D('',#80710,#80720,#80730);
#80750=PLANE('',#80740);
#80760=ORIENTED_EDGE('',*,*,#79520,.F.);
#80770=ORIENTED_EDGE('',*,*,#80260,.T.);
#80780=CARTESIAN_POINT('',(-5.70000002918882,19.8999999999065,
-2.71651519730173));
#80790=DIRECTION('',(5.26534220417774E-12,-1.,6.75732630664967E-11));
#80800=VECTOR('',#80790,1.);
#80810=LINE('',#80780,#80800);
#80820=EDGE_CURVE('',#75780,#80250,#80810,.T.);
#80830=ORIENTED_EDGE('',*,*,#80820,.T.);
#80840=ORIENTED_EDGE('',*,*,#75790,.F.);
#80850=EDGE_LOOP('',(#80840,#80830,#80770,#80760));
#80860=FACE_OUTER_BOUND('',#80850,.T.);
#80870=ADVANCED_FACE('',(#80860),#80750,.T.);
#80880=COLOUR_RGB('',0.980392217636108,0.517647087574005,
0.168627455830574);
#80890=FILL_AREA_STYLE_COLOUR('',#80880);
#80900=FILL_AREA_STYLE('',(#80890));
#80910=SURFACE_STYLE_FILL_AREA(#80900);
#80920=SURFACE_SIDE_STYLE('',(#80910));
#80930=SURFACE_STYLE_USAGE(.BOTH.,#80920);
#80940=PRESENTATION_STYLE_ASSIGNMENT((#80930));
#80950=CARTESIAN_POINT('',(-5.30000002920917,19.8999999999706,
-1.80000005830168));
#80960=DIRECTION('',(-5.26534220417774E-12,1.,-6.75732630664967E-11));
#80970=DIRECTION('',(1.,5.26534220353261E-12,-9.54718251929358E-12));
#80980=AXIS2_PLACEMENT_3D('',#80950,#80960,#80970);
#80990=CYLINDRICAL_SURFACE('',#80980,1.);
#81000=ORIENTED_EDGE('',*,*,#80820,.F.);
#81010=ORIENTED_EDGE('',*,*,#80590,.F.);
#81020=CARTESIAN_POINT('',(-5.70000002917133,19.9000000000304,
-0.883484919293997));
#81030=DIRECTION('',(5.26534220417774E-12,-1.,6.75732630664967E-11));
#81040=VECTOR('',#81030,1.);
#81050=LINE('',#81020,#81040);
#81060=EDGE_CURVE('',#75870,#80510,#81050,.T.);
#81070=ORIENTED_EDGE('',*,*,#81060,.T.);
#81080=ORIENTED_EDGE('',*,*,#75880,.T.);
#81090=EDGE_LOOP('',(#81080,#81070,#81010,#81000));
#81100=FACE_OUTER_BOUND('',#81090,.T.);
#81110=ADVANCED_FACE('',(#81100),#80990,.F.);
#81120=COLOUR_RGB('',0.980392217636108,0.517647087574005,
0.168627455830574);
#81130=FILL_AREA_STYLE_COLOUR('',#81120);
#81140=FILL_AREA_STYLE('',(#81130));
#81150=SURFACE_STYLE_FILL_AREA(#81140);
#81160=SURFACE_SIDE_STYLE('',(#81150));
#81170=SURFACE_STYLE_USAGE(.BOTH.,#81160);
#81180=PRESENTATION_STYLE_ASSIGNMENT((#81170));
#81190=CARTESIAN_POINT('',(-5.70000002915587,19.9000000001397,
0.73499998928129));
#81200=DIRECTION('',(1.,5.26534220353261E-12,-9.54718251929358E-12));
#81210=DIRECTION('',(9.54718251893779E-12,6.75732630665469E-11,1.));
#81220=AXIS2_PLACEMENT_3D('',#81190,#81200,#81210);
#81230=PLANE('',#81220);
#81240=ORIENTED_EDGE('',*,*,#81060,.F.);
#81250=ORIENTED_EDGE('',*,*,#80520,.T.);
#81260=ORIENTED_EDGE('',*,*,#77040,.F.);
#81270=ORIENTED_EDGE('',*,*,#75960,.F.);
#81280=EDGE_LOOP('',(#81270,#81260,#81250,#81240));
#81290=FACE_OUTER_BOUND('',#81280,.T.);
#81300=ADVANCED_FACE('',(#81290),#81230,.T.);
#81310=COLOUR_RGB('',0.980392217636108,0.517647087574005,
0.168627455830574);
#81320=FILL_AREA_STYLE_COLOUR('',#81310);
#81330=FILL_AREA_STYLE('',(#81320));
#81340=SURFACE_STYLE_FILL_AREA(#81330);
#81350=SURFACE_SIDE_STYLE('',(#81340));
#81360=SURFACE_STYLE_USAGE(.BOTH.,#81350);
#81370=PRESENTATION_STYLE_ASSIGNMENT((#81360));
#81380=CARTESIAN_POINT('',(-4.90000002925446,19.9000000000346,
-0.883484919290748));
#81390=DIRECTION('',(-1.,-5.26534220353261E-12,9.54718251929358E-12));
#81400=DIRECTION('',(-9.54718251893779E-12,-6.75732630665469E-11,-1.));
#81410=AXIS2_PLACEMENT_3D('',#81380,#81390,#81400);
#81420=PLANE('',#81410);
#81430=ORIENTED_EDGE('',*,*,#77200,.F.);
#81440=ORIENTED_EDGE('',*,*,#80430,.F.);
#81450=CARTESIAN_POINT('',(-4.90000002925446,19.9000000000346,
-0.883484919290748));
#81460=DIRECTION('',(5.26534220417774E-12,-1.,6.75732630664967E-11));
#81470=VECTOR('',#81460,1.);
#81480=LINE('',#81450,#81470);
#81490=EDGE_CURVE('',#77910,#80360,#81480,.T.);
#81500=ORIENTED_EDGE('',*,*,#81490,.T.);
#81510=ORIENTED_EDGE('',*,*,#77920,.F.);
#81520=EDGE_LOOP('',(#81510,#81500,#81440,#81430));
#81530=FACE_OUTER_BOUND('',#81520,.T.);
#81540=ADVANCED_FACE('',(#81530),#81420,.T.);
#81550=COLOUR_RGB('',0.980392217636108,0.517647087574005,
0.168627455830574);
#81560=FILL_AREA_STYLE_COLOUR('',#81550);
#81570=FILL_AREA_STYLE('',(#81560));
#81580=SURFACE_STYLE_FILL_AREA(#81570);
#81590=SURFACE_SIDE_STYLE('',(#81580));
#81600=SURFACE_STYLE_USAGE(.BOTH.,#81590);
#81610=PRESENTATION_STYLE_ASSIGNMENT((#81600));
#81620=CARTESIAN_POINT('',(-5.30000002920917,19.8999999999706,
-1.80000005830168));
#81630=DIRECTION('',(-5.26534220417774E-12,1.,-6.75732630664967E-11));
#81640=DIRECTION('',(1.,5.26534220353261E-12,-9.54718251929358E-12));
#81650=AXIS2_PLACEMENT_3D('',#81620,#81630,#81640);
#81660=CYLINDRICAL_SURFACE('',#81650,1.);
#81670=ORIENTED_EDGE('',*,*,#81490,.F.);
#81680=ORIENTED_EDGE('',*,*,#80370,.F.);
#81690=ORIENTED_EDGE('',*,*,#28580,.T.);
#81700=ORIENTED_EDGE('',*,*,#77990,.T.);
#81710=EDGE_LOOP('',(#81700,#81690,#81680,#81670));
#81720=FACE_OUTER_BOUND('',#81710,.T.);
#81730=ADVANCED_FACE('',(#81720),#81660,.F.);
#81740=COLOUR_RGB('',0.980392217636108,0.517647087574005,
0.168627455830574);
#81750=FILL_AREA_STYLE_COLOUR('',#81740);
#81760=FILL_AREA_STYLE('',(#81750));
#81770=SURFACE_STYLE_FILL_AREA(#81760);
#81780=SURFACE_SIDE_STYLE('',(#81770));
#81790=SURFACE_STYLE_USAGE(.BOTH.,#81780);
#81800=PRESENTATION_STYLE_ASSIGNMENT((#81790));
#81810=CARTESIAN_POINT('',(-30.1000000002408,19.9999999995147,
-1.94999999915682));
#81820=DIRECTION('',(-1.23069611928547E-13,1.,0.));
#81830=DIRECTION('',(1.,1.23069611928547E-13,0.));
#81840=AXIS2_PLACEMENT_3D('',#81810,#81820,#81830);
#81850=CYLINDRICAL_SURFACE('',#81840,1.05000000000012);
#81860=ORIENTED_EDGE('',*,*,#46890,.T.);
#81870=ORIENTED_EDGE('',*,*,#49930,.T.);
#81880=ORIENTED_EDGE('',*,*,#51570,.T.);
#81890=ORIENTED_EDGE('',*,*,#50290,.F.);
#81900=ORIENTED_EDGE('',*,*,#50030,.F.);
#81910=EDGE_LOOP('',(#81900,#81890,#81880,#81870,#81860));
#81920=FACE_OUTER_BOUND('',#81910,.T.);
#81930=ADVANCED_FACE('',(#81920),#81850,.F.);
#81940=COLOUR_RGB('',0.,0.443137288093567,0.709803938865662);
#81950=FILL_AREA_STYLE_COLOUR('',#81940);
#81960=FILL_AREA_STYLE('',(#81950));
#81970=SURFACE_STYLE_FILL_AREA(#81960);
#81980=SURFACE_SIDE_STYLE('',(#81970));
#81990=SURFACE_STYLE_USAGE(.BOTH.,#81980);
#82000=PRESENTATION_STYLE_ASSIGNMENT((#81990));
#82010=CLOSED_SHELL('',(#5950,#15920,#16210,#16500,#16740,#17140,#17460,
#20970,#21780,#22160,#22960,#23150,#23600,#24880,#25130,#25420,#25660,
#25850,#26090,#26290,#26530,#26730,#26980,#27170,#28040,#28230,#28370,
#28840,#29130,#29370,#29660,#29850,#30090,#30380,#30620,#30860,#31260,
#31820,#32060,#32350,#32590,#32780,#33040,#33280,#33520,#33810,#34050,
#34340,#34580,#34820,#35060,#35350,#35640,#35930,#36170,#36410,#36600,
#36840,#37030,#37220,#37510,#37750,#37990,#38230,#38470,#38710,#38900,
#39090,#39280,#39470,#39710,#39950,#40140,#41850,#42230,#43730,#45480,
#45770,#46010,#46200,#46630,#48520,#50140,#50400,#51620,#52580,#52870,
#53110,#53350,#53590,#53830,#54350,#54660,#54980,#55290,#55760,#56120,
#56780,#57140,#57380,#57570,#57810,#58050,#58290,#58530,#58720,#58960,
#59340,#59630,#59870,#60390,#61140,#61560,#61870,#62180,#62420,#62610,
#62920,#63230,#63470,#63660,#63990,#64300,#64590,#64830,#65280,#65660,
#65900,#66140,#66430,#66620,#66810,#67100,#67340,#67530,#67770,#68060,
#68250,#68510,#68700,#69020,#70220,#70460,#70600,#70900,#71090,#71290,
#71580,#72460,#72720,#72910,#73100,#73280,#73470,#73660,#73850,#75100,
#76060,#76350,#76590,#76830,#77350,#78040,#78280,#78520,#78760,#79000,
#79240,#79640,#79880,#80070,#80630,#80870,#81110,#81300,#81540,#81730,
#81930));
#82020=MANIFOLD_SOLID_BREP('',#82010);
#82030=CARTESIAN_POINT('',(0.,0.,0.));
#82040=DIRECTION('',(0.,0.,1.));
#82050=DIRECTION('',(1.,0.,0.));
#82060=AXIS2_PLACEMENT_3D('',#82030,#82040,#82050);
#82070=APPLICATION_CONTEXT(' ');
#82080=APPLICATION_PROTOCOL_DEFINITION(' ','automotive_design',1998,
#82070);
#82090=PRODUCT_CONTEXT('',#82070,'mechanical');
#82100=PRODUCT_DEFINITION_CONTEXT('part definition',#82070,'design');
#82110=PRODUCT('PT_4_BU-select','PT_4_BU-select','',(#82090));
#82120=PRODUCT_RELATED_PRODUCT_CATEGORY('part',' ',(#82110));
#82130=PRODUCT_DEFINITION_FORMATION_WITH_SPECIFIED_SOURCE('','',#82110,
.BOUGHT.);
#82140=PRODUCT_DEFINITION('',' ',#82130,#82100);
#82150=PRODUCT_DEFINITION_SHAPE('','',#82140);
#82160=DIMENSIONAL_EXPONENTS(1.,0.,0.,0.,0.,0.,0.);
#82170=DIMENSIONAL_EXPONENTS(0.,0.,0.,0.,0.,0.,0.);
#82180=DIMENSIONAL_EXPONENTS(0.,0.,0.,0.,0.,0.,0.);
#82190=(LENGTH_UNIT() NAMED_UNIT(*) SI_UNIT(.MILLI.,.METRE.));
#82200=(NAMED_UNIT(*) PLANE_ANGLE_UNIT() SI_UNIT($,.RADIAN.));
#82210=(NAMED_UNIT(*) SI_UNIT($,.STERADIAN.) SOLID_ANGLE_UNIT());
#82220=(GEOMETRIC_REPRESENTATION_CONTEXT(3) 
GLOBAL_UNCERTAINTY_ASSIGNED_CONTEXT((#82230)) 
GLOBAL_UNIT_ASSIGNED_CONTEXT((#82190,#82200,#82210)) 
REPRESENTATION_CONTEXT('',''));
#82230=UNCERTAINTY_MEASURE_WITH_UNIT(LENGTH_MEASURE(1.E-6),#82190,
'distance_accuracy_value','maximum gap value');
#82240=ADVANCED_BREP_SHAPE_REPRESENTATION('',(#82060,#82020),#82220);
#82250=SHAPE_DEFINITION_REPRESENTATION(#82150,#82240);
#82260=COLOUR_RGB('',0.,0.443137288093567,0.709803938865662);
#82270=FILL_AREA_STYLE_COLOUR('',#82260);
#82280=FILL_AREA_STYLE('',(#82270));
#82290=SURFACE_STYLE_FILL_AREA(#82280);
#82300=SURFACE_SIDE_STYLE('',(#82290));
#82310=SURFACE_STYLE_USAGE(.BOTH.,#82300);
#82320=PRESENTATION_STYLE_ASSIGNMENT((#82310));
#82330=STYLED_ITEM('',(#82320),#82020);
#82340=OVER_RIDING_STYLED_ITEM('',(#6020),#5950,#82330);
#82350=OVER_RIDING_STYLED_ITEM('',(#15990),#15920,#82330);
#82360=OVER_RIDING_STYLED_ITEM('',(#16280),#16210,#82330);
#82370=OVER_RIDING_STYLED_ITEM('',(#16570),#16500,#82330);
#82380=OVER_RIDING_STYLED_ITEM('',(#16810),#16740,#82330);
#82390=OVER_RIDING_STYLED_ITEM('',(#17210),#17140,#82330);
#82400=OVER_RIDING_STYLED_ITEM('',(#17530),#17460,#82330);
#82410=OVER_RIDING_STYLED_ITEM('',(#21040),#20970,#82330);
#82420=OVER_RIDING_STYLED_ITEM('',(#21850),#21780,#82330);
#82430=OVER_RIDING_STYLED_ITEM('',(#22230),#22160,#82330);
#82440=OVER_RIDING_STYLED_ITEM('',(#23030),#22960,#82330);
#82450=OVER_RIDING_STYLED_ITEM('',(#23220),#23150,#82330);
#82460=OVER_RIDING_STYLED_ITEM('',(#23670),#23600,#82330);
#82470=OVER_RIDING_STYLED_ITEM('',(#24950),#24880,#82330);
#82480=OVER_RIDING_STYLED_ITEM('',(#25200),#25130,#82330);
#82490=OVER_RIDING_STYLED_ITEM('',(#25490),#25420,#82330);
#82500=OVER_RIDING_STYLED_ITEM('',(#25730),#25660,#82330);
#82510=OVER_RIDING_STYLED_ITEM('',(#25920),#25850,#82330);
#82520=OVER_RIDING_STYLED_ITEM('',(#26160),#26090,#82330);
#82530=OVER_RIDING_STYLED_ITEM('',(#26360),#26290,#82330);
#82540=OVER_RIDING_STYLED_ITEM('',(#26600),#26530,#82330);
#82550=OVER_RIDING_STYLED_ITEM('',(#26800),#26730,#82330);
#82560=OVER_RIDING_STYLED_ITEM('',(#27050),#26980,#82330);
#82570=OVER_RIDING_STYLED_ITEM('',(#27240),#27170,#82330);
#82580=OVER_RIDING_STYLED_ITEM('',(#28110),#28040,#82330);
#82590=OVER_RIDING_STYLED_ITEM('',(#28300),#28230,#82330);
#82600=OVER_RIDING_STYLED_ITEM('',(#28440),#28370,#82330);
#82610=OVER_RIDING_STYLED_ITEM('',(#28910),#28840,#82330);
#82620=OVER_RIDING_STYLED_ITEM('',(#29200),#29130,#82330);
#82630=OVER_RIDING_STYLED_ITEM('',(#29440),#29370,#82330);
#82640=OVER_RIDING_STYLED_ITEM('',(#29730),#29660,#82330);
#82650=OVER_RIDING_STYLED_ITEM('',(#29920),#29850,#82330);
#82660=OVER_RIDING_STYLED_ITEM('',(#30160),#30090,#82330);
#82670=OVER_RIDING_STYLED_ITEM('',(#30450),#30380,#82330);
#82680=OVER_RIDING_STYLED_ITEM('',(#30690),#30620,#82330);
#82690=OVER_RIDING_STYLED_ITEM('',(#30930),#30860,#82330);
#82700=OVER_RIDING_STYLED_ITEM('',(#31330),#31260,#82330);
#82710=OVER_RIDING_STYLED_ITEM('',(#31890),#31820,#82330);
#82720=OVER_RIDING_STYLED_ITEM('',(#32130),#32060,#82330);
#82730=OVER_RIDING_STYLED_ITEM('',(#32420),#32350,#82330);
#82740=OVER_RIDING_STYLED_ITEM('',(#32660),#32590,#82330);
#82750=OVER_RIDING_STYLED_ITEM('',(#32850),#32780,#82330);
#82760=OVER_RIDING_STYLED_ITEM('',(#33110),#33040,#82330);
#82770=OVER_RIDING_STYLED_ITEM('',(#33350),#33280,#82330);
#82780=OVER_RIDING_STYLED_ITEM('',(#33590),#33520,#82330);
#82790=OVER_RIDING_STYLED_ITEM('',(#33880),#33810,#82330);
#82800=OVER_RIDING_STYLED_ITEM('',(#34120),#34050,#82330);
#82810=OVER_RIDING_STYLED_ITEM('',(#34410),#34340,#82330);
#82820=OVER_RIDING_STYLED_ITEM('',(#34650),#34580,#82330);
#82830=OVER_RIDING_STYLED_ITEM('',(#34890),#34820,#82330);
#82840=OVER_RIDING_STYLED_ITEM('',(#35130),#35060,#82330);
#82850=OVER_RIDING_STYLED_ITEM('',(#35420),#35350,#82330);
#82860=OVER_RIDING_STYLED_ITEM('',(#35710),#35640,#82330);
#82870=OVER_RIDING_STYLED_ITEM('',(#36000),#35930,#82330);
#82880=OVER_RIDING_STYLED_ITEM('',(#36240),#36170,#82330);
#82890=OVER_RIDING_STYLED_ITEM('',(#36480),#36410,#82330);
#82900=OVER_RIDING_STYLED_ITEM('',(#36670),#36600,#82330);
#82910=OVER_RIDING_STYLED_ITEM('',(#36910),#36840,#82330);
#82920=OVER_RIDING_STYLED_ITEM('',(#37100),#37030,#82330);
#82930=OVER_RIDING_STYLED_ITEM('',(#37290),#37220,#82330);
#82940=OVER_RIDING_STYLED_ITEM('',(#37580),#37510,#82330);
#82950=OVER_RIDING_STYLED_ITEM('',(#37820),#37750,#82330);
#82960=OVER_RIDING_STYLED_ITEM('',(#38060),#37990,#82330);
#82970=OVER_RIDING_STYLED_ITEM('',(#38300),#38230,#82330);
#82980=OVER_RIDING_STYLED_ITEM('',(#38540),#38470,#82330);
#82990=OVER_RIDING_STYLED_ITEM('',(#38780),#38710,#82330);
#83000=OVER_RIDING_STYLED_ITEM('',(#38970),#38900,#82330);
#83010=OVER_RIDING_STYLED_ITEM('',(#39160),#39090,#82330);
#83020=OVER_RIDING_STYLED_ITEM('',(#39350),#39280,#82330);
#83030=OVER_RIDING_STYLED_ITEM('',(#39540),#39470,#82330);
#83040=OVER_RIDING_STYLED_ITEM('',(#39780),#39710,#82330);
#83050=OVER_RIDING_STYLED_ITEM('',(#40020),#39950,#82330);
#83060=OVER_RIDING_STYLED_ITEM('',(#40210),#40140,#82330);
#83070=OVER_RIDING_STYLED_ITEM('',(#41920),#41850,#82330);
#83080=OVER_RIDING_STYLED_ITEM('',(#42300),#42230,#82330);
#83090=OVER_RIDING_STYLED_ITEM('',(#43800),#43730,#82330);
#83100=OVER_RIDING_STYLED_ITEM('',(#45550),#45480,#82330);
#83110=OVER_RIDING_STYLED_ITEM('',(#45840),#45770,#82330);
#83120=OVER_RIDING_STYLED_ITEM('',(#46080),#46010,#82330);
#83130=OVER_RIDING_STYLED_ITEM('',(#46270),#46200,#82330);
#83140=OVER_RIDING_STYLED_ITEM('',(#46700),#46630,#82330);
#83150=OVER_RIDING_STYLED_ITEM('',(#48590),#48520,#82330);
#83160=OVER_RIDING_STYLED_ITEM('',(#50210),#50140,#82330);
#83170=OVER_RIDING_STYLED_ITEM('',(#50470),#50400,#82330);
#83180=OVER_RIDING_STYLED_ITEM('',(#51690),#51620,#82330);
#83190=OVER_RIDING_STYLED_ITEM('',(#52650),#52580,#82330);
#83200=OVER_RIDING_STYLED_ITEM('',(#52940),#52870,#82330);
#83210=OVER_RIDING_STYLED_ITEM('',(#53180),#53110,#82330);
#83220=OVER_RIDING_STYLED_ITEM('',(#53420),#53350,#82330);
#83230=OVER_RIDING_STYLED_ITEM('',(#53660),#53590,#82330);
#83240=OVER_RIDING_STYLED_ITEM('',(#53900),#53830,#82330);
#83250=OVER_RIDING_STYLED_ITEM('',(#54420),#54350,#82330);
#83260=OVER_RIDING_STYLED_ITEM('',(#54730),#54660,#82330);
#83270=OVER_RIDING_STYLED_ITEM('',(#55050),#54980,#82330);
#83280=OVER_RIDING_STYLED_ITEM('',(#55360),#55290,#82330);
#83290=OVER_RIDING_STYLED_ITEM('',(#55830),#55760,#82330);
#83300=OVER_RIDING_STYLED_ITEM('',(#56190),#56120,#82330);
#83310=OVER_RIDING_STYLED_ITEM('',(#56850),#56780,#82330);
#83320=OVER_RIDING_STYLED_ITEM('',(#57210),#57140,#82330);
#83330=OVER_RIDING_STYLED_ITEM('',(#57450),#57380,#82330);
#83340=OVER_RIDING_STYLED_ITEM('',(#57640),#57570,#82330);
#83350=OVER_RIDING_STYLED_ITEM('',(#57880),#57810,#82330);
#83360=OVER_RIDING_STYLED_ITEM('',(#58120),#58050,#82330);
#83370=OVER_RIDING_STYLED_ITEM('',(#58360),#58290,#82330);
#83380=OVER_RIDING_STYLED_ITEM('',(#58600),#58530,#82330);
#83390=OVER_RIDING_STYLED_ITEM('',(#58790),#58720,#82330);
#83400=OVER_RIDING_STYLED_ITEM('',(#59030),#58960,#82330);
#83410=OVER_RIDING_STYLED_ITEM('',(#59410),#59340,#82330);
#83420=OVER_RIDING_STYLED_ITEM('',(#59700),#59630,#82330);
#83430=OVER_RIDING_STYLED_ITEM('',(#59940),#59870,#82330);
#83440=OVER_RIDING_STYLED_ITEM('',(#60460),#60390,#82330);
#83450=OVER_RIDING_STYLED_ITEM('',(#61210),#61140,#82330);
#83460=OVER_RIDING_STYLED_ITEM('',(#61630),#61560,#82330);
#83470=OVER_RIDING_STYLED_ITEM('',(#61940),#61870,#82330);
#83480=OVER_RIDING_STYLED_ITEM('',(#62250),#62180,#82330);
#83490=OVER_RIDING_STYLED_ITEM('',(#62490),#62420,#82330);
#83500=OVER_RIDING_STYLED_ITEM('',(#62680),#62610,#82330);
#83510=OVER_RIDING_STYLED_ITEM('',(#62990),#62920,#82330);
#83520=OVER_RIDING_STYLED_ITEM('',(#63300),#63230,#82330);
#83530=OVER_RIDING_STYLED_ITEM('',(#63540),#63470,#82330);
#83540=OVER_RIDING_STYLED_ITEM('',(#63730),#63660,#82330);
#83550=OVER_RIDING_STYLED_ITEM('',(#64060),#63990,#82330);
#83560=OVER_RIDING_STYLED_ITEM('',(#64370),#64300,#82330);
#83570=OVER_RIDING_STYLED_ITEM('',(#64660),#64590,#82330);
#83580=OVER_RIDING_STYLED_ITEM('',(#64900),#64830,#82330);
#83590=OVER_RIDING_STYLED_ITEM('',(#65350),#65280,#82330);
#83600=OVER_RIDING_STYLED_ITEM('',(#65730),#65660,#82330);
#83610=OVER_RIDING_STYLED_ITEM('',(#65970),#65900,#82330);
#83620=OVER_RIDING_STYLED_ITEM('',(#66210),#66140,#82330);
#83630=OVER_RIDING_STYLED_ITEM('',(#66500),#66430,#82330);
#83640=OVER_RIDING_STYLED_ITEM('',(#66690),#66620,#82330);
#83650=OVER_RIDING_STYLED_ITEM('',(#66880),#66810,#82330);
#83660=OVER_RIDING_STYLED_ITEM('',(#67170),#67100,#82330);
#83670=OVER_RIDING_STYLED_ITEM('',(#67410),#67340,#82330);
#83680=OVER_RIDING_STYLED_ITEM('',(#67600),#67530,#82330);
#83690=OVER_RIDING_STYLED_ITEM('',(#67840),#67770,#82330);
#83700=OVER_RIDING_STYLED_ITEM('',(#68130),#68060,#82330);
#83710=OVER_RIDING_STYLED_ITEM('',(#68320),#68250,#82330);
#83720=OVER_RIDING_STYLED_ITEM('',(#68580),#68510,#82330);
#83730=OVER_RIDING_STYLED_ITEM('',(#68770),#68700,#82330);
#83740=OVER_RIDING_STYLED_ITEM('',(#69090),#69020,#82330);
#83750=OVER_RIDING_STYLED_ITEM('',(#70290),#70220,#82330);
#83760=OVER_RIDING_STYLED_ITEM('',(#70530),#70460,#82330);
#83770=OVER_RIDING_STYLED_ITEM('',(#70670),#70600,#82330);
#83780=OVER_RIDING_STYLED_ITEM('',(#70970),#70900,#82330);
#83790=OVER_RIDING_STYLED_ITEM('',(#71160),#71090,#82330);
#83800=OVER_RIDING_STYLED_ITEM('',(#71360),#71290,#82330);
#83810=OVER_RIDING_STYLED_ITEM('',(#71650),#71580,#82330);
#83820=OVER_RIDING_STYLED_ITEM('',(#72530),#72460,#82330);
#83830=OVER_RIDING_STYLED_ITEM('',(#72790),#72720,#82330);
#83840=OVER_RIDING_STYLED_ITEM('',(#72980),#72910,#82330);
#83850=OVER_RIDING_STYLED_ITEM('',(#73170),#73100,#82330);
#83860=OVER_RIDING_STYLED_ITEM('',(#73350),#73280,#82330);
#83870=OVER_RIDING_STYLED_ITEM('',(#73540),#73470,#82330);
#83880=OVER_RIDING_STYLED_ITEM('',(#73730),#73660,#82330);
#83890=OVER_RIDING_STYLED_ITEM('',(#73920),#73850,#82330);
#83900=OVER_RIDING_STYLED_ITEM('',(#75170),#75100,#82330);
#83910=OVER_RIDING_STYLED_ITEM('',(#76130),#76060,#82330);
#83920=OVER_RIDING_STYLED_ITEM('',(#76420),#76350,#82330);
#83930=OVER_RIDING_STYLED_ITEM('',(#76660),#76590,#82330);
#83940=OVER_RIDING_STYLED_ITEM('',(#76900),#76830,#82330);
#83950=OVER_RIDING_STYLED_ITEM('',(#77420),#77350,#82330);
#83960=OVER_RIDING_STYLED_ITEM('',(#78110),#78040,#82330);
#83970=OVER_RIDING_STYLED_ITEM('',(#78350),#78280,#82330);
#83980=OVER_RIDING_STYLED_ITEM('',(#78590),#78520,#82330);
#83990=OVER_RIDING_STYLED_ITEM('',(#78830),#78760,#82330);
#84000=OVER_RIDING_STYLED_ITEM('',(#79070),#79000,#82330);
#84010=OVER_RIDING_STYLED_ITEM('',(#79310),#79240,#82330);
#84020=OVER_RIDING_STYLED_ITEM('',(#79710),#79640,#82330);
#84030=OVER_RIDING_STYLED_ITEM('',(#79950),#79880,#82330);
#84040=OVER_RIDING_STYLED_ITEM('',(#80140),#80070,#82330);
#84050=OVER_RIDING_STYLED_ITEM('',(#80700),#80630,#82330);
#84060=OVER_RIDING_STYLED_ITEM('',(#80940),#80870,#82330);
#84070=OVER_RIDING_STYLED_ITEM('',(#81180),#81110,#82330);
#84080=OVER_RIDING_STYLED_ITEM('',(#81370),#81300,#82330);
#84090=OVER_RIDING_STYLED_ITEM('',(#81610),#81540,#82330);
#84100=OVER_RIDING_STYLED_ITEM('',(#81800),#81730,#82330);
#84110=OVER_RIDING_STYLED_ITEM('',(#82000),#81930,#82330);
#84120=DRAUGHTING_MODEL('',(#82330,#82340,#82350,#82360,#82370,#82380,
#82390,#82400,#82410,#82420,#82430,#82440,#82450,#82460,#82470,#82480,
#82490,#82500,#82510,#82520,#82530,#82540,#82550,#82560,#82570,#82580,
#82590,#82600,#82610,#82620,#82630,#82640,#82650,#82660,#82670,#82680,
#82690,#82700,#82710,#82720,#82730,#82740,#82750,#82760,#82770,#82780,
#82790,#82800,#82810,#82820,#82830,#82840,#82850,#82860,#82870,#82880,
#82890,#82900,#82910,#82920,#82930,#82940,#82950,#82960,#82970,#82980,
#82990,#83000,#83010,#83020,#83030,#83040,#83050,#83060,#83070,#83080,
#83090,#83100,#83110,#83120,#83130,#83140,#83150,#83160,#83170,#83180,
#83190,#83200,#83210,#83220,#83230,#83240,#83250,#83260,#83270,#83280,
#83290,#83300,#83310,#83320,#83330,#83340,#83350,#83360,#83370,#83380,
#83390,#83400,#83410,#83420,#83430,#83440,#83450,#83460,#83470,#83480,
#83490,#83500,#83510,#83520,#83530,#83540,#83550,#83560,#83570,#83580,
#83590,#83600,#83610,#83620,#83630,#83640,#83650,#83660,#83670,#83680,
#83690,#83700,#83710,#83720,#83730,#83740,#83750,#83760,#83770,#83780,
#83790,#83800,#83810,#83820,#83830,#83840,#83850,#83860,#83870,#83880,
#83890,#83900,#83910,#83920,#83930,#83940,#83950,#83960,#83970,#83980,
#83990,#84000,#84010,#84020,#84030,#84040,#84050,#84060,#84070,#84080,
#84090,#84100,#84110),#82220);
#84130=CARTESIAN_POINT('',(5.1500000000624,47.2,15.2499999999982));
#84140=DIRECTION('',(1.,-1.11022302462516E-16,5.55111512312578E-17));
#84150=DIRECTION('',(1.11022302462516E-16,1.,0.));
#84160=AXIS2_PLACEMENT_3D('',#84130,#84140,#84150);
#84170=ITEM_DEFINED_TRANSFORMATION('PT_4_BU-select','',#82060,#84160);
#84180=APPLICATION_CONTEXT(' ');
#84190=APPLICATION_PROTOCOL_DEFINITION(' ','automotive_design',1998,
#84180);
#84200=PRODUCT_CONTEXT('',#84180,'mechanical');
#84210=PRODUCT_DEFINITION_CONTEXT('part definition',#84180,'design');
#84220=PRODUCT('PT_4_BU-select','PT_4_BU-select','',(#84200));
#84230=PRODUCT_RELATED_PRODUCT_CATEGORY('part',' ',(#84220));
#84240=PRODUCT_DEFINITION_FORMATION_WITH_SPECIFIED_SOURCE('','',#84220,
.BOUGHT.);
#84250=PRODUCT_DEFINITION('',' ',#84240,#84210);
#84260=PRODUCT_DEFINITION_SHAPE('','',#84250);
#84270=DIMENSIONAL_EXPONENTS(1.,0.,0.,0.,0.,0.,0.);
#84280=DIMENSIONAL_EXPONENTS(0.,0.,0.,0.,0.,0.,0.);
#84290=DIMENSIONAL_EXPONENTS(0.,0.,0.,0.,0.,0.,0.);
#84300=(LENGTH_UNIT() NAMED_UNIT(*) SI_UNIT(.MILLI.,.METRE.));
#84310=(NAMED_UNIT(*) PLANE_ANGLE_UNIT() SI_UNIT($,.RADIAN.));
#84320=(NAMED_UNIT(*) SI_UNIT($,.STERADIAN.) SOLID_ANGLE_UNIT());
#84330=(GEOMETRIC_REPRESENTATION_CONTEXT(3) 
GLOBAL_UNCERTAINTY_ASSIGNED_CONTEXT((#84340)) 
GLOBAL_UNIT_ASSIGNED_CONTEXT((#84300,#84310,#84320)) 
REPRESENTATION_CONTEXT('',''));
#84340=UNCERTAINTY_MEASURE_WITH_UNIT(LENGTH_MEASURE(1.E-6),#84300,
'distance_accuracy_value','maximum gap value');
#84350=SHAPE_REPRESENTATION('',(#82060,#84160),#84330);
#84360=SHAPE_DEFINITION_REPRESENTATION(#84260,#84350);
#84370=(REPRESENTATION_RELATIONSHIP('','',#82240,#84350) 
REPRESENTATION_RELATIONSHIP_WITH_TRANSFORMATION(#84170) 
SHAPE_REPRESENTATION_RELATIONSHIP());
#84380=NEXT_ASSEMBLY_USAGE_OCCURRENCE('1','','PT_4_BU-select',#84250,
#82140,'');
#84390=PRODUCT_DEFINITION_SHAPE('','',#84380);
#84400=CONTEXT_DEPENDENT_SHAPE_REPRESENTATION(#84370,#84390);
ENDSEC;
END-ISO-10303-21;
