ISO-10303-21;
HEADER;
FILE_DESCRIPTION(('Creo Elements/Direct Modeling STEP Export'),'2;1');
FILE_NAME(
'C:/temp/JobSpoolerServerData/JobServer Files/b287e3f1-f645-44ad-8250-5a
6c73746463/work/output/model.stp','2020-08-20T14:42:19',(''),(''),
'Creo Elements/Direct Modeling STEP processor for AP214 (Solid Model)',
'Creo Elements/Direct Modeling 20.1A  29-Sep-2018 (C) Parametric Technol
ogy GmbH','');
FILE_SCHEMA(('AUTOMOTIVE_DESIGN { 1 0 10303 214 1 1 1 1 }'));
ENDSEC;
DATA;
#10=CARTESIAN_POINT('',(15.4000000000002,-2.30639443543623E-7,
-1.66682845303967E-9));
#20=DIRECTION('',(0.,0.,1.));
#30=DIRECTION('',(1.,0.,0.));
#40=AXIS2_PLACEMENT_3D('',#10,#20,#30);
#50=PLANE('',#40);
#60=CARTESIAN_POINT('',(7.70000000000147,0.599999769361471,
-1.66682312396915E-9));
#70=DIRECTION('',(0.,1.,0.));
#80=VECTOR('',#70,1.);
#90=LINE('',#60,#80);
#100=CARTESIAN_POINT('',(7.70000000000147,-2.30640207377064E-7,
-1.66682845303967E-9));
#110=VERTEX_POINT('',#100);
#120=CARTESIAN_POINT('',(7.70000000000147,0.199999769360094,
-1.66682845303967E-9));
#130=VERTEX_POINT('',#120);
#140=EDGE_CURVE('',#110,#130,#90,.T.);
#150=ORIENTED_EDGE('',*,*,#140,.T.);
#160=CARTESIAN_POINT('',(-5.12638860322073,-2.30640207377064E-7,
-1.66682312396915E-9));
#170=DIRECTION('',(-1.,-2.71926214689131E-32,0.));
#180=VECTOR('',#170,1.);
#190=LINE('',#160,#180);
#200=CARTESIAN_POINT('',(-17.7527772064429,-2.30639447096337E-7,
-1.66682845303967E-9));
#210=VERTEX_POINT('',#200);
#220=EDGE_CURVE('',#110,#210,#190,.T.);
#230=ORIENTED_EDGE('',*,*,#220,.F.);
#240=CARTESIAN_POINT('',(-17.7527772064428,0.499999769360553,
-1.66682312396915E-9));
#250=DIRECTION('',(0.,0.,1.));
#260=DIRECTION('',(1.,0.,0.));
#270=AXIS2_PLACEMENT_3D('',#240,#250,#260);
#280=CIRCLE('',#270,0.5);
#290=CARTESIAN_POINT('',(-18.2493049422122,0.55882329876565,
-1.66682845303967E-9));
#300=VERTEX_POINT('',#290);
#310=EDGE_CURVE('',#300,#210,#280,.T.);
#320=ORIENTED_EDGE('',*,*,#310,.T.);
#330=CARTESIAN_POINT('',(-10.9999999999891,-0.300000230639444,
-1.66682312396915E-9));
#340=DIRECTION('',(0.,0.,1.));
#350=DIRECTION('',(1.,0.,0.));
#360=AXIS2_PLACEMENT_3D('',#330,#340,#350);
#370=CIRCLE('',#360,7.3);
#380=CARTESIAN_POINT('',(-17.4514160321399,3.11602541038087,
-1.66682845303967E-9));
#390=VERTEX_POINT('',#380);
#400=EDGE_CURVE('',#390,#300,#370,.T.);
#410=ORIENTED_EDGE('',*,*,#400,.T.);
#420=CARTESIAN_POINT('',(-17.8932938425582,3.34999976936055,
-1.66682312396915E-9));
#430=DIRECTION('',(0.,0.,1.));
#440=DIRECTION('',(1.,0.,0.));
#450=AXIS2_PLACEMENT_3D('',#420,#430,#440);
#460=CIRCLE('',#450,0.5);
#470=CARTESIAN_POINT('',(-18.3351716529821,3.58397412832958,
-1.66682845303967E-9));
#480=VERTEX_POINT('',#470);
#490=EDGE_CURVE('',#390,#480,#460,.T.);
#500=ORIENTED_EDGE('',*,*,#490,.F.);
#510=CARTESIAN_POINT('',(-10.9999999999891,-0.300000230639444,
-1.66682312396915E-9));
#520=DIRECTION('',(0.,0.,1.));
#530=DIRECTION('',(1.,0.,0.));
#540=AXIS2_PLACEMENT_3D('',#510,#520,#530);
#550=CIRCLE('',#540,8.3);
#560=CARTESIAN_POINT('',(-19.2999999999892,-0.300000230639442,
-1.66682845303967E-9));
#570=VERTEX_POINT('',#560);
#580=EDGE_CURVE('',#480,#570,#550,.T.);
#590=ORIENTED_EDGE('',*,*,#580,.F.);
#600=CARTESIAN_POINT('',(-19.2999999999892,8.37903992059293,
-1.66682312396915E-9));
#610=DIRECTION('',(0.,1.,0.));
#620=VECTOR('',#610,1.);
#630=LINE('',#600,#620);
#640=CARTESIAN_POINT('',(-19.2999999999892,-1.37874002780684,
-1.66682845303967E-9));
#650=VERTEX_POINT('',#640);
#660=EDGE_CURVE('',#650,#570,#630,.T.);
#670=ORIENTED_EDGE('',*,*,#660,.T.);
#680=CARTESIAN_POINT('',(-32.9742754795343,-2.57508411419761,
-1.66682312396915E-9));
#690=DIRECTION('',(-0.996194698091745,-0.0871557427476619,0.));
#700=VECTOR('',#690,1.);
#710=LINE('',#680,#700);
#720=CARTESIAN_POINT('',(-18.3999999999892,-1.30000023063351,
-1.66682845303967E-9));
#730=VERTEX_POINT('',#720);
#740=EDGE_CURVE('',#730,#650,#710,.T.);
#750=ORIENTED_EDGE('',*,*,#740,.T.);
#760=CARTESIAN_POINT('',(-18.3999999999892,8.37903992059293,
-1.66682312396915E-9));
#770=DIRECTION('',(0.,1.,0.));
#780=VECTOR('',#770,1.);
#790=LINE('',#760,#780);
#800=CARTESIAN_POINT('',(-18.3999999999892,-1.85646622726462,
-1.66682845303967E-9));
#810=VERTEX_POINT('',#800);
#820=EDGE_CURVE('',#810,#730,#790,.T.);
#830=ORIENTED_EDGE('',*,*,#820,.T.);
#840=CARTESIAN_POINT('',(-25.3999999999892,-1.85646622726462,
-1.66682312396915E-9));
#850=DIRECTION('',(0.,0.,1.));
#860=DIRECTION('',(1.,0.,0.));
#870=AXIS2_PLACEMENT_3D('',#840,#850,#860);
#880=CIRCLE('',#870,7.);
#890=CARTESIAN_POINT('',(-19.5199999999807,-5.65457101780162,
-1.66682845303967E-9));
#900=VERTEX_POINT('',#890);
#910=EDGE_CURVE('',#900,#810,#880,.T.);
#920=ORIENTED_EDGE('',*,*,#910,.T.);
#930=CARTESIAN_POINT('',(-27.4999999999891,-0.500000230639454,
-1.66682312396915E-9));
#940=DIRECTION('',(0.,0.,1.));
#950=DIRECTION('',(1.,0.,0.));
#960=AXIS2_PLACEMENT_3D('',#930,#940,#950);
#970=CIRCLE('',#960,9.5);
#980=CARTESIAN_POINT('',(-20.4340605720008,-6.85000023063946,
-1.66682845303967E-9));
#990=VERTEX_POINT('',#980);
#1000=EDGE_CURVE('',#990,#900,#970,.T.);
#1010=ORIENTED_EDGE('',*,*,#1000,.T.);
#1020=CARTESIAN_POINT('',(-32.9742754795343,-6.85000023064619,
-1.66682312396915E-9));
#1030=DIRECTION('',(-1.,0.,0.));
#1040=VECTOR('',#1030,1.);
#1050=LINE('',#1020,#1040);
#1060=CARTESIAN_POINT('',(-26.0999999999891,-6.85000023063946,
-1.66682845303967E-9));
#1070=VERTEX_POINT('',#1060);
#1080=EDGE_CURVE('',#990,#1070,#1050,.T.);
#1090=ORIENTED_EDGE('',*,*,#1080,.F.);
#1100=CARTESIAN_POINT('',(-26.0999999999891,8.37903992059293,
-1.66682312396915E-9));
#1110=DIRECTION('',(0.,-1.,0.));
#1120=VECTOR('',#1110,1.);
#1130=LINE('',#1100,#1120);
#1140=CARTESIAN_POINT('',(-26.0999999999891,-1.69289344945964,
-1.66682845303967E-9));
#1150=VERTEX_POINT('',#1140);
#1160=EDGE_CURVE('',#1150,#1070,#1130,.T.);
#1170=ORIENTED_EDGE('',*,*,#1160,.T.);
#1180=CARTESIAN_POINT('',(-25.6999999999891,-1.6928934494529,
-1.66682312396915E-9));
#1190=DIRECTION('',(0.,0.,1.));
#1200=DIRECTION('',(1.,0.,0.));
#1210=AXIS2_PLACEMENT_3D('',#1180,#1190,#1200);
#1220=CIRCLE('',#1210,0.4);
#1230=CARTESIAN_POINT('',(-25.4171572875112,-1.4100507369816,
-1.66682845303967E-9));
#1240=VERTEX_POINT('',#1230);
#1250=EDGE_CURVE('',#1240,#1150,#1220,.T.);
#1260=ORIENTED_EDGE('',*,*,#1250,.T.);
#1270=CARTESIAN_POINT('',(-35.2062479450857,8.37903992059293,
-1.66682312396915E-9));
#1280=DIRECTION('',(-0.707106781186548,0.707106781186548,0.));
#1290=VECTOR('',#1280,1.);
#1300=LINE('',#1270,#1290);
#1310=CARTESIAN_POINT('',(-24.5636038969212,-2.26360412757156,
-1.66682845303967E-9));
#1320=VERTEX_POINT('',#1310);
#1330=EDGE_CURVE('',#1320,#1240,#1300,.T.);
#1340=ORIENTED_EDGE('',*,*,#1330,.T.);
#1350=CARTESIAN_POINT('',(-25.1999999999891,-2.90000023063945,
-1.66682312396915E-9));
#1360=DIRECTION('',(0.,0.,1.));
#1370=DIRECTION('',(1.,0.,0.));
#1380=AXIS2_PLACEMENT_3D('',#1350,#1360,#1370);
#1390=CIRCLE('',#1380,0.900000000000001);
#1400=CARTESIAN_POINT('',(-24.5999999999891,-3.57082062388938,
-1.66682845303967E-9));
#1410=VERTEX_POINT('',#1400);
#1420=EDGE_CURVE('',#1410,#1320,#1390,.T.);
#1430=ORIENTED_EDGE('',*,*,#1420,.T.);
#1440=CARTESIAN_POINT('',(-24.5999999999891,0.599999769361471,
-1.66682312396915E-9));
#1450=DIRECTION('',(0.,1.,0.));
#1460=VECTOR('',#1450,1.);
#1470=LINE('',#1440,#1460);
#1480=CARTESIAN_POINT('',(-24.5999999999891,-4.50000023063945,
-1.66682845303967E-9));
#1490=VERTEX_POINT('',#1480);
#1500=EDGE_CURVE('',#1490,#1410,#1470,.T.);
#1510=ORIENTED_EDGE('',*,*,#1500,.T.);
#1520=CARTESIAN_POINT('',(-5.12638860322073,-4.50000023063945,
-1.66682312396915E-9));
#1530=DIRECTION('',(-1.,0.,0.));
#1540=VECTOR('',#1530,1.);
#1550=LINE('',#1520,#1540);
#1560=CARTESIAN_POINT('',(-22.8923666936473,-4.50000023063945,
-1.66682845303967E-9));
#1570=VERTEX_POINT('',#1560);
#1580=EDGE_CURVE('',#1570,#1490,#1550,.T.);
#1590=ORIENTED_EDGE('',*,*,#1580,.T.);
#1600=CARTESIAN_POINT('',(9.20000000000737,-5.20000023064252,
-1.66682312396915E-9));
#1610=DIRECTION('',(0.,0.,1.));
#1620=DIRECTION('',(1.,0.,0.));
#1630=AXIS2_PLACEMENT_3D('',#1600,#1610,#1620);
#1640=CIRCLE('',#1630,32.1);
#1650=CARTESIAN_POINT('',(-21.9272727272807,2.64237776082331,
-1.66682845303967E-9));
#1660=VERTEX_POINT('',#1650);
#1670=EDGE_CURVE('',#1660,#1570,#1640,.T.);
#1680=ORIENTED_EDGE('',*,*,#1670,.T.);
#1690=CARTESIAN_POINT('',(-29.2000000000073,4.4747090672469,
-1.66682312396915E-9));
#1700=DIRECTION('',(0.,0.,1.));
#1710=DIRECTION('',(1.,0.,0.));
#1720=AXIS2_PLACEMENT_3D('',#1690,#1700,#1710);
#1730=CIRCLE('',#1720,7.5);
#1740=CARTESIAN_POINT('',(-21.755441569802,5.38495616516007,
-1.66682845303967E-9));
#1750=VERTEX_POINT('',#1740);
#1760=EDGE_CURVE('',#1660,#1750,#1730,.T.);
#1770=ORIENTED_EDGE('',*,*,#1760,.F.);
#1780=CARTESIAN_POINT('',(-22.4502670232886,5.29999976936086,
-1.66682312396915E-9));
#1790=DIRECTION('',(0.,0.,-1.));
#1800=DIRECTION('',(-1.,0.,0.));
#1810=AXIS2_PLACEMENT_3D('',#1780,#1790,#1800);
#1820=CIRCLE('',#1810,0.7);
#1830=CARTESIAN_POINT('',(-22.4502670232887,5.99999976936086,
-1.66682845303967E-9));
#1840=VERTEX_POINT('',#1830);
#1850=EDGE_CURVE('',#1840,#1750,#1820,.T.);
#1860=ORIENTED_EDGE('',*,*,#1850,.T.);
#1870=CARTESIAN_POINT('',(-32.9742754795343,5.99999976936086,
-1.66682312396915E-9));
#1880=DIRECTION('',(1.,0.,0.));
#1890=VECTOR('',#1880,1.);
#1900=LINE('',#1870,#1890);
#1910=CARTESIAN_POINT('',(-25.0999999999894,5.99999976936086,
-1.66682845303967E-9));
#1920=VERTEX_POINT('',#1910);
#1930=EDGE_CURVE('',#1920,#1840,#1900,.T.);
#1940=ORIENTED_EDGE('',*,*,#1930,.T.);
#1950=CARTESIAN_POINT('',(-25.0999999999894,8.37903992059293,
-1.66682312396915E-9));
#1960=DIRECTION('',(0.,-1.,0.));
#1970=VECTOR('',#1960,1.);
#1980=LINE('',#1950,#1970);
#1990=CARTESIAN_POINT('',(-25.0999999999894,9.77370696436864,
-1.66682845303967E-9));
#2000=VERTEX_POINT('',#1990);
#2010=EDGE_CURVE('',#2000,#1920,#1980,.T.);
#2020=ORIENTED_EDGE('',*,*,#2010,.T.);
#2030=CARTESIAN_POINT('',(-46.8499999999921,22.0999999999848,
-1.66682312396915E-9));
#2040=DIRECTION('',(0.,0.,-1.));
#2050=DIRECTION('',(-1.,0.,0.));
#2060=AXIS2_PLACEMENT_3D('',#2030,#2040,#2050);
#2070=CIRCLE('',#2060,25.);
#2080=CARTESIAN_POINT('',(-21.8499999999985,22.0999999999848,
-1.66682845303967E-9));
#2090=VERTEX_POINT('',#2080);
#2100=EDGE_CURVE('',#2090,#2000,#2070,.T.);
#2110=ORIENTED_EDGE('',*,*,#2100,.T.);
#2120=CARTESIAN_POINT('',(-21.8499999999985,0.599999769361471,
-1.66682312396915E-9));
#2130=DIRECTION('',(8.00094898427962E-17,1.,0.));
#2140=VECTOR('',#2130,1.);
#2150=LINE('',#2120,#2140);
#2160=CARTESIAN_POINT('',(-21.8499999999985,24.4652048334008,
-1.66682845303967E-9));
#2170=VERTEX_POINT('',#2160);
#2180=EDGE_CURVE('',#2090,#2170,#2150,.T.);
#2190=ORIENTED_EDGE('',*,*,#2180,.F.);
#2200=CARTESIAN_POINT('',(-28.8499999999985,24.4652048334008,
-1.66682312396915E-9));
#2210=DIRECTION('',(0.,0.,-1.));
#2220=DIRECTION('',(-1.,0.,0.));
#2230=AXIS2_PLACEMENT_3D('',#2200,#2210,#2220);
#2240=CIRCLE('',#2230,7.);
#2250=CARTESIAN_POINT('',(-23.1159356899756,28.4802398878581,
-1.66682845303967E-9));
#2260=VERTEX_POINT('',#2250);
#2270=EDGE_CURVE('',#2260,#2170,#2240,.T.);
#2280=ORIENTED_EDGE('',*,*,#2270,.T.);
#2290=CARTESIAN_POINT('',(-3.59398139190747,0.599999769361471,
-1.66682312396915E-9));
#2300=DIRECTION('',(-0.573576436351046,0.819152044288992,0.));
#2310=VECTOR('',#2300,1.);
#2320=LINE('',#2290,#2310);
#2330=CARTESIAN_POINT('',(-23.8999999999985,29.5999997693752,
-1.66682845303967E-9));
#2340=VERTEX_POINT('',#2330);
#2350=EDGE_CURVE('',#2260,#2340,#2320,.T.);
#2360=ORIENTED_EDGE('',*,*,#2350,.F.);
#2370=CARTESIAN_POINT('',(-23.8999999999986,0.599999769361471,
-1.66682312396915E-9));
#2380=DIRECTION('',(0.,-1.,0.));
#2390=VECTOR('',#2380,1.);
#2400=LINE('',#2370,#2390);
#2410=CARTESIAN_POINT('',(-23.8999999999985,30.7999997693777,
-1.66682845303967E-9));
#2420=VERTEX_POINT('',#2410);
#2430=EDGE_CURVE('',#2420,#2340,#2400,.T.);
#2440=ORIENTED_EDGE('',*,*,#2430,.T.);
#2450=CARTESIAN_POINT('',(-46.3209598487633,8.37903992059293,
-1.66682312396915E-9));
#2460=DIRECTION('',(0.707106781186231,0.707106781186864,0.));
#2470=VECTOR('',#2460,1.);
#2480=LINE('',#2450,#2470);
#2490=CARTESIAN_POINT('',(-22.3082245717672,32.3917751976069,
-1.66682845303967E-9));
#2500=VERTEX_POINT('',#2490);
#2510=EDGE_CURVE('',#2420,#2500,#2480,.T.);
#2520=ORIENTED_EDGE('',*,*,#2510,.F.);
#2530=CARTESIAN_POINT('',(-32.9742754795343,36.5452923509536,
-1.66682312396915E-9));
#2540=DIRECTION('',(0.931839057155939,-0.362871839026855,0.));
#2550=VECTOR('',#2540,1.);
#2560=LINE('',#2530,#2550);
#2570=CARTESIAN_POINT('',(-20.1656536597934,31.5574265607873,
-1.66682845303967E-9));
#2580=VERTEX_POINT('',#2570);
#2590=EDGE_CURVE('',#2500,#2580,#2560,.T.);
#2600=ORIENTED_EDGE('',*,*,#2590,.F.);
#2610=CARTESIAN_POINT('',(-32.9742754795343,18.7488047410463,
-1.66682312396915E-9));
#2620=DIRECTION('',(-0.707106781186548,-0.707106781186547,0.));
#2630=VECTOR('',#2620,1.);
#2640=LINE('',#2610,#2630);
#2650=CARTESIAN_POINT('',(-20.5389342456476,31.184145974933,
-1.66682845303967E-9));
#2660=VERTEX_POINT('',#2650);
#2670=EDGE_CURVE('',#2580,#2660,#2640,.T.);
#2680=ORIENTED_EDGE('',*,*,#2670,.F.);
#2690=CARTESIAN_POINT('',(2.26617180869251,8.37903992059293,
-1.66682312396915E-9));
#2700=DIRECTION('',(0.707106781186547,-0.707106781186548,0.));
#2710=VECTOR('',#2700,1.);
#2720=LINE('',#2690,#2710);
#2730=CARTESIAN_POINT('',(-19.7823299897783,30.4275417190637,
-1.66682845303967E-9));
#2740=VERTEX_POINT('',#2730);
#2750=EDGE_CURVE('',#2660,#2740,#2720,.T.);
#2760=ORIENTED_EDGE('',*,*,#2750,.F.);
#2770=CARTESIAN_POINT('',(-32.9742754795343,17.2355962293096,
-1.66682312396915E-9));
#2780=DIRECTION('',(0.707106781186598,0.707106781186497,0.));
#2790=VECTOR('',#2780,1.);
#2800=LINE('',#2770,#2790);
#2810=CARTESIAN_POINT('',(-15.309879598773,34.8999921100684,
-1.66682845303967E-9));
#2820=VERTEX_POINT('',#2810);
#2830=EDGE_CURVE('',#2740,#2820,#2800,.T.);
#2840=ORIENTED_EDGE('',*,*,#2830,.F.);
#2850=CARTESIAN_POINT('',(11.2110725907025,8.37903992059293,
-1.66682312396915E-9));
#2860=DIRECTION('',(-0.707106781186547,0.707106781186548,0.));
#2870=VECTOR('',#2860,1.);
#2880=LINE('',#2850,#2870);
#2890=CARTESIAN_POINT('',(-16.066483854643,35.6565963659384,
-1.66682845303967E-9));
#2900=VERTEX_POINT('',#2890);
#2910=EDGE_CURVE('',#2820,#2900,#2880,.T.);
#2920=ORIENTED_EDGE('',*,*,#2910,.F.);
#2930=CARTESIAN_POINT('',(-32.9742754795343,18.748804741047,
-1.66682312396915E-9));
#2940=DIRECTION('',(-0.707106781186548,-0.707106781186547,0.));
#2950=VECTOR('',#2940,1.);
#2960=LINE('',#2930,#2950);
#2970=CARTESIAN_POINT('',(-16.439764440498,35.2833157800834,
-1.66682845303967E-9));
#2980=VERTEX_POINT('',#2970);
#2990=EDGE_CURVE('',#2900,#2980,#2960,.T.);
#3000=ORIENTED_EDGE('',*,*,#2990,.F.);
#3010=CARTESIAN_POINT('',(-5.96284357758501,8.37903992059293,
-1.66682312396915E-9));
#3020=DIRECTION('',(-0.362871839026052,0.931839057156251,0.));
#3030=VECTOR('',#3020,1.);
#3040=LINE('',#3010,#3030);
#3050=CARTESIAN_POINT('',(-17.2741130773157,37.4258866920575,
-1.66682845303967E-9));
#3060=VERTEX_POINT('',#3050);
#3070=EDGE_CURVE('',#2980,#3060,#3040,.T.);
#3080=ORIENTED_EDGE('',*,*,#3070,.F.);
#3090=CARTESIAN_POINT('',(-32.9742754795343,21.725724289839,
-1.66682312396915E-9));
#3100=DIRECTION('',(0.707106781186549,0.707106781186546,0.));
#3110=VECTOR('',#3100,1.);
#3120=LINE('',#3090,#3110);
#3130=CARTESIAN_POINT('',(-14.6999999999982,39.999999769375,
-1.66682845303967E-9));
#3140=VERTEX_POINT('',#3130);
#3150=EDGE_CURVE('',#3060,#3140,#3120,.T.);
#3160=ORIENTED_EDGE('',*,*,#3150,.F.);
#3170=CARTESIAN_POINT('',(-32.9742754795343,39.999999769375,
-1.66682312396915E-9));
#3180=DIRECTION('',(1.,0.,0.));
#3190=VECTOR('',#3180,1.);
#3200=LINE('',#3170,#3190);
#3210=CARTESIAN_POINT('',(-7.29999999999069,39.9999997693751,
-1.66682845303967E-9));
#3220=VERTEX_POINT('',#3210);
#3230=EDGE_CURVE('',#3140,#3220,#3200,.T.);
#3240=ORIENTED_EDGE('',*,*,#3230,.F.);
#3250=CARTESIAN_POINT('',(4.20908816389272,8.37903992059293,
-1.66682312396915E-9));
#3260=DIRECTION('',(-0.342020143325669,0.939692620785908,0.));
#3270=VECTOR('',#3260,1.);
#3280=LINE('',#3250,#3270);
#3290=CARTESIAN_POINT('',(-6.09999999999095,36.7030268660302,
-1.66682845303967E-9));
#3300=VERTEX_POINT('',#3290);
#3310=EDGE_CURVE('',#3300,#3220,#3280,.T.);
#3320=ORIENTED_EDGE('',*,*,#3310,.T.);
#3330=CARTESIAN_POINT('',(-6.09999999999096,8.37903992059293,
-1.66682312396915E-9));
#3340=DIRECTION('',(-2.01948391736579E-28,1.,0.));
#3350=VECTOR('',#3340,1.);
#3360=LINE('',#3330,#3350);
#3370=CARTESIAN_POINT('',(-6.09999999999095,30.9999997693846,
-1.66682845303967E-9));
#3380=VERTEX_POINT('',#3370);
#3390=EDGE_CURVE('',#3380,#3300,#3360,.T.);
#3400=ORIENTED_EDGE('',*,*,#3390,.T.);
#3410=CARTESIAN_POINT('',(-32.9742754795343,30.9999997693846,
-1.66682312396915E-9));
#3420=DIRECTION('',(1.,1.38383250655425E-28,0.));
#3430=VECTOR('',#3420,1.);
#3440=LINE('',#3410,#3430);
#3450=CARTESIAN_POINT('',(1.90000000000959,30.9999997693846,
-1.66682845303967E-9));
#3460=VERTEX_POINT('',#3450);
#3470=EDGE_CURVE('',#3380,#3460,#3440,.T.);
#3480=ORIENTED_EDGE('',*,*,#3470,.F.);
#3490=CARTESIAN_POINT('',(1.90000000000959,8.37903992059293,
-1.66682312396915E-9));
#3500=DIRECTION('',(0.,1.,0.));
#3510=VECTOR('',#3500,1.);
#3520=LINE('',#3490,#3510);
#3530=CARTESIAN_POINT('',(1.90000000000961,36.7030268660303,
-1.66682845303967E-9));
#3540=VERTEX_POINT('',#3530);
#3550=EDGE_CURVE('',#3460,#3540,#3520,.T.);
#3560=ORIENTED_EDGE('',*,*,#3550,.F.);
#3570=CARTESIAN_POINT('',(-8.40908816387409,8.37903992059293,
-1.66682312396915E-9));
#3580=DIRECTION('',(0.342020143325669,0.939692620785908,0.));
#3590=VECTOR('',#3580,1.);
#3600=LINE('',#3570,#3590);
#3610=CARTESIAN_POINT('',(3.10000000000931,39.999999769375,
-1.66682845303967E-9));
#3620=VERTEX_POINT('',#3610);
#3630=EDGE_CURVE('',#3540,#3620,#3600,.T.);
#3640=ORIENTED_EDGE('',*,*,#3630,.F.);
#3650=CARTESIAN_POINT('',(-32.9742754795343,39.999999769375,
-1.66682312396915E-9));
#3660=DIRECTION('',(1.,0.,0.));
#3670=VECTOR('',#3660,1.);
#3680=LINE('',#3650,#3670);
#3690=CARTESIAN_POINT('',(10.5000000000009,39.999999769375,
-1.66682845303967E-9));
#3700=VERTEX_POINT('',#3690);
#3710=EDGE_CURVE('',#3620,#3700,#3680,.T.);
#3720=ORIENTED_EDGE('',*,*,#3710,.F.);
#3730=CARTESIAN_POINT('',(-32.9742754795343,83.47427524891,
-1.66682312396915E-9));
#3740=DIRECTION('',(0.707106781186549,-0.707106781186546,0.));
#3750=VECTOR('',#3740,1.);
#3760=LINE('',#3730,#3750);
#3770=CARTESIAN_POINT('',(13.0741130773184,37.4258866920575,
-1.66682845303967E-9));
#3780=VERTEX_POINT('',#3770);
#3790=EDGE_CURVE('',#3700,#3780,#3760,.T.);
#3800=ORIENTED_EDGE('',*,*,#3790,.F.);
#3810=CARTESIAN_POINT('',(1.76284357758771,8.37903992059293,
-1.66682312396915E-9));
#3820=DIRECTION('',(-0.362871839026052,-0.931839057156251,0.));
#3830=VECTOR('',#3820,1.);
#3840=LINE('',#3810,#3830);
#3850=CARTESIAN_POINT('',(12.2397644405007,35.2833157800834,
-1.66682845303967E-9));
#3860=VERTEX_POINT('',#3850);
#3870=EDGE_CURVE('',#3780,#3860,#3840,.T.);
#3880=ORIENTED_EDGE('',*,*,#3870,.F.);
#3890=CARTESIAN_POINT('',(-32.9742754795343,80.4973557001176,
-1.66682312396915E-9));
#3900=DIRECTION('',(-0.707106781186548,0.707106781186547,0.));
#3910=VECTOR('',#3900,1.);
#3920=LINE('',#3890,#3910);
#3930=CARTESIAN_POINT('',(11.8664838546457,35.6565963659384,
-1.66682845303967E-9));
#3940=VERTEX_POINT('',#3930);
#3950=EDGE_CURVE('',#3860,#3940,#3920,.T.);
#3960=ORIENTED_EDGE('',*,*,#3950,.F.);
#3970=CARTESIAN_POINT('',(-15.4110725906998,8.37903992059293,
-1.66682312396915E-9));
#3980=DIRECTION('',(-0.707106781186547,-0.707106781186548,0.));
#3990=VECTOR('',#3980,1.);
#4000=LINE('',#3970,#3990);
#4010=CARTESIAN_POINT('',(11.1098795987757,34.8999921100684,
-1.66682845303967E-9));
#4020=VERTEX_POINT('',#4010);
#4030=EDGE_CURVE('',#3940,#4020,#4000,.T.);
#4040=ORIENTED_EDGE('',*,*,#4030,.F.);
#4050=CARTESIAN_POINT('',(-32.9742754795343,78.9841471883722,
-1.66682312396915E-9));
#4060=DIRECTION('',(0.707106781186598,-0.707106781186497,0.));
#4070=VECTOR('',#4060,1.);
#4080=LINE('',#4050,#4070);
#4090=CARTESIAN_POINT('',(15.582329989781,30.4275417190637,
-1.66682845303967E-9));
#4100=VERTEX_POINT('',#4090);
#4110=EDGE_CURVE('',#4020,#4100,#4080,.T.);
#4120=ORIENTED_EDGE('',*,*,#4110,.F.);
#4130=CARTESIAN_POINT('',(-6.4661718086898,8.37903992059293,
-1.66682312396915E-9));
#4140=DIRECTION('',(0.707106781186547,0.707106781186548,0.));
#4150=VECTOR('',#4140,1.);
#4160=LINE('',#4130,#4150);
#4170=CARTESIAN_POINT('',(16.3389342456503,31.184145974933,
-1.66682845303967E-9));
#4180=VERTEX_POINT('',#4170);
#4190=EDGE_CURVE('',#4100,#4180,#4160,.T.);
#4200=ORIENTED_EDGE('',*,*,#4190,.F.);
#4210=CARTESIAN_POINT('',(-32.9742754795343,80.4973557001177,
-1.66682312396915E-9));
#4220=DIRECTION('',(-0.707106781186548,0.707106781186547,0.));
#4230=VECTOR('',#4220,1.);
#4240=LINE('',#4210,#4230);
#4250=CARTESIAN_POINT('',(15.965653659796,31.5574265607873,
-1.66682845303967E-9));
#4260=VERTEX_POINT('',#4250);
#4270=EDGE_CURVE('',#4180,#4260,#4240,.T.);
#4280=ORIENTED_EDGE('',*,*,#4270,.F.);
#4290=CARTESIAN_POINT('',(-32.9742754795343,12.4994980995842,
-1.66682312396915E-9));
#4300=DIRECTION('',(0.931839057155939,0.362871839026855,0.));
#4310=VECTOR('',#4300,1.);
#4320=LINE('',#4290,#4310);
#4330=CARTESIAN_POINT('',(18.1082245717725,32.391775197608,
-1.66682845303967E-9));
#4340=VERTEX_POINT('',#4330);
#4350=EDGE_CURVE('',#4260,#4340,#4320,.T.);
#4360=ORIENTED_EDGE('',*,*,#4350,.F.);
#4370=CARTESIAN_POINT('',(42.1209598487623,8.37903992059293,
-1.66682312396915E-9));
#4380=DIRECTION('',(0.707106781186231,-0.707106781186864,0.));
#4390=VECTOR('',#4380,1.);
#4400=LINE('',#4370,#4390);
#4410=CARTESIAN_POINT('',(19.7000000000011,30.799999769378,
-1.66682845303967E-9));
#4420=VERTEX_POINT('',#4410);
#4430=EDGE_CURVE('',#4340,#4420,#4400,.T.);
#4440=ORIENTED_EDGE('',*,*,#4430,.F.);
#4450=CARTESIAN_POINT('',(19.7000000000005,0.599999769361471,
-1.66682312396915E-9));
#4460=DIRECTION('',(0.,-1.,0.));
#4470=VECTOR('',#4460,1.);
#4480=LINE('',#4450,#4470);
#4490=CARTESIAN_POINT('',(19.7000000000011,29.5999997693805,
-1.66682845303967E-9));
#4500=VERTEX_POINT('',#4490);
#4510=EDGE_CURVE('',#4420,#4500,#4480,.T.);
#4520=ORIENTED_EDGE('',*,*,#4510,.F.);
#4530=CARTESIAN_POINT('',(-0.606018608090665,0.599999769361471,
-1.66682312396915E-9));
#4540=DIRECTION('',(0.573576436351046,0.819152044288992,0.));
#4550=VECTOR('',#4540,1.);
#4560=LINE('',#4530,#4550);
#4570=CARTESIAN_POINT('',(18.9159356899788,28.4802398878587,
-1.66682845303967E-9));
#4580=VERTEX_POINT('',#4570);
#4590=EDGE_CURVE('',#4580,#4500,#4560,.T.);
#4600=ORIENTED_EDGE('',*,*,#4590,.T.);
#4610=CARTESIAN_POINT('',(24.6500000000004,24.4652048334008,
-1.66682312396915E-9));
#4620=DIRECTION('',(0.,0.,1.));
#4630=DIRECTION('',(1.,0.,0.));
#4640=AXIS2_PLACEMENT_3D('',#4610,#4620,#4630);
#4650=CIRCLE('',#4640,7.);
#4660=CARTESIAN_POINT('',(17.6500000000014,24.4652048334008,
-1.66682845303967E-9));
#4670=VERTEX_POINT('',#4660);
#4680=EDGE_CURVE('',#4580,#4670,#4650,.T.);
#4690=ORIENTED_EDGE('',*,*,#4680,.F.);
#4700=CARTESIAN_POINT('',(17.6500000000004,0.599999769361471,
-1.66682312396915E-9));
#4710=DIRECTION('',(-8.00094898427962E-17,1.,0.));
#4720=VECTOR('',#4710,1.);
#4730=LINE('',#4700,#4720);
#4740=CARTESIAN_POINT('',(17.6500000000014,22.0999999999848,
-1.66682845303967E-9));
#4750=VERTEX_POINT('',#4740);
#4760=EDGE_CURVE('',#4750,#4670,#4730,.T.);
#4770=ORIENTED_EDGE('',*,*,#4760,.T.);
#4780=CARTESIAN_POINT('',(42.649999999994,22.0999999999848,
-1.66682312396915E-9));
#4790=DIRECTION('',(0.,0.,1.));
#4800=DIRECTION('',(1.,0.,0.));
#4810=AXIS2_PLACEMENT_3D('',#4780,#4790,#4800);
#4820=CIRCLE('',#4810,25.);
#4830=CARTESIAN_POINT('',(21.9000000000106,8.15591523257579,
-1.66682845303967E-9));
#4840=VERTEX_POINT('',#4830);
#4850=EDGE_CURVE('',#4750,#4840,#4820,.T.);
#4860=ORIENTED_EDGE('',*,*,#4850,.F.);
#4870=CARTESIAN_POINT('',(21.9000000000106,8.37903992059293,
-1.66682312396915E-9));
#4880=DIRECTION('',(0.,-1.,0.));
#4890=VECTOR('',#4880,1.);
#4900=LINE('',#4870,#4890);
#4910=CARTESIAN_POINT('',(21.9000000000106,-0.450000230639453,
-1.66682845303967E-9));
#4920=VERTEX_POINT('',#4910);
#4930=EDGE_CURVE('',#4840,#4920,#4900,.T.);
#4940=ORIENTED_EDGE('',*,*,#4930,.F.);
#4950=CARTESIAN_POINT('',(-32.9742754795343,-55.3242757101844,
-1.66682312396915E-9));
#4960=DIRECTION('',(-0.707106781186548,-0.707106781186547,0.));
#4970=VECTOR('',#4960,1.);
#4980=LINE('',#4950,#4970);
#4990=CARTESIAN_POINT('',(15.5000000000106,-6.85000023063944,
-1.66682845303967E-9));
#5000=VERTEX_POINT('',#4990);
#5010=EDGE_CURVE('',#4920,#5000,#4980,.T.);
#5020=ORIENTED_EDGE('',*,*,#5010,.F.);
#5030=CARTESIAN_POINT('',(-32.9742754795343,-6.85000023063945,
-1.66682312396915E-9));
#5040=DIRECTION('',(-1.,0.,0.));
#5050=VECTOR('',#5040,1.);
#5060=LINE('',#5030,#5050);
#5070=CARTESIAN_POINT('',(14.4304980917035,-6.85000023063945,
-1.66682845303967E-9));
#5080=VERTEX_POINT('',#5070);
#5090=EDGE_CURVE('',#5000,#5080,#5060,.T.);
#5100=ORIENTED_EDGE('',*,*,#5090,.F.);
#5110=CARTESIAN_POINT('',(3.76700937811231,8.37903992059293,
-1.66682312396915E-9));
#5120=DIRECTION('',(-0.573576436351046,0.819152044288992,0.));
#5130=VECTOR('',#5120,1.);
#5140=LINE('',#5110,#5130);
#5150=CARTESIAN_POINT('',(12.7500000000015,-4.45000023064122,
-1.66682845303967E-9));
#5160=VERTEX_POINT('',#5150);
#5170=EDGE_CURVE('',#5080,#5160,#5140,.T.);
#5180=ORIENTED_EDGE('',*,*,#5170,.F.);
#5190=CARTESIAN_POINT('',(12.7500000000015,8.37903992059293,
-1.66682312396915E-9));
#5200=DIRECTION('',(5.55111512312578E-17,1.,0.));
#5210=VECTOR('',#5200,1.);
#5220=LINE('',#5190,#5210);
#5230=CARTESIAN_POINT('',(12.7500000000015,-2.80000023063827,
-1.66682845303967E-9));
#5240=VERTEX_POINT('',#5230);
#5250=EDGE_CURVE('',#5160,#5240,#5220,.T.);
#5260=ORIENTED_EDGE('',*,*,#5250,.F.);
#5270=CARTESIAN_POINT('',(23.9290401512327,8.37903992059293,
-1.66682312396915E-9));
#5280=DIRECTION('',(-0.707106781186548,-0.707106781186548,0.));
#5290=VECTOR('',#5280,1.);
#5300=LINE('',#5270,#5290);
#5310=CARTESIAN_POINT('',(14.1022758664048,-1.44772436423498,
-1.66682845303967E-9));
#5320=VERTEX_POINT('',#5310);
#5330=EDGE_CURVE('',#5320,#5240,#5300,.T.);
#5340=ORIENTED_EDGE('',*,*,#5330,.T.);
#5350=CARTESIAN_POINT('',(-32.9742754795343,-14.0618482798193,
-1.66682312396915E-9));
#5360=DIRECTION('',(0.96592582628908,0.258819045102477,0.));
#5370=VECTOR('',#5360,1.);
#5380=LINE('',#5350,#5370);
#5390=CARTESIAN_POINT('',(15.4000000000015,-1.10000023063941,
-1.66682845303967E-9));
#5400=VERTEX_POINT('',#5390);
#5410=EDGE_CURVE('',#5320,#5400,#5380,.T.);
#5420=ORIENTED_EDGE('',*,*,#5410,.F.);
#5430=CARTESIAN_POINT('',(15.4000000000015,8.37903992059293,
-1.66682312396915E-9));
#5440=DIRECTION('',(0.,1.,0.));
#5450=VECTOR('',#5440,1.);
#5460=LINE('',#5430,#5450);
#5470=CARTESIAN_POINT('',(15.4000000000015,-2.30639464859905E-7,
-1.66682845303967E-9));
#5480=VERTEX_POINT('',#5470);
#5490=EDGE_CURVE('',#5400,#5480,#5460,.T.);
#5500=ORIENTED_EDGE('',*,*,#5490,.F.);
#5510=CARTESIAN_POINT('',(-32.9742754795343,4.23220048010005,
-1.66682312396915E-9));
#5520=DIRECTION('',(-0.996194698091746,0.0871557427476591,0.));
#5530=VECTOR('',#5520,1.);
#5540=LINE('',#5510,#5530);
#5550=CARTESIAN_POINT('',(13.1139895394543,0.199999769360094,
-1.66682845303967E-9));
#5560=VERTEX_POINT('',#5550);
#5570=EDGE_CURVE('',#5480,#5560,#5540,.T.);
#5580=ORIENTED_EDGE('',*,*,#5570,.F.);
#5590=CARTESIAN_POINT('',(-32.9742754795343,0.199999769360138,
-1.66682312396915E-9));
#5600=DIRECTION('',(-1.,0.,0.));
#5610=VECTOR('',#5600,1.);
#5620=LINE('',#5590,#5610);
#5630=EDGE_CURVE('',#5560,#130,#5620,.T.);
#5640=ORIENTED_EDGE('',*,*,#5630,.F.);
#5650=EDGE_LOOP('',(#5640,#5580,#5500,#5420,#5340,#5260,#5180,#5100,
#5020,#4940,#4860,#4770,#4690,#4600,#4520,#4440,#4360,#4280,#4200,#4120,
#4040,#3960,#3880,#3800,#3720,#3640,#3560,#3480,#3400,#3320,#3240,#3160,
#3080,#3000,#2920,#2840,#2760,#2680,#2600,#2520,#2440,#2360,#2280,#2190,
#2110,#2020,#1940,#1860,#1770,#1680,#1590,#1510,#1430,#1340,#1260,#1170,
#1090,#1010,#920,#830,#750,#670,#590,#500,#410,#320,#230,#150));
#5660=FACE_OUTER_BOUND('',#5650,.T.);
#5670=ADVANCED_FACE('',(#5660),#50,.T.);
#5680=COLOUR_RGB('',0.560784339904785,0.588235318660736,
0.600000023841858);
#5690=FILL_AREA_STYLE_COLOUR('',#5680);
#5700=FILL_AREA_STYLE('',(#5690));
#5710=SURFACE_STYLE_FILL_AREA(#5700);
#5720=SURFACE_SIDE_STYLE('',(#5710));
#5730=SURFACE_STYLE_USAGE(.BOTH.,#5720);
#5740=PRESENTATION_STYLE_ASSIGNMENT((#5730));
#5750=CARTESIAN_POINT('',(15.4000000000002,-2.30639443543623E-7,
-8.15000000166683));
#5760=DIRECTION('',(0.,0.,1.));
#5770=DIRECTION('',(1.,0.,0.));
#5780=AXIS2_PLACEMENT_3D('',#5750,#5760,#5770);
#5790=PLANE('',#5780);
#5800=CARTESIAN_POINT('',(-32.9742754795343,0.199999769360138,
-8.15000000163902));
#5810=DIRECTION('',(-1.,0.,0.));
#5820=VECTOR('',#5810,1.);
#5830=LINE('',#5800,#5820);
#5840=CARTESIAN_POINT('',(13.1139895394543,0.199999769360094,
-8.15000000166683));
#5850=VERTEX_POINT('',#5840);
#5860=CARTESIAN_POINT('',(7.70000000000147,0.199999769360094,
-8.15000000166683));
#5870=VERTEX_POINT('',#5860);
#5880=EDGE_CURVE('',#5850,#5870,#5830,.T.);
#5890=ORIENTED_EDGE('',*,*,#5880,.T.);
#5900=CARTESIAN_POINT('',(-32.9742754795343,4.23220048010005,
-8.15000000163902));
#5910=DIRECTION('',(-0.996194698091746,0.0871557427476591,0.));
#5920=VECTOR('',#5910,1.);
#5930=LINE('',#5900,#5920);
#5940=CARTESIAN_POINT('',(15.4000000000015,-2.30639464859905E-7,
-8.15000000166683));
#5950=VERTEX_POINT('',#5940);
#5960=EDGE_CURVE('',#5950,#5850,#5930,.T.);
#5970=ORIENTED_EDGE('',*,*,#5960,.T.);
#5980=CARTESIAN_POINT('',(15.4000000000015,8.37903992059293,
-8.15000000163902));
#5990=DIRECTION('',(0.,1.,0.));
#6000=VECTOR('',#5990,1.);
#6010=LINE('',#5980,#6000);
#6020=CARTESIAN_POINT('',(15.4000000000015,-1.10000023063941,
-8.15000000166683));
#6030=VERTEX_POINT('',#6020);
#6040=EDGE_CURVE('',#6030,#5950,#6010,.T.);
#6050=ORIENTED_EDGE('',*,*,#6040,.T.);
#6060=CARTESIAN_POINT('',(-32.9742754795343,-14.0618482798193,
-8.15000000163902));
#6070=DIRECTION('',(0.96592582628908,0.258819045102477,0.));
#6080=VECTOR('',#6070,1.);
#6090=LINE('',#6060,#6080);
#6100=CARTESIAN_POINT('',(14.1022758664048,-1.44772436423498,
-8.15000000166683));
#6110=VERTEX_POINT('',#6100);
#6120=EDGE_CURVE('',#6110,#6030,#6090,.T.);
#6130=ORIENTED_EDGE('',*,*,#6120,.T.);
#6140=CARTESIAN_POINT('',(23.9290401512327,8.37903992059293,
-8.15000000163902));
#6150=DIRECTION('',(-0.707106781186548,-0.707106781186548,0.));
#6160=VECTOR('',#6150,1.);
#6170=LINE('',#6140,#6160);
#6180=CARTESIAN_POINT('',(12.7500000000015,-2.80000023063827,
-8.15000000166683));
#6190=VERTEX_POINT('',#6180);
#6200=EDGE_CURVE('',#6110,#6190,#6170,.T.);
#6210=ORIENTED_EDGE('',*,*,#6200,.F.);
#6220=CARTESIAN_POINT('',(12.7500000000015,8.37903992059293,
-8.15000000163902));
#6230=DIRECTION('',(5.55111512312578E-17,1.,0.));
#6240=VECTOR('',#6230,1.);
#6250=LINE('',#6220,#6240);
#6260=CARTESIAN_POINT('',(12.7500000000015,-4.45000023064122,
-8.15000000166683));
#6270=VERTEX_POINT('',#6260);
#6280=EDGE_CURVE('',#6270,#6190,#6250,.T.);
#6290=ORIENTED_EDGE('',*,*,#6280,.T.);
#6300=CARTESIAN_POINT('',(3.76700937811231,8.37903992059293,
-8.15000000163902));
#6310=DIRECTION('',(-0.573576436351046,0.819152044288992,0.));
#6320=VECTOR('',#6310,1.);
#6330=LINE('',#6300,#6320);
#6340=CARTESIAN_POINT('',(14.4304980917035,-6.85000023063945,
-8.15000000166683));
#6350=VERTEX_POINT('',#6340);
#6360=EDGE_CURVE('',#6350,#6270,#6330,.T.);
#6370=ORIENTED_EDGE('',*,*,#6360,.T.);
#6380=CARTESIAN_POINT('',(-32.9742754795343,-6.85000023063945,
-8.15000000163902));
#6390=DIRECTION('',(-1.,0.,0.));
#6400=VECTOR('',#6390,1.);
#6410=LINE('',#6380,#6400);
#6420=CARTESIAN_POINT('',(15.5000000000106,-6.85000023063944,
-8.15000000166683));
#6430=VERTEX_POINT('',#6420);
#6440=EDGE_CURVE('',#6430,#6350,#6410,.T.);
#6450=ORIENTED_EDGE('',*,*,#6440,.T.);
#6460=CARTESIAN_POINT('',(-32.9742754795343,-55.3242757101844,
-8.15000000163902));
#6470=DIRECTION('',(-0.707106781186548,-0.707106781186547,0.));
#6480=VECTOR('',#6470,1.);
#6490=LINE('',#6460,#6480);
#6500=CARTESIAN_POINT('',(21.9000000000106,-0.450000230639453,
-8.15000000166683));
#6510=VERTEX_POINT('',#6500);
#6520=EDGE_CURVE('',#6510,#6430,#6490,.T.);
#6530=ORIENTED_EDGE('',*,*,#6520,.T.);
#6540=CARTESIAN_POINT('',(21.9000000000106,8.37903992059293,
-8.15000000163902));
#6550=DIRECTION('',(0.,-1.,0.));
#6560=VECTOR('',#6550,1.);
#6570=LINE('',#6540,#6560);
#6580=CARTESIAN_POINT('',(21.9000000000106,8.15591523257577,
-8.15000000166683));
#6590=VERTEX_POINT('',#6580);
#6600=EDGE_CURVE('',#6590,#6510,#6570,.T.);
#6610=ORIENTED_EDGE('',*,*,#6600,.T.);
#6620=CARTESIAN_POINT('',(42.649999999994,22.0999999999848,
-8.15000000163902));
#6630=DIRECTION('',(0.,0.,1.));
#6640=DIRECTION('',(1.,0.,0.));
#6650=AXIS2_PLACEMENT_3D('',#6620,#6630,#6640);
#6660=CIRCLE('',#6650,25.);
#6670=CARTESIAN_POINT('',(17.649999999994,22.0999999999848,
-8.15000000166683));
#6680=VERTEX_POINT('',#6670);
#6690=EDGE_CURVE('',#6680,#6590,#6660,.T.);
#6700=ORIENTED_EDGE('',*,*,#6690,.T.);
#6710=CARTESIAN_POINT('',(17.6500000000014,0.599999769361471,
-8.15000000163901));
#6720=DIRECTION('',(8.00094898427962E-17,-1.,0.));
#6730=VECTOR('',#6720,1.);
#6740=LINE('',#6710,#6730);
#6750=CARTESIAN_POINT('',(17.6500000000014,24.4652048334008,
-8.15000000166683));
#6760=VERTEX_POINT('',#6750);
#6770=EDGE_CURVE('',#6760,#6680,#6740,.T.);
#6780=ORIENTED_EDGE('',*,*,#6770,.T.);
#6790=CARTESIAN_POINT('',(24.6500000000004,24.4652048334008,
-8.15000000163902));
#6800=DIRECTION('',(0.,0.,1.));
#6810=DIRECTION('',(1.,0.,0.));
#6820=AXIS2_PLACEMENT_3D('',#6790,#6800,#6810);
#6830=CIRCLE('',#6820,7.);
#6840=CARTESIAN_POINT('',(18.9159356899781,28.4802398878577,
-8.15000000166683));
#6850=VERTEX_POINT('',#6840);
#6860=EDGE_CURVE('',#6850,#6760,#6830,.T.);
#6870=ORIENTED_EDGE('',*,*,#6860,.T.);
#6880=CARTESIAN_POINT('',(-0.606018608090665,0.599999769361471,
-8.15000000163902));
#6890=DIRECTION('',(0.573576436351046,0.819152044288992,0.));
#6900=VECTOR('',#6890,1.);
#6910=LINE('',#6880,#6900);
#6920=CARTESIAN_POINT('',(19.7000000000011,29.5999997693805,
-8.15000000166683));
#6930=VERTEX_POINT('',#6920);
#6940=EDGE_CURVE('',#6850,#6930,#6910,.T.);
#6950=ORIENTED_EDGE('',*,*,#6940,.F.);
#6960=CARTESIAN_POINT('',(19.6999999999993,0.599999769361471,
-8.15000000163902));
#6970=DIRECTION('',(0.,-1.,0.));
#6980=VECTOR('',#6970,1.);
#6990=LINE('',#6960,#6980);
#7000=CARTESIAN_POINT('',(19.7000000000011,30.799999769378,
-8.15000000166683));
#7010=VERTEX_POINT('',#7000);
#7020=EDGE_CURVE('',#7010,#6930,#6990,.T.);
#7030=ORIENTED_EDGE('',*,*,#7020,.T.);
#7040=CARTESIAN_POINT('',(42.1209598487623,8.37903992059293,
-8.15000000163902));
#7050=DIRECTION('',(0.707106781186231,-0.707106781186864,0.));
#7060=VECTOR('',#7050,1.);
#7070=LINE('',#7040,#7060);
#7080=CARTESIAN_POINT('',(18.1082245717725,32.391775197608,
-8.15000000166683));
#7090=VERTEX_POINT('',#7080);
#7100=EDGE_CURVE('',#7090,#7010,#7070,.T.);
#7110=ORIENTED_EDGE('',*,*,#7100,.T.);
#7120=CARTESIAN_POINT('',(-32.9742754795343,12.4994980995842,
-8.15000000163902));
#7130=DIRECTION('',(0.931839057155939,0.362871839026855,0.));
#7140=VECTOR('',#7130,1.);
#7150=LINE('',#7120,#7140);
#7160=CARTESIAN_POINT('',(15.965653659796,31.5574265607873,
-8.15000000166683));
#7170=VERTEX_POINT('',#7160);
#7180=EDGE_CURVE('',#7170,#7090,#7150,.T.);
#7190=ORIENTED_EDGE('',*,*,#7180,.T.);
#7200=CARTESIAN_POINT('',(-32.9742754795343,80.4973557001177,
-8.15000000163902));
#7210=DIRECTION('',(-0.707106781186548,0.707106781186547,0.));
#7220=VECTOR('',#7210,1.);
#7230=LINE('',#7200,#7220);
#7240=CARTESIAN_POINT('',(16.3389342456503,31.184145974933,
-8.15000000166683));
#7250=VERTEX_POINT('',#7240);
#7260=EDGE_CURVE('',#7250,#7170,#7230,.T.);
#7270=ORIENTED_EDGE('',*,*,#7260,.T.);
#7280=CARTESIAN_POINT('',(-6.4661718086898,8.37903992059293,
-8.15000000163902));
#7290=DIRECTION('',(0.707106781186547,0.707106781186548,0.));
#7300=VECTOR('',#7290,1.);
#7310=LINE('',#7280,#7300);
#7320=CARTESIAN_POINT('',(15.582329989781,30.4275417190637,
-8.15000000166683));
#7330=VERTEX_POINT('',#7320);
#7340=EDGE_CURVE('',#7330,#7250,#7310,.T.);
#7350=ORIENTED_EDGE('',*,*,#7340,.T.);
#7360=CARTESIAN_POINT('',(-32.9742754795343,78.9841471883722,
-8.15000000163902));
#7370=DIRECTION('',(0.707106781186598,-0.707106781186497,0.));
#7380=VECTOR('',#7370,1.);
#7390=LINE('',#7360,#7380);
#7400=CARTESIAN_POINT('',(11.1098795987757,34.8999921100684,
-8.15000000166683));
#7410=VERTEX_POINT('',#7400);
#7420=EDGE_CURVE('',#7410,#7330,#7390,.T.);
#7430=ORIENTED_EDGE('',*,*,#7420,.T.);
#7440=CARTESIAN_POINT('',(-15.4110725906998,8.37903992059293,
-8.15000000163902));
#7450=DIRECTION('',(-0.707106781186547,-0.707106781186548,0.));
#7460=VECTOR('',#7450,1.);
#7470=LINE('',#7440,#7460);
#7480=CARTESIAN_POINT('',(11.8664838546457,35.6565963659384,
-8.15000000166683));
#7490=VERTEX_POINT('',#7480);
#7500=EDGE_CURVE('',#7490,#7410,#7470,.T.);
#7510=ORIENTED_EDGE('',*,*,#7500,.T.);
#7520=CARTESIAN_POINT('',(-32.9742754795343,80.4973557001176,
-8.15000000163902));
#7530=DIRECTION('',(-0.707106781186548,0.707106781186547,0.));
#7540=VECTOR('',#7530,1.);
#7550=LINE('',#7520,#7540);
#7560=CARTESIAN_POINT('',(12.2397644405007,35.2833157800834,
-8.15000000166683));
#7570=VERTEX_POINT('',#7560);
#7580=EDGE_CURVE('',#7570,#7490,#7550,.T.);
#7590=ORIENTED_EDGE('',*,*,#7580,.T.);
#7600=CARTESIAN_POINT('',(1.76284357758771,8.37903992059293,
-8.15000000163902));
#7610=DIRECTION('',(-0.362871839026052,-0.931839057156251,0.));
#7620=VECTOR('',#7610,1.);
#7630=LINE('',#7600,#7620);
#7640=CARTESIAN_POINT('',(13.0741130773184,37.4258866920575,
-8.15000000166683));
#7650=VERTEX_POINT('',#7640);
#7660=EDGE_CURVE('',#7650,#7570,#7630,.T.);
#7670=ORIENTED_EDGE('',*,*,#7660,.T.);
#7680=CARTESIAN_POINT('',(-32.9742754795343,83.47427524891,
-8.15000000163902));
#7690=DIRECTION('',(0.707106781186549,-0.707106781186546,0.));
#7700=VECTOR('',#7690,1.);
#7710=LINE('',#7680,#7700);
#7720=CARTESIAN_POINT('',(10.5000000000009,39.999999769375,
-8.15000000166683));
#7730=VERTEX_POINT('',#7720);
#7740=EDGE_CURVE('',#7730,#7650,#7710,.T.);
#7750=ORIENTED_EDGE('',*,*,#7740,.T.);
#7760=CARTESIAN_POINT('',(-32.9742754795343,39.999999769375,
-8.15000000163902));
#7770=DIRECTION('',(1.,0.,0.));
#7780=VECTOR('',#7770,1.);
#7790=LINE('',#7760,#7780);
#7800=CARTESIAN_POINT('',(3.10000000000931,39.999999769375,
-8.15000000166683));
#7810=VERTEX_POINT('',#7800);
#7820=EDGE_CURVE('',#7810,#7730,#7790,.T.);
#7830=ORIENTED_EDGE('',*,*,#7820,.T.);
#7840=CARTESIAN_POINT('',(-8.40908816387409,8.37903992059293,
-8.15000000163902));
#7850=DIRECTION('',(0.342020143325669,0.939692620785908,0.));
#7860=VECTOR('',#7850,1.);
#7870=LINE('',#7840,#7860);
#7880=CARTESIAN_POINT('',(1.9000000000096,36.7030268660303,
-8.15000000166683));
#7890=VERTEX_POINT('',#7880);
#7900=EDGE_CURVE('',#7890,#7810,#7870,.T.);
#7910=ORIENTED_EDGE('',*,*,#7900,.T.);
#7920=CARTESIAN_POINT('',(1.90000000000959,8.37903992059293,
-8.15000000163902));
#7930=DIRECTION('',(0.,1.,0.));
#7940=VECTOR('',#7930,1.);
#7950=LINE('',#7920,#7940);
#7960=CARTESIAN_POINT('',(1.90000000000959,30.9999997693846,
-8.15000000166683));
#7970=VERTEX_POINT('',#7960);
#7980=EDGE_CURVE('',#7970,#7890,#7950,.T.);
#7990=ORIENTED_EDGE('',*,*,#7980,.T.);
#8000=CARTESIAN_POINT('',(-32.9742754795343,30.9999997693846,
-8.15000000163902));
#8010=DIRECTION('',(1.,1.38383250655425E-28,0.));
#8020=VECTOR('',#8010,1.);
#8030=LINE('',#8000,#8020);
#8040=CARTESIAN_POINT('',(-6.09999999999095,30.9999997693846,
-8.15000000166683));
#8050=VERTEX_POINT('',#8040);
#8060=EDGE_CURVE('',#8050,#7970,#8030,.T.);
#8070=ORIENTED_EDGE('',*,*,#8060,.T.);
#8080=CARTESIAN_POINT('',(-6.09999999999096,8.37903992059293,
-8.15000000163902));
#8090=DIRECTION('',(-2.01948391736579E-28,1.,0.));
#8100=VECTOR('',#8090,1.);
#8110=LINE('',#8080,#8100);
#8120=CARTESIAN_POINT('',(-6.09999999999095,36.7030268660302,
-8.15000000166683));
#8130=VERTEX_POINT('',#8120);
#8140=EDGE_CURVE('',#8050,#8130,#8110,.T.);
#8150=ORIENTED_EDGE('',*,*,#8140,.F.);
#8160=CARTESIAN_POINT('',(4.20908816389272,8.37903992059293,
-8.15000000163902));
#8170=DIRECTION('',(-0.342020143325669,0.939692620785908,0.));
#8180=VECTOR('',#8170,1.);
#8190=LINE('',#8160,#8180);
#8200=CARTESIAN_POINT('',(-7.29999999999069,39.9999997693751,
-8.15000000166683));
#8210=VERTEX_POINT('',#8200);
#8220=EDGE_CURVE('',#8130,#8210,#8190,.T.);
#8230=ORIENTED_EDGE('',*,*,#8220,.F.);
#8240=CARTESIAN_POINT('',(-32.9742754795343,39.999999769375,
-8.15000000163902));
#8250=DIRECTION('',(1.,0.,0.));
#8260=VECTOR('',#8250,1.);
#8270=LINE('',#8240,#8260);
#8280=CARTESIAN_POINT('',(-14.6999999999982,39.999999769375,
-8.15000000166683));
#8290=VERTEX_POINT('',#8280);
#8300=EDGE_CURVE('',#8290,#8210,#8270,.T.);
#8310=ORIENTED_EDGE('',*,*,#8300,.T.);
#8320=CARTESIAN_POINT('',(-32.9742754795343,21.725724289839,
-8.15000000163902));
#8330=DIRECTION('',(0.707106781186549,0.707106781186546,0.));
#8340=VECTOR('',#8330,1.);
#8350=LINE('',#8320,#8340);
#8360=CARTESIAN_POINT('',(-17.2741130773157,37.4258866920575,
-8.15000000166683));
#8370=VERTEX_POINT('',#8360);
#8380=EDGE_CURVE('',#8370,#8290,#8350,.T.);
#8390=ORIENTED_EDGE('',*,*,#8380,.T.);
#8400=CARTESIAN_POINT('',(-5.96284357758501,8.37903992059293,
-8.15000000163902));
#8410=DIRECTION('',(-0.362871839026052,0.931839057156251,0.));
#8420=VECTOR('',#8410,1.);
#8430=LINE('',#8400,#8420);
#8440=CARTESIAN_POINT('',(-16.439764440498,35.2833157800834,
-8.15000000166683));
#8450=VERTEX_POINT('',#8440);
#8460=EDGE_CURVE('',#8450,#8370,#8430,.T.);
#8470=ORIENTED_EDGE('',*,*,#8460,.T.);
#8480=CARTESIAN_POINT('',(-32.9742754795343,18.748804741047,
-8.15000000163902));
#8490=DIRECTION('',(-0.707106781186548,-0.707106781186547,0.));
#8500=VECTOR('',#8490,1.);
#8510=LINE('',#8480,#8500);
#8520=CARTESIAN_POINT('',(-16.066483854643,35.6565963659384,
-8.15000000166683));
#8530=VERTEX_POINT('',#8520);
#8540=EDGE_CURVE('',#8530,#8450,#8510,.T.);
#8550=ORIENTED_EDGE('',*,*,#8540,.T.);
#8560=CARTESIAN_POINT('',(11.2110725907025,8.37903992059293,
-8.15000000163902));
#8570=DIRECTION('',(-0.707106781186547,0.707106781186548,0.));
#8580=VECTOR('',#8570,1.);
#8590=LINE('',#8560,#8580);
#8600=CARTESIAN_POINT('',(-15.309879598773,34.8999921100684,
-8.15000000166683));
#8610=VERTEX_POINT('',#8600);
#8620=EDGE_CURVE('',#8610,#8530,#8590,.T.);
#8630=ORIENTED_EDGE('',*,*,#8620,.T.);
#8640=CARTESIAN_POINT('',(-32.9742754795343,17.2355962293096,
-8.15000000163902));
#8650=DIRECTION('',(0.707106781186598,0.707106781186497,0.));
#8660=VECTOR('',#8650,1.);
#8670=LINE('',#8640,#8660);
#8680=CARTESIAN_POINT('',(-19.7823299897783,30.4275417190637,
-8.15000000166683));
#8690=VERTEX_POINT('',#8680);
#8700=EDGE_CURVE('',#8690,#8610,#8670,.T.);
#8710=ORIENTED_EDGE('',*,*,#8700,.T.);
#8720=CARTESIAN_POINT('',(2.26617180869251,8.37903992059293,
-8.15000000163902));
#8730=DIRECTION('',(0.707106781186547,-0.707106781186548,0.));
#8740=VECTOR('',#8730,1.);
#8750=LINE('',#8720,#8740);
#8760=CARTESIAN_POINT('',(-20.5389342456476,31.184145974933,
-8.15000000166683));
#8770=VERTEX_POINT('',#8760);
#8780=EDGE_CURVE('',#8770,#8690,#8750,.T.);
#8790=ORIENTED_EDGE('',*,*,#8780,.T.);
#8800=CARTESIAN_POINT('',(-32.9742754795343,18.7488047410463,
-8.15000000163902));
#8810=DIRECTION('',(-0.707106781186548,-0.707106781186547,0.));
#8820=VECTOR('',#8810,1.);
#8830=LINE('',#8800,#8820);
#8840=CARTESIAN_POINT('',(-20.1656536597934,31.5574265607873,
-8.15000000166683));
#8850=VERTEX_POINT('',#8840);
#8860=EDGE_CURVE('',#8850,#8770,#8830,.T.);
#8870=ORIENTED_EDGE('',*,*,#8860,.T.);
#8880=CARTESIAN_POINT('',(-32.9742754795343,36.5452923509536,
-8.15000000163902));
#8890=DIRECTION('',(0.931839057155939,-0.362871839026855,0.));
#8900=VECTOR('',#8890,1.);
#8910=LINE('',#8880,#8900);
#8920=CARTESIAN_POINT('',(-22.3082245717672,32.3917751976069,
-8.15000000166683));
#8930=VERTEX_POINT('',#8920);
#8940=EDGE_CURVE('',#8930,#8850,#8910,.T.);
#8950=ORIENTED_EDGE('',*,*,#8940,.T.);
#8960=CARTESIAN_POINT('',(-46.3209598487633,8.37903992059293,
-8.15000000163902));
#8970=DIRECTION('',(0.707106781186231,0.707106781186864,0.));
#8980=VECTOR('',#8970,1.);
#8990=LINE('',#8960,#8980);
#9000=CARTESIAN_POINT('',(-23.8999999999985,30.7999997693777,
-8.15000000166683));
#9010=VERTEX_POINT('',#9000);
#9020=EDGE_CURVE('',#9010,#8930,#8990,.T.);
#9030=ORIENTED_EDGE('',*,*,#9020,.T.);
#9040=CARTESIAN_POINT('',(-23.8999999999975,0.599999769361471,
-8.15000000163902));
#9050=DIRECTION('',(0.,-1.,0.));
#9060=VECTOR('',#9050,1.);
#9070=LINE('',#9040,#9060);
#9080=CARTESIAN_POINT('',(-23.8999999999985,29.599999769375,
-8.15000000166683));
#9090=VERTEX_POINT('',#9080);
#9100=EDGE_CURVE('',#9010,#9090,#9070,.T.);
#9110=ORIENTED_EDGE('',*,*,#9100,.F.);
#9120=CARTESIAN_POINT('',(-3.59398139190747,0.599999769361471,
-8.15000000163902));
#9130=DIRECTION('',(-0.573576436351046,0.819152044288992,0.));
#9140=VECTOR('',#9130,1.);
#9150=LINE('',#9120,#9140);
#9160=CARTESIAN_POINT('',(-23.1159356899756,28.4802398878581,
-8.15000000166683));
#9170=VERTEX_POINT('',#9160);
#9180=EDGE_CURVE('',#9170,#9090,#9150,.T.);
#9190=ORIENTED_EDGE('',*,*,#9180,.T.);
#9200=CARTESIAN_POINT('',(-28.8499999999985,24.4652048334008,
-8.15000000163902));
#9210=DIRECTION('',(0.,0.,-1.));
#9220=DIRECTION('',(-1.,0.,0.));
#9230=AXIS2_PLACEMENT_3D('',#9200,#9210,#9220);
#9240=CIRCLE('',#9230,7.);
#9250=CARTESIAN_POINT('',(-21.8499999999985,24.4652048334008,
-8.15000000166683));
#9260=VERTEX_POINT('',#9250);
#9270=EDGE_CURVE('',#9170,#9260,#9240,.T.);
#9280=ORIENTED_EDGE('',*,*,#9270,.F.);
#9290=CARTESIAN_POINT('',(-21.8499999999985,0.599999769361471,
-8.15000000163901));
#9300=DIRECTION('',(-8.00094898427962E-17,-1.,0.));
#9310=VECTOR('',#9300,1.);
#9320=LINE('',#9290,#9310);
#9330=CARTESIAN_POINT('',(-21.8499999999985,22.0999999999848,
-8.15000000166683));
#9340=VERTEX_POINT('',#9330);
#9350=EDGE_CURVE('',#9260,#9340,#9320,.T.);
#9360=ORIENTED_EDGE('',*,*,#9350,.F.);
#9370=CARTESIAN_POINT('',(-46.8499999999921,22.0999999999848,
-8.15000000163902));
#9380=DIRECTION('',(0.,0.,-1.));
#9390=DIRECTION('',(-1.,0.,0.));
#9400=AXIS2_PLACEMENT_3D('',#9370,#9380,#9390);
#9410=CIRCLE('',#9400,25.);
#9420=CARTESIAN_POINT('',(-25.0999999999894,9.77370696436864,
-8.15000000166683));
#9430=VERTEX_POINT('',#9420);
#9440=EDGE_CURVE('',#9340,#9430,#9410,.T.);
#9450=ORIENTED_EDGE('',*,*,#9440,.F.);
#9460=CARTESIAN_POINT('',(-25.0999999999894,8.37903992059293,
-8.15000000163902));
#9470=DIRECTION('',(0.,-1.,0.));
#9480=VECTOR('',#9470,1.);
#9490=LINE('',#9460,#9480);
#9500=CARTESIAN_POINT('',(-25.0999999999894,5.99999976936086,
-8.15000000166683));
#9510=VERTEX_POINT('',#9500);
#9520=EDGE_CURVE('',#9430,#9510,#9490,.T.);
#9530=ORIENTED_EDGE('',*,*,#9520,.F.);
#9540=CARTESIAN_POINT('',(-32.9742754795343,5.99999976936086,
-8.15000000163902));
#9550=DIRECTION('',(1.,0.,0.));
#9560=VECTOR('',#9550,1.);
#9570=LINE('',#9540,#9560);
#9580=CARTESIAN_POINT('',(-22.4502670232887,5.99999976936086,
-8.15000000166683));
#9590=VERTEX_POINT('',#9580);
#9600=EDGE_CURVE('',#9510,#9590,#9570,.T.);
#9610=ORIENTED_EDGE('',*,*,#9600,.F.);
#9620=CARTESIAN_POINT('',(-22.4502670232886,5.29999976936086,
-8.15000000163902));
#9630=DIRECTION('',(0.,0.,-1.));
#9640=DIRECTION('',(-1.,0.,0.));
#9650=AXIS2_PLACEMENT_3D('',#9620,#9630,#9640);
#9660=CIRCLE('',#9650,0.7);
#9670=CARTESIAN_POINT('',(-21.755441569802,5.38495616516007,
-8.15000000166683));
#9680=VERTEX_POINT('',#9670);
#9690=EDGE_CURVE('',#9590,#9680,#9660,.T.);
#9700=ORIENTED_EDGE('',*,*,#9690,.F.);
#9710=CARTESIAN_POINT('',(-29.2000000000073,4.4747090672469,
-8.15000000163902));
#9720=DIRECTION('',(0.,0.,1.));
#9730=DIRECTION('',(1.,0.,0.));
#9740=AXIS2_PLACEMENT_3D('',#9710,#9720,#9730);
#9750=CIRCLE('',#9740,7.5);
#9760=CARTESIAN_POINT('',(-21.9272727272807,2.64237776082331,
-8.15000000166683));
#9770=VERTEX_POINT('',#9760);
#9780=EDGE_CURVE('',#9770,#9680,#9750,.T.);
#9790=ORIENTED_EDGE('',*,*,#9780,.T.);
#9800=CARTESIAN_POINT('',(9.20000000000737,-5.20000023064252,
-8.15000000163902));
#9810=DIRECTION('',(0.,0.,1.));
#9820=DIRECTION('',(1.,0.,0.));
#9830=AXIS2_PLACEMENT_3D('',#9800,#9810,#9820);
#9840=CIRCLE('',#9830,32.1);
#9850=CARTESIAN_POINT('',(-22.7702453151326,-2.3167009936973,
-8.15000000166683));
#9860=VERTEX_POINT('',#9850);
#9870=EDGE_CURVE('',#9770,#9860,#9840,.T.);
#9880=ORIENTED_EDGE('',*,*,#9870,.F.);
#9890=CARTESIAN_POINT('',(-23.5172136636172,-2.24933418909578,
-8.15000000163902));
#9900=DIRECTION('',(0.,0.,1.));
#9910=DIRECTION('',(1.,0.,0.));
#9920=AXIS2_PLACEMENT_3D('',#9890,#9900,#9910);
#9930=CIRCLE('',#9920,0.75);
#9940=CARTESIAN_POINT('',(-24.0475437495071,-2.77966427498569,
-8.15000000166683));
#9950=VERTEX_POINT('',#9940);
#9960=EDGE_CURVE('',#9950,#9860,#9930,.T.);
#9970=ORIENTED_EDGE('',*,*,#9960,.T.);
#9980=CARTESIAN_POINT('',(-35.2062479450857,8.37903992059293,
-8.15000000163902));
#9990=DIRECTION('',(-0.707106781186548,0.707106781186548,0.));
#10000=VECTOR('',#9990,1.);
#10010=LINE('',#9980,#10000);
#10020=CARTESIAN_POINT('',(-25.4171572875112,-1.4100507369816,
-8.15000000166683));
#10030=VERTEX_POINT('',#10020);
#10040=EDGE_CURVE('',#9950,#10030,#10010,.T.);
#10050=ORIENTED_EDGE('',*,*,#10040,.F.);
#10060=CARTESIAN_POINT('',(-25.6999999999891,-1.6928934494529,
-8.15000000163902));
#10070=DIRECTION('',(0.,0.,1.));
#10080=DIRECTION('',(1.,0.,0.));
#10090=AXIS2_PLACEMENT_3D('',#10060,#10070,#10080);
#10100=CIRCLE('',#10090,0.4);
#10110=CARTESIAN_POINT('',(-26.0999999999891,-1.69289344945964,
-8.15000000166683));
#10120=VERTEX_POINT('',#10110);
#10130=EDGE_CURVE('',#10030,#10120,#10100,.T.);
#10140=ORIENTED_EDGE('',*,*,#10130,.F.);
#10150=CARTESIAN_POINT('',(-26.0999999999891,8.37903992059293,
-8.15000000163902));
#10160=DIRECTION('',(0.,-1.,0.));
#10170=VECTOR('',#10160,1.);
#10180=LINE('',#10150,#10170);
#10190=CARTESIAN_POINT('',(-26.0999999999891,-6.85000023063946,
-8.15000000166683));
#10200=VERTEX_POINT('',#10190);
#10210=EDGE_CURVE('',#10120,#10200,#10180,.T.);
#10220=ORIENTED_EDGE('',*,*,#10210,.F.);
#10230=CARTESIAN_POINT('',(-32.9742754795343,-6.85000023064619,
-8.15000000163902));
#10240=DIRECTION('',(-1.,0.,0.));
#10250=VECTOR('',#10240,1.);
#10260=LINE('',#10230,#10250);
#10270=CARTESIAN_POINT('',(-20.4340605720008,-6.85000023063946,
-8.15000000166683));
#10280=VERTEX_POINT('',#10270);
#10290=EDGE_CURVE('',#10280,#10200,#10260,.T.);
#10300=ORIENTED_EDGE('',*,*,#10290,.T.);
#10310=CARTESIAN_POINT('',(-27.4999999999891,-0.500000230639454,
-8.15000000163902));
#10320=DIRECTION('',(0.,0.,1.));
#10330=DIRECTION('',(1.,0.,0.));
#10340=AXIS2_PLACEMENT_3D('',#10310,#10320,#10330);
#10350=CIRCLE('',#10340,9.5);
#10360=CARTESIAN_POINT('',(-19.5199999999807,-5.65457101780162,
-8.15000000166683));
#10370=VERTEX_POINT('',#10360);
#10380=EDGE_CURVE('',#10280,#10370,#10350,.T.);
#10390=ORIENTED_EDGE('',*,*,#10380,.F.);
#10400=CARTESIAN_POINT('',(-25.3999999999892,-1.85646622726462,
-8.15000000163902));
#10410=DIRECTION('',(0.,0.,1.));
#10420=DIRECTION('',(1.,0.,0.));
#10430=AXIS2_PLACEMENT_3D('',#10400,#10410,#10420);
#10440=CIRCLE('',#10430,7.);
#10450=CARTESIAN_POINT('',(-18.3999999999892,-1.85646622726462,
-8.15000000166683));
#10460=VERTEX_POINT('',#10450);
#10470=EDGE_CURVE('',#10370,#10460,#10440,.T.);
#10480=ORIENTED_EDGE('',*,*,#10470,.F.);
#10490=CARTESIAN_POINT('',(-18.3999999999892,8.37903992059293,
-8.15000000163902));
#10500=DIRECTION('',(0.,1.,0.));
#10510=VECTOR('',#10500,1.);
#10520=LINE('',#10490,#10510);
#10530=CARTESIAN_POINT('',(-18.3999999999892,-1.30000023063351,
-8.15000000166683));
#10540=VERTEX_POINT('',#10530);
#10550=EDGE_CURVE('',#10460,#10540,#10520,.T.);
#10560=ORIENTED_EDGE('',*,*,#10550,.F.);
#10570=CARTESIAN_POINT('',(-32.9742754795343,-2.57508411419761,
-8.15000000163902));
#10580=DIRECTION('',(-0.996194698091745,-0.0871557427476619,0.));
#10590=VECTOR('',#10580,1.);
#10600=LINE('',#10570,#10590);
#10610=CARTESIAN_POINT('',(-19.2999999999892,-1.37874002780684,
-8.15000000166683));
#10620=VERTEX_POINT('',#10610);
#10630=EDGE_CURVE('',#10540,#10620,#10600,.T.);
#10640=ORIENTED_EDGE('',*,*,#10630,.F.);
#10650=CARTESIAN_POINT('',(-19.2999999999892,8.37903992059293,
-8.15000000163902));
#10660=DIRECTION('',(0.,1.,0.));
#10670=VECTOR('',#10660,1.);
#10680=LINE('',#10650,#10670);
#10690=CARTESIAN_POINT('',(-19.2999999999892,-0.300000230639442,
-8.15000000166683));
#10700=VERTEX_POINT('',#10690);
#10710=EDGE_CURVE('',#10620,#10700,#10680,.T.);
#10720=ORIENTED_EDGE('',*,*,#10710,.F.);
#10730=CARTESIAN_POINT('',(-10.9999999999891,-0.300000230639444,
-8.15000000163902));
#10740=DIRECTION('',(0.,0.,1.));
#10750=DIRECTION('',(1.,0.,0.));
#10760=AXIS2_PLACEMENT_3D('',#10730,#10740,#10750);
#10770=CIRCLE('',#10760,8.3);
#10780=CARTESIAN_POINT('',(-18.3351716529821,3.58397412832958,
-8.15000000166683));
#10790=VERTEX_POINT('',#10780);
#10800=EDGE_CURVE('',#10790,#10700,#10770,.T.);
#10810=ORIENTED_EDGE('',*,*,#10800,.T.);
#10820=CARTESIAN_POINT('',(-17.8932938425582,3.34999976936055,
-8.15000000163902));
#10830=DIRECTION('',(0.,0.,1.));
#10840=DIRECTION('',(1.,0.,0.));
#10850=AXIS2_PLACEMENT_3D('',#10820,#10830,#10840);
#10860=CIRCLE('',#10850,0.5);
#10870=CARTESIAN_POINT('',(-17.4514160321399,3.11602541038087,
-8.15000000166683));
#10880=VERTEX_POINT('',#10870);
#10890=EDGE_CURVE('',#10880,#10790,#10860,.T.);
#10900=ORIENTED_EDGE('',*,*,#10890,.T.);
#10910=CARTESIAN_POINT('',(-10.9999999999891,-0.300000230639444,
-8.15000000163902));
#10920=DIRECTION('',(0.,0.,1.));
#10930=DIRECTION('',(1.,0.,0.));
#10940=AXIS2_PLACEMENT_3D('',#10910,#10920,#10930);
#10950=CIRCLE('',#10940,7.3);
#10960=CARTESIAN_POINT('',(-18.2493049422122,0.55882329876565,
-8.15000000166683));
#10970=VERTEX_POINT('',#10960);
#10980=EDGE_CURVE('',#10880,#10970,#10950,.T.);
#10990=ORIENTED_EDGE('',*,*,#10980,.F.);
#11000=CARTESIAN_POINT('',(-17.7527772064428,0.499999769360553,
-8.15000000163902));
#11010=DIRECTION('',(0.,0.,1.));
#11020=DIRECTION('',(1.,0.,0.));
#11030=AXIS2_PLACEMENT_3D('',#11000,#11010,#11020);
#11040=CIRCLE('',#11030,0.5);
#11050=CARTESIAN_POINT('',(-17.7527772064429,-2.30639447096337E-7,
-8.15000000166683));
#11060=VERTEX_POINT('',#11050);
#11070=EDGE_CURVE('',#10970,#11060,#11040,.T.);
#11080=ORIENTED_EDGE('',*,*,#11070,.F.);
#11090=CARTESIAN_POINT('',(-5.12638860322073,-2.30640207377064E-7,
-8.15000000163902));
#11100=DIRECTION('',(-1.,-2.71926214689131E-32,0.));
#11110=VECTOR('',#11100,1.);
#11120=LINE('',#11090,#11110);
#11130=CARTESIAN_POINT('',(7.70000000000147,-2.30640207377064E-7,
-8.15000000166683));
#11140=VERTEX_POINT('',#11130);
#11150=EDGE_CURVE('',#11140,#11060,#11120,.T.);
#11160=ORIENTED_EDGE('',*,*,#11150,.T.);
#11170=CARTESIAN_POINT('',(7.70000000000147,0.599999769361471,
-8.15000000163902));
#11180=DIRECTION('',(0.,1.,0.));
#11190=VECTOR('',#11180,1.);
#11200=LINE('',#11170,#11190);
#11210=EDGE_CURVE('',#11140,#5870,#11200,.T.);
#11220=ORIENTED_EDGE('',*,*,#11210,.F.);
#11230=EDGE_LOOP('',(#11220,#11160,#11080,#10990,#10900,#10810,#10720,
#10640,#10560,#10480,#10390,#10300,#10220,#10140,#10050,#9970,#9880,
#9790,#9700,#9610,#9530,#9450,#9360,#9280,#9190,#9110,#9030,#8950,#8870,
#8790,#8710,#8630,#8550,#8470,#8390,#8310,#8230,#8150,#8070,#7990,#7910,
#7830,#7750,#7670,#7590,#7510,#7430,#7350,#7270,#7190,#7110,#7030,#6950,
#6870,#6780,#6700,#6610,#6530,#6450,#6370,#6290,#6210,#6130,#6050,#5970,
#5890));
#11240=FACE_OUTER_BOUND('',#11230,.T.);
#11250=ADVANCED_FACE('',(#11240),#5790,.F.);
#11260=COLOUR_RGB('',0.560784339904785,0.588235318660736,
0.600000023841858);
#11270=FILL_AREA_STYLE_COLOUR('',#11260);
#11280=FILL_AREA_STYLE('',(#11270));
#11290=SURFACE_STYLE_FILL_AREA(#11280);
#11300=SURFACE_SIDE_STYLE('',(#11290));
#11310=SURFACE_STYLE_USAGE(.BOTH.,#11300);
#11320=PRESENTATION_STYLE_ASSIGNMENT((#11310));
#11330=CARTESIAN_POINT('',(-19.2999999999892,-0.300000230639442,
-1.66682312396915E-9));
#11340=DIRECTION('',(-1.,0.,0.));
#11350=DIRECTION('',(0.,1.,0.));
#11360=AXIS2_PLACEMENT_3D('',#11330,#11340,#11350);
#11370=PLANE('',#11360);
#11380=ORIENTED_EDGE('',*,*,#660,.F.);
#11390=CARTESIAN_POINT('',(-19.2999999999892,-0.300000230639442,
-1.66682312396915E-9));
#11400=DIRECTION('',(0.,0.,-1.));
#11410=VECTOR('',#11400,1.);
#11420=LINE('',#11390,#11410);
#11430=EDGE_CURVE('',#570,#10700,#11420,.T.);
#11440=ORIENTED_EDGE('',*,*,#11430,.F.);
#11450=ORIENTED_EDGE('',*,*,#10710,.T.);
#11460=CARTESIAN_POINT('',(-19.2999999999892,-1.37874002780684,
-1.66682312396915E-9));
#11470=DIRECTION('',(0.,0.,-1.));
#11480=VECTOR('',#11470,1.);
#11490=LINE('',#11460,#11480);
#11500=EDGE_CURVE('',#650,#10620,#11490,.T.);
#11510=ORIENTED_EDGE('',*,*,#11500,.T.);
#11520=EDGE_LOOP('',(#11510,#11450,#11440,#11380));
#11530=FACE_OUTER_BOUND('',#11520,.T.);
#11540=ADVANCED_FACE('',(#11530),#11370,.F.);
#11550=COLOUR_RGB('',0.560784339904785,0.588235318660736,
0.600000023841858);
#11560=FILL_AREA_STYLE_COLOUR('',#11550);
#11570=FILL_AREA_STYLE('',(#11560));
#11580=SURFACE_STYLE_FILL_AREA(#11570);
#11590=SURFACE_SIDE_STYLE('',(#11580));
#11600=SURFACE_STYLE_USAGE(.BOTH.,#11590);
#11610=PRESENTATION_STYLE_ASSIGNMENT((#11600));
#11620=CARTESIAN_POINT('',(19.7000000000011,30.3857862070012,
-1.66682312396915E-9));
#11630=DIRECTION('',(-1.,0.,0.));
#11640=DIRECTION('',(0.,1.,0.));
#11650=AXIS2_PLACEMENT_3D('',#11620,#11630,#11640);
#11660=PLANE('',#11650);
#11670=ORIENTED_EDGE('',*,*,#4510,.T.);
#11680=CARTESIAN_POINT('',(19.7000000000005,30.7999997693785,
-1.66682312396915E-9));
#11690=DIRECTION('',(-1.45325078413767E-13,1.45325078413898E-13,-1.));
#11700=VECTOR('',#11690,1.);
#11710=LINE('',#11680,#11700);
#11720=EDGE_CURVE('',#4420,#7010,#11710,.T.);
#11730=ORIENTED_EDGE('',*,*,#11720,.F.);
#11740=ORIENTED_EDGE('',*,*,#7020,.F.);
#11750=CARTESIAN_POINT('',(19.7000000000005,29.5999997693797,
-1.66682312396915E-9));
#11760=DIRECTION('',(1.45325078413767E-13,2.07545721066263E-13,1.));
#11770=VECTOR('',#11760,1.);
#11780=LINE('',#11750,#11770);
#11790=EDGE_CURVE('',#6930,#4500,#11780,.T.);
#11800=ORIENTED_EDGE('',*,*,#11790,.F.);
#11810=EDGE_LOOP('',(#11800,#11740,#11730,#11670));
#11820=FACE_OUTER_BOUND('',#11810,.T.);
#11830=ADVANCED_FACE('',(#11820),#11660,.F.);
#11840=COLOUR_RGB('',0.560784339904785,0.588235318660736,
0.600000023841858);
#11850=FILL_AREA_STYLE_COLOUR('',#11840);
#11860=FILL_AREA_STYLE('',(#11850));
#11870=SURFACE_STYLE_FILL_AREA(#11860);
#11880=SURFACE_SIDE_STYLE('',(#11870));
#11890=SURFACE_STYLE_USAGE(.BOTH.,#11880);
#11900=PRESENTATION_STYLE_ASSIGNMENT((#11890));
#11910=CARTESIAN_POINT('',(19.5191520442902,29.3417221219086,
-1.66682312396915E-9));
#11920=DIRECTION('',(-0.819152044288992,0.573576436351046,0.));
#11930=DIRECTION('',(0.573576436351046,0.819152044288992,0.));
#11940=AXIS2_PLACEMENT_3D('',#11910,#11920,#11930);
#11950=PLANE('',#11940);
#11960=CARTESIAN_POINT('',(-0.606018608093827,0.599999769361471,
-7.40000000163901));
#11970=DIRECTION('',(0.573576436351046,0.819152044288992,0.));
#11980=VECTOR('',#11970,1.);
#11990=LINE('',#11960,#11980);
#12000=CARTESIAN_POINT('',(18.9159356899788,28.4802398878587,
-7.40000000163901));
#12010=VERTEX_POINT('',#12000);
#12020=CARTESIAN_POINT('',(19.5054790530769,29.3221950667611,
-7.40000000163901));
#12030=VERTEX_POINT('',#12020);
#12040=EDGE_CURVE('',#12010,#12030,#11990,.T.);
#12050=ORIENTED_EDGE('',*,*,#12040,.F.);
#12060=CARTESIAN_POINT('',(19.5054790530769,29.3221950667611,
-1.66682312396915E-9));
#12070=DIRECTION('',(0.,0.,1.));
#12080=VECTOR('',#12070,1.);
#12090=LINE('',#12060,#12080);
#12100=CARTESIAN_POINT('',(19.5054790530769,29.3221950667611,
-0.750000001639014));
#12110=VERTEX_POINT('',#12100);
#12120=EDGE_CURVE('',#12030,#12110,#12090,.T.);
#12130=ORIENTED_EDGE('',*,*,#12120,.F.);
#12140=CARTESIAN_POINT('',(-0.606018608093827,0.599999769361471,
-0.750000001639014));
#12150=DIRECTION('',(0.573576436351046,0.819152044288992,0.));
#12160=VECTOR('',#12150,1.);
#12170=LINE('',#12140,#12160);
#12180=CARTESIAN_POINT('',(18.9159356899775,28.4802398878582,
-0.750000001639014));
#12190=VERTEX_POINT('',#12180);
#12200=EDGE_CURVE('',#12190,#12110,#12170,.T.);
#12210=ORIENTED_EDGE('',*,*,#12200,.T.);
#12220=CARTESIAN_POINT('',(18.9159356899775,28.4802398878582,
2.99836200312598E-6));
#12230=DIRECTION('',(0.,0.,-1.));
#12240=VECTOR('',#12230,1.);
#12250=LINE('',#12220,#12240);
#12260=EDGE_CURVE('',#4580,#12190,#12250,.T.);
#12270=ORIENTED_EDGE('',*,*,#12260,.T.);
#12280=ORIENTED_EDGE('',*,*,#4590,.F.);
#12290=ORIENTED_EDGE('',*,*,#11790,.T.);
#12300=ORIENTED_EDGE('',*,*,#6940,.T.);
#12310=CARTESIAN_POINT('',(18.9159356899788,28.4802398878587,
-8.15000300163902));
#12320=DIRECTION('',(0.,0.,1.));
#12330=VECTOR('',#12320,1.);
#12340=LINE('',#12310,#12330);
#12350=EDGE_CURVE('',#6850,#12010,#12340,.T.);
#12360=ORIENTED_EDGE('',*,*,#12350,.F.);
#12370=EDGE_LOOP('',(#12360,#12300,#12290,#12280,#12270,#12210,#12130,
#12050));
#12380=FACE_OUTER_BOUND('',#12370,.T.);
#12390=ADVANCED_FACE('',(#12380),#11950,.F.);
#12400=COLOUR_RGB('',0.560784339904785,0.588235318660736,
0.600000023841858);
#12410=FILL_AREA_STYLE_COLOUR('',#12400);
#12420=FILL_AREA_STYLE('',(#12410));
#12430=SURFACE_STYLE_FILL_AREA(#12420);
#12440=SURFACE_SIDE_STYLE('',(#12430));
#12450=SURFACE_STYLE_USAGE(.BOTH.,#12440);
#12460=PRESENTATION_STYLE_ASSIGNMENT((#12450));
#12470=CARTESIAN_POINT('',(24.6500000000014,24.4652048334008,
-1.66682312396915E-9));
#12480=DIRECTION('',(0.,0.,1.));
#12490=DIRECTION('',(1.,0.,0.));
#12500=AXIS2_PLACEMENT_3D('',#12470,#12480,#12490);
#12510=CYLINDRICAL_SURFACE('',#12500,7.);
#12520=CARTESIAN_POINT('',(24.6500000000014,24.4652048334008,
-7.40000000163901));
#12530=DIRECTION('',(0.,0.,1.));
#12540=DIRECTION('',(1.,0.,0.));
#12550=AXIS2_PLACEMENT_3D('',#12520,#12530,#12540);
#12560=CIRCLE('',#12550,7.);
#12570=CARTESIAN_POINT('',(17.6500000000004,24.4652048334008,
-7.40000000163901));
#12580=VERTEX_POINT('',#12570);
#12590=EDGE_CURVE('',#12010,#12580,#12560,.T.);
#12600=ORIENTED_EDGE('',*,*,#12590,.T.);
#12610=ORIENTED_EDGE('',*,*,#12350,.T.);
#12620=ORIENTED_EDGE('',*,*,#6860,.F.);
#12630=CARTESIAN_POINT('',(17.6500000000004,24.4652048334008,
-7.39999700163901));
#12640=DIRECTION('',(0.,0.,-1.));
#12650=VECTOR('',#12640,1.);
#12660=LINE('',#12630,#12650);
#12670=EDGE_CURVE('',#12580,#6760,#12660,.T.);
#12680=ORIENTED_EDGE('',*,*,#12670,.T.);
#12690=EDGE_LOOP('',(#12680,#12620,#12610,#12600));
#12700=FACE_OUTER_BOUND('',#12690,.T.);
#12710=ADVANCED_FACE('',(#12700),#12510,.F.);
#12720=COLOUR_RGB('',0.560784339904785,0.588235318660736,
0.600000023841858);
#12730=FILL_AREA_STYLE_COLOUR('',#12720);
#12740=FILL_AREA_STYLE('',(#12730));
#12750=SURFACE_STYLE_FILL_AREA(#12740);
#12760=SURFACE_SIDE_STYLE('',(#12750));
#12770=SURFACE_STYLE_USAGE(.BOTH.,#12760);
#12780=PRESENTATION_STYLE_ASSIGNMENT((#12770));
#12790=CARTESIAN_POINT('',(17.6500000000014,24.4652048334008,
-1.66682312396915E-9));
#12800=DIRECTION('',(-1.,-8.00094898427962E-17,-0.));
#12810=DIRECTION('',(-8.00094898427962E-17,1.,0.));
#12820=AXIS2_PLACEMENT_3D('',#12790,#12800,#12810);
#12830=PLANE('',#12820);
#12840=CARTESIAN_POINT('',(17.6500000000014,0.599999769361471,
-7.40000000163901));
#12850=DIRECTION('',(-8.00094898427962E-17,1.,0.));
#12860=VECTOR('',#12850,1.);
#12870=LINE('',#12840,#12860);
#12880=CARTESIAN_POINT('',(17.649999999994,22.0999999999848,
-7.40000000163901));
#12890=VERTEX_POINT('',#12880);
#12900=EDGE_CURVE('',#12890,#12580,#12870,.T.);
#12910=ORIENTED_EDGE('',*,*,#12900,.F.);
#12920=ORIENTED_EDGE('',*,*,#12670,.F.);
#12930=ORIENTED_EDGE('',*,*,#6770,.F.);
#12940=CARTESIAN_POINT('',(17.649999999994,22.0999999999848,
2.99836098527351E-6));
#12950=DIRECTION('',(0.,0.,-1.));
#12960=VECTOR('',#12950,1.);
#12970=LINE('',#12940,#12960);
#12980=EDGE_CURVE('',#12890,#6680,#12970,.T.);
#12990=ORIENTED_EDGE('',*,*,#12980,.T.);
#13000=EDGE_LOOP('',(#12990,#12930,#12920,#12910));
#13010=FACE_OUTER_BOUND('',#13000,.T.);
#13020=ADVANCED_FACE('',(#13010),#12830,.F.);
#13030=COLOUR_RGB('',0.560784339904785,0.588235318660736,
0.600000023841858);
#13040=FILL_AREA_STYLE_COLOUR('',#13030);
#13050=FILL_AREA_STYLE('',(#13040));
#13060=SURFACE_STYLE_FILL_AREA(#13050);
#13070=SURFACE_SIDE_STYLE('',(#13060));
#13080=SURFACE_STYLE_USAGE(.BOTH.,#13070);
#13090=PRESENTATION_STYLE_ASSIGNMENT((#13080));
#13100=CARTESIAN_POINT('',(17.6500000000014,24.4652048334008,
-8.15000300163902));
#13110=DIRECTION('',(0.,0.,1.));
#13120=VECTOR('',#13110,1.);
#13130=LINE('',#13100,#13120);
#13140=CARTESIAN_POINT('',(17.6500000000014,24.4652048334008,
-0.750000001639014));
#13150=VERTEX_POINT('',#13140);
#13160=EDGE_CURVE('',#13150,#4670,#13130,.T.);
#13170=ORIENTED_EDGE('',*,*,#13160,.F.);
#13180=ORIENTED_EDGE('',*,*,#4680,.T.);
#13190=ORIENTED_EDGE('',*,*,#12260,.F.);
#13200=CARTESIAN_POINT('',(24.6500000000014,24.4652048334008,
-0.750000001639014));
#13210=DIRECTION('',(0.,0.,1.));
#13220=DIRECTION('',(1.,0.,0.));
#13230=AXIS2_PLACEMENT_3D('',#13200,#13210,#13220);
#13240=CIRCLE('',#13230,7.);
#13250=EDGE_CURVE('',#12190,#13150,#13240,.T.);
#13260=ORIENTED_EDGE('',*,*,#13250,.F.);
#13270=EDGE_LOOP('',(#13260,#13190,#13180,#13170));
#13280=FACE_OUTER_BOUND('',#13270,.T.);
#13290=ADVANCED_FACE('',(#13280),#12510,.F.);
#13300=COLOUR_RGB('',0.560784339904785,0.588235318660736,
0.600000023841858);
#13310=FILL_AREA_STYLE_COLOUR('',#13300);
#13320=FILL_AREA_STYLE('',(#13310));
#13330=SURFACE_STYLE_FILL_AREA(#13320);
#13340=SURFACE_SIDE_STYLE('',(#13330));
#13350=SURFACE_STYLE_USAGE(.BOTH.,#13340);
#13360=PRESENTATION_STYLE_ASSIGNMENT((#13350));
#13370=CARTESIAN_POINT('',(13.7479529999846,17.506811000001,
-7.40000000163901));
#13380=DIRECTION('',(0.,0.,1.));
#13390=DIRECTION('',(1.,0.,0.));
#13400=AXIS2_PLACEMENT_3D('',#13370,#13380,#13390);
#13410=PLANE('',#13400);
#13420=ORIENTED_EDGE('',*,*,#12040,.T.);
#13430=ORIENTED_EDGE('',*,*,#12590,.F.);
#13440=ORIENTED_EDGE('',*,*,#12900,.T.);
#13450=CARTESIAN_POINT('',(42.649999999994,22.0999999999848,
-7.40000000163901));
#13460=DIRECTION('',(0.,0.,1.));
#13470=DIRECTION('',(1.,0.,0.));
#13480=AXIS2_PLACEMENT_3D('',#13450,#13460,#13470);
#13490=CIRCLE('',#13480,25.);
#13500=CARTESIAN_POINT('',(20.008445391033,11.499999769351,
-7.40000000163901));
#13510=VERTEX_POINT('',#13500);
#13520=EDGE_CURVE('',#12890,#13510,#13490,.T.);
#13530=ORIENTED_EDGE('',*,*,#13520,.F.);
#13540=CARTESIAN_POINT('',(28.7742754795362,7.80473134896971,
-7.40000000163901));
#13550=DIRECTION('',(-0.921470147258837,0.388449182919436,0.));
#13560=VECTOR('',#13550,1.);
#13570=LINE('',#13540,#13560);
#13580=CARTESIAN_POINT('',(14.2210741821198,13.9396877223915,
-7.40000000163902));
#13590=VERTEX_POINT('',#13580);
#13600=EDGE_CURVE('',#13510,#13590,#13570,.T.);
#13610=ORIENTED_EDGE('',*,*,#13600,.F.);
#13620=CARTESIAN_POINT('',(18.153045950512,8.37903992059295,
-7.40000000163902));
#13630=DIRECTION('',(0.577350269184772,-0.816496580931159,0.));
#13640=VECTOR('',#13630,1.);
#13650=LINE('',#13620,#13640);
#13660=CARTESIAN_POINT('',(13.0999999999477,15.5251260352656,
-7.40000000163901));
#13670=VERTEX_POINT('',#13660);
#13680=EDGE_CURVE('',#13670,#13590,#13650,.T.);
#13690=ORIENTED_EDGE('',*,*,#13680,.T.);
#13700=CARTESIAN_POINT('',(13.0999999999477,8.37903992059295,
-7.40000000163901));
#13710=DIRECTION('',(0.,-1.,0.));
#13720=VECTOR('',#13710,1.);
#13730=LINE('',#13700,#13720);
#13740=CARTESIAN_POINT('',(13.0999999999871,21.0437738467211,
-7.40000000163901));
#13750=VERTEX_POINT('',#13740);
#13760=EDGE_CURVE('',#13750,#13670,#13730,.T.);
#13770=ORIENTED_EDGE('',*,*,#13760,.T.);
#13780=CARTESIAN_POINT('',(3.30058466214594,8.37903992059295,
-7.40000000163901));
#13790=DIRECTION('',(0.611956859996264,0.790891143902568,0.));
#13800=VECTOR('',#13790,1.);
#13810=LINE('',#13780,#13800);
#13820=EDGE_CURVE('',#13750,#12030,#13810,.T.);
#13830=ORIENTED_EDGE('',*,*,#13820,.F.);
#13840=EDGE_LOOP('',(#13830,#13770,#13690,#13610,#13530,#13440,#13430,
#13420));
#13850=FACE_OUTER_BOUND('',#13840,.T.);
#13860=ADVANCED_FACE('',(#13850),#13410,.T.);
#13870=COLOUR_RGB('',0.560784339904785,0.588235318660736,
0.600000023841858);
#13880=FILL_AREA_STYLE_COLOUR('',#13870);
#13890=FILL_AREA_STYLE('',(#13880));
#13900=SURFACE_STYLE_FILL_AREA(#13890);
#13910=SURFACE_SIDE_STYLE('',(#13900));
#13920=SURFACE_STYLE_USAGE(.BOTH.,#13910);
#13930=PRESENTATION_STYLE_ASSIGNMENT((#13920));
#13940=CARTESIAN_POINT('',(2.47500000000326,19.8157104932044,
-5.65000000163902));
#13950=DIRECTION('',(-0.,1.,0.));
#13960=DIRECTION('',(1.,0.,0.));
#13970=AXIS2_PLACEMENT_3D('',#13940,#13950,#13960);
#13980=PLANE('',#13970);
#13990=CARTESIAN_POINT('',(-5.12638860322073,19.8157104932044,
-5.65000000163901));
#14000=DIRECTION('',(-1.,0.,0.));
#14010=VECTOR('',#14000,1.);
#14020=LINE('',#13990,#14010);
#14030=CARTESIAN_POINT('',(11.3499999999477,19.8157104932044,
-5.65000000163901));
#14040=VERTEX_POINT('',#14030);
#14050=CARTESIAN_POINT('',(2.47500000000326,19.8157104932044,
-5.65000000163901));
#14060=VERTEX_POINT('',#14050);
#14070=EDGE_CURVE('',#14040,#14060,#14020,.T.);
#14080=ORIENTED_EDGE('',*,*,#14070,.F.);
#14090=CARTESIAN_POINT('',(2.47500000000326,19.8157104932044,
-5.65000000163902));
#14100=DIRECTION('',(0.,0.,1.));
#14110=VECTOR('',#14100,1.);
#14120=LINE('',#14090,#14110);
#14130=CARTESIAN_POINT('',(2.47500000000326,19.8157104932044,
-1.25000000166675));
#14140=VERTEX_POINT('',#14130);
#14150=EDGE_CURVE('',#14060,#14140,#14120,.T.);
#14160=ORIENTED_EDGE('',*,*,#14150,.F.);
#14170=CARTESIAN_POINT('',(-5.12638860322073,19.8157104932044,
-1.25000000166675));
#14180=DIRECTION('',(1.,0.,0.));
#14190=VECTOR('',#14180,1.);
#14200=LINE('',#14170,#14190);
#14210=CARTESIAN_POINT('',(11.7499999999755,19.8157104932044,
-1.25000000166675));
#14220=VERTEX_POINT('',#14210);
#14230=EDGE_CURVE('',#14140,#14220,#14200,.T.);
#14240=ORIENTED_EDGE('',*,*,#14230,.F.);
#14250=CARTESIAN_POINT('',(-5.12638860322073,19.8157104932044,
-18.126388604863));
#14260=DIRECTION('',(0.707106781186548,0.,0.707106781186547));
#14270=VECTOR('',#14260,1.);
#14280=LINE('',#14250,#14270);
#14290=CARTESIAN_POINT('',(12.1497784688845,19.8157104932044,
-0.850221532757754));
#14300=VERTEX_POINT('',#14290);
#14310=EDGE_CURVE('',#14220,#14300,#14280,.T.);
#14320=ORIENTED_EDGE('',*,*,#14310,.F.);
#14330=CARTESIAN_POINT('',(12.1497784688845,19.8157104932044,
1.06581410364015E-14));
#14340=DIRECTION('',(0.,0.,-1.));
#14350=VECTOR('',#14340,1.);
#14360=LINE('',#14330,#14350);
#14370=CARTESIAN_POINT('',(12.1497784688845,19.8157104932044,
-6.44977847057575));
#14380=VERTEX_POINT('',#14370);
#14390=EDGE_CURVE('',#14300,#14380,#14360,.T.);
#14400=ORIENTED_EDGE('',*,*,#14390,.F.);
#14410=CARTESIAN_POINT('',(-5.12638860322073,19.8157104932044,
10.8263886015294));
#14420=DIRECTION('',(-0.707106781186548,0.,0.707106781186547));
#14430=VECTOR('',#14420,1.);
#14440=LINE('',#14410,#14430);
#14450=EDGE_CURVE('',#14380,#14040,#14440,.T.);
#14460=ORIENTED_EDGE('',*,*,#14450,.F.);
#14470=EDGE_LOOP('',(#14460,#14400,#14320,#14240,#14160,#14080));
#14480=FACE_OUTER_BOUND('',#14470,.T.);
#14490=ADVANCED_FACE('',(#14480),#13980,.F.);
#14500=COLOUR_RGB('',0.823529481887817,0.823529481887817,
0.784313797950745);
#14510=FILL_AREA_STYLE_COLOUR('',#14500);
#14520=FILL_AREA_STYLE('',(#14510));
#14530=SURFACE_STYLE_FILL_AREA(#14520);
#14540=SURFACE_SIDE_STYLE('',(#14530));
#14550=SURFACE_STYLE_USAGE(.BOTH.,#14540);
#14560=PRESENTATION_STYLE_ASSIGNMENT((#14550));
#14570=CARTESIAN_POINT('',(2.47500000000326,8.49999976936559,
-1.649999999999));
#14580=DIRECTION('',(1.,0.,1.22464679914735E-16));
#14590=DIRECTION('',(-1.38383250655425E-28,-1.,1.12998499446348E-12));
#14600=AXIS2_PLACEMENT_3D('',#14570,#14580,#14590);
#14610=PLANE('',#14600);
#14620=ORIENTED_EDGE('',*,*,#14150,.T.);
#14630=CARTESIAN_POINT('',(2.47500000000326,0.599999769361471,
-5.65000000163901));
#14640=DIRECTION('',(0.,1.,0.));
#14650=VECTOR('',#14640,1.);
#14660=LINE('',#14630,#14650);
#14670=CARTESIAN_POINT('',(2.47500000000326,16.2499997693663,
-5.65000000163901));
#14680=VERTEX_POINT('',#14670);
#14690=EDGE_CURVE('',#14680,#14060,#14660,.T.);
#14700=ORIENTED_EDGE('',*,*,#14690,.T.);
#14710=CARTESIAN_POINT('',(2.47500000000326,0.599999769361471,
9.99999999797107));
#14720=DIRECTION('',(-1.11022302462516E-16,-0.707106781195465,
0.70710678117763));
#14730=VECTOR('',#14720,1.);
#14740=LINE('',#14710,#14730);
#14750=CARTESIAN_POINT('',(2.47500000000326,15.1499997693663,
-4.55000000166676));
#14760=VERTEX_POINT('',#14750);
#14770=EDGE_CURVE('',#14680,#14760,#14740,.T.);
#14780=ORIENTED_EDGE('',*,*,#14770,.F.);
#14790=CARTESIAN_POINT('',(2.47500000000326,15.1499997693663,
-1.66682312396915E-9));
#14800=DIRECTION('',(-1.22464679914735E-16,0.,1.));
#14810=VECTOR('',#14800,1.);
#14820=LINE('',#14790,#14810);
#14830=CARTESIAN_POINT('',(2.47500000000326,15.1499997693663,
-2.35000000166676));
#14840=VERTEX_POINT('',#14830);
#14850=EDGE_CURVE('',#14760,#14840,#14820,.T.);
#14860=ORIENTED_EDGE('',*,*,#14850,.F.);
#14870=CARTESIAN_POINT('',(2.47500000000326,0.599999769361471,
-16.9000000016716));
#14880=DIRECTION('',(-1.11022302462516E-16,0.707106781186548,
0.707106781186547));
#14890=VECTOR('',#14880,1.);
#14900=LINE('',#14870,#14890);
#14910=CARTESIAN_POINT('',(2.47500000000326,16.2499997693663,
-1.25000000166675));
#14920=VERTEX_POINT('',#14910);
#14930=EDGE_CURVE('',#14840,#14920,#14900,.T.);
#14940=ORIENTED_EDGE('',*,*,#14930,.F.);
#14950=CARTESIAN_POINT('',(2.47500000000326,0.599999769361471,
-1.25000000166675));
#14960=DIRECTION('',(0.,-1.,0.));
#14970=VECTOR('',#14960,1.);
#14980=LINE('',#14950,#14970);
#14990=EDGE_CURVE('',#14140,#14920,#14980,.T.);
#15000=ORIENTED_EDGE('',*,*,#14990,.T.);
#15010=EDGE_LOOP('',(#15000,#14940,#14860,#14780,#14700,#14620));
#15020=FACE_OUTER_BOUND('',#15010,.T.);
#15030=ADVANCED_FACE('',(#15020),#14610,.T.);
#15040=COLOUR_RGB('',0.560784339904785,0.588235318660736,
0.600000023841858);
#15050=FILL_AREA_STYLE_COLOUR('',#15040);
#15060=FILL_AREA_STYLE('',(#15050));
#15070=SURFACE_STYLE_FILL_AREA(#15060);
#15080=SURFACE_SIDE_STYLE('',(#15070));
#15090=SURFACE_STYLE_USAGE(.BOTH.,#15080);
#15100=PRESENTATION_STYLE_ASSIGNMENT((#15090));
#15110=CARTESIAN_POINT('',(10.7499999999755,15.6999997693663,
-5.10000000165289));
#15120=DIRECTION('',(-0.,-0.70710678117763,-0.707106781195465));
#15130=DIRECTION('',(0.,-0.707106781195465,0.70710678117763));
#15140=AXIS2_PLACEMENT_3D('',#15110,#15120,#15130);
#15150=PLANE('',#15140);
#15160=CARTESIAN_POINT('',(-5.12638860322073,16.2499997693663,
-5.65000000163901));
#15170=DIRECTION('',(1.,0.,0.));
#15180=VECTOR('',#15170,1.);
#15190=LINE('',#15160,#15180);
#15200=CARTESIAN_POINT('',(11.3499999999477,16.2499997693663,
-5.65000000163901));
#15210=VERTEX_POINT('',#15200);
#15220=EDGE_CURVE('',#14680,#15210,#15190,.T.);
#15230=ORIENTED_EDGE('',*,*,#15220,.F.);
#15240=CARTESIAN_POINT('',(11.3499999999755,8.37903992059295,
2.22095984693581));
#15250=DIRECTION('',(3.92523114670944E-17,0.707106781195465,
-0.70710678117763));
#15260=VECTOR('',#15250,1.);
#15270=LINE('',#15240,#15260);
#15280=CARTESIAN_POINT('',(11.3499999999755,15.1499997693663,
-4.55000000166676));
#15290=VERTEX_POINT('',#15280);
#15300=EDGE_CURVE('',#15290,#15210,#15270,.T.);
#15310=ORIENTED_EDGE('',*,*,#15300,.T.);
#15320=CARTESIAN_POINT('',(-5.12638860322073,15.1499997693663,
-4.55000000166676));
#15330=DIRECTION('',(1.,0.,0.));
#15340=VECTOR('',#15330,1.);
#15350=LINE('',#15320,#15340);
#15360=EDGE_CURVE('',#14760,#15290,#15350,.T.);
#15370=ORIENTED_EDGE('',*,*,#15360,.T.);
#15380=ORIENTED_EDGE('',*,*,#14770,.T.);
#15390=EDGE_LOOP('',(#15380,#15370,#15310,#15230));
#15400=FACE_OUTER_BOUND('',#15390,.T.);
#15410=ADVANCED_FACE('',(#15400),#15150,.F.);
#15420=COLOUR_RGB('',0.823529481887817,0.823529481887817,
0.784313797950745);
#15430=FILL_AREA_STYLE_COLOUR('',#15420);
#15440=FILL_AREA_STYLE('',(#15430));
#15450=SURFACE_STYLE_FILL_AREA(#15440);
#15460=SURFACE_SIDE_STYLE('',(#15450));
#15470=SURFACE_STYLE_USAGE(.BOTH.,#15460);
#15480=PRESENTATION_STYLE_ASSIGNMENT((#15470));
#15490=CARTESIAN_POINT('',(10.1499999999755,15.1499997693663,
-0.750000001639014));
#15500=DIRECTION('',(-0.,-1.,-0.));
#15510=DIRECTION('',(-1.,0.,0.));
#15520=AXIS2_PLACEMENT_3D('',#15490,#15500,#15510);
#15530=PLANE('',#15520);
#15540=CARTESIAN_POINT('',(-5.12638860322073,15.1499997693663,
-2.35000000166675));
#15550=DIRECTION('',(1.,0.,6.12323399573677E-17));
#15560=VECTOR('',#15550,1.);
#15570=LINE('',#15540,#15560);
#15580=CARTESIAN_POINT('',(11.3499999999755,15.1499997693663,
-2.35000000166675));
#15590=VERTEX_POINT('',#15580);
#15600=EDGE_CURVE('',#14840,#15590,#15570,.T.);
#15610=ORIENTED_EDGE('',*,*,#15600,.T.);
#15620=ORIENTED_EDGE('',*,*,#14850,.T.);
#15630=ORIENTED_EDGE('',*,*,#15360,.F.);
#15640=CARTESIAN_POINT('',(11.3499999999755,15.1499997693663,
1.06581410364015E-14));
#15650=DIRECTION('',(0.,0.,1.));
#15660=VECTOR('',#15650,1.);
#15670=LINE('',#15640,#15660);
#15680=EDGE_CURVE('',#15290,#15590,#15670,.T.);
#15690=ORIENTED_EDGE('',*,*,#15680,.F.);
#15700=EDGE_LOOP('',(#15690,#15630,#15620,#15610));
#15710=FACE_OUTER_BOUND('',#15700,.T.);
#15720=ADVANCED_FACE('',(#15710),#15530,.F.);
#15730=COLOUR_RGB('',0.823529481887817,0.823529481887817,
0.784313797950745);
#15740=FILL_AREA_STYLE_COLOUR('',#15730);
#15750=FILL_AREA_STYLE('',(#15740));
#15760=SURFACE_STYLE_FILL_AREA(#15750);
#15770=SURFACE_SIDE_STYLE('',(#15760));
#15780=SURFACE_STYLE_USAGE(.BOTH.,#15770);
#15790=PRESENTATION_STYLE_ASSIGNMENT((#15780));
#15800=CARTESIAN_POINT('',(10.0249999999868,15.1499997693663,
-2.35000000166675));
#15810=DIRECTION('',(-4.32978028117747E-17,-0.707106781186547,
0.707106781186548));
#15820=DIRECTION('',(-4.32978028117747E-17,0.707106781186548,
0.707106781186547));
#15830=AXIS2_PLACEMENT_3D('',#15800,#15810,#15820);
#15840=PLANE('',#15830);
#15850=CARTESIAN_POINT('',(-5.12638860322073,16.2499997693663,
-1.25000000166675));
#15860=DIRECTION('',(-1.,6.12323399573677E-17,0.));
#15870=VECTOR('',#15860,1.);
#15880=LINE('',#15850,#15870);
#15890=CARTESIAN_POINT('',(11.7499999999755,16.2499997693663,
-1.25000000166675));
#15900=VERTEX_POINT('',#15890);
#15910=EDGE_CURVE('',#15900,#14920,#15880,.T.);
#15920=ORIENTED_EDGE('',*,*,#15910,.F.);
#15930=ORIENTED_EDGE('',*,*,#14930,.T.);
#15940=ORIENTED_EDGE('',*,*,#15600,.F.);
#15950=CARTESIAN_POINT('',(11.4434004316606,15.4068509565004,
-2.09314881453264));
#15960=DIRECTION('',(-0.249029122545875,-0.68483008700116,
-0.68483008700116));
#15970=VECTOR('',#15960,1.);
#15980=LINE('',#15950,#15970);
#15990=EDGE_CURVE('',#15900,#15590,#15980,.T.);
#16000=ORIENTED_EDGE('',*,*,#15990,.T.);
#16010=EDGE_LOOP('',(#16000,#15940,#15930,#15920));
#16020=FACE_OUTER_BOUND('',#16010,.T.);
#16030=ADVANCED_FACE('',(#16020),#15840,.F.);
#16040=COLOUR_RGB('',0.823529481887817,0.823529481887817,
0.784313797950745);
#16050=FILL_AREA_STYLE_COLOUR('',#16040);
#16060=FILL_AREA_STYLE('',(#16050));
#16070=SURFACE_STYLE_FILL_AREA(#16060);
#16080=SURFACE_SIDE_STYLE('',(#16070));
#16090=SURFACE_STYLE_USAGE(.BOTH.,#16080);
#16100=PRESENTATION_STYLE_ASSIGNMENT((#16090));
#16110=CARTESIAN_POINT('',(11.3499999999755,16.2499997693663,
-5.65000000163901));
#16120=DIRECTION('',(-0.707106781186548,-0.499999999993694,
-0.500000000006306));
#16130=DIRECTION('',(0.,0.707106781195465,-0.70710678117763));
#16140=AXIS2_PLACEMENT_3D('',#16110,#16120,#16130);
#16150=PLANE('',#16140);
#16160=CARTESIAN_POINT('',(28.7742754795362,9.03262855136374,
-23.0742754812275));
#16170=DIRECTION('',(0.678598344546803,-0.281084637710203,
-0.678598344546803));
#16180=VECTOR('',#16170,1.);
#16190=LINE('',#16160,#16180);
#16200=EDGE_CURVE('',#15210,#13670,#16190,.T.);
#16210=ORIENTED_EDGE('',*,*,#16200,.F.);
#16220=ORIENTED_EDGE('',*,*,#13680,.F.);
#16230=CARTESIAN_POINT('',(28.7742754795362,7.80473134896971,
-21.8463782788644));
#16240=DIRECTION('',(-0.679929055472475,0.286626633350149,
0.674938258345656));
#16250=VECTOR('',#16240,1.);
#16260=LINE('',#16230,#16250);
#16270=EDGE_CURVE('',#13590,#15290,#16260,.T.);
#16280=ORIENTED_EDGE('',*,*,#16270,.F.);
#16290=ORIENTED_EDGE('',*,*,#15300,.F.);
#16300=EDGE_LOOP('',(#16290,#16280,#16220,#16210));
#16310=FACE_OUTER_BOUND('',#16300,.T.);
#16320=ADVANCED_FACE('',(#16310),#16150,.F.);
#16330=COLOUR_RGB('',0.560784339904785,0.588235318660736,
0.600000023841858);
#16340=FILL_AREA_STYLE_COLOUR('',#16330);
#16350=FILL_AREA_STYLE('',(#16340));
#16360=SURFACE_STYLE_FILL_AREA(#16350);
#16370=SURFACE_SIDE_STYLE('',(#16360));
#16380=SURFACE_STYLE_USAGE(.BOTH.,#16370);
#16390=PRESENTATION_STYLE_ASSIGNMENT((#16380));
#16400=CARTESIAN_POINT('',(13.5079456469475,14.2403097204326,
-12.4261744565307));
#16410=DIRECTION('',(0.388449182919436,0.921470147258837,0.));
#16420=DIRECTION('',(0.921470147258837,-0.388449182919436,0.));
#16430=AXIS2_PLACEMENT_3D('',#16400,#16410,#16420);
#16440=PLANE('',#16430);
#16450=CARTESIAN_POINT('',(28.7742754795362,7.80473134896971,
-0.750000001639014));
#16460=DIRECTION('',(-0.921470147258837,0.388449182919436,0.));
#16470=VECTOR('',#16460,1.);
#16480=LINE('',#16450,#16470);
#16490=CARTESIAN_POINT('',(20.008445391033,11.499999769351,
-0.750000001639014));
#16500=VERTEX_POINT('',#16490);
#16510=CARTESIAN_POINT('',(13.2477057564769,14.3500148184405,
-0.750000001639014));
#16520=VERTEX_POINT('',#16510);
#16530=EDGE_CURVE('',#16500,#16520,#16480,.T.);
#16540=ORIENTED_EDGE('',*,*,#16530,.F.);
#16550=CARTESIAN_POINT('',(28.7742754795362,7.80473134896971,
12.3408131933028));
#16560=DIRECTION('',(-0.727669360168636,0.306751737138606,
-0.613515015329059));
#16570=VECTOR('',#16560,1.);
#16580=LINE('',#16550,#16570);
#16590=EDGE_CURVE('',#16520,#15590,#16580,.T.);
#16600=ORIENTED_EDGE('',*,*,#16590,.F.);
#16610=ORIENTED_EDGE('',*,*,#15680,.T.);
#16620=ORIENTED_EDGE('',*,*,#16270,.T.);
#16630=ORIENTED_EDGE('',*,*,#13600,.T.);
#16640=CARTESIAN_POINT('',(20.008445391033,11.499999769351,
-1.66682312396915E-9));
#16650=DIRECTION('',(0.,0.,1.));
#16660=VECTOR('',#16650,1.);
#16670=LINE('',#16640,#16660);
#16680=EDGE_CURVE('',#13510,#16500,#16670,.T.);
#16690=ORIENTED_EDGE('',*,*,#16680,.F.);
#16700=EDGE_LOOP('',(#16690,#16630,#16620,#16610,#16600,#16540));
#16710=FACE_OUTER_BOUND('',#16700,.T.);
#16720=ADVANCED_FACE('',(#16710),#16440,.T.);
#16730=COLOUR_RGB('',0.560784339904785,0.588235318660736,
0.600000023841858);
#16740=FILL_AREA_STYLE_COLOUR('',#16730);
#16750=FILL_AREA_STYLE('',(#16740));
#16760=SURFACE_STYLE_FILL_AREA(#16750);
#16770=SURFACE_SIDE_STYLE('',(#16760));
#16780=SURFACE_STYLE_USAGE(.BOTH.,#16770);
#16790=PRESENTATION_STYLE_ASSIGNMENT((#16780));
#16800=CARTESIAN_POINT('',(13.7479529999846,17.506811000001,
-0.750000001639014));
#16810=DIRECTION('',(0.,0.,1.));
#16820=DIRECTION('',(1.,0.,0.));
#16830=AXIS2_PLACEMENT_3D('',#16800,#16810,#16820);
#16840=PLANE('',#16830);
#16850=CARTESIAN_POINT('',(12.2500000000032,8.37903992059295,
-0.750000001639014));
#16860=DIRECTION('',(0.,-1.,0.));
#16870=VECTOR('',#16860,1.);
#16880=LINE('',#16850,#16870);
#16890=CARTESIAN_POINT('',(12.2500000000032,19.9452364885346,
-0.750000001639012));
#16900=VERTEX_POINT('',#16890);
#16910=CARTESIAN_POINT('',(12.2500000000032,16.1696830386616,
-0.750000001639016));
#16920=VERTEX_POINT('',#16910);
#16930=EDGE_CURVE('',#16900,#16920,#16880,.T.);
#16940=ORIENTED_EDGE('',*,*,#16930,.F.);
#16950=CARTESIAN_POINT('',(16.5215311501073,8.37903992059295,
-0.750000001639014));
#16960=DIRECTION('',(-0.480767105993087,0.876848327702706,0.));
#16970=VECTOR('',#16960,1.);
#16980=LINE('',#16950,#16970);
#16990=EDGE_CURVE('',#16520,#16920,#16980,.T.);
#17000=ORIENTED_EDGE('',*,*,#16990,.T.);
#17010=ORIENTED_EDGE('',*,*,#16530,.T.);
#17020=CARTESIAN_POINT('',(42.649999999994,22.0999999999848,
-0.750000001639014));
#17030=DIRECTION('',(0.,0.,1.));
#17040=DIRECTION('',(1.,0.,0.));
#17050=AXIS2_PLACEMENT_3D('',#17020,#17030,#17040);
#17060=CIRCLE('',#17050,25.);
#17070=CARTESIAN_POINT('',(17.649999999994,22.0999999999848,
-0.750000001639014));
#17080=VERTEX_POINT('',#17070);
#17090=EDGE_CURVE('',#17080,#16500,#17060,.T.);
#17100=ORIENTED_EDGE('',*,*,#17090,.T.);
#17110=CARTESIAN_POINT('',(17.6500000000014,0.599999769361471,
-0.750000001639014));
#17120=DIRECTION('',(-8.00094898427962E-17,1.,0.));
#17130=VECTOR('',#17120,1.);
#17140=LINE('',#17110,#17130);
#17150=EDGE_CURVE('',#17080,#13150,#17140,.T.);
#17160=ORIENTED_EDGE('',*,*,#17150,.F.);
#17170=ORIENTED_EDGE('',*,*,#13250,.T.);
#17180=ORIENTED_EDGE('',*,*,#12200,.F.);
#17190=CARTESIAN_POINT('',(3.30058466214594,8.37903992059295,
-0.750000001639014));
#17200=DIRECTION('',(0.611956859996264,0.790891143902568,0.));
#17210=VECTOR('',#17200,1.);
#17220=LINE('',#17190,#17210);
#17230=EDGE_CURVE('',#16900,#12110,#17220,.T.);
#17240=ORIENTED_EDGE('',*,*,#17230,.T.);
#17250=EDGE_LOOP('',(#17240,#17180,#17170,#17160,#17100,#17010,#17000,
#16940));
#17260=FACE_OUTER_BOUND('',#17250,.T.);
#17270=ADVANCED_FACE('',(#17260),#16840,.F.);
#17280=COLOUR_RGB('',0.560784339904785,0.588235318660736,
0.600000023841858);
#17290=FILL_AREA_STYLE_COLOUR('',#17280);
#17300=FILL_AREA_STYLE('',(#17290));
#17310=SURFACE_STYLE_FILL_AREA(#17300);
#17320=SURFACE_SIDE_STYLE('',(#17310));
#17330=SURFACE_STYLE_USAGE(.BOTH.,#17320);
#17340=PRESENTATION_STYLE_ASSIGNMENT((#17330));
#17350=CARTESIAN_POINT('',(13.3137379999755,31.4100021693766,
0.313737998333241));
#17360=DIRECTION('',(0.707106781186547,0.,-0.707106781186548));
#17370=DIRECTION('',(-0.707106781186548,0.,-0.707106781186547));
#17380=AXIS2_PLACEMENT_3D('',#17350,#17360,#17370);
#17390=PLANE('',#17380);
#17400=CARTESIAN_POINT('',(11.7499999999755,0.599999769361471,
-1.25000000166675));
#17410=DIRECTION('',(0.,-1.,0.));
#17420=VECTOR('',#17410,1.);
#17430=LINE('',#17400,#17420);
#17440=EDGE_CURVE('',#14220,#15900,#17430,.T.);
#17450=ORIENTED_EDGE('',*,*,#17440,.F.);
#17460=CARTESIAN_POINT('',(28.7742754795362,13.5153314712484,
15.774275477894));
#17470=DIRECTION('',(-0.70258906038109,0.112859312711156,
-0.70258906038109));
#17480=VECTOR('',#17470,1.);
#17490=LINE('',#17460,#17480);
#17500=EDGE_CURVE('',#16920,#15900,#17490,.T.);
#17510=ORIENTED_EDGE('',*,*,#17500,.T.);
#17520=ORIENTED_EDGE('',*,*,#16930,.T.);
#17530=CARTESIAN_POINT('',(-2.718495234542,0.599999769361471,
-15.7184952361842));
#17540=DIRECTION('',(-0.521975147833683,-0.674599058766028,
-0.521975147833683));
#17550=VECTOR('',#17540,1.);
#17560=LINE('',#17530,#17550);
#17570=EDGE_CURVE('',#16900,#14300,#17560,.T.);
#17580=ORIENTED_EDGE('',*,*,#17570,.F.);
#17590=ORIENTED_EDGE('',*,*,#14310,.T.);
#17600=EDGE_LOOP('',(#17590,#17580,#17520,#17510,#17450));
#17610=FACE_OUTER_BOUND('',#17600,.T.);
#17620=ADVANCED_FACE('',(#17610),#17390,.T.);
#17630=COLOUR_RGB('',0.560784339904785,0.588235318660736,
0.600000023841858);
#17640=FILL_AREA_STYLE_COLOUR('',#17630);
#17650=FILL_AREA_STYLE('',(#17640));
#17660=SURFACE_STYLE_FILL_AREA(#17650);
#17670=SURFACE_SIDE_STYLE('',(#17660));
#17680=SURFACE_STYLE_USAGE(.BOTH.,#17670);
#17690=PRESENTATION_STYLE_ASSIGNMENT((#17680));
#17700=CARTESIAN_POINT('',(11.3499999999755,15.1499997693663,
-2.35000000166676));
#17710=DIRECTION('',(-0.68483008700116,-0.375485438727062,
0.624514561272938));
#17720=DIRECTION('',(-0.249029122545875,-0.68483008700116,
-0.684830087001159));
#17730=AXIS2_PLACEMENT_3D('',#17700,#17710,#17720);
#17740=PLANE('',#17730);
#17750=ORIENTED_EDGE('',*,*,#15990,.F.);
#17760=ORIENTED_EDGE('',*,*,#16590,.T.);
#17770=ORIENTED_EDGE('',*,*,#16990,.F.);
#17780=ORIENTED_EDGE('',*,*,#17500,.F.);
#17790=EDGE_LOOP('',(#17780,#17770,#17760,#17750));
#17800=FACE_OUTER_BOUND('',#17790,.T.);
#17810=ADVANCED_FACE('',(#17800),#17740,.F.);
#17820=COLOUR_RGB('',0.560784339904785,0.588235318660736,
0.600000023841858);
#17830=FILL_AREA_STYLE_COLOUR('',#17820);
#17840=FILL_AREA_STYLE('',(#17830));
#17850=SURFACE_STYLE_FILL_AREA(#17840);
#17860=SURFACE_SIDE_STYLE('',(#17850));
#17870=SURFACE_STYLE_USAGE(.BOTH.,#17860);
#17880=PRESENTATION_STYLE_ASSIGNMENT((#17870));
#17890=CARTESIAN_POINT('',(11.7499999999755,31.4100021693766,
-1.25000000166675));
#17900=DIRECTION('',(0.,0.,-1.));
#17910=DIRECTION('',(-1.,0.,0.));
#17920=AXIS2_PLACEMENT_3D('',#17890,#17900,#17910);
#17930=PLANE('',#17920);
#17940=ORIENTED_EDGE('',*,*,#14230,.T.);
#17950=ORIENTED_EDGE('',*,*,#14990,.F.);
#17960=ORIENTED_EDGE('',*,*,#15910,.T.);
#17970=ORIENTED_EDGE('',*,*,#17440,.T.);
#17980=EDGE_LOOP('',(#17970,#17960,#17950,#17940));
#17990=FACE_OUTER_BOUND('',#17980,.T.);
#18000=ADVANCED_FACE('',(#17990),#17930,.T.);
#18010=COLOUR_RGB('',0.823529481887817,0.823529481887817,
0.784313797950745);
#18020=FILL_AREA_STYLE_COLOUR('',#18010);
#18030=FILL_AREA_STYLE('',(#18020));
#18040=SURFACE_STYLE_FILL_AREA(#18030);
#18050=SURFACE_SIDE_STYLE('',(#18040));
#18060=SURFACE_STYLE_USAGE(.BOTH.,#18050);
#18070=PRESENTATION_STYLE_ASSIGNMENT((#18060));
#18080=CARTESIAN_POINT('',(21.6553086931273,32.1006282119104,
-7.40000000163901));
#18090=DIRECTION('',(0.790891143902568,-0.611956859996264,0.));
#18100=DIRECTION('',(-0.611956859996264,-0.790891143902568,0.));
#18110=AXIS2_PLACEMENT_3D('',#18080,#18090,#18100);
#18120=PLANE('',#18110);
#18130=ORIENTED_EDGE('',*,*,#17570,.T.);
#18140=ORIENTED_EDGE('',*,*,#17230,.F.);
#18150=ORIENTED_EDGE('',*,*,#12120,.T.);
#18160=ORIENTED_EDGE('',*,*,#13820,.T.);
#18170=CARTESIAN_POINT('',(-2.718495234542,0.599999769361471,
8.41849523285071));
#18180=DIRECTION('',(0.521975147833683,0.674599058766028,
-0.521975147833683));
#18190=VECTOR('',#18180,1.);
#18200=LINE('',#18170,#18190);
#18210=EDGE_CURVE('',#14380,#13750,#18200,.T.);
#18220=ORIENTED_EDGE('',*,*,#18210,.T.);
#18230=ORIENTED_EDGE('',*,*,#14390,.T.);
#18240=EDGE_LOOP('',(#18230,#18220,#18160,#18150,#18140,#18130));
#18250=FACE_OUTER_BOUND('',#18240,.T.);
#18260=ADVANCED_FACE('',(#18250),#18120,.T.);
#18270=COLOUR_RGB('',0.560784339904785,0.588235318660736,
0.600000023841858);
#18280=FILL_AREA_STYLE_COLOUR('',#18270);
#18290=FILL_AREA_STYLE('',(#18280));
#18300=SURFACE_STYLE_FILL_AREA(#18290);
#18310=SURFACE_SIDE_STYLE('',(#18300));
#18320=SURFACE_STYLE_USAGE(.BOTH.,#18310);
#18330=PRESENTATION_STYLE_ASSIGNMENT((#18320));
#18340=CARTESIAN_POINT('',(11.3499999999755,31.4100021693766,
-5.65000000166676));
#18350=DIRECTION('',(0.707106781186547,-0.,0.707106781186548));
#18360=DIRECTION('',(0.707106781186548,0.,-0.707106781186547));
#18370=AXIS2_PLACEMENT_3D('',#18340,#18350,#18360);
#18380=PLANE('',#18370);
#18390=CARTESIAN_POINT('',(11.3499999999477,0.599999769361471,
-5.65000000163901));
#18400=DIRECTION('',(0.,1.,0.));
#18410=VECTOR('',#18400,1.);
#18420=LINE('',#18390,#18410);
#18430=EDGE_CURVE('',#15210,#14040,#18420,.T.);
#18440=ORIENTED_EDGE('',*,*,#18430,.F.);
#18450=ORIENTED_EDGE('',*,*,#14450,.T.);
#18460=ORIENTED_EDGE('',*,*,#18210,.F.);
#18470=ORIENTED_EDGE('',*,*,#13760,.F.);
#18480=ORIENTED_EDGE('',*,*,#16200,.T.);
#18490=EDGE_LOOP('',(#18480,#18470,#18460,#18450,#18440));
#18500=FACE_OUTER_BOUND('',#18490,.T.);
#18510=ADVANCED_FACE('',(#18500),#18380,.T.);
#18520=COLOUR_RGB('',0.560784339904785,0.588235318660736,
0.600000023841858);
#18530=FILL_AREA_STYLE_COLOUR('',#18520);
#18540=FILL_AREA_STYLE('',(#18530));
#18550=SURFACE_STYLE_FILL_AREA(#18540);
#18560=SURFACE_SIDE_STYLE('',(#18550));
#18570=SURFACE_STYLE_USAGE(.BOTH.,#18560);
#18580=PRESENTATION_STYLE_ASSIGNMENT((#18570));
#18590=CARTESIAN_POINT('',(13.5655099999846,19.804683000001,
-5.65000000163901));
#18600=DIRECTION('',(0.,0.,1.));
#18610=DIRECTION('',(1.,0.,0.));
#18620=AXIS2_PLACEMENT_3D('',#18590,#18600,#18610);
#18630=PLANE('',#18620);
#18640=ORIENTED_EDGE('',*,*,#14070,.T.);
#18650=ORIENTED_EDGE('',*,*,#18430,.T.);
#18660=ORIENTED_EDGE('',*,*,#15220,.T.);
#18670=ORIENTED_EDGE('',*,*,#14690,.F.);
#18680=EDGE_LOOP('',(#18670,#18660,#18650,#18640));
#18690=FACE_OUTER_BOUND('',#18680,.T.);
#18700=ADVANCED_FACE('',(#18690),#18630,.T.);
#18710=COLOUR_RGB('',0.823529481887817,0.823529481887817,
0.784313797950745);
#18720=FILL_AREA_STYLE_COLOUR('',#18710);
#18730=FILL_AREA_STYLE('',(#18720));
#18740=SURFACE_STYLE_FILL_AREA(#18730);
#18750=SURFACE_SIDE_STYLE('',(#18740));
#18760=SURFACE_STYLE_USAGE(.BOTH.,#18750);
#18770=PRESENTATION_STYLE_ASSIGNMENT((#18760));
#18780=CARTESIAN_POINT('',(17.649999999994,22.0999999999848,
-8.15000300163902));
#18790=DIRECTION('',(0.,0.,1.));
#18800=VECTOR('',#18790,1.);
#18810=LINE('',#18780,#18800);
#18820=EDGE_CURVE('',#17080,#4750,#18810,.T.);
#18830=ORIENTED_EDGE('',*,*,#18820,.F.);
#18840=ORIENTED_EDGE('',*,*,#4760,.F.);
#18850=ORIENTED_EDGE('',*,*,#13160,.T.);
#18860=ORIENTED_EDGE('',*,*,#17150,.T.);
#18870=EDGE_LOOP('',(#18860,#18850,#18840,#18830));
#18880=FACE_OUTER_BOUND('',#18870,.T.);
#18890=ADVANCED_FACE('',(#18880),#12830,.F.);
#18900=COLOUR_RGB('',0.560784339904785,0.588235318660736,
0.600000023841858);
#18910=FILL_AREA_STYLE_COLOUR('',#18900);
#18920=FILL_AREA_STYLE('',(#18910));
#18930=SURFACE_STYLE_FILL_AREA(#18920);
#18940=SURFACE_SIDE_STYLE('',(#18930));
#18950=SURFACE_STYLE_USAGE(.BOTH.,#18940);
#18960=PRESENTATION_STYLE_ASSIGNMENT((#18950));
#18970=CARTESIAN_POINT('',(21.9000000000106,7.26971004999435,
-1.66682312396915E-9));
#18980=DIRECTION('',(-1.,0.,0.));
#18990=DIRECTION('',(0.,1.,0.));
#19000=AXIS2_PLACEMENT_3D('',#18970,#18980,#18990);
#19010=PLANE('',#19000);
#19020=ORIENTED_EDGE('',*,*,#4930,.T.);
#19030=CARTESIAN_POINT('',(21.9000000000106,8.15591523257578,
-1.66682312396915E-9));
#19040=DIRECTION('',(0.,0.,1.));
#19050=VECTOR('',#19040,1.);
#19060=LINE('',#19030,#19050);
#19070=EDGE_CURVE('',#6590,#4840,#19060,.T.);
#19080=ORIENTED_EDGE('',*,*,#19070,.T.);
#19090=ORIENTED_EDGE('',*,*,#6600,.F.);
#19100=CARTESIAN_POINT('',(21.9000000000106,-0.450000230639453,
-1.66682312396915E-9));
#19110=DIRECTION('',(0.,0.,1.));
#19120=VECTOR('',#19110,1.);
#19130=LINE('',#19100,#19120);
#19140=EDGE_CURVE('',#6510,#4920,#19130,.T.);
#19150=ORIENTED_EDGE('',*,*,#19140,.F.);
#19160=EDGE_LOOP('',(#19150,#19090,#19080,#19020));
#19170=FACE_OUTER_BOUND('',#19160,.T.);
#19180=ADVANCED_FACE('',(#19170),#19010,.F.);
#19190=COLOUR_RGB('',0.560784339904785,0.588235318660736,
0.600000023841858);
#19200=FILL_AREA_STYLE_COLOUR('',#19190);
#19210=FILL_AREA_STYLE('',(#19200));
#19220=SURFACE_STYLE_FILL_AREA(#19210);
#19230=SURFACE_SIDE_STYLE('',(#19220));
#19240=SURFACE_STYLE_USAGE(.BOTH.,#19230);
#19250=PRESENTATION_STYLE_ASSIGNMENT((#19240));
#19260=CARTESIAN_POINT('',(15.0857864376375,-6.85000023063945,
-1.66682312396915E-9));
#19270=DIRECTION('',(-0.,1.,0.));
#19280=DIRECTION('',(1.,0.,0.));
#19290=AXIS2_PLACEMENT_3D('',#19260,#19270,#19280);
#19300=PLANE('',#19290);
#19310=ORIENTED_EDGE('',*,*,#5090,.T.);
#19320=CARTESIAN_POINT('',(15.5000000000106,-6.85000023063945,
-1.66682312396915E-9));
#19330=DIRECTION('',(0.,0.,1.));
#19340=VECTOR('',#19330,1.);
#19350=LINE('',#19320,#19340);
#19360=EDGE_CURVE('',#6430,#5000,#19350,.T.);
#19370=ORIENTED_EDGE('',*,*,#19360,.T.);
#19380=ORIENTED_EDGE('',*,*,#6440,.F.);
#19390=CARTESIAN_POINT('',(14.4304980917035,-6.85000023063945,
-1.66682312396915E-9));
#19400=DIRECTION('',(0.,0.,1.));
#19410=VECTOR('',#19400,1.);
#19420=LINE('',#19390,#19410);
#19430=EDGE_CURVE('',#6350,#5080,#19420,.T.);
#19440=ORIENTED_EDGE('',*,*,#19430,.F.);
#19450=EDGE_LOOP('',(#19440,#19380,#19370,#19310));
#19460=FACE_OUTER_BOUND('',#19450,.T.);
#19470=ADVANCED_FACE('',(#19460),#19300,.F.);
#19480=COLOUR_RGB('',0.560784339904785,0.588235318660736,
0.600000023841858);
#19490=FILL_AREA_STYLE_COLOUR('',#19480);
#19500=FILL_AREA_STYLE('',(#19490));
#19510=SURFACE_STYLE_FILL_AREA(#19500);
#19520=SURFACE_SIDE_STYLE('',(#19510));
#19530=SURFACE_STYLE_USAGE(.BOTH.,#19520);
#19540=PRESENTATION_STYLE_ASSIGNMENT((#19530));
#19550=CARTESIAN_POINT('',(12.7500000000015,-3.81940265288325,
-1.66682312396915E-9));
#19560=DIRECTION('',(1.,-5.55111512312578E-17,0.));
#19570=DIRECTION('',(-5.55111512312578E-17,-1.,0.));
#19580=AXIS2_PLACEMENT_3D('',#19550,#19560,#19570);
#19590=PLANE('',#19580);
#19600=ORIENTED_EDGE('',*,*,#5250,.T.);
#19610=CARTESIAN_POINT('',(12.7500000000015,-4.45000023064122,
-1.66682312396915E-9));
#19620=DIRECTION('',(0.,0.,1.));
#19630=VECTOR('',#19620,1.);
#19640=LINE('',#19610,#19630);
#19650=EDGE_CURVE('',#6270,#5160,#19640,.T.);
#19660=ORIENTED_EDGE('',*,*,#19650,.T.);
#19670=ORIENTED_EDGE('',*,*,#6280,.F.);
#19680=CARTESIAN_POINT('',(12.7500000000015,-2.80000023063827,
-1.66682312396915E-9));
#19690=DIRECTION('',(0.,0.,1.));
#19700=VECTOR('',#19690,1.);
#19710=LINE('',#19680,#19700);
#19720=EDGE_CURVE('',#6190,#5240,#19710,.T.);
#19730=ORIENTED_EDGE('',*,*,#19720,.F.);
#19740=EDGE_LOOP('',(#19730,#19670,#19660,#19600));
#19750=FACE_OUTER_BOUND('',#19740,.T.);
#19760=ADVANCED_FACE('',(#19750),#19590,.F.);
#19770=COLOUR_RGB('',0.560784339904785,0.588235318660736,
0.600000023841858);
#19780=FILL_AREA_STYLE_COLOUR('',#19770);
#19790=FILL_AREA_STYLE('',(#19780));
#19800=SURFACE_STYLE_FILL_AREA(#19790);
#19810=SURFACE_SIDE_STYLE('',(#19800));
#19820=SURFACE_STYLE_USAGE(.BOTH.,#19810);
#19830=PRESENTATION_STYLE_ASSIGNMENT((#19820));
#19840=CARTESIAN_POINT('',(12.8964466094082,-2.65355362123155,
-1.66682312396915E-9));
#19850=DIRECTION('',(0.707106781186548,-0.707106781186548,0.));
#19860=DIRECTION('',(-0.707106781186548,-0.707106781186548,0.));
#19870=AXIS2_PLACEMENT_3D('',#19840,#19850,#19860);
#19880=PLANE('',#19870);
#19890=ORIENTED_EDGE('',*,*,#5330,.F.);
#19900=ORIENTED_EDGE('',*,*,#19720,.T.);
#19910=ORIENTED_EDGE('',*,*,#6200,.T.);
#19920=CARTESIAN_POINT('',(14.1022758664048,-1.44772436423496,
-1.66682312396915E-9));
#19930=DIRECTION('',(0.,0.,1.));
#19940=VECTOR('',#19930,1.);
#19950=LINE('',#19920,#19940);
#19960=EDGE_CURVE('',#6110,#5320,#19950,.T.);
#19970=ORIENTED_EDGE('',*,*,#19960,.F.);
#19980=EDGE_LOOP('',(#19970,#19910,#19900,#19890));
#19990=FACE_OUTER_BOUND('',#19980,.T.);
#20000=ADVANCED_FACE('',(#19990),#19880,.F.);
#20010=COLOUR_RGB('',0.560784339904785,0.588235318660736,
0.600000023841858);
#20020=FILL_AREA_STYLE_COLOUR('',#20010);
#20030=FILL_AREA_STYLE('',(#20020));
#20040=SURFACE_STYLE_FILL_AREA(#20030);
#20050=SURFACE_SIDE_STYLE('',(#20040));
#20060=SURFACE_STYLE_USAGE(.BOTH.,#20050);
#20070=PRESENTATION_STYLE_ASSIGNMENT((#20060));
#20080=CARTESIAN_POINT('',(14.1319130979663,-6.42357666699049,
-1.66682312396915E-9));
#20090=DIRECTION('',(0.819152044288992,0.573576436351046,0.));
#20100=DIRECTION('',(0.573576436351046,-0.819152044288992,0.));
#20110=AXIS2_PLACEMENT_3D('',#20080,#20090,#20100);
#20120=PLANE('',#20110);
#20130=ORIENTED_EDGE('',*,*,#5170,.T.);
#20140=ORIENTED_EDGE('',*,*,#19430,.T.);
#20150=ORIENTED_EDGE('',*,*,#6360,.F.);
#20160=ORIENTED_EDGE('',*,*,#19650,.F.);
#20170=EDGE_LOOP('',(#20160,#20150,#20140,#20130));
#20180=FACE_OUTER_BOUND('',#20170,.T.);
#20190=ADVANCED_FACE('',(#20180),#20120,.F.);
#20200=COLOUR_RGB('',0.560784339904785,0.588235318660736,
0.600000023841858);
#20210=FILL_AREA_STYLE_COLOUR('',#20200);
#20220=FILL_AREA_STYLE('',(#20210));
#20230=SURFACE_STYLE_FILL_AREA(#20220);
#20240=SURFACE_SIDE_STYLE('',(#20230));
#20250=SURFACE_STYLE_USAGE(.BOTH.,#20240);
#20260=PRESENTATION_STYLE_ASSIGNMENT((#20250));
#20270=CARTESIAN_POINT('',(21.4606601717904,-0.889340058859627,
-1.66682312396915E-9));
#20280=DIRECTION('',(-0.707106781186547,0.707106781186548,0.));
#20290=DIRECTION('',(0.707106781186548,0.707106781186547,0.));
#20300=AXIS2_PLACEMENT_3D('',#20270,#20280,#20290);
#20310=PLANE('',#20300);
#20320=ORIENTED_EDGE('',*,*,#5010,.T.);
#20330=ORIENTED_EDGE('',*,*,#19140,.T.);
#20340=ORIENTED_EDGE('',*,*,#6520,.F.);
#20350=ORIENTED_EDGE('',*,*,#19360,.F.);
#20360=EDGE_LOOP('',(#20350,#20340,#20330,#20320));
#20370=FACE_OUTER_BOUND('',#20360,.T.);
#20380=ADVANCED_FACE('',(#20370),#20310,.F.);
#20390=COLOUR_RGB('',0.560784339904785,0.588235318660736,
0.600000023841858);
#20400=FILL_AREA_STYLE_COLOUR('',#20390);
#20410=FILL_AREA_STYLE('',(#20400));
#20420=SURFACE_STYLE_FILL_AREA(#20410);
#20430=SURFACE_SIDE_STYLE('',(#20420));
#20440=SURFACE_STYLE_USAGE(.BOTH.,#20430);
#20450=PRESENTATION_STYLE_ASSIGNMENT((#20440));
#20460=CARTESIAN_POINT('',(42.649999999994,22.0999999999848,
-1.66682312396915E-9));
#20470=DIRECTION('',(0.,0.,1.));
#20480=DIRECTION('',(1.,0.,0.));
#20490=AXIS2_PLACEMENT_3D('',#20460,#20470,#20480);
#20500=CYLINDRICAL_SURFACE('',#20490,25.);
#20510=ORIENTED_EDGE('',*,*,#4850,.T.);
#20520=ORIENTED_EDGE('',*,*,#18820,.T.);
#20530=ORIENTED_EDGE('',*,*,#17090,.F.);
#20540=ORIENTED_EDGE('',*,*,#16680,.T.);
#20550=ORIENTED_EDGE('',*,*,#13520,.T.);
#20560=ORIENTED_EDGE('',*,*,#12980,.F.);
#20570=ORIENTED_EDGE('',*,*,#6690,.F.);
#20580=ORIENTED_EDGE('',*,*,#19070,.F.);
#20590=EDGE_LOOP('',(#20580,#20570,#20560,#20550,#20540,#20530,#20520,
#20510));
#20600=FACE_OUTER_BOUND('',#20590,.T.);
#20610=ADVANCED_FACE('',(#20600),#20500,.F.);
#20620=COLOUR_RGB('',0.560784339904785,0.588235318660736,
0.600000023841858);
#20630=FILL_AREA_STYLE_COLOUR('',#20620);
#20640=FILL_AREA_STYLE('',(#20630));
#20650=SURFACE_STYLE_FILL_AREA(#20640);
#20660=SURFACE_SIDE_STYLE('',(#20650));
#20670=SURFACE_STYLE_USAGE(.BOTH.,#20660);
#20680=PRESENTATION_STYLE_ASSIGNMENT((#20670));
#20690=CARTESIAN_POINT('',(-23.6071067811855,31.0928929881874,
-1.66682312396915E-9));
#20700=DIRECTION('',(0.707106781186864,-0.707106781186231,0.));
#20710=DIRECTION('',(-0.707106781186231,-0.707106781186864,0.));
#20720=AXIS2_PLACEMENT_3D('',#20690,#20700,#20710);
#20730=PLANE('',#20720);
#20740=ORIENTED_EDGE('',*,*,#2510,.T.);
#20750=CARTESIAN_POINT('',(-23.8999999999986,30.799999769374,
-1.66682312396915E-9));
#20760=DIRECTION('',(1.45325078413767E-13,1.45325078413898E-13,-1.));
#20770=VECTOR('',#20760,1.);
#20780=LINE('',#20750,#20770);
#20790=EDGE_CURVE('',#2420,#9010,#20780,.T.);
#20800=ORIENTED_EDGE('',*,*,#20790,.F.);
#20810=ORIENTED_EDGE('',*,*,#9020,.F.);
#20820=CARTESIAN_POINT('',(-22.3082245717672,32.3917751976069,
-1.66682312396915E-9));
#20830=DIRECTION('',(0.,0.,1.));
#20840=VECTOR('',#20830,1.);
#20850=LINE('',#20820,#20840);
#20860=EDGE_CURVE('',#8930,#2500,#20850,.T.);
#20870=ORIENTED_EDGE('',*,*,#20860,.F.);
#20880=EDGE_LOOP('',(#20870,#20810,#20800,#20740));
#20890=FACE_OUTER_BOUND('',#20880,.T.);
#20900=ADVANCED_FACE('',(#20890),#20730,.F.);
#20910=COLOUR_RGB('',0.560784339904785,0.588235318660736,
0.600000023841858);
#20920=FILL_AREA_STYLE_COLOUR('',#20910);
#20930=FILL_AREA_STYLE('',(#20920));
#20940=SURFACE_STYLE_FILL_AREA(#20930);
#20950=SURFACE_SIDE_STYLE('',(#20940));
#20960=SURFACE_STYLE_USAGE(.BOTH.,#20950);
#20970=PRESENTATION_STYLE_ASSIGNMENT((#20960));
#20980=CARTESIAN_POINT('',(-20.3497831816801,31.3732970389006,
-1.66682312396915E-9));
#20990=DIRECTION('',(-0.707106781186547,0.707106781186548,0.));
#21000=DIRECTION('',(0.707106781186548,0.707106781186547,0.));
#21010=AXIS2_PLACEMENT_3D('',#20980,#20990,#21000);
#21020=PLANE('',#21010);
#21030=ORIENTED_EDGE('',*,*,#2670,.T.);
#21040=CARTESIAN_POINT('',(-20.1656536597934,31.5574265607873,
-1.66682312396915E-9));
#21050=DIRECTION('',(0.,0.,1.));
#21060=VECTOR('',#21050,1.);
#21070=LINE('',#21040,#21060);
#21080=EDGE_CURVE('',#8850,#2580,#21070,.T.);
#21090=ORIENTED_EDGE('',*,*,#21080,.T.);
#21100=ORIENTED_EDGE('',*,*,#8860,.F.);
#21110=CARTESIAN_POINT('',(-20.5389342456476,31.184145974933,
-1.66682312396915E-9));
#21120=DIRECTION('',(0.,0.,-1.));
#21130=VECTOR('',#21120,1.);
#21140=LINE('',#21110,#21130);
#21150=EDGE_CURVE('',#2660,#8770,#21140,.T.);
#21160=ORIENTED_EDGE('',*,*,#21150,.T.);
#21170=EDGE_LOOP('',(#21160,#21100,#21090,#21030));
#21180=FACE_OUTER_BOUND('',#21170,.T.);
#21190=ADVANCED_FACE('',(#21180),#21020,.F.);
#21200=COLOUR_RGB('',0.560784339904785,0.588235318660736,
0.600000023841858);
#21210=FILL_AREA_STYLE_COLOUR('',#21200);
#21220=FILL_AREA_STYLE('',(#21210));
#21230=SURFACE_STYLE_FILL_AREA(#21220);
#21240=SURFACE_SIDE_STYLE('',(#21230));
#21250=SURFACE_STYLE_USAGE(.BOTH.,#21240);
#21260=PRESENTATION_STYLE_ASSIGNMENT((#21250));
#21270=CARTESIAN_POINT('',(-16.5342557111293,35.5259652421383,
-1.66682312396915E-9));
#21280=DIRECTION('',(0.931839057156251,0.362871839026052,0.));
#21290=DIRECTION('',(0.362871839026052,-0.931839057156251,0.));
#21300=AXIS2_PLACEMENT_3D('',#21270,#21280,#21290);
#21310=PLANE('',#21300);
#21320=ORIENTED_EDGE('',*,*,#3070,.T.);
#21330=CARTESIAN_POINT('',(-16.439764440498,35.2833157800834,
-1.66682312396915E-9));
#21340=DIRECTION('',(0.,0.,1.));
#21350=VECTOR('',#21340,1.);
#21360=LINE('',#21330,#21350);
#21370=EDGE_CURVE('',#8450,#2980,#21360,.T.);
#21380=ORIENTED_EDGE('',*,*,#21370,.T.);
#21390=ORIENTED_EDGE('',*,*,#8460,.F.);
#21400=CARTESIAN_POINT('',(-17.2741130773157,37.4258866920575,
-1.66682312396915E-9));
#21410=DIRECTION('',(0.,0.,1.));
#21420=VECTOR('',#21410,1.);
#21430=LINE('',#21400,#21420);
#21440=EDGE_CURVE('',#8370,#3060,#21430,.T.);
#21450=ORIENTED_EDGE('',*,*,#21440,.F.);
#21460=EDGE_LOOP('',(#21450,#21390,#21380,#21320));
#21470=FACE_OUTER_BOUND('',#21460,.T.);
#21480=ADVANCED_FACE('',(#21470),#21310,.F.);
#21490=COLOUR_RGB('',0.560784339904785,0.588235318660736,
0.600000023841858);
#21500=FILL_AREA_STYLE_COLOUR('',#21490);
#21510=FILL_AREA_STYLE('',(#21500));
#21520=SURFACE_STYLE_FILL_AREA(#21510);
#21530=SURFACE_SIDE_STYLE('',(#21520));
#21540=SURFACE_STYLE_USAGE(.BOTH.,#21530);
#21550=PRESENTATION_STYLE_ASSIGNMENT((#21540));
#21560=CARTESIAN_POINT('',(-14.2857864376252,39.999999769375,
-1.66682312396915E-9));
#21570=DIRECTION('',(-0.,-1.,-0.));
#21580=DIRECTION('',(-1.,0.,0.));
#21590=AXIS2_PLACEMENT_3D('',#21560,#21570,#21580);
#21600=PLANE('',#21590);
#21610=CARTESIAN_POINT('',(-11.2249999999995,39.999999769375,
-3.45000000166478));
#21620=DIRECTION('',(0.,-1.,0.));
#21630=DIRECTION('',(-1.,0.,0.));
#21640=AXIS2_PLACEMENT_3D('',#21610,#21620,#21630);
#21650=CIRCLE('',#21640,2.55);
#21660=CARTESIAN_POINT('',(-13.7749999999995,39.999999769375,
-3.45000000166478));
#21670=VERTEX_POINT('',#21660);
#21680=CARTESIAN_POINT('',(-8.67499999999953,39.999999769375,
-3.45000000166478));
#21690=VERTEX_POINT('',#21680);
#21700=EDGE_CURVE('',#21670,#21690,#21650,.T.);
#21710=ORIENTED_EDGE('',*,*,#21700,.T.);
#21720=EDGE_CURVE('',#21690,#21670,#21650,.T.);
#21730=ORIENTED_EDGE('',*,*,#21720,.T.);
#21740=EDGE_LOOP('',(#21730,#21710));
#21750=FACE_BOUND('',#21740,.T.);
#21760=ORIENTED_EDGE('',*,*,#3230,.T.);
#21770=CARTESIAN_POINT('',(-14.6999999999982,39.999999769375,
-1.66682312396915E-9));
#21780=DIRECTION('',(0.,0.,1.));
#21790=VECTOR('',#21780,1.);
#21800=LINE('',#21770,#21790);
#21810=EDGE_CURVE('',#8290,#3140,#21800,.T.);
#21820=ORIENTED_EDGE('',*,*,#21810,.T.);
#21830=ORIENTED_EDGE('',*,*,#8300,.F.);
#21840=CARTESIAN_POINT('',(-7.29999999999067,39.999999769375,
-1.66682312396915E-9));
#21850=DIRECTION('',(0.,0.,1.));
#21860=VECTOR('',#21850,1.);
#21870=LINE('',#21840,#21860);
#21880=EDGE_CURVE('',#8210,#3220,#21870,.T.);
#21890=ORIENTED_EDGE('',*,*,#21880,.F.);
#21900=EDGE_LOOP('',(#21890,#21830,#21820,#21760));
#21910=FACE_OUTER_BOUND('',#21900,.T.);
#21920=ADVANCED_FACE('',(#21750,#21910),#21600,.F.);
#21930=COLOUR_RGB('',0.560784339904785,0.588235318660736,
0.600000023841858);
#21940=FILL_AREA_STYLE_COLOUR('',#21930);
#21950=FILL_AREA_STYLE('',(#21940));
#21960=SURFACE_STYLE_FILL_AREA(#21950);
#21970=SURFACE_SIDE_STYLE('',(#21960));
#21980=SURFACE_STYLE_USAGE(.BOTH.,#21970);
#21990=PRESENTATION_STYLE_ASSIGNMENT((#21980));
#22000=CARTESIAN_POINT('',(-6.09999999999095,36.614863375676,
-1.66682312396915E-9));
#22010=DIRECTION('',(-1.,-2.01948391736579E-28,-0.));
#22020=DIRECTION('',(-2.01948391736579E-28,1.,0.));
#22030=AXIS2_PLACEMENT_3D('',#22000,#22010,#22020);
#22040=PLANE('',#22030);
#22050=CARTESIAN_POINT('',(-6.09999999998988,30.9999997693762,
-7.39999999999742));
#22060=DIRECTION('',(2.01948391736579E-28,-1.,1.12998499446348E-12));
#22070=VECTOR('',#22060,1.);
#22080=LINE('',#22050,#22070);
#22090=CARTESIAN_POINT('',(-6.09999999999095,30.9999997693762,
-7.39999999999742));
#22100=VERTEX_POINT('',#22090);
#22110=CARTESIAN_POINT('',(-6.09999999998988,20.8999997693675,
-7.39999999998601));
#22120=VERTEX_POINT('',#22110);
#22130=EDGE_CURVE('',#22100,#22120,#22080,.T.);
#22140=ORIENTED_EDGE('',*,*,#22130,.F.);
#22150=CARTESIAN_POINT('',(-6.09999999998988,20.8999997693751,
-0.675000001637518));
#22160=DIRECTION('',(1.56370996725709E-40,-1.12998499446348E-12,-1.));
#22170=VECTOR('',#22160,1.);
#22180=LINE('',#22150,#22170);
#22190=CARTESIAN_POINT('',(-6.09999999998988,20.8999997693751,
-0.675000001637518));
#22200=VERTEX_POINT('',#22190);
#22210=EDGE_CURVE('',#22200,#22120,#22180,.T.);
#22220=ORIENTED_EDGE('',*,*,#22210,.T.);
#22230=CARTESIAN_POINT('',(-6.09999999998988,30.9999997693838,
-0.675000001648931));
#22240=DIRECTION('',(2.01948391736579E-28,-1.,1.12998499446348E-12));
#22250=VECTOR('',#22240,1.);
#22260=LINE('',#22230,#22250);
#22270=CARTESIAN_POINT('',(-6.09999999999095,30.9999997693838,
-0.675000001648931));
#22280=VERTEX_POINT('',#22270);
#22290=EDGE_CURVE('',#22280,#22200,#22260,.T.);
#22300=ORIENTED_EDGE('',*,*,#22290,.T.);
#22310=CARTESIAN_POINT('',(-6.09999999999096,30.9999997693846,
-1.66682312396915E-9));
#22320=DIRECTION('',(0.,0.,-1.));
#22330=VECTOR('',#22320,1.);
#22340=LINE('',#22310,#22330);
#22350=EDGE_CURVE('',#3380,#22280,#22340,.T.);
#22360=ORIENTED_EDGE('',*,*,#22350,.T.);
#22370=ORIENTED_EDGE('',*,*,#3390,.F.);
#22380=CARTESIAN_POINT('',(-6.09999999999095,36.7030268660302,
-1.66682312396915E-9));
#22390=DIRECTION('',(0.,0.,1.));
#22400=VECTOR('',#22390,1.);
#22410=LINE('',#22380,#22400);
#22420=EDGE_CURVE('',#8130,#3300,#22410,.T.);
#22430=ORIENTED_EDGE('',*,*,#22420,.T.);
#22440=ORIENTED_EDGE('',*,*,#8140,.T.);
#22450=EDGE_CURVE('',#22100,#8050,#22340,.T.);
#22460=ORIENTED_EDGE('',*,*,#22450,.T.);
#22470=EDGE_LOOP('',(#22460,#22440,#22430,#22370,#22360,#22300,#22220,
#22140));
#22480=FACE_OUTER_BOUND('',#22470,.T.);
#22490=ADVANCED_FACE('',(#22480),#22040,.F.);
#22500=COLOUR_RGB('',0.560784339904785,0.588235318660736,
0.600000023841858);
#22510=FILL_AREA_STYLE_COLOUR('',#22500);
#22520=FILL_AREA_STYLE('',(#22510));
#22530=SURFACE_STYLE_FILL_AREA(#22520);
#22540=SURFACE_SIDE_STYLE('',(#22530));
#22550=SURFACE_STYLE_USAGE(.BOTH.,#22540);
#22560=PRESENTATION_STYLE_ASSIGNMENT((#22550));
#22570=CARTESIAN_POINT('',(1.93015368961671,36.7858734473391,
-1.66682312396915E-9));
#22580=DIRECTION('',(0.939692620785908,-0.342020143325669,0.));
#22590=DIRECTION('',(-0.342020143325669,-0.939692620785908,0.));
#22600=AXIS2_PLACEMENT_3D('',#22570,#22580,#22590);
#22610=PLANE('',#22600);
#22620=ORIENTED_EDGE('',*,*,#3630,.T.);
#22630=CARTESIAN_POINT('',(1.90000000000959,36.7030268660303,
-1.66682312396915E-9));
#22640=DIRECTION('',(0.,0.,1.));
#22650=VECTOR('',#22640,1.);
#22660=LINE('',#22630,#22650);
#22670=EDGE_CURVE('',#7890,#3540,#22660,.T.);
#22680=ORIENTED_EDGE('',*,*,#22670,.T.);
#22690=ORIENTED_EDGE('',*,*,#7900,.F.);
#22700=CARTESIAN_POINT('',(3.1000000000093,39.999999769375,
-1.66682312396915E-9));
#22710=DIRECTION('',(0.,0.,1.));
#22720=VECTOR('',#22710,1.);
#22730=LINE('',#22700,#22720);
#22740=EDGE_CURVE('',#7810,#3620,#22730,.T.);
#22750=ORIENTED_EDGE('',*,*,#22740,.F.);
#22760=EDGE_LOOP('',(#22750,#22690,#22680,#22620));
#22770=FACE_OUTER_BOUND('',#22760,.T.);
#22780=ADVANCED_FACE('',(#22770),#22610,.F.);
#22790=COLOUR_RGB('',0.560784339904785,0.588235318660736,
0.600000023841858);
#22800=FILL_AREA_STYLE_COLOUR('',#22790);
#22810=FILL_AREA_STYLE('',(#22800));
#22820=SURFACE_STYLE_FILL_AREA(#22810);
#22830=SURFACE_SIDE_STYLE('',(#22820));
#22840=SURFACE_STYLE_USAGE(.BOTH.,#22830);
#22850=PRESENTATION_STYLE_ASSIGNMENT((#22840));
#22860=CARTESIAN_POINT('',(10.7928932188145,39.7071065505614,
-1.66682312396915E-9));
#22870=DIRECTION('',(-0.707106781186546,-0.707106781186549,-0.));
#22880=DIRECTION('',(-0.707106781186549,0.707106781186546,0.));
#22890=AXIS2_PLACEMENT_3D('',#22860,#22870,#22880);
#22900=PLANE('',#22890);
#22910=ORIENTED_EDGE('',*,*,#3790,.T.);
#22920=CARTESIAN_POINT('',(10.5000000000009,39.999999769375,
-1.66682312396915E-9));
#22930=DIRECTION('',(0.,0.,1.));
#22940=VECTOR('',#22930,1.);
#22950=LINE('',#22920,#22940);
#22960=EDGE_CURVE('',#7730,#3700,#22950,.T.);
#22970=ORIENTED_EDGE('',*,*,#22960,.T.);
#22980=ORIENTED_EDGE('',*,*,#7740,.F.);
#22990=CARTESIAN_POINT('',(13.0741130773184,37.4258866920575,
-1.66682312396915E-9));
#23000=DIRECTION('',(0.,0.,1.));
#23010=VECTOR('',#23000,1.);
#23020=LINE('',#22990,#23010);
#23030=EDGE_CURVE('',#7650,#3780,#23020,.T.);
#23040=ORIENTED_EDGE('',*,*,#23030,.F.);
#23050=EDGE_LOOP('',(#23040,#22980,#22970,#22910));
#23060=FACE_OUTER_BOUND('',#23050,.T.);
#23070=ADVANCED_FACE('',(#23060),#22900,.F.);
#23080=COLOUR_RGB('',0.560784339904785,0.588235318660736,
0.600000023841858);
#23090=FILL_AREA_STYLE_COLOUR('',#23080);
#23100=FILL_AREA_STYLE('',(#23090));
#23110=SURFACE_STYLE_FILL_AREA(#23100);
#23120=SURFACE_SIDE_STYLE('',(#23110));
#23130=SURFACE_STYLE_USAGE(.BOTH.,#23120);
#23140=PRESENTATION_STYLE_ASSIGNMENT((#23130));
#23150=CARTESIAN_POINT('',(12.055634918613,35.4674453019711,
-1.66682312396915E-9));
#23160=DIRECTION('',(0.707106781186547,0.707106781186548,0.));
#23170=DIRECTION('',(0.707106781186548,-0.707106781186547,0.));
#23180=AXIS2_PLACEMENT_3D('',#23150,#23160,#23170);
#23190=PLANE('',#23180);
#23200=ORIENTED_EDGE('',*,*,#3950,.T.);
#23210=CARTESIAN_POINT('',(12.2397644405007,35.2833157800834,
-1.66682312396915E-9));
#23220=DIRECTION('',(0.,0.,1.));
#23230=VECTOR('',#23220,1.);
#23240=LINE('',#23210,#23230);
#23250=EDGE_CURVE('',#7570,#3860,#23240,.T.);
#23260=ORIENTED_EDGE('',*,*,#23250,.T.);
#23270=ORIENTED_EDGE('',*,*,#7580,.F.);
#23280=CARTESIAN_POINT('',(11.8664838546453,35.656596365938,
-1.66682312396915E-9));
#23290=DIRECTION('',(0.,0.,-1.));
#23300=VECTOR('',#23290,1.);
#23310=LINE('',#23280,#23300);
#23320=EDGE_CURVE('',#3940,#7490,#23310,.T.);
#23330=ORIENTED_EDGE('',*,*,#23320,.T.);
#23340=EDGE_LOOP('',(#23330,#23270,#23260,#23200));
#23350=FACE_OUTER_BOUND('',#23340,.T.);
#23360=ADVANCED_FACE('',(#23350),#23190,.F.);
#23370=COLOUR_RGB('',0.560784339904785,0.588235318660736,
0.600000023841858);
#23380=FILL_AREA_STYLE_COLOUR('',#23370);
#23390=FILL_AREA_STYLE('',(#23380));
#23400=SURFACE_STYLE_FILL_AREA(#23390);
#23410=SURFACE_SIDE_STYLE('',(#23400));
#23420=SURFACE_STYLE_USAGE(.BOTH.,#23410);
#23430=PRESENTATION_STYLE_ASSIGNMENT((#23420));
#23440=CARTESIAN_POINT('',(16.2083031218518,31.6519178314192,
-1.66682312396915E-9));
#23450=DIRECTION('',(0.362871839026855,-0.931839057155939,0.));
#23460=DIRECTION('',(-0.931839057155939,-0.362871839026855,0.));
#23470=AXIS2_PLACEMENT_3D('',#23440,#23450,#23460);
#23480=PLANE('',#23470);
#23490=ORIENTED_EDGE('',*,*,#4350,.T.);
#23500=CARTESIAN_POINT('',(15.965653659796,31.5574265607873,
-1.66682312396915E-9));
#23510=DIRECTION('',(0.,0.,1.));
#23520=VECTOR('',#23510,1.);
#23530=LINE('',#23500,#23520);
#23540=EDGE_CURVE('',#7170,#4260,#23530,.T.);
#23550=ORIENTED_EDGE('',*,*,#23540,.T.);
#23560=ORIENTED_EDGE('',*,*,#7180,.F.);
#23570=CARTESIAN_POINT('',(18.1082245717725,32.391775197608,
-1.66682312396915E-9));
#23580=DIRECTION('',(0.,0.,1.));
#23590=VECTOR('',#23580,1.);
#23600=LINE('',#23570,#23590);
#23610=EDGE_CURVE('',#7090,#4340,#23600,.T.);
#23620=ORIENTED_EDGE('',*,*,#23610,.F.);
#23630=EDGE_LOOP('',(#23620,#23560,#23550,#23490));
#23640=FACE_OUTER_BOUND('',#23630,.T.);
#23650=ADVANCED_FACE('',(#23640),#23480,.F.);
#23660=COLOUR_RGB('',0.560784339904785,0.588235318660736,
0.600000023841858);
#23670=FILL_AREA_STYLE_COLOUR('',#23660);
#23680=FILL_AREA_STYLE('',(#23670));
#23690=SURFACE_STYLE_FILL_AREA(#23680);
#23700=SURFACE_SIDE_STYLE('',(#23690));
#23710=SURFACE_STYLE_USAGE(.BOTH.,#23700);
#23720=PRESENTATION_STYLE_ASSIGNMENT((#23710));
#23730=CARTESIAN_POINT('',(16.3389342456503,31.184145974933,
-1.66682312396915E-9));
#23740=DIRECTION('',(0.707106781186547,0.707106781186548,0.));
#23750=DIRECTION('',(0.707106781186548,-0.707106781186547,0.));
#23760=AXIS2_PLACEMENT_3D('',#23730,#23740,#23750);
#23770=PLANE('',#23760);
#23780=ORIENTED_EDGE('',*,*,#4270,.T.);
#23790=CARTESIAN_POINT('',(16.3389342456503,31.184145974933,
-1.66682312396915E-9));
#23800=DIRECTION('',(0.,0.,-1.));
#23810=VECTOR('',#23800,1.);
#23820=LINE('',#23790,#23810);
#23830=EDGE_CURVE('',#4180,#7250,#23820,.T.);
#23840=ORIENTED_EDGE('',*,*,#23830,.F.);
#23850=ORIENTED_EDGE('',*,*,#7260,.F.);
#23860=ORIENTED_EDGE('',*,*,#23540,.F.);
#23870=EDGE_LOOP('',(#23860,#23850,#23840,#23780));
#23880=FACE_OUTER_BOUND('',#23870,.T.);
#23890=ADVANCED_FACE('',(#23880),#23770,.F.);
#23900=COLOUR_RGB('',0.560784339904785,0.588235318660736,
0.600000023841858);
#23910=FILL_AREA_STYLE_COLOUR('',#23900);
#23920=FILL_AREA_STYLE('',(#23910));
#23930=SURFACE_STYLE_FILL_AREA(#23920);
#23940=SURFACE_SIDE_STYLE('',(#23930));
#23950=SURFACE_STYLE_USAGE(.BOTH.,#23940);
#23960=PRESENTATION_STYLE_ASSIGNMENT((#23950));
#23970=CARTESIAN_POINT('',(15.582329989781,30.4275417190637,
-1.66682312396915E-9));
#23980=DIRECTION('',(0.707106781186548,-0.707106781186547,0.));
#23990=DIRECTION('',(-0.707106781186547,-0.707106781186548,0.));
#24000=AXIS2_PLACEMENT_3D('',#23970,#23980,#23990);
#24010=PLANE('',#24000);
#24020=ORIENTED_EDGE('',*,*,#4190,.T.);
#24030=CARTESIAN_POINT('',(15.582329989781,30.4275417190637,
-1.66682312396915E-9));
#24040=DIRECTION('',(0.,0.,-1.));
#24050=VECTOR('',#24040,1.);
#24060=LINE('',#24030,#24050);
#24070=EDGE_CURVE('',#4100,#7330,#24060,.T.);
#24080=ORIENTED_EDGE('',*,*,#24070,.F.);
#24090=ORIENTED_EDGE('',*,*,#7340,.F.);
#24100=ORIENTED_EDGE('',*,*,#23830,.T.);
#24110=EDGE_LOOP('',(#24100,#24090,#24080,#24020));
#24120=FACE_OUTER_BOUND('',#24110,.T.);
#24130=ADVANCED_FACE('',(#24120),#24010,.F.);
#24140=COLOUR_RGB('',0.560784339904785,0.588235318660736,
0.600000023841858);
#24150=FILL_AREA_STYLE_COLOUR('',#24140);
#24160=FILL_AREA_STYLE('',(#24150));
#24170=SURFACE_STYLE_FILL_AREA(#24160);
#24180=SURFACE_SIDE_STYLE('',(#24170));
#24190=SURFACE_STYLE_USAGE(.BOTH.,#24180);
#24200=PRESENTATION_STYLE_ASSIGNMENT((#24190));
#24210=CARTESIAN_POINT('',(11.1098795987757,34.8999921100684,
-1.66682312396915E-9));
#24220=DIRECTION('',(-0.707106781186497,-0.707106781186598,-0.));
#24230=DIRECTION('',(-0.707106781186598,0.707106781186497,0.));
#24240=AXIS2_PLACEMENT_3D('',#24210,#24220,#24230);
#24250=PLANE('',#24240);
#24260=ORIENTED_EDGE('',*,*,#4110,.T.);
#24270=CARTESIAN_POINT('',(11.1098795987757,34.8999921100684,
-1.66682312396915E-9));
#24280=DIRECTION('',(0.,0.,-1.));
#24290=VECTOR('',#24280,1.);
#24300=LINE('',#24270,#24290);
#24310=EDGE_CURVE('',#4020,#7410,#24300,.T.);
#24320=ORIENTED_EDGE('',*,*,#24310,.F.);
#24330=ORIENTED_EDGE('',*,*,#7420,.F.);
#24340=ORIENTED_EDGE('',*,*,#24070,.T.);
#24350=EDGE_LOOP('',(#24340,#24330,#24320,#24260));
#24360=FACE_OUTER_BOUND('',#24350,.T.);
#24370=ADVANCED_FACE('',(#24360),#24250,.F.);
#24380=COLOUR_RGB('',0.560784339904785,0.588235318660736,
0.600000023841858);
#24390=FILL_AREA_STYLE_COLOUR('',#24380);
#24400=FILL_AREA_STYLE('',(#24390));
#24410=SURFACE_STYLE_FILL_AREA(#24400);
#24420=SURFACE_SIDE_STYLE('',(#24410));
#24430=SURFACE_STYLE_USAGE(.BOTH.,#24420);
#24440=PRESENTATION_STYLE_ASSIGNMENT((#24430));
#24450=CARTESIAN_POINT('',(11.8664838546453,35.656596365938,
-1.66682312396915E-9));
#24460=DIRECTION('',(-0.707106781186548,0.707106781186547,0.));
#24470=DIRECTION('',(0.707106781186547,0.707106781186548,0.));
#24480=AXIS2_PLACEMENT_3D('',#24450,#24460,#24470);
#24490=PLANE('',#24480);
#24500=ORIENTED_EDGE('',*,*,#4030,.T.);
#24510=ORIENTED_EDGE('',*,*,#23320,.F.);
#24520=ORIENTED_EDGE('',*,*,#7500,.F.);
#24530=ORIENTED_EDGE('',*,*,#24310,.T.);
#24540=EDGE_LOOP('',(#24530,#24520,#24510,#24500));
#24550=FACE_OUTER_BOUND('',#24540,.T.);
#24560=ADVANCED_FACE('',(#24550),#24490,.F.);
#24570=COLOUR_RGB('',0.560784339904785,0.588235318660736,
0.600000023841858);
#24580=FILL_AREA_STYLE_COLOUR('',#24570);
#24590=FILL_AREA_STYLE('',(#24580));
#24600=SURFACE_STYLE_FILL_AREA(#24590);
#24610=SURFACE_SIDE_STYLE('',(#24600));
#24620=SURFACE_STYLE_USAGE(.BOTH.,#24610);
#24630=PRESENTATION_STYLE_ASSIGNMENT((#24620));
#24640=CARTESIAN_POINT('',(12.837213784767,36.8175396403695,
-1.66682312396915E-9));
#24650=DIRECTION('',(-0.931839057156251,0.362871839026052,0.));
#24660=DIRECTION('',(0.362871839026052,0.931839057156251,0.));
#24670=AXIS2_PLACEMENT_3D('',#24640,#24650,#24660);
#24680=PLANE('',#24670);
#24690=ORIENTED_EDGE('',*,*,#3870,.T.);
#24700=ORIENTED_EDGE('',*,*,#23030,.T.);
#24710=ORIENTED_EDGE('',*,*,#7660,.F.);
#24720=ORIENTED_EDGE('',*,*,#23250,.F.);
#24730=EDGE_LOOP('',(#24720,#24710,#24700,#24690));
#24740=FACE_OUTER_BOUND('',#24730,.T.);
#24750=ADVANCED_FACE('',(#24740),#24680,.F.);
#24760=COLOUR_RGB('',0.560784339904785,0.588235318660736,
0.600000023841858);
#24770=FILL_AREA_STYLE_COLOUR('',#24760);
#24780=FILL_AREA_STYLE('',(#24770));
#24790=SURFACE_STYLE_FILL_AREA(#24780);
#24800=SURFACE_SIDE_STYLE('',(#24790));
#24810=SURFACE_STYLE_USAGE(.BOTH.,#24800);
#24820=PRESENTATION_STYLE_ASSIGNMENT((#24810));
#24830=CARTESIAN_POINT('',(3.45010376911416,39.999999769375,
-1.66682312396915E-9));
#24840=DIRECTION('',(-0.,-1.,-0.));
#24850=DIRECTION('',(-1.,0.,0.));
#24860=AXIS2_PLACEMENT_3D('',#24830,#24840,#24850);
#24870=PLANE('',#24860);
#24880=CARTESIAN_POINT('',(7.02500000000232,39.999999769375,
-3.45000000166478));
#24890=DIRECTION('',(0.,1.,0.));
#24900=DIRECTION('',(1.,0.,0.));
#24910=AXIS2_PLACEMENT_3D('',#24880,#24890,#24900);
#24920=CIRCLE('',#24910,2.55);
#24930=CARTESIAN_POINT('',(9.30231868455766,39.999999769375,
-4.59730972836249));
#24940=VERTEX_POINT('',#24930);
#24950=CARTESIAN_POINT('',(4.47500000000232,39.999999769375,
-3.45000000166479));
#24960=VERTEX_POINT('',#24950);
#24970=EDGE_CURVE('',#24940,#24960,#24920,.T.);
#24980=ORIENTED_EDGE('',*,*,#24970,.F.);
#24990=CARTESIAN_POINT('',(9.57500000000233,39.999999769375,
-3.45000000166478));
#25000=VERTEX_POINT('',#24990);
#25010=EDGE_CURVE('',#24960,#25000,#24920,.T.);
#25020=ORIENTED_EDGE('',*,*,#25010,.F.);
#25030=EDGE_CURVE('',#25000,#24940,#24920,.T.);
#25040=ORIENTED_EDGE('',*,*,#25030,.F.);
#25050=EDGE_LOOP('',(#25040,#25020,#24980));
#25060=FACE_BOUND('',#25050,.T.);
#25070=ORIENTED_EDGE('',*,*,#3710,.T.);
#25080=ORIENTED_EDGE('',*,*,#22740,.T.);
#25090=ORIENTED_EDGE('',*,*,#7820,.F.);
#25100=ORIENTED_EDGE('',*,*,#22960,.F.);
#25110=EDGE_LOOP('',(#25100,#25090,#25080,#25070));
#25120=FACE_OUTER_BOUND('',#25110,.T.);
#25130=ADVANCED_FACE('',(#25060,#25120),#24870,.F.);
#25140=COLOUR_RGB('',0.560784339904785,0.588235318660736,
0.600000023841858);
#25150=FILL_AREA_STYLE_COLOUR('',#25140);
#25160=FILL_AREA_STYLE('',(#25150));
#25170=SURFACE_STYLE_FILL_AREA(#25160);
#25180=SURFACE_SIDE_STYLE('',(#25170));
#25190=SURFACE_STYLE_USAGE(.BOTH.,#25180);
#25200=PRESENTATION_STYLE_ASSIGNMENT((#25190));
#25210=CARTESIAN_POINT('',(7.02500000000232,39.999999769375,
-3.45000000166478));
#25220=DIRECTION('',(0.,1.,0.));
#25230=DIRECTION('',(1.,0.,0.));
#25240=AXIS2_PLACEMENT_3D('',#25210,#25220,#25230);
#25250=CYLINDRICAL_SURFACE('',#25240,2.55);
#25260=CARTESIAN_POINT('',(7.02500000000232,33.3999997694256,
-3.45000000166478));
#25270=DIRECTION('',(0.,1.,0.));
#25280=DIRECTION('',(1.,0.,0.));
#25290=AXIS2_PLACEMENT_3D('',#25260,#25270,#25280);
#25300=CIRCLE('',#25290,2.55);
#25310=CARTESIAN_POINT('',(4.87540958418892,33.3999997694256,
-2.0782270451435));
#25320=VERTEX_POINT('',#25310);
#25330=CARTESIAN_POINT('',(5.653227043497,33.3999997694256,
-1.30040958584119));
#25340=VERTEX_POINT('',#25330);
#25350=EDGE_CURVE('',#25320,#25340,#25300,.T.);
#25360=ORIENTED_EDGE('',*,*,#25350,.F.);
#25370=CARTESIAN_POINT('',(5.653227043497,39.999999769375,
-1.30040958584119));
#25380=DIRECTION('',(0.,1.,0.));
#25390=VECTOR('',#25380,1.);
#25400=LINE('',#25370,#25390);
#25410=CARTESIAN_POINT('',(5.653227043497,34.6999997694256,
-1.30040958584119));
#25420=VERTEX_POINT('',#25410);
#25430=EDGE_CURVE('',#25340,#25420,#25400,.T.);
#25440=ORIENTED_EDGE('',*,*,#25430,.F.);
#25450=CARTESIAN_POINT('',(7.02500000000232,34.6999997694256,
-3.45000000166478));
#25460=DIRECTION('',(0.,1.,0.));
#25470=DIRECTION('',(1.,0.,0.));
#25480=AXIS2_PLACEMENT_3D('',#25450,#25460,#25470);
#25490=CIRCLE('',#25480,2.55);
#25500=CARTESIAN_POINT('',(9.57500000000233,34.6999997694256,
-3.45000000166478));
#25510=VERTEX_POINT('',#25500);
#25520=EDGE_CURVE('',#25420,#25510,#25490,.T.);
#25530=ORIENTED_EDGE('',*,*,#25520,.F.);
#25540=CARTESIAN_POINT('',(9.57500000000233,39.999999769375,
-3.45000000166478));
#25550=DIRECTION('',(0.,1.,0.));
#25560=VECTOR('',#25550,1.);
#25570=LINE('',#25540,#25560);
#25580=EDGE_CURVE('',#25510,#25000,#25570,.T.);
#25590=ORIENTED_EDGE('',*,*,#25580,.F.);
#25600=ORIENTED_EDGE('',*,*,#25010,.T.);
#25610=CARTESIAN_POINT('',(4.47500000000232,39.999999769375,
-3.45000000166479));
#25620=DIRECTION('',(0.,1.,0.));
#25630=VECTOR('',#25620,1.);
#25640=LINE('',#25610,#25630);
#25650=CARTESIAN_POINT('',(4.47500000000232,34.6999997694256,
-3.45000000166479));
#25660=VERTEX_POINT('',#25650);
#25670=EDGE_CURVE('',#25660,#24960,#25640,.T.);
#25680=ORIENTED_EDGE('',*,*,#25670,.T.);
#25690=CARTESIAN_POINT('',(7.02500000000232,34.6999997694256,
-3.45000000166478));
#25700=DIRECTION('',(0.,1.,0.));
#25710=DIRECTION('',(1.,0.,0.));
#25720=AXIS2_PLACEMENT_3D('',#25690,#25700,#25710);
#25730=CIRCLE('',#25720,2.55);
#25740=CARTESIAN_POINT('',(4.87540958418892,34.6999997694256,
-2.0782270451435));
#25750=VERTEX_POINT('',#25740);
#25760=EDGE_CURVE('',#25660,#25750,#25730,.T.);
#25770=ORIENTED_EDGE('',*,*,#25760,.F.);
#25780=CARTESIAN_POINT('',(4.87540958418892,39.999999769375,
-2.0782270451435));
#25790=DIRECTION('',(0.,1.,0.));
#25800=VECTOR('',#25790,1.);
#25810=LINE('',#25780,#25800);
#25820=EDGE_CURVE('',#25320,#25750,#25810,.T.);
#25830=ORIENTED_EDGE('',*,*,#25820,.T.);
#25840=EDGE_LOOP('',(#25830,#25770,#25680,#25600,#25590,#25530,#25440,
#25360));
#25850=FACE_OUTER_BOUND('',#25840,.T.);
#25860=ADVANCED_FACE('',(#25850),#25250,.F.);
#25870=COLOUR_RGB('',0.560784339904785,0.588235318660736,
0.600000023841858);
#25880=FILL_AREA_STYLE_COLOUR('',#25870);
#25890=FILL_AREA_STYLE('',(#25880));
#25900=SURFACE_STYLE_FILL_AREA(#25890);
#25910=SURFACE_SIDE_STYLE('',(#25900));
#25920=SURFACE_STYLE_USAGE(.BOTH.,#25910);
#25930=PRESENTATION_STYLE_ASSIGNMENT((#25920));
#25940=CARTESIAN_POINT('',(8.76677267654985,33.3999997694256,
-5.96959013750444));
#25950=DIRECTION('',(-0.707106781186548,0.,-0.707106781186547));
#25960=DIRECTION('',(0.,1.,0.));
#25970=AXIS2_PLACEMENT_3D('',#25940,#25950,#25960);
#25980=PLANE('',#25970);
#25990=CARTESIAN_POINT('',(6.6360912703625,34.6999997694256,
-3.83890873131709));
#26000=DIRECTION('',(0.707106781186547,0.,-0.707106781186548));
#26010=VECTOR('',#26000,1.);
#26020=LINE('',#25990,#26010);
#26030=CARTESIAN_POINT('',(8.39677295652361,34.6999997694256,
-5.5995904174782));
#26040=VERTEX_POINT('',#26030);
#26050=EDGE_CURVE('',#25750,#26040,#26020,.T.);
#26060=ORIENTED_EDGE('',*,*,#26050,.F.);
#26070=CARTESIAN_POINT('',(8.39677295652361,39.999999769375,
-5.5995904174782));
#26080=DIRECTION('',(0.,1.,0.));
#26090=VECTOR('',#26080,1.);
#26100=LINE('',#26070,#26090);
#26110=CARTESIAN_POINT('',(8.39677295652361,33.3999997694256,
-5.5995904174782));
#26120=VERTEX_POINT('',#26110);
#26130=EDGE_CURVE('',#26120,#26040,#26100,.T.);
#26140=ORIENTED_EDGE('',*,*,#26130,.T.);
#26150=CARTESIAN_POINT('',(2.79718254071224,33.3999997694256,
-1.66682312396915E-9));
#26160=DIRECTION('',(-0.707106781186547,0.,0.707106781186548));
#26170=VECTOR('',#26160,1.);
#26180=LINE('',#26150,#26170);
#26190=EDGE_CURVE('',#26120,#25320,#26180,.T.);
#26200=ORIENTED_EDGE('',*,*,#26190,.F.);
#26210=ORIENTED_EDGE('',*,*,#25820,.F.);
#26220=EDGE_LOOP('',(#26210,#26200,#26140,#26060));
#26230=FACE_OUTER_BOUND('',#26220,.T.);
#26240=ADVANCED_FACE('',(#26230),#25980,.F.);
#26250=COLOUR_RGB('',0.823529481887817,0.823529481887817,
0.784313797950745);
#26260=FILL_AREA_STYLE_COLOUR('',#26250);
#26270=FILL_AREA_STYLE('',(#26260));
#26280=SURFACE_STYLE_FILL_AREA(#26270);
#26290=SURFACE_SIDE_STYLE('',(#26280));
#26300=SURFACE_STYLE_USAGE(.BOTH.,#26290);
#26310=PRESENTATION_STYLE_ASSIGNMENT((#26300));
#26320=CARTESIAN_POINT('',(7.82188809127214,34.6999997694256,
-2.65311191040745));
#26330=DIRECTION('',(0.,-1.,-0.));
#26340=DIRECTION('',(-0.707106781186548,0.,-0.707106781186547));
#26350=AXIS2_PLACEMENT_3D('',#26320,#26330,#26340);
#26360=PLANE('',#26350);
#26370=EDGE_CURVE('',#26040,#25660,#25730,.T.);
#26380=ORIENTED_EDGE('',*,*,#26370,.T.);
#26390=ORIENTED_EDGE('',*,*,#26050,.T.);
#26400=ORIENTED_EDGE('',*,*,#25760,.T.);
#26410=EDGE_LOOP('',(#26400,#26390,#26380));
#26420=FACE_OUTER_BOUND('',#26410,.T.);
#26430=ADVANCED_FACE('',(#26420),#26360,.F.);
#26440=COLOUR_RGB('',0.823529481887817,0.823529481887817,
0.784313797950745);
#26450=FILL_AREA_STYLE_COLOUR('',#26440);
#26460=FILL_AREA_STYLE('',(#26450));
#26470=SURFACE_STYLE_FILL_AREA(#26460);
#26480=SURFACE_SIDE_STYLE('',(#26470));
#26490=SURFACE_STYLE_USAGE(.BOTH.,#26480);
#26500=PRESENTATION_STYLE_ASSIGNMENT((#26490));
#26510=CARTESIAN_POINT('',(-8.0217343845471,33.3999997694256,
-3.45000000166478));
#26520=DIRECTION('',(-0.,1.,0.));
#26530=DIRECTION('',(1.,0.,0.));
#26540=AXIS2_PLACEMENT_3D('',#26510,#26520,#26530);
#26550=PLANE('',#26540);
#26560=CARTESIAN_POINT('',(9.17459041582592,33.3999997694256,
-4.82177295817011));
#26570=VERTEX_POINT('',#26560);
#26580=EDGE_CURVE('',#26570,#26120,#25300,.T.);
#26590=ORIENTED_EDGE('',*,*,#26580,.T.);
#26600=CARTESIAN_POINT('',(4.35281745932264,33.3999997694256,
-1.66682312396915E-9));
#26610=DIRECTION('',(0.707106781186547,0.,-0.707106781186548));
#26620=VECTOR('',#26610,1.);
#26630=LINE('',#26600,#26620);
#26640=EDGE_CURVE('',#25340,#26570,#26630,.T.);
#26650=ORIENTED_EDGE('',*,*,#26640,.T.);
#26660=ORIENTED_EDGE('',*,*,#25350,.T.);
#26670=ORIENTED_EDGE('',*,*,#26190,.T.);
#26680=EDGE_LOOP('',(#26670,#26660,#26650,#26590));
#26690=FACE_OUTER_BOUND('',#26680,.T.);
#26700=ADVANCED_FACE('',(#26690),#26550,.T.);
#26710=COLOUR_RGB('',0.823529481887817,0.823529481887817,
0.784313797950745);
#26720=FILL_AREA_STYLE_COLOUR('',#26710);
#26730=FILL_AREA_STYLE('',(#26720));
#26740=SURFACE_STYLE_FILL_AREA(#26730);
#26750=SURFACE_SIDE_STYLE('',(#26740));
#26760=SURFACE_STYLE_USAGE(.BOTH.,#26750);
#26770=PRESENTATION_STYLE_ASSIGNMENT((#26760));
#26780=CARTESIAN_POINT('',(9.54459013585505,34.6999997694256,
-5.19177267819924));
#26790=DIRECTION('',(0.707106781186548,0.,0.707106781186547));
#26800=DIRECTION('',(0.,-1.,0.));
#26810=AXIS2_PLACEMENT_3D('',#26780,#26790,#26800);
#26820=PLANE('',#26810);
#26830=CARTESIAN_POINT('',(7.4139087296677,34.6999997694256,
-3.06109127201189));
#26840=DIRECTION('',(-0.707106781186547,0.,0.707106781186548));
#26850=VECTOR('',#26840,1.);
#26860=LINE('',#26830,#26850);
#26870=CARTESIAN_POINT('',(9.17459041582592,34.6999997694256,
-4.82177295817011));
#26880=VERTEX_POINT('',#26870);
#26890=EDGE_CURVE('',#26880,#25420,#26860,.T.);
#26900=ORIENTED_EDGE('',*,*,#26890,.F.);
#26910=ORIENTED_EDGE('',*,*,#25430,.T.);
#26920=ORIENTED_EDGE('',*,*,#26640,.F.);
#26930=CARTESIAN_POINT('',(9.17459041582592,39.999999769375,
-4.82177295817011));
#26940=DIRECTION('',(0.,1.,0.));
#26950=VECTOR('',#26940,1.);
#26960=LINE('',#26930,#26950);
#26970=EDGE_CURVE('',#26570,#26880,#26960,.T.);
#26980=ORIENTED_EDGE('',*,*,#26970,.F.);
#26990=EDGE_LOOP('',(#26980,#26920,#26910,#26900));
#27000=FACE_OUTER_BOUND('',#26990,.T.);
#27010=ADVANCED_FACE('',(#27000),#26820,.F.);
#27020=COLOUR_RGB('',0.823529481887817,0.823529481887817,
0.784313797950745);
#27030=FILL_AREA_STYLE_COLOUR('',#27020);
#27040=FILL_AREA_STYLE('',(#27030));
#27050=SURFACE_STYLE_FILL_AREA(#27040);
#27060=SURFACE_SIDE_STYLE('',(#27050));
#27070=SURFACE_STYLE_USAGE(.BOTH.,#27060);
#27080=PRESENTATION_STYLE_ASSIGNMENT((#27070));
#27090=ORIENTED_EDGE('',*,*,#25520,.T.);
#27100=ORIENTED_EDGE('',*,*,#26890,.T.);
#27110=EDGE_CURVE('',#25510,#26880,#25490,.T.);
#27120=ORIENTED_EDGE('',*,*,#27110,.T.);
#27130=EDGE_LOOP('',(#27120,#27100,#27090));
#27140=FACE_OUTER_BOUND('',#27130,.T.);
#27150=ADVANCED_FACE('',(#27140),#26360,.F.);
#27160=COLOUR_RGB('',0.823529481887817,0.823529481887817,
0.784313797950745);
#27170=FILL_AREA_STYLE_COLOUR('',#27160);
#27180=FILL_AREA_STYLE('',(#27170));
#27190=SURFACE_STYLE_FILL_AREA(#27180);
#27200=SURFACE_SIDE_STYLE('',(#27190));
#27210=SURFACE_STYLE_USAGE(.BOTH.,#27200);
#27220=PRESENTATION_STYLE_ASSIGNMENT((#27210));
#27230=CARTESIAN_POINT('',(1.90000000000959,30.9999997693846,
-1.66682312396915E-9));
#27240=DIRECTION('',(1.,0.,0.));
#27250=DIRECTION('',(0.,-1.,0.));
#27260=AXIS2_PLACEMENT_3D('',#27230,#27240,#27250);
#27270=PLANE('',#27260);
#27280=ORIENTED_EDGE('',*,*,#3550,.T.);
#27290=CARTESIAN_POINT('',(1.90000000000959,30.9999997693846,
-1.66682312396915E-9));
#27300=DIRECTION('',(0.,0.,-1.));
#27310=VECTOR('',#27300,1.);
#27320=LINE('',#27290,#27310);
#27330=CARTESIAN_POINT('',(1.90000000000959,30.9999997693838,
-0.675000001639005));
#27340=VERTEX_POINT('',#27330);
#27350=EDGE_CURVE('',#3460,#27340,#27320,.T.);
#27360=ORIENTED_EDGE('',*,*,#27350,.F.);
#27370=CARTESIAN_POINT('',(1.90000000000959,30.9999997693838,
-0.675000001639005));
#27380=DIRECTION('',(2.01948391736579E-28,-1.,1.12998499446348E-12));
#27390=VECTOR('',#27380,1.);
#27400=LINE('',#27370,#27390);
#27410=CARTESIAN_POINT('',(1.90000000000959,20.8999997693751,
-0.675000001627592));
#27420=VERTEX_POINT('',#27410);
#27430=EDGE_CURVE('',#27340,#27420,#27400,.T.);
#27440=ORIENTED_EDGE('',*,*,#27430,.F.);
#27450=CARTESIAN_POINT('',(1.90000000000959,20.8999997693675,
-7.39999999998613));
#27460=DIRECTION('',(-1.56370996725709E-40,1.12998499446348E-12,1.));
#27470=VECTOR('',#27460,1.);
#27480=LINE('',#27450,#27470);
#27490=CARTESIAN_POINT('',(1.90000000000959,20.8999997693675,
-7.39999999998613));
#27500=VERTEX_POINT('',#27490);
#27510=EDGE_CURVE('',#27500,#27420,#27480,.T.);
#27520=ORIENTED_EDGE('',*,*,#27510,.T.);
#27530=CARTESIAN_POINT('',(1.90000000000959,30.9999997693762,
-7.39999999999754));
#27540=DIRECTION('',(2.01948391736579E-28,-1.,1.12998499446348E-12));
#27550=VECTOR('',#27540,1.);
#27560=LINE('',#27530,#27550);
#27570=CARTESIAN_POINT('',(1.90000000000959,30.9999997693762,
-7.39999999999754));
#27580=VERTEX_POINT('',#27570);
#27590=EDGE_CURVE('',#27580,#27500,#27560,.T.);
#27600=ORIENTED_EDGE('',*,*,#27590,.T.);
#27610=EDGE_CURVE('',#27580,#7970,#27320,.T.);
#27620=ORIENTED_EDGE('',*,*,#27610,.F.);
#27630=ORIENTED_EDGE('',*,*,#7980,.F.);
#27640=ORIENTED_EDGE('',*,*,#22670,.F.);
#27650=EDGE_LOOP('',(#27640,#27630,#27620,#27600,#27520,#27440,#27360,
#27280));
#27660=FACE_OUTER_BOUND('',#27650,.T.);
#27670=ADVANCED_FACE('',(#27660),#27270,.F.);
#27680=COLOUR_RGB('',0.560784339904785,0.588235318660736,
0.600000023841858);
#27690=FILL_AREA_STYLE_COLOUR('',#27680);
#27700=FILL_AREA_STYLE('',(#27690));
#27710=SURFACE_STYLE_FILL_AREA(#27700);
#27720=SURFACE_SIDE_STYLE('',(#27710));
#27730=SURFACE_STYLE_USAGE(.BOTH.,#27720);
#27740=PRESENTATION_STYLE_ASSIGNMENT((#27730));
#27750=CARTESIAN_POINT('',(-6.09999999999096,30.9999997693846,
-1.66682312396915E-9));
#27760=DIRECTION('',(1.38383250655425E-28,-1.,0.));
#27770=DIRECTION('',(-1.,-1.38383250655425E-28,0.));
#27780=AXIS2_PLACEMENT_3D('',#27750,#27760,#27770);
#27790=PLANE('',#27780);
#27800=CARTESIAN_POINT('',(-5.12638860322073,30.9999997693846,
-7.39999999999754));
#27810=DIRECTION('',(-1.,-1.38383250655425E-28,0.));
#27820=VECTOR('',#27810,1.);
#27830=LINE('',#27800,#27820);
#27840=CARTESIAN_POINT('',(-1.26458980337357,30.9999997693846,
-7.39999999999754));
#27850=VERTEX_POINT('',#27840);
#27860=EDGE_CURVE('',#27580,#27850,#27830,.T.);
#27870=ORIENTED_EDGE('',*,*,#27860,.F.);
#27880=CARTESIAN_POINT('',(-1.26458980337357,30.9999997693846,
-1.66682312396915E-9));
#27890=DIRECTION('',(7.18276555926589E-41,0.,1.));
#27900=VECTOR('',#27890,1.);
#27910=LINE('',#27880,#27900);
#27920=CARTESIAN_POINT('',(-1.26458980337357,30.9999997693846,
-0.675000001639005));
#27930=VERTEX_POINT('',#27920);
#27940=EDGE_CURVE('',#27850,#27930,#27910,.T.);
#27950=ORIENTED_EDGE('',*,*,#27940,.F.);
#27960=CARTESIAN_POINT('',(-5.12638860322073,30.9999997693846,
-0.675000001639005));
#27970=DIRECTION('',(1.,1.38383250655425E-28,0.));
#27980=VECTOR('',#27970,1.);
#27990=LINE('',#27960,#27980);
#28000=EDGE_CURVE('',#27930,#27340,#27990,.T.);
#28010=ORIENTED_EDGE('',*,*,#28000,.F.);
#28020=ORIENTED_EDGE('',*,*,#27350,.T.);
#28030=ORIENTED_EDGE('',*,*,#3470,.T.);
#28040=ORIENTED_EDGE('',*,*,#22350,.F.);
#28050=CARTESIAN_POINT('',(-5.12638860322073,30.9999997693846,
-0.675000001648931));
#28060=DIRECTION('',(1.,1.38383250655425E-28,0.));
#28070=VECTOR('',#28060,1.);
#28080=LINE('',#28050,#28070);
#28090=CARTESIAN_POINT('',(-2.94999999999859,30.9999997693846,
-0.675000001648931));
#28100=VERTEX_POINT('',#28090);
#28110=EDGE_CURVE('',#22280,#28100,#28080,.T.);
#28120=ORIENTED_EDGE('',*,*,#28110,.F.);
#28130=CARTESIAN_POINT('',(-2.94999999999859,30.9999997693846,
-1.66682312396915E-9));
#28140=DIRECTION('',(-7.18276555926589E-41,0.,-1.));
#28150=VECTOR('',#28140,1.);
#28160=LINE('',#28130,#28150);
#28170=CARTESIAN_POINT('',(-2.94999999999859,30.9999997693846,
-7.39999999999743));
#28180=VERTEX_POINT('',#28170);
#28190=EDGE_CURVE('',#28100,#28180,#28160,.T.);
#28200=ORIENTED_EDGE('',*,*,#28190,.F.);
#28210=CARTESIAN_POINT('',(-5.12638860322073,30.9999997693846,
-7.39999999999742));
#28220=DIRECTION('',(-1.,-1.38383250655425E-28,0.));
#28230=VECTOR('',#28220,1.);
#28240=LINE('',#28210,#28230);
#28250=EDGE_CURVE('',#28180,#22100,#28240,.T.);
#28260=ORIENTED_EDGE('',*,*,#28250,.F.);
#28270=ORIENTED_EDGE('',*,*,#22450,.F.);
#28280=ORIENTED_EDGE('',*,*,#8060,.F.);
#28290=ORIENTED_EDGE('',*,*,#27610,.T.);
#28300=EDGE_LOOP('',(#28290,#28280,#28270,#28260,#28200,#28120,#28040,
#28030,#28020,#28010,#27950,#27870));
#28310=FACE_OUTER_BOUND('',#28300,.T.);
#28320=ADVANCED_FACE('',(#28310),#27790,.F.);
#28330=COLOUR_RGB('',0.560784339904785,0.588235318660736,
0.600000023841858);
#28340=FILL_AREA_STYLE_COLOUR('',#28330);
#28350=FILL_AREA_STYLE('',(#28340));
#28360=SURFACE_STYLE_FILL_AREA(#28350);
#28370=SURFACE_SIDE_STYLE('',(#28360));
#28380=SURFACE_STYLE_USAGE(.BOTH.,#28370);
#28390=PRESENTATION_STYLE_ASSIGNMENT((#28380));
#28400=CARTESIAN_POINT('',(-2.09999999999069,20.8999997693713,
-4.07500000164151));
#28410=DIRECTION('',(-2.01948391736579E-28,1.,-1.12998499446348E-12));
#28420=DIRECTION('',(1.,2.01948391736579E-28,-7.18276555926589E-41));
#28430=AXIS2_PLACEMENT_3D('',#28400,#28410,#28420);
#28440=PLANE('',#28430);
#28450=CARTESIAN_POINT('',(-1.26458980337357,20.8999997693751,
-0.675000001627592));
#28460=DIRECTION('',(1.56370996725709E-40,-1.12998499446348E-12,-1.));
#28470=VECTOR('',#28460,1.);
#28480=LINE('',#28450,#28470);
#28490=CARTESIAN_POINT('',(-1.26458980337357,20.8999997693751,
-0.675000001627592));
#28500=VERTEX_POINT('',#28490);
#28510=CARTESIAN_POINT('',(-1.26458980337357,20.8999997693675,
-7.39999999998613));
#28520=VERTEX_POINT('',#28510);
#28530=EDGE_CURVE('',#28500,#28520,#28480,.T.);
#28540=ORIENTED_EDGE('',*,*,#28530,.F.);
#28550=CARTESIAN_POINT('',(-1.26458980337357,20.8999997693675,
-7.39999999998613));
#28560=DIRECTION('',(1.,2.01948391736579E-28,-7.18276555926589E-41));
#28570=VECTOR('',#28560,1.);
#28580=LINE('',#28550,#28570);
#28590=EDGE_CURVE('',#28520,#27500,#28580,.T.);
#28600=ORIENTED_EDGE('',*,*,#28590,.F.);
#28610=ORIENTED_EDGE('',*,*,#27510,.F.);
#28620=CARTESIAN_POINT('',(1.90000000000959,20.8999997693751,
-0.675000001627592));
#28630=DIRECTION('',(-1.,-2.01948391736579E-28,7.18276555926589E-41));
#28640=VECTOR('',#28630,1.);
#28650=LINE('',#28620,#28640);
#28660=EDGE_CURVE('',#27420,#28500,#28650,.T.);
#28670=ORIENTED_EDGE('',*,*,#28660,.F.);
#28680=EDGE_LOOP('',(#28670,#28610,#28600,#28540));
#28690=FACE_OUTER_BOUND('',#28680,.T.);
#28700=ADVANCED_FACE('',(#28690),#28440,.T.);
#28710=COLOUR_RGB('',0.823529481887817,0.823529481887817,
0.784313797950745);
#28720=FILL_AREA_STYLE_COLOUR('',#28710);
#28730=FILL_AREA_STYLE('',(#28720));
#28740=SURFACE_STYLE_FILL_AREA(#28730);
#28750=SURFACE_SIDE_STYLE('',(#28740));
#28760=SURFACE_STYLE_USAGE(.BOTH.,#28750);
#28770=PRESENTATION_STYLE_ASSIGNMENT((#28760));
#28780=CARTESIAN_POINT('',(1.90000000000959,30.9999997693838,
-0.675000001639005));
#28790=DIRECTION('',(1.56370996725709E-40,-1.12998499446348E-12,-1.));
#28800=DIRECTION('',(1.,2.01948391736579E-28,-7.18276555926589E-41));
#28810=AXIS2_PLACEMENT_3D('',#28780,#28790,#28800);
#28820=PLANE('',#28810);
#28830=CARTESIAN_POINT('',(-1.26458980337357,30.9999997693838,
-0.675000001639005));
#28840=DIRECTION('',(2.01948391736579E-28,-1.,1.12998499446348E-12));
#28850=VECTOR('',#28840,1.);
#28860=LINE('',#28830,#28850);
#28870=EDGE_CURVE('',#27930,#28500,#28860,.T.);
#28880=ORIENTED_EDGE('',*,*,#28870,.F.);
#28890=ORIENTED_EDGE('',*,*,#28660,.T.);
#28900=ORIENTED_EDGE('',*,*,#27430,.T.);
#28910=ORIENTED_EDGE('',*,*,#28000,.T.);
#28920=EDGE_LOOP('',(#28910,#28900,#28890,#28880));
#28930=FACE_OUTER_BOUND('',#28920,.T.);
#28940=ADVANCED_FACE('',(#28930),#28820,.T.);
#28950=COLOUR_RGB('',0.560784339904785,0.588235318660736,
0.600000023841858);
#28960=FILL_AREA_STYLE_COLOUR('',#28950);
#28970=FILL_AREA_STYLE('',(#28960));
#28980=SURFACE_STYLE_FILL_AREA(#28970);
#28990=SURFACE_SIDE_STYLE('',(#28980));
#29000=SURFACE_STYLE_USAGE(.BOTH.,#28990);
#29010=PRESENTATION_STYLE_ASSIGNMENT((#29000));
#29020=CARTESIAN_POINT('',(-1.26458980337357,30.9999997693838,
-0.675000001639005));
#29030=DIRECTION('',(1.,2.01948391736579E-28,-7.18276555926589E-41));
#29040=DIRECTION('',(-1.56370996725709E-40,1.12998499446348E-12,1.));
#29050=AXIS2_PLACEMENT_3D('',#29020,#29030,#29040);
#29060=PLANE('',#29050);
#29070=CARTESIAN_POINT('',(-1.26458980337357,30.9999997693762,
-7.39999999999754));
#29080=DIRECTION('',(2.01948391736579E-28,-1.,1.12998499446348E-12));
#29090=VECTOR('',#29080,1.);
#29100=LINE('',#29070,#29090);
#29110=EDGE_CURVE('',#27850,#28520,#29100,.T.);
#29120=ORIENTED_EDGE('',*,*,#29110,.F.);
#29130=ORIENTED_EDGE('',*,*,#28530,.T.);
#29140=ORIENTED_EDGE('',*,*,#28870,.T.);
#29150=ORIENTED_EDGE('',*,*,#27940,.T.);
#29160=EDGE_LOOP('',(#29150,#29140,#29130,#29120));
#29170=FACE_OUTER_BOUND('',#29160,.T.);
#29180=ADVANCED_FACE('',(#29170),#29060,.T.);
#29190=COLOUR_RGB('',0.560784339904785,0.588235318660736,
0.600000023841858);
#29200=FILL_AREA_STYLE_COLOUR('',#29190);
#29210=FILL_AREA_STYLE('',(#29200));
#29220=SURFACE_STYLE_FILL_AREA(#29210);
#29230=SURFACE_SIDE_STYLE('',(#29220));
#29240=SURFACE_STYLE_USAGE(.BOTH.,#29230);
#29250=PRESENTATION_STYLE_ASSIGNMENT((#29240));
#29260=CARTESIAN_POINT('',(-1.26458980337357,30.9999997693762,
-7.39999999999754));
#29270=DIRECTION('',(-1.56370996725709E-40,1.12998499446348E-12,1.));
#29280=DIRECTION('',(-1.,-2.01948391736579E-28,7.18276555926589E-41));
#29290=AXIS2_PLACEMENT_3D('',#29260,#29270,#29280);
#29300=PLANE('',#29290);
#29310=ORIENTED_EDGE('',*,*,#27590,.F.);
#29320=ORIENTED_EDGE('',*,*,#28590,.T.);
#29330=ORIENTED_EDGE('',*,*,#29110,.T.);
#29340=ORIENTED_EDGE('',*,*,#27860,.T.);
#29350=EDGE_LOOP('',(#29340,#29330,#29320,#29310));
#29360=FACE_OUTER_BOUND('',#29350,.T.);
#29370=ADVANCED_FACE('',(#29360),#29300,.T.);
#29380=COLOUR_RGB('',0.560784339904785,0.588235318660736,
0.600000023841858);
#29390=FILL_AREA_STYLE_COLOUR('',#29380);
#29400=FILL_AREA_STYLE('',(#29390));
#29410=SURFACE_STYLE_FILL_AREA(#29400);
#29420=SURFACE_SIDE_STYLE('',(#29410));
#29430=SURFACE_STYLE_USAGE(.BOTH.,#29420);
#29440=PRESENTATION_STYLE_ASSIGNMENT((#29430));
#29450=CARTESIAN_POINT('',(-2.09999999999069,20.8999997693713,
-4.07500000164151));
#29460=DIRECTION('',(-2.01948391736579E-28,1.,-1.12998499446348E-12));
#29470=DIRECTION('',(1.,2.01948391736579E-28,-7.18276555926589E-41));
#29480=AXIS2_PLACEMENT_3D('',#29450,#29460,#29470);
#29490=PLANE('',#29480);
#29500=CARTESIAN_POINT('',(-6.09999999998988,20.8999997693675,
-7.39999999998601));
#29510=DIRECTION('',(1.,2.01948391736579E-28,-7.18276555926589E-41));
#29520=VECTOR('',#29510,1.);
#29530=LINE('',#29500,#29520);
#29540=CARTESIAN_POINT('',(-2.94999999999859,20.8999997693675,
-7.39999999998601));
#29550=VERTEX_POINT('',#29540);
#29560=EDGE_CURVE('',#22120,#29550,#29530,.T.);
#29570=ORIENTED_EDGE('',*,*,#29560,.F.);
#29580=CARTESIAN_POINT('',(-2.94999999999859,20.8999997693675,
-7.39999999998601));
#29590=DIRECTION('',(-1.56370996725709E-40,1.12998499446348E-12,1.));
#29600=VECTOR('',#29590,1.);
#29610=LINE('',#29580,#29600);
#29620=CARTESIAN_POINT('',(-2.94999999999859,20.8999997693751,
-0.675000001637518));
#29630=VERTEX_POINT('',#29620);
#29640=EDGE_CURVE('',#29550,#29630,#29610,.T.);
#29650=ORIENTED_EDGE('',*,*,#29640,.F.);
#29660=CARTESIAN_POINT('',(-2.94999999999859,20.8999997693751,
-0.675000001637518));
#29670=DIRECTION('',(-1.,-2.01948391736579E-28,7.18276555926589E-41));
#29680=VECTOR('',#29670,1.);
#29690=LINE('',#29660,#29680);
#29700=EDGE_CURVE('',#29630,#22200,#29690,.T.);
#29710=ORIENTED_EDGE('',*,*,#29700,.F.);
#29720=ORIENTED_EDGE('',*,*,#22210,.F.);
#29730=EDGE_LOOP('',(#29720,#29710,#29650,#29570));
#29740=FACE_OUTER_BOUND('',#29730,.T.);
#29750=ADVANCED_FACE('',(#29740),#29490,.T.);
#29760=COLOUR_RGB('',0.823529481887817,0.823529481887817,
0.784313797950745);
#29770=FILL_AREA_STYLE_COLOUR('',#29760);
#29780=FILL_AREA_STYLE('',(#29770));
#29790=SURFACE_STYLE_FILL_AREA(#29780);
#29800=SURFACE_SIDE_STYLE('',(#29790));
#29810=SURFACE_STYLE_USAGE(.BOTH.,#29800);
#29820=PRESENTATION_STYLE_ASSIGNMENT((#29810));
#29830=CARTESIAN_POINT('',(-2.94999999999859,30.9999997693838,
-0.675000001648931));
#29840=DIRECTION('',(1.56370996725709E-40,-1.12998499446348E-12,-1.));
#29850=DIRECTION('',(1.,2.01948391736579E-28,-7.18276555926589E-41));
#29860=AXIS2_PLACEMENT_3D('',#29830,#29840,#29850);
#29870=PLANE('',#29860);
#29880=ORIENTED_EDGE('',*,*,#22290,.F.);
#29890=ORIENTED_EDGE('',*,*,#29700,.T.);
#29900=CARTESIAN_POINT('',(-2.94999999999859,30.9999997693838,
-0.675000001648931));
#29910=DIRECTION('',(2.01948391736579E-28,-1.,1.12998499446348E-12));
#29920=VECTOR('',#29910,1.);
#29930=LINE('',#29900,#29920);
#29940=EDGE_CURVE('',#28100,#29630,#29930,.T.);
#29950=ORIENTED_EDGE('',*,*,#29940,.T.);
#29960=ORIENTED_EDGE('',*,*,#28110,.T.);
#29970=EDGE_LOOP('',(#29960,#29950,#29890,#29880));
#29980=FACE_OUTER_BOUND('',#29970,.T.);
#29990=ADVANCED_FACE('',(#29980),#29870,.T.);
#30000=COLOUR_RGB('',0.560784339904785,0.588235318660736,
0.600000023841858);
#30010=FILL_AREA_STYLE_COLOUR('',#30000);
#30020=FILL_AREA_STYLE('',(#30010));
#30030=SURFACE_STYLE_FILL_AREA(#30020);
#30040=SURFACE_SIDE_STYLE('',(#30030));
#30050=SURFACE_STYLE_USAGE(.BOTH.,#30040);
#30060=PRESENTATION_STYLE_ASSIGNMENT((#30050));
#30070=CARTESIAN_POINT('',(-2.94999999999859,30.9999997693762,
-7.39999999999743));
#30080=DIRECTION('',(-1.,-2.01948391736579E-28,7.18276555926589E-41));
#30090=DIRECTION('',(1.56370996725709E-40,-1.12998499446348E-12,-1.));
#30100=AXIS2_PLACEMENT_3D('',#30070,#30080,#30090);
#30110=PLANE('',#30100);
#30120=ORIENTED_EDGE('',*,*,#29940,.F.);
#30130=ORIENTED_EDGE('',*,*,#29640,.T.);
#30140=CARTESIAN_POINT('',(-2.94999999999859,30.9999997693762,
-7.39999999999743));
#30150=DIRECTION('',(2.01948391736579E-28,-1.,1.12998499446348E-12));
#30160=VECTOR('',#30150,1.);
#30170=LINE('',#30140,#30160);
#30180=EDGE_CURVE('',#28180,#29550,#30170,.T.);
#30190=ORIENTED_EDGE('',*,*,#30180,.T.);
#30200=ORIENTED_EDGE('',*,*,#28190,.T.);
#30210=EDGE_LOOP('',(#30200,#30190,#30130,#30120));
#30220=FACE_OUTER_BOUND('',#30210,.T.);
#30230=ADVANCED_FACE('',(#30220),#30110,.T.);
#30240=COLOUR_RGB('',0.560784339904785,0.588235318660736,
0.600000023841858);
#30250=FILL_AREA_STYLE_COLOUR('',#30240);
#30260=FILL_AREA_STYLE('',(#30250));
#30270=SURFACE_STYLE_FILL_AREA(#30260);
#30280=SURFACE_SIDE_STYLE('',(#30270));
#30290=SURFACE_STYLE_USAGE(.BOTH.,#30280);
#30300=PRESENTATION_STYLE_ASSIGNMENT((#30290));
#30310=CARTESIAN_POINT('',(-6.09999999998988,30.9999997693762,
-7.39999999999742));
#30320=DIRECTION('',(-1.56370996725709E-40,1.12998499446348E-12,1.));
#30330=DIRECTION('',(-1.,-2.01948391736579E-28,7.18276555926589E-41));
#30340=AXIS2_PLACEMENT_3D('',#30310,#30320,#30330);
#30350=PLANE('',#30340);
#30360=ORIENTED_EDGE('',*,*,#30180,.F.);
#30370=ORIENTED_EDGE('',*,*,#29560,.T.);
#30380=ORIENTED_EDGE('',*,*,#22130,.T.);
#30390=ORIENTED_EDGE('',*,*,#28250,.T.);
#30400=EDGE_LOOP('',(#30390,#30380,#30370,#30360));
#30410=FACE_OUTER_BOUND('',#30400,.T.);
#30420=ADVANCED_FACE('',(#30410),#30350,.T.);
#30430=COLOUR_RGB('',0.560784339904785,0.588235318660736,
0.600000023841858);
#30440=FILL_AREA_STYLE_COLOUR('',#30430);
#30450=FILL_AREA_STYLE('',(#30440));
#30460=SURFACE_STYLE_FILL_AREA(#30450);
#30470=SURFACE_SIDE_STYLE('',(#30460));
#30480=SURFACE_STYLE_USAGE(.BOTH.,#30470);
#30490=PRESENTATION_STYLE_ASSIGNMENT((#30480));
#30500=CARTESIAN_POINT('',(-7.18025745870265,39.6710098410381,
-1.66682312396915E-9));
#30510=DIRECTION('',(-0.939692620785908,-0.342020143325669,-0.));
#30520=DIRECTION('',(-0.342020143325669,0.939692620785908,0.));
#30530=AXIS2_PLACEMENT_3D('',#30500,#30510,#30520);
#30540=PLANE('',#30530);
#30550=ORIENTED_EDGE('',*,*,#3310,.F.);
#30560=ORIENTED_EDGE('',*,*,#21880,.T.);
#30570=ORIENTED_EDGE('',*,*,#8220,.T.);
#30580=ORIENTED_EDGE('',*,*,#22420,.F.);
#30590=EDGE_LOOP('',(#30580,#30570,#30560,#30550));
#30600=FACE_OUTER_BOUND('',#30590,.T.);
#30610=ADVANCED_FACE('',(#30600),#30540,.F.);
#30620=COLOUR_RGB('',0.560784339904785,0.588235318660736,
0.600000023841858);
#30630=FILL_AREA_STYLE_COLOUR('',#30620);
#30640=FILL_AREA_STYLE('',(#30630));
#30650=SURFACE_STYLE_FILL_AREA(#30640);
#30660=SURFACE_SIDE_STYLE('',(#30650));
#30670=SURFACE_STYLE_USAGE(.BOTH.,#30660);
#30680=PRESENTATION_STYLE_ASSIGNMENT((#30670));
#30690=CARTESIAN_POINT('',(-11.2249999999995,39.999999769375,
-3.45000000166478));
#30700=DIRECTION('',(0.,-1.,0.));
#30710=DIRECTION('',(-1.,0.,0.));
#30720=AXIS2_PLACEMENT_3D('',#30690,#30700,#30710);
#30730=CYLINDRICAL_SURFACE('',#30720,2.55);
#30740=CARTESIAN_POINT('',(-8.67499999999953,39.999999769375,
-3.45000000166478));
#30750=DIRECTION('',(0.,-1.,0.));
#30760=VECTOR('',#30750,1.);
#30770=LINE('',#30740,#30760);
#30780=CARTESIAN_POINT('',(-8.67499999999953,34.6999997693834,
-3.45000000166478));
#30790=VERTEX_POINT('',#30780);
#30800=EDGE_CURVE('',#21690,#30790,#30770,.T.);
#30810=ORIENTED_EDGE('',*,*,#30800,.T.);
#30820=ORIENTED_EDGE('',*,*,#21720,.F.);
#30830=CARTESIAN_POINT('',(-13.7749999999995,39.999999769375,
-3.45000000166478));
#30840=DIRECTION('',(0.,-1.,0.));
#30850=VECTOR('',#30840,1.);
#30860=LINE('',#30830,#30850);
#30870=CARTESIAN_POINT('',(-13.7749999999995,34.6999997693834,
-3.45000000166478));
#30880=VERTEX_POINT('',#30870);
#30890=EDGE_CURVE('',#21670,#30880,#30860,.T.);
#30900=ORIENTED_EDGE('',*,*,#30890,.F.);
#30910=CARTESIAN_POINT('',(-11.2249999999995,34.6999997693834,
-3.45000000166478));
#30920=DIRECTION('',(0.,-1.,0.));
#30930=DIRECTION('',(-1.,0.,0.));
#30940=AXIS2_PLACEMENT_3D('',#30910,#30920,#30930);
#30950=CIRCLE('',#30940,2.55);
#30960=CARTESIAN_POINT('',(-13.3745904158167,34.6999997693834,
-2.0782270451494));
#30970=VERTEX_POINT('',#30960);
#30980=EDGE_CURVE('',#30970,#30880,#30950,.T.);
#30990=ORIENTED_EDGE('',*,*,#30980,.T.);
#31000=CARTESIAN_POINT('',(-13.3745904158167,39.999999769375,
-2.0782270451494));
#31010=DIRECTION('',(0.,-1.,0.));
#31020=VECTOR('',#31010,1.);
#31030=LINE('',#31000,#31020);
#31040=CARTESIAN_POINT('',(-13.3745904158167,33.3999997694256,
-2.0782270451494));
#31050=VERTEX_POINT('',#31040);
#31060=EDGE_CURVE('',#30970,#31050,#31030,.T.);
#31070=ORIENTED_EDGE('',*,*,#31060,.F.);
#31080=CARTESIAN_POINT('',(-11.2249999999995,33.3999997693834,
-3.45000000166478));
#31090=DIRECTION('',(0.,-1.,0.));
#31100=DIRECTION('',(-1.,0.,0.));
#31110=AXIS2_PLACEMENT_3D('',#31080,#31090,#31100);
#31120=CIRCLE('',#31110,2.55);
#31130=CARTESIAN_POINT('',(-12.5967729565107,33.3999997693834,
-1.30040958584495));
#31140=VERTEX_POINT('',#31130);
#31150=EDGE_CURVE('',#31140,#31050,#31120,.T.);
#31160=ORIENTED_EDGE('',*,*,#31150,.T.);
#31170=CARTESIAN_POINT('',(-12.5967729565107,39.999999769375,
-1.30040958584495));
#31180=DIRECTION('',(0.,-1.,0.));
#31190=VECTOR('',#31180,1.);
#31200=LINE('',#31170,#31190);
#31210=CARTESIAN_POINT('',(-12.5967729565107,34.6999997693834,
-1.30040958584495));
#31220=VERTEX_POINT('',#31210);
#31230=EDGE_CURVE('',#31220,#31140,#31200,.T.);
#31240=ORIENTED_EDGE('',*,*,#31230,.T.);
#31250=CARTESIAN_POINT('',(-11.2249999999995,34.6999997693834,
-3.45000000166478));
#31260=DIRECTION('',(0.,-1.,0.));
#31270=DIRECTION('',(-1.,0.,0.));
#31280=AXIS2_PLACEMENT_3D('',#31250,#31260,#31270);
#31290=CIRCLE('',#31280,2.55);
#31300=EDGE_CURVE('',#30790,#31220,#31290,.T.);
#31310=ORIENTED_EDGE('',*,*,#31300,.T.);
#31320=EDGE_LOOP('',(#31310,#31240,#31160,#31070,#30990,#30900,#30820,
#30810));
#31330=FACE_OUTER_BOUND('',#31320,.T.);
#31340=ADVANCED_FACE('',(#31330),#30730,.F.);
#31350=COLOUR_RGB('',0.560784339904785,0.588235318660736,
0.600000023841858);
#31360=FILL_AREA_STYLE_COLOUR('',#31350);
#31370=FILL_AREA_STYLE('',(#31360));
#31380=SURFACE_STYLE_FILL_AREA(#31370);
#31390=SURFACE_SIDE_STYLE('',(#31380));
#31400=SURFACE_STYLE_USAGE(.BOTH.,#31390);
#31410=PRESENTATION_STYLE_ASSIGNMENT((#31400));
#31420=CARTESIAN_POINT('',(-9.48322732345936,33.3999997693834,
-5.96959013750674));
#31430=DIRECTION('',(-0.707106781186548,0.,-0.707106781186547));
#31440=DIRECTION('',(0.,1.,0.));
#31450=AXIS2_PLACEMENT_3D('',#31420,#31430,#31440);
#31460=PLANE('',#31450);
#31470=CARTESIAN_POINT('',(-15.4528174592993,33.3999997694256,
-1.66682312396915E-9));
#31480=DIRECTION('',(-0.707106781186547,0.,0.707106781186548));
#31490=VECTOR('',#31480,1.);
#31500=LINE('',#31470,#31490);
#31510=CARTESIAN_POINT('',(-9.85322704348414,33.3999997694256,
-5.59959041748196));
#31520=VERTEX_POINT('',#31510);
#31530=EDGE_CURVE('',#31520,#31050,#31500,.T.);
#31540=ORIENTED_EDGE('',*,*,#31530,.F.);
#31550=ORIENTED_EDGE('',*,*,#31060,.T.);
#31560=CARTESIAN_POINT('',(-11.6139087296467,34.6999997693834,
-3.83890873131939));
#31570=DIRECTION('',(0.707106781186547,0.,-0.707106781186548));
#31580=VECTOR('',#31570,1.);
#31590=LINE('',#31560,#31580);
#31600=CARTESIAN_POINT('',(-9.85322704348414,34.6999997693834,
-5.59959041748196));
#31610=VERTEX_POINT('',#31600);
#31620=EDGE_CURVE('',#30970,#31610,#31590,.T.);
#31630=ORIENTED_EDGE('',*,*,#31620,.F.);
#31640=CARTESIAN_POINT('',(-9.85322704348414,39.999999769375,
-5.59959041748196));
#31650=DIRECTION('',(0.,-1.,0.));
#31660=VECTOR('',#31650,1.);
#31670=LINE('',#31640,#31660);
#31680=EDGE_CURVE('',#31610,#31520,#31670,.T.);
#31690=ORIENTED_EDGE('',*,*,#31680,.F.);
#31700=EDGE_LOOP('',(#31690,#31630,#31550,#31540));
#31710=FACE_OUTER_BOUND('',#31700,.T.);
#31720=ADVANCED_FACE('',(#31710),#31460,.F.);
#31730=COLOUR_RGB('',0.823529481887817,0.823529481887817,
0.784313797950745);
#31740=FILL_AREA_STYLE_COLOUR('',#31730);
#31750=FILL_AREA_STYLE('',(#31740));
#31760=SURFACE_STYLE_FILL_AREA(#31750);
#31770=SURFACE_SIDE_STYLE('',(#31760));
#31780=SURFACE_STYLE_USAGE(.BOTH.,#31770);
#31790=PRESENTATION_STYLE_ASSIGNMENT((#31780));
#31800=CARTESIAN_POINT('',(-10.4281119087371,34.6999997693834,
-2.65311191040975));
#31810=DIRECTION('',(0.,-1.,-0.));
#31820=DIRECTION('',(-0.707106781186548,0.,-0.707106781186547));
#31830=AXIS2_PLACEMENT_3D('',#31800,#31810,#31820);
#31840=PLANE('',#31830);
#31850=ORIENTED_EDGE('',*,*,#31620,.T.);
#31860=ORIENTED_EDGE('',*,*,#30980,.F.);
#31870=EDGE_CURVE('',#30880,#31610,#30950,.T.);
#31880=ORIENTED_EDGE('',*,*,#31870,.F.);
#31890=EDGE_LOOP('',(#31880,#31860,#31850));
#31900=FACE_OUTER_BOUND('',#31890,.T.);
#31910=ADVANCED_FACE('',(#31900),#31840,.F.);
#31920=COLOUR_RGB('',0.823529481887817,0.823529481887817,
0.784313797950745);
#31930=FILL_AREA_STYLE_COLOUR('',#31920);
#31940=FILL_AREA_STYLE('',(#31930));
#31950=SURFACE_STYLE_FILL_AREA(#31940);
#31960=SURFACE_SIDE_STYLE('',(#31950));
#31970=SURFACE_STYLE_USAGE(.BOTH.,#31960);
#31980=PRESENTATION_STYLE_ASSIGNMENT((#31970));
#31990=CARTESIAN_POINT('',(-8.0217343845471,33.3999997694256,
-3.45000000166478));
#32000=DIRECTION('',(-0.,1.,0.));
#32010=DIRECTION('',(1.,0.,0.));
#32020=AXIS2_PLACEMENT_3D('',#31990,#32000,#32010);
#32030=PLANE('',#32020);
#32040=ORIENTED_EDGE('',*,*,#31150,.F.);
#32050=ORIENTED_EDGE('',*,*,#31530,.T.);
#32060=CARTESIAN_POINT('',(-9.0754095841797,33.3999997693834,
-4.821772958176));
#32070=VERTEX_POINT('',#32060);
#32080=EDGE_CURVE('',#31520,#32070,#31120,.T.);
#32090=ORIENTED_EDGE('',*,*,#32080,.F.);
#32100=CARTESIAN_POINT('',(-13.8971825406889,33.3999997694256,
-1.66682312396915E-9));
#32110=DIRECTION('',(0.707106781186547,0.,-0.707106781186548));
#32120=VECTOR('',#32110,1.);
#32130=LINE('',#32100,#32120);
#32140=EDGE_CURVE('',#31140,#32070,#32130,.T.);
#32150=ORIENTED_EDGE('',*,*,#32140,.T.);
#32160=EDGE_LOOP('',(#32150,#32090,#32050,#32040));
#32170=FACE_OUTER_BOUND('',#32160,.T.);
#32180=ADVANCED_FACE('',(#32170),#32030,.T.);
#32190=COLOUR_RGB('',0.823529481887817,0.823529481887817,
0.784313797950745);
#32200=FILL_AREA_STYLE_COLOUR('',#32190);
#32210=FILL_AREA_STYLE('',(#32200));
#32220=SURFACE_STYLE_FILL_AREA(#32210);
#32230=SURFACE_SIDE_STYLE('',(#32220));
#32240=SURFACE_STYLE_USAGE(.BOTH.,#32230);
#32250=PRESENTATION_STYLE_ASSIGNMENT((#32240));
#32260=CARTESIAN_POINT('',(-10.8360912703415,34.6999997693834,
-3.06109127201419));
#32270=DIRECTION('',(-0.707106781186547,0.,0.707106781186548));
#32280=VECTOR('',#32270,1.);
#32290=LINE('',#32260,#32280);
#32300=CARTESIAN_POINT('',(-9.0754095841797,34.6999997693834,
-4.821772958176));
#32310=VERTEX_POINT('',#32300);
#32320=EDGE_CURVE('',#32310,#31220,#32290,.T.);
#32330=ORIENTED_EDGE('',*,*,#32320,.T.);
#32340=EDGE_CURVE('',#32310,#30790,#31290,.T.);
#32350=ORIENTED_EDGE('',*,*,#32340,.F.);
#32360=ORIENTED_EDGE('',*,*,#31300,.F.);
#32370=EDGE_LOOP('',(#32360,#32350,#32330));
#32380=FACE_OUTER_BOUND('',#32370,.T.);
#32390=ADVANCED_FACE('',(#32380),#31840,.F.);
#32400=COLOUR_RGB('',0.823529481887817,0.823529481887817,
0.784313797950745);
#32410=FILL_AREA_STYLE_COLOUR('',#32400);
#32420=FILL_AREA_STYLE('',(#32410));
#32430=SURFACE_STYLE_FILL_AREA(#32420);
#32440=SURFACE_SIDE_STYLE('',(#32430));
#32450=SURFACE_STYLE_USAGE(.BOTH.,#32440);
#32460=PRESENTATION_STYLE_ASSIGNMENT((#32450));
#32470=CARTESIAN_POINT('',(-8.70540986415416,34.6999997693834,
-5.19177267820154));
#32480=DIRECTION('',(0.707106781186548,0.,0.707106781186547));
#32490=DIRECTION('',(0.,-1.,0.));
#32500=AXIS2_PLACEMENT_3D('',#32470,#32480,#32490);
#32510=PLANE('',#32500);
#32520=ORIENTED_EDGE('',*,*,#32320,.F.);
#32530=ORIENTED_EDGE('',*,*,#31230,.F.);
#32540=ORIENTED_EDGE('',*,*,#32140,.F.);
#32550=CARTESIAN_POINT('',(-9.0754095841797,39.999999769375,
-4.821772958176));
#32560=DIRECTION('',(0.,-1.,0.));
#32570=VECTOR('',#32560,1.);
#32580=LINE('',#32550,#32570);
#32590=EDGE_CURVE('',#32310,#32070,#32580,.T.);
#32600=ORIENTED_EDGE('',*,*,#32590,.T.);
#32610=EDGE_LOOP('',(#32600,#32540,#32530,#32520));
#32620=FACE_OUTER_BOUND('',#32610,.T.);
#32630=ADVANCED_FACE('',(#32620),#32510,.F.);
#32640=COLOUR_RGB('',0.823529481887817,0.823529481887817,
0.784313797950745);
#32650=FILL_AREA_STYLE_COLOUR('',#32640);
#32660=FILL_AREA_STYLE('',(#32650));
#32670=SURFACE_STYLE_FILL_AREA(#32660);
#32680=SURFACE_SIDE_STYLE('',(#32670));
#32690=SURFACE_STYLE_USAGE(.BOTH.,#32680);
#32700=PRESENTATION_STYLE_ASSIGNMENT((#32690));
#32710=CARTESIAN_POINT('',(-16.812481508793,37.8875182605802,
-1.66682312396915E-9));
#32720=DIRECTION('',(0.707106781186546,-0.707106781186549,0.));
#32730=DIRECTION('',(-0.707106781186549,-0.707106781186546,0.));
#32740=AXIS2_PLACEMENT_3D('',#32710,#32720,#32730);
#32750=PLANE('',#32740);
#32760=ORIENTED_EDGE('',*,*,#3150,.T.);
#32770=ORIENTED_EDGE('',*,*,#21440,.T.);
#32780=ORIENTED_EDGE('',*,*,#8380,.F.);
#32790=ORIENTED_EDGE('',*,*,#21810,.F.);
#32800=EDGE_LOOP('',(#32790,#32780,#32770,#32760));
#32810=FACE_OUTER_BOUND('',#32800,.T.);
#32820=ADVANCED_FACE('',(#32810),#32750,.F.);
#32830=COLOUR_RGB('',0.560784339904785,0.588235318660736,
0.600000023841858);
#32840=FILL_AREA_STYLE_COLOUR('',#32830);
#32850=FILL_AREA_STYLE('',(#32840));
#32860=SURFACE_STYLE_FILL_AREA(#32850);
#32870=SURFACE_SIDE_STYLE('',(#32860));
#32880=SURFACE_STYLE_USAGE(.BOTH.,#32870);
#32890=PRESENTATION_STYLE_ASSIGNMENT((#32880));
#32900=CARTESIAN_POINT('',(-16.066483854643,35.6565963659384,
-1.66682312396915E-9));
#32910=DIRECTION('',(-0.707106781186547,0.707106781186548,0.));
#32920=DIRECTION('',(0.707106781186548,0.707106781186547,0.));
#32930=AXIS2_PLACEMENT_3D('',#32900,#32910,#32920);
#32940=PLANE('',#32930);
#32950=ORIENTED_EDGE('',*,*,#2990,.T.);
#32960=CARTESIAN_POINT('',(-16.066483854643,35.6565963659384,
-1.66682312396915E-9));
#32970=DIRECTION('',(0.,0.,-1.));
#32980=VECTOR('',#32970,1.);
#32990=LINE('',#32960,#32980);
#33000=EDGE_CURVE('',#2900,#8530,#32990,.T.);
#33010=ORIENTED_EDGE('',*,*,#33000,.F.);
#33020=ORIENTED_EDGE('',*,*,#8540,.F.);
#33030=ORIENTED_EDGE('',*,*,#21370,.F.);
#33040=EDGE_LOOP('',(#33030,#33020,#33010,#32950));
#33050=FACE_OUTER_BOUND('',#33040,.T.);
#33060=ADVANCED_FACE('',(#33050),#32940,.F.);
#33070=COLOUR_RGB('',0.560784339904785,0.588235318660736,
0.600000023841858);
#33080=FILL_AREA_STYLE_COLOUR('',#33070);
#33090=FILL_AREA_STYLE('',(#33080));
#33100=SURFACE_STYLE_FILL_AREA(#33090);
#33110=SURFACE_SIDE_STYLE('',(#33100));
#33120=SURFACE_STYLE_USAGE(.BOTH.,#33110);
#33130=PRESENTATION_STYLE_ASSIGNMENT((#33120));
#33140=CARTESIAN_POINT('',(-15.309879598773,34.8999921100684,
-1.66682312396915E-9));
#33150=DIRECTION('',(0.707106781186548,0.707106781186547,0.));
#33160=DIRECTION('',(0.707106781186547,-0.707106781186548,0.));
#33170=AXIS2_PLACEMENT_3D('',#33140,#33150,#33160);
#33180=PLANE('',#33170);
#33190=ORIENTED_EDGE('',*,*,#2910,.T.);
#33200=CARTESIAN_POINT('',(-15.309879598773,34.8999921100684,
-1.66682312396915E-9));
#33210=DIRECTION('',(0.,0.,-1.));
#33220=VECTOR('',#33210,1.);
#33230=LINE('',#33200,#33220);
#33240=EDGE_CURVE('',#2820,#8610,#33230,.T.);
#33250=ORIENTED_EDGE('',*,*,#33240,.F.);
#33260=ORIENTED_EDGE('',*,*,#8620,.F.);
#33270=ORIENTED_EDGE('',*,*,#33000,.T.);
#33280=EDGE_LOOP('',(#33270,#33260,#33250,#33190));
#33290=FACE_OUTER_BOUND('',#33280,.T.);
#33300=ADVANCED_FACE('',(#33290),#33180,.F.);
#33310=COLOUR_RGB('',0.560784339904785,0.588235318660736,
0.600000023841858);
#33320=FILL_AREA_STYLE_COLOUR('',#33310);
#33330=FILL_AREA_STYLE('',(#33320));
#33340=SURFACE_STYLE_FILL_AREA(#33330);
#33350=SURFACE_SIDE_STYLE('',(#33340));
#33360=SURFACE_STYLE_USAGE(.BOTH.,#33350);
#33370=PRESENTATION_STYLE_ASSIGNMENT((#33360));
#33380=CARTESIAN_POINT('',(-19.7823299897783,30.4275417190637,
-1.66682312396915E-9));
#33390=DIRECTION('',(0.707106781186497,-0.707106781186598,0.));
#33400=DIRECTION('',(-0.707106781186598,-0.707106781186497,0.));
#33410=AXIS2_PLACEMENT_3D('',#33380,#33390,#33400);
#33420=PLANE('',#33410);
#33430=ORIENTED_EDGE('',*,*,#2830,.T.);
#33440=CARTESIAN_POINT('',(-19.7823299897783,30.4275417190637,
-1.66682312396915E-9));
#33450=DIRECTION('',(0.,0.,-1.));
#33460=VECTOR('',#33450,1.);
#33470=LINE('',#33440,#33460);
#33480=EDGE_CURVE('',#2740,#8690,#33470,.T.);
#33490=ORIENTED_EDGE('',*,*,#33480,.F.);
#33500=ORIENTED_EDGE('',*,*,#8700,.F.);
#33510=ORIENTED_EDGE('',*,*,#33240,.T.);
#33520=EDGE_LOOP('',(#33510,#33500,#33490,#33430));
#33530=FACE_OUTER_BOUND('',#33520,.T.);
#33540=ADVANCED_FACE('',(#33530),#33420,.F.);
#33550=COLOUR_RGB('',0.560784339904785,0.588235318660736,
0.600000023841858);
#33560=FILL_AREA_STYLE_COLOUR('',#33550);
#33570=FILL_AREA_STYLE('',(#33560));
#33580=SURFACE_STYLE_FILL_AREA(#33570);
#33590=SURFACE_SIDE_STYLE('',(#33580));
#33600=SURFACE_STYLE_USAGE(.BOTH.,#33590);
#33610=PRESENTATION_STYLE_ASSIGNMENT((#33600));
#33620=CARTESIAN_POINT('',(-20.5389342456476,31.184145974933,
-1.66682312396915E-9));
#33630=DIRECTION('',(-0.707106781186548,-0.707106781186547,-0.));
#33640=DIRECTION('',(-0.707106781186547,0.707106781186548,0.));
#33650=AXIS2_PLACEMENT_3D('',#33620,#33630,#33640);
#33660=PLANE('',#33650);
#33670=ORIENTED_EDGE('',*,*,#2750,.T.);
#33680=ORIENTED_EDGE('',*,*,#21150,.F.);
#33690=ORIENTED_EDGE('',*,*,#8780,.F.);
#33700=ORIENTED_EDGE('',*,*,#33480,.T.);
#33710=EDGE_LOOP('',(#33700,#33690,#33680,#33670));
#33720=FACE_OUTER_BOUND('',#33710,.T.);
#33730=ADVANCED_FACE('',(#33720),#33660,.F.);
#33740=COLOUR_RGB('',0.560784339904785,0.588235318660736,
0.600000023841858);
#33750=FILL_AREA_STYLE_COLOUR('',#33740);
#33760=FILL_AREA_STYLE('',(#33750));
#33770=SURFACE_STYLE_FILL_AREA(#33760);
#33780=SURFACE_SIDE_STYLE('',(#33770));
#33790=SURFACE_STYLE_USAGE(.BOTH.,#33780);
#33800=PRESENTATION_STYLE_ASSIGNMENT((#33790));
#33810=CARTESIAN_POINT('',(-21.6998775200786,32.1548759050547,
-1.66682312396915E-9));
#33820=DIRECTION('',(-0.362871839026855,-0.931839057155939,-0.));
#33830=DIRECTION('',(-0.931839057155939,0.362871839026855,0.));
#33840=AXIS2_PLACEMENT_3D('',#33810,#33820,#33830);
#33850=PLANE('',#33840);
#33860=ORIENTED_EDGE('',*,*,#2590,.T.);
#33870=ORIENTED_EDGE('',*,*,#20860,.T.);
#33880=ORIENTED_EDGE('',*,*,#8940,.F.);
#33890=ORIENTED_EDGE('',*,*,#21080,.F.);
#33900=EDGE_LOOP('',(#33890,#33880,#33870,#33860));
#33910=FACE_OUTER_BOUND('',#33900,.T.);
#33920=ADVANCED_FACE('',(#33910),#33850,.F.);
#33930=COLOUR_RGB('',0.560784339904785,0.588235318660736,
0.600000023841858);
#33940=FILL_AREA_STYLE_COLOUR('',#33930);
#33950=FILL_AREA_STYLE('',(#33940));
#33960=SURFACE_STYLE_FILL_AREA(#33950);
#33970=SURFACE_SIDE_STYLE('',(#33960));
#33980=SURFACE_STYLE_USAGE(.BOTH.,#33970);
#33990=PRESENTATION_STYLE_ASSIGNMENT((#33980));
#34000=CARTESIAN_POINT('',(-23.8999999999985,29.915298558254,
-1.66682312396915E-9));
#34010=DIRECTION('',(1.,0.,0.));
#34020=DIRECTION('',(0.,-1.,0.));
#34030=AXIS2_PLACEMENT_3D('',#34000,#34010,#34020);
#34040=PLANE('',#34030);
#34050=ORIENTED_EDGE('',*,*,#2430,.F.);
#34060=CARTESIAN_POINT('',(-23.8999999999986,29.5999997693752,
-1.66682312396915E-9));
#34070=DIRECTION('',(-1.45325078413767E-13,2.07545721066263E-13,1.));
#34080=VECTOR('',#34070,1.);
#34090=LINE('',#34060,#34080);
#34100=EDGE_CURVE('',#9090,#2340,#34090,.T.);
#34110=ORIENTED_EDGE('',*,*,#34100,.T.);
#34120=ORIENTED_EDGE('',*,*,#9100,.T.);
#34130=ORIENTED_EDGE('',*,*,#20790,.T.);
#34140=EDGE_LOOP('',(#34130,#34120,#34110,#34050));
#34150=FACE_OUTER_BOUND('',#34140,.T.);
#34160=ADVANCED_FACE('',(#34150),#34040,.F.);
#34170=COLOUR_RGB('',0.560784339904785,0.588235318660736,
0.600000023841858);
#34180=FILL_AREA_STYLE_COLOUR('',#34170);
#34190=FILL_AREA_STYLE('',(#34180));
#34200=SURFACE_STYLE_FILL_AREA(#34190);
#34210=SURFACE_SIDE_STYLE('',(#34200));
#34220=SURFACE_STYLE_USAGE(.BOTH.,#34210);
#34230=PRESENTATION_STYLE_ASSIGNMENT((#34220));
#34240=CARTESIAN_POINT('',(-46.8499999999921,22.0999999999848,
-1.66682312396915E-9));
#34250=DIRECTION('',(0.,0.,-1.));
#34260=DIRECTION('',(-1.,0.,0.));
#34270=AXIS2_PLACEMENT_3D('',#34240,#34250,#34260);
#34280=CYLINDRICAL_SURFACE('',#34270,25.);
#34290=CARTESIAN_POINT('',(-46.8499999999921,22.0999999999848,
-7.40000000163901));
#34300=DIRECTION('',(0.,0.,-1.));
#34310=DIRECTION('',(-1.,0.,0.));
#34320=AXIS2_PLACEMENT_3D('',#34290,#34300,#34310);
#34330=CIRCLE('',#34320,25.);
#34340=CARTESIAN_POINT('',(-21.8499999999921,22.0999999999848,
-7.40000000163901));
#34350=VERTEX_POINT('',#34340);
#34360=CARTESIAN_POINT('',(-24.2084453910311,11.499999769351,
-7.40000000163901));
#34370=VERTEX_POINT('',#34360);
#34380=EDGE_CURVE('',#34350,#34370,#34330,.T.);
#34390=ORIENTED_EDGE('',*,*,#34380,.F.);
#34400=CARTESIAN_POINT('',(-24.2084453910311,11.499999769351,
-1.66682312396915E-9));
#34410=DIRECTION('',(0.,0.,-1.));
#34420=VECTOR('',#34410,1.);
#34430=LINE('',#34400,#34420);
#34440=CARTESIAN_POINT('',(-24.2084453910311,11.499999769351,
-0.750000001639014));
#34450=VERTEX_POINT('',#34440);
#34460=EDGE_CURVE('',#34450,#34370,#34430,.T.);
#34470=ORIENTED_EDGE('',*,*,#34460,.T.);
#34480=CARTESIAN_POINT('',(-46.8499999999921,22.0999999999848,
-0.750000001639014));
#34490=DIRECTION('',(0.,0.,-1.));
#34500=DIRECTION('',(-1.,0.,0.));
#34510=AXIS2_PLACEMENT_3D('',#34480,#34490,#34500);
#34520=CIRCLE('',#34510,25.);
#34530=CARTESIAN_POINT('',(-21.8499999999921,22.0999999999848,
-0.750000001639014));
#34540=VERTEX_POINT('',#34530);
#34550=EDGE_CURVE('',#34540,#34450,#34520,.T.);
#34560=ORIENTED_EDGE('',*,*,#34550,.T.);
#34570=CARTESIAN_POINT('',(-21.8499999999921,22.0999999999848,
2.99833317687603E-6));
#34580=DIRECTION('',(0.,0.,-1.));
#34590=VECTOR('',#34580,1.);
#34600=LINE('',#34570,#34590);
#34610=EDGE_CURVE('',#2090,#34540,#34600,.T.);
#34620=ORIENTED_EDGE('',*,*,#34610,.T.);
#34630=ORIENTED_EDGE('',*,*,#2100,.F.);
#34640=CARTESIAN_POINT('',(-25.0999999999893,9.77370696436864,
2.99833317687603E-6));
#34650=DIRECTION('',(0.,0.,-1.));
#34660=VECTOR('',#34650,1.);
#34670=LINE('',#34640,#34660);
#34680=EDGE_CURVE('',#2000,#9430,#34670,.T.);
#34690=ORIENTED_EDGE('',*,*,#34680,.F.);
#34700=ORIENTED_EDGE('',*,*,#9440,.T.);
#34710=CARTESIAN_POINT('',(-21.8499999999921,22.0999999999848,
2.99836098527351E-6));
#34720=DIRECTION('',(0.,0.,-1.));
#34730=VECTOR('',#34720,1.);
#34740=LINE('',#34710,#34730);
#34750=EDGE_CURVE('',#34350,#9340,#34740,.T.);
#34760=ORIENTED_EDGE('',*,*,#34750,.T.);
#34770=EDGE_LOOP('',(#34760,#34700,#34690,#34630,#34620,#34560,#34470,
#34390));
#34780=FACE_OUTER_BOUND('',#34770,.T.);
#34790=ADVANCED_FACE('',(#34780),#34280,.F.);
#34800=COLOUR_RGB('',0.560784339904785,0.588235318660736,
0.600000023841858);
#34810=FILL_AREA_STYLE_COLOUR('',#34800);
#34820=FILL_AREA_STYLE('',(#34810));
#34830=SURFACE_STYLE_FILL_AREA(#34820);
#34840=SURFACE_SIDE_STYLE('',(#34830));
#34850=SURFACE_STYLE_USAGE(.BOTH.,#34840);
#34860=PRESENTATION_STYLE_ASSIGNMENT((#34850));
#34870=CARTESIAN_POINT('',(-22.4502670232887,5.99999976936086,
-1.66682312396915E-9));
#34880=DIRECTION('',(-0.,1.,0.));
#34890=DIRECTION('',(1.,0.,0.));
#34900=AXIS2_PLACEMENT_3D('',#34870,#34880,#34890);
#34910=PLANE('',#34900);
#34920=ORIENTED_EDGE('',*,*,#1930,.F.);
#34930=CARTESIAN_POINT('',(-22.4502670232887,5.99999976936086,
-1.66682312396915E-9));
#34940=DIRECTION('',(0.,0.,-1.));
#34950=VECTOR('',#34940,1.);
#34960=LINE('',#34930,#34950);
#34970=EDGE_CURVE('',#1840,#9590,#34960,.T.);
#34980=ORIENTED_EDGE('',*,*,#34970,.F.);
#34990=ORIENTED_EDGE('',*,*,#9600,.T.);
#35000=CARTESIAN_POINT('',(-25.0999999999894,5.99999976936086,
-1.66682312396915E-9));
#35010=DIRECTION('',(0.,0.,1.));
#35020=VECTOR('',#35010,1.);
#35030=LINE('',#35000,#35020);
#35040=EDGE_CURVE('',#9510,#1920,#35030,.T.);
#35050=ORIENTED_EDGE('',*,*,#35040,.F.);
#35060=EDGE_LOOP('',(#35050,#34990,#34980,#34920));
#35070=FACE_OUTER_BOUND('',#35060,.T.);
#35080=ADVANCED_FACE('',(#35070),#34910,.F.);
#35090=COLOUR_RGB('',0.560784339904785,0.588235318660736,
0.600000023841858);
#35100=FILL_AREA_STYLE_COLOUR('',#35090);
#35110=FILL_AREA_STYLE('',(#35100));
#35120=SURFACE_STYLE_FILL_AREA(#35110);
#35130=SURFACE_SIDE_STYLE('',(#35120));
#35140=SURFACE_STYLE_USAGE(.BOTH.,#35130);
#35150=PRESENTATION_STYLE_ASSIGNMENT((#35140));
#35160=CARTESIAN_POINT('',(-22.4502670232886,5.29999976936086,
-1.66682312396915E-9));
#35170=DIRECTION('',(0.,0.,-1.));
#35180=DIRECTION('',(-1.,0.,0.));
#35190=AXIS2_PLACEMENT_3D('',#35160,#35170,#35180);
#35200=CYLINDRICAL_SURFACE('',#35190,0.7);
#35210=ORIENTED_EDGE('',*,*,#1850,.F.);
#35220=CARTESIAN_POINT('',(-21.755441569802,5.38495616516007,
-1.66682312396915E-9));
#35230=DIRECTION('',(0.,0.,-1.));
#35240=VECTOR('',#35230,1.);
#35250=LINE('',#35220,#35240);
#35260=EDGE_CURVE('',#1750,#9680,#35250,.T.);
#35270=ORIENTED_EDGE('',*,*,#35260,.F.);
#35280=ORIENTED_EDGE('',*,*,#9690,.T.);
#35290=ORIENTED_EDGE('',*,*,#34970,.T.);
#35300=EDGE_LOOP('',(#35290,#35280,#35270,#35210));
#35310=FACE_OUTER_BOUND('',#35300,.T.);
#35320=ADVANCED_FACE('',(#35310),#35200,.F.);
#35330=COLOUR_RGB('',0.560784339904785,0.588235318660736,
0.600000023841858);
#35340=FILL_AREA_STYLE_COLOUR('',#35330);
#35350=FILL_AREA_STYLE('',(#35340));
#35360=SURFACE_STYLE_FILL_AREA(#35350);
#35370=SURFACE_SIDE_STYLE('',(#35360));
#35380=SURFACE_STYLE_USAGE(.BOTH.,#35370);
#35390=PRESENTATION_STYLE_ASSIGNMENT((#35380));
#35400=CARTESIAN_POINT('',(-29.2000000000073,4.4747090672469,
-1.66682312396915E-9));
#35410=DIRECTION('',(0.,0.,1.));
#35420=DIRECTION('',(1.,0.,0.));
#35430=AXIS2_PLACEMENT_3D('',#35400,#35410,#35420);
#35440=CYLINDRICAL_SURFACE('',#35430,7.5);
#35450=ORIENTED_EDGE('',*,*,#1760,.T.);
#35460=CARTESIAN_POINT('',(-21.9272727272782,2.64237776082268,
-1.66682312396915E-9));
#35470=DIRECTION('',(0.,0.,-1.));
#35480=VECTOR('',#35470,1.);
#35490=LINE('',#35460,#35480);
#35500=EDGE_CURVE('',#1660,#9770,#35490,.T.);
#35510=ORIENTED_EDGE('',*,*,#35500,.F.);
#35520=ORIENTED_EDGE('',*,*,#9780,.F.);
#35530=ORIENTED_EDGE('',*,*,#35260,.T.);
#35540=EDGE_LOOP('',(#35530,#35520,#35510,#35450));
#35550=FACE_OUTER_BOUND('',#35540,.T.);
#35560=ADVANCED_FACE('',(#35550),#35440,.F.);
#35570=COLOUR_RGB('',0.560784339904785,0.588235318660736,
0.600000023841858);
#35580=FILL_AREA_STYLE_COLOUR('',#35570);
#35590=FILL_AREA_STYLE('',(#35580));
#35600=SURFACE_STYLE_FILL_AREA(#35590);
#35610=SURFACE_SIDE_STYLE('',(#35600));
#35620=SURFACE_STYLE_USAGE(.BOTH.,#35610);
#35630=PRESENTATION_STYLE_ASSIGNMENT((#35620));
#35640=CARTESIAN_POINT('',(-23.3779066239609,-4.50000023063945,
-1.66682312396915E-9));
#35650=DIRECTION('',(-0.,1.,0.));
#35660=DIRECTION('',(1.,0.,0.));
#35670=AXIS2_PLACEMENT_3D('',#35640,#35650,#35660);
#35680=PLANE('',#35670);
#35690=CARTESIAN_POINT('',(-24.5999999999891,-4.50000023063945,
-1.66682312396915E-9));
#35700=DIRECTION('',(0.,0.,-1.));
#35710=VECTOR('',#35700,1.);
#35720=LINE('',#35690,#35710);
#35730=CARTESIAN_POINT('',(-24.5999999999891,-4.50000023063945,
-7.05000000166682));
#35740=VERTEX_POINT('',#35730);
#35750=EDGE_CURVE('',#1490,#35740,#35720,.T.);
#35760=ORIENTED_EDGE('',*,*,#35750,.F.);
#35770=CARTESIAN_POINT('',(-32.9742754795343,-4.50000023063945,
-7.05000000166682));
#35780=DIRECTION('',(1.,0.,0.));
#35790=VECTOR('',#35780,1.);
#35800=LINE('',#35770,#35790);
#35810=CARTESIAN_POINT('',(-22.8923666936473,-4.50000023063945,
-7.05000000166682));
#35820=VERTEX_POINT('',#35810);
#35830=EDGE_CURVE('',#35740,#35820,#35800,.T.);
#35840=ORIENTED_EDGE('',*,*,#35830,.F.);
#35850=CARTESIAN_POINT('',(-22.8923666936473,-4.50000023063945,
-1.66682312396915E-9));
#35860=DIRECTION('',(0.,0.,1.));
#35870=VECTOR('',#35860,1.);
#35880=LINE('',#35850,#35870);
#35890=EDGE_CURVE('',#35820,#1570,#35880,.T.);
#35900=ORIENTED_EDGE('',*,*,#35890,.F.);
#35910=ORIENTED_EDGE('',*,*,#1580,.F.);
#35920=EDGE_LOOP('',(#35910,#35900,#35840,#35760));
#35930=FACE_OUTER_BOUND('',#35920,.T.);
#35940=ADVANCED_FACE('',(#35930),#35680,.T.);
#35950=COLOUR_RGB('',0.560784339904785,0.588235318660736,
0.600000023841858);
#35960=FILL_AREA_STYLE_COLOUR('',#35950);
#35970=FILL_AREA_STYLE('',(#35960));
#35980=SURFACE_STYLE_FILL_AREA(#35970);
#35990=SURFACE_SIDE_STYLE('',(#35980));
#36000=SURFACE_STYLE_USAGE(.BOTH.,#35990);
#36010=PRESENTATION_STYLE_ASSIGNMENT((#36000));
#36020=CARTESIAN_POINT('',(-10.9999999999891,-0.300000230639444,
-1.66682312396915E-9));
#36030=DIRECTION('',(0.,0.,1.));
#36040=DIRECTION('',(1.,0.,0.));
#36050=AXIS2_PLACEMENT_3D('',#36020,#36030,#36040);
#36060=CYLINDRICAL_SURFACE('',#36050,8.3);
#36070=ORIENTED_EDGE('',*,*,#580,.T.);
#36080=CARTESIAN_POINT('',(-18.3351716529821,3.58397412832959,
-1.66682312396915E-9));
#36090=DIRECTION('',(0.,0.,-1.));
#36100=VECTOR('',#36090,1.);
#36110=LINE('',#36080,#36100);
#36120=EDGE_CURVE('',#480,#10790,#36110,.T.);
#36130=ORIENTED_EDGE('',*,*,#36120,.F.);
#36140=ORIENTED_EDGE('',*,*,#10800,.F.);
#36150=ORIENTED_EDGE('',*,*,#11430,.T.);
#36160=EDGE_LOOP('',(#36150,#36140,#36130,#36070));
#36170=FACE_OUTER_BOUND('',#36160,.T.);
#36180=ADVANCED_FACE('',(#36170),#36060,.F.);
#36190=COLOUR_RGB('',0.560784339904785,0.588235318660736,
0.600000023841858);
#36200=FILL_AREA_STYLE_COLOUR('',#36190);
#36210=FILL_AREA_STYLE('',(#36200));
#36220=SURFACE_STYLE_FILL_AREA(#36210);
#36230=SURFACE_SIDE_STYLE('',(#36220));
#36240=SURFACE_STYLE_USAGE(.BOTH.,#36230);
#36250=PRESENTATION_STYLE_ASSIGNMENT((#36240));
#36260=CARTESIAN_POINT('',(-17.7527772064428,0.499999769360553,
-1.66682312396915E-9));
#36270=DIRECTION('',(0.,0.,1.));
#36280=DIRECTION('',(1.,0.,0.));
#36290=AXIS2_PLACEMENT_3D('',#36260,#36270,#36280);
#36300=CYLINDRICAL_SURFACE('',#36290,0.5);
#36310=ORIENTED_EDGE('',*,*,#310,.F.);
#36320=CARTESIAN_POINT('',(-17.7527772064429,-2.30639447096337E-7,
-1.66682312396915E-9));
#36330=DIRECTION('',(0.,0.,-1.));
#36340=VECTOR('',#36330,1.);
#36350=LINE('',#36320,#36340);
#36360=EDGE_CURVE('',#210,#11060,#36350,.T.);
#36370=ORIENTED_EDGE('',*,*,#36360,.F.);
#36380=ORIENTED_EDGE('',*,*,#11070,.T.);
#36390=CARTESIAN_POINT('',(-18.2493049422122,0.558823298765649,
-1.66682312396915E-9));
#36400=DIRECTION('',(0.,0.,-1.));
#36410=VECTOR('',#36400,1.);
#36420=LINE('',#36390,#36410);
#36430=EDGE_CURVE('',#300,#10970,#36420,.T.);
#36440=ORIENTED_EDGE('',*,*,#36430,.T.);
#36450=EDGE_LOOP('',(#36440,#36380,#36370,#36310));
#36460=FACE_OUTER_BOUND('',#36450,.T.);
#36470=ADVANCED_FACE('',(#36460),#36300,.T.);
#36480=COLOUR_RGB('',0.560784339904785,0.588235318660736,
0.600000023841858);
#36490=FILL_AREA_STYLE_COLOUR('',#36480);
#36500=FILL_AREA_STYLE('',(#36490));
#36510=SURFACE_STYLE_FILL_AREA(#36500);
#36520=SURFACE_SIDE_STYLE('',(#36510));
#36530=SURFACE_STYLE_USAGE(.BOTH.,#36520);
#36540=PRESENTATION_STYLE_ASSIGNMENT((#36530));
#36550=CARTESIAN_POINT('',(7.70000000000147,0.199999769360138,
-1.66682312396915E-9));
#36560=DIRECTION('',(-1.,-0.,-0.));
#36570=DIRECTION('',(0.,0.,-1.));
#36580=AXIS2_PLACEMENT_3D('',#36550,#36560,#36570);
#36590=PLANE('',#36580);
#36600=CARTESIAN_POINT('',(7.70000000000147,0.199999769360138,
-1.66682312396915E-9));
#36610=DIRECTION('',(0.,0.,-1.));
#36620=VECTOR('',#36610,1.);
#36630=LINE('',#36600,#36620);
#36640=EDGE_CURVE('',#130,#5870,#36630,.T.);
#36650=ORIENTED_EDGE('',*,*,#36640,.F.);
#36660=ORIENTED_EDGE('',*,*,#11210,.T.);
#36670=CARTESIAN_POINT('',(7.70000000000147,-2.30640207377064E-7,
-1.66682312396915E-9));
#36680=DIRECTION('',(0.,0.,-1.));
#36690=VECTOR('',#36680,1.);
#36700=LINE('',#36670,#36690);
#36710=EDGE_CURVE('',#110,#11140,#36700,.T.);
#36720=ORIENTED_EDGE('',*,*,#36710,.T.);
#36730=ORIENTED_EDGE('',*,*,#140,.F.);
#36740=EDGE_LOOP('',(#36730,#36720,#36660,#36650));
#36750=FACE_OUTER_BOUND('',#36740,.T.);
#36760=ADVANCED_FACE('',(#36750),#36590,.F.);
#36770=COLOUR_RGB('',0.560784339904785,0.588235318660736,
0.600000023841858);
#36780=FILL_AREA_STYLE_COLOUR('',#36770);
#36790=FILL_AREA_STYLE('',(#36780));
#36800=SURFACE_STYLE_FILL_AREA(#36790);
#36810=SURFACE_SIDE_STYLE('',(#36800));
#36820=SURFACE_STYLE_USAGE(.BOTH.,#36810);
#36830=PRESENTATION_STYLE_ASSIGNMENT((#36820));
#36840=CARTESIAN_POINT('',(14.231685388956,-1.41304918717448,
-1.66682312396915E-9));
#36850=DIRECTION('',(0.258819045102477,-0.96592582628908,0.));
#36860=DIRECTION('',(-0.96592582628908,-0.258819045102477,0.));
#36870=AXIS2_PLACEMENT_3D('',#36840,#36850,#36860);
#36880=PLANE('',#36870);
#36890=ORIENTED_EDGE('',*,*,#5410,.T.);
#36900=ORIENTED_EDGE('',*,*,#19960,.T.);
#36910=ORIENTED_EDGE('',*,*,#6120,.F.);
#36920=CARTESIAN_POINT('',(15.4000000000015,-1.1000002306394,
-1.66682312396915E-9));
#36930=DIRECTION('',(0.,0.,-1.));
#36940=VECTOR('',#36930,1.);
#36950=LINE('',#36920,#36940);
#36960=EDGE_CURVE('',#5400,#6030,#36950,.T.);
#36970=ORIENTED_EDGE('',*,*,#36960,.T.);
#36980=EDGE_LOOP('',(#36970,#36910,#36900,#36890));
#36990=FACE_OUTER_BOUND('',#36980,.T.);
#37000=ADVANCED_FACE('',(#36990),#36880,.F.);
#37010=COLOUR_RGB('',0.560784339904785,0.588235318660736,
0.600000023841858);
#37020=FILL_AREA_STYLE_COLOUR('',#37010);
#37030=FILL_AREA_STYLE('',(#37020));
#37040=SURFACE_STYLE_FILL_AREA(#37030);
#37050=SURFACE_SIDE_STYLE('',(#37040));
#37060=SURFACE_STYLE_USAGE(.BOTH.,#37050);
#37070=PRESENTATION_STYLE_ASSIGNMENT((#37060));
#37080=CARTESIAN_POINT('',(15.4000000000015,-1.1000002306394,
-1.66682312396915E-9));
#37090=DIRECTION('',(1.,0.,0.));
#37100=DIRECTION('',(0.,-1.,0.));
#37110=AXIS2_PLACEMENT_3D('',#37080,#37090,#37100);
#37120=PLANE('',#37110);
#37130=ORIENTED_EDGE('',*,*,#5490,.T.);
#37140=ORIENTED_EDGE('',*,*,#36960,.F.);
#37150=ORIENTED_EDGE('',*,*,#6040,.F.);
#37160=CARTESIAN_POINT('',(15.4000000000015,-2.30639464859905E-7,
-1.66682312396915E-9));
#37170=DIRECTION('',(0.,0.,-1.));
#37180=VECTOR('',#37170,1.);
#37190=LINE('',#37160,#37180);
#37200=EDGE_CURVE('',#5480,#5950,#37190,.T.);
#37210=ORIENTED_EDGE('',*,*,#37200,.T.);
#37220=EDGE_LOOP('',(#37210,#37150,#37140,#37130));
#37230=FACE_OUTER_BOUND('',#37220,.T.);
#37240=ADVANCED_FACE('',(#37230),#37120,.F.);
#37250=COLOUR_RGB('',0.560784339904785,0.588235318660736,
0.600000023841858);
#37260=FILL_AREA_STYLE_COLOUR('',#37250);
#37270=FILL_AREA_STYLE('',(#37260));
#37280=SURFACE_STYLE_FILL_AREA(#37270);
#37290=SURFACE_SIDE_STYLE('',(#37280));
#37300=SURFACE_STYLE_USAGE(.BOTH.,#37290);
#37310=PRESENTATION_STYLE_ASSIGNMENT((#37300));
#37320=CARTESIAN_POINT('',(15.4000000000015,-2.30639464859905E-7,
-1.66682312396915E-9));
#37330=DIRECTION('',(0.0871557427476591,0.996194698091746,0.));
#37340=DIRECTION('',(0.996194698091746,-0.0871557427476591,0.));
#37350=AXIS2_PLACEMENT_3D('',#37320,#37330,#37340);
#37360=PLANE('',#37350);
#37370=ORIENTED_EDGE('',*,*,#5570,.T.);
#37380=ORIENTED_EDGE('',*,*,#37200,.F.);
#37390=ORIENTED_EDGE('',*,*,#5960,.F.);
#37400=CARTESIAN_POINT('',(13.1139895394543,0.199999769360094,
-1.66682312396915E-9));
#37410=DIRECTION('',(0.,0.,-1.));
#37420=VECTOR('',#37410,1.);
#37430=LINE('',#37400,#37420);
#37440=EDGE_CURVE('',#5560,#5850,#37430,.T.);
#37450=ORIENTED_EDGE('',*,*,#37440,.T.);
#37460=EDGE_LOOP('',(#37450,#37390,#37380,#37370));
#37470=FACE_OUTER_BOUND('',#37460,.T.);
#37480=ADVANCED_FACE('',(#37470),#37360,.F.);
#37490=COLOUR_RGB('',0.560784339904785,0.588235318660736,
0.600000023841858);
#37500=FILL_AREA_STYLE_COLOUR('',#37490);
#37510=FILL_AREA_STYLE('',(#37500));
#37520=SURFACE_STYLE_FILL_AREA(#37510);
#37530=SURFACE_SIDE_STYLE('',(#37520));
#37540=SURFACE_STYLE_USAGE(.BOTH.,#37530);
#37550=PRESENTATION_STYLE_ASSIGNMENT((#37540));
#37560=CARTESIAN_POINT('',(13.1139895394543,0.199999769360094,
-1.66682312396915E-9));
#37570=DIRECTION('',(-0.,1.,0.));
#37580=DIRECTION('',(1.,0.,0.));
#37590=AXIS2_PLACEMENT_3D('',#37560,#37570,#37580);
#37600=PLANE('',#37590);
#37610=ORIENTED_EDGE('',*,*,#5630,.T.);
#37620=ORIENTED_EDGE('',*,*,#37440,.F.);
#37630=ORIENTED_EDGE('',*,*,#5880,.F.);
#37640=ORIENTED_EDGE('',*,*,#36640,.T.);
#37650=EDGE_LOOP('',(#37640,#37630,#37620,#37610));
#37660=FACE_OUTER_BOUND('',#37650,.T.);
#37670=ADVANCED_FACE('',(#37660),#37600,.F.);
#37680=COLOUR_RGB('',0.560784339904785,0.588235318660736,
0.600000023841858);
#37690=FILL_AREA_STYLE_COLOUR('',#37680);
#37700=FILL_AREA_STYLE('',(#37690));
#37710=SURFACE_STYLE_FILL_AREA(#37700);
#37720=SURFACE_SIDE_STYLE('',(#37710));
#37730=SURFACE_STYLE_USAGE(.BOTH.,#37720);
#37740=PRESENTATION_STYLE_ASSIGNMENT((#37730));
#37750=CARTESIAN_POINT('',(7.50000000000147,-2.30640207377064E-7,
-1.66682312396915E-9));
#37760=DIRECTION('',(-2.71926214689131E-32,1.,0.));
#37770=DIRECTION('',(1.,2.71926214689131E-32,0.));
#37780=AXIS2_PLACEMENT_3D('',#37750,#37760,#37770);
#37790=PLANE('',#37780);
#37800=ORIENTED_EDGE('',*,*,#36710,.F.);
#37810=ORIENTED_EDGE('',*,*,#11150,.F.);
#37820=ORIENTED_EDGE('',*,*,#36360,.T.);
#37830=ORIENTED_EDGE('',*,*,#220,.T.);
#37840=EDGE_LOOP('',(#37830,#37820,#37810,#37800));
#37850=FACE_OUTER_BOUND('',#37840,.T.);
#37860=ADVANCED_FACE('',(#37850),#37790,.F.);
#37870=COLOUR_RGB('',0.560784339904785,0.588235318660736,
0.600000023841858);
#37880=FILL_AREA_STYLE_COLOUR('',#37870);
#37890=FILL_AREA_STYLE('',(#37880));
#37900=SURFACE_STYLE_FILL_AREA(#37890);
#37910=SURFACE_SIDE_STYLE('',(#37900));
#37920=SURFACE_STYLE_USAGE(.BOTH.,#37910);
#37930=PRESENTATION_STYLE_ASSIGNMENT((#37920));
#37940=CARTESIAN_POINT('',(9.20000000000737,-5.20000023064252,
-1.66682312396915E-9));
#37950=DIRECTION('',(0.,0.,1.));
#37960=DIRECTION('',(1.,0.,0.));
#37970=AXIS2_PLACEMENT_3D('',#37940,#37950,#37960);
#37980=CYLINDRICAL_SURFACE('',#37970,32.1);
#37990=ORIENTED_EDGE('',*,*,#1670,.F.);
#38000=ORIENTED_EDGE('',*,*,#35890,.T.);
#38010=CARTESIAN_POINT('',(9.20000000000737,-5.20000023064252,
-7.05000000166682));
#38020=DIRECTION('',(0.,0.,1.));
#38030=DIRECTION('',(1.,0.,0.));
#38040=AXIS2_PLACEMENT_3D('',#38010,#38020,#38030);
#38050=CIRCLE('',#38040,32.1);
#38060=CARTESIAN_POINT('',(-22.7702453151326,-2.3167009936973,
-7.05000000166682));
#38070=VERTEX_POINT('',#38060);
#38080=EDGE_CURVE('',#38070,#35820,#38050,.T.);
#38090=ORIENTED_EDGE('',*,*,#38080,.T.);
#38100=CARTESIAN_POINT('',(-22.7702453151326,-2.3167009936973,
-1.66682312396915E-9));
#38110=DIRECTION('',(0.,0.,-1.));
#38120=VECTOR('',#38110,1.);
#38130=LINE('',#38100,#38120);
#38140=EDGE_CURVE('',#38070,#9860,#38130,.T.);
#38150=ORIENTED_EDGE('',*,*,#38140,.F.);
#38160=ORIENTED_EDGE('',*,*,#9870,.T.);
#38170=ORIENTED_EDGE('',*,*,#35500,.T.);
#38180=EDGE_LOOP('',(#38170,#38160,#38150,#38090,#38000,#37990));
#38190=FACE_OUTER_BOUND('',#38180,.T.);
#38200=ADVANCED_FACE('',(#38190),#37980,.T.);
#38210=COLOUR_RGB('',0.560784339904785,0.588235318660736,
0.600000023841858);
#38220=FILL_AREA_STYLE_COLOUR('',#38210);
#38230=FILL_AREA_STYLE('',(#38220));
#38240=SURFACE_STYLE_FILL_AREA(#38230);
#38250=SURFACE_SIDE_STYLE('',(#38240));
#38260=SURFACE_STYLE_USAGE(.BOTH.,#38250);
#38270=PRESENTATION_STYLE_ASSIGNMENT((#38260));
#38280=CARTESIAN_POINT('',(-25.4171572875112,-1.4100507369816,
-1.66682312396915E-9));
#38290=DIRECTION('',(-0.707106781186548,-0.707106781186548,-0.));
#38300=DIRECTION('',(-0.707106781186548,0.707106781186548,0.));
#38310=AXIS2_PLACEMENT_3D('',#38280,#38290,#38300);
#38320=PLANE('',#38310);
#38330=CARTESIAN_POINT('',(-27.4272077938543,0.599999769361471,
-7.05000000166682));
#38340=DIRECTION('',(-0.707106781186548,0.707106781186548,0.));
#38350=VECTOR('',#38340,1.);
#38360=LINE('',#38330,#38350);
#38370=CARTESIAN_POINT('',(-24.0475437495071,-2.77966427498569,
-7.05000000166682));
#38380=VERTEX_POINT('',#38370);
#38390=CARTESIAN_POINT('',(-24.5636038969212,-2.26360412757156,
-7.05000000166682));
#38400=VERTEX_POINT('',#38390);
#38410=EDGE_CURVE('',#38380,#38400,#38360,.T.);
#38420=ORIENTED_EDGE('',*,*,#38410,.F.);
#38430=CARTESIAN_POINT('',(-24.5636038969212,-2.26360412757156,
-7.05000333500016));
#38440=DIRECTION('',(0.,0.,1.));
#38450=VECTOR('',#38440,1.);
#38460=LINE('',#38430,#38450);
#38470=EDGE_CURVE('',#38400,#1320,#38460,.T.);
#38480=ORIENTED_EDGE('',*,*,#38470,.F.);
#38490=ORIENTED_EDGE('',*,*,#1330,.F.);
#38500=CARTESIAN_POINT('',(-25.4171572875112,-1.4100507369816,
-1.66682312396915E-9));
#38510=DIRECTION('',(0.,0.,-1.));
#38520=VECTOR('',#38510,1.);
#38530=LINE('',#38500,#38520);
#38540=EDGE_CURVE('',#1240,#10030,#38530,.T.);
#38550=ORIENTED_EDGE('',*,*,#38540,.F.);
#38560=ORIENTED_EDGE('',*,*,#10040,.T.);
#38570=CARTESIAN_POINT('',(-24.0475437495071,-2.77966427498568,
-1.66682312396915E-9));
#38580=DIRECTION('',(0.,0.,-1.));
#38590=VECTOR('',#38580,1.);
#38600=LINE('',#38570,#38590);
#38610=EDGE_CURVE('',#38380,#9950,#38600,.T.);
#38620=ORIENTED_EDGE('',*,*,#38610,.T.);
#38630=EDGE_LOOP('',(#38620,#38560,#38550,#38490,#38480,#38420));
#38640=FACE_OUTER_BOUND('',#38630,.T.);
#38650=ADVANCED_FACE('',(#38640),#38320,.F.);
#38660=COLOUR_RGB('',0.560784339904785,0.588235318660736,
0.600000023841858);
#38670=FILL_AREA_STYLE_COLOUR('',#38660);
#38680=FILL_AREA_STYLE('',(#38670));
#38690=SURFACE_STYLE_FILL_AREA(#38680);
#38700=SURFACE_SIDE_STYLE('',(#38690));
#38710=SURFACE_STYLE_USAGE(.BOTH.,#38700);
#38720=PRESENTATION_STYLE_ASSIGNMENT((#38710));
#38730=CARTESIAN_POINT('',(-23.5172136636172,-2.24933418909578,
-1.66682312396915E-9));
#38740=DIRECTION('',(0.,0.,1.));
#38750=DIRECTION('',(1.,0.,0.));
#38760=AXIS2_PLACEMENT_3D('',#38730,#38740,#38750);
#38770=CYLINDRICAL_SURFACE('',#38760,0.75);
#38780=CARTESIAN_POINT('',(-23.5172136636172,-2.24933418909578,
-7.05000000166682));
#38790=DIRECTION('',(0.,0.,1.));
#38800=DIRECTION('',(1.,0.,0.));
#38810=AXIS2_PLACEMENT_3D('',#38780,#38790,#38800);
#38820=CIRCLE('',#38810,0.75);
#38830=EDGE_CURVE('',#38380,#38070,#38820,.T.);
#38840=ORIENTED_EDGE('',*,*,#38830,.T.);
#38850=ORIENTED_EDGE('',*,*,#38610,.F.);
#38860=ORIENTED_EDGE('',*,*,#9960,.F.);
#38870=ORIENTED_EDGE('',*,*,#38140,.T.);
#38880=EDGE_LOOP('',(#38870,#38860,#38850,#38840));
#38890=FACE_OUTER_BOUND('',#38880,.T.);
#38900=ADVANCED_FACE('',(#38890),#38770,.F.);
#38910=COLOUR_RGB('',0.560784339904785,0.588235318660736,
0.600000023841858);
#38920=FILL_AREA_STYLE_COLOUR('',#38910);
#38930=FILL_AREA_STYLE('',(#38920));
#38940=SURFACE_STYLE_FILL_AREA(#38930);
#38950=SURFACE_SIDE_STYLE('',(#38940));
#38960=SURFACE_STYLE_USAGE(.BOTH.,#38950);
#38970=PRESENTATION_STYLE_ASSIGNMENT((#38960));
#38980=CARTESIAN_POINT('',(-25.6999999999891,-1.6928934494529,
-1.66682312396915E-9));
#38990=DIRECTION('',(0.,0.,1.));
#39000=DIRECTION('',(1.,0.,0.));
#39010=AXIS2_PLACEMENT_3D('',#38980,#38990,#39000);
#39020=CYLINDRICAL_SURFACE('',#39010,0.4);
#39030=ORIENTED_EDGE('',*,*,#1250,.F.);
#39040=CARTESIAN_POINT('',(-26.0999999999891,-1.69289344945964,
-1.66682312396915E-9));
#39050=DIRECTION('',(0.,0.,-1.));
#39060=VECTOR('',#39050,1.);
#39070=LINE('',#39040,#39060);
#39080=EDGE_CURVE('',#1150,#10120,#39070,.T.);
#39090=ORIENTED_EDGE('',*,*,#39080,.F.);
#39100=ORIENTED_EDGE('',*,*,#10130,.T.);
#39110=ORIENTED_EDGE('',*,*,#38540,.T.);
#39120=EDGE_LOOP('',(#39110,#39100,#39090,#39030));
#39130=FACE_OUTER_BOUND('',#39120,.T.);
#39140=ADVANCED_FACE('',(#39130),#39020,.T.);
#39150=COLOUR_RGB('',0.560784339904785,0.588235318660736,
0.600000023841858);
#39160=FILL_AREA_STYLE_COLOUR('',#39150);
#39170=FILL_AREA_STYLE('',(#39160));
#39180=SURFACE_STYLE_FILL_AREA(#39170);
#39190=SURFACE_SIDE_STYLE('',(#39180));
#39200=SURFACE_STYLE_USAGE(.BOTH.,#39190);
#39210=PRESENTATION_STYLE_ASSIGNMENT((#39200));
#39220=CARTESIAN_POINT('',(-26.0999999999891,-5.35000023064619,
-1.66682312396915E-9));
#39230=DIRECTION('',(1.,0.,0.));
#39240=DIRECTION('',(0.,-1.,0.));
#39250=AXIS2_PLACEMENT_3D('',#39220,#39230,#39240);
#39260=PLANE('',#39250);
#39270=ORIENTED_EDGE('',*,*,#1160,.F.);
#39280=CARTESIAN_POINT('',(-26.0999999999891,-6.85000023063946,
-1.66682312396915E-9));
#39290=DIRECTION('',(0.,0.,1.));
#39300=VECTOR('',#39290,1.);
#39310=LINE('',#39280,#39300);
#39320=EDGE_CURVE('',#10200,#1070,#39310,.T.);
#39330=ORIENTED_EDGE('',*,*,#39320,.T.);
#39340=ORIENTED_EDGE('',*,*,#10210,.T.);
#39350=ORIENTED_EDGE('',*,*,#39080,.T.);
#39360=EDGE_LOOP('',(#39350,#39340,#39330,#39270));
#39370=FACE_OUTER_BOUND('',#39360,.T.);
#39380=ADVANCED_FACE('',(#39370),#39260,.F.);
#39390=COLOUR_RGB('',0.560784339904785,0.588235318660736,
0.600000023841858);
#39400=FILL_AREA_STYLE_COLOUR('',#39390);
#39410=FILL_AREA_STYLE('',(#39400));
#39420=SURFACE_STYLE_FILL_AREA(#39410);
#39430=SURFACE_SIDE_STYLE('',(#39420));
#39440=SURFACE_STYLE_USAGE(.BOTH.,#39430);
#39450=PRESENTATION_STYLE_ASSIGNMENT((#39440));
#39460=CARTESIAN_POINT('',(-25.1999999999891,-2.90000023063945,
-1.66682312396915E-9));
#39470=DIRECTION('',(0.,0.,1.));
#39480=DIRECTION('',(1.,0.,0.));
#39490=AXIS2_PLACEMENT_3D('',#39460,#39470,#39480);
#39500=CYLINDRICAL_SURFACE('',#39490,0.900000000000001);
#39510=ORIENTED_EDGE('',*,*,#38470,.T.);
#39520=CARTESIAN_POINT('',(-25.1999999999891,-2.90000023063945,
-7.05000000166682));
#39530=DIRECTION('',(0.,0.,1.));
#39540=DIRECTION('',(1.,0.,0.));
#39550=AXIS2_PLACEMENT_3D('',#39520,#39530,#39540);
#39560=CIRCLE('',#39550,0.900000000000001);
#39570=CARTESIAN_POINT('',(-24.5999999999891,-3.57082062388938,
-7.05000000166682));
#39580=VERTEX_POINT('',#39570);
#39590=EDGE_CURVE('',#39580,#38400,#39560,.T.);
#39600=ORIENTED_EDGE('',*,*,#39590,.T.);
#39610=CARTESIAN_POINT('',(-24.5999999999891,-3.57082062388938,
-1.66682312396915E-9));
#39620=DIRECTION('',(0.,0.,-1.));
#39630=VECTOR('',#39620,1.);
#39640=LINE('',#39610,#39630);
#39650=EDGE_CURVE('',#1410,#39580,#39640,.T.);
#39660=ORIENTED_EDGE('',*,*,#39650,.T.);
#39670=ORIENTED_EDGE('',*,*,#1420,.F.);
#39680=EDGE_LOOP('',(#39670,#39660,#39600,#39510));
#39690=FACE_OUTER_BOUND('',#39680,.T.);
#39700=ADVANCED_FACE('',(#39690),#39500,.T.);
#39710=COLOUR_RGB('',0.560784339904785,0.588235318660736,
0.600000023841858);
#39720=FILL_AREA_STYLE_COLOUR('',#39710);
#39730=FILL_AREA_STYLE('',(#39720));
#39740=SURFACE_STYLE_FILL_AREA(#39730);
#39750=SURFACE_SIDE_STYLE('',(#39740));
#39760=SURFACE_STYLE_USAGE(.BOTH.,#39750);
#39770=PRESENTATION_STYLE_ASSIGNMENT((#39760));
#39780=CARTESIAN_POINT('',(-5.12638860322073,0.599999769361471,
-7.05000000166682));
#39790=DIRECTION('',(0.,0.,1.));
#39800=DIRECTION('',(1.,0.,0.));
#39810=AXIS2_PLACEMENT_3D('',#39780,#39790,#39800);
#39820=PLANE('',#39810);
#39830=ORIENTED_EDGE('',*,*,#39590,.F.);
#39840=ORIENTED_EDGE('',*,*,#38410,.T.);
#39850=ORIENTED_EDGE('',*,*,#38830,.F.);
#39860=ORIENTED_EDGE('',*,*,#38080,.F.);
#39870=ORIENTED_EDGE('',*,*,#35830,.T.);
#39880=CARTESIAN_POINT('',(-24.5999999999891,8.37903992059293,
-7.05000000166682));
#39890=DIRECTION('',(0.,1.,0.));
#39900=VECTOR('',#39890,1.);
#39910=LINE('',#39880,#39900);
#39920=EDGE_CURVE('',#35740,#39580,#39910,.T.);
#39930=ORIENTED_EDGE('',*,*,#39920,.F.);
#39940=EDGE_LOOP('',(#39930,#39870,#39860,#39850,#39840,#39830));
#39950=FACE_OUTER_BOUND('',#39940,.T.);
#39960=ADVANCED_FACE('',(#39950),#39820,.T.);
#39970=COLOUR_RGB('',0.560784339904785,0.588235318660736,
0.600000023841858);
#39980=FILL_AREA_STYLE_COLOUR('',#39970);
#39990=FILL_AREA_STYLE('',(#39980));
#40000=SURFACE_STYLE_FILL_AREA(#39990);
#40010=SURFACE_SIDE_STYLE('',(#40000));
#40020=SURFACE_STYLE_USAGE(.BOTH.,#40010);
#40030=PRESENTATION_STYLE_ASSIGNMENT((#40020));
#40040=CARTESIAN_POINT('',(-24.5999999999891,-4.00000023063945,
-1.66682312396915E-9));
#40050=DIRECTION('',(1.,0.,0.));
#40060=DIRECTION('',(0.,-1.,0.));
#40070=AXIS2_PLACEMENT_3D('',#40040,#40050,#40060);
#40080=PLANE('',#40070);
#40090=ORIENTED_EDGE('',*,*,#39650,.F.);
#40100=ORIENTED_EDGE('',*,*,#39920,.T.);
#40110=ORIENTED_EDGE('',*,*,#35750,.T.);
#40120=ORIENTED_EDGE('',*,*,#1500,.F.);
#40130=EDGE_LOOP('',(#40120,#40110,#40100,#40090));
#40140=FACE_OUTER_BOUND('',#40130,.T.);
#40150=ADVANCED_FACE('',(#40140),#40080,.T.);
#40160=COLOUR_RGB('',0.560784339904785,0.588235318660736,
0.600000023841858);
#40170=FILL_AREA_STYLE_COLOUR('',#40160);
#40180=FILL_AREA_STYLE('',(#40170));
#40190=SURFACE_STYLE_FILL_AREA(#40180);
#40200=SURFACE_SIDE_STYLE('',(#40190));
#40210=SURFACE_STYLE_USAGE(.BOTH.,#40200);
#40220=PRESENTATION_STYLE_ASSIGNMENT((#40210));
#40230=CARTESIAN_POINT('',(-25.0999999999894,7.49999976936086,
-1.66682312396915E-9));
#40240=DIRECTION('',(1.,0.,0.));
#40250=DIRECTION('',(0.,-1.,0.));
#40260=AXIS2_PLACEMENT_3D('',#40230,#40240,#40250);
#40270=PLANE('',#40260);
#40280=ORIENTED_EDGE('',*,*,#2010,.F.);
#40290=ORIENTED_EDGE('',*,*,#35040,.T.);
#40300=ORIENTED_EDGE('',*,*,#9520,.T.);
#40310=ORIENTED_EDGE('',*,*,#34680,.T.);
#40320=EDGE_LOOP('',(#40310,#40300,#40290,#40280));
#40330=FACE_OUTER_BOUND('',#40320,.T.);
#40340=ADVANCED_FACE('',(#40330),#40270,.F.);
#40350=COLOUR_RGB('',0.560784339904785,0.588235318660736,
0.600000023841858);
#40360=FILL_AREA_STYLE_COLOUR('',#40350);
#40370=FILL_AREA_STYLE('',(#40360));
#40380=SURFACE_STYLE_FILL_AREA(#40370);
#40390=SURFACE_SIDE_STYLE('',(#40380));
#40400=SURFACE_STYLE_USAGE(.BOTH.,#40390);
#40410=PRESENTATION_STYLE_ASSIGNMENT((#40400));
#40420=CARTESIAN_POINT('',(-23.1159356899756,28.4802398878581,
-1.66682312396915E-9));
#40430=DIRECTION('',(0.819152044288992,0.573576436351046,0.));
#40440=DIRECTION('',(0.573576436351046,-0.819152044288992,0.));
#40450=AXIS2_PLACEMENT_3D('',#40420,#40430,#40440);
#40460=PLANE('',#40450);
#40470=ORIENTED_EDGE('',*,*,#2350,.T.);
#40480=CARTESIAN_POINT('',(-23.1159356899756,28.4802398878582,
2.99836200312598E-6));
#40490=DIRECTION('',(0.,0.,-1.));
#40500=VECTOR('',#40490,1.);
#40510=LINE('',#40480,#40500);
#40520=CARTESIAN_POINT('',(-23.1159356899756,28.4802398878582,
-0.750000001639014));
#40530=VERTEX_POINT('',#40520);
#40540=EDGE_CURVE('',#2260,#40530,#40510,.T.);
#40550=ORIENTED_EDGE('',*,*,#40540,.F.);
#40560=CARTESIAN_POINT('',(-3.59398139190747,0.599999769361471,
-0.750000001639014));
#40570=DIRECTION('',(-0.573576436351046,0.819152044288992,0.));
#40580=VECTOR('',#40570,1.);
#40590=LINE('',#40560,#40580);
#40600=CARTESIAN_POINT('',(-23.7054790531083,29.3221950668041,
-0.750000001639014));
#40610=VERTEX_POINT('',#40600);
#40620=EDGE_CURVE('',#40530,#40610,#40590,.T.);
#40630=ORIENTED_EDGE('',*,*,#40620,.F.);
#40640=CARTESIAN_POINT('',(-23.7054790531083,29.3221950668041,
-1.66682312396915E-9));
#40650=DIRECTION('',(0.,0.,1.));
#40660=VECTOR('',#40650,1.);
#40670=LINE('',#40640,#40660);
#40680=CARTESIAN_POINT('',(-23.7054790531083,29.3221950668041,
-7.40000000163901));
#40690=VERTEX_POINT('',#40680);
#40700=EDGE_CURVE('',#40690,#40610,#40670,.T.);
#40710=ORIENTED_EDGE('',*,*,#40700,.T.);
#40720=CARTESIAN_POINT('',(-3.59398139190747,0.599999769361471,
-7.40000000163901));
#40730=DIRECTION('',(-0.573576436351046,0.819152044288992,0.));
#40740=VECTOR('',#40730,1.);
#40750=LINE('',#40720,#40740);
#40760=CARTESIAN_POINT('',(-23.1159356899756,28.4802398878581,
-7.40000000163901));
#40770=VERTEX_POINT('',#40760);
#40780=EDGE_CURVE('',#40770,#40690,#40750,.T.);
#40790=ORIENTED_EDGE('',*,*,#40780,.T.);
#40800=CARTESIAN_POINT('',(-23.1159356899756,28.4802398878581,
2.99833317687603E-6));
#40810=DIRECTION('',(0.,0.,-1.));
#40820=VECTOR('',#40810,1.);
#40830=LINE('',#40800,#40820);
#40840=EDGE_CURVE('',#40770,#9170,#40830,.T.);
#40850=ORIENTED_EDGE('',*,*,#40840,.F.);
#40860=ORIENTED_EDGE('',*,*,#9180,.F.);
#40870=ORIENTED_EDGE('',*,*,#34100,.F.);
#40880=EDGE_LOOP('',(#40870,#40860,#40850,#40790,#40710,#40630,#40550,
#40470));
#40890=FACE_OUTER_BOUND('',#40880,.T.);
#40900=ADVANCED_FACE('',(#40890),#40460,.F.);
#40910=COLOUR_RGB('',0.560784339904785,0.588235318660736,
0.600000023841858);
#40920=FILL_AREA_STYLE_COLOUR('',#40910);
#40930=FILL_AREA_STYLE('',(#40920));
#40940=SURFACE_STYLE_FILL_AREA(#40930);
#40950=SURFACE_SIDE_STYLE('',(#40940));
#40960=SURFACE_STYLE_USAGE(.BOTH.,#40950);
#40970=PRESENTATION_STYLE_ASSIGNMENT((#40960));
#40980=CARTESIAN_POINT('',(-21.8499999999985,22.0999999999848,
-1.66682312396915E-9));
#40990=DIRECTION('',(1.,-8.00094898427962E-17,0.));
#41000=DIRECTION('',(-8.00094898427962E-17,-1.,0.));
#41010=AXIS2_PLACEMENT_3D('',#40980,#40990,#41000);
#41020=PLANE('',#41010);
#41030=CARTESIAN_POINT('',(-21.8499999999985,0.599999769361471,
-7.40000000163901));
#41040=DIRECTION('',(8.00094898427962E-17,1.,0.));
#41050=VECTOR('',#41040,1.);
#41060=LINE('',#41030,#41050);
#41070=CARTESIAN_POINT('',(-21.8499999999985,24.4652048334008,
-7.40000000163901));
#41080=VERTEX_POINT('',#41070);
#41090=EDGE_CURVE('',#34350,#41080,#41060,.T.);
#41100=ORIENTED_EDGE('',*,*,#41090,.T.);
#41110=ORIENTED_EDGE('',*,*,#34750,.F.);
#41120=ORIENTED_EDGE('',*,*,#9350,.T.);
#41130=CARTESIAN_POINT('',(-21.8499999999985,24.4652048334008,
-7.39999700163901));
#41140=DIRECTION('',(0.,0.,-1.));
#41150=VECTOR('',#41140,1.);
#41160=LINE('',#41130,#41150);
#41170=EDGE_CURVE('',#41080,#9260,#41160,.T.);
#41180=ORIENTED_EDGE('',*,*,#41170,.T.);
#41190=EDGE_LOOP('',(#41180,#41120,#41110,#41100));
#41200=FACE_OUTER_BOUND('',#41190,.T.);
#41210=ADVANCED_FACE('',(#41200),#41020,.F.);
#41220=COLOUR_RGB('',0.560784339904785,0.588235318660736,
0.600000023841858);
#41230=FILL_AREA_STYLE_COLOUR('',#41220);
#41240=FILL_AREA_STYLE('',(#41230));
#41250=SURFACE_STYLE_FILL_AREA(#41240);
#41260=SURFACE_SIDE_STYLE('',(#41250));
#41270=SURFACE_STYLE_USAGE(.BOTH.,#41260);
#41280=PRESENTATION_STYLE_ASSIGNMENT((#41270));
#41290=CARTESIAN_POINT('',(-17.9479529999827,17.506811000001,
-7.40000000163901));
#41300=DIRECTION('',(0.,0.,-1.));
#41310=DIRECTION('',(-1.,0.,0.));
#41320=AXIS2_PLACEMENT_3D('',#41290,#41300,#41310);
#41330=PLANE('',#41320);
#41340=CARTESIAN_POINT('',(-7.50058466214407,8.37903992059293,
-7.40000000163901));
#41350=DIRECTION('',(-0.611956859996264,0.790891143902568,0.));
#41360=VECTOR('',#41350,1.);
#41370=LINE('',#41340,#41360);
#41380=CARTESIAN_POINT('',(-17.2999999999745,21.0437738467072,
-7.40000000166763));
#41390=VERTEX_POINT('',#41380);
#41400=EDGE_CURVE('',#41390,#40690,#41370,.T.);
#41410=ORIENTED_EDGE('',*,*,#41400,.T.);
#41420=CARTESIAN_POINT('',(-17.2999999999459,8.37903992059293,
-7.40000000163901));
#41430=DIRECTION('',(0.,-1.,0.));
#41440=VECTOR('',#41430,1.);
#41450=LINE('',#41420,#41440);
#41460=CARTESIAN_POINT('',(-17.2999999999459,15.5251260352655,
-7.40000000163901));
#41470=VERTEX_POINT('',#41460);
#41480=EDGE_CURVE('',#41390,#41470,#41450,.T.);
#41490=ORIENTED_EDGE('',*,*,#41480,.F.);
#41500=CARTESIAN_POINT('',(-22.3530459505102,8.37903992059293,
-7.40000000163902));
#41510=DIRECTION('',(-0.577350269184772,-0.816496580931159,0.));
#41520=VECTOR('',#41510,1.);
#41530=LINE('',#41500,#41520);
#41540=CARTESIAN_POINT('',(-18.421074182118,13.9396877223914,
-7.40000000163902));
#41550=VERTEX_POINT('',#41540);
#41560=EDGE_CURVE('',#41470,#41550,#41530,.T.);
#41570=ORIENTED_EDGE('',*,*,#41560,.F.);
#41580=CARTESIAN_POINT('',(-32.9742754795343,7.80473134896969,
-7.40000000163901));
#41590=DIRECTION('',(0.921470147258837,0.388449182919436,0.));
#41600=VECTOR('',#41590,1.);
#41610=LINE('',#41580,#41600);
#41620=EDGE_CURVE('',#34370,#41550,#41610,.T.);
#41630=ORIENTED_EDGE('',*,*,#41620,.T.);
#41640=ORIENTED_EDGE('',*,*,#34380,.T.);
#41650=ORIENTED_EDGE('',*,*,#41090,.F.);
#41660=CARTESIAN_POINT('',(-28.8499999999985,24.4652048334008,
-7.40000000163901));
#41670=DIRECTION('',(0.,0.,-1.));
#41680=DIRECTION('',(-1.,0.,0.));
#41690=AXIS2_PLACEMENT_3D('',#41660,#41670,#41680);
#41700=CIRCLE('',#41690,7.);
#41710=EDGE_CURVE('',#40770,#41080,#41700,.T.);
#41720=ORIENTED_EDGE('',*,*,#41710,.T.);
#41730=ORIENTED_EDGE('',*,*,#40780,.F.);
#41740=EDGE_LOOP('',(#41730,#41720,#41650,#41640,#41630,#41570,#41490,
#41410));
#41750=FACE_OUTER_BOUND('',#41740,.T.);
#41760=ADVANCED_FACE('',(#41750),#41330,.F.);
#41770=COLOUR_RGB('',0.560784339904785,0.588235318660736,
0.600000023841858);
#41780=FILL_AREA_STYLE_COLOUR('',#41770);
#41790=FILL_AREA_STYLE('',(#41780));
#41800=SURFACE_STYLE_FILL_AREA(#41790);
#41810=SURFACE_SIDE_STYLE('',(#41800));
#41820=SURFACE_STYLE_USAGE(.BOTH.,#41810);
#41830=PRESENTATION_STYLE_ASSIGNMENT((#41820));
#41840=CARTESIAN_POINT('',(-28.8499999999985,24.4652048334008,
-1.66682312396915E-9));
#41850=DIRECTION('',(0.,0.,-1.));
#41860=DIRECTION('',(-1.,0.,0.));
#41870=AXIS2_PLACEMENT_3D('',#41840,#41850,#41860);
#41880=CYLINDRICAL_SURFACE('',#41870,7.);
#41890=ORIENTED_EDGE('',*,*,#40540,.T.);
#41900=ORIENTED_EDGE('',*,*,#2270,.F.);
#41910=CARTESIAN_POINT('',(-21.8499999999985,24.4652048334008,
2.99833317687603E-6));
#41920=DIRECTION('',(0.,0.,-1.));
#41930=VECTOR('',#41920,1.);
#41940=LINE('',#41910,#41930);
#41950=CARTESIAN_POINT('',(-21.8499999999985,24.4652048334008,
-0.750000001639014));
#41960=VERTEX_POINT('',#41950);
#41970=EDGE_CURVE('',#2170,#41960,#41940,.T.);
#41980=ORIENTED_EDGE('',*,*,#41970,.F.);
#41990=CARTESIAN_POINT('',(-28.8499999999985,24.4652048334008,
-0.750000001639014));
#42000=DIRECTION('',(0.,0.,-1.));
#42010=DIRECTION('',(-1.,0.,0.));
#42020=AXIS2_PLACEMENT_3D('',#41990,#42000,#42010);
#42030=CIRCLE('',#42020,7.);
#42040=EDGE_CURVE('',#40530,#41960,#42030,.T.);
#42050=ORIENTED_EDGE('',*,*,#42040,.T.);
#42060=EDGE_LOOP('',(#42050,#41980,#41900,#41890));
#42070=FACE_OUTER_BOUND('',#42060,.T.);
#42080=ADVANCED_FACE('',(#42070),#41880,.F.);
#42090=COLOUR_RGB('',0.560784339904785,0.588235318660736,
0.600000023841858);
#42100=FILL_AREA_STYLE_COLOUR('',#42090);
#42110=FILL_AREA_STYLE('',(#42100));
#42120=SURFACE_STYLE_FILL_AREA(#42110);
#42130=SURFACE_SIDE_STYLE('',(#42120));
#42140=SURFACE_STYLE_USAGE(.BOTH.,#42130);
#42150=PRESENTATION_STYLE_ASSIGNMENT((#42140));
#42160=ORIENTED_EDGE('',*,*,#41970,.T.);
#42170=ORIENTED_EDGE('',*,*,#2180,.T.);
#42180=ORIENTED_EDGE('',*,*,#34610,.F.);
#42190=CARTESIAN_POINT('',(-21.8499999999985,0.599999769361471,
-0.750000001639014));
#42200=DIRECTION('',(8.00094898427962E-17,1.,0.));
#42210=VECTOR('',#42200,1.);
#42220=LINE('',#42190,#42210);
#42230=EDGE_CURVE('',#34540,#41960,#42220,.T.);
#42240=ORIENTED_EDGE('',*,*,#42230,.F.);
#42250=EDGE_LOOP('',(#42240,#42180,#42170,#42160));
#42260=FACE_OUTER_BOUND('',#42250,.T.);
#42270=ADVANCED_FACE('',(#42260),#41020,.F.);
#42280=COLOUR_RGB('',0.560784339904785,0.588235318660736,
0.600000023841858);
#42290=FILL_AREA_STYLE_COLOUR('',#42280);
#42300=FILL_AREA_STYLE('',(#42290));
#42310=SURFACE_STYLE_FILL_AREA(#42300);
#42320=SURFACE_SIDE_STYLE('',(#42310));
#42330=SURFACE_STYLE_USAGE(.BOTH.,#42320);
#42340=PRESENTATION_STYLE_ASSIGNMENT((#42330));
#42350=CARTESIAN_POINT('',(-17.9479529999827,17.506811000001,
-0.750000001639014));
#42360=DIRECTION('',(0.,0.,-1.));
#42370=DIRECTION('',(-1.,0.,0.));
#42380=AXIS2_PLACEMENT_3D('',#42350,#42360,#42370);
#42390=PLANE('',#42380);
#42400=CARTESIAN_POINT('',(-7.50058466214407,8.37903992059293,
-0.750000001639014));
#42410=DIRECTION('',(-0.611956859996264,0.790891143902568,0.));
#42420=VECTOR('',#42410,1.);
#42430=LINE('',#42400,#42420);
#42440=CARTESIAN_POINT('',(-16.4500000000013,19.9452364885346,
-0.750000001639012));
#42450=VERTEX_POINT('',#42440);
#42460=EDGE_CURVE('',#42450,#40610,#42430,.T.);
#42470=ORIENTED_EDGE('',*,*,#42460,.F.);
#42480=ORIENTED_EDGE('',*,*,#40620,.T.);
#42490=ORIENTED_EDGE('',*,*,#42040,.F.);
#42500=ORIENTED_EDGE('',*,*,#42230,.T.);
#42510=ORIENTED_EDGE('',*,*,#34550,.F.);
#42520=CARTESIAN_POINT('',(-32.9742754795343,7.80473134896969,
-0.750000001639014));
#42530=DIRECTION('',(0.921470147258837,0.388449182919436,0.));
#42540=VECTOR('',#42530,1.);
#42550=LINE('',#42520,#42540);
#42560=CARTESIAN_POINT('',(-17.447705756475,14.3500148184405,
-0.750000001639014));
#42570=VERTEX_POINT('',#42560);
#42580=EDGE_CURVE('',#34450,#42570,#42550,.T.);
#42590=ORIENTED_EDGE('',*,*,#42580,.F.);
#42600=CARTESIAN_POINT('',(-20.7215311501055,8.37903992059293,
-0.750000001639014));
#42610=DIRECTION('',(0.480767105993087,0.876848327702706,0.));
#42620=VECTOR('',#42610,1.);
#42630=LINE('',#42600,#42620);
#42640=CARTESIAN_POINT('',(-16.4500000000013,16.1696830386616,
-0.750000001639014));
#42650=VERTEX_POINT('',#42640);
#42660=EDGE_CURVE('',#42570,#42650,#42630,.T.);
#42670=ORIENTED_EDGE('',*,*,#42660,.F.);
#42680=CARTESIAN_POINT('',(-16.4500000000013,8.37903992059293,
-0.750000001639014));
#42690=DIRECTION('',(0.,-1.,0.));
#42700=VECTOR('',#42690,1.);
#42710=LINE('',#42680,#42700);
#42720=EDGE_CURVE('',#42450,#42650,#42710,.T.);
#42730=ORIENTED_EDGE('',*,*,#42720,.T.);
#42740=EDGE_LOOP('',(#42730,#42670,#42590,#42510,#42500,#42490,#42480,
#42470));
#42750=FACE_OUTER_BOUND('',#42740,.T.);
#42760=ADVANCED_FACE('',(#42750),#42390,.T.);
#42770=COLOUR_RGB('',0.560784339904785,0.588235318660736,
0.600000023841858);
#42780=FILL_AREA_STYLE_COLOUR('',#42770);
#42790=FILL_AREA_STYLE('',(#42780));
#42800=SURFACE_STYLE_FILL_AREA(#42790);
#42810=SURFACE_SIDE_STYLE('',(#42800));
#42820=SURFACE_STYLE_USAGE(.BOTH.,#42810);
#42830=PRESENTATION_STYLE_ASSIGNMENT((#42820));
#42840=CARTESIAN_POINT('',(-17.7655099999827,19.804683000001,
-5.65000000163901));
#42850=DIRECTION('',(0.,0.,-1.));
#42860=DIRECTION('',(-1.,0.,0.));
#42870=AXIS2_PLACEMENT_3D('',#42840,#42850,#42860);
#42880=PLANE('',#42870);
#42890=CARTESIAN_POINT('',(-5.12638860322073,19.8157104932043,
-5.65000000163901));
#42900=DIRECTION('',(1.,0.,0.));
#42910=VECTOR('',#42900,1.);
#42920=LINE('',#42890,#42910);
#42930=CARTESIAN_POINT('',(-15.5499999999459,19.8157104932043,
-5.65000000163901));
#42940=VERTEX_POINT('',#42930);
#42950=CARTESIAN_POINT('',(-6.6749999999986,19.8157104932043,
-5.65000000163901));
#42960=VERTEX_POINT('',#42950);
#42970=EDGE_CURVE('',#42940,#42960,#42920,.T.);
#42980=ORIENTED_EDGE('',*,*,#42970,.F.);
#42990=CARTESIAN_POINT('',(-6.6749999999986,0.599999769361471,
-5.65000000163901));
#43000=DIRECTION('',(0.,-1.,0.));
#43010=VECTOR('',#43000,1.);
#43020=LINE('',#42990,#43010);
#43030=CARTESIAN_POINT('',(-6.6749999999986,16.2499997693663,
-5.65000000163901));
#43040=VERTEX_POINT('',#43030);
#43050=EDGE_CURVE('',#42960,#43040,#43020,.T.);
#43060=ORIENTED_EDGE('',*,*,#43050,.F.);
#43070=CARTESIAN_POINT('',(-5.12638860322073,16.2499997693663,
-5.65000000163901));
#43080=DIRECTION('',(-1.,0.,0.));
#43090=VECTOR('',#43080,1.);
#43100=LINE('',#43070,#43090);
#43110=CARTESIAN_POINT('',(-15.5499999999459,16.2499997693663,
-5.65000000163901));
#43120=VERTEX_POINT('',#43110);
#43130=EDGE_CURVE('',#43040,#43120,#43100,.T.);
#43140=ORIENTED_EDGE('',*,*,#43130,.F.);
#43150=CARTESIAN_POINT('',(-15.5499999999459,0.599999769361471,
-5.65000000163901));
#43160=DIRECTION('',(0.,1.,0.));
#43170=VECTOR('',#43160,1.);
#43180=LINE('',#43150,#43170);
#43190=EDGE_CURVE('',#43120,#42940,#43180,.T.);
#43200=ORIENTED_EDGE('',*,*,#43190,.F.);
#43210=EDGE_LOOP('',(#43200,#43140,#43060,#42980));
#43220=FACE_OUTER_BOUND('',#43210,.T.);
#43230=ADVANCED_FACE('',(#43220),#42880,.F.);
#43240=COLOUR_RGB('',0.823529481887817,0.823529481887817,
0.784313797950745);
#43250=FILL_AREA_STYLE_COLOUR('',#43240);
#43260=FILL_AREA_STYLE('',(#43250));
#43270=SURFACE_STYLE_FILL_AREA(#43260);
#43280=SURFACE_SIDE_STYLE('',(#43270));
#43290=SURFACE_STYLE_USAGE(.BOTH.,#43280);
#43300=PRESENTATION_STYLE_ASSIGNMENT((#43290));
#43310=CARTESIAN_POINT('',(-6.6749999999986,8.49999976936559,
-1.6500000000019));
#43320=DIRECTION('',(1.,0.,1.22464679914735E-16));
#43330=DIRECTION('',(-1.38383250655425E-28,-1.,1.12998499446348E-12));
#43340=AXIS2_PLACEMENT_3D('',#43310,#43320,#43330);
#43350=PLANE('',#43340);
#43360=CARTESIAN_POINT('',(-6.6749999999986,19.8157104932043,
-5.65000000163902));
#43370=DIRECTION('',(0.,0.,1.));
#43380=VECTOR('',#43370,1.);
#43390=LINE('',#43360,#43380);
#43400=CARTESIAN_POINT('',(-6.6749999999986,19.8157104932043,
-1.25000000166675));
#43410=VERTEX_POINT('',#43400);
#43420=EDGE_CURVE('',#42960,#43410,#43390,.T.);
#43430=ORIENTED_EDGE('',*,*,#43420,.F.);
#43440=CARTESIAN_POINT('',(-6.6749999999986,0.599999769361471,
-1.25000000166675));
#43450=DIRECTION('',(0.,1.,0.));
#43460=VECTOR('',#43450,1.);
#43470=LINE('',#43440,#43460);
#43480=CARTESIAN_POINT('',(-6.6749999999986,16.2499997693663,
-1.25000000166675));
#43490=VERTEX_POINT('',#43480);
#43500=EDGE_CURVE('',#43490,#43410,#43470,.T.);
#43510=ORIENTED_EDGE('',*,*,#43500,.T.);
#43520=CARTESIAN_POINT('',(-6.6749999999986,0.599999769361471,
-16.9000000016716));
#43530=DIRECTION('',(1.11022302462516E-16,-0.707106781186548,
-0.707106781186547));
#43540=VECTOR('',#43530,1.);
#43550=LINE('',#43520,#43540);
#43560=CARTESIAN_POINT('',(-6.6749999999986,15.1499997693663,
-2.35000000166675));
#43570=VERTEX_POINT('',#43560);
#43580=EDGE_CURVE('',#43490,#43570,#43550,.T.);
#43590=ORIENTED_EDGE('',*,*,#43580,.F.);
#43600=CARTESIAN_POINT('',(-6.6749999999986,15.1499997693663,
-1.66682312396915E-9));
#43610=DIRECTION('',(1.22464679914735E-16,0.,-1.));
#43620=VECTOR('',#43610,1.);
#43630=LINE('',#43600,#43620);
#43640=CARTESIAN_POINT('',(-6.6749999999986,15.1499997693663,
-4.55000000166676));
#43650=VERTEX_POINT('',#43640);
#43660=EDGE_CURVE('',#43570,#43650,#43630,.T.);
#43670=ORIENTED_EDGE('',*,*,#43660,.F.);
#43680=CARTESIAN_POINT('',(-6.6749999999986,0.599999769361471,
9.99999999797106));
#43690=DIRECTION('',(1.11022302462516E-16,0.707106781195465,
-0.70710678117763));
#43700=VECTOR('',#43690,1.);
#43710=LINE('',#43680,#43700);
#43720=EDGE_CURVE('',#43650,#43040,#43710,.T.);
#43730=ORIENTED_EDGE('',*,*,#43720,.F.);
#43740=ORIENTED_EDGE('',*,*,#43050,.T.);
#43750=EDGE_LOOP('',(#43740,#43730,#43670,#43590,#43510,#43430));
#43760=FACE_OUTER_BOUND('',#43750,.T.);
#43770=ADVANCED_FACE('',(#43760),#43350,.F.);
#43780=COLOUR_RGB('',0.560784339904785,0.588235318660736,
0.600000023841858);
#43790=FILL_AREA_STYLE_COLOUR('',#43780);
#43800=FILL_AREA_STYLE('',(#43790));
#43810=SURFACE_STYLE_FILL_AREA(#43800);
#43820=SURFACE_SIDE_STYLE('',(#43810));
#43830=SURFACE_STYLE_USAGE(.BOTH.,#43820);
#43840=PRESENTATION_STYLE_ASSIGNMENT((#43830));
#43850=CARTESIAN_POINT('',(-15.9499999999736,31.4100021693765,
-1.25000000166675));
#43860=DIRECTION('',(0.,0.,1.));
#43870=DIRECTION('',(1.,0.,0.));
#43880=AXIS2_PLACEMENT_3D('',#43850,#43860,#43870);
#43890=PLANE('',#43880);
#43900=CARTESIAN_POINT('',(-5.12638860322073,19.8157104932043,
-1.25000000166675));
#43910=DIRECTION('',(-1.,0.,0.));
#43920=VECTOR('',#43910,1.);
#43930=LINE('',#43900,#43920);
#43940=CARTESIAN_POINT('',(-15.9499999999736,19.8157104932043,
-1.25000000166675));
#43950=VERTEX_POINT('',#43940);
#43960=EDGE_CURVE('',#43410,#43950,#43930,.T.);
#43970=ORIENTED_EDGE('',*,*,#43960,.F.);
#43980=CARTESIAN_POINT('',(-15.9499999999736,0.599999769361471,
-1.25000000166675));
#43990=DIRECTION('',(0.,-1.,0.));
#44000=VECTOR('',#43990,1.);
#44010=LINE('',#43980,#44000);
#44020=CARTESIAN_POINT('',(-15.9499999999736,16.2499997693663,
-1.25000000166675));
#44030=VERTEX_POINT('',#44020);
#44040=EDGE_CURVE('',#43950,#44030,#44010,.T.);
#44050=ORIENTED_EDGE('',*,*,#44040,.F.);
#44060=CARTESIAN_POINT('',(-5.12638860322073,16.2499997693663,
-1.25000000166675));
#44070=DIRECTION('',(1.,6.12323399573677E-17,0.));
#44080=VECTOR('',#44070,1.);
#44090=LINE('',#44060,#44080);
#44100=EDGE_CURVE('',#44030,#43490,#44090,.T.);
#44110=ORIENTED_EDGE('',*,*,#44100,.F.);
#44120=ORIENTED_EDGE('',*,*,#43500,.F.);
#44130=EDGE_LOOP('',(#44120,#44110,#44050,#43970));
#44140=FACE_OUTER_BOUND('',#44130,.T.);
#44150=ADVANCED_FACE('',(#44140),#43890,.F.);
#44160=COLOUR_RGB('',0.823529481887817,0.823529481887817,
0.784313797950745);
#44170=FILL_AREA_STYLE_COLOUR('',#44160);
#44180=FILL_AREA_STYLE('',(#44170));
#44190=SURFACE_STYLE_FILL_AREA(#44180);
#44200=SURFACE_SIDE_STYLE('',(#44190));
#44210=SURFACE_STYLE_USAGE(.BOTH.,#44200);
#44220=PRESENTATION_STYLE_ASSIGNMENT((#44210));
#44230=CARTESIAN_POINT('',(-14.9499999999736,15.6999997693663,
-5.10000000165289));
#44240=DIRECTION('',(-0.,0.70710678117763,0.707106781195465));
#44250=DIRECTION('',(0.,-0.707106781195465,0.70710678117763));
#44260=AXIS2_PLACEMENT_3D('',#44230,#44240,#44250);
#44270=PLANE('',#44260);
#44280=ORIENTED_EDGE('',*,*,#43720,.T.);
#44290=CARTESIAN_POINT('',(-5.12638860322073,15.1499997693663,
-4.55000000166676));
#44300=DIRECTION('',(-1.,0.,0.));
#44310=VECTOR('',#44300,1.);
#44320=LINE('',#44290,#44310);
#44330=CARTESIAN_POINT('',(-15.5499999999736,15.1499997693663,
-4.55000000166676));
#44340=VERTEX_POINT('',#44330);
#44350=EDGE_CURVE('',#43650,#44340,#44320,.T.);
#44360=ORIENTED_EDGE('',*,*,#44350,.F.);
#44370=CARTESIAN_POINT('',(-15.5499999999736,8.37903992059293,
2.22095984693581));
#44380=DIRECTION('',(-3.92523114670944E-17,0.707106781195465,
-0.70710678117763));
#44390=VECTOR('',#44380,1.);
#44400=LINE('',#44370,#44390);
#44410=EDGE_CURVE('',#44340,#43120,#44400,.T.);
#44420=ORIENTED_EDGE('',*,*,#44410,.F.);
#44430=ORIENTED_EDGE('',*,*,#43130,.T.);
#44440=EDGE_LOOP('',(#44430,#44420,#44360,#44280));
#44450=FACE_OUTER_BOUND('',#44440,.T.);
#44460=ADVANCED_FACE('',(#44450),#44270,.T.);
#44470=COLOUR_RGB('',0.823529481887817,0.823529481887817,
0.784313797950745);
#44480=FILL_AREA_STYLE_COLOUR('',#44470);
#44490=FILL_AREA_STYLE('',(#44480));
#44500=SURFACE_STYLE_FILL_AREA(#44490);
#44510=SURFACE_SIDE_STYLE('',(#44500));
#44520=SURFACE_STYLE_USAGE(.BOTH.,#44510);
#44530=PRESENTATION_STYLE_ASSIGNMENT((#44520));
#44540=CARTESIAN_POINT('',(-14.3499999999736,15.1499997693663,
-0.750000001639014));
#44550=DIRECTION('',(-0.,1.,0.));
#44560=DIRECTION('',(1.,0.,0.));
#44570=AXIS2_PLACEMENT_3D('',#44540,#44550,#44560);
#44580=PLANE('',#44570);
#44590=CARTESIAN_POINT('',(-15.5499999999736,15.1499997693663,
1.06581410364015E-14));
#44600=DIRECTION('',(0.,0.,1.));
#44610=VECTOR('',#44600,1.);
#44620=LINE('',#44590,#44610);
#44630=CARTESIAN_POINT('',(-15.5499999999736,15.1499997693663,
-2.35000000166675));
#44640=VERTEX_POINT('',#44630);
#44650=EDGE_CURVE('',#44340,#44640,#44620,.T.);
#44660=ORIENTED_EDGE('',*,*,#44650,.T.);
#44670=ORIENTED_EDGE('',*,*,#44350,.T.);
#44680=ORIENTED_EDGE('',*,*,#43660,.T.);
#44690=CARTESIAN_POINT('',(-5.12638860322073,15.1499997693663,
-2.35000000166675));
#44700=DIRECTION('',(-1.,0.,6.12323399573677E-17));
#44710=VECTOR('',#44700,1.);
#44720=LINE('',#44690,#44710);
#44730=EDGE_CURVE('',#43570,#44640,#44720,.T.);
#44740=ORIENTED_EDGE('',*,*,#44730,.F.);
#44750=EDGE_LOOP('',(#44740,#44680,#44670,#44660));
#44760=FACE_OUTER_BOUND('',#44750,.T.);
#44770=ADVANCED_FACE('',(#44760),#44580,.T.);
#44780=COLOUR_RGB('',0.823529481887817,0.823529481887817,
0.784313797950745);
#44790=FILL_AREA_STYLE_COLOUR('',#44780);
#44800=FILL_AREA_STYLE('',(#44790));
#44810=SURFACE_STYLE_FILL_AREA(#44800);
#44820=SURFACE_SIDE_STYLE('',(#44810));
#44830=SURFACE_STYLE_USAGE(.BOTH.,#44820);
#44840=PRESENTATION_STYLE_ASSIGNMENT((#44830));
#44850=CARTESIAN_POINT('',(-14.2249999999849,15.1499997693663,
-2.35000000166675));
#44860=DIRECTION('',(-4.32978028117747E-17,0.707106781186547,
-0.707106781186548));
#44870=DIRECTION('',(4.32978028117747E-17,0.707106781186548,
0.707106781186547));
#44880=AXIS2_PLACEMENT_3D('',#44850,#44860,#44870);
#44890=PLANE('',#44880);
#44900=CARTESIAN_POINT('',(-15.6434004316587,15.4068509565004,
-2.09314881453264));
#44910=DIRECTION('',(0.249029122545875,-0.68483008700116,
-0.68483008700116));
#44920=VECTOR('',#44910,1.);
#44930=LINE('',#44900,#44920);
#44940=EDGE_CURVE('',#44030,#44640,#44930,.T.);
#44950=ORIENTED_EDGE('',*,*,#44940,.F.);
#44960=ORIENTED_EDGE('',*,*,#44730,.T.);
#44970=ORIENTED_EDGE('',*,*,#43580,.T.);
#44980=ORIENTED_EDGE('',*,*,#44100,.T.);
#44990=EDGE_LOOP('',(#44980,#44970,#44960,#44950));
#45000=FACE_OUTER_BOUND('',#44990,.T.);
#45010=ADVANCED_FACE('',(#45000),#44890,.T.);
#45020=COLOUR_RGB('',0.823529481887817,0.823529481887817,
0.784313797950745);
#45030=FILL_AREA_STYLE_COLOUR('',#45020);
#45040=FILL_AREA_STYLE('',(#45030));
#45050=SURFACE_STYLE_FILL_AREA(#45040);
#45060=SURFACE_SIDE_STYLE('',(#45050));
#45070=SURFACE_STYLE_USAGE(.BOTH.,#45060);
#45080=PRESENTATION_STYLE_ASSIGNMENT((#45070));
#45090=CARTESIAN_POINT('',(-15.5499999999736,16.2499997693663,
-5.65000000163901));
#45100=DIRECTION('',(-0.707106781186548,0.499999999993694,
0.500000000006306));
#45110=DIRECTION('',(0.,0.707106781195465,-0.70710678117763));
#45120=AXIS2_PLACEMENT_3D('',#45090,#45100,#45110);
#45130=PLANE('',#45120);
#45140=ORIENTED_EDGE('',*,*,#44410,.T.);
#45150=CARTESIAN_POINT('',(-32.9742754795343,7.80473134896969,
-21.8463782788644));
#45160=DIRECTION('',(0.679929055472475,0.286626633350149,
0.674938258345656));
#45170=VECTOR('',#45160,1.);
#45180=LINE('',#45150,#45170);
#45190=EDGE_CURVE('',#41550,#44340,#45180,.T.);
#45200=ORIENTED_EDGE('',*,*,#45190,.T.);
#45210=ORIENTED_EDGE('',*,*,#41560,.T.);
#45220=CARTESIAN_POINT('',(-32.9742754795343,9.03262855136373,
-23.0742754812275));
#45230=DIRECTION('',(-0.678598344546803,-0.281084637710203,
-0.678598344546803));
#45240=VECTOR('',#45230,1.);
#45250=LINE('',#45220,#45240);
#45260=EDGE_CURVE('',#43120,#41470,#45250,.T.);
#45270=ORIENTED_EDGE('',*,*,#45260,.T.);
#45280=EDGE_LOOP('',(#45270,#45210,#45200,#45140));
#45290=FACE_OUTER_BOUND('',#45280,.T.);
#45300=ADVANCED_FACE('',(#45290),#45130,.T.);
#45310=COLOUR_RGB('',0.560784339904785,0.588235318660736,
0.600000023841858);
#45320=FILL_AREA_STYLE_COLOUR('',#45310);
#45330=FILL_AREA_STYLE('',(#45320));
#45340=SURFACE_STYLE_FILL_AREA(#45330);
#45350=SURFACE_SIDE_STYLE('',(#45340));
#45360=SURFACE_STYLE_USAGE(.BOTH.,#45350);
#45370=PRESENTATION_STYLE_ASSIGNMENT((#45360));
#45380=CARTESIAN_POINT('',(-25.8553086931254,32.1006282119104,
-7.40000000163901));
#45390=DIRECTION('',(0.790891143902568,0.611956859996264,0.));
#45400=DIRECTION('',(0.611956859996264,-0.790891143902568,0.));
#45410=AXIS2_PLACEMENT_3D('',#45380,#45390,#45400);
#45420=PLANE('',#45410);
#45430=CARTESIAN_POINT('',(-16.3497784688826,19.8157104932043,
1.06581410364015E-14));
#45440=DIRECTION('',(0.,0.,-1.));
#45450=VECTOR('',#45440,1.);
#45460=LINE('',#45430,#45450);
#45470=CARTESIAN_POINT('',(-16.3497784688826,19.8157104932044,
-0.850221532757757));
#45480=VERTEX_POINT('',#45470);
#45490=CARTESIAN_POINT('',(-16.3497784688826,19.8157104932043,
-6.44977847057575));
#45500=VERTEX_POINT('',#45490);
#45510=EDGE_CURVE('',#45480,#45500,#45460,.T.);
#45520=ORIENTED_EDGE('',*,*,#45510,.F.);
#45530=CARTESIAN_POINT('',(-1.48150476545614,0.599999769361471,
8.4184952328507));
#45540=DIRECTION('',(-0.521975147833683,0.674599058766028,
-0.521975147833683));
#45550=VECTOR('',#45540,1.);
#45560=LINE('',#45530,#45550);
#45570=EDGE_CURVE('',#45500,#41390,#45560,.T.);
#45580=ORIENTED_EDGE('',*,*,#45570,.F.);
#45590=ORIENTED_EDGE('',*,*,#41400,.F.);
#45600=ORIENTED_EDGE('',*,*,#40700,.F.);
#45610=ORIENTED_EDGE('',*,*,#42460,.T.);
#45620=CARTESIAN_POINT('',(-1.48150476545614,0.599999769361471,
-15.7184952361842));
#45630=DIRECTION('',(0.521975147833683,-0.674599058766028,
-0.521975147833683));
#45640=VECTOR('',#45630,1.);
#45650=LINE('',#45620,#45640);
#45660=EDGE_CURVE('',#42450,#45480,#45650,.T.);
#45670=ORIENTED_EDGE('',*,*,#45660,.F.);
#45680=EDGE_LOOP('',(#45670,#45610,#45600,#45590,#45580,#45520));
#45690=FACE_OUTER_BOUND('',#45680,.T.);
#45700=ADVANCED_FACE('',(#45690),#45420,.F.);
#45710=COLOUR_RGB('',0.560784339904785,0.588235318660736,
0.600000023841858);
#45720=FILL_AREA_STYLE_COLOUR('',#45710);
#45730=FILL_AREA_STYLE('',(#45720));
#45740=SURFACE_STYLE_FILL_AREA(#45730);
#45750=SURFACE_SIDE_STYLE('',(#45740));
#45760=SURFACE_STYLE_USAGE(.BOTH.,#45750);
#45770=PRESENTATION_STYLE_ASSIGNMENT((#45760));
#45780=CARTESIAN_POINT('',(-15.5499999999736,31.4100021693765,
-5.65000000166676));
#45790=DIRECTION('',(0.707106781186547,0.,-0.707106781186548));
#45800=DIRECTION('',(-0.707106781186548,0.,-0.707106781186547));
#45810=AXIS2_PLACEMENT_3D('',#45780,#45790,#45800);
#45820=PLANE('',#45810);
#45830=ORIENTED_EDGE('',*,*,#45260,.F.);
#45840=ORIENTED_EDGE('',*,*,#41480,.T.);
#45850=ORIENTED_EDGE('',*,*,#45570,.T.);
#45860=CARTESIAN_POINT('',(-5.12638860322073,19.8157104932043,
4.77361139508612));
#45870=DIRECTION('',(0.707106781186548,0.,0.707106781186547));
#45880=VECTOR('',#45870,1.);
#45890=LINE('',#45860,#45880);
#45900=EDGE_CURVE('',#45500,#42940,#45890,.T.);
#45910=ORIENTED_EDGE('',*,*,#45900,.F.);
#45920=ORIENTED_EDGE('',*,*,#43190,.T.);
#45930=EDGE_LOOP('',(#45920,#45910,#45850,#45840,#45830));
#45940=FACE_OUTER_BOUND('',#45930,.T.);
#45950=ADVANCED_FACE('',(#45940),#45820,.F.);
#45960=COLOUR_RGB('',0.560784339904785,0.588235318660736,
0.600000023841858);
#45970=FILL_AREA_STYLE_COLOUR('',#45960);
#45980=FILL_AREA_STYLE('',(#45970));
#45990=SURFACE_STYLE_FILL_AREA(#45980);
#46000=SURFACE_SIDE_STYLE('',(#45990));
#46010=SURFACE_STYLE_USAGE(.BOTH.,#46000);
#46020=PRESENTATION_STYLE_ASSIGNMENT((#46010));
#46030=CARTESIAN_POINT('',(-16.3497784688826,19.8157104932043,
-5.65000000163902));
#46040=DIRECTION('',(-0.,1.,0.));
#46050=DIRECTION('',(1.,0.,0.));
#46060=AXIS2_PLACEMENT_3D('',#46030,#46040,#46050);
#46070=PLANE('',#46060);
#46080=ORIENTED_EDGE('',*,*,#43960,.T.);
#46090=ORIENTED_EDGE('',*,*,#43420,.T.);
#46100=ORIENTED_EDGE('',*,*,#42970,.T.);
#46110=ORIENTED_EDGE('',*,*,#45900,.T.);
#46120=ORIENTED_EDGE('',*,*,#45510,.T.);
#46130=CARTESIAN_POINT('',(-5.12638860322073,19.8157104932043,
-12.0736113984196));
#46140=DIRECTION('',(-0.707106781186548,0.,0.707106781186547));
#46150=VECTOR('',#46140,1.);
#46160=LINE('',#46130,#46150);
#46170=EDGE_CURVE('',#43950,#45480,#46160,.T.);
#46180=ORIENTED_EDGE('',*,*,#46170,.T.);
#46190=EDGE_LOOP('',(#46180,#46120,#46110,#46100,#46090,#46080));
#46200=FACE_OUTER_BOUND('',#46190,.T.);
#46210=ADVANCED_FACE('',(#46200),#46070,.F.);
#46220=COLOUR_RGB('',0.823529481887817,0.823529481887817,
0.784313797950745);
#46230=FILL_AREA_STYLE_COLOUR('',#46220);
#46240=FILL_AREA_STYLE('',(#46230));
#46250=SURFACE_STYLE_FILL_AREA(#46240);
#46260=SURFACE_SIDE_STYLE('',(#46250));
#46270=SURFACE_STYLE_USAGE(.BOTH.,#46260);
#46280=PRESENTATION_STYLE_ASSIGNMENT((#46270));
#46290=CARTESIAN_POINT('',(-17.7079456469456,14.2403097204326,
-12.4261744565307));
#46300=DIRECTION('',(0.388449182919436,-0.921470147258837,0.));
#46310=DIRECTION('',(-0.921470147258837,-0.388449182919436,0.));
#46320=AXIS2_PLACEMENT_3D('',#46290,#46300,#46310);
#46330=PLANE('',#46320);
#46340=ORIENTED_EDGE('',*,*,#34460,.F.);
#46350=ORIENTED_EDGE('',*,*,#41620,.F.);
#46360=ORIENTED_EDGE('',*,*,#45190,.F.);
#46370=ORIENTED_EDGE('',*,*,#44650,.F.);
#46380=CARTESIAN_POINT('',(-32.9742754795343,7.80473134896969,
12.3408131933028));
#46390=DIRECTION('',(0.727669360168636,0.306751737138606,
-0.613515015329059));
#46400=VECTOR('',#46390,1.);
#46410=LINE('',#46380,#46400);
#46420=EDGE_CURVE('',#42570,#44640,#46410,.T.);
#46430=ORIENTED_EDGE('',*,*,#46420,.T.);
#46440=ORIENTED_EDGE('',*,*,#42580,.T.);
#46450=EDGE_LOOP('',(#46440,#46430,#46370,#46360,#46350,#46340));
#46460=FACE_OUTER_BOUND('',#46450,.T.);
#46470=ADVANCED_FACE('',(#46460),#46330,.F.);
#46480=COLOUR_RGB('',0.560784339904785,0.588235318660736,
0.600000023841858);
#46490=FILL_AREA_STYLE_COLOUR('',#46480);
#46500=FILL_AREA_STYLE('',(#46490));
#46510=SURFACE_STYLE_FILL_AREA(#46500);
#46520=SURFACE_SIDE_STYLE('',(#46510));
#46530=SURFACE_STYLE_USAGE(.BOTH.,#46520);
#46540=PRESENTATION_STYLE_ASSIGNMENT((#46530));
#46550=CARTESIAN_POINT('',(-15.5499999999736,15.1499997693663,
-2.35000000166676));
#46560=DIRECTION('',(-0.68483008700116,0.375485438727062,
-0.624514561272938));
#46570=DIRECTION('',(0.249029122545875,-0.68483008700116,
-0.684830087001159));
#46580=AXIS2_PLACEMENT_3D('',#46550,#46560,#46570);
#46590=PLANE('',#46580);
#46600=CARTESIAN_POINT('',(-32.9742754795343,13.5153314712484,
15.774275477894));
#46610=DIRECTION('',(0.70258906038109,0.112859312711156,
-0.70258906038109));
#46620=VECTOR('',#46610,1.);
#46630=LINE('',#46600,#46620);
#46640=EDGE_CURVE('',#42650,#44030,#46630,.T.);
#46650=ORIENTED_EDGE('',*,*,#46640,.T.);
#46660=ORIENTED_EDGE('',*,*,#42660,.T.);
#46670=ORIENTED_EDGE('',*,*,#46420,.F.);
#46680=ORIENTED_EDGE('',*,*,#44940,.T.);
#46690=EDGE_LOOP('',(#46680,#46670,#46660,#46650));
#46700=FACE_OUTER_BOUND('',#46690,.T.);
#46710=ADVANCED_FACE('',(#46700),#46590,.T.);
#46720=COLOUR_RGB('',0.560784339904785,0.588235318660736,
0.600000023841858);
#46730=FILL_AREA_STYLE_COLOUR('',#46720);
#46740=FILL_AREA_STYLE('',(#46730));
#46750=SURFACE_STYLE_FILL_AREA(#46740);
#46760=SURFACE_SIDE_STYLE('',(#46750));
#46770=SURFACE_STYLE_USAGE(.BOTH.,#46760);
#46780=PRESENTATION_STYLE_ASSIGNMENT((#46770));
#46790=CARTESIAN_POINT('',(-17.5137379999736,31.4100021693765,
0.313737998333241));
#46800=DIRECTION('',(0.707106781186547,-0.,0.707106781186548));
#46810=DIRECTION('',(0.707106781186548,0.,-0.707106781186547));
#46820=AXIS2_PLACEMENT_3D('',#46790,#46800,#46810);
#46830=PLANE('',#46820);
#46840=ORIENTED_EDGE('',*,*,#46170,.F.);
#46850=ORIENTED_EDGE('',*,*,#45660,.T.);
#46860=ORIENTED_EDGE('',*,*,#42720,.F.);
#46870=ORIENTED_EDGE('',*,*,#46640,.F.);
#46880=ORIENTED_EDGE('',*,*,#44040,.T.);
#46890=EDGE_LOOP('',(#46880,#46870,#46860,#46850,#46840));
#46900=FACE_OUTER_BOUND('',#46890,.T.);
#46910=ADVANCED_FACE('',(#46900),#46830,.F.);
#46920=COLOUR_RGB('',0.560784339904785,0.588235318660736,
0.600000023841858);
#46930=FILL_AREA_STYLE_COLOUR('',#46920);
#46940=FILL_AREA_STYLE('',(#46930));
#46950=SURFACE_STYLE_FILL_AREA(#46940);
#46960=SURFACE_SIDE_STYLE('',(#46950));
#46970=SURFACE_STYLE_USAGE(.BOTH.,#46960);
#46980=PRESENTATION_STYLE_ASSIGNMENT((#46970));
#46990=ORIENTED_EDGE('',*,*,#41710,.F.);
#47000=ORIENTED_EDGE('',*,*,#41170,.F.);
#47010=ORIENTED_EDGE('',*,*,#9270,.T.);
#47020=ORIENTED_EDGE('',*,*,#40840,.T.);
#47030=EDGE_LOOP('',(#47020,#47010,#47000,#46990));
#47040=FACE_OUTER_BOUND('',#47030,.T.);
#47050=ADVANCED_FACE('',(#47040),#41880,.F.);
#47060=COLOUR_RGB('',0.560784339904785,0.588235318660736,
0.600000023841858);
#47070=FILL_AREA_STYLE_COLOUR('',#47060);
#47080=FILL_AREA_STYLE('',(#47070));
#47090=SURFACE_STYLE_FILL_AREA(#47080);
#47100=SURFACE_SIDE_STYLE('',(#47090));
#47110=SURFACE_STYLE_USAGE(.BOTH.,#47100);
#47120=PRESENTATION_STYLE_ASSIGNMENT((#47110));
#47130=CARTESIAN_POINT('',(18.5698561402951,31.9301436290849,
-1.66682312396915E-9));
#47140=DIRECTION('',(-0.707106781186864,-0.707106781186231,-0.));
#47150=DIRECTION('',(-0.707106781186231,0.707106781186864,0.));
#47160=AXIS2_PLACEMENT_3D('',#47130,#47140,#47150);
#47170=PLANE('',#47160);
#47180=ORIENTED_EDGE('',*,*,#4430,.T.);
#47190=ORIENTED_EDGE('',*,*,#23610,.T.);
#47200=ORIENTED_EDGE('',*,*,#7100,.F.);
#47210=ORIENTED_EDGE('',*,*,#11720,.T.);
#47220=EDGE_LOOP('',(#47210,#47200,#47190,#47180));
#47230=FACE_OUTER_BOUND('',#47220,.T.);
#47240=ADVANCED_FACE('',(#47230),#47170,.F.);
#47250=COLOUR_RGB('',0.560784339904785,0.588235318660736,
0.600000023841858);
#47260=FILL_AREA_STYLE_COLOUR('',#47250);
#47270=FILL_AREA_STYLE('',(#47260));
#47280=SURFACE_STYLE_FILL_AREA(#47270);
#47290=SURFACE_SIDE_STYLE('',(#47280));
#47300=SURFACE_STYLE_USAGE(.BOTH.,#47290);
#47310=PRESENTATION_STYLE_ASSIGNMENT((#47300));
#47320=CARTESIAN_POINT('',(-17.8932938425582,3.34999976936055,
-1.66682312396915E-9));
#47330=DIRECTION('',(0.,0.,1.));
#47340=DIRECTION('',(1.,0.,0.));
#47350=AXIS2_PLACEMENT_3D('',#47320,#47330,#47340);
#47360=CYLINDRICAL_SURFACE('',#47350,0.5);
#47370=ORIENTED_EDGE('',*,*,#490,.T.);
#47380=CARTESIAN_POINT('',(-17.4514160321399,3.11602541038087,
-1.66682312396915E-9));
#47390=DIRECTION('',(0.,0.,-1.));
#47400=VECTOR('',#47390,1.);
#47410=LINE('',#47380,#47400);
#47420=EDGE_CURVE('',#390,#10880,#47410,.T.);
#47430=ORIENTED_EDGE('',*,*,#47420,.F.);
#47440=ORIENTED_EDGE('',*,*,#10890,.F.);
#47450=ORIENTED_EDGE('',*,*,#36120,.T.);
#47460=EDGE_LOOP('',(#47450,#47440,#47430,#47370));
#47470=FACE_OUTER_BOUND('',#47460,.T.);
#47480=ADVANCED_FACE('',(#47470),#47360,.F.);
#47490=COLOUR_RGB('',0.560784339904785,0.588235318660736,
0.600000023841858);
#47500=FILL_AREA_STYLE_COLOUR('',#47490);
#47510=FILL_AREA_STYLE('',(#47500));
#47520=SURFACE_STYLE_FILL_AREA(#47510);
#47530=SURFACE_SIDE_STYLE('',(#47520));
#47540=SURFACE_STYLE_USAGE(.BOTH.,#47530);
#47550=PRESENTATION_STYLE_ASSIGNMENT((#47540));
#47560=CARTESIAN_POINT('',(-10.9999999999891,-0.300000230639444,
-1.66682312396915E-9));
#47570=DIRECTION('',(0.,0.,1.));
#47580=DIRECTION('',(1.,0.,0.));
#47590=AXIS2_PLACEMENT_3D('',#47560,#47570,#47580);
#47600=CYLINDRICAL_SURFACE('',#47590,7.3);
#47610=ORIENTED_EDGE('',*,*,#400,.F.);
#47620=ORIENTED_EDGE('',*,*,#36430,.F.);
#47630=ORIENTED_EDGE('',*,*,#10980,.T.);
#47640=ORIENTED_EDGE('',*,*,#47420,.T.);
#47650=EDGE_LOOP('',(#47640,#47630,#47620,#47610));
#47660=FACE_OUTER_BOUND('',#47650,.T.);
#47670=ADVANCED_FACE('',(#47660),#47600,.T.);
#47680=COLOUR_RGB('',0.560784339904785,0.588235318660736,
0.600000023841858);
#47690=FILL_AREA_STYLE_COLOUR('',#47680);
#47700=FILL_AREA_STYLE('',(#47690));
#47710=SURFACE_STYLE_FILL_AREA(#47700);
#47720=SURFACE_SIDE_STYLE('',(#47710));
#47730=SURFACE_STYLE_USAGE(.BOTH.,#47720);
#47740=PRESENTATION_STYLE_ASSIGNMENT((#47730));
#47750=CARTESIAN_POINT('',(-19.0825688514397,-1.35971726721134,
-1.66682312396915E-9));
#47760=DIRECTION('',(0.0871557427476619,-0.996194698091745,0.));
#47770=DIRECTION('',(-0.996194698091745,-0.0871557427476619,0.));
#47780=AXIS2_PLACEMENT_3D('',#47750,#47760,#47770);
#47790=PLANE('',#47780);
#47800=ORIENTED_EDGE('',*,*,#740,.F.);
#47810=ORIENTED_EDGE('',*,*,#11500,.F.);
#47820=ORIENTED_EDGE('',*,*,#10630,.T.);
#47830=CARTESIAN_POINT('',(-18.3999999999892,-1.30000023063351,0.));
#47840=DIRECTION('',(0.,0.,1.));
#47850=VECTOR('',#47840,1.);
#47860=LINE('',#47830,#47850);
#47870=EDGE_CURVE('',#10540,#730,#47860,.T.);
#47880=ORIENTED_EDGE('',*,*,#47870,.F.);
#47890=EDGE_LOOP('',(#47880,#47820,#47810,#47800));
#47900=FACE_OUTER_BOUND('',#47890,.T.);
#47910=ADVANCED_FACE('',(#47900),#47790,.F.);
#47920=COLOUR_RGB('',0.560784339904785,0.588235318660736,
0.600000023841858);
#47930=FILL_AREA_STYLE_COLOUR('',#47920);
#47940=FILL_AREA_STYLE('',(#47930));
#47950=SURFACE_STYLE_FILL_AREA(#47940);
#47960=SURFACE_SIDE_STYLE('',(#47950));
#47970=SURFACE_STYLE_USAGE(.BOTH.,#47960);
#47980=PRESENTATION_STYLE_ASSIGNMENT((#47970));
#47990=CARTESIAN_POINT('',(-21.3903764436644,-6.85000023063946,
-1.66682312396915E-9));
#48000=DIRECTION('',(-0.,1.,0.));
#48010=DIRECTION('',(1.,0.,0.));
#48020=AXIS2_PLACEMENT_3D('',#47990,#48000,#48010);
#48030=PLANE('',#48020);
#48040=ORIENTED_EDGE('',*,*,#1080,.T.);
#48050=CARTESIAN_POINT('',(-20.4340605720008,-6.85000023063946,
-1.66682312396915E-9));
#48060=DIRECTION('',(0.,0.,1.));
#48070=VECTOR('',#48060,1.);
#48080=LINE('',#48050,#48070);
#48090=EDGE_CURVE('',#10280,#990,#48080,.T.);
#48100=ORIENTED_EDGE('',*,*,#48090,.T.);
#48110=ORIENTED_EDGE('',*,*,#10290,.F.);
#48120=ORIENTED_EDGE('',*,*,#39320,.F.);
#48130=EDGE_LOOP('',(#48120,#48110,#48100,#48040));
#48140=FACE_OUTER_BOUND('',#48130,.T.);
#48150=ADVANCED_FACE('',(#48140),#48030,.F.);
#48160=COLOUR_RGB('',0.560784339904785,0.588235318660736,
0.600000023841858);
#48170=FILL_AREA_STYLE_COLOUR('',#48160);
#48180=FILL_AREA_STYLE('',(#48170));
#48190=SURFACE_STYLE_FILL_AREA(#48180);
#48200=SURFACE_SIDE_STYLE('',(#48190));
#48210=SURFACE_STYLE_USAGE(.BOTH.,#48200);
#48220=PRESENTATION_STYLE_ASSIGNMENT((#48210));
#48230=CARTESIAN_POINT('',(-27.4999999999891,-0.500000230639454,
-1.66682312396915E-9));
#48240=DIRECTION('',(0.,0.,1.));
#48250=DIRECTION('',(1.,0.,0.));
#48260=AXIS2_PLACEMENT_3D('',#48230,#48240,#48250);
#48270=CYLINDRICAL_SURFACE('',#48260,9.5);
#48280=ORIENTED_EDGE('',*,*,#1000,.F.);
#48290=CARTESIAN_POINT('',(-19.5199999999807,-5.65457101780162,
-1.66682312396915E-9));
#48300=DIRECTION('',(0.,0.,-1.));
#48310=VECTOR('',#48300,1.);
#48320=LINE('',#48290,#48310);
#48330=EDGE_CURVE('',#900,#10370,#48320,.T.);
#48340=ORIENTED_EDGE('',*,*,#48330,.F.);
#48350=ORIENTED_EDGE('',*,*,#10380,.T.);
#48360=ORIENTED_EDGE('',*,*,#48090,.F.);
#48370=EDGE_LOOP('',(#48360,#48350,#48340,#48280));
#48380=FACE_OUTER_BOUND('',#48370,.T.);
#48390=ADVANCED_FACE('',(#48380),#48270,.T.);
#48400=COLOUR_RGB('',0.560784339904785,0.588235318660736,
0.600000023841858);
#48410=FILL_AREA_STYLE_COLOUR('',#48400);
#48420=FILL_AREA_STYLE('',(#48410));
#48430=SURFACE_STYLE_FILL_AREA(#48420);
#48440=SURFACE_SIDE_STYLE('',(#48430));
#48450=SURFACE_STYLE_USAGE(.BOTH.,#48440);
#48460=PRESENTATION_STYLE_ASSIGNMENT((#48450));
#48470=CARTESIAN_POINT('',(-25.3999999999892,-1.85646622726462,
-1.66682312396915E-9));
#48480=DIRECTION('',(0.,0.,1.));
#48490=DIRECTION('',(1.,0.,0.));
#48500=AXIS2_PLACEMENT_3D('',#48470,#48480,#48490);
#48510=CYLINDRICAL_SURFACE('',#48500,7.);
#48520=ORIENTED_EDGE('',*,*,#910,.F.);
#48530=CARTESIAN_POINT('',(-18.3999999999892,-1.85646622726462,
-1.66682312396915E-9));
#48540=DIRECTION('',(0.,0.,-1.));
#48550=VECTOR('',#48540,1.);
#48560=LINE('',#48530,#48550);
#48570=EDGE_CURVE('',#810,#10460,#48560,.T.);
#48580=ORIENTED_EDGE('',*,*,#48570,.F.);
#48590=ORIENTED_EDGE('',*,*,#10470,.T.);
#48600=ORIENTED_EDGE('',*,*,#48330,.T.);
#48610=EDGE_LOOP('',(#48600,#48590,#48580,#48520));
#48620=FACE_OUTER_BOUND('',#48610,.T.);
#48630=ADVANCED_FACE('',(#48620),#48510,.T.);
#48640=COLOUR_RGB('',0.560784339904785,0.588235318660736,
0.600000023841858);
#48650=FILL_AREA_STYLE_COLOUR('',#48640);
#48660=FILL_AREA_STYLE('',(#48650));
#48670=SURFACE_STYLE_FILL_AREA(#48660);
#48680=SURFACE_SIDE_STYLE('',(#48670));
#48690=SURFACE_STYLE_USAGE(.BOTH.,#48680);
#48700=PRESENTATION_STYLE_ASSIGNMENT((#48690));
#48710=CARTESIAN_POINT('',(-18.3999999999892,-1.4636965057939,
-1.66682312396915E-9));
#48720=DIRECTION('',(-1.,0.,0.));
#48730=DIRECTION('',(0.,1.,0.));
#48740=AXIS2_PLACEMENT_3D('',#48710,#48720,#48730);
#48750=PLANE('',#48740);
#48760=ORIENTED_EDGE('',*,*,#820,.F.);
#48770=ORIENTED_EDGE('',*,*,#47870,.T.);
#48780=ORIENTED_EDGE('',*,*,#10550,.T.);
#48790=ORIENTED_EDGE('',*,*,#48570,.T.);
#48800=EDGE_LOOP('',(#48790,#48780,#48770,#48760));
#48810=FACE_OUTER_BOUND('',#48800,.T.);
#48820=ADVANCED_FACE('',(#48810),#48750,.F.);
#48830=COLOUR_RGB('',0.560784339904785,0.588235318660736,
0.600000023841858);
#48840=FILL_AREA_STYLE_COLOUR('',#48830);
#48850=FILL_AREA_STYLE('',(#48840));
#48860=SURFACE_STYLE_FILL_AREA(#48850);
#48870=SURFACE_SIDE_STYLE('',(#48860));
#48880=SURFACE_STYLE_USAGE(.BOTH.,#48870);
#48890=PRESENTATION_STYLE_ASSIGNMENT((#48880));
#48900=CARTESIAN_POINT('',(-11.2249999999995,39.999999769375,
-3.45000000166478));
#48910=DIRECTION('',(0.,-1.,0.));
#48920=DIRECTION('',(-1.,0.,0.));
#48930=AXIS2_PLACEMENT_3D('',#48900,#48910,#48920);
#48940=CYLINDRICAL_SURFACE('',#48930,2.55);
#48950=ORIENTED_EDGE('',*,*,#21700,.F.);
#48960=ORIENTED_EDGE('',*,*,#30800,.F.);
#48970=ORIENTED_EDGE('',*,*,#32340,.T.);
#48980=ORIENTED_EDGE('',*,*,#32590,.F.);
#48990=ORIENTED_EDGE('',*,*,#32080,.T.);
#49000=ORIENTED_EDGE('',*,*,#31680,.T.);
#49010=ORIENTED_EDGE('',*,*,#31870,.T.);
#49020=ORIENTED_EDGE('',*,*,#30890,.T.);
#49030=EDGE_LOOP('',(#49020,#49010,#49000,#48990,#48980,#48970,#48960,
#48950));
#49040=FACE_OUTER_BOUND('',#49030,.T.);
#49050=ADVANCED_FACE('',(#49040),#48940,.F.);
#49060=COLOUR_RGB('',0.560784339904785,0.588235318660736,
0.600000023841858);
#49070=FILL_AREA_STYLE_COLOUR('',#49060);
#49080=FILL_AREA_STYLE('',(#49070));
#49090=SURFACE_STYLE_FILL_AREA(#49080);
#49100=SURFACE_SIDE_STYLE('',(#49090));
#49110=SURFACE_STYLE_USAGE(.BOTH.,#49100);
#49120=PRESENTATION_STYLE_ASSIGNMENT((#49110));
#49130=CARTESIAN_POINT('',(7.02500000000232,39.999999769375,
-3.45000000166478));
#49140=DIRECTION('',(0.,1.,0.));
#49150=DIRECTION('',(1.,0.,0.));
#49160=AXIS2_PLACEMENT_3D('',#49130,#49140,#49150);
#49170=CYLINDRICAL_SURFACE('',#49160,2.55);
#49180=ORIENTED_EDGE('',*,*,#25580,.T.);
#49190=ORIENTED_EDGE('',*,*,#27110,.F.);
#49200=ORIENTED_EDGE('',*,*,#26970,.T.);
#49210=ORIENTED_EDGE('',*,*,#26580,.F.);
#49220=ORIENTED_EDGE('',*,*,#26130,.F.);
#49230=ORIENTED_EDGE('',*,*,#26370,.F.);
#49240=ORIENTED_EDGE('',*,*,#25670,.F.);
#49250=ORIENTED_EDGE('',*,*,#24970,.T.);
#49260=ORIENTED_EDGE('',*,*,#25030,.T.);
#49270=EDGE_LOOP('',(#49260,#49250,#49240,#49230,#49220,#49210,#49200,
#49190,#49180));
#49280=FACE_OUTER_BOUND('',#49270,.T.);
#49290=ADVANCED_FACE('',(#49280),#49170,.F.);
#49300=COLOUR_RGB('',0.560784339904785,0.588235318660736,
0.600000023841858);
#49310=FILL_AREA_STYLE_COLOUR('',#49300);
#49320=FILL_AREA_STYLE('',(#49310));
#49330=SURFACE_STYLE_FILL_AREA(#49320);
#49340=SURFACE_SIDE_STYLE('',(#49330));
#49350=SURFACE_STYLE_USAGE(.BOTH.,#49340);
#49360=PRESENTATION_STYLE_ASSIGNMENT((#49350));
#49370=CLOSED_SHELL('',(#5670,#11250,#11540,#11830,#12390,#12710,#13020,
#13290,#13860,#14490,#15030,#15410,#15720,#16030,#16320,#16720,#17270,
#17620,#17810,#18000,#18260,#18510,#18700,#18890,#19180,#19470,#19760,
#20000,#20190,#20380,#20610,#20900,#21190,#21480,#21920,#22490,#22780,
#23070,#23360,#23650,#23890,#24130,#24370,#24560,#24750,#25130,#25860,
#26240,#26430,#26700,#27010,#27150,#27670,#28320,#28700,#28940,#29180,
#29370,#29750,#29990,#30230,#30420,#30610,#31340,#31720,#31910,#32180,
#32390,#32630,#32820,#33060,#33300,#33540,#33730,#33920,#34160,#34790,
#35080,#35320,#35560,#35940,#36180,#36470,#36760,#37000,#37240,#37480,
#37670,#37860,#38200,#38650,#38900,#39140,#39380,#39700,#39960,#40150,
#40340,#40900,#41210,#41760,#42080,#42270,#42760,#43230,#43770,#44150,
#44460,#44770,#45010,#45300,#45700,#45950,#46210,#46470,#46710,#46910,
#47050,#47240,#47480,#47670,#47910,#48150,#48390,#48630,#48820,#49050,
#49290));
#49380=MANIFOLD_SOLID_BREP('',#49370);
#49390=CARTESIAN_POINT('',(0.,0.,0.));
#49400=DIRECTION('',(0.,0.,1.));
#49410=DIRECTION('',(1.,0.,0.));
#49420=AXIS2_PLACEMENT_3D('',#49390,#49400,#49410);
#49430=APPLICATION_CONTEXT(' ');
#49440=APPLICATION_PROTOCOL_DEFINITION(' ','automotive_design',1998,
#49430);
#49450=PRODUCT_CONTEXT('',#49430,'mechanical');
#49460=PRODUCT_DEFINITION_CONTEXT('part definition',#49430,'design');
#49470=PRODUCT('UT_6-select','UT_6-select','',(#49450));
#49480=PRODUCT_RELATED_PRODUCT_CATEGORY('part',' ',(#49470));
#49490=PRODUCT_DEFINITION_FORMATION_WITH_SPECIFIED_SOURCE('','',#49470,
.BOUGHT.);
#49500=PRODUCT_DEFINITION('',' ',#49490,#49460);
#49510=PRODUCT_DEFINITION_SHAPE('','',#49500);
#49520=DIMENSIONAL_EXPONENTS(1.,0.,0.,0.,0.,0.,0.);
#49530=DIMENSIONAL_EXPONENTS(0.,0.,0.,0.,0.,0.,0.);
#49540=DIMENSIONAL_EXPONENTS(0.,0.,0.,0.,0.,0.,0.);
#49550=(LENGTH_UNIT() NAMED_UNIT(*) SI_UNIT(.MILLI.,.METRE.));
#49560=(NAMED_UNIT(*) PLANE_ANGLE_UNIT() SI_UNIT($,.RADIAN.));
#49570=(NAMED_UNIT(*) SI_UNIT($,.STERADIAN.) SOLID_ANGLE_UNIT());
#49580=(GEOMETRIC_REPRESENTATION_CONTEXT(3) 
GLOBAL_UNCERTAINTY_ASSIGNED_CONTEXT((#49590)) 
GLOBAL_UNIT_ASSIGNED_CONTEXT((#49550,#49560,#49570)) 
REPRESENTATION_CONTEXT('',''));
#49590=UNCERTAINTY_MEASURE_WITH_UNIT(LENGTH_MEASURE(1.E-6),#49550,
'distance_accuracy_value','maximum gap value');
#49600=ADVANCED_BREP_SHAPE_REPRESENTATION('',(#49420,#49380),#49580);
#49610=SHAPE_DEFINITION_REPRESENTATION(#49510,#49600);
#49620=COLOUR_RGB('',0.560784339904785,0.588235318660736,
0.600000023841858);
#49630=FILL_AREA_STYLE_COLOUR('',#49620);
#49640=FILL_AREA_STYLE('',(#49630));
#49650=SURFACE_STYLE_FILL_AREA(#49640);
#49660=SURFACE_SIDE_STYLE('',(#49650));
#49670=SURFACE_STYLE_USAGE(.BOTH.,#49660);
#49680=PRESENTATION_STYLE_ASSIGNMENT((#49670));
#49690=STYLED_ITEM('',(#49680),#49380);
#49700=OVER_RIDING_STYLED_ITEM('',(#5740),#5670,#49690);
#49710=OVER_RIDING_STYLED_ITEM('',(#11320),#11250,#49690);
#49720=OVER_RIDING_STYLED_ITEM('',(#11610),#11540,#49690);
#49730=OVER_RIDING_STYLED_ITEM('',(#11900),#11830,#49690);
#49740=OVER_RIDING_STYLED_ITEM('',(#12460),#12390,#49690);
#49750=OVER_RIDING_STYLED_ITEM('',(#12780),#12710,#49690);
#49760=OVER_RIDING_STYLED_ITEM('',(#13090),#13020,#49690);
#49770=OVER_RIDING_STYLED_ITEM('',(#13360),#13290,#49690);
#49780=OVER_RIDING_STYLED_ITEM('',(#13930),#13860,#49690);
#49790=OVER_RIDING_STYLED_ITEM('',(#14560),#14490,#49690);
#49800=OVER_RIDING_STYLED_ITEM('',(#15100),#15030,#49690);
#49810=OVER_RIDING_STYLED_ITEM('',(#15480),#15410,#49690);
#49820=OVER_RIDING_STYLED_ITEM('',(#15790),#15720,#49690);
#49830=OVER_RIDING_STYLED_ITEM('',(#16100),#16030,#49690);
#49840=OVER_RIDING_STYLED_ITEM('',(#16390),#16320,#49690);
#49850=OVER_RIDING_STYLED_ITEM('',(#16790),#16720,#49690);
#49860=OVER_RIDING_STYLED_ITEM('',(#17340),#17270,#49690);
#49870=OVER_RIDING_STYLED_ITEM('',(#17690),#17620,#49690);
#49880=OVER_RIDING_STYLED_ITEM('',(#17880),#17810,#49690);
#49890=OVER_RIDING_STYLED_ITEM('',(#18070),#18000,#49690);
#49900=OVER_RIDING_STYLED_ITEM('',(#18330),#18260,#49690);
#49910=OVER_RIDING_STYLED_ITEM('',(#18580),#18510,#49690);
#49920=OVER_RIDING_STYLED_ITEM('',(#18770),#18700,#49690);
#49930=OVER_RIDING_STYLED_ITEM('',(#18960),#18890,#49690);
#49940=OVER_RIDING_STYLED_ITEM('',(#19250),#19180,#49690);
#49950=OVER_RIDING_STYLED_ITEM('',(#19540),#19470,#49690);
#49960=OVER_RIDING_STYLED_ITEM('',(#19830),#19760,#49690);
#49970=OVER_RIDING_STYLED_ITEM('',(#20070),#20000,#49690);
#49980=OVER_RIDING_STYLED_ITEM('',(#20260),#20190,#49690);
#49990=OVER_RIDING_STYLED_ITEM('',(#20450),#20380,#49690);
#50000=OVER_RIDING_STYLED_ITEM('',(#20680),#20610,#49690);
#50010=OVER_RIDING_STYLED_ITEM('',(#20970),#20900,#49690);
#50020=OVER_RIDING_STYLED_ITEM('',(#21260),#21190,#49690);
#50030=OVER_RIDING_STYLED_ITEM('',(#21550),#21480,#49690);
#50040=OVER_RIDING_STYLED_ITEM('',(#21990),#21920,#49690);
#50050=OVER_RIDING_STYLED_ITEM('',(#22560),#22490,#49690);
#50060=OVER_RIDING_STYLED_ITEM('',(#22850),#22780,#49690);
#50070=OVER_RIDING_STYLED_ITEM('',(#23140),#23070,#49690);
#50080=OVER_RIDING_STYLED_ITEM('',(#23430),#23360,#49690);
#50090=OVER_RIDING_STYLED_ITEM('',(#23720),#23650,#49690);
#50100=OVER_RIDING_STYLED_ITEM('',(#23960),#23890,#49690);
#50110=OVER_RIDING_STYLED_ITEM('',(#24200),#24130,#49690);
#50120=OVER_RIDING_STYLED_ITEM('',(#24440),#24370,#49690);
#50130=OVER_RIDING_STYLED_ITEM('',(#24630),#24560,#49690);
#50140=OVER_RIDING_STYLED_ITEM('',(#24820),#24750,#49690);
#50150=OVER_RIDING_STYLED_ITEM('',(#25200),#25130,#49690);
#50160=OVER_RIDING_STYLED_ITEM('',(#25930),#25860,#49690);
#50170=OVER_RIDING_STYLED_ITEM('',(#26310),#26240,#49690);
#50180=OVER_RIDING_STYLED_ITEM('',(#26500),#26430,#49690);
#50190=OVER_RIDING_STYLED_ITEM('',(#26770),#26700,#49690);
#50200=OVER_RIDING_STYLED_ITEM('',(#27080),#27010,#49690);
#50210=OVER_RIDING_STYLED_ITEM('',(#27220),#27150,#49690);
#50220=OVER_RIDING_STYLED_ITEM('',(#27740),#27670,#49690);
#50230=OVER_RIDING_STYLED_ITEM('',(#28390),#28320,#49690);
#50240=OVER_RIDING_STYLED_ITEM('',(#28770),#28700,#49690);
#50250=OVER_RIDING_STYLED_ITEM('',(#29010),#28940,#49690);
#50260=OVER_RIDING_STYLED_ITEM('',(#29250),#29180,#49690);
#50270=OVER_RIDING_STYLED_ITEM('',(#29440),#29370,#49690);
#50280=OVER_RIDING_STYLED_ITEM('',(#29820),#29750,#49690);
#50290=OVER_RIDING_STYLED_ITEM('',(#30060),#29990,#49690);
#50300=OVER_RIDING_STYLED_ITEM('',(#30300),#30230,#49690);
#50310=OVER_RIDING_STYLED_ITEM('',(#30490),#30420,#49690);
#50320=OVER_RIDING_STYLED_ITEM('',(#30680),#30610,#49690);
#50330=OVER_RIDING_STYLED_ITEM('',(#31410),#31340,#49690);
#50340=OVER_RIDING_STYLED_ITEM('',(#31790),#31720,#49690);
#50350=OVER_RIDING_STYLED_ITEM('',(#31980),#31910,#49690);
#50360=OVER_RIDING_STYLED_ITEM('',(#32250),#32180,#49690);
#50370=OVER_RIDING_STYLED_ITEM('',(#32460),#32390,#49690);
#50380=OVER_RIDING_STYLED_ITEM('',(#32700),#32630,#49690);
#50390=OVER_RIDING_STYLED_ITEM('',(#32890),#32820,#49690);
#50400=OVER_RIDING_STYLED_ITEM('',(#33130),#33060,#49690);
#50410=OVER_RIDING_STYLED_ITEM('',(#33370),#33300,#49690);
#50420=OVER_RIDING_STYLED_ITEM('',(#33610),#33540,#49690);
#50430=OVER_RIDING_STYLED_ITEM('',(#33800),#33730,#49690);
#50440=OVER_RIDING_STYLED_ITEM('',(#33990),#33920,#49690);
#50450=OVER_RIDING_STYLED_ITEM('',(#34230),#34160,#49690);
#50460=OVER_RIDING_STYLED_ITEM('',(#34860),#34790,#49690);
#50470=OVER_RIDING_STYLED_ITEM('',(#35150),#35080,#49690);
#50480=OVER_RIDING_STYLED_ITEM('',(#35390),#35320,#49690);
#50490=OVER_RIDING_STYLED_ITEM('',(#35630),#35560,#49690);
#50500=OVER_RIDING_STYLED_ITEM('',(#36010),#35940,#49690);
#50510=OVER_RIDING_STYLED_ITEM('',(#36250),#36180,#49690);
#50520=OVER_RIDING_STYLED_ITEM('',(#36540),#36470,#49690);
#50530=OVER_RIDING_STYLED_ITEM('',(#36830),#36760,#49690);
#50540=OVER_RIDING_STYLED_ITEM('',(#37070),#37000,#49690);
#50550=OVER_RIDING_STYLED_ITEM('',(#37310),#37240,#49690);
#50560=OVER_RIDING_STYLED_ITEM('',(#37550),#37480,#49690);
#50570=OVER_RIDING_STYLED_ITEM('',(#37740),#37670,#49690);
#50580=OVER_RIDING_STYLED_ITEM('',(#37930),#37860,#49690);
#50590=OVER_RIDING_STYLED_ITEM('',(#38270),#38200,#49690);
#50600=OVER_RIDING_STYLED_ITEM('',(#38720),#38650,#49690);
#50610=OVER_RIDING_STYLED_ITEM('',(#38970),#38900,#49690);
#50620=OVER_RIDING_STYLED_ITEM('',(#39210),#39140,#49690);
#50630=OVER_RIDING_STYLED_ITEM('',(#39450),#39380,#49690);
#50640=OVER_RIDING_STYLED_ITEM('',(#39770),#39700,#49690);
#50650=OVER_RIDING_STYLED_ITEM('',(#40030),#39960,#49690);
#50660=OVER_RIDING_STYLED_ITEM('',(#40220),#40150,#49690);
#50670=OVER_RIDING_STYLED_ITEM('',(#40410),#40340,#49690);
#50680=OVER_RIDING_STYLED_ITEM('',(#40970),#40900,#49690);
#50690=OVER_RIDING_STYLED_ITEM('',(#41280),#41210,#49690);
#50700=OVER_RIDING_STYLED_ITEM('',(#41830),#41760,#49690);
#50710=OVER_RIDING_STYLED_ITEM('',(#42150),#42080,#49690);
#50720=OVER_RIDING_STYLED_ITEM('',(#42340),#42270,#49690);
#50730=OVER_RIDING_STYLED_ITEM('',(#42830),#42760,#49690);
#50740=OVER_RIDING_STYLED_ITEM('',(#43300),#43230,#49690);
#50750=OVER_RIDING_STYLED_ITEM('',(#43840),#43770,#49690);
#50760=OVER_RIDING_STYLED_ITEM('',(#44220),#44150,#49690);
#50770=OVER_RIDING_STYLED_ITEM('',(#44530),#44460,#49690);
#50780=OVER_RIDING_STYLED_ITEM('',(#44840),#44770,#49690);
#50790=OVER_RIDING_STYLED_ITEM('',(#45080),#45010,#49690);
#50800=OVER_RIDING_STYLED_ITEM('',(#45370),#45300,#49690);
#50810=OVER_RIDING_STYLED_ITEM('',(#45770),#45700,#49690);
#50820=OVER_RIDING_STYLED_ITEM('',(#46020),#45950,#49690);
#50830=OVER_RIDING_STYLED_ITEM('',(#46280),#46210,#49690);
#50840=OVER_RIDING_STYLED_ITEM('',(#46540),#46470,#49690);
#50850=OVER_RIDING_STYLED_ITEM('',(#46780),#46710,#49690);
#50860=OVER_RIDING_STYLED_ITEM('',(#46980),#46910,#49690);
#50870=OVER_RIDING_STYLED_ITEM('',(#47120),#47050,#49690);
#50880=OVER_RIDING_STYLED_ITEM('',(#47310),#47240,#49690);
#50890=OVER_RIDING_STYLED_ITEM('',(#47550),#47480,#49690);
#50900=OVER_RIDING_STYLED_ITEM('',(#47740),#47670,#49690);
#50910=OVER_RIDING_STYLED_ITEM('',(#47980),#47910,#49690);
#50920=OVER_RIDING_STYLED_ITEM('',(#48220),#48150,#49690);
#50930=OVER_RIDING_STYLED_ITEM('',(#48460),#48390,#49690);
#50940=OVER_RIDING_STYLED_ITEM('',(#48700),#48630,#49690);
#50950=OVER_RIDING_STYLED_ITEM('',(#48890),#48820,#49690);
#50960=OVER_RIDING_STYLED_ITEM('',(#49120),#49050,#49690);
#50970=OVER_RIDING_STYLED_ITEM('',(#49360),#49290,#49690);
#50980=DRAUGHTING_MODEL('',(#49690,#49700,#49710,#49720,#49730,#49740,
#49750,#49760,#49770,#49780,#49790,#49800,#49810,#49820,#49830,#49840,
#49850,#49860,#49870,#49880,#49890,#49900,#49910,#49920,#49930,#49940,
#49950,#49960,#49970,#49980,#49990,#50000,#50010,#50020,#50030,#50040,
#50050,#50060,#50070,#50080,#50090,#50100,#50110,#50120,#50130,#50140,
#50150,#50160,#50170,#50180,#50190,#50200,#50210,#50220,#50230,#50240,
#50250,#50260,#50270,#50280,#50290,#50300,#50310,#50320,#50330,#50340,
#50350,#50360,#50370,#50380,#50390,#50400,#50410,#50420,#50430,#50440,
#50450,#50460,#50470,#50480,#50490,#50500,#50510,#50520,#50530,#50540,
#50550,#50560,#50570,#50580,#50590,#50600,#50610,#50620,#50630,#50640,
#50650,#50660,#50670,#50680,#50690,#50700,#50710,#50720,#50730,#50740,
#50750,#50760,#50770,#50780,#50790,#50800,#50810,#50820,#50830,#50840,
#50850,#50860,#50870,#50880,#50890,#50900,#50910,#50920,#50930,#50940,
#50950,#50960,#50970),#49580);
#50990=CARTESIAN_POINT('',(8.15000000163901,26.0999999999891,
6.85000023064591));
#51000=DIRECTION('',(1.,-3.08148791101958E-33,5.55111512312578E-17));
#51010=DIRECTION('',(0.,1.,5.55111512312578E-17));
#51020=AXIS2_PLACEMENT_3D('',#50990,#51000,#51010);
#51030=ITEM_DEFINED_TRANSFORMATION('UT_6-select','',#49420,#51020);
#51040=APPLICATION_CONTEXT(' ');
#51050=APPLICATION_PROTOCOL_DEFINITION(' ','automotive_design',1998,
#51040);
#51060=PRODUCT_CONTEXT('',#51040,'mechanical');
#51070=PRODUCT_DEFINITION_CONTEXT('part definition',#51040,'design');
#51080=PRODUCT('UT_6-select','UT_6-select','',(#51060));
#51090=PRODUCT_RELATED_PRODUCT_CATEGORY('part',' ',(#51080));
#51100=PRODUCT_DEFINITION_FORMATION_WITH_SPECIFIED_SOURCE('','',#51080,
.BOUGHT.);
#51110=PRODUCT_DEFINITION('',' ',#51100,#51070);
#51120=PRODUCT_DEFINITION_SHAPE('','',#51110);
#51130=DIMENSIONAL_EXPONENTS(1.,0.,0.,0.,0.,0.,0.);
#51140=DIMENSIONAL_EXPONENTS(0.,0.,0.,0.,0.,0.,0.);
#51150=DIMENSIONAL_EXPONENTS(0.,0.,0.,0.,0.,0.,0.);
#51160=(LENGTH_UNIT() NAMED_UNIT(*) SI_UNIT(.MILLI.,.METRE.));
#51170=(NAMED_UNIT(*) PLANE_ANGLE_UNIT() SI_UNIT($,.RADIAN.));
#51180=(NAMED_UNIT(*) SI_UNIT($,.STERADIAN.) SOLID_ANGLE_UNIT());
#51190=(GEOMETRIC_REPRESENTATION_CONTEXT(3) 
GLOBAL_UNCERTAINTY_ASSIGNED_CONTEXT((#51200)) 
GLOBAL_UNIT_ASSIGNED_CONTEXT((#51160,#51170,#51180)) 
REPRESENTATION_CONTEXT('',''));
#51200=UNCERTAINTY_MEASURE_WITH_UNIT(LENGTH_MEASURE(1.E-6),#51160,
'distance_accuracy_value','maximum gap value');
#51210=SHAPE_REPRESENTATION('',(#49420,#51020),#51190);
#51220=SHAPE_DEFINITION_REPRESENTATION(#51120,#51210);
#51230=(REPRESENTATION_RELATIONSHIP('','',#49600,#51210) 
REPRESENTATION_RELATIONSHIP_WITH_TRANSFORMATION(#51030) 
SHAPE_REPRESENTATION_RELATIONSHIP());
#51240=NEXT_ASSEMBLY_USAGE_OCCURRENCE('1','','UT_6-select',#51110,#49500
,'');
#51250=PRODUCT_DEFINITION_SHAPE('','',#51240);
#51260=CONTEXT_DEPENDENT_SHAPE_REPRESENTATION(#51230,#51250);
ENDSEC;
END-ISO-10303-21;
