ISO-10303-21;
HEADER;
FILE_DESCRIPTION(('Creo Elements/Direct Modeling STEP Export'),'2;1');
FILE_NAME(
'C:/Temp/JobServerData/JobServer Files/065f0c01-ac53-4df0-a42f-090219a88
6ce/work/output/model.stp','2021-10-13T 9:07:40',(''),(''),
'Creo Elements/Direct Modeling STEP processor for AP214 (Solid Model)',
'Creo Elements/Direct Modeling 20.1D  10-Oct-2020 (C) Parametric Technol
ogy GmbH','');
FILE_SCHEMA(('AUTOMOTIVE_DESIGN { 1 0 10303 214 1 1 1 1 }'));
ENDSEC;
DATA;
#10=CARTESIAN_POINT('',(3.59209511398569,-37.8999999915626,
111.899818895903));
#20=DIRECTION('',(1.02206957679905E-6,3.68004438717646E-13,
0.999999999999478));
#30=DIRECTION('',(0.999999999999478,2.38057825194792E-10,
-1.02206957679905E-6));
#40=AXIS2_PLACEMENT_3D('',#10,#20,#30);
#50=PLANE('',#40);
#60=CARTESIAN_POINT('',(-23.9281858564714,-4.15987654153899,
111.899847023533));
#70=DIRECTION('',(0.707106781016741,0.707106781355985,
-7.22712588644332E-7));
#80=VECTOR('',#70,1.);
#90=LINE('',#60,#80);
#100=CARTESIAN_POINT('',(-31.0178254582094,-11.2495161466784,
111.899854269641));
#110=VERTEX_POINT('',#100);
#120=CARTESIAN_POINT('',(-29.7703904012175,-10.002081089088,
111.899852994675));
#130=VERTEX_POINT('',#120);
#140=EDGE_CURVE('',#110,#130,#90,.T.);
#150=ORIENTED_EDGE('',*,*,#140,.F.);
#160=CARTESIAN_POINT('',(0.679471456375846,-40.4519429314313,
111.899821872808));
#170=DIRECTION('',(0.707106781363431,-0.707106781009295,
-7.22712068561806E-7));
#180=VECTOR('',#170,1.);
#190=LINE('',#160,#180);
#200=CARTESIAN_POINT('',(-28.7450855681387,-11.0273859216533,
111.899851946742));
#210=VERTEX_POINT('',#200);
#220=EDGE_CURVE('',#130,#210,#190,.T.);
#230=ORIENTED_EDGE('',*,*,#220,.F.);
#240=CARTESIAN_POINT('',(-21.8775761913951,-4.15987654153899,
111.899844927667));
#250=DIRECTION('',(0.707106781012833,0.707106781359893,
-7.22712588640338E-7));
#260=VECTOR('',#250,1.);
#270=LINE('',#240,#260);
#280=CARTESIAN_POINT('',(-28.1019127699991,-10.384213123198,
111.899851289375));
#290=VERTEX_POINT('',#280);
#300=EDGE_CURVE('',#210,#290,#270,.T.);
#310=ORIENTED_EDGE('',*,*,#300,.F.);
#320=CARTESIAN_POINT('',(-27.8897807357564,-10.1720810887289,
111.899851072561));
#330=DIRECTION('',(1.02206957679905E-6,3.68004438717646E-13,
0.999999999999478));
#340=DIRECTION('',(0.999999999999478,2.2129897646266E-16,
-1.02206957679905E-6));
#350=AXIS2_PLACEMENT_3D('',#320,#330,#340);
#360=CIRCLE('',#350,0.299999999999998);
#370=CARTESIAN_POINT('',(-27.8897807358299,-9.87208108872889,
111.899851072561));
#380=VERTEX_POINT('',#370);
#390=EDGE_CURVE('',#380,#290,#360,.T.);
#400=ORIENTED_EDGE('',*,*,#390,.T.);
#410=CARTESIAN_POINT('',(0.67947145637584,-9.87208108172521,
111.899821872797));
#420=DIRECTION('',(0.999999999999478,2.45147290609952E-10,
-1.02206957679905E-6));
#430=VECTOR('',#420,1.);
#440=LINE('',#410,#430);
#450=CARTESIAN_POINT('',(-26.5998312420611,-9.87208108841266,
111.899849754143));
#460=VERTEX_POINT('',#450);
#470=EDGE_CURVE('',#380,#460,#440,.T.);
#480=ORIENTED_EDGE('',*,*,#470,.F.);
#490=CARTESIAN_POINT('',(-20.8876266979909,-4.15987654153898,
111.89984391587));
#500=DIRECTION('',(-0.707106781012841,-0.707106781359885,
7.22712588640347E-7));
#510=VECTOR('',#500,1.);
#520=LINE('',#490,#510);
#530=CARTESIAN_POINT('',(-27.0303516239596,-10.3026014705224,
111.899850194164));
#540=VERTEX_POINT('',#530);
#550=EDGE_CURVE('',#460,#540,#520,.T.);
#560=ORIENTED_EDGE('',*,*,#550,.F.);
#570=CARTESIAN_POINT('',(0.679471456375846,-38.0124245372863,
111.899821872808));
#580=DIRECTION('',(0.707106781359525,-0.707106781013201,
-7.22712068557813E-7));
#590=VECTOR('',#580,1.);
#600=LINE('',#570,#590);
#610=CARTESIAN_POINT('',(-26.2878895035322,-11.0450635905861,
111.899849435317));
#620=VERTEX_POINT('',#610);
#630=EDGE_CURVE('',#540,#620,#600,.T.);
#640=ORIENTED_EDGE('',*,*,#630,.F.);
#650=CARTESIAN_POINT('',(-19.4027024578636,-4.15987654153899,
111.899842398174));
#660=DIRECTION('',(0.707106781012874,0.707106781359852,
-7.2271258864038E-7));
#670=VECTOR('',#660,1.);
#680=LINE('',#650,#670);
#690=CARTESIAN_POINT('',(-21.7977614441004,-6.554935528951,
111.899844846092));
#700=VERTEX_POINT('',#690);
#710=EDGE_CURVE('',#620,#700,#680,.T.);
#720=ORIENTED_EDGE('',*,*,#710,.F.);
#730=CARTESIAN_POINT('',(0.679471456375844,-29.0321684184185,
111.899821872804));
#740=DIRECTION('',(-0.707106781359524,0.707106781013201,
7.22712068557813E-7));
#750=VECTOR('',#740,1.);
#760=LINE('',#730,#750);
#770=CARTESIAN_POINT('',(-22.5402235645277,-5.81247340888734,
111.89984560494));
#780=VERTEX_POINT('',#770);
#790=EDGE_CURVE('',#700,#780,#760,.T.);
#800=ORIENTED_EDGE('',*,*,#790,.F.);
#810=CARTESIAN_POINT('',(-20.8876266979903,-4.15987654153898,
111.89984391587));
#820=DIRECTION('',(0.707106781012865,0.707106781359861,
-7.22712588640371E-7));
#830=VECTOR('',#820,1.);
#840=LINE('',#810,#830);
#850=CARTESIAN_POINT('',(-22.9707439464266,-6.2429937909975,
111.899846044961));
#860=VERTEX_POINT('',#850);
#870=EDGE_CURVE('',#860,#780,#840,.T.);
#880=ORIENTED_EDGE('',*,*,#870,.T.);
#890=CARTESIAN_POINT('',(-22.9707439469373,-4.15987654153898,
111.899846044961));
#900=DIRECTION('',(-2.45147290985981E-10,1.,-3.67753881129886E-13));
#910=VECTOR('',#900,1.);
#920=LINE('',#890,#910);
#930=CARTESIAN_POINT('',(-22.9707439467428,-4.95304429722742,
111.899846044961));
#940=VERTEX_POINT('',#930);
#950=EDGE_CURVE('',#860,#940,#920,.T.);
#960=ORIENTED_EDGE('',*,*,#950,.F.);
#970=CARTESIAN_POINT('',(-22.670743946743,-4.95304429715389,
111.89984573834));
#980=DIRECTION('',(-1.02206957679905E-6,-3.68004438717646E-13,
-0.999999999999478));
#990=DIRECTION('',(0.999999999999478,2.2129897646266E-16,
-1.02206957679905E-6));
#1000=AXIS2_PLACEMENT_3D('',#970,#980,#990);
#1010=CIRCLE('',#1000,0.299999999999998);
#1020=CARTESIAN_POINT('',(-22.458611912378,-4.74091226280704,
111.899845521526));
#1030=VERTEX_POINT('',#1020);
#1040=EDGE_CURVE('',#940,#1030,#1010,.T.);
#1050=ORIENTED_EDGE('',*,*,#1040,.F.);
#1060=CARTESIAN_POINT('',(-21.8775761913951,-4.15987654153899,
111.899844927667));
#1070=DIRECTION('',(0.707106781012833,0.707106781359893,
-7.22712588640338E-7));
#1080=VECTOR('',#1070,1.);
#1090=LINE('',#1060,#1080);
#1100=CARTESIAN_POINT('',(-21.8154391142382,-4.0977394643516,
111.899844864159));
#1110=VERTEX_POINT('',#1100);
#1120=EDGE_CURVE('',#1030,#1110,#1090,.T.);
#1130=ORIENTED_EDGE('',*,*,#1120,.F.);
#1140=CARTESIAN_POINT('',(0.679471456375843,-26.5926500241968,
111.899821872803));
#1150=DIRECTION('',(0.707106781355616,-0.70710678101711,
-7.22712068553818E-7));
#1160=VECTOR('',#1150,1.);
#1170=LINE('',#1140,#1160);
#1180=CARTESIAN_POINT('',(-22.8407439472674,-3.07243463181329,
111.899845912091));
#1190=VERTEX_POINT('',#1180);
#1200=EDGE_CURVE('',#1190,#1110,#1170,.T.);
#1210=ORIENTED_EDGE('',*,*,#1200,.T.);
#1220=CARTESIAN_POINT('',(-23.9281858564714,-4.15987654153899,
111.899847023533));
#1230=DIRECTION('',(0.707106781016741,0.707106781355985,
-7.22712588644332E-7));
#1240=VECTOR('',#1230,1.);
#1250=LINE('',#1220,#1240);
#1260=CARTESIAN_POINT('',(-21.9683093236894,-2.20000000781674,
111.899845020402));
#1270=VERTEX_POINT('',#1260);
#1280=EDGE_CURVE('',#1190,#1270,#1250,.T.);
#1290=ORIENTED_EDGE('',*,*,#1280,.F.);
#1300=CARTESIAN_POINT('',(0.679471456375838,-2.19999999175776,
111.899821872794));
#1310=DIRECTION('',(-0.999999999999478,-7.09075296037629E-10,
1.02206957679905E-6));
#1320=VECTOR('',#1310,1.);
#1330=LINE('',#1300,#1320);
#1340=CARTESIAN_POINT('',(-7.78632515129094,-2.19999999776064,
111.899830525428));
#1350=VERTEX_POINT('',#1340);
#1360=EDGE_CURVE('',#1350,#1270,#1330,.T.);
#1370=ORIENTED_EDGE('',*,*,#1360,.T.);
#1380=CARTESIAN_POINT('',(-6.9579894185415,-4.15987654153898,
111.899829678811));
#1390=DIRECTION('',(0.389303996885878,-0.921109330106108,
-3.97895432371215E-7));
#1400=VECTOR('',#1390,1.);
#1410=LINE('',#1380,#1400);
#1420=CARTESIAN_POINT('',(-7.06782543232586,-3.89999999804669,
111.899829791071));
#1430=VERTEX_POINT('',#1420);
#1440=EDGE_CURVE('',#1350,#1430,#1410,.T.);
#1450=ORIENTED_EDGE('',*,*,#1440,.F.);
#1460=CARTESIAN_POINT('',(-7.06782543238232,-4.15987654153898,
111.899829791072));
#1470=DIRECTION('',(-2.17246930843209E-10,-1.,3.68226480196506E-13));
#1480=VECTOR('',#1470,1.);
#1490=LINE('',#1460,#1480);
#1500=CARTESIAN_POINT('',(-7.06782543391176,-11.199999998045,
111.899829791074));
#1510=VERTEX_POINT('',#1500);
#1520=EDGE_CURVE('',#1430,#1510,#1490,.T.);
#1530=ORIENTED_EDGE('',*,*,#1520,.F.);
#1540=CARTESIAN_POINT('',(0.67947145637584,-11.199999999728,
111.899821872798));
#1550=DIRECTION('',(-0.999999999999478,2.17246931219465E-10,
1.02206957679905E-6));
#1560=VECTOR('',#1550,1.);
#1570=LINE('',#1540,#1560);
#1580=CARTESIAN_POINT('',(0.932174566083848,-11.1999999997829,
111.899821614517));
#1590=VERTEX_POINT('',#1580);
#1600=EDGE_CURVE('',#1590,#1510,#1570,.T.);
#1610=ORIENTED_EDGE('',*,*,#1600,.T.);
#1620=CARTESIAN_POINT('',(0.932174567613293,-4.15987654153898,
111.899821614515));
#1630=DIRECTION('',(2.17246930843209E-10,1.,-3.68226480196506E-13));
#1640=VECTOR('',#1630,1.);
#1650=LINE('',#1620,#1640);
#1660=CARTESIAN_POINT('',(0.932174567669751,-3.8999999923619,
111.899821614515));
#1670=VERTEX_POINT('',#1660);
#1680=EDGE_CURVE('',#1590,#1670,#1650,.T.);
#1690=ORIENTED_EDGE('',*,*,#1680,.F.);
#1700=CARTESIAN_POINT('',(0.822338553155483,-4.15987653676322,
111.899821726775));
#1710=DIRECTION('',(0.389303997925508,0.921109329666711,
-3.97896111378433E-7));
#1720=VECTOR('',#1710,1.);
#1730=LINE('',#1700,#1720);
#1740=CARTESIAN_POINT('',(1.65067428893986,-2.19999999197283,
111.899820880157));
#1750=VERTEX_POINT('',#1740);
#1760=EDGE_CURVE('',#1670,#1750,#1730,.T.);
#1770=ORIENTED_EDGE('',*,*,#1760,.F.);
#1780=CARTESIAN_POINT('',(0.679471456375838,-2.19999999618975,
111.899821872794));
#1790=DIRECTION('',(-0.999999999999478,-2.38057825194792E-10,
1.02206957679905E-6));
#1800=VECTOR('',#1790,1.);
#1810=LINE('',#1780,#1800);
#1820=CARTESIAN_POINT('',(22.7326582195856,-2.1999999869541,
111.899799332903));
#1830=VERTEX_POINT('',#1820);
#1840=EDGE_CURVE('',#1830,#1750,#1810,.T.);
#1850=ORIENTED_EDGE('',*,*,#1840,.T.);
#1860=CARTESIAN_POINT('',(24.6925347728172,-4.15987654152707,
111.899797329774));
#1870=DIRECTION('',(-0.707106780944371,0.707106781428355,
7.22712068133497E-7));
#1880=VECTOR('',#1870,1.);
#1890=LINE('',#1860,#1880);
#1900=CARTESIAN_POINT('',(23.6050928610037,-3.07243462896933,
111.899798441215));
#1910=VERTEX_POINT('',#1900);
#1920=EDGE_CURVE('',#1910,#1830,#1890,.T.);
#1930=ORIENTED_EDGE('',*,*,#1920,.T.);
#1940=CARTESIAN_POINT('',(0.729471456375817,-25.9480560179637,
111.8998218217));
#1950=DIRECTION('',(-0.707106781427986,-0.70710678094474,
7.22712589064653E-7));
#1960=VECTOR('',#1950,1.);
#1970=LINE('',#1940,#1960);
#1980=CARTESIAN_POINT('',(22.5797880278697,-4.09773946140269,
111.899799489148));
#1990=VERTEX_POINT('',#1980);
#2000=EDGE_CURVE('',#1910,#1990,#1970,.T.);
#2010=ORIENTED_EDGE('',*,*,#2000,.F.);
#2020=CARTESIAN_POINT('',(22.6419251079508,-4.15987654152707,
111.899799425639));
#2030=DIRECTION('',(-0.707106780940463,0.707106781432262,
7.22712068129503E-7));
#2040=VECTOR('',#2030,1.);
#2050=LINE('',#2020,#2040);
#2060=CARTESIAN_POINT('',(23.2229608259437,-4.74091225992402,
111.899798831781));
#2070=VERTEX_POINT('',#2060);
#2080=EDGE_CURVE('',#2070,#1990,#2050,.T.);
#2090=ORIENTED_EDGE('',*,*,#2080,.T.);
#2100=CARTESIAN_POINT('',(23.4350928602869,-4.95304429429259,
111.899798614967));
#2110=DIRECTION('',(1.02206957679905E-6,3.68004438717646E-13,
0.999999999999478));
#2120=DIRECTION('',(0.707106780940463,-0.707106781432262,
-7.22712068129503E-7));
#2130=AXIS2_PLACEMENT_3D('',#2100,#2110,#2120);
#2140=CIRCLE('',#2130,0.299999999999998);
#2150=CARTESIAN_POINT('',(23.7350928602868,-4.95304429439684,
111.899798308346));
#2160=VERTEX_POINT('',#2150);
#2170=EDGE_CURVE('',#2160,#2070,#2140,.T.);
#2180=ORIENTED_EDGE('',*,*,#2170,.T.);
#2190=CARTESIAN_POINT('',(23.7350928605624,-4.15987654152708,
111.899798308346));
#2200=DIRECTION('',(3.47493493585201E-10,1.,-3.68359601245767E-13));
#2210=VECTOR('',#2200,1.);
#2220=LINE('',#2190,#2210);
#2230=CARTESIAN_POINT('',(23.7350928598385,-6.2429937881669,
111.899798308347));
#2240=VERTEX_POINT('',#2230);
#2250=EDGE_CURVE('',#2240,#2160,#2220,.T.);
#2260=ORIENTED_EDGE('',*,*,#2250,.T.);
#2270=CARTESIAN_POINT('',(21.6519756146473,-4.15987654152708,
111.899800437437));
#2280=DIRECTION('',(-0.707106780940496,0.70710678143223,
7.22712068129536E-7));
#2290=VECTOR('',#2280,1.);
#2300=LINE('',#2270,#2290);
#2310=CARTESIAN_POINT('',(23.3045724779836,-5.81247340601268,
111.899798748368));
#2320=VERTEX_POINT('',#2310);
#2330=EDGE_CURVE('',#2240,#2320,#2300,.T.);
#2340=ORIENTED_EDGE('',*,*,#2330,.F.);
#2350=CARTESIAN_POINT('',(0.729471456375818,-28.3875744119429,
111.899821821701));
#2360=DIRECTION('',(0.707106781431894,0.707106780940832,
-7.22712589068648E-7));
#2370=VECTOR('',#2360,1.);
#2380=LINE('',#2350,#2370);
#2390=CARTESIAN_POINT('',(22.5621103574804,-6.55493552600035,
111.899799507216));
#2400=VERTEX_POINT('',#2390);
#2410=EDGE_CURVE('',#2400,#2320,#2380,.T.);
#2420=ORIENTED_EDGE('',*,*,#2410,.T.);
#2430=CARTESIAN_POINT('',(20.1670513746726,-4.15987654152707,
111.899801955133));
#2440=DIRECTION('',(-0.707106780940504,0.707106781432222,
7.22712068129545E-7));
#2450=VECTOR('',#2440,1.);
#2460=LINE('',#2430,#2450);
#2470=CARTESIAN_POINT('',(27.0522384164527,-11.045063588095,
111.899794917995));
#2480=VERTEX_POINT('',#2470);
#2490=EDGE_CURVE('',#2480,#2400,#2460,.T.);
#2500=ORIENTED_EDGE('',*,*,#2490,.T.);
#2510=CARTESIAN_POINT('',(0.72947145637582,-37.3678305298916,
111.899821821704));
#2520=DIRECTION('',(-0.707106781431894,-0.707106780940832,
7.22712589068648E-7));
#2530=VECTOR('',#2520,1.);
#2540=LINE('',#2510,#2530);
#2550=CARTESIAN_POINT('',(27.794700536956,-10.3026014681073,
111.899794159147));
#2560=VERTEX_POINT('',#2550);
#2570=EDGE_CURVE('',#2560,#2480,#2540,.T.);
#2580=ORIENTED_EDGE('',*,*,#2570,.T.);
#2590=CARTESIAN_POINT('',(21.6519756146479,-4.15987654152708,
111.899800437437));
#2600=DIRECTION('',(0.707106780940472,-0.707106781432254,
-7.22712068129511E-7));
#2610=VECTOR('',#2600,1.);
#2620=LINE('',#2590,#2610);
#2630=CARTESIAN_POINT('',(27.3641801551016,-9.87208108595349,
111.899794599168));
#2640=VERTEX_POINT('',#2630);
#2650=EDGE_CURVE('',#2640,#2560,#2620,.T.);
#2660=ORIENTED_EDGE('',*,*,#2650,.T.);
#2670=CARTESIAN_POINT('',(0.729471456375814,-9.87208107669809,
111.899821821694));
#2680=DIRECTION('',(-0.999999999999478,3.47493493961515E-10,
1.02206957679905E-6));
#2690=VECTOR('',#2680,1.);
#2700=LINE('',#2670,#2690);
#2710=CARTESIAN_POINT('',(28.6541296488704,-9.87208108640174,
111.89979328075));
#2720=VERTEX_POINT('',#2710);
#2730=EDGE_CURVE('',#2720,#2640,#2700,.T.);
#2740=ORIENTED_EDGE('',*,*,#2730,.T.);
#2750=CARTESIAN_POINT('',(28.6541296487662,-10.1720810864017,
111.89979328075));
#2760=DIRECTION('',(-1.02206957679905E-6,-3.68004438717646E-13,
-0.999999999999478));
#2770=DIRECTION('',(-0.707106780940463,0.707106781432262,
7.22712068129503E-7));
#2780=AXIS2_PLACEMENT_3D('',#2750,#2760,#2770);
#2790=CIRCLE('',#2780,0.299999999999998);
#2800=CARTESIAN_POINT('',(28.8662616829872,-10.3842131208925,
111.899793063937));
#2810=VERTEX_POINT('',#2800);
#2820=EDGE_CURVE('',#2720,#2810,#2790,.T.);
#2830=ORIENTED_EDGE('',*,*,#2820,.F.);
#2840=CARTESIAN_POINT('',(22.6419251079508,-4.15987654152707,
111.899799425639));
#2850=DIRECTION('',(-0.707106780940463,0.707106781432262,
7.22712068129503E-7));
#2860=VECTOR('',#2850,1.);
#2870=LINE('',#2840,#2860);
#2880=CARTESIAN_POINT('',(29.509434481061,-11.0273859194137,
111.899792406569));
#2890=VERTEX_POINT('',#2880);
#2900=EDGE_CURVE('',#2890,#2810,#2870,.T.);
#2910=ORIENTED_EDGE('',*,*,#2900,.T.);
#2920=CARTESIAN_POINT('',(0.72947145637582,-39.8073489237941,
111.899821821705));
#2930=DIRECTION('',(-0.707106781435801,-0.707106780936925,
7.22712589072641E-7));
#2940=VECTOR('',#2930,1.);
#2950=LINE('',#2920,#2940);
#2960=CARTESIAN_POINT('',(30.5347393142447,-10.0020810869533,
111.899791358636));
#2970=VERTEX_POINT('',#2960);
#2980=EDGE_CURVE('',#2970,#2890,#2950,.T.);
#2990=ORIENTED_EDGE('',*,*,#2980,.T.);
#3000=CARTESIAN_POINT('',(24.6925347728291,-4.15987654153898,
111.899797329774));
#3010=DIRECTION('',(-0.707106780944371,0.707106781428355,
7.22712068133497E-7));
#3020=VECTOR('',#3010,1.);
#3030=LINE('',#3000,#3020);
#3040=CARTESIAN_POINT('',(31.7821743615869,-11.2495161351494,
111.899790083671));
#3050=VERTEX_POINT('',#3040);
#3060=EDGE_CURVE('',#3050,#2970,#3030,.T.);
#3070=ORIENTED_EDGE('',*,*,#3060,.T.);
#3080=CARTESIAN_POINT('',(31.7821743598992,-4.15987654152707,
111.899790083669));
#3090=DIRECTION('',(-2.38058870486581E-10,1.,-3.67761125988826E-13));
#3100=VECTOR('',#3090,1.);
#3110=LINE('',#3080,#3100);
#3120=CARTESIAN_POINT('',(31.78217436667,-32.6017364729516,
111.899790083679));
#3130=VERTEX_POINT('',#3120);
#3140=EDGE_CURVE('',#3130,#3050,#3110,.T.);
#3150=ORIENTED_EDGE('',*,*,#3140,.T.);
#3160=CARTESIAN_POINT('',(55.665131977123,-4.15987654152707,
111.899765673624));
#3170=DIRECTION('',(-0.643062552602434,-0.765813654513949,
6.57254952816856E-7));
#3180=VECTOR('',#3170,1.);
#3190=LINE('',#3160,#3180);
#3200=CARTESIAN_POINT('',(21.8750364978319,-44.3999999955347,
111.899800209468));
#3210=VERTEX_POINT('',#3200);
#3220=EDGE_CURVE('',#3130,#3210,#3190,.T.);
#3230=ORIENTED_EDGE('',*,*,#3220,.F.);
#3240=CARTESIAN_POINT('',(0.679471456375848,-44.3999999909287,
111.89982187281));
#3250=DIRECTION('',(-0.999999999999478,2.17303431987044E-10,
1.02206957679905E-6));
#3260=VECTOR('',#3250,1.);
#3270=LINE('',#3240,#3260);
#3280=CARTESIAN_POINT('',(19.4911182120557,-44.3999999950166,
111.899802645998));
#3290=VERTEX_POINT('',#3280);
#3300=EDGE_CURVE('',#3210,#3290,#3270,.T.);
#3310=ORIENTED_EDGE('',*,*,#3300,.F.);
#3320=CARTESIAN_POINT('',(27.2261472394935,-38.8846282083994,
111.899794740258));
#3330=DIRECTION('',(-1.02206957679905E-6,-3.68004438717646E-13,
-0.999999999999478));
#3340=DIRECTION('',(0.999999999999478,2.2129897646266E-16,
-1.02206957679905E-6));
#3350=AXIS2_PLACEMENT_3D('',#3320,#3330,#3340);
#3360=CIRCLE('',#3350,9.499999999999);
#3370=CARTESIAN_POINT('',(17.8321745598145,-40.2999999946568,
111.899804341552));
#3380=VERTEX_POINT('',#3370);
#3390=EDGE_CURVE('',#3290,#3380,#3360,.T.);
#3400=ORIENTED_EDGE('',*,*,#3390,.F.);
#3410=CARTESIAN_POINT('',(17.8321745676907,-4.15987654153898,
111.899804341539));
#3420=DIRECTION('',(2.17935731378849E-10,1.,-3.68227184198578E-13));
#3430=VECTOR('',#3420,1.);
#3440=LINE('',#3410,#3430);
#3450=CARTESIAN_POINT('',(17.8321745599129,-39.8483339448107,
111.899804341552));
#3460=VERTEX_POINT('',#3450);
#3470=EDGE_CURVE('',#3380,#3460,#3440,.T.);
#3480=ORIENTED_EDGE('',*,*,#3470,.F.);
#3490=CARTESIAN_POINT('',(0.679471456375848,-44.444386885422,
111.89982187281));
#3500=DIRECTION('',(0.965925826344803,0.258819044892634,
-9.87243495798581E-7));
#3510=VECTOR('',#3500,1.);
#3520=LINE('',#3490,#3510);
#3530=CARTESIAN_POINT('',(19.1321745599881,-39.4999999949327,
111.899803012862));
#3540=VERTEX_POINT('',#3530);
#3550=EDGE_CURVE('',#3460,#3540,#3520,.T.);
#3560=ORIENTED_EDGE('',*,*,#3550,.F.);
#3570=CARTESIAN_POINT('',(19.1321745676656,-4.15987654153898,
111.899803012849));
#3580=DIRECTION('',(2.17245533480015E-10,1.,-3.68226478768303E-13));
#3590=VECTOR('',#3580,1.);
#3600=LINE('',#3570,#3590);
#3610=CARTESIAN_POINT('',(19.1321745602271,-38.399999994932,
111.899803012861));
#3620=VERTEX_POINT('',#3610);
#3630=EDGE_CURVE('',#3540,#3620,#3600,.T.);
#3640=ORIENTED_EDGE('',*,*,#3630,.F.);
#3650=CARTESIAN_POINT('',(0.679471456375846,-36.785597657895,
111.899821872807));
#3660=DIRECTION('',(-0.996194698072291,0.0871557429640779,
1.01818026139504E-6));
#3670=VECTOR('',#3660,1.);
#3680=LINE('',#3650,#3670);
#3690=CARTESIAN_POINT('',(16.846164099724,-38.1999999944357,
111.899805349323));
#3700=VERTEX_POINT('',#3690);
#3710=EDGE_CURVE('',#3620,#3700,#3680,.T.);
#3720=ORIENTED_EDGE('',*,*,#3710,.F.);
#3730=CARTESIAN_POINT('',(0.679471456375846,-38.1999999909236,
111.899821872808));
#3740=DIRECTION('',(-0.999999999999478,2.17245506100734E-10,
1.02206957679905E-6));
#3750=VECTOR('',#3740,1.);
#3760=LINE('',#3730,#3750);
#3770=CARTESIAN_POINT('',(11.4321745602744,-38.1999999932596,
111.899810882797));
#3780=VERTEX_POINT('',#3770);
#3790=EDGE_CURVE('',#3700,#3780,#3760,.T.);
#3800=ORIENTED_EDGE('',*,*,#3790,.F.);
#3810=CARTESIAN_POINT('',(11.2321745602745,-38.1999999932156,
111.899811087211));
#3820=DIRECTION('',(-1.02206957679905E-6,-3.68004438717646E-13,
-0.999999999999478));
#3830=DIRECTION('',(0.999999999999478,2.2129897646266E-16,
-1.02206957679905E-6));
#3840=AXIS2_PLACEMENT_3D('',#3810,#3820,#3830);
#3850=CIRCLE('',#3840,0.2);
#3860=CARTESIAN_POINT('',(11.2321745602311,-38.3999999932156,
111.899811087211));
#3870=VERTEX_POINT('',#3860);
#3880=EDGE_CURVE('',#3780,#3870,#3850,.T.);
#3890=ORIENTED_EDGE('',*,*,#3880,.F.);
#3900=CARTESIAN_POINT('',(0.679471456375846,-38.3999999909299,
111.899821872808));
#3910=DIRECTION('',(-0.999999999999478,2.1724553385631E-10,
1.02206957679905E-6));
#3920=VECTOR('',#3910,1.);
#3930=LINE('',#3900,#3920);
#3940=CARTESIAN_POINT('',(-14.5616584512699,-38.399999987612,
111.899837450303));
#3950=VERTEX_POINT('',#3940);
#3960=EDGE_CURVE('',#3870,#3950,#3930,.T.);
#3970=ORIENTED_EDGE('',*,*,#3960,.F.);
#3980=CARTESIAN_POINT('',(-7.26782543981501,-38.6999999892033,
111.899829995498));
#3990=DIRECTION('',(1.02206957679905E-6,3.68004438717646E-13,
0.999999999999478));
#4000=DIRECTION('',(0.999999999999478,2.2129897646266E-16,
-1.02206957679905E-6));
#4010=AXIS2_PLACEMENT_3D('',#3980,#3990,#4000);
#4020=CIRCLE('',#4010,7.3);
#4030=CARTESIAN_POINT('',(-13.9885937206462,-35.8502151349862,
111.89983686459));
#4040=VERTEX_POINT('',#4030);
#4050=EDGE_CURVE('',#4040,#3950,#4020,.T.);
#4060=ORIENTED_EDGE('',*,*,#4050,.T.);
#4070=CARTESIAN_POINT('',(-14.4489203151965,-35.6550243915551,
111.899837335076));
#4080=DIRECTION('',(1.02206957679905E-6,3.68004438717646E-13,
0.999999999999478));
#4090=DIRECTION('',(0.999999999999478,2.2129897646266E-16,
-1.02206957679905E-6));
#4100=AXIS2_PLACEMENT_3D('',#4070,#4080,#4090);
#4110=CIRCLE('',#4100,0.5);
#4120=CARTESIAN_POINT('',(-14.9092469098012,-35.4598336481071,
111.899837805561));
#4130=VERTEX_POINT('',#4120);
#4140=EDGE_CURVE('',#4040,#4130,#4110,.T.);
#4150=ORIENTED_EDGE('',*,*,#4140,.F.);
#4160=CARTESIAN_POINT('',(-7.26782543981501,-38.6999999892033,
111.899829995498));
#4170=DIRECTION('',(1.02206957679905E-6,3.68004438717646E-13,
0.999999999999478));
#4180=DIRECTION('',(0.999999999999478,2.2129897646266E-16,
-1.02206957679905E-6));
#4190=AXIS2_PLACEMENT_3D('',#4160,#4170,#4180);
#4200=CIRCLE('',#4190,8.3);
#4210=CARTESIAN_POINT('',(-15.5678254398107,-38.6999999874002,
111.899838478676));
#4220=VERTEX_POINT('',#4210);
#4230=EDGE_CURVE('',#4130,#4220,#4200,.T.);
#4240=ORIENTED_EDGE('',*,*,#4230,.F.);
#4250=CARTESIAN_POINT('',(-15.5678254323071,-4.15987654153898,
111.899838478663));
#4260=DIRECTION('',(2.1724550572444E-10,1.,-3.68226478739935E-13));
#4270=VECTOR('',#4260,1.);
#4280=LINE('',#4250,#4270);
#4290=CARTESIAN_POINT('',(-15.567825440045,-39.7787397845676,
111.899838478676));
#4300=VERTEX_POINT('',#4290);
#4310=EDGE_CURVE('',#4300,#4220,#4280,.T.);
#4320=ORIENTED_EDGE('',*,*,#4310,.T.);
#4330=CARTESIAN_POINT('',(0.679471456375846,-38.3572854967467,
111.899821872808));
#4340=DIRECTION('',(-0.996194698110159,-0.0871557425312431,
1.01818032558114E-6));
#4350=VECTOR('',#4340,1.);
#4360=LINE('',#4330,#4350);
#4370=CARTESIAN_POINT('',(-14.6678254400285,-39.6999999875898,
111.899837558813));
#4380=VERTEX_POINT('',#4370);
#4390=EDGE_CURVE('',#4380,#4300,#4360,.T.);
#4400=ORIENTED_EDGE('',*,*,#4390,.T.);
#4410=CARTESIAN_POINT('',(-14.6678254323075,-4.15987654153898,
111.8998375588));
#4420=DIRECTION('',(2.1724550572444E-10,1.,-3.68226478739935E-13));
#4430=VECTOR('',#4420,1.);
#4440=LINE('',#4410,#4430);
#4450=CARTESIAN_POINT('',(-14.6678254401494,-40.2564659842209,
111.899837558814));
#4460=VERTEX_POINT('',#4450);
#4470=EDGE_CURVE('',#4460,#4380,#4440,.T.);
#4480=ORIENTED_EDGE('',*,*,#4470,.T.);
#4490=CARTESIAN_POINT('',(-21.6678254401457,-40.2564659827002,
111.899844713301));
#4500=DIRECTION('',(1.02206957679905E-6,3.68004438717646E-13,
0.999999999999478));
#4510=DIRECTION('',(0.999999999999478,2.2129897646266E-16,
-1.02206957679905E-6));
#4520=AXIS2_PLACEMENT_3D('',#4490,#4500,#4510);
#4530=CIRCLE('',#4520,7.);
#4540=CARTESIAN_POINT('',(-16.0259174336333,-44.3999999871483,
111.89983894688));
#4550=VERTEX_POINT('',#4540);
#4560=EDGE_CURVE('',#4550,#4460,#4530,.T.);
#4570=ORIENTED_EDGE('',*,*,#4560,.T.);
#4580=CARTESIAN_POINT('',(0.654471456375861,-44.4000000186406,
111.899821898362));
#4590=DIRECTION('',(-0.999999999999478,2.16982993866553E-10,
1.02206957679905E-6));
#4600=VECTOR('',#4590,1.);
#4610=LINE('',#4580,#4600);
#4620=CARTESIAN_POINT('',(-30.4678254485658,-44.3999999840146,
111.899853707514));
#4630=VERTEX_POINT('',#4620);
#4640=EDGE_CURVE('',#4550,#4630,#4610,.T.);
#4650=ORIENTED_EDGE('',*,*,#4640,.F.);
#4660=CARTESIAN_POINT('',(-30.4678254398083,-4.15987654153356,
111.8998537075));
#4670=DIRECTION('',(2.17631211080982E-10,1.,-3.68226872957646E-13));
#4680=VECTOR('',#4670,1.);
#4690=LINE('',#4660,#4680);
#4700=CARTESIAN_POINT('',(-30.4678254478911,-41.3000000120363,
111.899853707513));
#4710=VERTEX_POINT('',#4700);
#4720=EDGE_CURVE('',#4630,#4710,#4690,.T.);
#4730=ORIENTED_EDGE('',*,*,#4720,.F.);
#4740=CARTESIAN_POINT('',(-29.5678254478921,-41.3000000122319,
111.899852787651));
#4750=DIRECTION('',(1.02206957679905E-6,3.68004438717646E-13,
0.999999999999478));
#4760=DIRECTION('',(0.999999999999478,2.2129897646266E-16,
-1.02206957679905E-6));
#4770=AXIS2_PLACEMENT_3D('',#4740,#4750,#4760);
#4780=CIRCLE('',#4770,0.89999999999984);
#4790=CARTESIAN_POINT('',(-28.9678254480406,-41.9708204056141,
111.899852174409));
#4800=VERTEX_POINT('',#4790);
#4810=EDGE_CURVE('',#4800,#4710,#4780,.T.);
#4820=ORIENTED_EDGE('',*,*,#4810,.T.);
#4830=CARTESIAN_POINT('',(-28.9678254399064,-4.15987654153356,
111.899852174395));
#4840=DIRECTION('',(-2.15126367526188E-10,-1.,3.68224312833254E-13));
#4850=VECTOR('',#4840,1.);
#4860=LINE('',#4830,#4850);
#4870=CARTESIAN_POINT('',(-28.9678254482405,-42.9000000122152,
111.89985217441));
#4880=VERTEX_POINT('',#4870);
#4890=EDGE_CURVE('',#4800,#4880,#4860,.T.);
#4900=ORIENTED_EDGE('',*,*,#4890,.F.);
#4910=CARTESIAN_POINT('',(0.654471456375861,-42.9000000186432,
111.899821898361));
#4920=DIRECTION('',(0.999999999999478,-2.16998495355535E-10,
-1.02206957679905E-6));
#4930=VECTOR('',#4920,1.);
#4940=LINE('',#4910,#4930);
#4950=CARTESIAN_POINT('',(-26.8678254482417,-42.9000000126709,
111.899850028063));
#4960=VERTEX_POINT('',#4950);
#4970=EDGE_CURVE('',#4880,#4960,#4940,.T.);
#4980=ORIENTED_EDGE('',*,*,#4970,.F.);
#4990=CARTESIAN_POINT('',(-26.8678254398256,-4.15987654153356,
111.899850028049));
#5000=DIRECTION('',(2.1724550572444E-10,1.,-3.68226478739935E-13));
#5010=VECTOR('',#5000,1.);
#5020=LINE('',#4990,#5010);
#5030=CARTESIAN_POINT('',(-26.8678254463734,-34.3000000128143,
111.89985002806));
#5040=VERTEX_POINT('',#5030);
#5050=EDGE_CURVE('',#4960,#5040,#5020,.T.);
#5060=ORIENTED_EDGE('',*,*,#5050,.F.);
#5070=CARTESIAN_POINT('',(-28.0520341162259,-4.15987654153356,
111.899851238393));
#5080=DIRECTION('',(-0.0392598155419701,0.999229036249252,
4.01258953354906E-8));
#5090=VECTOR('',#5080,1.);
#5100=LINE('',#5070,#5090);
#5110=CARTESIAN_POINT('',(-26.9660507145462,-31.7999999823327,
111.899850128452));
#5120=VERTEX_POINT('',#5110);
#5130=EDGE_CURVE('',#5040,#5120,#5100,.T.);
#5140=ORIENTED_EDGE('',*,*,#5130,.F.);
#5150=CARTESIAN_POINT('',(0.679471456375845,-31.7999999883433,
111.899821872805));
#5160=DIRECTION('',(0.999999999999478,-2.17417202091491E-10,
-1.02206957679905E-6));
#5170=VECTOR('',#5160,1.);
#5180=LINE('',#5150,#5170);
#5190=CARTESIAN_POINT('',(-31.0178254719132,-31.7999999814518,
111.899854269648));
#5200=VERTEX_POINT('',#5190);
#5210=EDGE_CURVE('',#5200,#5120,#5180,.T.);
#5220=ORIENTED_EDGE('',*,*,#5210,.T.);
#5230=CARTESIAN_POINT('',(-31.0178254534818,-4.15987654153899,
111.899854269638));
#5240=DIRECTION('',(-6.66833762665414E-10,-1.,3.68685989219441E-13));
#5250=VECTOR('',#5240,1.);
#5260=LINE('',#5230,#5250);
#5270=EDGE_CURVE('',#110,#5200,#5260,.T.);
#5280=ORIENTED_EDGE('',*,*,#5270,.T.);
#5290=EDGE_LOOP('',(#5280,#5220,#5140,#5060,#4980,#4900,#4820,#4730,
#4650,#4570,#4480,#4400,#4320,#4240,#4150,#4060,#3970,#3890,#3800,#3720,
#3640,#3560,#3480,#3400,#3310,#3230,#3150,#3070,#2990,#2910,#2830,#2740,
#2660,#2580,#2500,#2420,#2340,#2260,#2180,#2090,#2010,#1930,#1850,#1770,
#1690,#1610,#1530,#1450,#1370,#1290,#1210,#1130,#1050,#960,#880,#800,
#720,#640,#560,#480,#400,#310,#230,#150));
#5300=FACE_OUTER_BOUND('',#5290,.T.);
#5310=ADVANCED_FACE('',(#5300),#50,.T.);
#5320=COLOUR_RGB('',0.,0.443137288093567,0.709803938865662);
#5330=FILL_AREA_STYLE_COLOUR('',#5320);
#5340=FILL_AREA_STYLE('',(#5330));
#5350=SURFACE_STYLE_FILL_AREA(#5340);
#5360=SURFACE_SIDE_STYLE('',(#5350));
#5370=SURFACE_STYLE_USAGE(.BOTH.,#5360);
#5380=PRESENTATION_STYLE_ASSIGNMENT((#5370));
#5390=CARTESIAN_POINT('',(3.59208678411864,-37.8999999915656,
103.749818895908));
#5400=DIRECTION('',(1.02206957679905E-6,3.68004438717646E-13,
0.999999999999478));
#5410=DIRECTION('',(0.999999999999478,2.38057825194792E-10,
-1.02206957679905E-6));
#5420=AXIS2_PLACEMENT_3D('',#5390,#5400,#5410);
#5430=PLANE('',#5420);
#5440=CARTESIAN_POINT('',(-56.7490788190083,-37.9000000059303,
103.749880568777));
#5450=DIRECTION('',(0.707106781012833,0.707106781359893,
-7.22712588640339E-7));
#5460=VECTOR('',#5450,1.);
#5470=LINE('',#5440,#5460);
#5480=CARTESIAN_POINT('',(-22.7746849080058,-3.92560607825256,
103.74984584457));
#5490=VERTEX_POINT('',#5480);
#5500=CARTESIAN_POINT('',(-22.3811328693385,-3.53205403939216,
103.749845442333));
#5510=VERTEX_POINT('',#5500);
#5520=EDGE_CURVE('',#5490,#5510,#5470,.T.);
#5530=ORIENTED_EDGE('',*,*,#5520,.F.);
#5540=CARTESIAN_POINT('',(0.679463126508792,-26.5926500241998,
103.749821872808));
#5550=DIRECTION('',(0.707106781355616,-0.70710678101711,
-7.22712068553818E-7));
#5560=VECTOR('',#5550,1.);
#5570=LINE('',#5540,#5560);
#5580=CARTESIAN_POINT('',(-21.8154474441053,-4.0977394643546,
103.749844864163));
#5590=VERTEX_POINT('',#5580);
#5600=EDGE_CURVE('',#5510,#5590,#5570,.T.);
#5610=ORIENTED_EDGE('',*,*,#5600,.F.);
#5620=CARTESIAN_POINT('',(-21.8775845212622,-4.15987654154199,
103.749844927671));
#5630=DIRECTION('',(0.707106781012833,0.707106781359893,
-7.22712588640338E-7));
#5640=VECTOR('',#5630,1.);
#5650=LINE('',#5620,#5640);
#5660=CARTESIAN_POINT('',(-22.458620242245,-4.74091226280996,
103.749845521531));
#5670=VERTEX_POINT('',#5660);
#5680=EDGE_CURVE('',#5670,#5590,#5650,.T.);
#5690=ORIENTED_EDGE('',*,*,#5680,.T.);
#5700=CARTESIAN_POINT('',(-22.67075227661,-4.95304429715689,
103.749845738344));
#5710=DIRECTION('',(-1.02206957679905E-6,-3.68004438717646E-13,
-0.999999999999478));
#5720=DIRECTION('',(0.999999999999478,2.2129897646266E-16,
-1.02206957679905E-6));
#5730=AXIS2_PLACEMENT_3D('',#5700,#5710,#5720);
#5740=CIRCLE('',#5730,0.299999999999998);
#5750=CARTESIAN_POINT('',(-22.9707522766099,-4.95304429723042,
103.749846044965));
#5760=VERTEX_POINT('',#5750);
#5770=EDGE_CURVE('',#5760,#5670,#5740,.T.);
#5780=ORIENTED_EDGE('',*,*,#5770,.T.);
#5790=CARTESIAN_POINT('',(-22.9707522768043,-4.15987654154198,
103.749846044965));
#5800=DIRECTION('',(-2.45147290985981E-10,1.,-3.67753881129886E-13));
#5810=VECTOR('',#5800,1.);
#5820=LINE('',#5790,#5810);
#5830=CARTESIAN_POINT('',(-22.9707522762936,-6.24299379100049,
103.749846044966));
#5840=VERTEX_POINT('',#5830);
#5850=EDGE_CURVE('',#5840,#5760,#5820,.T.);
#5860=ORIENTED_EDGE('',*,*,#5850,.T.);
#5870=CARTESIAN_POINT('',(-20.8876350278573,-4.15987654154198,
103.749843915874));
#5880=DIRECTION('',(0.707106781012865,0.707106781359861,
-7.22712588640371E-7));
#5890=VECTOR('',#5880,1.);
#5900=LINE('',#5870,#5890);
#5910=CARTESIAN_POINT('',(-22.5402318943947,-5.81247340889034,
103.749845604944));
#5920=VERTEX_POINT('',#5910);
#5930=EDGE_CURVE('',#5840,#5920,#5900,.T.);
#5940=ORIENTED_EDGE('',*,*,#5930,.F.);
#5950=CARTESIAN_POINT('',(0.679463126508793,-29.0321684184215,
103.749821872808));
#5960=DIRECTION('',(-0.707106781359524,0.707106781013201,
7.22712068557813E-7));
#5970=VECTOR('',#5960,1.);
#5980=LINE('',#5950,#5970);
#5990=CARTESIAN_POINT('',(-21.7977697739674,-6.554935528954,
103.749844846096));
#6000=VERTEX_POINT('',#5990);
#6010=EDGE_CURVE('',#6000,#5920,#5980,.T.);
#6020=ORIENTED_EDGE('',*,*,#6010,.T.);
#6030=CARTESIAN_POINT('',(-19.4027107877307,-4.15987654154199,
103.749842398178));
#6040=DIRECTION('',(0.707106781012874,0.707106781359852,
-7.2271258864038E-7));
#6050=VECTOR('',#6040,1.);
#6060=LINE('',#6030,#6050);
#6070=CARTESIAN_POINT('',(-26.2878978333993,-11.0450635905891,
103.749849435321));
#6080=VERTEX_POINT('',#6070);
#6090=EDGE_CURVE('',#6080,#6000,#6060,.T.);
#6100=ORIENTED_EDGE('',*,*,#6090,.T.);
#6110=CARTESIAN_POINT('',(0.679463126508795,-38.0124245372893,
103.749821872812));
#6120=DIRECTION('',(0.707106781359525,-0.707106781013201,
-7.22712068557813E-7));
#6130=VECTOR('',#6120,1.);
#6140=LINE('',#6110,#6130);
#6150=CARTESIAN_POINT('',(-27.0303599538266,-10.3026014705254,
103.749850194169));
#6160=VERTEX_POINT('',#6150);
#6170=EDGE_CURVE('',#6160,#6080,#6140,.T.);
#6180=ORIENTED_EDGE('',*,*,#6170,.T.);
#6190=CARTESIAN_POINT('',(-20.887635027858,-4.15987654154198,
103.749843915874));
#6200=DIRECTION('',(-0.707106781012841,-0.707106781359885,
7.22712588640347E-7));
#6210=VECTOR('',#6200,1.);
#6220=LINE('',#6190,#6210);
#6230=CARTESIAN_POINT('',(-26.5998395719282,-9.87208108841566,
103.749849754147));
#6240=VERTEX_POINT('',#6230);
#6250=EDGE_CURVE('',#6240,#6160,#6220,.T.);
#6260=ORIENTED_EDGE('',*,*,#6250,.T.);
#6270=CARTESIAN_POINT('',(0.679463126508789,-9.8720810817282,
103.749821872801));
#6280=DIRECTION('',(0.999999999999478,2.45147290609952E-10,
-1.02206957679905E-6));
#6290=VECTOR('',#6280,1.);
#6300=LINE('',#6270,#6290);
#6310=CARTESIAN_POINT('',(-27.889789065697,-9.87208108873189,
103.749851072565));
#6320=VERTEX_POINT('',#6310);
#6330=EDGE_CURVE('',#6320,#6240,#6300,.T.);
#6340=ORIENTED_EDGE('',*,*,#6330,.T.);
#6350=CARTESIAN_POINT('',(-27.8897890656234,-10.1720810887319,
103.749851072565));
#6360=DIRECTION('',(1.02206957679905E-6,3.68004438717646E-13,
0.999999999999478));
#6370=DIRECTION('',(0.999999999999478,2.2129897646266E-16,
-1.02206957679905E-6));
#6380=AXIS2_PLACEMENT_3D('',#6350,#6360,#6370);
#6390=CIRCLE('',#6380,0.299999999999998);
#6400=CARTESIAN_POINT('',(-28.1019210998662,-10.384213123201,
103.749851289379));
#6410=VERTEX_POINT('',#6400);
#6420=EDGE_CURVE('',#6320,#6410,#6390,.T.);
#6430=ORIENTED_EDGE('',*,*,#6420,.F.);
#6440=CARTESIAN_POINT('',(-21.8775845212622,-4.15987654154199,
103.749844927671));
#6450=DIRECTION('',(0.707106781012833,0.707106781359893,
-7.22712588640338E-7));
#6460=VECTOR('',#6450,1.);
#6470=LINE('',#6440,#6460);
#6480=CARTESIAN_POINT('',(-28.7450938980059,-11.0273859216562,
103.749851946746));
#6490=VERTEX_POINT('',#6480);
#6500=EDGE_CURVE('',#6490,#6410,#6470,.T.);
#6510=ORIENTED_EDGE('',*,*,#6500,.T.);
#6520=CARTESIAN_POINT('',(0.679463126508796,-40.4519429314343,
103.749821872813));
#6530=DIRECTION('',(0.707106781363431,-0.707106781009295,
-7.22712068561806E-7));
#6540=VECTOR('',#6530,1.);
#6550=LINE('',#6520,#6540);
#6560=CARTESIAN_POINT('',(-29.3107793232453,-10.4617004967001,
103.749852524916));
#6570=VERTEX_POINT('',#6560);
#6580=EDGE_CURVE('',#6570,#6490,#6550,.T.);
#6590=ORIENTED_EDGE('',*,*,#6580,.T.);
#6600=CARTESIAN_POINT('',(-56.7490788190083,-37.9000000059303,
103.749880568777));
#6610=DIRECTION('',(0.707106781012833,0.707106781359893,
-7.22712588640339E-7));
#6620=VECTOR('',#6610,1.);
#6630=LINE('',#6600,#6620);
#6640=CARTESIAN_POINT('',(-28.9172272847247,-10.0681484579863,
103.749852122678));
#6650=VERTEX_POINT('',#6640);
#6660=EDGE_CURVE('',#6570,#6650,#6630,.T.);
#6670=ORIENTED_EDGE('',*,*,#6660,.F.);
#6680=CARTESIAN_POINT('',(3.59208677885766,-15.8004176435068,
103.7498188959));
#6690=DIRECTION('',(-0.984807753054262,0.173648177425511,
1.00654197948982E-6));
#6700=VECTOR('',#6690,1.);
#6710=LINE('',#6680,#6700);
#6720=CARTESIAN_POINT('',(-29.6986756664777,-9.93035802444972,
103.749852921373));
#6730=VERTEX_POINT('',#6720);
#6740=EDGE_CURVE('',#6650,#6730,#6710,.T.);
#6750=ORIENTED_EDGE('',*,*,#6740,.F.);
#6760=CARTESIAN_POINT('',(-57.6683176347582,-37.9000000061491,
103.749881508303));
#6770=DIRECTION('',(0.707106781016741,0.707106781355985,
-7.22712588644332E-7));
#6780=VECTOR('',#6770,1.);
#6790=LINE('',#6760,#6780);
#6800=CARTESIAN_POINT('',(-31.0178337880765,-11.2495161466814,
103.749854269645));
#6810=VERTEX_POINT('',#6800);
#6820=EDGE_CURVE('',#6810,#6730,#6790,.T.);
#6830=ORIENTED_EDGE('',*,*,#6820,.T.);
#6840=CARTESIAN_POINT('',(-31.0178337833489,-4.15987654154199,
103.749854269642));
#6850=DIRECTION('',(-6.66833762665414E-10,-1.,3.68685989219441E-13));
#6860=VECTOR('',#6850,1.);
#6870=LINE('',#6840,#6860);
#6880=CARTESIAN_POINT('',(-31.0178338017802,-31.7999999814548,
103.749854269652));
#6890=VERTEX_POINT('',#6880);
#6900=EDGE_CURVE('',#6810,#6890,#6870,.T.);
#6910=ORIENTED_EDGE('',*,*,#6900,.F.);
#6920=CARTESIAN_POINT('',(0.679463126508794,-31.7999999883463,
103.749821872809));
#6930=DIRECTION('',(0.999999999999478,-2.17417202091491E-10,
-1.02206957679905E-6));
#6940=VECTOR('',#6930,1.);
#6950=LINE('',#6920,#6940);
#6960=CARTESIAN_POINT('',(-26.9660590444133,-31.7999999823357,
103.749850128457));
#6970=VERTEX_POINT('',#6960);
#6980=EDGE_CURVE('',#6890,#6970,#6950,.T.);
#6990=ORIENTED_EDGE('',*,*,#6980,.F.);
#7000=CARTESIAN_POINT('',(-28.0520424460929,-4.15987654153656,
103.749851238397));
#7010=DIRECTION('',(-0.0392598155419701,0.999229036249252,
4.01258953354906E-8));
#7020=VECTOR('',#7010,1.);
#7030=LINE('',#7000,#7020);
#7040=CARTESIAN_POINT('',(-26.8678337762404,-34.3000000128173,
103.749850028065));
#7050=VERTEX_POINT('',#7040);
#7060=EDGE_CURVE('',#7050,#6970,#7030,.T.);
#7070=ORIENTED_EDGE('',*,*,#7060,.T.);
#7080=CARTESIAN_POINT('',(-26.8678337696926,-4.15987654153656,
103.749850028053));
#7090=DIRECTION('',(2.1724550572444E-10,1.,-3.68226478739935E-13));
#7100=VECTOR('',#7090,1.);
#7110=LINE('',#7080,#7100);
#7120=CARTESIAN_POINT('',(-26.8678337775656,-40.4000000128216,
103.749850028067));
#7130=VERTEX_POINT('',#7120);
#7140=EDGE_CURVE('',#7130,#7050,#7110,.T.);
#7150=ORIENTED_EDGE('',*,*,#7140,.T.);
#7160=CARTESIAN_POINT('',(-4.44089209850063E-16,-40.4000000186585,
103.749822567271));
#7170=DIRECTION('',(-0.999999999999478,2.17245506100594E-10,
1.02206957679905E-6));
#7180=VECTOR('',#7170,1.);
#7190=LINE('',#7160,#7180);
#7200=CARTESIAN_POINT('',(-29.5678337775636,-40.400000012235,
103.749852787655));
#7210=VERTEX_POINT('',#7200);
#7220=EDGE_CURVE('',#7130,#7210,#7190,.T.);
#7230=ORIENTED_EDGE('',*,*,#7220,.F.);
#7240=CARTESIAN_POINT('',(-29.5678337777592,-41.3000000122349,
103.749852787655));
#7250=DIRECTION('',(1.02206957679905E-6,3.68004438717646E-13,
0.999999999999478));
#7260=DIRECTION('',(0.999999999999478,2.2129897646266E-16,
-1.02206957679905E-6));
#7270=AXIS2_PLACEMENT_3D('',#7240,#7250,#7260);
#7280=CIRCLE('',#7270,0.89999999999984);
#7290=CARTESIAN_POINT('',(-30.4678337777582,-41.3000000120393,
103.749853707518));
#7300=VERTEX_POINT('',#7290);
#7310=EDGE_CURVE('',#7210,#7300,#7280,.T.);
#7320=ORIENTED_EDGE('',*,*,#7310,.F.);
#7330=CARTESIAN_POINT('',(-30.4678337696753,-4.15987654153656,
103.749853707504));
#7340=DIRECTION('',(2.17631211080982E-10,1.,-3.68226872957646E-13));
#7350=VECTOR('',#7340,1.);
#7360=LINE('',#7330,#7350);
#7370=CARTESIAN_POINT('',(-30.4678337784328,-44.3999999840176,
103.749853707519));
#7380=VERTEX_POINT('',#7370);
#7390=EDGE_CURVE('',#7380,#7300,#7360,.T.);
#7400=ORIENTED_EDGE('',*,*,#7390,.T.);
#7410=CARTESIAN_POINT('',(0.65446312650881,-44.4000000186436,
103.749821898366));
#7420=DIRECTION('',(-0.999999999999478,2.16982993866553E-10,
1.02206957679905E-6));
#7430=VECTOR('',#7420,1.);
#7440=LINE('',#7410,#7430);
#7450=CARTESIAN_POINT('',(-16.0259257635003,-44.3999999871513,
103.749838946884));
#7460=VERTEX_POINT('',#7450);
#7470=EDGE_CURVE('',#7460,#7380,#7440,.T.);
#7480=ORIENTED_EDGE('',*,*,#7470,.T.);
#7490=CARTESIAN_POINT('',(-21.6678337700128,-40.2564659827032,
103.749844713305));
#7500=DIRECTION('',(1.02206957679905E-6,3.68004438717646E-13,
0.999999999999478));
#7510=DIRECTION('',(0.999999999999478,2.2129897646266E-16,
-1.02206957679905E-6));
#7520=AXIS2_PLACEMENT_3D('',#7490,#7500,#7510);
#7530=CIRCLE('',#7520,7.);
#7540=CARTESIAN_POINT('',(-14.6678337700164,-40.2564659842239,
103.749837558818));
#7550=VERTEX_POINT('',#7540);
#7560=EDGE_CURVE('',#7460,#7550,#7530,.T.);
#7570=ORIENTED_EDGE('',*,*,#7560,.F.);
#7580=CARTESIAN_POINT('',(-14.6678337621746,-4.15987654154198,
103.749837558805));
#7590=DIRECTION('',(2.1724550572444E-10,1.,-3.68226478739935E-13));
#7600=VECTOR('',#7590,1.);
#7610=LINE('',#7580,#7600);
#7620=CARTESIAN_POINT('',(-14.6678337698955,-39.6999999875928,
103.749837558818));
#7630=VERTEX_POINT('',#7620);
#7640=EDGE_CURVE('',#7550,#7630,#7610,.T.);
#7650=ORIENTED_EDGE('',*,*,#7640,.F.);
#7660=CARTESIAN_POINT('',(0.679463126508795,-38.3572854967497,
103.749821872812));
#7670=DIRECTION('',(-0.996194698110159,-0.0871557425312431,
1.01818032558114E-6));
#7680=VECTOR('',#7670,1.);
#7690=LINE('',#7660,#7680);
#7700=CARTESIAN_POINT('',(-15.5678337699121,-39.7787397845706,
103.74983847868));
#7710=VERTEX_POINT('',#7700);
#7720=EDGE_CURVE('',#7630,#7710,#7690,.T.);
#7730=ORIENTED_EDGE('',*,*,#7720,.F.);
#7740=CARTESIAN_POINT('',(-15.5678337621741,-4.15987654154198,
103.749838478667));
#7750=DIRECTION('',(2.1724550572444E-10,1.,-3.68226478739935E-13));
#7760=VECTOR('',#7750,1.);
#7770=LINE('',#7740,#7760);
#7780=CARTESIAN_POINT('',(-15.5678337696777,-38.6999999874032,
103.74983847868));
#7790=VERTEX_POINT('',#7780);
#7800=EDGE_CURVE('',#7710,#7790,#7770,.T.);
#7810=ORIENTED_EDGE('',*,*,#7800,.F.);
#7820=CARTESIAN_POINT('',(-7.26783376968206,-38.6999999892063,
103.749829995502));
#7830=DIRECTION('',(1.02206957679905E-6,3.68004438717646E-13,
0.999999999999478));
#7840=DIRECTION('',(0.999999999999478,2.2129897646266E-16,
-1.02206957679905E-6));
#7850=AXIS2_PLACEMENT_3D('',#7820,#7830,#7840);
#7860=CIRCLE('',#7850,8.3);
#7870=CARTESIAN_POINT('',(-14.9092552396683,-35.4598336481101,
103.749837805566));
#7880=VERTEX_POINT('',#7870);
#7890=EDGE_CURVE('',#7880,#7790,#7860,.T.);
#7900=ORIENTED_EDGE('',*,*,#7890,.T.);
#7910=CARTESIAN_POINT('',(-14.4489286450636,-35.6550243915581,
103.74983733508));
#7920=DIRECTION('',(1.02206957679905E-6,3.68004438717646E-13,
0.999999999999478));
#7930=DIRECTION('',(0.999999999999478,2.2129897646266E-16,
-1.02206957679905E-6));
#7940=AXIS2_PLACEMENT_3D('',#7910,#7920,#7930);
#7950=CIRCLE('',#7940,0.5);
#7960=CARTESIAN_POINT('',(-13.9886020504872,-35.8502151350002,
103.749836864594));
#7970=VERTEX_POINT('',#7960);
#7980=EDGE_CURVE('',#7970,#7880,#7950,.T.);
#7990=ORIENTED_EDGE('',*,*,#7980,.T.);
#8000=CARTESIAN_POINT('',(-7.26783376968206,-38.6999999892063,
103.749829995502));
#8010=DIRECTION('',(1.02206957679905E-6,3.68004438717646E-13,
0.999999999999478));
#8020=DIRECTION('',(0.999999999999478,2.2129897646266E-16,
-1.02206957679905E-6));
#8030=AXIS2_PLACEMENT_3D('',#8000,#8010,#8020);
#8040=CIRCLE('',#8030,7.3);
#8050=CARTESIAN_POINT('',(-14.561666781137,-38.399999987615,
103.749837450307));
#8060=VERTEX_POINT('',#8050);
#8070=EDGE_CURVE('',#7970,#8060,#8040,.T.);
#8080=ORIENTED_EDGE('',*,*,#8070,.F.);
#8090=CARTESIAN_POINT('',(0.679463126508795,-38.3999999909328,
103.749821872812));
#8100=DIRECTION('',(-0.999999999999478,2.1724553385631E-10,
1.02206957679905E-6));
#8110=VECTOR('',#8100,1.);
#8120=LINE('',#8090,#8110);
#8130=CARTESIAN_POINT('',(11.232166230364,-38.3999999932186,
103.749811087215));
#8140=VERTEX_POINT('',#8130);
#8150=EDGE_CURVE('',#8140,#8060,#8120,.T.);
#8160=ORIENTED_EDGE('',*,*,#8150,.T.);
#8170=CARTESIAN_POINT('',(11.2321662304075,-38.1999999932186,
103.749811087215));
#8180=DIRECTION('',(-1.02206957679905E-6,-3.68004438717646E-13,
-0.999999999999478));
#8190=DIRECTION('',(0.999999999999478,2.2129897646266E-16,
-1.02206957679905E-6));
#8200=AXIS2_PLACEMENT_3D('',#8170,#8180,#8190);
#8210=CIRCLE('',#8200,0.2);
#8220=CARTESIAN_POINT('',(11.4321662304074,-38.1999999932626,
103.749810882801));
#8230=VERTEX_POINT('',#8220);
#8240=EDGE_CURVE('',#8230,#8140,#8210,.T.);
#8250=ORIENTED_EDGE('',*,*,#8240,.T.);
#8260=CARTESIAN_POINT('',(0.679463126508796,-38.1999999909266,
103.749821872812));
#8270=DIRECTION('',(-0.999999999999478,2.17245506100734E-10,
1.02206957679905E-6));
#8280=VECTOR('',#8270,1.);
#8290=LINE('',#8260,#8280);
#8300=CARTESIAN_POINT('',(16.8461557698569,-38.1999999944387,
103.749805349327));
#8310=VERTEX_POINT('',#8300);
#8320=EDGE_CURVE('',#8310,#8230,#8290,.T.);
#8330=ORIENTED_EDGE('',*,*,#8320,.T.);
#8340=CARTESIAN_POINT('',(0.679463126508795,-36.785597657898,
103.749821872811));
#8350=DIRECTION('',(-0.996194698072291,0.0871557429640779,
1.01818026139504E-6));
#8360=VECTOR('',#8350,1.);
#8370=LINE('',#8340,#8360);
#8380=CARTESIAN_POINT('',(19.13216623036,-38.399999994935,
103.749803012865));
#8390=VERTEX_POINT('',#8380);
#8400=EDGE_CURVE('',#8390,#8310,#8370,.T.);
#8410=ORIENTED_EDGE('',*,*,#8400,.T.);
#8420=CARTESIAN_POINT('',(19.1321662377985,-4.15987654154198,
103.749803012853));
#8430=DIRECTION('',(2.17245533480015E-10,1.,-3.68226478768303E-13));
#8440=VECTOR('',#8430,1.);
#8450=LINE('',#8420,#8440);
#8460=CARTESIAN_POINT('',(19.132166230121,-39.4999999949357,
103.749803012866));
#8470=VERTEX_POINT('',#8460);
#8480=EDGE_CURVE('',#8470,#8390,#8450,.T.);
#8490=ORIENTED_EDGE('',*,*,#8480,.T.);
#8500=CARTESIAN_POINT('',(0.679463126508797,-44.444386885425,
103.749821872814));
#8510=DIRECTION('',(0.965925826344803,0.258819044892634,
-9.87243495798581E-7));
#8520=VECTOR('',#8510,1.);
#8530=LINE('',#8500,#8520);
#8540=CARTESIAN_POINT('',(17.8321662300459,-39.8483339448137,
103.749804341556));
#8550=VERTEX_POINT('',#8540);
#8560=EDGE_CURVE('',#8550,#8470,#8530,.T.);
#8570=ORIENTED_EDGE('',*,*,#8560,.T.);
#8580=CARTESIAN_POINT('',(17.8321662378237,-4.15987654154198,
103.749804341543));
#8590=DIRECTION('',(2.17935731378849E-10,1.,-3.68227184198578E-13));
#8600=VECTOR('',#8590,1.);
#8610=LINE('',#8580,#8600);
#8620=CARTESIAN_POINT('',(17.8321662299474,-40.2999999946598,
103.749804341557));
#8630=VERTEX_POINT('',#8620);
#8640=EDGE_CURVE('',#8630,#8550,#8610,.T.);
#8650=ORIENTED_EDGE('',*,*,#8640,.T.);
#8660=CARTESIAN_POINT('',(27.2261389096264,-38.8846282084024,
103.749794740262));
#8670=DIRECTION('',(-1.02206957679905E-6,-3.68004438717646E-13,
-0.999999999999478));
#8680=DIRECTION('',(0.999999999999478,2.2129897646266E-16,
-1.02206957679905E-6));
#8690=AXIS2_PLACEMENT_3D('',#8660,#8670,#8680);
#8700=CIRCLE('',#8690,9.499999999999);
#8710=CARTESIAN_POINT('',(19.4911098821886,-44.3999999950196,
103.749802646002));
#8720=VERTEX_POINT('',#8710);
#8730=EDGE_CURVE('',#8720,#8630,#8700,.T.);
#8740=ORIENTED_EDGE('',*,*,#8730,.T.);
#8750=CARTESIAN_POINT('',(0.679463126508797,-44.3999999909317,
103.749821872814));
#8760=DIRECTION('',(-0.999999999999478,2.17303431987044E-10,
1.02206957679905E-6));
#8770=VECTOR('',#8760,1.);
#8780=LINE('',#8750,#8770);
#8790=CARTESIAN_POINT('',(21.8750281679648,-44.3999999955376,
103.749800209472));
#8800=VERTEX_POINT('',#8790);
#8810=EDGE_CURVE('',#8800,#8720,#8780,.T.);
#8820=ORIENTED_EDGE('',*,*,#8810,.T.);
#8830=CARTESIAN_POINT('',(55.665123647256,-4.15987654153007,
103.749765673629));
#8840=DIRECTION('',(-0.643062552602434,-0.765813654513949,
6.57254952816856E-7));
#8850=VECTOR('',#8840,1.);
#8860=LINE('',#8830,#8850);
#8870=CARTESIAN_POINT('',(31.782166036803,-32.6017364729546,
103.749790083683));
#8880=VERTEX_POINT('',#8870);
#8890=EDGE_CURVE('',#8880,#8800,#8860,.T.);
#8900=ORIENTED_EDGE('',*,*,#8890,.T.);
#8910=CARTESIAN_POINT('',(31.7821660300321,-4.15987654153007,
103.749790083673));
#8920=DIRECTION('',(-2.38058870486581E-10,1.,-3.67761125988826E-13));
#8930=VECTOR('',#8920,1.);
#8940=LINE('',#8910,#8930);
#8950=CARTESIAN_POINT('',(31.7821660317199,-11.2495161351524,
103.749790083676));
#8960=VERTEX_POINT('',#8950);
#8970=EDGE_CURVE('',#8880,#8960,#8940,.T.);
#8980=ORIENTED_EDGE('',*,*,#8970,.F.);
#8990=CARTESIAN_POINT('',(58.4326498568368,-37.8999999785104,
103.749762845037));
#9000=DIRECTION('',(-0.707106780944371,0.707106781428355,
7.22712068133497E-7));
#9010=VECTOR('',#9000,1.);
#9020=LINE('',#8990,#9010);
#9030=CARTESIAN_POINT('',(30.4630079197513,-9.93035802228092,
103.749791431946));
#9040=VERTEX_POINT('',#9030);
#9050=EDGE_CURVE('',#8960,#9040,#9020,.T.);
#9060=ORIENTED_EDGE('',*,*,#9050,.F.);
#9070=CARTESIAN_POINT('',(3.59208677858818,-14.6684264063323,
103.749818895899));
#9080=DIRECTION('',(-0.984807753072035,-0.173648177324719,
1.00654210731459E-6));
#9090=VECTOR('',#9080,1.);
#9100=LINE('',#9070,#9090);
#9110=CARTESIAN_POINT('',(29.681559537817,-10.068148455767,
103.749792230641));
#9120=VERTEX_POINT('',#9110);
#9130=EDGE_CURVE('',#9040,#9120,#9100,.T.);
#9140=ORIENTED_EDGE('',*,*,#9130,.F.);
#9150=CARTESIAN_POINT('',(57.5134110414218,-37.8999999787292,
103.749763784563));
#9160=DIRECTION('',(0.707106780940463,-0.707106781432263,
-7.22712068129503E-7));
#9170=VECTOR('',#9160,1.);
#9180=LINE('',#9150,#9170);
#9190=CARTESIAN_POINT('',(30.0751115763929,-10.4617004946167,
103.749791828404));
#9200=VERTEX_POINT('',#9190);
#9210=EDGE_CURVE('',#9120,#9200,#9180,.T.);
#9220=ORIENTED_EDGE('',*,*,#9210,.F.);
#9230=CARTESIAN_POINT('',(0.72946312650877,-39.8073489237971,
103.749821821709));
#9240=DIRECTION('',(-0.707106781435801,-0.707106780936925,
7.22712589072641E-7));
#9250=VECTOR('',#9240,1.);
#9260=LINE('',#9230,#9250);
#9270=CARTESIAN_POINT('',(29.5094261511939,-11.0273859194167,
103.749792406574));
#9280=VERTEX_POINT('',#9270);
#9290=EDGE_CURVE('',#9200,#9280,#9260,.T.);
#9300=ORIENTED_EDGE('',*,*,#9290,.F.);
#9310=CARTESIAN_POINT('',(22.6419167780838,-4.15987654153007,
103.749799425644));
#9320=DIRECTION('',(-0.707106780940463,0.707106781432262,
7.22712068129503E-7));
#9330=VECTOR('',#9320,1.);
#9340=LINE('',#9310,#9330);
#9350=CARTESIAN_POINT('',(28.8662533531202,-10.3842131208955,
103.749793063941));
#9360=VERTEX_POINT('',#9350);
#9370=EDGE_CURVE('',#9280,#9360,#9340,.T.);
#9380=ORIENTED_EDGE('',*,*,#9370,.F.);
#9390=CARTESIAN_POINT('',(28.6541213188991,-10.1720810864047,
103.749793280754));
#9400=DIRECTION('',(-1.02206957679905E-6,-3.68004438717646E-13,
-0.999999999999478));
#9410=DIRECTION('',(-0.707106780940463,0.707106781432262,
7.22712068129503E-7));
#9420=AXIS2_PLACEMENT_3D('',#9390,#9400,#9410);
#9430=CIRCLE('',#9420,0.299999999999998);
#9440=CARTESIAN_POINT('',(28.6541213190034,-9.87208108640474,
103.749793280754));
#9450=VERTEX_POINT('',#9440);
#9460=EDGE_CURVE('',#9450,#9360,#9430,.T.);
#9470=ORIENTED_EDGE('',*,*,#9460,.T.);
#9480=CARTESIAN_POINT('',(0.729463126508763,-9.87208107670109,
103.749821821698));
#9490=DIRECTION('',(-0.999999999999478,3.47493493961515E-10,
1.02206957679905E-6));
#9500=VECTOR('',#9490,1.);
#9510=LINE('',#9480,#9500);
#9520=CARTESIAN_POINT('',(27.3641718252346,-9.87208108595649,
103.749794599172));
#9530=VERTEX_POINT('',#9520);
#9540=EDGE_CURVE('',#9450,#9530,#9510,.T.);
#9550=ORIENTED_EDGE('',*,*,#9540,.F.);
#9560=CARTESIAN_POINT('',(21.6519672847809,-4.15987654153007,
103.749800437441));
#9570=DIRECTION('',(0.707106780940472,-0.707106781432254,
-7.22712068129511E-7));
#9580=VECTOR('',#9570,1.);
#9590=LINE('',#9560,#9580);
#9600=CARTESIAN_POINT('',(27.794692207089,-10.3026014681102,
103.749794159151));
#9610=VERTEX_POINT('',#9600);
#9620=EDGE_CURVE('',#9530,#9610,#9590,.T.);
#9630=ORIENTED_EDGE('',*,*,#9620,.F.);
#9640=CARTESIAN_POINT('',(0.729463126508769,-37.3678305298946,
103.749821821708));
#9650=DIRECTION('',(-0.707106781431894,-0.707106780940832,
7.22712589068648E-7));
#9660=VECTOR('',#9650,1.);
#9670=LINE('',#9640,#9660);
#9680=CARTESIAN_POINT('',(27.0522300865857,-11.045063588098,
103.749794917999));
#9690=VERTEX_POINT('',#9680);
#9700=EDGE_CURVE('',#9610,#9690,#9670,.T.);
#9710=ORIENTED_EDGE('',*,*,#9700,.F.);
#9720=CARTESIAN_POINT('',(20.1670430448055,-4.15987654153007,
103.749801955137));
#9730=DIRECTION('',(-0.707106780940504,0.707106781432222,
7.22712068129545E-7));
#9740=VECTOR('',#9730,1.);
#9750=LINE('',#9720,#9740);
#9760=CARTESIAN_POINT('',(22.5621020276133,-6.55493552600335,
103.749799507221));
#9770=VERTEX_POINT('',#9760);
#9780=EDGE_CURVE('',#9690,#9770,#9750,.T.);
#9790=ORIENTED_EDGE('',*,*,#9780,.F.);
#9800=CARTESIAN_POINT('',(0.729463126508767,-28.3875744119459,
103.749821821705));
#9810=DIRECTION('',(0.707106781431894,0.707106780940832,
-7.22712589068648E-7));
#9820=VECTOR('',#9810,1.);
#9830=LINE('',#9800,#9820);
#9840=CARTESIAN_POINT('',(23.3045641481166,-5.81247340601568,
103.749798748373));
#9850=VERTEX_POINT('',#9840);
#9860=EDGE_CURVE('',#9770,#9850,#9830,.T.);
#9870=ORIENTED_EDGE('',*,*,#9860,.F.);
#9880=CARTESIAN_POINT('',(21.6519672847802,-4.15987654153007,
103.749800437441));
#9890=DIRECTION('',(-0.707106780940496,0.70710678143223,
7.22712068129536E-7));
#9900=VECTOR('',#9890,1.);
#9910=LINE('',#9880,#9900);
#9920=CARTESIAN_POINT('',(23.7350845299714,-6.2429937881699,
103.749798308351));
#9930=VERTEX_POINT('',#9920);
#9940=EDGE_CURVE('',#9930,#9850,#9910,.T.);
#9950=ORIENTED_EDGE('',*,*,#9940,.T.);
#9960=CARTESIAN_POINT('',(23.7350845306953,-4.15987654153007,
103.74979830835));
#9970=DIRECTION('',(3.47493493585201E-10,1.,-3.68359601245767E-13));
#9980=VECTOR('',#9970,1.);
#9990=LINE('',#9960,#9980);
#10000=CARTESIAN_POINT('',(23.7350845304197,-4.95304429439984,
103.74979830835));
#10010=VERTEX_POINT('',#10000);
#10020=EDGE_CURVE('',#9930,#10010,#9990,.T.);
#10030=ORIENTED_EDGE('',*,*,#10020,.F.);
#10040=CARTESIAN_POINT('',(23.4350845304199,-4.95304429429559,
103.749798614971));
#10050=DIRECTION('',(1.02206957679905E-6,3.68004438717646E-13,
0.999999999999478));
#10060=DIRECTION('',(0.707106780940463,-0.707106781432262,
-7.22712068129503E-7));
#10070=AXIS2_PLACEMENT_3D('',#10040,#10050,#10060);
#10080=CIRCLE('',#10070,0.299999999999998);
#10090=CARTESIAN_POINT('',(23.2229524960766,-4.74091225992702,
103.749798831785));
#10100=VERTEX_POINT('',#10090);
#10110=EDGE_CURVE('',#10010,#10100,#10080,.T.);
#10120=ORIENTED_EDGE('',*,*,#10110,.F.);
#10130=CARTESIAN_POINT('',(22.6419167780838,-4.15987654153007,
103.749799425644));
#10140=DIRECTION('',(-0.707106780940463,0.707106781432262,
7.22712068129503E-7));
#10150=VECTOR('',#10140,1.);
#10160=LINE('',#10130,#10150);
#10170=CARTESIAN_POINT('',(22.5797796980026,-4.09773946140569,
103.749799489152));
#10180=VERTEX_POINT('',#10170);
#10190=EDGE_CURVE('',#10100,#10180,#10160,.T.);
#10200=ORIENTED_EDGE('',*,*,#10190,.F.);
#10210=CARTESIAN_POINT('',(0.729463126508767,-25.9480560179667,
103.749821821704));
#10220=DIRECTION('',(-0.707106781427986,-0.70710678094474,
7.22712589064653E-7));
#10230=VECTOR('',#10220,1.);
#10240=LINE('',#10210,#10230);
#10250=CARTESIAN_POINT('',(23.1454651231954,-3.53205403659952,
103.749798910982));
#10260=VERTEX_POINT('',#10250);
#10270=EDGE_CURVE('',#10260,#10180,#10240,.T.);
#10280=ORIENTED_EDGE('',*,*,#10270,.T.);
#10290=CARTESIAN_POINT('',(57.5134110414218,-37.8999999787292,
103.749763784563));
#10300=DIRECTION('',(0.707106780940463,-0.707106781432263,
-7.22712068129503E-7));
#10310=VECTOR('',#10300,1.);
#10320=LINE('',#10290,#10310);
#10330=CARTESIAN_POINT('',(23.5390171617268,-3.92560607540459,
103.749798508745));
#10340=VERTEX_POINT('',#10330);
#10350=EDGE_CURVE('',#10260,#10340,#10320,.T.);
#10360=ORIENTED_EDGE('',*,*,#10350,.F.);
#10370=CARTESIAN_POINT('',(17.5484148495059,-37.8999999882432,
103.749804631569));
#10380=DIRECTION('',(0.173648178009058,0.984807752951866,
-1.77480882223362E-7));
#10390=VECTOR('',#10380,1.);
#10400=LINE('',#10370,#10390);
#10410=CARTESIAN_POINT('',(23.6768075957447,-3.14415769362932,
103.749798367913));
#10420=VERTEX_POINT('',#10410);
#10430=EDGE_CURVE('',#10340,#10420,#10400,.T.);
#10440=ORIENTED_EDGE('',*,*,#10430,.F.);
#10450=CARTESIAN_POINT('',(58.4326498568368,-37.8999999785104,
103.749762845037));
#10460=DIRECTION('',(-0.707106780944371,0.707106781428355,
7.22712068133497E-7));
#10470=VECTOR('',#10460,1.);
#10480=LINE('',#10450,#10470);
#10490=CARTESIAN_POINT('',(22.7326498897186,-2.19999998695709,
103.749799332907));
#10500=VERTEX_POINT('',#10490);
#10510=EDGE_CURVE('',#10420,#10500,#10480,.T.);
#10520=ORIENTED_EDGE('',*,*,#10510,.F.);
#10530=CARTESIAN_POINT('',(0.679463126508787,-2.19999999619274,
103.749821872799));
#10540=DIRECTION('',(-0.999999999999478,-2.38057825194792E-10,
1.02206957679905E-6));
#10550=VECTOR('',#10540,1.);
#10560=LINE('',#10530,#10550);
#10570=CARTESIAN_POINT('',(1.65066595907284,-2.19999999197576,
103.749820880162));
#10580=VERTEX_POINT('',#10570);
#10590=EDGE_CURVE('',#10500,#10580,#10560,.T.);
#10600=ORIENTED_EDGE('',*,*,#10590,.F.);
#10610=CARTESIAN_POINT('',(0.822330223288433,-4.15987653676622,
103.749821726779));
#10620=DIRECTION('',(0.389303997925508,0.921109329666711,
-3.97896111378433E-7));
#10630=VECTOR('',#10620,1.);
#10640=LINE('',#10610,#10630);
#10650=CARTESIAN_POINT('',(0.9321662378027,-3.8999999923649,
103.749821614519));
#10660=VERTEX_POINT('',#10650);
#10670=EDGE_CURVE('',#10660,#10580,#10640,.T.);
#10680=ORIENTED_EDGE('',*,*,#10670,.T.);
#10690=CARTESIAN_POINT('',(0.932166237746242,-4.15987654154198,
103.749821614519));
#10700=DIRECTION('',(2.17246930843209E-10,1.,-3.68226480196506E-13));
#10710=VECTOR('',#10700,1.);
#10720=LINE('',#10690,#10710);
#10730=CARTESIAN_POINT('',(0.932166236216797,-11.1999999997859,
103.749821614522));
#10740=VERTEX_POINT('',#10730);
#10750=EDGE_CURVE('',#10740,#10660,#10720,.T.);
#10760=ORIENTED_EDGE('',*,*,#10750,.T.);
#10770=CARTESIAN_POINT('',(0.679463126508789,-11.199999999731,
103.749821872802));
#10780=DIRECTION('',(-0.999999999999478,2.17246931219465E-10,
1.02206957679905E-6));
#10790=VECTOR('',#10780,1.);
#10800=LINE('',#10770,#10790);
#10810=CARTESIAN_POINT('',(-7.06783376377881,-11.199999998048,
103.749829791078));
#10820=VERTEX_POINT('',#10810);
#10830=EDGE_CURVE('',#10740,#10820,#10800,.T.);
#10840=ORIENTED_EDGE('',*,*,#10830,.F.);
#10850=CARTESIAN_POINT('',(-7.06783376224937,-4.15987654154198,
103.749829791076));
#10860=DIRECTION('',(-2.17246930843209E-10,-1.,3.68226480196506E-13));
#10870=VECTOR('',#10860,1.);
#10880=LINE('',#10850,#10870);
#10890=CARTESIAN_POINT('',(-7.06783376219291,-3.89999999804969,
103.749829791076));
#10900=VERTEX_POINT('',#10890);
#10910=EDGE_CURVE('',#10900,#10820,#10880,.T.);
#10920=ORIENTED_EDGE('',*,*,#10910,.T.);
#10930=CARTESIAN_POINT('',(-6.95799774840855,-4.15987654154198,
103.749829678816));
#10940=DIRECTION('',(0.389303996885878,-0.921109330106108,
-3.97895432371215E-7));
#10950=VECTOR('',#10940,1.);
#10960=LINE('',#10930,#10950);
#10970=CARTESIAN_POINT('',(-7.78633348115799,-2.19999999776364,
103.749830525432));
#10980=VERTEX_POINT('',#10970);
#10990=EDGE_CURVE('',#10980,#10900,#10960,.T.);
#11000=ORIENTED_EDGE('',*,*,#10990,.T.);
#11010=CARTESIAN_POINT('',(0.679463126508787,-2.19999999176076,
103.749821872799));
#11020=DIRECTION('',(-0.999999999999478,-7.09075296037629E-10,
1.02206957679905E-6));
#11030=VECTOR('',#11020,1.);
#11040=LINE('',#11010,#11030);
#11050=CARTESIAN_POINT('',(-21.9683176535564,-2.20000000781974,
103.749845020406));
#11060=VERTEX_POINT('',#11050);
#11070=EDGE_CURVE('',#10980,#11060,#11040,.T.);
#11080=ORIENTED_EDGE('',*,*,#11070,.F.);
#11090=CARTESIAN_POINT('',(-57.6683176347582,-37.9000000061491,
103.749881508303));
#11100=DIRECTION('',(0.707106781016741,0.707106781355985,
-7.22712588644332E-7));
#11110=VECTOR('',#11100,1.);
#11120=LINE('',#11090,#11110);
#11130=CARTESIAN_POINT('',(-22.9124753419142,-3.14415769663042,
103.749845985402));
#11140=VERTEX_POINT('',#11130);
#11150=EDGE_CURVE('',#11140,#11060,#11120,.T.);
#11160=ORIENTED_EDGE('',*,*,#11150,.T.);
#11170=CARTESIAN_POINT('',(-16.7840825984313,-37.8999999964163,
103.749839721771));
#11180=DIRECTION('',(0.173648177908266,-0.984807752969638,
-1.77480157293096E-7));
#11190=VECTOR('',#11180,1.);
#11200=LINE('',#11170,#11190);
#11210=EDGE_CURVE('',#11140,#5490,#11200,.T.);
#11220=ORIENTED_EDGE('',*,*,#11210,.F.);
#11230=EDGE_LOOP('',(#11220,#11160,#11080,#11000,#10920,#10840,#10760,
#10680,#10600,#10520,#10440,#10360,#10280,#10200,#10120,#10030,#9950,
#9870,#9790,#9710,#9630,#9550,#9470,#9380,#9300,#9220,#9140,#9060,#8980,
#8900,#8820,#8740,#8650,#8570,#8490,#8410,#8330,#8250,#8160,#8080,#7990,
#7900,#7810,#7730,#7650,#7570,#7480,#7400,#7320,#7230,#7150,#7070,#6990,
#6910,#6830,#6750,#6670,#6590,#6510,#6430,#6340,#6260,#6180,#6100,#6020,
#5940,#5860,#5780,#5690,#5610,#5530));
#11240=FACE_OUTER_BOUND('',#11230,.T.);
#11250=ADVANCED_FACE('',(#11240),#5430,.F.);
#11260=COLOUR_RGB('',0.,0.443137288093567,0.709803938865662);
#11270=FILL_AREA_STYLE_COLOUR('',#11260);
#11280=FILL_AREA_STYLE('',(#11270));
#11290=SURFACE_STYLE_FILL_AREA(#11280);
#11300=SURFACE_SIDE_STYLE('',(#11290));
#11310=SURFACE_STYLE_USAGE(.BOTH.,#11300);
#11320=PRESENTATION_STYLE_ASSIGNMENT((#11310));
#11330=CARTESIAN_POINT('',(-29.6115229095032,-9.94572526274898,
104.549852833236));
#11340=DIRECTION('',(-0.173648177425421,-0.984807753054777,
1.77482598788023E-7));
#11350=DIRECTION('',(-0.984807753054263,0.173648177425511,
1.00656174493721E-6));
#11360=AXIS2_PLACEMENT_3D('',#11330,#11340,#11350);
#11370=PLANE('',#11360);
#11380=CARTESIAN_POINT('',(3.59208759651332,-15.8004176435051,
104.549818896171));
#11390=DIRECTION('',(-0.984807753054262,0.173648177425511,
1.00656174495686E-6));
#11400=VECTOR('',#11390,1.);
#11410=LINE('',#11380,#11400);
#11420=CARTESIAN_POINT('',(-28.9172264670532,-10.0681484579874,
104.549852123602));
#11430=VERTEX_POINT('',#11420);
#11440=CARTESIAN_POINT('',(-29.6986748488208,-9.93035802444824,
104.549852922313));
#11450=VERTEX_POINT('',#11440);
#11460=EDGE_CURVE('',#11430,#11450,#11410,.T.);
#11470=ORIENTED_EDGE('',*,*,#11460,.F.);
#11480=CARTESIAN_POINT('',(-29.6986673365986,-9.93035802443464,
111.899852921369));
#11490=DIRECTION('',(1.02207105908347E-6,1.85028886104593E-12,
0.999999999999478));
#11500=VECTOR('',#11490,1.);
#11510=LINE('',#11480,#11500);
#11520=EDGE_CURVE('',#6730,#11450,#11510,.T.);
#11530=ORIENTED_EDGE('',*,*,#11520,.T.);
#11540=ORIENTED_EDGE('',*,*,#6740,.T.);
#11550=CARTESIAN_POINT('',(-28.9172189546965,-10.0681484579975,
111.899852122674));
#11560=DIRECTION('',(1.02208934014679E-6,-1.37315583280755E-12,
0.999999999999478));
#11570=VECTOR('',#11560,1.);
#11580=LINE('',#11550,#11570);
#11590=EDGE_CURVE('',#6650,#11430,#11580,.T.);
#11600=ORIENTED_EDGE('',*,*,#11590,.F.);
#11610=EDGE_LOOP('',(#11600,#11540,#11530,#11470));
#11620=FACE_OUTER_BOUND('',#11610,.T.);
#11630=ADVANCED_FACE('',(#11620),#11370,.F.);
#11640=COLOUR_RGB('',0.,0.443137288093567,0.709803938865662);
#11650=FILL_AREA_STYLE_COLOUR('',#11640);
#11660=FILL_AREA_STYLE('',(#11650));
#11670=SURFACE_STYLE_FILL_AREA(#11660);
#11680=SURFACE_SIDE_STYLE('',(#11670));
#11690=SURFACE_STYLE_USAGE(.BOTH.,#11680);
#11700=PRESENTATION_STYLE_ASSIGNMENT((#11690));
#11710=CARTESIAN_POINT('',(-29.4242694338069,-10.1155720170666,
104.549852641846));
#11720=DIRECTION('',(1.02208934014679E-6,-1.3731558328907E-12,
0.999999999999478));
#11730=DIRECTION('',(0.707106781355616,-0.70710678101711,
-7.2272727453726E-7));
#11740=AXIS2_PLACEMENT_3D('',#11710,#11720,#11730);
#11750=PLANE('',#11740);
#11760=CARTESIAN_POINT('',(-56.7490780013355,-37.90000000593,
104.549880570203));
#11770=DIRECTION('',(0.707106781012833,0.707106781359893,
-7.2272533225206E-7));
#11780=VECTOR('',#11770,1.);
#11790=LINE('',#11760,#11780);
#11800=CARTESIAN_POINT('',(-29.310778505581,-10.4617004967084,
104.549852525847));
#11810=VERTEX_POINT('',#11800);
#11820=EDGE_CURVE('',#11810,#11430,#11790,.T.);
#11830=ORIENTED_EDGE('',*,*,#11820,.T.);
#11840=CARTESIAN_POINT('',(3.59208760307518,-43.364566588886,
104.549818896133));
#11850=DIRECTION('',(-0.707106781363431,0.707106781009295,
7.22727274481663E-7));
#11860=VECTOR('',#11850,1.);
#11870=LINE('',#11840,#11860);
#11880=CARTESIAN_POINT('',(-29.7703979134289,-10.0020810890907,
104.54985299562));
#11890=VERTEX_POINT('',#11880);
#11900=EDGE_CURVE('',#11810,#11890,#11870,.T.);
#11910=ORIENTED_EDGE('',*,*,#11900,.F.);
#11920=CARTESIAN_POINT('',(-57.6683168171026,-37.9000000061488,
104.549881509747));
#11930=DIRECTION('',(0.707106781016741,0.707106781355985,
-7.22725332256054E-7));
#11940=VECTOR('',#11930,1.);
#11950=LINE('',#11920,#11940);
#11960=EDGE_CURVE('',#11890,#11450,#11950,.T.);
#11970=ORIENTED_EDGE('',*,*,#11960,.F.);
#11980=ORIENTED_EDGE('',*,*,#11460,.T.);
#11990=EDGE_LOOP('',(#11980,#11970,#11910,#11830));
#12000=FACE_OUTER_BOUND('',#11990,.T.);
#12010=ADVANCED_FACE('',(#12000),#11750,.T.);
#12020=COLOUR_RGB('',0.,0.443137288093567,0.709803938865662);
#12030=FILL_AREA_STYLE_COLOUR('',#12020);
#12040=FILL_AREA_STYLE('',(#12030));
#12050=SURFACE_STYLE_FILL_AREA(#12040);
#12060=SURFACE_SIDE_STYLE('',(#12050));
#12070=SURFACE_STYLE_USAGE(.BOTH.,#12060);
#12080=PRESENTATION_STYLE_ASSIGNMENT((#12070));
#12090=CARTESIAN_POINT('',(-29.1481441800447,-10.2990661710923,
104.549852359621));
#12100=DIRECTION('',(-0.707106781359523,0.707106781013202,
7.22727274541253E-7));
#12110=DIRECTION('',(0.707106781012833,0.707106781359893,
-7.22725332251303E-7));
#12120=AXIS2_PLACEMENT_3D('',#12090,#12100,#12110);
#12130=PLANE('',#12120);
#12140=ORIENTED_EDGE('',*,*,#11590,.T.);
#12150=ORIENTED_EDGE('',*,*,#6660,.T.);
#12160=CARTESIAN_POINT('',(-29.3107709932906,-10.4617004967847,
111.899852524912));
#12170=DIRECTION('',(-1.02208032905306E-6,1.03842495648678E-11,
-0.999999999999478));
#12180=VECTOR('',#12170,1.);
#12190=LINE('',#12160,#12180);
#12200=EDGE_CURVE('',#11810,#6570,#12190,.T.);
#12210=ORIENTED_EDGE('',*,*,#12200,.T.);
#12220=ORIENTED_EDGE('',*,*,#11820,.F.);
#12230=EDGE_LOOP('',(#12220,#12210,#12150,#12140));
#12240=FACE_OUTER_BOUND('',#12230,.T.);
#12250=ADVANCED_FACE('',(#12240),#12130,.F.);
#12260=COLOUR_RGB('',0.,0.443137288093567,0.709803938865662);
#12270=FILL_AREA_STYLE_COLOUR('',#12260);
#12280=FILL_AREA_STYLE('',(#12270));
#12290=SURFACE_STYLE_FILL_AREA(#12280);
#12300=SURFACE_SIDE_STYLE('',(#12290));
#12310=SURFACE_STYLE_USAGE(.BOTH.,#12300);
#12320=PRESENTATION_STYLE_ASSIGNMENT((#12310));
#12330=CARTESIAN_POINT('',(0.932174566083848,-11.1999999997829,
111.899821614517));
#12340=DIRECTION('',(0.999999999999478,-2.17246931219448E-10,
-1.02206957679905E-6));
#12350=DIRECTION('',(-2.17246930843209E-10,-1.,3.68226480196506E-13));
#12360=AXIS2_PLACEMENT_3D('',#12330,#12340,#12350);
#12370=PLANE('',#12360);
#12380=CARTESIAN_POINT('',(0.932174566519378,-3.89999999508373,
111.899821614515));
#12390=DIRECTION('',(1.02209434417407E-6,5.89686361420778E-11,
0.999999999999478));
#12400=VECTOR('',#12390,1.);
#12410=LINE('',#12380,#12400);
#12420=CARTESIAN_POINT('',(0.932166824154721,-3.89999999553041,
104.324821614877));
#12430=VERTEX_POINT('',#12420);
#12440=CARTESIAN_POINT('',(0.932173979979749,-3.8999999923621,
111.324821614874));
#12450=VERTEX_POINT('',#12440);
#12460=EDGE_CURVE('',#12430,#12450,#12410,.T.);
#12470=ORIENTED_EDGE('',*,*,#12460,.F.);
#12480=CARTESIAN_POINT('',(0.932174567669751,-3.8999999923619,
111.899821614515));
#12490=DIRECTION('',(-1.02206957679905E-6,-3.68004438717645E-13,
-0.999999999999478));
#12500=VECTOR('',#12490,1.);
#12510=LINE('',#12480,#12500);
#12520=EDGE_CURVE('',#1670,#12450,#12510,.T.);
#12530=ORIENTED_EDGE('',*,*,#12520,.T.);
#12540=ORIENTED_EDGE('',*,*,#1680,.T.);
#12550=CARTESIAN_POINT('',(0.932174566083848,-11.1999999997829,
111.899821614517));
#12560=DIRECTION('',(-1.02206957679905E-6,-3.68004438717645E-13,
-0.999999999999478));
#12570=VECTOR('',#12560,1.);
#12580=LINE('',#12550,#12570);
#12590=CARTESIAN_POINT('',(0.932173978393841,-11.1999999997832,
111.324821614872));
#12600=VERTEX_POINT('',#12590);
#12610=EDGE_CURVE('',#1590,#12600,#12580,.T.);
#12620=ORIENTED_EDGE('',*,*,#12610,.F.);
#12630=CARTESIAN_POINT('',(0.932173994672832,-26.7000000014927,
111.324821614869));
#12640=DIRECTION('',(-6.95513259454266E-10,1.,2.08409403968275E-13));
#12650=VECTOR('',#12640,1.);
#12660=LINE('',#12630,#12650);
#12670=CARTESIAN_POINT('',(0.932173994672832,-26.7000000014927,
111.324821614869));
#12680=VERTEX_POINT('',#12670);
#12690=EDGE_CURVE('',#12680,#12600,#12660,.T.);
#12700=ORIENTED_EDGE('',*,*,#12690,.T.);
#12710=CARTESIAN_POINT('',(0.932136414892641,-26.7000000014851,
74.5573936313971));
#12720=DIRECTION('',(-1.02209434417412E-6,2.0769852379938E-13,
-0.999999999999478));
#12730=VECTOR('',#12720,1.);
#12740=LINE('',#12710,#12730);
#12750=CARTESIAN_POINT('',(0.932166840012423,-26.7000000014912,
104.324821614872));
#12760=VERTEX_POINT('',#12750);
#12770=EDGE_CURVE('',#12680,#12760,#12740,.T.);
#12780=ORIENTED_EDGE('',*,*,#12770,.F.);
#12790=CARTESIAN_POINT('',(0.932166840012423,-26.7000000014912,
104.324821614872));
#12800=DIRECTION('',(-6.95513259454266E-10,1.,2.08409403968275E-13));
#12810=VECTOR('',#12800,1.);
#12820=LINE('',#12790,#12810);
#12830=CARTESIAN_POINT('',(0.932166829231967,-11.1999999997857,
104.324821614876));
#12840=VERTEX_POINT('',#12830);
#12850=EDGE_CURVE('',#12760,#12840,#12820,.T.);
#12860=ORIENTED_EDGE('',*,*,#12850,.F.);
#12870=EDGE_CURVE('',#12840,#10740,#12580,.T.);
#12880=ORIENTED_EDGE('',*,*,#12870,.F.);
#12890=ORIENTED_EDGE('',*,*,#10750,.F.);
#12900=EDGE_CURVE('',#12430,#10660,#12510,.T.);
#12910=ORIENTED_EDGE('',*,*,#12900,.T.);
#12920=EDGE_LOOP('',(#12910,#12890,#12880,#12860,#12780,#12700,#12620,
#12540,#12530,#12470));
#12930=FACE_OUTER_BOUND('',#12920,.T.);
#12940=ADVANCED_FACE('',(#12930),#12370,.F.);
#12950=COLOUR_RGB('',0.,0.443137288093567,0.709803938865662);
#12960=FILL_AREA_STYLE_COLOUR('',#12950);
#12970=FILL_AREA_STYLE('',(#12960));
#12980=SURFACE_STYLE_FILL_AREA(#12970);
#12990=SURFACE_SIDE_STYLE('',(#12980));
#13000=SURFACE_STYLE_USAGE(.BOTH.,#12990);
#13010=PRESENTATION_STYLE_ASSIGNMENT((#13000));
#13020=CARTESIAN_POINT('',(-27.4467914403435,-31.7999999822282,
111.899850619803));
#13030=DIRECTION('',(2.17417201715252E-10,1.,-3.68226654225184E-13));
#13040=DIRECTION('',(0.999999999999478,-2.17417202091491E-10,
-1.02206957679905E-6));
#13050=AXIS2_PLACEMENT_3D('',#13020,#13030,#13040);
#13060=PLANE('',#13050);
#13070=ORIENTED_EDGE('',*,*,#5210,.F.);
#13080=CARTESIAN_POINT('',(-26.9660507145462,-31.7999999823327,
111.899850128452));
#13090=DIRECTION('',(-1.02206957679905E-6,-3.68004438717645E-13,
-0.999999999999478));
#13100=VECTOR('',#13090,1.);
#13110=LINE('',#13080,#13100);
#13120=EDGE_CURVE('',#5120,#6970,#13110,.T.);
#13130=ORIENTED_EDGE('',*,*,#13120,.F.);
#13140=ORIENTED_EDGE('',*,*,#6980,.T.);
#13150=CARTESIAN_POINT('',(-31.0178254719132,-31.7999999814518,
111.899854269648));
#13160=DIRECTION('',(1.02206957679905E-6,3.68004438717645E-13,
0.999999999999478));
#13170=VECTOR('',#13160,1.);
#13180=LINE('',#13150,#13170);
#13190=EDGE_CURVE('',#6890,#5200,#13180,.T.);
#13200=ORIENTED_EDGE('',*,*,#13190,.F.);
#13210=EDGE_LOOP('',(#13200,#13140,#13130,#13070));
#13220=FACE_OUTER_BOUND('',#13210,.T.);
#13230=ADVANCED_FACE('',(#13220),#13060,.F.);
#13240=COLOUR_RGB('',0.,0.443137288093567,0.709803938865662);
#13250=FILL_AREA_STYLE_COLOUR('',#13240);
#13260=FILL_AREA_STYLE('',(#13250));
#13270=SURFACE_STYLE_FILL_AREA(#13260);
#13280=SURFACE_SIDE_STYLE('',(#13270));
#13290=SURFACE_STYLE_USAGE(.BOTH.,#13280);
#13300=PRESENTATION_STYLE_ASSIGNMENT((#13290));
#13310=CARTESIAN_POINT('',(0.932174567669751,-3.8999999923619,
111.899821614515));
#13320=DIRECTION('',(0.92110932966623,-0.389303997925711,
-9.41437679492515E-7));
#13330=DIRECTION('',(-0.389303997925508,-0.921109329666711,
3.97896111378433E-7));
#13340=AXIS2_PLACEMENT_3D('',#13310,#13320,#13330);
#13350=PLANE('',#13340);
#13360=ORIENTED_EDGE('',*,*,#1760,.T.);
#13370=ORIENTED_EDGE('',*,*,#12520,.F.);
#13380=ORIENTED_EDGE('',*,*,#12460,.T.);
#13390=ORIENTED_EDGE('',*,*,#12900,.F.);
#13400=ORIENTED_EDGE('',*,*,#10670,.F.);
#13410=CARTESIAN_POINT('',(1.65067428893986,-2.19999999197283,
111.899820880157));
#13420=DIRECTION('',(1.02206957679905E-6,3.68004438717645E-13,
0.999999999999478));
#13430=VECTOR('',#13420,1.);
#13440=LINE('',#13410,#13430);
#13450=EDGE_CURVE('',#10580,#1750,#13440,.T.);
#13460=ORIENTED_EDGE('',*,*,#13450,.F.);
#13470=EDGE_LOOP('',(#13460,#13400,#13390,#13380,#13370,#13360));
#13480=FACE_OUTER_BOUND('',#13470,.T.);
#13490=ADVANCED_FACE('',(#13480),#13350,.F.);
#13500=COLOUR_RGB('',0.,0.443137288093567,0.709803938865662);
#13510=FILL_AREA_STYLE_COLOUR('',#13500);
#13520=FILL_AREA_STYLE('',(#13510));
#13530=SURFACE_STYLE_FILL_AREA(#13520);
#13540=SURFACE_SIDE_STYLE('',(#13530));
#13550=SURFACE_STYLE_USAGE(.BOTH.,#13540);
#13560=PRESENTATION_STYLE_ASSIGNMENT((#13550));
#13570=CARTESIAN_POINT('',(-26.8678254463734,-34.3000000128141,
111.89985002806));
#13580=DIRECTION('',(0.99922903624873,0.0392598155419906,
-1.02128161265238E-6));
#13590=DIRECTION('',(0.0392598155419701,-0.999229036249252,
-4.01258953354906E-8));
#13600=AXIS2_PLACEMENT_3D('',#13570,#13580,#13590);
#13610=PLANE('',#13600);
#13620=ORIENTED_EDGE('',*,*,#5130,.T.);
#13630=CARTESIAN_POINT('',(-26.8678254463734,-34.3000000128141,
111.89985002806));
#13640=DIRECTION('',(-1.02206957679905E-6,-3.68004438717645E-13,
-0.999999999999478));
#13650=VECTOR('',#13640,1.);
#13660=LINE('',#13630,#13650);
#13670=EDGE_CURVE('',#5040,#7050,#13660,.T.);
#13680=ORIENTED_EDGE('',*,*,#13670,.F.);
#13690=ORIENTED_EDGE('',*,*,#7060,.F.);
#13700=ORIENTED_EDGE('',*,*,#13120,.T.);
#13710=EDGE_LOOP('',(#13700,#13690,#13680,#13620));
#13720=FACE_OUTER_BOUND('',#13710,.T.);
#13730=ADVANCED_FACE('',(#13720),#13610,.F.);
#13740=COLOUR_RGB('',0.,0.443137288093567,0.709803938865662);
#13750=FILL_AREA_STYLE_COLOUR('',#13740);
#13760=FILL_AREA_STYLE('',(#13750));
#13770=SURFACE_STYLE_FILL_AREA(#13760);
#13780=SURFACE_SIDE_STYLE('',(#13770));
#13790=SURFACE_STYLE_USAGE(.BOTH.,#13780);
#13800=PRESENTATION_STYLE_ASSIGNMENT((#13790));
#13810=CARTESIAN_POINT('',(-26.8678254480245,-41.9000000126712,
111.899850028063));
#13820=DIRECTION('',(0.999999999999478,-2.17245506100679E-10,
-1.02206957679905E-6));
#13830=DIRECTION('',(-2.1724550572444E-10,-1.,3.68226478739935E-13));
#13840=AXIS2_PLACEMENT_3D('',#13810,#13820,#13830);
#13850=PLANE('',#13840);
#13860=ORIENTED_EDGE('',*,*,#5050,.T.);
#13870=CARTESIAN_POINT('',(-26.8678254482417,-42.9000000126709,
111.899850028063));
#13880=DIRECTION('',(-1.02206957679905E-6,-3.68004438717645E-13,
-0.999999999999478));
#13890=VECTOR('',#13880,1.);
#13900=LINE('',#13870,#13890);
#13910=CARTESIAN_POINT('',(-26.8678327560392,-42.9000000126736,
104.749850030061));
#13920=VERTEX_POINT('',#13910);
#13930=EDGE_CURVE('',#4960,#13920,#13900,.T.);
#13940=ORIENTED_EDGE('',*,*,#13930,.F.);
#13950=CARTESIAN_POINT('',(-26.867832754953,-37.8999999988165,
104.74985003006));
#13960=DIRECTION('',(-2.17245505887671E-10,-1.,2.08520439479544E-13));
#13970=VECTOR('',#13960,1.);
#13980=LINE('',#13950,#13970);
#13990=CARTESIAN_POINT('',(-26.8678327554961,-40.40000001282,
104.749850030061));
#14000=VERTEX_POINT('',#13990);
#14010=EDGE_CURVE('',#14000,#13920,#13980,.T.);
#14020=ORIENTED_EDGE('',*,*,#14010,.T.);
#14030=CARTESIAN_POINT('',(-26.8678254476986,-40.4000000128199,
111.899850028062));
#14040=DIRECTION('',(-1.02206957679905E-6,-2.08298399457191E-13,
-0.999999999999478));
#14050=VECTOR('',#14040,1.);
#14060=LINE('',#14030,#14050);
#14070=EDGE_CURVE('',#14000,#7130,#14060,.T.);
#14080=ORIENTED_EDGE('',*,*,#14070,.F.);
#14090=ORIENTED_EDGE('',*,*,#7140,.F.);
#14100=ORIENTED_EDGE('',*,*,#13670,.T.);
#14110=EDGE_LOOP('',(#14100,#14090,#14080,#14020,#13940,#13860));
#14120=FACE_OUTER_BOUND('',#14110,.T.);
#14130=ADVANCED_FACE('',(#14120),#13850,.F.);
#14140=COLOUR_RGB('',0.,0.443137288093567,0.709803938865662);
#14150=FILL_AREA_STYLE_COLOUR('',#14140);
#14160=FILL_AREA_STYLE('',(#14150));
#14170=SURFACE_STYLE_FILL_AREA(#14160);
#14180=SURFACE_SIDE_STYLE('',(#14170));
#14190=SURFACE_STYLE_USAGE(.BOTH.,#14180);
#14200=PRESENTATION_STYLE_ASSIGNMENT((#14190));
#14210=CARTESIAN_POINT('',(-30.7249322398418,-10.9566229281702,
111.899853970283));
#14220=DIRECTION('',(0.707106781355616,-0.70710678101711,
-7.22712068553818E-7));
#14230=DIRECTION('',(-0.707106781016741,-0.707106781355985,
7.22712588644332E-7));
#14240=AXIS2_PLACEMENT_3D('',#14210,#14220,#14230);
#14250=PLANE('',#14240);
#14260=ORIENTED_EDGE('',*,*,#11960,.T.);
#14270=CARTESIAN_POINT('',(-29.7703904012175,-10.002081089088,
111.899852994675));
#14280=DIRECTION('',(-1.02206957679905E-6,-3.68004438717645E-13,
-0.999999999999478));
#14290=VECTOR('',#14280,1.);
#14300=LINE('',#14270,#14290);
#14310=EDGE_CURVE('',#130,#11890,#14300,.T.);
#14320=ORIENTED_EDGE('',*,*,#14310,.T.);
#14330=ORIENTED_EDGE('',*,*,#140,.T.);
#14340=CARTESIAN_POINT('',(-31.0178254582094,-11.2495161466784,
111.899854269641));
#14350=DIRECTION('',(1.02206957679905E-6,3.68004438717645E-13,
0.999999999999478));
#14360=VECTOR('',#14350,1.);
#14370=LINE('',#14340,#14360);
#14380=EDGE_CURVE('',#6810,#110,#14370,.T.);
#14390=ORIENTED_EDGE('',*,*,#14380,.T.);
#14400=ORIENTED_EDGE('',*,*,#6820,.F.);
#14410=ORIENTED_EDGE('',*,*,#11520,.F.);
#14420=EDGE_LOOP('',(#14410,#14400,#14390,#14330,#14320,#14260));
#14430=FACE_OUTER_BOUND('',#14420,.T.);
#14440=ADVANCED_FACE('',(#14430),#14250,.F.);
#14450=COLOUR_RGB('',0.,0.443137288093567,0.709803938865662);
#14460=FILL_AREA_STYLE_COLOUR('',#14450);
#14470=FILL_AREA_STYLE('',(#14460));
#14480=SURFACE_STYLE_FILL_AREA(#14470);
#14490=SURFACE_SIDE_STYLE('',(#14480));
#14500=SURFACE_STYLE_USAGE(.BOTH.,#14490);
#14510=PRESENTATION_STYLE_ASSIGNMENT((#14500));
#14520=CARTESIAN_POINT('',(-28.9678254480826,-42.1660254161497,
111.899852174409));
#14530=DIRECTION('',(-0.999999999999478,2.15126367902426E-10,
1.02206957679905E-6));
#14540=DIRECTION('',(2.15126367526188E-10,1.,-3.68224312833254E-13));
#14550=AXIS2_PLACEMENT_3D('',#14520,#14530,#14540);
#14560=PLANE('',#14550);
#14570=CARTESIAN_POINT('',(-28.9678254482405,-42.9000000122152,
111.89985217441));
#14580=DIRECTION('',(-1.02206957679905E-6,-3.68004438717645E-13,
-0.999999999999478));
#14590=VECTOR('',#14580,1.);
#14600=LINE('',#14570,#14590);
#14610=CARTESIAN_POINT('',(-28.9678327560151,-42.9000000122179,
104.749852176455));
#14620=VERTEX_POINT('',#14610);
#14630=EDGE_CURVE('',#4880,#14620,#14600,.T.);
#14640=ORIENTED_EDGE('',*,*,#14630,.T.);
#14650=ORIENTED_EDGE('',*,*,#4890,.T.);
#14660=CARTESIAN_POINT('',(-28.9678254480406,-41.9708204056141,
111.899852174409));
#14670=DIRECTION('',(1.02206957679905E-6,3.68004438717646E-13,
0.999999999999478));
#14680=VECTOR('',#14670,1.);
#14690=LINE('',#14660,#14680);
#14700=CARTESIAN_POINT('',(-28.967832755838,-41.9708204056167,
104.749852176469));
#14710=VERTEX_POINT('',#14700);
#14720=EDGE_CURVE('',#14710,#4800,#14690,.T.);
#14730=ORIENTED_EDGE('',*,*,#14720,.T.);
#14740=CARTESIAN_POINT('',(-28.9678327549623,-37.8999999993164,
104.749852176454));
#14750=DIRECTION('',(2.15126367689418E-10,1.,-2.08518273524524E-13));
#14760=VECTOR('',#14750,1.);
#14770=LINE('',#14740,#14760);
#14780=EDGE_CURVE('',#14620,#14710,#14770,.T.);
#14790=ORIENTED_EDGE('',*,*,#14780,.T.);
#14800=EDGE_LOOP('',(#14790,#14730,#14650,#14640));
#14810=FACE_OUTER_BOUND('',#14800,.T.);
#14820=ADVANCED_FACE('',(#14810),#14560,.F.);
#14830=COLOUR_RGB('',0.,0.443137288093567,0.709803938865662);
#14840=FILL_AREA_STYLE_COLOUR('',#14830);
#14850=FILL_AREA_STYLE('',(#14840));
#14860=SURFACE_STYLE_FILL_AREA(#14850);
#14870=SURFACE_SIDE_STYLE('',(#14860));
#14880=SURFACE_STYLE_USAGE(.BOTH.,#14870);
#14890=PRESENTATION_STYLE_ASSIGNMENT((#14880));
#14900=CARTESIAN_POINT('',(-31.0178254705795,-29.7999999805529,
111.899854269647));
#14910=DIRECTION('',(0.999999999999478,-6.66833763041889E-10,
-1.02206957679905E-6));
#14920=DIRECTION('',(-6.66833762665414E-10,-1.,3.68685989219441E-13));
#14930=AXIS2_PLACEMENT_3D('',#14900,#14910,#14920);
#14940=PLANE('',#14930);
#14950=ORIENTED_EDGE('',*,*,#5270,.F.);
#14960=ORIENTED_EDGE('',*,*,#13190,.T.);
#14970=ORIENTED_EDGE('',*,*,#6900,.T.);
#14980=ORIENTED_EDGE('',*,*,#14380,.F.);
#14990=EDGE_LOOP('',(#14980,#14970,#14960,#14950));
#15000=FACE_OUTER_BOUND('',#14990,.T.);
#15010=CARTESIAN_POINT('',(-31.0178296293782,-20.6000000054031,
107.824854270673));
#15020=DIRECTION('',(0.999999999999478,2.41520387018918E-10,
-1.02209778703316E-6));
#15030=DIRECTION('',(1.02209778703316E-6,-2.00097621760324E-13,
0.999999999999478));
#15040=AXIS2_PLACEMENT_3D('',#15010,#15020,#15030);
#15050=CIRCLE('',#15040,5.6);
#15060=CARTESIAN_POINT('',(-31.0178262851294,-25.1425075728259,
111.099854270655));
#15070=VERTEX_POINT('',#15060);
#15080=CARTESIAN_POINT('',(-31.0178329796851,-25.1425075728662,
104.549854270742));
#15090=VERTEX_POINT('',#15080);
#15100=EDGE_CURVE('',#15070,#15090,#15050,.T.);
#15110=ORIENTED_EDGE('',*,*,#15100,.T.);
#15120=CARTESIAN_POINT('',(-31.0178262936365,-37.8999999998021,
111.099854270655));
#15130=DIRECTION('',(6.6683376304178E-10,1.,-4.477315969729E-16));
#15140=VECTOR('',#15130,1.);
#15150=LINE('',#15120,#15140);
#15160=CARTESIAN_POINT('',(-31.0178262829717,-15.8574924142372,
111.099854270657));
#15170=VERTEX_POINT('',#15160);
#15180=EDGE_CURVE('',#15070,#15170,#15150,.T.);
#15190=ORIENTED_EDGE('',*,*,#15180,.F.);
#15200=CARTESIAN_POINT('',(-31.0178296292448,-20.3999999816823,
107.824854270704));
#15210=DIRECTION('',(-0.999999999999478,-2.41520387018918E-10,
1.02209778703316E-6));
#15220=DIRECTION('',(1.02209778703316E-6,-2.00097621760324E-13,
0.999999999999478));
#15230=AXIS2_PLACEMENT_3D('',#15200,#15210,#15220);
#15240=CIRCLE('',#15230,5.6);
#15250=CARTESIAN_POINT('',(-31.0178329777122,-15.8574924142432,
104.549854270742));
#15260=VERTEX_POINT('',#15250);
#15270=EDGE_CURVE('',#15170,#15260,#15240,.T.);
#15280=ORIENTED_EDGE('',*,*,#15270,.F.);
#15290=CARTESIAN_POINT('',(-31.0178329881923,-37.8999999998045,
104.549854270742));
#15300=DIRECTION('',(6.66833763041654E-10,1.,-5.7054246838126E-16));
#15310=VECTOR('',#15300,1.);
#15320=LINE('',#15290,#15310);
#15330=EDGE_CURVE('',#15090,#15260,#15320,.T.);
#15340=ORIENTED_EDGE('',*,*,#15330,.T.);
#15350=EDGE_LOOP('',(#15340,#15280,#15190,#15110));
#15360=FACE_BOUND('',#15350,.T.);
#15370=ADVANCED_FACE('',(#15000,#15360),#14940,.F.);
#15380=COLOUR_RGB('',0.,0.443137288093567,0.709803938865662);
#15390=FILL_AREA_STYLE_COLOUR('',#15380);
#15400=FILL_AREA_STYLE('',(#15390));
#15410=SURFACE_STYLE_FILL_AREA(#15400);
#15420=SURFACE_SIDE_STYLE('',(#15410));
#15430=SURFACE_STYLE_USAGE(.BOTH.,#15420);
#15440=PRESENTATION_STYLE_ASSIGNMENT((#15430));
#15450=CARTESIAN_POINT('',(-28.4678254482425,-42.9000000123237,
111.899851663375));
#15460=DIRECTION('',(-2.16998494979295E-10,-1.,3.68226226277767E-13));
#15470=DIRECTION('',(-0.999999999999478,2.16998495355535E-10,
1.02206957679905E-6));
#15480=AXIS2_PLACEMENT_3D('',#15450,#15460,#15470);
#15490=PLANE('',#15480);
#15500=ORIENTED_EDGE('',*,*,#13930,.T.);
#15510=ORIENTED_EDGE('',*,*,#4970,.T.);
#15520=ORIENTED_EDGE('',*,*,#14630,.F.);
#15530=CARTESIAN_POINT('',(3.5920878073785,-42.9000000192833,
104.749818897208));
#15540=DIRECTION('',(-0.999999999999478,2.16998495355543E-10,
1.02209239417887E-6));
#15550=VECTOR('',#15540,1.);
#15560=LINE('',#15530,#15550);
#15570=EDGE_CURVE('',#13920,#14620,#15560,.T.);
#15580=ORIENTED_EDGE('',*,*,#15570,.T.);
#15590=EDGE_LOOP('',(#15580,#15520,#15510,#15500));
#15600=FACE_OUTER_BOUND('',#15590,.T.);
#15610=ADVANCED_FACE('',(#15600),#15490,.F.);
#15620=COLOUR_RGB('',0.,0.443137288093567,0.709803938865662);
#15630=FILL_AREA_STYLE_COLOUR('',#15620);
#15640=FILL_AREA_STYLE('',(#15630));
#15650=SURFACE_STYLE_FILL_AREA(#15640);
#15660=SURFACE_SIDE_STYLE('',(#15650));
#15670=SURFACE_STYLE_USAGE(.BOTH.,#15660);
#15680=PRESENTATION_STYLE_ASSIGNMENT((#15670));
#15690=CARTESIAN_POINT('',(-7.06782543391176,-11.199999998045,
111.899829791074));
#15700=DIRECTION('',(-2.17246930843225E-10,-1.,3.68226480196505E-13));
#15710=DIRECTION('',(-0.999999999999478,2.17246931219465E-10,
1.02206957679905E-6));
#15720=AXIS2_PLACEMENT_3D('',#15690,#15700,#15710);
#15730=PLANE('',#15720);
#15740=CARTESIAN_POINT('',(3.5920873654525,-11.2000000003636,
104.324818896191));
#15750=DIRECTION('',(0.999999999999478,-2.17246931219473E-10,
-1.0220924741578E-6));
#15760=VECTOR('',#15750,1.);
#15770=LINE('',#15740,#15760);
#15780=CARTESIAN_POINT('',(-2.21783317692257,-11.1999999991014,
104.324824834467));
#15790=VERTEX_POINT('',#15780);
#15800=EDGE_CURVE('',#15790,#12840,#15770,.T.);
#15810=ORIENTED_EDGE('',*,*,#15800,.T.);
#15820=CARTESIAN_POINT('',(-2.21782543457208,-11.1999999990986,
111.899824834037));
#15830=DIRECTION('',(-1.0220924741578E-6,-3.68004433743265E-13,
-0.999999999999478));
#15840=VECTOR('',#15830,1.);
#15850=LINE('',#15820,#15840);
#15860=CARTESIAN_POINT('',(-2.21782602227525,-11.1999999990988,
111.324824834463));
#15870=VERTEX_POINT('',#15860);
#15880=EDGE_CURVE('',#15870,#15790,#15850,.T.);
#15890=ORIENTED_EDGE('',*,*,#15880,.T.);
#15900=CARTESIAN_POINT('',(3.59209451993954,-11.200000000361,
111.324818896187));
#15910=DIRECTION('',(-0.999999999999478,2.17246931219473E-10,
1.0220924741578E-6));
#15920=VECTOR('',#15910,1.);
#15930=LINE('',#15900,#15920);
#15940=EDGE_CURVE('',#12600,#15870,#15930,.T.);
#15950=ORIENTED_EDGE('',*,*,#15940,.T.);
#15960=ORIENTED_EDGE('',*,*,#12610,.T.);
#15970=ORIENTED_EDGE('',*,*,#1600,.F.);
#15980=CARTESIAN_POINT('',(-7.06782543391176,-11.199999998045,
111.899829791074));
#15990=DIRECTION('',(-1.02206957679905E-6,-3.68004438717645E-13,
-0.999999999999478));
#16000=VECTOR('',#15990,1.);
#16010=LINE('',#15980,#16000);
#16020=CARTESIAN_POINT('',(-7.06782602188873,-11.1999999980452,
111.324829791612));
#16030=VERTEX_POINT('',#16020);
#16040=EDGE_CURVE('',#1510,#16030,#16010,.T.);
#16050=ORIENTED_EDGE('',*,*,#16040,.F.);
#16060=CARTESIAN_POINT('',(3.59209451993954,-11.200000000361,
111.324818896187));
#16070=DIRECTION('',(-0.999999999999478,2.17246931219473E-10,
1.0220924741578E-6));
#16080=VECTOR('',#16070,1.);
#16090=LINE('',#16060,#16080);
#16100=CARTESIAN_POINT('',(-3.91782602223603,-11.1999999987295,
111.324826572021));
#16110=VERTEX_POINT('',#16100);
#16120=EDGE_CURVE('',#16110,#16030,#16090,.T.);
#16130=ORIENTED_EDGE('',*,*,#16120,.T.);
#16140=CARTESIAN_POINT('',(-3.91782543453287,-11.1999999987293,
111.899826571555));
#16150=DIRECTION('',(1.0220924741578E-6,3.68004433743265E-13,
0.999999999999478));
#16160=VECTOR('',#16150,1.);
#16170=LINE('',#16140,#16160);
#16180=CARTESIAN_POINT('',(-3.91783317688336,-11.1999999987321,
104.324826572024));
#16190=VERTEX_POINT('',#16180);
#16200=EDGE_CURVE('',#16190,#16110,#16170,.T.);
#16210=ORIENTED_EDGE('',*,*,#16200,.T.);
#16220=CARTESIAN_POINT('',(3.5920873654525,-11.2000000003636,
104.324818896191));
#16230=DIRECTION('',(0.999999999999478,-2.17246931219473E-10,
-1.0220924741578E-6));
#16240=VECTOR('',#16230,1.);
#16250=LINE('',#16220,#16240);
#16260=CARTESIAN_POINT('',(-7.06783317653605,-11.1999999980478,
104.324829791615));
#16270=VERTEX_POINT('',#16260);
#16280=EDGE_CURVE('',#16270,#16190,#16250,.T.);
#16290=ORIENTED_EDGE('',*,*,#16280,.T.);
#16300=EDGE_CURVE('',#16270,#10820,#16010,.T.);
#16310=ORIENTED_EDGE('',*,*,#16300,.F.);
#16320=ORIENTED_EDGE('',*,*,#10830,.T.);
#16330=ORIENTED_EDGE('',*,*,#12870,.T.);
#16340=EDGE_LOOP('',(#16330,#16320,#16310,#16290,#16210,#16130,#16050,
#15970,#15960,#15950,#15890,#15810));
#16350=FACE_OUTER_BOUND('',#16340,.T.);
#16360=ADVANCED_FACE('',(#16350),#15730,.F.);
#16370=COLOUR_RGB('',0.,0.443137288093567,0.709803938865662);
#16380=FILL_AREA_STYLE_COLOUR('',#16370);
#16390=FILL_AREA_STYLE('',(#16380));
#16400=SURFACE_STYLE_FILL_AREA(#16390);
#16410=SURFACE_SIDE_STYLE('',(#16400));
#16420=SURFACE_STYLE_USAGE(.BOTH.,#16410);
#16430=PRESENTATION_STYLE_ASSIGNMENT((#16420));
#16440=CARTESIAN_POINT('',(-29.5678254478921,-41.3000000122319,
111.899852787651));
#16450=DIRECTION('',(1.02206957679905E-6,3.68004438717646E-13,
0.999999999999478));
#16460=DIRECTION('',(0.999999999999478,2.2129897646266E-16,
-1.02206957679905E-6));
#16470=AXIS2_PLACEMENT_3D('',#16440,#16450,#16460);
#16480=CYLINDRICAL_SURFACE('',#16470,0.89999999999984);
#16490=ORIENTED_EDGE('',*,*,#4810,.F.);
#16500=CARTESIAN_POINT('',(-30.4678254478911,-41.3000000120363,
111.899853707513));
#16510=DIRECTION('',(-1.02206957679905E-6,-3.68004438717645E-13,
-0.999999999999478));
#16520=VECTOR('',#16510,1.);
#16530=LINE('',#16500,#16520);
#16540=EDGE_CURVE('',#4710,#7300,#16530,.T.);
#16550=ORIENTED_EDGE('',*,*,#16540,.F.);
#16560=ORIENTED_EDGE('',*,*,#7310,.T.);
#16570=CARTESIAN_POINT('',(-29.5678254476966,-40.400000012232,
111.89985278765));
#16580=DIRECTION('',(1.02206957679905E-6,2.88151419087419E-13,
0.999999999999478));
#16590=VECTOR('',#16580,1.);
#16600=LINE('',#16570,#16590);
#16610=CARTESIAN_POINT('',(-29.5678327554712,-40.4000000122346,
104.74985278971));
#16620=VERTEX_POINT('',#16610);
#16630=EDGE_CURVE('',#7210,#16620,#16600,.T.);
#16640=ORIENTED_EDGE('',*,*,#16630,.F.);
#16650=CARTESIAN_POINT('',(-29.5678327556896,-41.3000000122345,
104.74985278971));
#16660=DIRECTION('',(1.02206957679905E-6,3.68004438717646E-13,
0.999999999999478));
#16670=DIRECTION('',(0.999999999999478,2.2129897646266E-16,
-1.02206957679905E-6));
#16680=AXIS2_PLACEMENT_3D('',#16650,#16660,#16670);
#16690=CIRCLE('',#16680,0.89999999999984);
#16700=EDGE_CURVE('',#14710,#16620,#16690,.T.);
#16710=ORIENTED_EDGE('',*,*,#16700,.T.);
#16720=ORIENTED_EDGE('',*,*,#14720,.F.);
#16730=EDGE_LOOP('',(#16720,#16710,#16640,#16560,#16550,#16490));
#16740=FACE_OUTER_BOUND('',#16730,.T.);
#16750=ADVANCED_FACE('',(#16740),#16480,.T.);
#16760=COLOUR_RGB('',0.,0.443137288093567,0.709803938865662);
#16770=FILL_AREA_STYLE_COLOUR('',#16760);
#16780=FILL_AREA_STYLE('',(#16770));
#16790=SURFACE_STYLE_FILL_AREA(#16780);
#16800=SURFACE_SIDE_STYLE('',(#16790));
#16810=SURFACE_STYLE_USAGE(.BOTH.,#16800);
#16820=PRESENTATION_STYLE_ASSIGNMENT((#16810));
#16830=CARTESIAN_POINT('',(-30.4678254483481,-43.4000000118869,
111.899853707514));
#16840=DIRECTION('',(0.999999999999478,-2.17631211457222E-10,
-1.02206957679905E-6));
#16850=DIRECTION('',(-2.17631211080982E-10,-1.,3.68226872957646E-13));
#16860=AXIS2_PLACEMENT_3D('',#16830,#16840,#16850);
#16870=PLANE('',#16860);
#16880=ORIENTED_EDGE('',*,*,#4720,.T.);
#16890=CARTESIAN_POINT('',(-30.4678254485658,-44.3999999840146,
111.899853707514));
#16900=DIRECTION('',(1.02206957679905E-6,3.68004438717645E-13,
0.999999999999478));
#16910=VECTOR('',#16900,1.);
#16920=LINE('',#16890,#16910);
#16930=EDGE_CURVE('',#7380,#4630,#16920,.T.);
#16940=ORIENTED_EDGE('',*,*,#16930,.T.);
#16950=ORIENTED_EDGE('',*,*,#7390,.F.);
#16960=ORIENTED_EDGE('',*,*,#16540,.T.);
#16970=EDGE_LOOP('',(#16960,#16950,#16940,#16880));
#16980=FACE_OUTER_BOUND('',#16970,.T.);
#16990=ADVANCED_FACE('',(#16980),#16870,.F.);
#17000=COLOUR_RGB('',0.,0.443137288093567,0.709803938865662);
#17010=FILL_AREA_STYLE_COLOUR('',#17000);
#17020=FILL_AREA_STYLE('',(#17010));
#17030=SURFACE_STYLE_FILL_AREA(#17020);
#17040=SURFACE_SIDE_STYLE('',(#17030));
#17050=SURFACE_STYLE_USAGE(.BOTH.,#17040);
#17060=PRESENTATION_STYLE_ASSIGNMENT((#17050));
#17070=CARTESIAN_POINT('',(-29.7703904012175,-10.002081089088,
111.899852994675));
#17080=DIRECTION('',(-0.707106781008925,-0.707106781363801,
7.22712588636344E-7));
#17090=DIRECTION('',(-0.707106781363431,0.707106781009295,
7.22712068561806E-7));
#17100=AXIS2_PLACEMENT_3D('',#17070,#17080,#17090);
#17110=PLANE('',#17100);
#17120=ORIENTED_EDGE('',*,*,#220,.T.);
#17130=ORIENTED_EDGE('',*,*,#14310,.F.);
#17140=ORIENTED_EDGE('',*,*,#11900,.T.);
#17150=ORIENTED_EDGE('',*,*,#12200,.F.);
#17160=ORIENTED_EDGE('',*,*,#6580,.F.);
#17170=CARTESIAN_POINT('',(-28.7450855681387,-11.0273859216533,
111.899851946742));
#17180=DIRECTION('',(-1.02206957679905E-6,-3.68004438717645E-13,
-0.999999999999478));
#17190=VECTOR('',#17180,1.);
#17200=LINE('',#17170,#17190);
#17210=EDGE_CURVE('',#210,#6490,#17200,.T.);
#17220=ORIENTED_EDGE('',*,*,#17210,.T.);
#17230=EDGE_LOOP('',(#17220,#17160,#17150,#17140,#17130,#17120));
#17240=FACE_OUTER_BOUND('',#17230,.T.);
#17250=ADVANCED_FACE('',(#17240),#17110,.F.);
#17260=COLOUR_RGB('',0.,0.443137288093567,0.709803938865662);
#17270=FILL_AREA_STYLE_COLOUR('',#17260);
#17280=FILL_AREA_STYLE('',(#17270));
#17290=SURFACE_STYLE_FILL_AREA(#17280);
#17300=SURFACE_SIDE_STYLE('',(#17290));
#17310=SURFACE_STYLE_USAGE(.BOTH.,#17300);
#17320=PRESENTATION_STYLE_ASSIGNMENT((#17310));
#17330=CARTESIAN_POINT('',(-17.1506070517042,-44.3999999869042,
111.899840096391));
#17340=DIRECTION('',(2.16982993490314E-10,1.,-3.68226210434167E-13));
#17350=DIRECTION('',(0.999999999999478,-2.16982993866553E-10,
-1.02206957679905E-6));
#17360=AXIS2_PLACEMENT_3D('',#17330,#17340,#17350);
#17370=PLANE('',#17360);
#17380=ORIENTED_EDGE('',*,*,#4640,.T.);
#17390=CARTESIAN_POINT('',(-16.0259174336333,-44.3999999871483,
111.89983894688));
#17400=DIRECTION('',(1.02206957679905E-6,3.68004438717646E-13,
0.999999999999478));
#17410=VECTOR('',#17400,1.);
#17420=LINE('',#17390,#17410);
#17430=EDGE_CURVE('',#7460,#4550,#17420,.T.);
#17440=ORIENTED_EDGE('',*,*,#17430,.T.);
#17450=ORIENTED_EDGE('',*,*,#7470,.F.);
#17460=ORIENTED_EDGE('',*,*,#16930,.F.);
#17470=EDGE_LOOP('',(#17460,#17450,#17440,#17380));
#17480=FACE_OUTER_BOUND('',#17470,.T.);
#17490=ADVANCED_FACE('',(#17480),#17370,.F.);
#17500=COLOUR_RGB('',0.,0.443137288093567,0.709803938865662);
#17510=FILL_AREA_STYLE_COLOUR('',#17500);
#17520=FILL_AREA_STYLE('',(#17510));
#17530=SURFACE_STYLE_FILL_AREA(#17520);
#17540=SURFACE_SIDE_STYLE('',(#17530));
#17550=SURFACE_STYLE_USAGE(.BOTH.,#17540);
#17560=PRESENTATION_STYLE_ASSIGNMENT((#17550));
#17570=CARTESIAN_POINT('',(-7.06782543232586,-3.89999999804669,
111.899829791071));
#17580=DIRECTION('',(-0.999999999999478,2.17246931219448E-10,
1.02206957679905E-6));
#17590=DIRECTION('',(2.17246930843209E-10,1.,-3.68226480196506E-13));
#17600=AXIS2_PLACEMENT_3D('',#17570,#17580,#17590);
#17610=PLANE('',#17600);
#17620=CARTESIAN_POINT('',(-7.06783316575558,-26.7000000070553,
104.324829791612));
#17630=DIRECTION('',(-6.95513259454266E-10,1.,2.08409403968275E-13));
#17640=VECTOR('',#17630,1.);
#17650=LINE('',#17620,#17640);
#17660=CARTESIAN_POINT('',(-7.06783316575558,-26.7000000070553,
104.324829791612));
#17670=VERTEX_POINT('',#17660);
#17680=EDGE_CURVE('',#17670,#16270,#17650,.T.);
#17690=ORIENTED_EDGE('',*,*,#17680,.T.);
#17700=CARTESIAN_POINT('',(-7.06786358388276,-26.7000000070492,
74.5574018081159));
#17710=DIRECTION('',(1.0220924741578E-6,-2.07698525100001E-13,
0.999999999999478));
#17720=VECTOR('',#17710,1.);
#17730=LINE('',#17700,#17720);
#17740=CARTESIAN_POINT('',(-7.06782601110827,-26.7000000070568,
111.324829791609));
#17750=VERTEX_POINT('',#17740);
#17760=EDGE_CURVE('',#17670,#17750,#17730,.T.);
#17770=ORIENTED_EDGE('',*,*,#17760,.F.);
#17780=CARTESIAN_POINT('',(-7.06782601110827,-26.7000000070568,
111.324829791609));
#17790=DIRECTION('',(-6.95513259454266E-10,1.,2.08409403968275E-13));
#17800=VECTOR('',#17790,1.);
#17810=LINE('',#17780,#17800);
#17820=EDGE_CURVE('',#17750,#16030,#17810,.T.);
#17830=ORIENTED_EDGE('',*,*,#17820,.F.);
#17840=ORIENTED_EDGE('',*,*,#16040,.T.);
#17850=ORIENTED_EDGE('',*,*,#1520,.T.);
#17860=CARTESIAN_POINT('',(-7.06782543232586,-3.89999999804669,
111.899829791071));
#17870=DIRECTION('',(-1.02206957679905E-6,-3.68004438717645E-13,
-0.999999999999478));
#17880=VECTOR('',#17870,1.);
#17890=LINE('',#17860,#17880);
#17900=CARTESIAN_POINT('',(-7.06782602696597,-3.89999998160267,
111.324829791613));
#17910=VERTEX_POINT('',#17900);
#17920=EDGE_CURVE('',#1430,#17910,#17890,.T.);
#17930=ORIENTED_EDGE('',*,*,#17920,.F.);
#17940=CARTESIAN_POINT('',(-7.0678254392628,-3.89999998163361,
111.899829791071));
#17950=DIRECTION('',(-1.02209247415784E-6,5.38080918258695E-11,
-0.999999999999478));
#17960=VECTOR('',#17950,1.);
#17970=LINE('',#17940,#17960);
#17980=CARTESIAN_POINT('',(-7.06783318161329,-3.89999998122601,
104.324829791617));
#17990=VERTEX_POINT('',#17980);
#18000=EDGE_CURVE('',#17910,#17990,#17970,.T.);
#18010=ORIENTED_EDGE('',*,*,#18000,.F.);
#18020=EDGE_CURVE('',#17990,#10900,#17890,.T.);
#18030=ORIENTED_EDGE('',*,*,#18020,.F.);
#18040=ORIENTED_EDGE('',*,*,#10910,.F.);
#18050=ORIENTED_EDGE('',*,*,#16300,.T.);
#18060=EDGE_LOOP('',(#18050,#18040,#18030,#18010,#17930,#17850,#17840,
#17830,#17770,#17690));
#18070=FACE_OUTER_BOUND('',#18060,.T.);
#18080=ADVANCED_FACE('',(#18070),#17610,.F.);
#18090=COLOUR_RGB('',0.,0.443137288093567,0.709803938865662);
#18100=FILL_AREA_STYLE_COLOUR('',#18090);
#18110=FILL_AREA_STYLE('',(#18100));
#18120=SURFACE_STYLE_FILL_AREA(#18110);
#18130=SURFACE_SIDE_STYLE('',(#18120));
#18140=SURFACE_STYLE_USAGE(.BOTH.,#18130);
#18150=PRESENTATION_STYLE_ASSIGNMENT((#18140));
#18160=CARTESIAN_POINT('',(-21.6678254401457,-40.2564659827002,
111.899844713301));
#18170=DIRECTION('',(1.02206957679905E-6,3.68004438717646E-13,
0.999999999999478));
#18180=DIRECTION('',(0.999999999999478,2.2129897646266E-16,
-1.02206957679905E-6));
#18190=AXIS2_PLACEMENT_3D('',#18160,#18170,#18180);
#18200=CYLINDRICAL_SURFACE('',#18190,7.);
#18210=ORIENTED_EDGE('',*,*,#4560,.F.);
#18220=CARTESIAN_POINT('',(-14.6678254401494,-40.2564659842209,
111.899837558814));
#18230=DIRECTION('',(-1.02206957679905E-6,-3.68004438717645E-13,
-0.999999999999478));
#18240=VECTOR('',#18230,1.);
#18250=LINE('',#18220,#18240);
#18260=EDGE_CURVE('',#4460,#7550,#18250,.T.);
#18270=ORIENTED_EDGE('',*,*,#18260,.F.);
#18280=ORIENTED_EDGE('',*,*,#7560,.T.);
#18290=ORIENTED_EDGE('',*,*,#17430,.F.);
#18300=EDGE_LOOP('',(#18290,#18280,#18270,#18210));
#18310=FACE_OUTER_BOUND('',#18300,.T.);
#18320=ADVANCED_FACE('',(#18310),#18200,.T.);
#18330=COLOUR_RGB('',0.,0.443137288093567,0.709803938865662);
#18340=FILL_AREA_STYLE_COLOUR('',#18330);
#18350=FILL_AREA_STYLE('',(#18340));
#18360=SURFACE_STYLE_FILL_AREA(#18350);
#18370=SURFACE_SIDE_STYLE('',(#18360));
#18380=SURFACE_STYLE_USAGE(.BOTH.,#18370);
#18390=PRESENTATION_STYLE_ASSIGNMENT((#18380));
#18400=CARTESIAN_POINT('',(-14.667825440064,-39.8636962627502,
111.899837558813));
#18410=DIRECTION('',(-0.999999999999478,2.17245506100679E-10,
1.02206957679905E-6));
#18420=DIRECTION('',(2.1724550572444E-10,1.,-3.68226478739935E-13));
#18430=AXIS2_PLACEMENT_3D('',#18400,#18410,#18420);
#18440=PLANE('',#18430);
#18450=ORIENTED_EDGE('',*,*,#4470,.F.);
#18460=CARTESIAN_POINT('',(-14.6678254400285,-39.6999999875898,
111.899837558813));
#18470=DIRECTION('',(1.02206957679905E-6,3.68004438717645E-13,
0.999999999999478));
#18480=VECTOR('',#18470,1.);
#18490=LINE('',#18460,#18480);
#18500=EDGE_CURVE('',#7630,#4380,#18490,.T.);
#18510=ORIENTED_EDGE('',*,*,#18500,.T.);
#18520=ORIENTED_EDGE('',*,*,#7640,.T.);
#18530=ORIENTED_EDGE('',*,*,#18260,.T.);
#18540=EDGE_LOOP('',(#18530,#18520,#18510,#18450));
#18550=FACE_OUTER_BOUND('',#18540,.T.);
#18560=ADVANCED_FACE('',(#18550),#18440,.F.);
#18570=COLOUR_RGB('',0.,0.443137288093567,0.709803938865662);
#18580=FILL_AREA_STYLE_COLOUR('',#18570);
#18590=FILL_AREA_STYLE('',(#18580));
#18600=SURFACE_STYLE_FILL_AREA(#18590);
#18610=SURFACE_SIDE_STYLE('',(#18600));
#18620=SURFACE_STYLE_USAGE(.BOTH.,#18610);
#18630=PRESENTATION_STYLE_ASSIGNMENT((#18620));
#18640=CARTESIAN_POINT('',(-27.8897807357564,-10.1720810887289,
111.899851072561));
#18650=DIRECTION('',(1.02206957679905E-6,3.68004438717646E-13,
0.999999999999478));
#18660=DIRECTION('',(0.999999999999478,2.2129897646266E-16,
-1.02206957679905E-6));
#18670=AXIS2_PLACEMENT_3D('',#18640,#18650,#18660);
#18680=CYLINDRICAL_SURFACE('',#18670,0.299999999999998);
#18690=ORIENTED_EDGE('',*,*,#390,.F.);
#18700=CARTESIAN_POINT('',(-28.1019127699991,-10.384213123198,
111.899851289375));
#18710=DIRECTION('',(1.02206957679905E-6,3.68004438717646E-13,
0.999999999999478));
#18720=VECTOR('',#18710,1.);
#18730=LINE('',#18700,#18720);
#18740=EDGE_CURVE('',#6410,#290,#18730,.T.);
#18750=ORIENTED_EDGE('',*,*,#18740,.T.);
#18760=ORIENTED_EDGE('',*,*,#6420,.T.);
#18770=CARTESIAN_POINT('',(-27.8897807358299,-9.87208108872889,
111.899851072561));
#18780=DIRECTION('',(-1.02206957679905E-6,-3.68004438717645E-13,
-0.999999999999478));
#18790=VECTOR('',#18780,1.);
#18800=LINE('',#18770,#18790);
#18810=EDGE_CURVE('',#380,#6320,#18800,.T.);
#18820=ORIENTED_EDGE('',*,*,#18810,.T.);
#18830=EDGE_LOOP('',(#18820,#18760,#18750,#18690));
#18840=FACE_OUTER_BOUND('',#18830,.T.);
#18850=ADVANCED_FACE('',(#18840),#18680,.T.);
#18860=COLOUR_RGB('',0.,0.443137288093567,0.709803938865662);
#18870=FILL_AREA_STYLE_COLOUR('',#18860);
#18880=FILL_AREA_STYLE('',(#18870));
#18890=SURFACE_STYLE_FILL_AREA(#18880);
#18900=SURFACE_SIDE_STYLE('',(#18890));
#18910=SURFACE_STYLE_USAGE(.BOTH.,#18900);
#18920=PRESENTATION_STYLE_ASSIGNMENT((#18910));
#18930=CARTESIAN_POINT('',(-15.3503942914916,-39.7597170240193,
111.899838256446));
#18940=DIRECTION('',(0.0871557425311975,-0.996194698110679,
-8.9078866280444E-8));
#18950=DIRECTION('',(-0.996194698110159,-0.0871557425312431,
1.01818032558114E-6));
#18960=AXIS2_PLACEMENT_3D('',#18930,#18940,#18950);
#18970=PLANE('',#18960);
#18980=ORIENTED_EDGE('',*,*,#4390,.F.);
#18990=CARTESIAN_POINT('',(-15.567825440045,-39.7787397845676,
111.899838478676));
#19000=DIRECTION('',(-1.02206957679905E-6,-3.68004438717645E-13,
-0.999999999999478));
#19010=VECTOR('',#19000,1.);
#19020=LINE('',#18990,#19010);
#19030=EDGE_CURVE('',#4300,#7710,#19020,.T.);
#19040=ORIENTED_EDGE('',*,*,#19030,.F.);
#19050=ORIENTED_EDGE('',*,*,#7720,.T.);
#19060=ORIENTED_EDGE('',*,*,#18500,.F.);
#19070=EDGE_LOOP('',(#19060,#19050,#19040,#18980));
#19080=FACE_OUTER_BOUND('',#19070,.T.);
#19090=ADVANCED_FACE('',(#19080),#18970,.F.);
#19100=COLOUR_RGB('',0.,0.443137288093567,0.709803938865662);
#19110=FILL_AREA_STYLE_COLOUR('',#19100);
#19120=FILL_AREA_STYLE('',(#19110));
#19130=SURFACE_STYLE_FILL_AREA(#19120);
#19140=SURFACE_SIDE_STYLE('',(#19130));
#19150=SURFACE_STYLE_USAGE(.BOTH.,#19140);
#19160=PRESENTATION_STYLE_ASSIGNMENT((#19150));
#19170=CARTESIAN_POINT('',(-7.65727076699237,-2.50534799937225,
111.899830393525));
#19180=DIRECTION('',(-0.921109330105626,-0.389303996886081,
9.41437966472807E-7));
#19190=DIRECTION('',(-0.389303996885878,0.921109330106108,
3.97895432371215E-7));
#19200=AXIS2_PLACEMENT_3D('',#19170,#19180,#19190);
#19210=PLANE('',#19200);
#19220=ORIENTED_EDGE('',*,*,#18000,.T.);
#19230=ORIENTED_EDGE('',*,*,#17920,.T.);
#19240=ORIENTED_EDGE('',*,*,#1440,.T.);
#19250=CARTESIAN_POINT('',(-7.78632515129094,-2.19999999776064,
111.899830525428));
#19260=DIRECTION('',(1.02206957679905E-6,3.68004438717645E-13,
0.999999999999478));
#19270=VECTOR('',#19260,1.);
#19280=LINE('',#19250,#19270);
#19290=EDGE_CURVE('',#10980,#1350,#19280,.T.);
#19300=ORIENTED_EDGE('',*,*,#19290,.T.);
#19310=ORIENTED_EDGE('',*,*,#10990,.F.);
#19320=ORIENTED_EDGE('',*,*,#18020,.T.);
#19330=EDGE_LOOP('',(#19320,#19310,#19300,#19240,#19230,#19220));
#19340=FACE_OUTER_BOUND('',#19330,.T.);
#19350=ADVANCED_FACE('',(#19340),#19210,.F.);
#19360=COLOUR_RGB('',0.,0.443137288093567,0.709803938865662);
#19370=FILL_AREA_STYLE_COLOUR('',#19360);
#19380=FILL_AREA_STYLE('',(#19370));
#19390=SURFACE_STYLE_FILL_AREA(#19380);
#19400=SURFACE_SIDE_STYLE('',(#19390));
#19410=SURFACE_STYLE_USAGE(.BOTH.,#19400);
#19420=PRESENTATION_STYLE_ASSIGNMENT((#19410));
#19430=CARTESIAN_POINT('',(-15.5678254398107,-38.6999999874002,
111.899838478676));
#19440=DIRECTION('',(-0.999999999999478,2.17245506100679E-10,
1.02206957679905E-6));
#19450=DIRECTION('',(2.1724550572444E-10,1.,-3.68226478739935E-13));
#19460=AXIS2_PLACEMENT_3D('',#19430,#19440,#19450);
#19470=PLANE('',#19460);
#19480=ORIENTED_EDGE('',*,*,#4310,.F.);
#19490=CARTESIAN_POINT('',(-15.5678254398107,-38.6999999874002,
111.899838478676));
#19500=DIRECTION('',(-1.02206957679905E-6,-3.68004438717645E-13,
-0.999999999999478));
#19510=VECTOR('',#19500,1.);
#19520=LINE('',#19490,#19510);
#19530=EDGE_CURVE('',#4220,#7790,#19520,.T.);
#19540=ORIENTED_EDGE('',*,*,#19530,.F.);
#19550=ORIENTED_EDGE('',*,*,#7800,.T.);
#19560=ORIENTED_EDGE('',*,*,#19030,.T.);
#19570=EDGE_LOOP('',(#19560,#19550,#19540,#19480));
#19580=FACE_OUTER_BOUND('',#19570,.T.);
#19590=ADVANCED_FACE('',(#19580),#19470,.F.);
#19600=COLOUR_RGB('',0.,0.443137288093567,0.709803938865662);
#19610=FILL_AREA_STYLE_COLOUR('',#19600);
#19620=FILL_AREA_STYLE('',(#19610));
#19630=SURFACE_STYLE_FILL_AREA(#19620);
#19640=SURFACE_SIDE_STYLE('',(#19630));
#19650=SURFACE_STYLE_USAGE(.BOTH.,#19640);
#19660=PRESENTATION_STYLE_ASSIGNMENT((#19650));
#19670=CARTESIAN_POINT('',(-7.26782543981501,-38.6999999892033,
111.899829995498));
#19680=DIRECTION('',(1.02206957679905E-6,3.68004438717646E-13,
0.999999999999478));
#19690=DIRECTION('',(0.999999999999478,2.2129897646266E-16,
-1.02206957679905E-6));
#19700=AXIS2_PLACEMENT_3D('',#19670,#19680,#19690);
#19710=CYLINDRICAL_SURFACE('',#19700,8.3);
#19720=ORIENTED_EDGE('',*,*,#4230,.T.);
#19730=CARTESIAN_POINT('',(-14.9092469097751,-35.4598336481181,
111.899837805561));
#19740=DIRECTION('',(-1.02206957679905E-6,-3.68004438717645E-13,
-0.999999999999478));
#19750=VECTOR('',#19740,1.);
#19760=LINE('',#19730,#19750);
#19770=EDGE_CURVE('',#4130,#7880,#19760,.T.);
#19780=ORIENTED_EDGE('',*,*,#19770,.F.);
#19790=ORIENTED_EDGE('',*,*,#7890,.F.);
#19800=ORIENTED_EDGE('',*,*,#19530,.T.);
#19810=EDGE_LOOP('',(#19800,#19790,#19780,#19720));
#19820=FACE_OUTER_BOUND('',#19810,.T.);
#19830=ADVANCED_FACE('',(#19820),#19710,.F.);
#19840=COLOUR_RGB('',0.,0.443137288093567,0.709803938865662);
#19850=FILL_AREA_STYLE_COLOUR('',#19840);
#19860=FILL_AREA_STYLE('',(#19850));
#19870=SURFACE_STYLE_FILL_AREA(#19860);
#19880=SURFACE_SIDE_STYLE('',(#19870));
#19890=SURFACE_STYLE_USAGE(.BOTH.,#19880);
#19900=PRESENTATION_STYLE_ASSIGNMENT((#19890));
#19910=CARTESIAN_POINT('',(-14.4489203151965,-35.6550243915551,
111.899837335076));
#19920=DIRECTION('',(1.02206957679905E-6,3.68004438717646E-13,
0.999999999999478));
#19930=DIRECTION('',(0.999999999999478,2.2129897646266E-16,
-1.02206957679905E-6));
#19940=AXIS2_PLACEMENT_3D('',#19910,#19920,#19930);
#19950=CYLINDRICAL_SURFACE('',#19940,0.5);
#19960=ORIENTED_EDGE('',*,*,#4140,.T.);
#19970=CARTESIAN_POINT('',(-13.9885937206462,-35.8502151349862,
111.89983686459));
#19980=DIRECTION('',(-1.02206957679905E-6,-3.68004438717645E-13,
-0.999999999999478));
#19990=VECTOR('',#19980,1.);
#20000=LINE('',#19970,#19990);
#20010=EDGE_CURVE('',#4040,#7970,#20000,.T.);
#20020=ORIENTED_EDGE('',*,*,#20010,.F.);
#20030=ORIENTED_EDGE('',*,*,#7980,.F.);
#20040=ORIENTED_EDGE('',*,*,#19770,.T.);
#20050=EDGE_LOOP('',(#20040,#20030,#20020,#19960));
#20060=FACE_OUTER_BOUND('',#20050,.T.);
#20070=ADVANCED_FACE('',(#20060),#19950,.F.);
#20080=COLOUR_RGB('',0.,0.443137288093567,0.709803938865662);
#20090=FILL_AREA_STYLE_COLOUR('',#20080);
#20100=FILL_AREA_STYLE('',(#20090));
#20110=SURFACE_STYLE_FILL_AREA(#20100);
#20120=SURFACE_SIDE_STYLE('',(#20110));
#20130=SURFACE_STYLE_USAGE(.BOTH.,#20120);
#20140=PRESENTATION_STYLE_ASSIGNMENT((#20130));
#20150=CARTESIAN_POINT('',(-7.26782543981501,-38.6999999892033,
111.899829995498));
#20160=DIRECTION('',(1.02206957679905E-6,3.68004438717646E-13,
0.999999999999478));
#20170=DIRECTION('',(0.999999999999478,2.2129897646266E-16,
-1.02206957679905E-6));
#20180=AXIS2_PLACEMENT_3D('',#20150,#20160,#20170);
#20190=CYLINDRICAL_SURFACE('',#20180,7.3);
#20200=ORIENTED_EDGE('',*,*,#4050,.F.);
#20210=CARTESIAN_POINT('',(-14.5616584512699,-38.399999987612,
111.899837450303));
#20220=DIRECTION('',(1.02206957679905E-6,3.68004438717646E-13,
0.999999999999478));
#20230=VECTOR('',#20220,1.);
#20240=LINE('',#20210,#20230);
#20250=EDGE_CURVE('',#8060,#3950,#20240,.T.);
#20260=ORIENTED_EDGE('',*,*,#20250,.T.);
#20270=ORIENTED_EDGE('',*,*,#8070,.T.);
#20280=ORIENTED_EDGE('',*,*,#20010,.T.);
#20290=EDGE_LOOP('',(#20280,#20270,#20260,#20200));
#20300=FACE_OUTER_BOUND('',#20290,.T.);
#20310=ADVANCED_FACE('',(#20300),#20190,.T.);
#20320=COLOUR_RGB('',0.,0.443137288093567,0.709803938865662);
#20330=FILL_AREA_STYLE_COLOUR('',#20320);
#20340=FILL_AREA_STYLE('',(#20330));
#20350=SURFACE_STYLE_FILL_AREA(#20340);
#20360=SURFACE_SIDE_STYLE('',(#20350));
#20370=SURFACE_STYLE_USAGE(.BOTH.,#20360);
#20380=PRESENTATION_STYLE_ASSIGNMENT((#20370));
#20390=CARTESIAN_POINT('',(-28.6036642119369,-10.8859645653821,
111.8998518022));
#20400=DIRECTION('',(0.707106781359524,-0.707106781013202,
-7.22712068557812E-7));
#20410=DIRECTION('',(-0.707106781012833,-0.707106781359893,
7.22712588640338E-7));
#20420=AXIS2_PLACEMENT_3D('',#20390,#20400,#20410);
#20430=PLANE('',#20420);
#20440=ORIENTED_EDGE('',*,*,#300,.T.);
#20450=ORIENTED_EDGE('',*,*,#17210,.F.);
#20460=ORIENTED_EDGE('',*,*,#6500,.F.);
#20470=ORIENTED_EDGE('',*,*,#18740,.F.);
#20480=EDGE_LOOP('',(#20470,#20460,#20450,#20440));
#20490=FACE_OUTER_BOUND('',#20480,.T.);
#20500=ADVANCED_FACE('',(#20490),#20430,.F.);
#20510=COLOUR_RGB('',0.,0.443137288093567,0.709803938865662);
#20520=FILL_AREA_STYLE_COLOUR('',#20510);
#20530=FILL_AREA_STYLE('',(#20520));
#20540=SURFACE_STYLE_FILL_AREA(#20530);
#20550=SURFACE_SIDE_STYLE('',(#20540));
#20560=SURFACE_STYLE_USAGE(.BOTH.,#20550);
#20570=PRESENTATION_STYLE_ASSIGNMENT((#20560));
#20580=CARTESIAN_POINT('',(11.2321745602311,-38.3999999932156,
111.899811087211));
#20590=DIRECTION('',(2.1724553348007E-10,1.,-3.68226478768303E-13));
#20600=DIRECTION('',(0.999999999999478,-2.1724553385631E-10,
-1.02206957679905E-6));
#20610=AXIS2_PLACEMENT_3D('',#20580,#20590,#20600);
#20620=PLANE('',#20610);
#20630=ORIENTED_EDGE('',*,*,#3960,.T.);
#20640=CARTESIAN_POINT('',(11.2321745602311,-38.3999999932156,
111.899811087211));
#20650=DIRECTION('',(-1.02206957679905E-6,-3.68004438717645E-13,
-0.999999999999478));
#20660=VECTOR('',#20650,1.);
#20670=LINE('',#20640,#20660);
#20680=EDGE_CURVE('',#3870,#8140,#20670,.T.);
#20690=ORIENTED_EDGE('',*,*,#20680,.F.);
#20700=ORIENTED_EDGE('',*,*,#8150,.F.);
#20710=ORIENTED_EDGE('',*,*,#20250,.F.);
#20720=EDGE_LOOP('',(#20710,#20700,#20690,#20630));
#20730=FACE_OUTER_BOUND('',#20720,.T.);
#20740=ADVANCED_FACE('',(#20730),#20620,.F.);
#20750=COLOUR_RGB('',0.,0.443137288093567,0.709803938865662);
#20760=FILL_AREA_STYLE_COLOUR('',#20750);
#20770=FILL_AREA_STYLE('',(#20760));
#20780=SURFACE_STYLE_FILL_AREA(#20770);
#20790=SURFACE_SIDE_STYLE('',(#20780));
#20800=SURFACE_STYLE_USAGE(.BOTH.,#20790);
#20810=PRESENTATION_STYLE_ASSIGNMENT((#20800));
#20820=CARTESIAN_POINT('',(11.2321745602745,-38.1999999932156,
111.899811087211));
#20830=DIRECTION('',(-1.02206957679905E-6,-3.68004438717646E-13,
-0.999999999999478));
#20840=DIRECTION('',(0.999999999999478,2.2129897646266E-16,
-1.02206957679905E-6));
#20850=AXIS2_PLACEMENT_3D('',#20820,#20830,#20840);
#20860=CYLINDRICAL_SURFACE('',#20850,0.2);
#20870=ORIENTED_EDGE('',*,*,#3880,.T.);
#20880=CARTESIAN_POINT('',(11.4321745602744,-38.1999999932596,
111.899810882797));
#20890=DIRECTION('',(-1.02206957679905E-6,-3.68004438717645E-13,
-0.999999999999478));
#20900=VECTOR('',#20890,1.);
#20910=LINE('',#20880,#20900);
#20920=EDGE_CURVE('',#3780,#8230,#20910,.T.);
#20930=ORIENTED_EDGE('',*,*,#20920,.F.);
#20940=ORIENTED_EDGE('',*,*,#8240,.F.);
#20950=ORIENTED_EDGE('',*,*,#20680,.T.);
#20960=EDGE_LOOP('',(#20950,#20940,#20930,#20870));
#20970=FACE_OUTER_BOUND('',#20960,.T.);
#20980=ADVANCED_FACE('',(#20970),#20860,.T.);
#20990=COLOUR_RGB('',0.,0.443137288093567,0.709803938865662);
#21000=FILL_AREA_STYLE_COLOUR('',#20990);
#21010=FILL_AREA_STYLE('',(#21000));
#21020=SURFACE_STYLE_FILL_AREA(#21010);
#21030=SURFACE_SIDE_STYLE('',(#21020));
#21040=SURFACE_STYLE_USAGE(.BOTH.,#21030);
#21050=PRESENTATION_STYLE_ASSIGNMENT((#21040));
#21060=CARTESIAN_POINT('',(16.8461640997239,-38.1999999944357,
111.899805349323));
#21070=DIRECTION('',(2.17245505724495E-10,1.,-3.68226478739935E-13));
#21080=DIRECTION('',(0.999999999999478,-2.17245506100734E-10,
-1.02206957679905E-6));
#21090=AXIS2_PLACEMENT_3D('',#21060,#21070,#21080);
#21100=PLANE('',#21090);
#21110=ORIENTED_EDGE('',*,*,#3790,.T.);
#21120=CARTESIAN_POINT('',(16.8461640997239,-38.1999999944357,
111.899805349323));
#21130=DIRECTION('',(-1.02206957679905E-6,-3.68004438717645E-13,
-0.999999999999478));
#21140=VECTOR('',#21130,1.);
#21150=LINE('',#21120,#21140);
#21160=EDGE_CURVE('',#3700,#8310,#21150,.T.);
#21170=ORIENTED_EDGE('',*,*,#21160,.F.);
#21180=ORIENTED_EDGE('',*,*,#8320,.F.);
#21190=ORIENTED_EDGE('',*,*,#20920,.T.);
#21200=EDGE_LOOP('',(#21190,#21180,#21170,#21110));
#21210=FACE_OUTER_BOUND('',#21200,.T.);
#21220=ADVANCED_FACE('',(#21210),#21100,.F.);
#21230=COLOUR_RGB('',0.,0.443137288093567,0.709803938865662);
#21240=FILL_AREA_STYLE_COLOUR('',#21230);
#21250=FILL_AREA_STYLE('',(#21240));
#21260=SURFACE_STYLE_FILL_AREA(#21250);
#21270=SURFACE_SIDE_STYLE('',(#21260));
#21280=SURFACE_STYLE_USAGE(.BOTH.,#21270);
#21290=PRESENTATION_STYLE_ASSIGNMENT((#21280));
#21300=CARTESIAN_POINT('',(19.1321745602271,-38.399999994932,
111.899803012861));
#21310=DIRECTION('',(0.0871557429640324,0.996194698072811,
-8.90795999309728E-8));
#21320=DIRECTION('',(0.996194698072291,-0.0871557429640779,
-1.01818026139504E-6));
#21330=AXIS2_PLACEMENT_3D('',#21300,#21310,#21320);
#21340=PLANE('',#21330);
#21350=ORIENTED_EDGE('',*,*,#3710,.T.);
#21360=CARTESIAN_POINT('',(19.1321745602271,-38.399999994932,
111.899803012861));
#21370=DIRECTION('',(-1.02206957679905E-6,-3.68004438717645E-13,
-0.999999999999478));
#21380=VECTOR('',#21370,1.);
#21390=LINE('',#21360,#21380);
#21400=EDGE_CURVE('',#3620,#8390,#21390,.T.);
#21410=ORIENTED_EDGE('',*,*,#21400,.F.);
#21420=ORIENTED_EDGE('',*,*,#8400,.F.);
#21430=ORIENTED_EDGE('',*,*,#21160,.T.);
#21440=EDGE_LOOP('',(#21430,#21420,#21410,#21350));
#21450=FACE_OUTER_BOUND('',#21440,.T.);
#21460=ADVANCED_FACE('',(#21450),#21340,.F.);
#21470=COLOUR_RGB('',0.,0.443137288093567,0.709803938865662);
#21480=FILL_AREA_STYLE_COLOUR('',#21470);
#21490=FILL_AREA_STYLE('',(#21480));
#21500=SURFACE_STYLE_FILL_AREA(#21490);
#21510=SURFACE_SIDE_STYLE('',(#21500));
#21520=SURFACE_STYLE_USAGE(.BOTH.,#21510);
#21530=PRESENTATION_STYLE_ASSIGNMENT((#21520));
#21540=CARTESIAN_POINT('',(19.1321745599881,-39.4999999949327,
111.899803012862));
#21550=DIRECTION('',(0.999999999999478,-2.17245533856255E-10,
-1.02206957679905E-6));
#21560=DIRECTION('',(-2.17245533480015E-10,-1.,3.68226478768303E-13));
#21570=AXIS2_PLACEMENT_3D('',#21540,#21550,#21560);
#21580=PLANE('',#21570);
#21590=ORIENTED_EDGE('',*,*,#3630,.T.);
#21600=CARTESIAN_POINT('',(19.1321745599881,-39.4999999949327,
111.899803012862));
#21610=DIRECTION('',(-1.02206957679905E-6,-3.68004438717645E-13,
-0.999999999999478));
#21620=VECTOR('',#21610,1.);
#21630=LINE('',#21600,#21620);
#21640=EDGE_CURVE('',#3540,#8470,#21630,.T.);
#21650=ORIENTED_EDGE('',*,*,#21640,.F.);
#21660=ORIENTED_EDGE('',*,*,#8480,.F.);
#21670=ORIENTED_EDGE('',*,*,#21400,.T.);
#21680=EDGE_LOOP('',(#21670,#21660,#21650,#21590));
#21690=FACE_OUTER_BOUND('',#21680,.T.);
#21700=ADVANCED_FACE('',(#21690),#21580,.F.);
#21710=COLOUR_RGB('',0.,0.443137288093567,0.709803938865662);
#21720=FILL_AREA_STYLE_COLOUR('',#21710);
#21730=FILL_AREA_STYLE('',(#21720));
#21740=SURFACE_STYLE_FILL_AREA(#21730);
#21750=SURFACE_SIDE_STYLE('',(#21740));
#21760=SURFACE_STYLE_USAGE(.BOTH.,#21750);
#21770=PRESENTATION_STYLE_ASSIGNMENT((#21760));
#21780=CARTESIAN_POINT('',(17.8321745599129,-39.8483339448107,
111.899804341552));
#21790=DIRECTION('',(0.258819044892499,-0.965925826345307,
-2.64530716215958E-7));
#21800=DIRECTION('',(-0.965925826344803,-0.258819044892634,
9.87243495798581E-7));
#21810=AXIS2_PLACEMENT_3D('',#21780,#21790,#21800);
#21820=PLANE('',#21810);
#21830=ORIENTED_EDGE('',*,*,#3550,.T.);
#21840=CARTESIAN_POINT('',(17.8321745599129,-39.8483339448107,
111.899804341552));
#21850=DIRECTION('',(-1.02206957679905E-6,-3.68004438717645E-13,
-0.999999999999478));
#21860=VECTOR('',#21850,1.);
#21870=LINE('',#21840,#21860);
#21880=EDGE_CURVE('',#3460,#8550,#21870,.T.);
#21890=ORIENTED_EDGE('',*,*,#21880,.F.);
#21900=ORIENTED_EDGE('',*,*,#8560,.F.);
#21910=ORIENTED_EDGE('',*,*,#21640,.T.);
#21920=EDGE_LOOP('',(#21910,#21900,#21890,#21830));
#21930=FACE_OUTER_BOUND('',#21920,.T.);
#21940=ADVANCED_FACE('',(#21930),#21820,.F.);
#21950=COLOUR_RGB('',0.,0.443137288093567,0.709803938865662);
#21960=FILL_AREA_STYLE_COLOUR('',#21950);
#21970=FILL_AREA_STYLE('',(#21960));
#21980=SURFACE_STYLE_FILL_AREA(#21970);
#21990=SURFACE_SIDE_STYLE('',(#21980));
#22000=SURFACE_STYLE_USAGE(.BOTH.,#21990);
#22010=PRESENTATION_STYLE_ASSIGNMENT((#22000));
#22020=CARTESIAN_POINT('',(17.8321745598145,-40.2999999946568,
111.899804341552));
#22030=DIRECTION('',(0.999999999999478,-2.17935731755089E-10,
-1.02206957679905E-6));
#22040=DIRECTION('',(-2.17935731378849E-10,-1.,3.68227184198578E-13));
#22050=AXIS2_PLACEMENT_3D('',#22020,#22030,#22040);
#22060=PLANE('',#22050);
#22070=ORIENTED_EDGE('',*,*,#3470,.T.);
#22080=CARTESIAN_POINT('',(17.8321745598145,-40.2999999946568,
111.899804341552));
#22090=DIRECTION('',(-1.02206957679905E-6,-3.68004438717645E-13,
-0.999999999999478));
#22100=VECTOR('',#22090,1.);
#22110=LINE('',#22080,#22100);
#22120=EDGE_CURVE('',#3380,#8630,#22110,.T.);
#22130=ORIENTED_EDGE('',*,*,#22120,.F.);
#22140=ORIENTED_EDGE('',*,*,#8640,.F.);
#22150=ORIENTED_EDGE('',*,*,#21880,.T.);
#22160=EDGE_LOOP('',(#22150,#22140,#22130,#22070));
#22170=FACE_OUTER_BOUND('',#22160,.T.);
#22180=ADVANCED_FACE('',(#22170),#22060,.F.);
#22190=COLOUR_RGB('',0.,0.443137288093567,0.709803938865662);
#22200=FILL_AREA_STYLE_COLOUR('',#22190);
#22210=FILL_AREA_STYLE('',(#22200));
#22220=SURFACE_STYLE_FILL_AREA(#22210);
#22230=SURFACE_SIDE_STYLE('',(#22220));
#22240=SURFACE_STYLE_USAGE(.BOTH.,#22230);
#22250=PRESENTATION_STYLE_ASSIGNMENT((#22240));
#22260=CARTESIAN_POINT('',(27.2261472394935,-38.8846282083994,
111.899794740258));
#22270=DIRECTION('',(-1.02206957679905E-6,-3.68004438717646E-13,
-0.999999999999478));
#22280=DIRECTION('',(0.999999999999478,2.2129897646266E-16,
-1.02206957679905E-6));
#22290=AXIS2_PLACEMENT_3D('',#22260,#22270,#22280);
#22300=CYLINDRICAL_SURFACE('',#22290,9.499999999999);
#22310=ORIENTED_EDGE('',*,*,#3390,.T.);
#22320=CARTESIAN_POINT('',(19.4911182120557,-44.3999999950166,
111.899802645998));
#22330=DIRECTION('',(-1.02206957679905E-6,-3.68004438717646E-13,
-0.999999999999478));
#22340=VECTOR('',#22330,1.);
#22350=LINE('',#22320,#22340);
#22360=EDGE_CURVE('',#3290,#8720,#22350,.T.);
#22370=ORIENTED_EDGE('',*,*,#22360,.F.);
#22380=ORIENTED_EDGE('',*,*,#8730,.F.);
#22390=ORIENTED_EDGE('',*,*,#22120,.T.);
#22400=EDGE_LOOP('',(#22390,#22380,#22370,#22310));
#22410=FACE_OUTER_BOUND('',#22400,.T.);
#22420=ADVANCED_FACE('',(#22410),#22300,.T.);
#22430=COLOUR_RGB('',0.,0.443137288093567,0.709803938865662);
#22440=FILL_AREA_STYLE_COLOUR('',#22430);
#22450=FILL_AREA_STYLE('',(#22440));
#22460=SURFACE_STYLE_FILL_AREA(#22450);
#22470=SURFACE_SIDE_STYLE('',(#22460));
#22480=SURFACE_STYLE_USAGE(.BOTH.,#22470);
#22490=PRESENTATION_STYLE_ASSIGNMENT((#22480));
#22500=CARTESIAN_POINT('',(-22.8407439472673,-3.07243463181321,
111.899845912091));
#22510=DIRECTION('',(0.707106781355616,-0.70710678101711,
-7.22712068553818E-7));
#22520=DIRECTION('',(-0.707106781016741,-0.707106781355985,
7.22712588644332E-7));
#22530=AXIS2_PLACEMENT_3D('',#22500,#22510,#22520);
#22540=PLANE('',#22530);
#22550=CARTESIAN_POINT('',(-22.9124670119123,-3.14415769649265,
111.899845985397));
#22560=DIRECTION('',(1.02208611670209E-6,1.69079074805102E-11,
0.999999999999478));
#22570=VECTOR('',#22560,1.);
#22580=LINE('',#22550,#22570);
#22590=CARTESIAN_POINT('',(-22.9124745242453,-3.14415769661691,
104.549845986219));
#22600=VERTEX_POINT('',#22590);
#22610=EDGE_CURVE('',#11140,#22600,#22580,.T.);
#22620=ORIENTED_EDGE('',*,*,#22610,.T.);
#22630=ORIENTED_EDGE('',*,*,#11150,.F.);
#22640=CARTESIAN_POINT('',(-21.9683093236894,-2.20000000781674,
111.899845020402));
#22650=DIRECTION('',(1.02206957679905E-6,3.68004438717645E-13,
0.999999999999478));
#22660=VECTOR('',#22650,1.);
#22670=LINE('',#22640,#22660);
#22680=EDGE_CURVE('',#11060,#1270,#22670,.T.);
#22690=ORIENTED_EDGE('',*,*,#22680,.F.);
#22700=ORIENTED_EDGE('',*,*,#1280,.T.);
#22710=CARTESIAN_POINT('',(-22.8407439472673,-3.07243463181321,
111.899845912091));
#22720=DIRECTION('',(-1.02206957679905E-6,-3.68004438717645E-13,
-0.999999999999478));
#22730=VECTOR('',#22720,1.);
#22740=LINE('',#22710,#22730);
#22750=CARTESIAN_POINT('',(-22.8407514594788,-3.07243463181599,
104.549845912912));
#22760=VERTEX_POINT('',#22750);
#22770=EDGE_CURVE('',#1190,#22760,#22740,.T.);
#22780=ORIENTED_EDGE('',*,*,#22770,.F.);
#22790=CARTESIAN_POINT('',(-57.6683168171026,-37.9000000061488,
104.549881509747));
#22800=DIRECTION('',(0.707106781016741,0.707106781355985,
-7.22725332256054E-7));
#22810=VECTOR('',#22800,1.);
#22820=LINE('',#22790,#22810);
#22830=EDGE_CURVE('',#22600,#22760,#22820,.T.);
#22840=ORIENTED_EDGE('',*,*,#22830,.T.);
#22850=EDGE_LOOP('',(#22840,#22780,#22700,#22690,#22630,#22620));
#22860=FACE_OUTER_BOUND('',#22850,.T.);
#22870=ADVANCED_FACE('',(#22860),#22540,.F.);
#22880=COLOUR_RGB('',0.,0.443137288093567,0.709803938865662);
#22890=FILL_AREA_STYLE_COLOUR('',#22880);
#22900=FILL_AREA_STYLE('',(#22890));
#22910=SURFACE_STYLE_FILL_AREA(#22900);
#22920=SURFACE_SIDE_STYLE('',(#22910));
#22930=SURFACE_STYLE_USAGE(.BOTH.,#22920);
#22940=PRESENTATION_STYLE_ASSIGNMENT((#22930));
#22950=CARTESIAN_POINT('',(20.9428581659507,-44.399999995332,
111.899801162219));
#22960=DIRECTION('',(2.17303431610805E-10,1.,-3.68226537944221E-13));
#22970=DIRECTION('',(0.999999999999478,-2.17303431987044E-10,
-1.02206957679905E-6));
#22980=AXIS2_PLACEMENT_3D('',#22950,#22960,#22970);
#22990=PLANE('',#22980);
#23000=ORIENTED_EDGE('',*,*,#3300,.T.);
#23010=CARTESIAN_POINT('',(21.8750364978319,-44.3999999955346,
111.899800209468));
#23020=DIRECTION('',(1.02206957679905E-6,3.68004438717645E-13,
0.999999999999478));
#23030=VECTOR('',#23020,1.);
#23040=LINE('',#23010,#23030);
#23050=EDGE_CURVE('',#8800,#3210,#23040,.T.);
#23060=ORIENTED_EDGE('',*,*,#23050,.T.);
#23070=ORIENTED_EDGE('',*,*,#8810,.F.);
#23080=ORIENTED_EDGE('',*,*,#22360,.T.);
#23090=EDGE_LOOP('',(#23080,#23070,#23060,#23000));
#23100=FACE_OUTER_BOUND('',#23090,.T.);
#23110=ADVANCED_FACE('',(#23100),#22990,.F.);
#23120=COLOUR_RGB('',0.,0.443137288093567,0.709803938865662);
#23130=FILL_AREA_STYLE_COLOUR('',#23120);
#23140=FILL_AREA_STYLE('',(#23130));
#23150=SURFACE_STYLE_FILL_AREA(#23140);
#23160=SURFACE_SIDE_STYLE('',(#23150));
#23170=SURFACE_STYLE_USAGE(.BOTH.,#23160);
#23180=PRESENTATION_STYLE_ASSIGNMENT((#23170));
#23190=CARTESIAN_POINT('',(-27.8897807358299,-9.87208108872889,
111.899851072561));
#23200=DIRECTION('',(2.4514729098595E-10,-1.,3.67753881129886E-13));
#23210=DIRECTION('',(-0.999999999999478,-2.45147290609952E-10,
1.02206957679905E-6));
#23220=AXIS2_PLACEMENT_3D('',#23190,#23200,#23210);
#23230=PLANE('',#23220);
#23240=ORIENTED_EDGE('',*,*,#470,.T.);
#23250=ORIENTED_EDGE('',*,*,#18810,.F.);
#23260=ORIENTED_EDGE('',*,*,#6330,.F.);
#23270=CARTESIAN_POINT('',(-26.5998312420611,-9.87208108841266,
111.899849754143));
#23280=DIRECTION('',(1.02206957679905E-6,3.68004438717645E-13,
0.999999999999478));
#23290=VECTOR('',#23280,1.);
#23300=LINE('',#23270,#23290);
#23310=EDGE_CURVE('',#6240,#460,#23300,.T.);
#23320=ORIENTED_EDGE('',*,*,#23310,.F.);
#23330=EDGE_LOOP('',(#23320,#23260,#23250,#23240));
#23340=FACE_OUTER_BOUND('',#23330,.T.);
#23350=ADVANCED_FACE('',(#23340),#23230,.F.);
#23360=COLOUR_RGB('',0.,0.443137288093567,0.709803938865662);
#23370=FILL_AREA_STYLE_COLOUR('',#23360);
#23380=FILL_AREA_STYLE('',(#23370));
#23390=SURFACE_STYLE_FILL_AREA(#23380);
#23400=SURFACE_SIDE_STYLE('',(#23390));
#23410=SURFACE_STYLE_USAGE(.BOTH.,#23400);
#23420=PRESENTATION_STYLE_ASSIGNMENT((#23410));
#23430=CARTESIAN_POINT('',(31.3138016755247,-33.1595145628574,
111.899790562389));
#23440=DIRECTION('',(-0.765813654513549,0.64306255260277,
7.82714601126134E-7));
#23450=DIRECTION('',(0.643062552602434,0.765813654513949,
-6.57254952816856E-7));
#23460=AXIS2_PLACEMENT_3D('',#23430,#23440,#23450);
#23470=PLANE('',#23460);
#23480=ORIENTED_EDGE('',*,*,#3220,.T.);
#23490=CARTESIAN_POINT('',(31.78217436667,-32.6017364729516,
111.899790083679));
#23500=DIRECTION('',(1.02206957679905E-6,3.68004438717645E-13,
0.999999999999478));
#23510=VECTOR('',#23500,1.);
#23520=LINE('',#23490,#23510);
#23530=EDGE_CURVE('',#8880,#3130,#23520,.T.);
#23540=ORIENTED_EDGE('',*,*,#23530,.T.);
#23550=ORIENTED_EDGE('',*,*,#8890,.F.);
#23560=ORIENTED_EDGE('',*,*,#23050,.F.);
#23570=EDGE_LOOP('',(#23560,#23550,#23540,#23480));
#23580=FACE_OUTER_BOUND('',#23570,.T.);
#23590=ADVANCED_FACE('',(#23580),#23470,.F.);
#23600=COLOUR_RGB('',0.,0.443137288093567,0.709803938865662);
#23610=FILL_AREA_STYLE_COLOUR('',#23600);
#23620=FILL_AREA_STYLE('',(#23610));
#23630=SURFACE_STYLE_FILL_AREA(#23620);
#23640=SURFACE_SIDE_STYLE('',(#23630));
#23650=SURFACE_STYLE_USAGE(.BOTH.,#23640);
#23660=PRESENTATION_STYLE_ASSIGNMENT((#23650));
#23670=CARTESIAN_POINT('',(-26.8217551235608,-10.0940049700213,
111.899849980964));
#23680=DIRECTION('',(-0.707106781359515,0.70710678101321,
7.22712068557804E-7));
#23690=DIRECTION('',(0.707106781012841,0.707106781359885,
-7.22712588640347E-7));
#23700=AXIS2_PLACEMENT_3D('',#23670,#23680,#23690);
#23710=PLANE('',#23700);
#23720=ORIENTED_EDGE('',*,*,#550,.T.);
#23730=ORIENTED_EDGE('',*,*,#23310,.T.);
#23740=ORIENTED_EDGE('',*,*,#6250,.F.);
#23750=CARTESIAN_POINT('',(-27.0303516239596,-10.3026014705224,
111.899850194164));
#23760=DIRECTION('',(-1.02206957679905E-6,-3.68004438717645E-13,
-0.999999999999478));
#23770=VECTOR('',#23760,1.);
#23780=LINE('',#23750,#23770);
#23790=EDGE_CURVE('',#540,#6160,#23780,.T.);
#23800=ORIENTED_EDGE('',*,*,#23790,.T.);
#23810=EDGE_LOOP('',(#23800,#23740,#23730,#23720));
#23820=FACE_OUTER_BOUND('',#23810,.T.);
#23830=ADVANCED_FACE('',(#23820),#23710,.F.);
#23840=COLOUR_RGB('',0.,0.443137288093567,0.709803938865662);
#23850=FILL_AREA_STYLE_COLOUR('',#23840);
#23860=FILL_AREA_STYLE('',(#23850));
#23870=SURFACE_STYLE_FILL_AREA(#23860);
#23880=SURFACE_SIDE_STYLE('',(#23870));
#23890=SURFACE_STYLE_USAGE(.BOTH.,#23880);
#23900=PRESENTATION_STYLE_ASSIGNMENT((#23890));
#23910=CARTESIAN_POINT('',(31.7821743616855,-11.6637296971827,
111.899790083671));
#23920=DIRECTION('',(-0.999999999999478,-2.3805887011058E-10,
1.02206957679905E-6));
#23930=DIRECTION('',(-2.38058870486581E-10,1.,-3.67761125988826E-13));
#23940=AXIS2_PLACEMENT_3D('',#23910,#23920,#23930);
#23950=PLANE('',#23940);
#23960=ORIENTED_EDGE('',*,*,#3140,.F.);
#23970=CARTESIAN_POINT('',(31.7821743615869,-11.2495161351494,
111.899790083671));
#23980=DIRECTION('',(1.02206957679905E-6,3.68004438717645E-13,
0.999999999999478));
#23990=VECTOR('',#23980,1.);
#24000=LINE('',#23970,#23990);
#24010=EDGE_CURVE('',#8960,#3050,#24000,.T.);
#24020=ORIENTED_EDGE('',*,*,#24010,.T.);
#24030=ORIENTED_EDGE('',*,*,#8970,.T.);
#24040=ORIENTED_EDGE('',*,*,#23530,.F.);
#24050=EDGE_LOOP('',(#24040,#24030,#24020,#23960));
#24060=FACE_OUTER_BOUND('',#24050,.T.);
#24070=CARTESIAN_POINT('',(31.7821701989471,-20.5999999261551,
107.824856315025));
#24080=DIRECTION('',(0.999999999999478,-6.70295279950259E-10,
-1.02205025713658E-6));
#24090=DIRECTION('',(1.02205025713658E-6,-1.9917270323898E-13,
0.999999999999478));
#24100=AXIS2_PLACEMENT_3D('',#24070,#24080,#24090);
#24110=CIRCLE('',#24100,5.6);
#24120=CARTESIAN_POINT('',(31.7821735473063,-25.1425074935635,
111.099856315008));
#24130=VERTEX_POINT('',#24120);
#24140=CARTESIAN_POINT('',(31.7821668486877,-25.1425074936301,
104.549856315114));
#24150=VERTEX_POINT('',#24140);
#24160=EDGE_CURVE('',#24130,#24150,#24110,.T.);
#24170=ORIENTED_EDGE('',*,*,#24160,.F.);
#24180=CARTESIAN_POINT('',(31.7821668557876,-37.8999999848544,
104.549856315095));
#24190=DIRECTION('',(-2.38058870111287E-10,1.,-5.70583546744265E-16));
#24200=VECTOR('',#24190,1.);
#24210=LINE('',#24180,#24200);
#24220=CARTESIAN_POINT('',(31.7821668547297,-15.8574923349804,
104.549856315115));
#24230=VERTEX_POINT('',#24220);
#24240=EDGE_CURVE('',#24150,#24230,#24210,.T.);
#24250=ORIENTED_EDGE('',*,*,#24240,.F.);
#24260=CARTESIAN_POINT('',(31.7821701988995,-20.3999999024343,
107.824856315056));
#24270=DIRECTION('',(-0.999999999999478,6.70295279950259E-10,
1.02205025713658E-6));
#24280=DIRECTION('',(1.02205025713658E-6,-1.9917270323898E-13,
0.999999999999478));
#24290=AXIS2_PLACEMENT_3D('',#24260,#24270,#24280);
#24300=CIRCLE('',#24290,5.6);
#24310=CARTESIAN_POINT('',(31.7821735491589,-15.8574923350051,
111.099856315031));
#24320=VERTEX_POINT('',#24310);
#24330=EDGE_CURVE('',#24320,#24230,#24300,.T.);
#24340=ORIENTED_EDGE('',*,*,#24330,.T.);
#24350=CARTESIAN_POINT('',(31.7821735503433,-37.899999984852,
111.099856315008));
#24360=DIRECTION('',(-2.38058870111162E-10,1.,-4.47772675409263E-16));
#24370=VECTOR('',#24360,1.);
#24380=LINE('',#24350,#24370);
#24390=EDGE_CURVE('',#24130,#24320,#24380,.T.);
#24400=ORIENTED_EDGE('',*,*,#24390,.T.);
#24410=EDGE_LOOP('',(#24400,#24340,#24250,#24170));
#24420=FACE_BOUND('',#24410,.T.);
#24430=ADVANCED_FACE('',(#24060,#24420),#23950,.F.);
#24440=COLOUR_RGB('',0.,0.443137288093567,0.709803938865662);
#24450=FILL_AREA_STYLE_COLOUR('',#24440);
#24460=FILL_AREA_STYLE('',(#24450));
#24470=SURFACE_STYLE_FILL_AREA(#24460);
#24480=SURFACE_SIDE_STYLE('',(#24470));
#24490=SURFACE_STYLE_USAGE(.BOTH.,#24480);
#24500=PRESENTATION_STYLE_ASSIGNMENT((#24490));
#24510=CARTESIAN_POINT('',(-27.0303516239596,-10.3026014705224,
111.899850194164));
#24520=DIRECTION('',(-0.707106781012832,-0.707106781359894,
7.22712588640337E-7));
#24530=DIRECTION('',(-0.707106781359525,0.707106781013201,
7.22712068557813E-7));
#24540=AXIS2_PLACEMENT_3D('',#24510,#24520,#24530);
#24550=PLANE('',#24540);
#24560=ORIENTED_EDGE('',*,*,#630,.T.);
#24570=ORIENTED_EDGE('',*,*,#23790,.F.);
#24580=ORIENTED_EDGE('',*,*,#6170,.F.);
#24590=CARTESIAN_POINT('',(-26.2878895035322,-11.0450635905861,
111.899849435317));
#24600=DIRECTION('',(-1.02206957679905E-6,-3.68004438717645E-13,
-0.999999999999478));
#24610=VECTOR('',#24600,1.);
#24620=LINE('',#24590,#24610);
#24630=EDGE_CURVE('',#620,#6080,#24620,.T.);
#24640=ORIENTED_EDGE('',*,*,#24630,.T.);
#24650=EDGE_LOOP('',(#24640,#24580,#24570,#24560));
#24660=FACE_OUTER_BOUND('',#24650,.T.);
#24670=ADVANCED_FACE('',(#24660),#24550,.F.);
#24680=COLOUR_RGB('',0.,0.443137288093567,0.709803938865662);
#24690=FILL_AREA_STYLE_COLOUR('',#24680);
#24700=FILL_AREA_STYLE('',(#24690));
#24710=SURFACE_STYLE_FILL_AREA(#24700);
#24720=SURFACE_SIDE_STYLE('',(#24710));
#24730=SURFACE_STYLE_USAGE(.BOTH.,#24720);
#24740=PRESENTATION_STYLE_ASSIGNMENT((#24730));
#24750=CARTESIAN_POINT('',(30.5347393142447,-10.0020810869533,
111.899791358636));
#24760=DIRECTION('',(-0.707106781427986,-0.70710678094474,
7.22712589064653E-7));
#24770=DIRECTION('',(-0.707106780944371,0.707106781428355,
7.22712068133497E-7));
#24780=AXIS2_PLACEMENT_3D('',#24750,#24760,#24770);
#24790=PLANE('',#24780);
#24800=CARTESIAN_POINT('',(30.4630162496546,-9.93035802231414,
111.899791431942));
#24810=DIRECTION('',(1.02207401941729E-6,-4.07461380211761E-12,
0.999999999999478));
#24820=VECTOR('',#24810,1.);
#24830=LINE('',#24800,#24820);
#24840=CARTESIAN_POINT('',(30.4630087374106,-9.93035802228419,
104.549791431697));
#24850=VERTEX_POINT('',#24840);
#24860=EDGE_CURVE('',#9040,#24850,#24830,.T.);
#24870=ORIENTED_EDGE('',*,*,#24860,.T.);
#24880=ORIENTED_EDGE('',*,*,#9050,.T.);
#24890=ORIENTED_EDGE('',*,*,#24010,.F.);
#24900=ORIENTED_EDGE('',*,*,#3060,.F.);
#24910=CARTESIAN_POINT('',(30.5347393142447,-10.0020810869533,
111.899791358636));
#24920=DIRECTION('',(-1.02206957679905E-6,-3.68004438717645E-13,
-0.999999999999478));
#24930=VECTOR('',#24920,1.);
#24940=LINE('',#24910,#24930);
#24950=CARTESIAN_POINT('',(30.5347318020333,-10.002081086956,
104.54979135839));
#24960=VERTEX_POINT('',#24950);
#24970=EDGE_CURVE('',#2970,#24960,#24940,.T.);
#24980=ORIENTED_EDGE('',*,*,#24970,.F.);
#24990=CARTESIAN_POINT('',(58.4326506744925,-37.8999999785101,
104.549762844186));
#25000=DIRECTION('',(-0.707106780944371,0.707106781428355,
7.22727274108865E-7));
#25010=VECTOR('',#25000,1.);
#25020=LINE('',#24990,#25010);
#25030=EDGE_CURVE('',#24960,#24850,#25020,.T.);
#25040=ORIENTED_EDGE('',*,*,#25030,.F.);
#25050=EDGE_LOOP('',(#25040,#24980,#24900,#24890,#24880,#24870));
#25060=FACE_OUTER_BOUND('',#25050,.T.);
#25070=ADVANCED_FACE('',(#25060),#24790,.F.);
#25080=COLOUR_RGB('',0.,0.443137288093567,0.709803938865662);
#25090=FILL_AREA_STYLE_COLOUR('',#25080);
#25100=FILL_AREA_STYLE('',(#25090));
#25110=SURFACE_STYLE_FILL_AREA(#25100);
#25120=SURFACE_SIDE_STYLE('',(#25110));
#25130=SURFACE_STYLE_USAGE(.BOTH.,#25120);
#25140=PRESENTATION_STYLE_ASSIGNMENT((#25130));
#25150=CARTESIAN_POINT('',(29.6508558373474,-10.885964563227,
111.899792262027));
#25160=DIRECTION('',(0.707106780936556,-0.70710678143617,
-7.22712068125509E-7));
#25170=DIRECTION('',(-0.707106781435801,-0.707106780936925,
7.22712589072641E-7));
#25180=AXIS2_PLACEMENT_3D('',#25150,#25160,#25170);
#25190=PLANE('',#25180);
#25200=ORIENTED_EDGE('',*,*,#24970,.T.);
#25210=ORIENTED_EDGE('',*,*,#2980,.F.);
#25220=CARTESIAN_POINT('',(29.509434481061,-11.0273859194137,
111.899792406569));
#25230=DIRECTION('',(-1.02206957679905E-6,-3.68004438717645E-13,
-0.999999999999478));
#25240=VECTOR('',#25230,1.);
#25250=LINE('',#25220,#25240);
#25260=EDGE_CURVE('',#2890,#9280,#25250,.T.);
#25270=ORIENTED_EDGE('',*,*,#25260,.F.);
#25280=ORIENTED_EDGE('',*,*,#9290,.T.);
#25290=CARTESIAN_POINT('',(30.0751199063335,-10.4617004945403,
111.899791828399));
#25300=DIRECTION('',(1.02207858789279E-6,9.37909817187958E-12,
0.999999999999478));
#25310=VECTOR('',#25300,1.);
#25320=LINE('',#25290,#25310);
#25330=CARTESIAN_POINT('',(30.0751123940558,-10.4617004946092,
104.549791828161));
#25340=VERTEX_POINT('',#25330);
#25350=EDGE_CURVE('',#9200,#25340,#25320,.T.);
#25360=ORIENTED_EDGE('',*,*,#25350,.F.);
#25370=CARTESIAN_POINT('',(3.59208760154689,-36.944725268434,
104.549818896142));
#25380=DIRECTION('',(-0.707106781435801,-0.707106780936925,
7.22725332656607E-7));
#25390=VECTOR('',#25380,1.);
#25400=LINE('',#25370,#25390);
#25410=EDGE_CURVE('',#24960,#25340,#25400,.T.);
#25420=ORIENTED_EDGE('',*,*,#25410,.T.);
#25430=EDGE_LOOP('',(#25420,#25360,#25280,#25270,#25210,#25200));
#25440=FACE_OUTER_BOUND('',#25430,.T.);
#25450=ADVANCED_FACE('',(#25440),#25190,.F.);
#25460=COLOUR_RGB('',0.,0.443137288093567,0.709803938865662);
#25470=FILL_AREA_STYLE_COLOUR('',#25460);
#25480=FILL_AREA_STYLE('',(#25470));
#25490=SURFACE_STYLE_FILL_AREA(#25480);
#25500=SURFACE_SIDE_STYLE('',(#25490));
#25510=SURFACE_STYLE_USAGE(.BOTH.,#25500);
#25520=PRESENTATION_STYLE_ASSIGNMENT((#25510));
#25530=CARTESIAN_POINT('',(-26.2878895035322,-11.0450635905861,
111.899849435317));
#25540=DIRECTION('',(0.707106781359483,-0.707106781013243,
-7.2271206855777E-7));
#25550=DIRECTION('',(-0.707106781012874,-0.707106781359852,
7.2271258864038E-7));
#25560=AXIS2_PLACEMENT_3D('',#25530,#25540,#25550);
#25570=PLANE('',#25560);
#25580=ORIENTED_EDGE('',*,*,#710,.T.);
#25590=ORIENTED_EDGE('',*,*,#24630,.F.);
#25600=ORIENTED_EDGE('',*,*,#6090,.F.);
#25610=CARTESIAN_POINT('',(-21.7977614441004,-6.55493552895102,
111.899844846092));
#25620=DIRECTION('',(-1.02206957679905E-6,-3.68004438717645E-13,
-0.999999999999478));
#25630=VECTOR('',#25620,1.);
#25640=LINE('',#25610,#25630);
#25650=EDGE_CURVE('',#700,#6000,#25640,.T.);
#25660=ORIENTED_EDGE('',*,*,#25650,.T.);
#25670=EDGE_LOOP('',(#25660,#25600,#25590,#25580));
#25680=FACE_OUTER_BOUND('',#25670,.T.);
#25690=ADVANCED_FACE('',(#25680),#25570,.F.);
#25700=COLOUR_RGB('',0.,0.443137288093567,0.709803938865662);
#25710=FILL_AREA_STYLE_COLOUR('',#25700);
#25720=FILL_AREA_STYLE('',(#25710));
#25730=SURFACE_STYLE_FILL_AREA(#25720);
#25740=SURFACE_SIDE_STYLE('',(#25730));
#25750=SURFACE_STYLE_USAGE(.BOTH.,#25740);
#25760=PRESENTATION_STYLE_ASSIGNMENT((#25750));
#25770=CARTESIAN_POINT('',(28.9781666835394,-10.4961181215225,
111.899792949562));
#25780=DIRECTION('',(-0.707106781431893,-0.707106780940833,
7.22712589068647E-7));
#25790=DIRECTION('',(-0.707106780940463,0.707106781432262,
7.22712068129503E-7));
#25800=AXIS2_PLACEMENT_3D('',#25770,#25780,#25790);
#25810=PLANE('',#25800);
#25820=ORIENTED_EDGE('',*,*,#2900,.F.);
#25830=CARTESIAN_POINT('',(28.8662616829872,-10.3842131208925,
111.899793063937));
#25840=DIRECTION('',(-1.02206957679905E-6,-3.68004438717646E-13,
-0.999999999999478));
#25850=VECTOR('',#25840,1.);
#25860=LINE('',#25830,#25850);
#25870=EDGE_CURVE('',#2810,#9360,#25860,.T.);
#25880=ORIENTED_EDGE('',*,*,#25870,.F.);
#25890=ORIENTED_EDGE('',*,*,#9370,.T.);
#25900=ORIENTED_EDGE('',*,*,#25260,.T.);
#25910=EDGE_LOOP('',(#25900,#25890,#25880,#25820));
#25920=FACE_OUTER_BOUND('',#25910,.T.);
#25930=ADVANCED_FACE('',(#25920),#25810,.F.);
#25940=COLOUR_RGB('',0.,0.443137288093567,0.709803938865662);
#25950=FILL_AREA_STYLE_COLOUR('',#25940);
#25960=FILL_AREA_STYLE('',(#25950));
#25970=SURFACE_STYLE_FILL_AREA(#25960);
#25980=SURFACE_SIDE_STYLE('',(#25970));
#25990=SURFACE_STYLE_USAGE(.BOTH.,#25980);
#26000=PRESENTATION_STYLE_ASSIGNMENT((#25990));
#26010=CARTESIAN_POINT('',(-21.7977614441004,-6.55493552895102,
111.899844846092));
#26020=DIRECTION('',(0.707106781012832,0.707106781359894,
-7.22712588640338E-7));
#26030=DIRECTION('',(0.707106781359524,-0.707106781013201,
-7.22712068557813E-7));
#26040=AXIS2_PLACEMENT_3D('',#26010,#26020,#26030);
#26050=PLANE('',#26040);
#26060=ORIENTED_EDGE('',*,*,#790,.T.);
#26070=ORIENTED_EDGE('',*,*,#25650,.F.);
#26080=ORIENTED_EDGE('',*,*,#6010,.F.);
#26090=CARTESIAN_POINT('',(-22.5402235645277,-5.81247340888736,
111.89984560494));
#26100=DIRECTION('',(-1.02206957679905E-6,-3.68004438717645E-13,
-0.999999999999478));
#26110=VECTOR('',#26100,1.);
#26120=LINE('',#26090,#26110);
#26130=EDGE_CURVE('',#780,#5920,#26120,.T.);
#26140=ORIENTED_EDGE('',*,*,#26130,.T.);
#26150=EDGE_LOOP('',(#26140,#26080,#26070,#26060));
#26160=FACE_OUTER_BOUND('',#26150,.T.);
#26170=ADVANCED_FACE('',(#26160),#26050,.F.);
#26180=COLOUR_RGB('',0.,0.443137288093567,0.709803938865662);
#26190=FILL_AREA_STYLE_COLOUR('',#26180);
#26200=FILL_AREA_STYLE('',(#26190));
#26210=SURFACE_STYLE_FILL_AREA(#26200);
#26220=SURFACE_SIDE_STYLE('',(#26210));
#26230=SURFACE_STYLE_USAGE(.BOTH.,#26220);
#26240=PRESENTATION_STYLE_ASSIGNMENT((#26230));
#26250=CARTESIAN_POINT('',(28.6541296487662,-10.1720810864017,
111.89979328075));
#26260=DIRECTION('',(-1.02206957679905E-6,-3.68004438717646E-13,
-0.999999999999478));
#26270=DIRECTION('',(-0.707106780940463,0.707106781432262,
7.22712068129503E-7));
#26280=AXIS2_PLACEMENT_3D('',#26250,#26260,#26270);
#26290=CYLINDRICAL_SURFACE('',#26280,0.299999999999998);
#26300=ORIENTED_EDGE('',*,*,#2820,.T.);
#26310=CARTESIAN_POINT('',(28.6541296488704,-9.87208108640173,
111.89979328075));
#26320=DIRECTION('',(-1.02206957679905E-6,-3.68004438717645E-13,
-0.999999999999478));
#26330=VECTOR('',#26320,1.);
#26340=LINE('',#26310,#26330);
#26350=EDGE_CURVE('',#2720,#9450,#26340,.T.);
#26360=ORIENTED_EDGE('',*,*,#26350,.F.);
#26370=ORIENTED_EDGE('',*,*,#9460,.F.);
#26380=ORIENTED_EDGE('',*,*,#25870,.T.);
#26390=EDGE_LOOP('',(#26380,#26370,#26360,#26300));
#26400=FACE_OUTER_BOUND('',#26390,.T.);
#26410=ADVANCED_FACE('',(#26400),#26290,.T.);
#26420=COLOUR_RGB('',0.,0.443137288093567,0.709803938865662);
#26430=FILL_AREA_STYLE_COLOUR('',#26420);
#26440=FILL_AREA_STYLE('',(#26430));
#26450=SURFACE_STYLE_FILL_AREA(#26440);
#26460=SURFACE_SIDE_STYLE('',(#26450));
#26470=SURFACE_STYLE_USAGE(.BOTH.,#26460);
#26480=PRESENTATION_STYLE_ASSIGNMENT((#26470));
#26490=CARTESIAN_POINT('',(27.6780279182099,-9.87208108606255,
111.899794278394));
#26500=DIRECTION('',(-3.47493493585207E-10,-1.,3.68359601245767E-13));
#26510=DIRECTION('',(-0.999999999999478,3.47493493961515E-10,
1.02206957679905E-6));
#26520=AXIS2_PLACEMENT_3D('',#26490,#26500,#26510);
#26530=PLANE('',#26520);
#26540=ORIENTED_EDGE('',*,*,#2730,.F.);
#26550=CARTESIAN_POINT('',(27.3641801551016,-9.87208108595349,
111.899794599168));
#26560=DIRECTION('',(1.02206957679905E-6,3.68004438717645E-13,
0.999999999999478));
#26570=VECTOR('',#26560,1.);
#26580=LINE('',#26550,#26570);
#26590=EDGE_CURVE('',#9530,#2640,#26580,.T.);
#26600=ORIENTED_EDGE('',*,*,#26590,.T.);
#26610=ORIENTED_EDGE('',*,*,#9540,.T.);
#26620=ORIENTED_EDGE('',*,*,#26350,.T.);
#26630=EDGE_LOOP('',(#26620,#26610,#26600,#26540));
#26640=FACE_OUTER_BOUND('',#26630,.T.);
#26650=ADVANCED_FACE('',(#26640),#26530,.F.);
#26660=COLOUR_RGB('',0.,0.443137288093567,0.709803938865662);
#26670=FILL_AREA_STYLE_COLOUR('',#26660);
#26680=FILL_AREA_STYLE('',(#26670));
#26690=SURFACE_STYLE_FILL_AREA(#26680);
#26700=SURFACE_SIDE_STYLE('',(#26690));
#26710=SURFACE_STYLE_USAGE(.BOTH.,#26700);
#26720=PRESENTATION_STYLE_ASSIGNMENT((#26710));
#26730=CARTESIAN_POINT('',(-22.5402235645277,-5.81247340888736,
111.89984560494));
#26740=DIRECTION('',(-0.707106781359491,0.707106781013234,
7.22712068557779E-7));
#26750=DIRECTION('',(0.707106781012865,0.707106781359861,
-7.22712588640371E-7));
#26760=AXIS2_PLACEMENT_3D('',#26730,#26740,#26750);
#26770=PLANE('',#26760);
#26780=ORIENTED_EDGE('',*,*,#870,.F.);
#26790=ORIENTED_EDGE('',*,*,#26130,.F.);
#26800=ORIENTED_EDGE('',*,*,#5930,.T.);
#26810=CARTESIAN_POINT('',(-22.9707439464266,-6.24299379099753,
111.899846044961));
#26820=DIRECTION('',(1.02206957679905E-6,3.68004438717645E-13,
0.999999999999478));
#26830=VECTOR('',#26820,1.);
#26840=LINE('',#26810,#26830);
#26850=EDGE_CURVE('',#5840,#860,#26840,.T.);
#26860=ORIENTED_EDGE('',*,*,#26850,.F.);
#26870=EDGE_LOOP('',(#26860,#26800,#26790,#26780));
#26880=FACE_OUTER_BOUND('',#26870,.T.);
#26890=ADVANCED_FACE('',(#26880),#26770,.F.);
#26900=COLOUR_RGB('',0.,0.443137288093567,0.709803938865662);
#26910=FILL_AREA_STYLE_COLOUR('',#26900);
#26920=FILL_AREA_STYLE('',(#26910));
#26930=SURFACE_STYLE_FILL_AREA(#26920);
#26940=SURFACE_SIDE_STYLE('',(#26930));
#26950=SURFACE_STYLE_USAGE(.BOTH.,#26940);
#26960=PRESENTATION_STYLE_ASSIGNMENT((#26950));
#26970=CARTESIAN_POINT('',(27.794700536956,-10.3026014681073,
111.899794159147));
#26980=DIRECTION('',(0.707106781431885,0.707106780940841,
-7.22712589068639E-7));
#26990=DIRECTION('',(0.707106780940472,-0.707106781432254,
-7.22712068129511E-7));
#27000=AXIS2_PLACEMENT_3D('',#26970,#26980,#26990);
#27010=PLANE('',#27000);
#27020=ORIENTED_EDGE('',*,*,#2650,.F.);
#27030=CARTESIAN_POINT('',(27.794700536956,-10.3026014681073,
111.899794159147));
#27040=DIRECTION('',(-1.02206957679905E-6,-3.68004438717645E-13,
-0.999999999999478));
#27050=VECTOR('',#27040,1.);
#27060=LINE('',#27030,#27050);
#27070=EDGE_CURVE('',#2560,#9610,#27060,.T.);
#27080=ORIENTED_EDGE('',*,*,#27070,.F.);
#27090=ORIENTED_EDGE('',*,*,#9620,.T.);
#27100=ORIENTED_EDGE('',*,*,#26590,.F.);
#27110=EDGE_LOOP('',(#27100,#27090,#27080,#27020));
#27120=FACE_OUTER_BOUND('',#27110,.T.);
#27130=ADVANCED_FACE('',(#27120),#27010,.F.);
#27140=COLOUR_RGB('',0.,0.443137288093567,0.709803938865662);
#27150=FILL_AREA_STYLE_COLOUR('',#27140);
#27160=FILL_AREA_STYLE('',(#27150));
#27170=SURFACE_STYLE_FILL_AREA(#27160);
#27180=SURFACE_SIDE_STYLE('',(#27170));
#27190=SURFACE_STYLE_USAGE(.BOTH.,#27180);
#27200=PRESENTATION_STYLE_ASSIGNMENT((#27190));
#27210=CARTESIAN_POINT('',(27.0522384164527,-11.045063588095,
111.899794917995));
#27220=DIRECTION('',(0.707106780940463,-0.707106781432263,
-7.22712068129502E-7));
#27230=DIRECTION('',(-0.707106781431894,-0.707106780940832,
7.22712589068648E-7));
#27240=AXIS2_PLACEMENT_3D('',#27210,#27220,#27230);
#27250=PLANE('',#27240);
#27260=ORIENTED_EDGE('',*,*,#2570,.F.);
#27270=CARTESIAN_POINT('',(27.0522384164527,-11.045063588095,
111.899794917995));
#27280=DIRECTION('',(-1.02206957679905E-6,-3.68004438717645E-13,
-0.999999999999478));
#27290=VECTOR('',#27280,1.);
#27300=LINE('',#27270,#27290);
#27310=EDGE_CURVE('',#2480,#9690,#27300,.T.);
#27320=ORIENTED_EDGE('',*,*,#27310,.F.);
#27330=ORIENTED_EDGE('',*,*,#9700,.T.);
#27340=ORIENTED_EDGE('',*,*,#27070,.T.);
#27350=EDGE_LOOP('',(#27340,#27330,#27320,#27260));
#27360=FACE_OUTER_BOUND('',#27350,.T.);
#27370=ADVANCED_FACE('',(#27360),#27250,.F.);
#27380=COLOUR_RGB('',0.,0.443137288093567,0.709803938865662);
#27390=FILL_AREA_STYLE_COLOUR('',#27380);
#27400=FILL_AREA_STYLE('',(#27390));
#27410=SURFACE_STYLE_FILL_AREA(#27400);
#27420=SURFACE_SIDE_STYLE('',(#27410));
#27430=SURFACE_STYLE_USAGE(.BOTH.,#27420);
#27440=PRESENTATION_STYLE_ASSIGNMENT((#27430));
#27450=CARTESIAN_POINT('',(22.5621103574804,-6.55493552600036,
111.899799507216));
#27460=DIRECTION('',(-0.707106781431852,-0.707106780940874,
7.22712589068605E-7));
#27470=DIRECTION('',(-0.707106780940504,0.707106781432222,
7.22712068129545E-7));
#27480=AXIS2_PLACEMENT_3D('',#27450,#27460,#27470);
#27490=PLANE('',#27480);
#27500=ORIENTED_EDGE('',*,*,#2490,.F.);
#27510=CARTESIAN_POINT('',(22.5621103574804,-6.55493552600036,
111.899799507216));
#27520=DIRECTION('',(-1.02206957679905E-6,-3.68004438717645E-13,
-0.999999999999478));
#27530=VECTOR('',#27520,1.);
#27540=LINE('',#27510,#27530);
#27550=EDGE_CURVE('',#2400,#9770,#27540,.T.);
#27560=ORIENTED_EDGE('',*,*,#27550,.F.);
#27570=ORIENTED_EDGE('',*,*,#9780,.T.);
#27580=ORIENTED_EDGE('',*,*,#27310,.T.);
#27590=EDGE_LOOP('',(#27580,#27570,#27560,#27500));
#27600=FACE_OUTER_BOUND('',#27590,.T.);
#27610=ADVANCED_FACE('',(#27600),#27490,.F.);
#27620=COLOUR_RGB('',0.,0.443137288093567,0.709803938865662);
#27630=FILL_AREA_STYLE_COLOUR('',#27620);
#27640=FILL_AREA_STYLE('',(#27630));
#27650=SURFACE_STYLE_FILL_AREA(#27640);
#27660=SURFACE_SIDE_STYLE('',(#27650));
#27670=SURFACE_STYLE_USAGE(.BOTH.,#27660);
#27680=PRESENTATION_STYLE_ASSIGNMENT((#27670));
#27690=CARTESIAN_POINT('',(23.3045724779837,-5.81247340601271,
111.899798748368));
#27700=DIRECTION('',(-0.707106780940463,0.707106781432263,
7.22712068129502E-7));
#27710=DIRECTION('',(0.707106781431894,0.707106780940832,
-7.22712589068648E-7));
#27720=AXIS2_PLACEMENT_3D('',#27690,#27700,#27710);
#27730=PLANE('',#27720);
#27740=ORIENTED_EDGE('',*,*,#2410,.F.);
#27750=CARTESIAN_POINT('',(23.3045724779837,-5.81247340601271,
111.899798748368));
#27760=DIRECTION('',(-1.02206957679905E-6,-3.68004438717645E-13,
-0.999999999999478));
#27770=VECTOR('',#27760,1.);
#27780=LINE('',#27750,#27770);
#27790=EDGE_CURVE('',#2320,#9850,#27780,.T.);
#27800=ORIENTED_EDGE('',*,*,#27790,.F.);
#27810=ORIENTED_EDGE('',*,*,#9860,.T.);
#27820=ORIENTED_EDGE('',*,*,#27550,.T.);
#27830=EDGE_LOOP('',(#27820,#27810,#27800,#27740));
#27840=FACE_OUTER_BOUND('',#27830,.T.);
#27850=ADVANCED_FACE('',(#27840),#27730,.F.);
#27860=COLOUR_RGB('',0.,0.443137288093567,0.709803938865662);
#27870=FILL_AREA_STYLE_COLOUR('',#27860);
#27880=FILL_AREA_STYLE('',(#27870));
#27890=SURFACE_STYLE_FILL_AREA(#27880);
#27900=SURFACE_SIDE_STYLE('',(#27890));
#27910=SURFACE_STYLE_USAGE(.BOTH.,#27900);
#27920=PRESENTATION_STYLE_ASSIGNMENT((#27910));
#27930=CARTESIAN_POINT('',(23.5131689783615,-6.0210699065356,
111.899798535168));
#27940=DIRECTION('',(0.707106781431861,0.707106780940865,
-7.22712589068614E-7));
#27950=DIRECTION('',(0.707106780940496,-0.70710678143223,
-7.22712068129536E-7));
#27960=AXIS2_PLACEMENT_3D('',#27930,#27940,#27950);
#27970=PLANE('',#27960);
#27980=ORIENTED_EDGE('',*,*,#2330,.T.);
#27990=CARTESIAN_POINT('',(23.7350928598385,-6.24299378816693,
111.899798308347));
#28000=DIRECTION('',(1.02206957679905E-6,3.68004438717645E-13,
0.999999999999478));
#28010=VECTOR('',#28000,1.);
#28020=LINE('',#27990,#28010);
#28030=EDGE_CURVE('',#9930,#2240,#28020,.T.);
#28040=ORIENTED_EDGE('',*,*,#28030,.T.);
#28050=ORIENTED_EDGE('',*,*,#9940,.F.);
#28060=ORIENTED_EDGE('',*,*,#27790,.T.);
#28070=EDGE_LOOP('',(#28060,#28050,#28040,#27980));
#28080=FACE_OUTER_BOUND('',#28070,.T.);
#28090=ADVANCED_FACE('',(#28080),#27970,.F.);
#28100=COLOUR_RGB('',0.,0.443137288093567,0.709803938865662);
#28110=FILL_AREA_STYLE_COLOUR('',#28100);
#28120=FILL_AREA_STYLE('',(#28110));
#28130=SURFACE_STYLE_FILL_AREA(#28120);
#28140=SURFACE_SIDE_STYLE('',(#28130));
#28150=SURFACE_STYLE_USAGE(.BOTH.,#28140);
#28160=PRESENTATION_STYLE_ASSIGNMENT((#28150));
#28170=CARTESIAN_POINT('',(-21.5540957615915,-2.20000000752302,
111.899844597047));
#28180=DIRECTION('',(7.09075296413385E-10,-1.,3.67279714429713E-13));
#28190=DIRECTION('',(-0.999999999999478,-7.09075296037629E-10,
1.02206957679905E-6));
#28200=AXIS2_PLACEMENT_3D('',#28170,#28180,#28190);
#28210=PLANE('',#28200);
#28220=ORIENTED_EDGE('',*,*,#1360,.F.);
#28230=ORIENTED_EDGE('',*,*,#22680,.T.);
#28240=ORIENTED_EDGE('',*,*,#11070,.T.);
#28250=ORIENTED_EDGE('',*,*,#19290,.F.);
#28260=EDGE_LOOP('',(#28250,#28240,#28230,#28220));
#28270=FACE_OUTER_BOUND('',#28260,.T.);
#28280=CARTESIAN_POINT('',(-19.8178328197486,-2.20000000629189,
111.899842822465));
#28290=DIRECTION('',(-3.46920350473194E-12,3.67279711984865E-13,1.));
#28300=VECTOR('',#28290,1.);
#28310=LINE('',#28280,#28300);
#28320=CARTESIAN_POINT('',(-19.8178328197313,-2.20000000629371,
106.924835390147));
#28330=VERTEX_POINT('',#28320);
#28340=CARTESIAN_POINT('',(-19.8178328197376,-2.20000000629305,
108.724835390273));
#28350=VERTEX_POINT('',#28340);
#28360=EDGE_CURVE('',#28330,#28350,#28310,.T.);
#28370=ORIENTED_EDGE('',*,*,#28360,.F.);
#28380=CARTESIAN_POINT('',(3.59209186043297,-2.19999998969365,
108.724835390006));
#28390=DIRECTION('',(-1.,-7.09075296413257E-10,1.143260229333E-11));
#28400=VECTOR('',#28390,1.);
#28410=LINE('',#28380,#28400);
#28420=CARTESIAN_POINT('',(-20.6178328197376,-2.20000000686031,
108.724835390282));
#28430=VERTEX_POINT('',#28420);
#28440=EDGE_CURVE('',#28350,#28430,#28410,.T.);
#28450=ORIENTED_EDGE('',*,*,#28440,.F.);
#28460=CARTESIAN_POINT('',(-20.6178328197486,-2.20000000685915,
111.899843640121));
#28470=DIRECTION('',(-3.46920350473194E-12,3.67279711984865E-13,1.));
#28480=VECTOR('',#28470,1.);
#28490=LINE('',#28460,#28480);
#28500=CARTESIAN_POINT('',(-20.6178328197456,-2.20000000685947,
111.024835390275));
#28510=VERTEX_POINT('',#28500);
#28520=EDGE_CURVE('',#28430,#28510,#28490,.T.);
#28530=ORIENTED_EDGE('',*,*,#28520,.F.);
#28540=CARTESIAN_POINT('',(3.592094211193,-2.19999998969281,
111.024835389998));
#28550=DIRECTION('',(1.,7.09075296413257E-10,-1.143260229333E-11));
#28560=VECTOR('',#28550,1.);
#28570=LINE('',#28540,#28560);
#28580=CARTESIAN_POINT('',(-10.0178328196979,-2.19999999934327,
111.024835390154));
#28590=VERTEX_POINT('',#28580);
#28600=EDGE_CURVE('',#28510,#28590,#28570,.T.);
#28610=ORIENTED_EDGE('',*,*,#28600,.F.);
#28620=CARTESIAN_POINT('',(-10.0178328196879,-2.19999999934295,
111.899832806184));
#28630=DIRECTION('',(-1.14326022998945E-11,-3.67279722520379E-13,-1.));
#28640=VECTOR('',#28630,1.);
#28650=LINE('',#28620,#28640);
#28660=CARTESIAN_POINT('',(-10.0178328197163,-2.19999999934387,
109.413510524741));
#28670=VERTEX_POINT('',#28660);
#28680=EDGE_CURVE('',#28590,#28670,#28650,.T.);
#28690=ORIENTED_EDGE('',*,*,#28680,.F.);
#28700=CARTESIAN_POINT('',(-7.53151307940866,-2.19999999757997,
111.899830264992));
#28710=DIRECTION('',(-0.707106781194632,-5.01651623768605E-10,
-0.707106781178464));
#28720=VECTOR('',#28710,1.);
#28730=LINE('',#28700,#28720);
#28740=CARTESIAN_POINT('',(-10.7065079543052,-2.19999999983244,
108.724835390168));
#28750=VERTEX_POINT('',#28740);
#28760=EDGE_CURVE('',#28670,#28750,#28730,.T.);
#28770=ORIENTED_EDGE('',*,*,#28760,.F.);
#28780=CARTESIAN_POINT('',(3.59209186043297,-2.19999998969365,
108.724835390004));
#28790=DIRECTION('',(-1.,-7.09075296413257E-10,1.14681183341981E-11));
#28800=VECTOR('',#28790,1.);
#28810=LINE('',#28780,#28800);
#28820=CARTESIAN_POINT('',(-11.3178328197242,-2.20000000026591,
108.724835390175));
#28830=VERTEX_POINT('',#28820);
#28840=EDGE_CURVE('',#28750,#28830,#28810,.T.);
#28850=ORIENTED_EDGE('',*,*,#28840,.F.);
#28860=CARTESIAN_POINT('',(-11.3178328196879,-2.20000000026474,
111.899834134874));
#28870=DIRECTION('',(-1.14326022998945E-11,-3.67279722520379E-13,-1.));
#28880=VECTOR('',#28870,1.);
#28890=LINE('',#28860,#28880);
#28900=CARTESIAN_POINT('',(-11.3178328197447,-2.20000000026658,
106.924835390044));
#28910=VERTEX_POINT('',#28900);
#28920=EDGE_CURVE('',#28830,#28910,#28890,.T.);
#28930=ORIENTED_EDGE('',*,*,#28920,.F.);
#28940=CARTESIAN_POINT('',(3.59209002070774,-2.19999998969432,
106.924835389873));
#28950=DIRECTION('',(1.,7.09075296413257E-10,-1.14681183341981E-11));
#28960=VECTOR('',#28950,1.);
#28970=LINE('',#28940,#28960);
#28980=CARTESIAN_POINT('',(-10.7065079541931,-2.1999999998331,
106.924835390037));
#28990=VERTEX_POINT('',#28980);
#29000=EDGE_CURVE('',#28910,#28990,#28970,.T.);
#29010=ORIENTED_EDGE('',*,*,#29000,.F.);
#29020=CARTESIAN_POINT('',(3.59207540656069,-2.19999998969958,
92.626252028956));
#29030=DIRECTION('',(0.707106781178464,5.01132224880549E-10,
-0.707106781194632));
#29040=VECTOR('',#29030,1.);
#29050=LINE('',#29020,#29040);
#29060=CARTESIAN_POINT('',(-10.0178328197526,-2.19999999934502,
106.236160255581));
#29070=VERTEX_POINT('',#29060);
#29080=EDGE_CURVE('',#28990,#29070,#29050,.T.);
#29090=ORIENTED_EDGE('',*,*,#29080,.F.);
#29100=CARTESIAN_POINT('',(-10.0178328196879,-2.19999999934295,
111.899832806184));
#29110=DIRECTION('',(-1.14326022998945E-11,-3.67279722520379E-13,-1.));
#29120=VECTOR('',#29110,1.);
#29130=LINE('',#29100,#29120);
#29140=CARTESIAN_POINT('',(-10.017832819771,-2.19999999934563,
104.624835390183));
#29150=VERTEX_POINT('',#29140);
#29160=EDGE_CURVE('',#29070,#29150,#29130,.T.);
#29170=ORIENTED_EDGE('',*,*,#29160,.F.);
#29180=CARTESIAN_POINT('',(3.59208766994771,-2.19999998969517,
104.62483539023));
#29190=DIRECTION('',(-1.,-7.09075296413368E-10,-3.46920350981413E-12));
#29200=VECTOR('',#29190,1.);
#29210=LINE('',#29180,#29200);
#29220=CARTESIAN_POINT('',(-20.6178328197234,-2.20000000686182,
104.624835390146));
#29230=VERTEX_POINT('',#29220);
#29240=EDGE_CURVE('',#29150,#29230,#29210,.T.);
#29250=ORIENTED_EDGE('',*,*,#29240,.F.);
#29260=CARTESIAN_POINT('',(-20.6178328197486,-2.20000000685915,
111.899843640121));
#29270=DIRECTION('',(-3.46920350473194E-12,3.67279711984865E-13,1.));
#29280=VECTOR('',#29270,1.);
#29290=LINE('',#29260,#29280);
#29300=CARTESIAN_POINT('',(-20.6178328197313,-2.20000000686098,
106.924835390144));
#29310=VERTEX_POINT('',#29300);
#29320=EDGE_CURVE('',#29230,#29310,#29290,.T.);
#29330=ORIENTED_EDGE('',*,*,#29320,.F.);
#29340=CARTESIAN_POINT('',(3.59209002070774,-2.19999998969432,
106.924835390228));
#29350=DIRECTION('',(1.,7.09075296413368E-10,3.46920350981413E-12));
#29360=VECTOR('',#29350,1.);
#29370=LINE('',#29340,#29360);
#29380=EDGE_CURVE('',#29310,#28330,#29370,.T.);
#29390=ORIENTED_EDGE('',*,*,#29380,.F.);
#29400=EDGE_LOOP('',(#29390,#29330,#29250,#29170,#29090,#29010,#28930,
#28850,#28770,#28690,#28610,#28530,#28450,#28370));
#29410=FACE_BOUND('',#29400,.T.);
#29420=ADVANCED_FACE('',(#28270,#29410),#28210,.F.);
#29430=COLOUR_RGB('',0.,0.443137288093567,0.709803938865662);
#29440=FILL_AREA_STYLE_COLOUR('',#29430);
#29450=FILL_AREA_STYLE('',(#29440));
#29460=SURFACE_STYLE_FILL_AREA(#29450);
#29470=SURFACE_SIDE_STYLE('',(#29460));
#29480=SURFACE_STYLE_USAGE(.BOTH.,#29470);
#29490=PRESENTATION_STYLE_ASSIGNMENT((#29480));
#29500=CARTESIAN_POINT('',(23.7350928602868,-4.95304429439684,
111.899798308346));
#29510=DIRECTION('',(-0.999999999999478,3.47493493961508E-10,
1.02206957679905E-6));
#29520=DIRECTION('',(3.47493493585201E-10,1.,-3.68359601245767E-13));
#29530=AXIS2_PLACEMENT_3D('',#29500,#29510,#29520);
#29540=PLANE('',#29530);
#29550=ORIENTED_EDGE('',*,*,#2250,.F.);
#29560=CARTESIAN_POINT('',(23.7350928602868,-4.95304429439684,
111.899798308346));
#29570=DIRECTION('',(-1.02206957679905E-6,-3.68004438717645E-13,
-0.999999999999478));
#29580=VECTOR('',#29570,1.);
#29590=LINE('',#29560,#29580);
#29600=EDGE_CURVE('',#2160,#10010,#29590,.T.);
#29610=ORIENTED_EDGE('',*,*,#29600,.F.);
#29620=ORIENTED_EDGE('',*,*,#10020,.T.);
#29630=ORIENTED_EDGE('',*,*,#28030,.F.);
#29640=EDGE_LOOP('',(#29630,#29620,#29610,#29550));
#29650=FACE_OUTER_BOUND('',#29640,.T.);
#29660=ADVANCED_FACE('',(#29650),#29540,.F.);
#29670=COLOUR_RGB('',0.,0.443137288093567,0.709803938865662);
#29680=FILL_AREA_STYLE_COLOUR('',#29670);
#29690=FILL_AREA_STYLE('',(#29680));
#29700=SURFACE_STYLE_FILL_AREA(#29690);
#29710=SURFACE_SIDE_STYLE('',(#29700));
#29720=SURFACE_STYLE_USAGE(.BOTH.,#29710);
#29730=PRESENTATION_STYLE_ASSIGNMENT((#29720));
#29740=CARTESIAN_POINT('',(23.4350928602869,-4.95304429429259,
111.899798614967));
#29750=DIRECTION('',(1.02206957679905E-6,3.68004438717646E-13,
0.999999999999478));
#29760=DIRECTION('',(0.707106780940463,-0.707106781432262,
-7.22712068129503E-7));
#29770=AXIS2_PLACEMENT_3D('',#29740,#29750,#29760);
#29780=CYLINDRICAL_SURFACE('',#29770,0.299999999999998);
#29790=ORIENTED_EDGE('',*,*,#2170,.F.);
#29800=CARTESIAN_POINT('',(23.2229608259437,-4.74091225992403,
111.899798831781));
#29810=DIRECTION('',(1.02206957679905E-6,3.68004438717646E-13,
0.999999999999478));
#29820=VECTOR('',#29810,1.);
#29830=LINE('',#29800,#29820);
#29840=EDGE_CURVE('',#10100,#2070,#29830,.T.);
#29850=ORIENTED_EDGE('',*,*,#29840,.T.);
#29860=ORIENTED_EDGE('',*,*,#10110,.T.);
#29870=ORIENTED_EDGE('',*,*,#29600,.T.);
#29880=EDGE_LOOP('',(#29870,#29860,#29850,#29790));
#29890=FACE_OUTER_BOUND('',#29880,.T.);
#29900=ADVANCED_FACE('',(#29890),#29780,.T.);
#29910=COLOUR_RGB('',0.,0.443137288093567,0.709803938865662);
#29920=FILL_AREA_STYLE_COLOUR('',#29910);
#29930=FILL_AREA_STYLE('',(#29920));
#29940=SURFACE_STYLE_FILL_AREA(#29930);
#29950=SURFACE_SIDE_STYLE('',(#29940));
#29960=SURFACE_STYLE_USAGE(.BOTH.,#29950);
#29970=PRESENTATION_STYLE_ASSIGNMENT((#29960));
#29980=CARTESIAN_POINT('',(-22.9707439465035,-5.92914602788905,
111.899846044961));
#29990=DIRECTION('',(0.999999999999478,2.45147290609983E-10,
-1.02206957679905E-6));
#30000=DIRECTION('',(2.45147290985981E-10,-1.,3.67753881129886E-13));
#30010=AXIS2_PLACEMENT_3D('',#29980,#29990,#30000);
#30020=PLANE('',#30010);
#30030=ORIENTED_EDGE('',*,*,#950,.T.);
#30040=ORIENTED_EDGE('',*,*,#26850,.T.);
#30050=ORIENTED_EDGE('',*,*,#5850,.F.);
#30060=CARTESIAN_POINT('',(-22.9707439467428,-4.95304429722742,
111.899846044961));
#30070=DIRECTION('',(-1.02206957679905E-6,-3.68004438717645E-13,
-0.999999999999478));
#30080=VECTOR('',#30070,1.);
#30090=LINE('',#30060,#30080);
#30100=EDGE_CURVE('',#940,#5760,#30090,.T.);
#30110=ORIENTED_EDGE('',*,*,#30100,.T.);
#30120=EDGE_LOOP('',(#30110,#30050,#30040,#30030));
#30130=FACE_OUTER_BOUND('',#30120,.T.);
#30140=ADVANCED_FACE('',(#30130),#30020,.F.);
#30150=COLOUR_RGB('',0.,0.443137288093567,0.709803938865662);
#30160=FILL_AREA_STYLE_COLOUR('',#30150);
#30170=FILL_AREA_STYLE('',(#30160));
#30180=SURFACE_STYLE_FILL_AREA(#30170);
#30190=SURFACE_SIDE_STYLE('',(#30180));
#30200=SURFACE_STYLE_USAGE(.BOTH.,#30190);
#30210=PRESENTATION_STYLE_ASSIGNMENT((#30200));
#30220=CARTESIAN_POINT('',(22.721209384057,-4.23916081768844,
111.899799344605));
#30230=DIRECTION('',(-0.707106781431893,-0.707106780940833,
7.22712589068647E-7));
#30240=DIRECTION('',(-0.707106780940463,0.707106781432262,
7.22712068129503E-7));
#30250=AXIS2_PLACEMENT_3D('',#30220,#30230,#30240);
#30260=PLANE('',#30250);
#30270=ORIENTED_EDGE('',*,*,#2080,.F.);
#30280=CARTESIAN_POINT('',(22.5797880278697,-4.09773946140269,
111.899799489148));
#30290=DIRECTION('',(-1.02206957679905E-6,-3.68004438717645E-13,
-0.999999999999478));
#30300=VECTOR('',#30290,1.);
#30310=LINE('',#30280,#30300);
#30320=EDGE_CURVE('',#1990,#10180,#30310,.T.);
#30330=ORIENTED_EDGE('',*,*,#30320,.F.);
#30340=ORIENTED_EDGE('',*,*,#10190,.T.);
#30350=ORIENTED_EDGE('',*,*,#29840,.F.);
#30360=EDGE_LOOP('',(#30350,#30340,#30330,#30270));
#30370=FACE_OUTER_BOUND('',#30360,.T.);
#30380=ADVANCED_FACE('',(#30370),#30260,.F.);
#30390=COLOUR_RGB('',0.,0.443137288093567,0.709803938865662);
#30400=FILL_AREA_STYLE_COLOUR('',#30390);
#30410=FILL_AREA_STYLE('',(#30400));
#30420=SURFACE_STYLE_FILL_AREA(#30410);
#30430=SURFACE_SIDE_STYLE('',(#30420));
#30440=SURFACE_STYLE_USAGE(.BOTH.,#30430);
#30450=PRESENTATION_STYLE_ASSIGNMENT((#30440));
#30460=CARTESIAN_POINT('',(-22.670743946743,-4.95304429715389,
111.89984573834));
#30470=DIRECTION('',(-1.02206957679905E-6,-3.68004438717646E-13,
-0.999999999999478));
#30480=DIRECTION('',(0.999999999999478,2.2129897646266E-16,
-1.02206957679905E-6));
#30490=AXIS2_PLACEMENT_3D('',#30460,#30470,#30480);
#30500=CYLINDRICAL_SURFACE('',#30490,0.299999999999998);
#30510=ORIENTED_EDGE('',*,*,#1040,.T.);
#30520=ORIENTED_EDGE('',*,*,#30100,.F.);
#30530=ORIENTED_EDGE('',*,*,#5770,.F.);
#30540=CARTESIAN_POINT('',(-22.458611912378,-4.74091226280704,
111.899845521526));
#30550=DIRECTION('',(-1.02206957679905E-6,-3.68004438717646E-13,
-0.999999999999478));
#30560=VECTOR('',#30550,1.);
#30570=LINE('',#30540,#30560);
#30580=EDGE_CURVE('',#1030,#5670,#30570,.T.);
#30590=ORIENTED_EDGE('',*,*,#30580,.T.);
#30600=EDGE_LOOP('',(#30590,#30530,#30520,#30510));
#30610=FACE_OUTER_BOUND('',#30600,.T.);
#30620=ADVANCED_FACE('',(#30610),#30500,.T.);
#30630=COLOUR_RGB('',0.,0.443137288093567,0.709803938865662);
#30640=FILL_AREA_STYLE_COLOUR('',#30630);
#30650=FILL_AREA_STYLE('',(#30640));
#30660=SURFACE_STYLE_FILL_AREA(#30650);
#30670=SURFACE_SIDE_STYLE('',(#30660));
#30680=SURFACE_STYLE_USAGE(.BOTH.,#30670);
#30690=PRESENTATION_STYLE_ASSIGNMENT((#30680));
#30700=CARTESIAN_POINT('',(23.6050928610037,-3.07243462896931,
111.899798441215));
#30710=DIRECTION('',(-0.707106780944371,0.707106781428355,
7.22712068133497E-7));
#30720=DIRECTION('',(0.707106781427986,0.70710678094474,
-7.22712589064653E-7));
#30730=AXIS2_PLACEMENT_3D('',#30700,#30710,#30720);
#30740=PLANE('',#30730);
#30750=ORIENTED_EDGE('',*,*,#2000,.T.);
#30760=CARTESIAN_POINT('',(23.6050928610037,-3.07243462896931,
111.899798441215));
#30770=DIRECTION('',(-1.02206957679905E-6,-3.68004438717645E-13,
-0.999999999999478));
#30780=VECTOR('',#30770,1.);
#30790=LINE('',#30760,#30780);
#30800=CARTESIAN_POINT('',(23.6050853487923,-3.072434628972,
104.549798441117));
#30810=VERTEX_POINT('',#30800);
#30820=EDGE_CURVE('',#1910,#30810,#30790,.T.);
#30830=ORIENTED_EDGE('',*,*,#30820,.F.);
#30840=CARTESIAN_POINT('',(3.59208759824757,-23.0854323658397,
104.549818896161));
#30850=DIRECTION('',(0.707106781427986,0.70710678094474,
-7.22725332676375E-7));
#30860=VECTOR('',#30850,1.);
#30870=LINE('',#30840,#30860);
#30880=CARTESIAN_POINT('',(23.1454659408582,-3.53205403659201,
104.549798910889));
#30890=VERTEX_POINT('',#30880);
#30900=EDGE_CURVE('',#30890,#30810,#30870,.T.);
#30910=ORIENTED_EDGE('',*,*,#30900,.T.);
#30920=CARTESIAN_POINT('',(23.1454734531359,-3.53205403652309,
111.899798910978));
#30930=DIRECTION('',(-1.02207858789279E-6,-9.37909817197917E-12,
-0.999999999999478));
#30940=VECTOR('',#30930,1.);
#30950=LINE('',#30920,#30940);
#30960=EDGE_CURVE('',#30890,#10260,#30950,.T.);
#30970=ORIENTED_EDGE('',*,*,#30960,.F.);
#30980=ORIENTED_EDGE('',*,*,#10270,.F.);
#30990=ORIENTED_EDGE('',*,*,#30320,.T.);
#31000=EDGE_LOOP('',(#30990,#30980,#30970,#30910,#30830,#30750));
#31010=FACE_OUTER_BOUND('',#31000,.T.);
#31020=ADVANCED_FACE('',(#31010),#30740,.F.);
#31030=COLOUR_RGB('',0.,0.443137288093567,0.709803938865662);
#31040=FILL_AREA_STYLE_COLOUR('',#31030);
#31050=FILL_AREA_STYLE('',(#31040));
#31060=SURFACE_STYLE_FILL_AREA(#31050);
#31070=SURFACE_SIDE_STYLE('',(#31060));
#31080=SURFACE_STYLE_USAGE(.BOTH.,#31070);
#31090=PRESENTATION_STYLE_ASSIGNMENT((#31080));
#31100=CARTESIAN_POINT('',(23.0255514425248,-2.49289321009368,
111.899799033546));
#31110=DIRECTION('',(-0.707106781427986,-0.70710678094474,
7.22712589064653E-7));
#31120=DIRECTION('',(-0.707106780944371,0.707106781428355,
7.22712068133497E-7));
#31130=AXIS2_PLACEMENT_3D('',#31100,#31110,#31120);
#31140=PLANE('',#31130);
#31150=CARTESIAN_POINT('',(58.4326506744924,-37.8999999785101,
104.549762844186));
#31160=DIRECTION('',(-0.707106780944371,0.707106781428355,
7.22727274108865E-7));
#31170=VECTOR('',#31160,1.);
#31180=LINE('',#31150,#31170);
#31190=CARTESIAN_POINT('',(23.676808413414,-3.14415769364273,
104.54979836781));
#31200=VERTEX_POINT('',#31190);
#31210=EDGE_CURVE('',#31200,#30810,#31180,.T.);
#31220=ORIENTED_EDGE('',*,*,#31210,.F.);
#31230=ORIENTED_EDGE('',*,*,#30820,.T.);
#31240=ORIENTED_EDGE('',*,*,#1920,.F.);
#31250=CARTESIAN_POINT('',(22.7326582195856,-2.1999999869541,
111.899799332903));
#31260=DIRECTION('',(1.02206957679905E-6,3.68004438717645E-13,
0.999999999999478));
#31270=VECTOR('',#31260,1.);
#31280=LINE('',#31250,#31270);
#31290=EDGE_CURVE('',#10500,#1830,#31280,.T.);
#31300=ORIENTED_EDGE('',*,*,#31290,.T.);
#31310=ORIENTED_EDGE('',*,*,#10510,.T.);
#31320=CARTESIAN_POINT('',(23.6768159257508,-3.14415769376544,
111.899798367909));
#31330=DIRECTION('',(1.02208663868881E-6,-1.66938853297144E-11,
0.999999999999478));
#31340=VECTOR('',#31330,1.);
#31350=LINE('',#31320,#31340);
#31360=EDGE_CURVE('',#10420,#31200,#31350,.T.);
#31370=ORIENTED_EDGE('',*,*,#31360,.F.);
#31380=EDGE_LOOP('',(#31370,#31310,#31300,#31240,#31230,#31220));
#31390=FACE_OUTER_BOUND('',#31380,.T.);
#31400=ADVANCED_FACE('',(#31390),#31140,.F.);
#31410=COLOUR_RGB('',0.,0.443137288093567,0.709803938865662);
#31420=FILL_AREA_STYLE_COLOUR('',#31410);
#31430=FILL_AREA_STYLE('',(#31420));
#31440=SURFACE_STYLE_FILL_AREA(#31430);
#31450=SURFACE_SIDE_STYLE('',(#31440));
#31460=SURFACE_STYLE_USAGE(.BOTH.,#31450);
#31470=PRESENTATION_STYLE_ASSIGNMENT((#31460));
#31480=CARTESIAN_POINT('',(-21.9568604705086,-3.95631810814897,
111.899845008701));
#31490=DIRECTION('',(0.70710678101674,0.707106781355985,
-7.22712588644332E-7));
#31500=DIRECTION('',(0.707106781355616,-0.70710678101711,
-7.22712068553818E-7));
#31510=AXIS2_PLACEMENT_3D('',#31480,#31490,#31500);
#31520=PLANE('',#31510);
#31530=ORIENTED_EDGE('',*,*,#22770,.T.);
#31540=ORIENTED_EDGE('',*,*,#1200,.F.);
#31550=CARTESIAN_POINT('',(-21.8154391142382,-4.09773946435161,
111.899844864159));
#31560=DIRECTION('',(-1.02206957679905E-6,-3.68004438717645E-13,
-0.999999999999478));
#31570=VECTOR('',#31560,1.);
#31580=LINE('',#31550,#31570);
#31590=EDGE_CURVE('',#1110,#5590,#31580,.T.);
#31600=ORIENTED_EDGE('',*,*,#31590,.F.);
#31610=ORIENTED_EDGE('',*,*,#5600,.T.);
#31620=CARTESIAN_POINT('',(-22.3811245393839,-3.5320540394768,
111.899845442328));
#31630=DIRECTION('',(1.02208032905306E-6,-1.03842495649866E-11,
0.999999999999478));
#31640=VECTOR('',#31630,1.);
#31650=LINE('',#31620,#31640);
#31660=CARTESIAN_POINT('',(-22.3811320516743,-3.53205403940048,
104.549845443139));
#31670=VERTEX_POINT('',#31660);
#31680=EDGE_CURVE('',#5510,#31670,#31650,.T.);
#31690=ORIENTED_EDGE('',*,*,#31680,.F.);
#31700=CARTESIAN_POINT('',(3.59208759977587,-29.5052736784167,
104.549818896152));
#31710=DIRECTION('',(0.707106781355616,-0.70710678101711,
-7.22727274529186E-7));
#31720=VECTOR('',#31710,1.);
#31730=LINE('',#31700,#31720);
#31740=EDGE_CURVE('',#22760,#31670,#31730,.T.);
#31750=ORIENTED_EDGE('',*,*,#31740,.T.);
#31760=EDGE_LOOP('',(#31750,#31690,#31610,#31600,#31540,#31530));
#31770=FACE_OUTER_BOUND('',#31760,.T.);
#31780=ADVANCED_FACE('',(#31770),#31520,.F.);
#31790=COLOUR_RGB('',0.,0.443137288093567,0.709803938865662);
#31800=FILL_AREA_STYLE_COLOUR('',#31790);
#31810=FILL_AREA_STYLE('',(#31800));
#31820=SURFACE_STYLE_FILL_AREA(#31810);
#31830=SURFACE_SIDE_STYLE('',(#31820));
#31840=SURFACE_STYLE_USAGE(.BOTH.,#31830);
#31850=PRESENTATION_STYLE_ASSIGNMENT((#31840));
#31860=CARTESIAN_POINT('',(1.98217456956591,-2.19999999189391,
111.899820541341));
#31870=DIRECTION('',(2.38057825570793E-10,-1.,3.67761127056803E-13));
#31880=DIRECTION('',(-0.999999999999478,-2.38057825194792E-10,
1.02206957679905E-6));
#31890=AXIS2_PLACEMENT_3D('',#31860,#31870,#31880);
#31900=PLANE('',#31890);
#31910=CARTESIAN_POINT('',(7.88217040281963,-2.19999999049087,
107.824814511322));
#31920=DIRECTION('',(-2.79019548137134E-11,1.,-4.16790291991449E-13));
#31930=DIRECTION('',(-0.999999999999478,-2.79019543877003E-11,
1.02209336917649E-6));
#31940=AXIS2_PLACEMENT_3D('',#31910,#31920,#31930);
#31950=CIRCLE('',#31940,2.7);
#31960=CARTESIAN_POINT('',(9.1664527841752,-2.19999999018427,
110.199813198677));
#31970=VERTEX_POINT('',#31960);
#31980=CARTESIAN_POINT('',(10.5821704028182,-2.19999999041554,
107.82481175167));
#31990=VERTEX_POINT('',#31980);
#32000=EDGE_CURVE('',#31970,#31990,#31950,.T.);
#32010=ORIENTED_EDGE('',*,*,#32000,.F.);
#32020=CARTESIAN_POINT('',(5.18217040282104,-2.19999999056621,
107.824817270974));
#32030=VERTEX_POINT('',#32020);
#32040=EDGE_CURVE('',#31990,#32030,#31950,.T.);
#32050=ORIENTED_EDGE('',*,*,#32040,.F.);
#32060=EDGE_CURVE('',#32030,#31970,#31950,.T.);
#32070=ORIENTED_EDGE('',*,*,#32060,.F.);
#32080=EDGE_LOOP('',(#32070,#32050,#32010));
#32090=FACE_BOUND('',#32080,.T.);
#32100=ORIENTED_EDGE('',*,*,#1840,.F.);
#32110=ORIENTED_EDGE('',*,*,#13450,.T.);
#32120=ORIENTED_EDGE('',*,*,#10590,.T.);
#32130=ORIENTED_EDGE('',*,*,#31290,.F.);
#32140=EDGE_LOOP('',(#32130,#32120,#32110,#32100));
#32150=FACE_OUTER_BOUND('',#32140,.T.);
#32160=CARTESIAN_POINT('',(3.59209002070774,-2.19999999151249,
106.92483539121));
#32170=DIRECTION('',(1.,2.38057825570791E-10,-6.18678185311999E-12));
#32180=VECTOR('',#32170,1.);
#32190=LINE('',#32160,#32180);
#32200=CARTESIAN_POINT('',(20.5821670025653,-2.19999998746787,
106.924835391105));
#32210=VERTEX_POINT('',#32200);
#32220=CARTESIAN_POINT('',(21.3821670025653,-2.19999998727742,
106.9248353911));
#32230=VERTEX_POINT('',#32220);
#32240=EDGE_CURVE('',#32210,#32230,#32190,.T.);
#32250=ORIENTED_EDGE('',*,*,#32240,.F.);
#32260=CARTESIAN_POINT('',(21.382167002522,-2.19999998727559,
111.899800713199));
#32270=DIRECTION('',(8.71502395065937E-12,-3.67761124982123E-13,-1.));
#32280=VECTOR('',#32270,1.);
#32290=LINE('',#32260,#32280);
#32300=CARTESIAN_POINT('',(21.3821670025854,-2.19999998727827,
104.624835391108));
#32310=VERTEX_POINT('',#32300);
#32320=EDGE_CURVE('',#32230,#32310,#32290,.T.);
#32330=ORIENTED_EDGE('',*,*,#32320,.F.);
#32340=CARTESIAN_POINT('',(3.59208766994771,-2.19999999151334,
104.624835391218));
#32350=DIRECTION('',(-1.,-2.38057825570791E-10,6.18678185311999E-12));
#32360=VECTOR('',#32350,1.);
#32370=LINE('',#32340,#32360);
#32380=CARTESIAN_POINT('',(10.7821670025377,-2.19999998980168,
104.624835391173));
#32390=VERTEX_POINT('',#32380);
#32400=EDGE_CURVE('',#32310,#32390,#32370,.T.);
#32410=ORIENTED_EDGE('',*,*,#32400,.F.);
#32420=CARTESIAN_POINT('',(10.7821670025827,-2.199999989799,
111.899811547137));
#32430=DIRECTION('',(6.18678185417878E-12,3.67761128529615E-13,1.));
#32440=VECTOR('',#32430,1.);
#32450=LINE('',#32420,#32440);
#32460=CARTESIAN_POINT('',(10.7821670025477,-2.19999998980109,
106.236160256586));
#32470=VERTEX_POINT('',#32460);
#32480=EDGE_CURVE('',#32390,#32470,#32450,.T.);
#32490=ORIENTED_EDGE('',*,*,#32480,.F.);
#32500=CARTESIAN_POINT('',(16.4458125045288,-2.19999998845073,
111.899805758497));
#32510=DIRECTION('',(0.707106781190922,1.68592349163471E-10,
0.707106781182173));
#32520=VECTOR('',#32510,1.);
#32530=LINE('',#32500,#32520);
#32540=CARTESIAN_POINT('',(11.470842137133,-2.19999998963689,
106.924835391163));
#32550=VERTEX_POINT('',#32540);
#32560=EDGE_CURVE('',#32470,#32550,#32530,.T.);
#32570=ORIENTED_EDGE('',*,*,#32560,.F.);
#32580=CARTESIAN_POINT('',(3.59209002070774,-2.19999999151249,
106.924835391212));
#32590=DIRECTION('',(1.,2.38057825570791E-10,-6.2222978941999E-12));
#32600=VECTOR('',#32590,1.);
#32610=LINE('',#32580,#32600);
#32620=CARTESIAN_POINT('',(12.0821670025519,-2.19999998949136,
106.924835391159));
#32630=VERTEX_POINT('',#32620);
#32640=EDGE_CURVE('',#32550,#32630,#32610,.T.);
#32650=ORIENTED_EDGE('',*,*,#32640,.F.);
#32660=CARTESIAN_POINT('',(12.0821670025827,-2.19999998948953,
111.899810218446));
#32670=DIRECTION('',(6.18678185417878E-12,3.67761128529615E-13,1.));
#32680=VECTOR('',#32670,1.);
#32690=LINE('',#32660,#32680);
#32700=CARTESIAN_POINT('',(12.082167002563,-2.19999998949069,
108.72483539129));
#32710=VERTEX_POINT('',#32700);
#32720=EDGE_CURVE('',#32630,#32710,#32690,.T.);
#32730=ORIENTED_EDGE('',*,*,#32720,.F.);
#32740=CARTESIAN_POINT('',(3.59209186043298,-2.19999999151182,
108.724835391343));
#32750=DIRECTION('',(-1.,-2.38057825570791E-10,6.2222978941999E-12));
#32760=VECTOR('',#32750,1.);
#32770=LINE('',#32740,#32760);
#32780=CARTESIAN_POINT('',(11.4708421370114,-2.19999998963623,
108.724835391294));
#32790=VERTEX_POINT('',#32780);
#32800=EDGE_CURVE('',#32710,#32790,#32770,.T.);
#32810=ORIENTED_EDGE('',*,*,#32800,.F.);
#32820=CARTESIAN_POINT('',(3.59209991305571,-2.19999999150892,
116.603577615347));
#32830=DIRECTION('',(-0.707106781182173,-1.68072256387791E-10,
0.707106781190922));
#32840=VECTOR('',#32830,1.);
#32850=LINE('',#32820,#32840);
#32860=CARTESIAN_POINT('',(10.7821670025673,-2.19999998979992,
109.413510525746));
#32870=VERTEX_POINT('',#32860);
#32880=EDGE_CURVE('',#32790,#32870,#32850,.T.);
#32890=ORIENTED_EDGE('',*,*,#32880,.F.);
#32900=CARTESIAN_POINT('',(10.7821670025827,-2.199999989799,
111.899811547137));
#32910=DIRECTION('',(6.18678185417878E-12,3.67761128529615E-13,1.));
#32920=VECTOR('',#32910,1.);
#32930=LINE('',#32900,#32920);
#32940=CARTESIAN_POINT('',(10.7821670025773,-2.19999998979932,
111.024835391144));
#32950=VERTEX_POINT('',#32940);
#32960=EDGE_CURVE('',#32870,#32950,#32930,.T.);
#32970=ORIENTED_EDGE('',*,*,#32960,.F.);
#32980=CARTESIAN_POINT('',(3.592094211193,-2.19999999151098,
111.024835391081));
#32990=DIRECTION('',(1.,2.38057825570797E-10,8.71502394981234E-12));
#33000=VECTOR('',#32990,1.);
#33010=LINE('',#32980,#33000);
#33020=CARTESIAN_POINT('',(21.3821670025296,-2.19999998727591,
111.024835391236));
#33030=VERTEX_POINT('',#33020);
#33040=EDGE_CURVE('',#32950,#33030,#33010,.T.);
#33050=ORIENTED_EDGE('',*,*,#33040,.F.);
#33060=CARTESIAN_POINT('',(21.382167002522,-2.19999998727559,
111.899800713199));
#33070=DIRECTION('',(8.71502395065937E-12,-3.67761124982123E-13,-1.));
#33080=VECTOR('',#33070,1.);
#33090=LINE('',#33060,#33080);
#33100=CARTESIAN_POINT('',(21.3821670025496,-2.19999998727675,
108.724835391238));
#33110=VERTEX_POINT('',#33100);
#33120=EDGE_CURVE('',#33030,#33110,#33090,.T.);
#33130=ORIENTED_EDGE('',*,*,#33120,.F.);
#33140=CARTESIAN_POINT('',(3.59209186043298,-2.19999999151182,
108.724835391083));
#33150=DIRECTION('',(-1.,-2.38057825570797E-10,-8.71502394981234E-12));
#33160=VECTOR('',#33150,1.);
#33170=LINE('',#33140,#33160);
#33180=CARTESIAN_POINT('',(20.5821670025496,-2.1999999874672,
108.724835391231));
#33190=VERTEX_POINT('',#33180);
#33200=EDGE_CURVE('',#33110,#33190,#33170,.T.);
#33210=ORIENTED_EDGE('',*,*,#33200,.F.);
#33220=CARTESIAN_POINT('',(20.582167002522,-2.19999998746604,
111.899801530855));
#33230=DIRECTION('',(8.71502395065937E-12,-3.67761124982123E-13,-1.));
#33240=VECTOR('',#33230,1.);
#33250=LINE('',#33220,#33240);
#33260=EDGE_CURVE('',#33190,#32210,#33250,.T.);
#33270=ORIENTED_EDGE('',*,*,#33260,.F.);
#33280=EDGE_LOOP('',(#33270,#33210,#33130,#33050,#32970,#32890,#32810,
#32730,#32650,#32570,#32490,#32410,#32330,#32250));
#33290=FACE_BOUND('',#33280,.T.);
#33300=ADVANCED_FACE('',(#32090,#32150,#33290),#31900,.F.);
#33310=COLOUR_RGB('',0.,0.443137288093567,0.709803938865662);
#33320=FILL_AREA_STYLE_COLOUR('',#33310);
#33330=FILL_AREA_STYLE('',(#33320));
#33340=SURFACE_STYLE_FILL_AREA(#33330);
#33350=SURFACE_SIDE_STYLE('',(#33340));
#33360=SURFACE_STYLE_USAGE(.BOTH.,#33350);
#33370=PRESENTATION_STYLE_ASSIGNMENT((#33360));
#33380=CARTESIAN_POINT('',(-22.3467069118144,-4.6290072621885,
111.899845407152));
#33390=DIRECTION('',(0.707106781359524,-0.707106781013202,
-7.22712068557812E-7));
#33400=DIRECTION('',(-0.707106781012833,-0.707106781359893,
7.22712588640338E-7));
#33410=AXIS2_PLACEMENT_3D('',#33380,#33390,#33400);
#33420=PLANE('',#33410);
#33430=ORIENTED_EDGE('',*,*,#1120,.T.);
#33440=ORIENTED_EDGE('',*,*,#30580,.F.);
#33450=ORIENTED_EDGE('',*,*,#5680,.F.);
#33460=ORIENTED_EDGE('',*,*,#31590,.T.);
#33470=EDGE_LOOP('',(#33460,#33450,#33440,#33430));
#33480=FACE_OUTER_BOUND('',#33470,.T.);
#33490=ADVANCED_FACE('',(#33480),#33420,.F.);
#33500=COLOUR_RGB('',0.,0.443137288093567,0.709803938865662);
#33510=FILL_AREA_STYLE_COLOUR('',#33500);
#33520=FILL_AREA_STYLE('',(#33510));
#33530=SURFACE_STYLE_FILL_AREA(#33520);
#33540=SURFACE_SIDE_STYLE('',(#33530));
#33550=SURFACE_STYLE_USAGE(.BOTH.,#33540);
#33560=PRESENTATION_STYLE_ASSIGNMENT((#33550));
#33570=CARTESIAN_POINT('',(-2.21783316614212,-26.7000000036821,
104.324824834464));
#33580=DIRECTION('',(-1.0220924741578E-6,2.07698525100001E-13,
-0.999999999999478));
#33590=DIRECTION('',(0.999999999999478,6.95513259666917E-10,
-1.0220924741578E-6));
#33600=AXIS2_PLACEMENT_3D('',#33570,#33580,#33590);
#33610=PLANE('',#33600);
#33620=ORIENTED_EDGE('',*,*,#12850,.T.);
#33630=CARTESIAN_POINT('',(-42.23775276574,-26.7000000315165,
104.324865738522));
#33640=DIRECTION('',(0.999999999999478,6.95513259666917E-10,
-1.0220924741578E-6));
#33650=VECTOR('',#33640,1.);
#33660=LINE('',#33630,#33650);
#33670=CARTESIAN_POINT('',(-2.21783316614212,-26.7000000036821,
104.324824834464));
#33680=VERTEX_POINT('',#33670);
#33690=EDGE_CURVE('',#33680,#12760,#33660,.T.);
#33700=ORIENTED_EDGE('',*,*,#33690,.T.);
#33710=CARTESIAN_POINT('',(-2.21783316614212,-26.7000000036821,
104.324824834464));
#33720=DIRECTION('',(-6.95513259454266E-10,1.,2.08409403968275E-13));
#33730=VECTOR('',#33720,1.);
#33740=LINE('',#33710,#33730);
#33750=EDGE_CURVE('',#33680,#15790,#33740,.T.);
#33760=ORIENTED_EDGE('',*,*,#33750,.F.);
#33770=ORIENTED_EDGE('',*,*,#15800,.F.);
#33780=EDGE_LOOP('',(#33770,#33760,#33700,#33620));
#33790=FACE_OUTER_BOUND('',#33780,.T.);
#33800=ADVANCED_FACE('',(#33790),#33610,.F.);
#33810=COLOUR_RGB('',0.,0.443137288093567,0.709803938865662);
#33820=FILL_AREA_STYLE_COLOUR('',#33810);
#33830=FILL_AREA_STYLE('',(#33820));
#33840=SURFACE_STYLE_FILL_AREA(#33830);
#33850=SURFACE_SIDE_STYLE('',(#33840));
#33860=SURFACE_STYLE_USAGE(.BOTH.,#33850);
#33870=PRESENTATION_STYLE_ASSIGNMENT((#33860));
#33880=CARTESIAN_POINT('',(0.932173994672832,-26.7000000014927,
111.324821614869));
#33890=DIRECTION('',(1.0220924741578E-6,-2.07698525100001E-13,
0.999999999999478));
#33900=DIRECTION('',(-0.999999999999478,-6.95513259666917E-10,
1.0220924741578E-6));
#33910=AXIS2_PLACEMENT_3D('',#33880,#33890,#33900);
#33920=PLANE('',#33910);
#33930=CARTESIAN_POINT('',(-2.2178260114948,-26.7000000036836,
111.32482483446));
#33940=DIRECTION('',(-6.95513259454266E-10,1.,2.08409403968275E-13));
#33950=VECTOR('',#33940,1.);
#33960=LINE('',#33930,#33950);
#33970=CARTESIAN_POINT('',(-2.2178260114948,-26.7000000036836,
111.32482483446));
#33980=VERTEX_POINT('',#33970);
#33990=EDGE_CURVE('',#33980,#15870,#33960,.T.);
#34000=ORIENTED_EDGE('',*,*,#33990,.T.);
#34010=CARTESIAN_POINT('',(-42.2377456110927,-26.7000000315179,
111.324865738519));
#34020=DIRECTION('',(0.999999999999478,6.95513259666917E-10,
-1.0220924741578E-6));
#34030=VECTOR('',#34020,1.);
#34040=LINE('',#34010,#34030);
#34050=EDGE_CURVE('',#33980,#12680,#34040,.T.);
#34060=ORIENTED_EDGE('',*,*,#34050,.F.);
#34070=ORIENTED_EDGE('',*,*,#12690,.F.);
#34080=ORIENTED_EDGE('',*,*,#15940,.F.);
#34090=EDGE_LOOP('',(#34080,#34070,#34060,#34000));
#34100=FACE_OUTER_BOUND('',#34090,.T.);
#34110=ADVANCED_FACE('',(#34100),#33920,.F.);
#34120=COLOUR_RGB('',0.,0.443137288093567,0.709803938865662);
#34130=FILL_AREA_STYLE_COLOUR('',#34120);
#34140=FILL_AREA_STYLE('',(#34130));
#34150=SURFACE_STYLE_FILL_AREA(#34140);
#34160=SURFACE_SIDE_STYLE('',(#34150));
#34170=SURFACE_STYLE_USAGE(.BOTH.,#34160);
#34180=PRESENTATION_STYLE_ASSIGNMENT((#34170));
#34190=CARTESIAN_POINT('',(-2.2178260114948,-26.7000000036836,
111.32482483446));
#34200=DIRECTION('',(-0.999999999999478,-6.95513259666917E-10,
1.0220924741578E-6));
#34210=DIRECTION('',(-1.0220924741578E-6,2.07698525100001E-13,
-0.999999999999478));
#34220=AXIS2_PLACEMENT_3D('',#34190,#34200,#34210);
#34230=PLANE('',#34220);
#34240=ORIENTED_EDGE('',*,*,#33750,.T.);
#34250=CARTESIAN_POINT('',(-2.21782849006905,-26.7000000036831,
108.899824834461));
#34260=DIRECTION('',(-1.0220924741578E-6,2.07698525100001E-13,
-0.999999999999478));
#34270=VECTOR('',#34260,1.);
#34280=LINE('',#34250,#34270);
#34290=EDGE_CURVE('',#33980,#33680,#34280,.T.);
#34300=ORIENTED_EDGE('',*,*,#34290,.T.);
#34310=ORIENTED_EDGE('',*,*,#33990,.F.);
#34320=ORIENTED_EDGE('',*,*,#15880,.F.);
#34330=EDGE_LOOP('',(#34320,#34310,#34300,#34240));
#34340=FACE_OUTER_BOUND('',#34330,.T.);
#34350=ADVANCED_FACE('',(#34340),#34230,.F.);
#34360=COLOUR_RGB('',0.,0.443137288093567,0.709803938865662);
#34370=FILL_AREA_STYLE_COLOUR('',#34360);
#34380=FILL_AREA_STYLE('',(#34370));
#34390=SURFACE_STYLE_FILL_AREA(#34380);
#34400=SURFACE_SIDE_STYLE('',(#34390));
#34410=SURFACE_STYLE_USAGE(.BOTH.,#34400);
#34420=PRESENTATION_STYLE_ASSIGNMENT((#34410));
#34430=CARTESIAN_POINT('',(0.382167200828935,-26.700000001874,
105.25947569868));
#34440=DIRECTION('',(-6.95513259454266E-10,1.,2.08409403968275E-13));
#34450=DIRECTION('',(1.,6.95513259454285E-10,-8.75996004709953E-11));
#34460=AXIS2_PLACEMENT_3D('',#34430,#34440,#34450);
#34470=PLANE('',#34460);
#34480=ORIENTED_EDGE('',*,*,#33690,.F.);
#34490=ORIENTED_EDGE('',*,*,#12770,.T.);
#34500=ORIENTED_EDGE('',*,*,#34050,.T.);
#34510=ORIENTED_EDGE('',*,*,#34290,.F.);
#34520=EDGE_LOOP('',(#34510,#34500,#34490,#34480));
#34530=FACE_OUTER_BOUND('',#34520,.T.);
#34540=ADVANCED_FACE('',(#34530),#34470,.T.);
#34550=COLOUR_RGB('',0.823529481887817,0.823529481887817,
0.784313797950745);
#34560=FILL_AREA_STYLE_COLOUR('',#34550);
#34570=FILL_AREA_STYLE('',(#34560));
#34580=SURFACE_STYLE_FILL_AREA(#34570);
#34590=SURFACE_SIDE_STYLE('',(#34580));
#34600=SURFACE_STYLE_USAGE(.BOTH.,#34590);
#34610=PRESENTATION_STYLE_ASSIGNMENT((#34600));
#34620=CARTESIAN_POINT('',(-7.06783316575558,-26.7000000070553,
104.324829791612));
#34630=DIRECTION('',(-1.0220924741578E-6,2.07698525100001E-13,
-0.999999999999478));
#34640=DIRECTION('',(0.999999999999478,6.95513259666917E-10,
-1.0220924741578E-6));
#34650=AXIS2_PLACEMENT_3D('',#34620,#34630,#34640);
#34660=PLANE('',#34650);
#34670=CARTESIAN_POINT('',(-3.9178331661029,-26.7000000048645,
104.324826572021));
#34680=DIRECTION('',(-6.95513259454266E-10,1.,2.08409403968275E-13));
#34690=VECTOR('',#34680,1.);
#34700=LINE('',#34670,#34690);
#34710=CARTESIAN_POINT('',(-3.9178331661029,-26.7000000048645,
104.324826572021));
#34720=VERTEX_POINT('',#34710);
#34730=EDGE_CURVE('',#34720,#16190,#34700,.T.);
#34740=ORIENTED_EDGE('',*,*,#34730,.T.);
#34750=CARTESIAN_POINT('',(-42.23775276574,-26.7000000315165,
104.324865738522));
#34760=DIRECTION('',(-0.999999999999478,-6.95513259666917E-10,
1.0220924741578E-6));
#34770=VECTOR('',#34760,1.);
#34780=LINE('',#34750,#34770);
#34790=EDGE_CURVE('',#34720,#17670,#34780,.T.);
#34800=ORIENTED_EDGE('',*,*,#34790,.F.);
#34810=ORIENTED_EDGE('',*,*,#17680,.F.);
#34820=ORIENTED_EDGE('',*,*,#16280,.F.);
#34830=EDGE_LOOP('',(#34820,#34810,#34800,#34740));
#34840=FACE_OUTER_BOUND('',#34830,.T.);
#34850=ADVANCED_FACE('',(#34840),#34660,.F.);
#34860=COLOUR_RGB('',0.,0.443137288093567,0.709803938865662);
#34870=FILL_AREA_STYLE_COLOUR('',#34860);
#34880=FILL_AREA_STYLE('',(#34870));
#34890=SURFACE_STYLE_FILL_AREA(#34880);
#34900=SURFACE_SIDE_STYLE('',(#34890));
#34910=SURFACE_STYLE_USAGE(.BOTH.,#34900);
#34920=PRESENTATION_STYLE_ASSIGNMENT((#34910));
#34930=CARTESIAN_POINT('',(0.382167200828935,-26.700000001874,
105.25947569868));
#34940=DIRECTION('',(-6.95513259454266E-10,1.,2.08409403968275E-13));
#34950=DIRECTION('',(1.,6.95513259454285E-10,-8.75996004709953E-11));
#34960=AXIS2_PLACEMENT_3D('',#34930,#34940,#34950);
#34970=PLANE('',#34960);
#34980=ORIENTED_EDGE('',*,*,#34790,.T.);
#34990=CARTESIAN_POINT('',(-3.91782849002983,-26.7000000048654,
108.899826572019));
#35000=DIRECTION('',(-1.0220924741578E-6,2.07698525100001E-13,
-0.999999999999478));
#35010=VECTOR('',#35000,1.);
#35020=LINE('',#34990,#35010);
#35030=CARTESIAN_POINT('',(-3.91782601145558,-26.7000000048659,
111.324826572017));
#35040=VERTEX_POINT('',#35030);
#35050=EDGE_CURVE('',#35040,#34720,#35020,.T.);
#35060=ORIENTED_EDGE('',*,*,#35050,.T.);
#35070=CARTESIAN_POINT('',(-42.2377456110927,-26.7000000315179,
111.324865738519));
#35080=DIRECTION('',(0.999999999999478,6.95513259666917E-10,
-1.0220924741578E-6));
#35090=VECTOR('',#35080,1.);
#35100=LINE('',#35070,#35090);
#35110=EDGE_CURVE('',#17750,#35040,#35100,.T.);
#35120=ORIENTED_EDGE('',*,*,#35110,.T.);
#35130=ORIENTED_EDGE('',*,*,#17760,.T.);
#35140=EDGE_LOOP('',(#35130,#35120,#35060,#34980));
#35150=FACE_OUTER_BOUND('',#35140,.T.);
#35160=ADVANCED_FACE('',(#35150),#34970,.T.);
#35170=COLOUR_RGB('',0.823529481887817,0.823529481887817,
0.784313797950745);
#35180=FILL_AREA_STYLE_COLOUR('',#35170);
#35190=FILL_AREA_STYLE('',(#35180));
#35200=SURFACE_STYLE_FILL_AREA(#35190);
#35210=SURFACE_SIDE_STYLE('',(#35200));
#35220=SURFACE_STYLE_USAGE(.BOTH.,#35210);
#35230=PRESENTATION_STYLE_ASSIGNMENT((#35220));
#35240=CARTESIAN_POINT('',(-3.9178331661029,-26.7000000048645,
104.324826572021));
#35250=DIRECTION('',(0.999999999999478,6.95513259666917E-10,
-1.0220924741578E-6));
#35260=DIRECTION('',(1.0220924741578E-6,-2.07698525100001E-13,
0.999999999999478));
#35270=AXIS2_PLACEMENT_3D('',#35240,#35250,#35260);
#35280=PLANE('',#35270);
#35290=CARTESIAN_POINT('',(-3.91782601145558,-26.7000000048659,
111.324826572017));
#35300=DIRECTION('',(-6.95513259454266E-10,1.,2.08409403968275E-13));
#35310=VECTOR('',#35300,1.);
#35320=LINE('',#35290,#35310);
#35330=EDGE_CURVE('',#35040,#16110,#35320,.T.);
#35340=ORIENTED_EDGE('',*,*,#35330,.T.);
#35350=ORIENTED_EDGE('',*,*,#35050,.F.);
#35360=ORIENTED_EDGE('',*,*,#34730,.F.);
#35370=ORIENTED_EDGE('',*,*,#16200,.F.);
#35380=EDGE_LOOP('',(#35370,#35360,#35350,#35340));
#35390=FACE_OUTER_BOUND('',#35380,.T.);
#35400=ADVANCED_FACE('',(#35390),#35280,.F.);
#35410=COLOUR_RGB('',0.,0.443137288093567,0.709803938865662);
#35420=FILL_AREA_STYLE_COLOUR('',#35410);
#35430=FILL_AREA_STYLE('',(#35420));
#35440=SURFACE_STYLE_FILL_AREA(#35430);
#35450=SURFACE_SIDE_STYLE('',(#35440));
#35460=SURFACE_STYLE_USAGE(.BOTH.,#35450);
#35470=PRESENTATION_STYLE_ASSIGNMENT((#35460));
#35480=CARTESIAN_POINT('',(-3.91782601145558,-26.7000000048659,
111.324826572017));
#35490=DIRECTION('',(1.0220924741578E-6,-2.07698525100001E-13,
0.999999999999478));
#35500=DIRECTION('',(-0.999999999999478,-6.95513259666917E-10,
1.0220924741578E-6));
#35510=AXIS2_PLACEMENT_3D('',#35480,#35490,#35500);
#35520=PLANE('',#35510);
#35530=ORIENTED_EDGE('',*,*,#17820,.T.);
#35540=ORIENTED_EDGE('',*,*,#35110,.F.);
#35550=ORIENTED_EDGE('',*,*,#35330,.F.);
#35560=ORIENTED_EDGE('',*,*,#16120,.F.);
#35570=EDGE_LOOP('',(#35560,#35550,#35540,#35530));
#35580=FACE_OUTER_BOUND('',#35570,.T.);
#35590=ADVANCED_FACE('',(#35580),#35520,.F.);
#35600=COLOUR_RGB('',0.,0.443137288093567,0.709803938865662);
#35610=FILL_AREA_STYLE_COLOUR('',#35600);
#35620=FILL_AREA_STYLE('',(#35610));
#35630=SURFACE_STYLE_FILL_AREA(#35620);
#35640=SURFACE_SIDE_STYLE('',(#35630));
#35650=SURFACE_STYLE_USAGE(.BOTH.,#35640);
#35660=PRESENTATION_STYLE_ASSIGNMENT((#35650));
#35670=CARTESIAN_POINT('',(7.83151158210471,-22.8999999968939,
107.824814563089));
#35680=DIRECTION('',(3.40404028546385E-10,1.,-1.14091741837952E-16));
#35690=DIRECTION('',(0.999999999999478,-3.40404028546324E-10,
-1.02209167470664E-6));
#35700=AXIS2_PLACEMENT_3D('',#35670,#35680,#35690);
#35710=PLANE('',#35700);
#35720=CARTESIAN_POINT('',(3.59209196755087,-22.8999999954508,
108.824818896015));
#35730=DIRECTION('',(0.999999999999478,-3.40404028546324E-10,
-1.02206160401231E-6));
#35740=VECTOR('',#35730,1.);
#35750=LINE('',#35720,#35740);
#35760=CARTESIAN_POINT('',(7.88217142782497,-22.8999999969112,
108.82481451129));
#35770=VERTEX_POINT('',#35760);
#35780=CARTESIAN_POINT('',(9.03216719876225,-22.8999999973026,
108.824813335923));
#35790=VERTEX_POINT('',#35780);
#35800=EDGE_CURVE('',#35770,#35790,#35750,.T.);
#35810=ORIENTED_EDGE('',*,*,#35800,.T.);
#35820=CARTESIAN_POINT('',(7.8821704057639,-22.8999999969112,
107.824814511324));
#35830=DIRECTION('',(3.40404028546385E-10,1.,-1.14091741837791E-16));
#35840=DIRECTION('',(-0.999999999999478,3.40404028546324E-10,
1.02209149916018E-6));
#35850=AXIS2_PLACEMENT_3D('',#35820,#35830,#35840);
#35860=CIRCLE('',#35850,1.);
#35870=CARTESIAN_POINT('',(7.88216938367267,-22.8999999969112,
106.824814511327));
#35880=VERTEX_POINT('',#35870);
#35890=EDGE_CURVE('',#35880,#35770,#35860,.T.);
#35900=ORIENTED_EDGE('',*,*,#35890,.T.);
#35910=CARTESIAN_POINT('',(3.59208992341172,-22.8999999954508,
106.82481889618));
#35920=DIRECTION('',(-0.999999999999478,3.40404028546324E-10,
1.02209147214486E-6));
#35930=VECTOR('',#35920,1.);
#35940=LINE('',#35910,#35930);
#35950=CARTESIAN_POINT('',(9.03216719876599,-22.8999999973026,
106.824813335924));
#35960=VERTEX_POINT('',#35950);
#35970=EDGE_CURVE('',#35960,#35880,#35940,.T.);
#35980=ORIENTED_EDGE('',*,*,#35970,.T.);
#35990=CARTESIAN_POINT('',(9.0321671987565,-22.8999999973026,
111.899813335766));
#36000=DIRECTION('',(1.87001631449699E-12,-1.14092270284327E-16,-1.));
#36010=VECTOR('',#36000,1.);
#36020=LINE('',#35990,#36010);
#36030=EDGE_CURVE('',#35790,#35960,#36020,.T.);
#36040=ORIENTED_EDGE('',*,*,#36030,.T.);
#36050=EDGE_LOOP('',(#36040,#35980,#35900,#35810));
#36060=FACE_OUTER_BOUND('',#36050,.T.);
#36070=ADVANCED_FACE('',(#36060),#35710,.T.);
#36080=COLOUR_RGB('',0.,0.443137288093567,0.709803938865662);
#36090=FILL_AREA_STYLE_COLOUR('',#36080);
#36100=FILL_AREA_STYLE('',(#36090));
#36110=SURFACE_STYLE_FILL_AREA(#36100);
#36120=SURFACE_SIDE_STYLE('',(#36110));
#36130=SURFACE_STYLE_USAGE(.BOTH.,#36120);
#36140=PRESENTATION_STYLE_ASSIGNMENT((#36130));
#36150=CARTESIAN_POINT('',(9.13216962694996,-11.1999999912432,
107.089966257854));
#36160=DIRECTION('',(-0.999999999999478,-7.09075296037625E-10,
1.02209149916018E-6));
#36170=DIRECTION('',(-1.02209149916018E-6,-2.08298383337439E-13,
-0.999999999999478));
#36180=AXIS2_PLACEMENT_3D('',#36150,#36160,#36170);
#36190=PLANE('',#36180);
#36200=CARTESIAN_POINT('',(9.13217141905462,-37.8999999902449,
108.824813233713));
#36210=DIRECTION('',(7.09075296037016E-10,-1.,-9.58540780023707E-16));
#36220=VECTOR('',#36210,1.);
#36230=LINE('',#36200,#36220);
#36240=CARTESIAN_POINT('',(9.13217140012231,-11.1999999912428,
108.824813233713));
#36250=VERTEX_POINT('',#36240);
#36260=CARTESIAN_POINT('',(9.13217140409313,-16.7999999993861,
108.824813233713));
#36270=VERTEX_POINT('',#36260);
#36280=EDGE_CURVE('',#36250,#36270,#36230,.T.);
#36290=ORIENTED_EDGE('',*,*,#36280,.F.);
#36300=CARTESIAN_POINT('',(9.13217454702449,-16.7999999993879,
111.899813233549));
#36310=DIRECTION('',(-1.02209149916018E-6,5.76531543341136E-13,
-0.999999999999478));
#36320=VECTOR('',#36310,1.);
#36330=LINE('',#36300,#36320);
#36340=CARTESIAN_POINT('',(9.13216935991013,-16.799999999385,
106.824813233712));
#36350=VERTEX_POINT('',#36340);
#36360=EDGE_CURVE('',#36270,#36350,#36330,.T.);
#36370=ORIENTED_EDGE('',*,*,#36360,.F.);
#36380=CARTESIAN_POINT('',(9.13216937487162,-37.8999999902456,
106.824813233712));
#36390=DIRECTION('',(-7.09075296037016E-10,1.,9.5857212603302E-16));
#36400=VECTOR('',#36390,1.);
#36410=LINE('',#36380,#36400);
#36420=CARTESIAN_POINT('',(9.13216935593931,-11.1999999912432,
106.824813233712));
#36430=VERTEX_POINT('',#36420);
#36440=EDGE_CURVE('',#36350,#36430,#36410,.T.);
#36450=ORIENTED_EDGE('',*,*,#36440,.F.);
#36460=CARTESIAN_POINT('',(9.13217454305367,-11.1999999912422,
111.899813233547));
#36470=DIRECTION('',(-1.02209149916018E-6,-2.08298383337438E-13,
-0.999999999999478));
#36480=VECTOR('',#36470,1.);
#36490=LINE('',#36460,#36480);
#36500=EDGE_CURVE('',#36250,#36430,#36490,.T.);
#36510=ORIENTED_EDGE('',*,*,#36500,.T.);
#36520=EDGE_LOOP('',(#36510,#36450,#36370,#36290));
#36530=FACE_OUTER_BOUND('',#36520,.T.);
#36540=ADVANCED_FACE('',(#36530),#36190,.T.);
#36550=COLOUR_RGB('',0.,0.443137288093567,0.709803938865662);
#36560=FILL_AREA_STYLE_COLOUR('',#36550);
#36570=FILL_AREA_STYLE('',(#36560));
#36580=SURFACE_STYLE_FILL_AREA(#36570);
#36590=SURFACE_SIDE_STYLE('',(#36580));
#36600=SURFACE_STYLE_USAGE(.BOTH.,#36590);
#36610=PRESENTATION_STYLE_ASSIGNMENT((#36600));
#36620=CARTESIAN_POINT('',(8.78085376880919,-22.8999999972171,
108.824813592781));
#36630=DIRECTION('',(1.02206160401231E-6,-2.33822145590638E-16,
0.999999999999478));
#36640=DIRECTION('',(-0.999999999999478,3.40404028546324E-10,
1.02206160401231E-6));
#36650=AXIS2_PLACEMENT_3D('',#36620,#36630,#36640);
#36660=PLANE('',#36650);
#36670=CARTESIAN_POINT('',(7.88217142782497,-22.8999999969112,
108.82481451129));
#36680=DIRECTION('',(3.40404028546385E-10,1.,-1.14091741837791E-16));
#36690=VECTOR('',#36680,1.);
#36700=LINE('',#36670,#36690);
#36710=CARTESIAN_POINT('',(7.8821714318077,-11.1999999921292,
108.82481451129));
#36720=VERTEX_POINT('',#36710);
#36730=EDGE_CURVE('',#35770,#36720,#36700,.T.);
#36740=ORIENTED_EDGE('',*,*,#36730,.T.);
#36750=ORIENTED_EDGE('',*,*,#35800,.F.);
#36760=CARTESIAN_POINT('',(9.03216720919495,-37.8999999902687,
108.824813335923));
#36770=DIRECTION('',(6.95513259454266E-10,-1.,-9.44679543172452E-16));
#36780=VECTOR('',#36770,1.);
#36790=LINE('',#36760,#36780);
#36800=CARTESIAN_POINT('',(9.03216719451962,-16.7999999994095,
108.824813335923));
#36810=VERTEX_POINT('',#36800);
#36820=EDGE_CURVE('',#36810,#35790,#36790,.T.);
#36830=ORIENTED_EDGE('',*,*,#36820,.T.);
#36840=CARTESIAN_POINT('',(3.59209196609872,-16.8000000006819,
108.824818896015));
#36850=DIRECTION('',(-0.999999999999478,-2.33897992285949E-10,
1.02206160401231E-6));
#36860=VECTOR('',#36850,1.);
#36870=LINE('',#36840,#36860);
#36880=EDGE_CURVE('',#36270,#36810,#36870,.T.);
#36890=ORIENTED_EDGE('',*,*,#36880,.T.);
#36900=ORIENTED_EDGE('',*,*,#36280,.T.);
#36910=CARTESIAN_POINT('',(3.59209196476559,-11.1999999951712,
108.824818896015));
#36920=DIRECTION('',(-0.999999999999478,-7.09075296037632E-10,
1.02206160401231E-6));
#36930=VECTOR('',#36920,1.);
#36940=LINE('',#36910,#36930);
#36950=EDGE_CURVE('',#36250,#36720,#36940,.T.);
#36960=ORIENTED_EDGE('',*,*,#36950,.F.);
#36970=EDGE_LOOP('',(#36960,#36900,#36890,#36830,#36750,#36740));
#36980=FACE_OUTER_BOUND('',#36970,.T.);
#36990=ADVANCED_FACE('',(#36980),#36660,.F.);
#37000=COLOUR_RGB('',0.,0.443137288093567,0.709803938865662);
#37010=FILL_AREA_STYLE_COLOUR('',#37000);
#37020=FILL_AREA_STYLE('',(#37010));
#37030=SURFACE_STYLE_FILL_AREA(#37020);
#37040=SURFACE_SIDE_STYLE('',(#37030));
#37050=SURFACE_STYLE_USAGE(.BOTH.,#37040);
#37060=PRESENTATION_STYLE_ASSIGNMENT((#37050));
#37070=CARTESIAN_POINT('',(7.8821704057639,-22.8999999969112,
107.824814511324));
#37080=DIRECTION('',(3.40404028546385E-10,1.,-1.14091741837791E-16));
#37090=DIRECTION('',(-0.999999999999478,3.40404028546324E-10,
1.02209149916018E-6));
#37100=AXIS2_PLACEMENT_3D('',#37070,#37080,#37090);
#37110=CYLINDRICAL_SURFACE('',#37100,1.);
#37120=CARTESIAN_POINT('',(7.88216938367267,-22.8999999969112,
106.824814511327));
#37130=DIRECTION('',(3.40404028546385E-10,1.,-1.14091741837791E-16));
#37140=VECTOR('',#37130,1.);
#37150=LINE('',#37120,#37140);
#37160=CARTESIAN_POINT('',(7.88216938765539,-11.1999999921296,
106.824814511327));
#37170=VERTEX_POINT('',#37160);
#37180=EDGE_CURVE('',#35880,#37170,#37150,.T.);
#37190=ORIENTED_EDGE('',*,*,#37180,.T.);
#37200=ORIENTED_EDGE('',*,*,#35890,.F.);
#37210=ORIENTED_EDGE('',*,*,#36730,.F.);
#37220=CARTESIAN_POINT('',(7.88217040974663,-11.1999999921294,
107.824814511324));
#37230=DIRECTION('',(-7.09075296250155E-10,1.,-2.07573643504986E-13));
#37240=DIRECTION('',(0.999999999999478,7.0907529603763E-10,
-1.02206957679905E-6));
#37250=AXIS2_PLACEMENT_3D('',#37220,#37230,#37240);
#37260=CIRCLE('',#37250,1.);
#37270=EDGE_CURVE('',#37170,#36720,#37260,.T.);
#37280=ORIENTED_EDGE('',*,*,#37270,.T.);
#37290=EDGE_LOOP('',(#37280,#37210,#37200,#37190));
#37300=FACE_OUTER_BOUND('',#37290,.T.);
#37310=ADVANCED_FACE('',(#37300),#37110,.F.);
#37320=COLOUR_RGB('',0.,0.443137288093567,0.709803938865662);
#37330=FILL_AREA_STYLE_COLOUR('',#37320);
#37340=FILL_AREA_STYLE('',(#37330));
#37350=SURFACE_STYLE_FILL_AREA(#37340);
#37360=SURFACE_SIDE_STYLE('',(#37350));
#37370=SURFACE_STYLE_USAGE(.BOTH.,#37360);
#37380=PRESENTATION_STYLE_ASSIGNMENT((#37370));
#37390=CARTESIAN_POINT('',(7.88216938367267,-22.8999999969112,
106.824814511327));
#37400=DIRECTION('',(-1.02209147214486E-6,2.33832312823285E-16,
-0.999999999999478));
#37410=DIRECTION('',(0.999999999999478,-3.40404028546324E-10,
-1.02209147214486E-6));
#37420=AXIS2_PLACEMENT_3D('',#37390,#37400,#37410);
#37430=PLANE('',#37420);
#37440=ORIENTED_EDGE('',*,*,#36440,.T.);
#37450=CARTESIAN_POINT('',(3.59208992195957,-16.8000000006808,
106.82481889618));
#37460=DIRECTION('',(0.999999999999478,2.33897992285967E-10,
-1.02209147214486E-6));
#37470=VECTOR('',#37460,1.);
#37480=LINE('',#37450,#37470);
#37490=CARTESIAN_POINT('',(9.03216719452336,-16.7999999994084,
106.824813335924));
#37500=VERTEX_POINT('',#37490);
#37510=EDGE_CURVE('',#37500,#36350,#37480,.T.);
#37520=ORIENTED_EDGE('',*,*,#37510,.T.);
#37530=CARTESIAN_POINT('',(9.03216720919869,-37.8999999902694,
106.824813335924));
#37540=DIRECTION('',(-6.95513259454266E-10,1.,9.44710484070059E-16));
#37550=VECTOR('',#37540,1.);
#37560=LINE('',#37530,#37550);
#37570=EDGE_CURVE('',#35960,#37500,#37560,.T.);
#37580=ORIENTED_EDGE('',*,*,#37570,.T.);
#37590=ORIENTED_EDGE('',*,*,#35970,.F.);
#37600=ORIENTED_EDGE('',*,*,#37180,.F.);
#37610=CARTESIAN_POINT('',(3.59208992062644,-11.1999999951716,
106.82481889618));
#37620=DIRECTION('',(0.999999999999478,7.09075296037625E-10,
-1.02209147214486E-6));
#37630=VECTOR('',#37620,1.);
#37640=LINE('',#37610,#37630);
#37650=EDGE_CURVE('',#37170,#36430,#37640,.T.);
#37660=ORIENTED_EDGE('',*,*,#37650,.F.);
#37670=EDGE_LOOP('',(#37660,#37600,#37590,#37580,#37520,#37440));
#37680=FACE_OUTER_BOUND('',#37670,.T.);
#37690=ADVANCED_FACE('',(#37680),#37430,.F.);
#37700=COLOUR_RGB('',0.,0.443137288093567,0.709803938865662);
#37710=FILL_AREA_STYLE_COLOUR('',#37700);
#37720=FILL_AREA_STYLE('',(#37710));
#37730=SURFACE_STYLE_FILL_AREA(#37720);
#37740=SURFACE_SIDE_STYLE('',(#37730));
#37750=SURFACE_STYLE_USAGE(.BOTH.,#37740);
#37760=PRESENTATION_STYLE_ASSIGNMENT((#37750));
#37770=CARTESIAN_POINT('',(-29.5678327554712,-40.4000000122348,
104.74985278971));
#37780=DIRECTION('',(-2.17245505887725E-10,-1.,2.08520439479564E-13));
#37790=DIRECTION('',(-0.999999999999478,2.17245506100739E-10,
1.02209239417887E-6));
#37800=AXIS2_PLACEMENT_3D('',#37770,#37780,#37790);
#37810=PLANE('',#37800);
#37820=CARTESIAN_POINT('',(0.654464148422548,-40.4000000187991,
104.74982189973));
#37830=DIRECTION('',(-0.999999999999478,2.17245506100739E-10,
1.02209239417887E-6));
#37840=VECTOR('',#37830,1.);
#37850=LINE('',#37820,#37840);
#37860=EDGE_CURVE('',#14000,#16620,#37850,.T.);
#37870=ORIENTED_EDGE('',*,*,#37860,.F.);
#37880=ORIENTED_EDGE('',*,*,#16630,.T.);
#37890=ORIENTED_EDGE('',*,*,#7220,.T.);
#37900=ORIENTED_EDGE('',*,*,#14070,.T.);
#37910=EDGE_LOOP('',(#37900,#37890,#37880,#37870));
#37920=FACE_OUTER_BOUND('',#37910,.T.);
#37930=ADVANCED_FACE('',(#37920),#37810,.F.);
#37940=COLOUR_RGB('',0.,0.443137288093567,0.709803938865662);
#37950=FILL_AREA_STYLE_COLOUR('',#37940);
#37960=FILL_AREA_STYLE('',(#37950));
#37970=SURFACE_STYLE_FILL_AREA(#37960);
#37980=SURFACE_SIDE_STYLE('',(#37970));
#37990=SURFACE_STYLE_USAGE(.BOTH.,#37980);
#38000=PRESENTATION_STYLE_ASSIGNMENT((#37990));
#38010=CARTESIAN_POINT('',(-28.0721741773749,-41.4500000124859,
104.749851261009));
#38020=DIRECTION('',(1.02209239417887E-6,2.08298394500218E-13,
0.999999999999478));
#38030=DIRECTION('',(0.999999999999478,-2.17245506100688E-10,
-1.02209239417887E-6));
#38040=AXIS2_PLACEMENT_3D('',#38010,#38020,#38030);
#38050=PLANE('',#38040);
#38060=ORIENTED_EDGE('',*,*,#37860,.T.);
#38070=ORIENTED_EDGE('',*,*,#14010,.F.);
#38080=ORIENTED_EDGE('',*,*,#15570,.F.);
#38090=ORIENTED_EDGE('',*,*,#14780,.F.);
#38100=ORIENTED_EDGE('',*,*,#16700,.F.);
#38110=EDGE_LOOP('',(#38100,#38090,#38080,#38070,#38060));
#38120=FACE_OUTER_BOUND('',#38110,.T.);
#38130=ADVANCED_FACE('',(#38120),#38050,.T.);
#38140=COLOUR_RGB('',0.,0.443137288093567,0.709803938865662);
#38150=FILL_AREA_STYLE_COLOUR('',#38140);
#38160=FILL_AREA_STYLE('',(#38150));
#38170=SURFACE_STYLE_FILL_AREA(#38160);
#38180=SURFACE_SIDE_STYLE('',(#38170));
#38190=SURFACE_STYLE_USAGE(.BOTH.,#38180);
#38200=PRESENTATION_STYLE_ASSIGNMENT((#38190));
#38210=CARTESIAN_POINT('',(30.0751123940421,-10.4617004945955,
104.549791828161));
#38220=DIRECTION('',(0.707106781431893,0.707106780940832,
-7.22725332679621E-7));
#38230=DIRECTION('',(0.707106780940463,-0.707106781432263,
-7.22727274112937E-7));
#38240=AXIS2_PLACEMENT_3D('',#38210,#38220,#38230);
#38250=PLANE('',#38240);
#38260=CARTESIAN_POINT('',(57.5134118590919,-37.8999999787289,
104.54976378373));
#38270=DIRECTION('',(-0.707106780940463,0.707106781432263,
7.2272727410487E-7));
#38280=VECTOR('',#38270,1.);
#38290=LINE('',#38260,#38280);
#38300=CARTESIAN_POINT('',(29.6815603554885,-10.0681484557681,
104.549792230407));
#38310=VERTEX_POINT('',#38300);
#38320=EDGE_CURVE('',#25340,#38310,#38290,.T.);
#38330=ORIENTED_EDGE('',*,*,#38320,.T.);
#38340=ORIENTED_EDGE('',*,*,#25350,.T.);
#38350=ORIENTED_EDGE('',*,*,#9210,.T.);
#38360=CARTESIAN_POINT('',(29.6815678678451,-10.0681484557782,
111.899792230637));
#38370=DIRECTION('',(1.02208934014679E-6,-1.37315583280744E-12,
0.999999999999478));
#38380=VECTOR('',#38370,1.);
#38390=LINE('',#38360,#38380);
#38400=EDGE_CURVE('',#9120,#38310,#38390,.T.);
#38410=ORIENTED_EDGE('',*,*,#38400,.F.);
#38420=EDGE_LOOP('',(#38410,#38350,#38340,#38330));
#38430=FACE_OUTER_BOUND('',#38420,.T.);
#38440=ADVANCED_FACE('',(#38430),#38250,.F.);
#38450=COLOUR_RGB('',0.,0.443137288093567,0.709803938865662);
#38460=FILL_AREA_STYLE_COLOUR('',#38450);
#38470=FILL_AREA_STYLE('',(#38460));
#38480=SURFACE_STYLE_FILL_AREA(#38470);
#38490=SURFACE_SIDE_STYLE('',(#38480));
#38500=SURFACE_STYLE_USAGE(.BOTH.,#38490);
#38510=PRESENTATION_STYLE_ASSIGNMENT((#38500));
#38520=CARTESIAN_POINT('',(-29.4242694338069,-10.1155720170666,
104.549852641846));
#38530=DIRECTION('',(1.02208934014679E-6,-1.3731558328907E-12,
0.999999999999478));
#38540=DIRECTION('',(0.707106781355616,-0.70710678101711,
-7.2272727453726E-7));
#38550=AXIS2_PLACEMENT_3D('',#38520,#38530,#38540);
#38560=PLANE('',#38550);
#38570=CARTESIAN_POINT('',(-16.78408178076,-37.899999996416,
104.549839722406));
#38580=DIRECTION('',(0.173648177908266,-0.984807752969638,
-1.77485303870705E-7));
#38590=VECTOR('',#38580,1.);
#38600=LINE('',#38570,#38590);
#38610=CARTESIAN_POINT('',(-22.7746840903343,-3.92560607825367,
104.549845845384));
#38620=VERTEX_POINT('',#38610);
#38630=EDGE_CURVE('',#22600,#38620,#38600,.T.);
#38640=ORIENTED_EDGE('',*,*,#38630,.T.);
#38650=ORIENTED_EDGE('',*,*,#22830,.F.);
#38660=ORIENTED_EDGE('',*,*,#31740,.F.);
#38670=CARTESIAN_POINT('',(-56.7490780013355,-37.90000000593,
104.549880570203));
#38680=DIRECTION('',(0.707106781012833,0.707106781359893,
-7.2272533225206E-7));
#38690=VECTOR('',#38680,1.);
#38700=LINE('',#38670,#38690);
#38710=EDGE_CURVE('',#38620,#31670,#38700,.T.);
#38720=ORIENTED_EDGE('',*,*,#38710,.T.);
#38730=EDGE_LOOP('',(#38720,#38660,#38650,#38640));
#38740=FACE_OUTER_BOUND('',#38730,.T.);
#38750=ADVANCED_FACE('',(#38740),#38560,.T.);
#38760=COLOUR_RGB('',0.,0.443137288093567,0.709803938865662);
#38770=FILL_AREA_STYLE_COLOUR('',#38760);
#38780=FILL_AREA_STYLE('',(#38770));
#38790=SURFACE_STYLE_FILL_AREA(#38780);
#38800=SURFACE_SIDE_STYLE('',(#38790));
#38810=SURFACE_STYLE_USAGE(.BOTH.,#38800);
#38820=PRESENTATION_STYLE_ASSIGNMENT((#38810));
#38830=CARTESIAN_POINT('',(-22.3811320517403,-3.53205403946649,
104.549845443139));
#38840=DIRECTION('',(-0.707106781359523,0.707106781013202,
7.22727274541253E-7));
#38850=DIRECTION('',(0.707106781012833,0.707106781359893,
-7.22725332251303E-7));
#38860=AXIS2_PLACEMENT_3D('',#38830,#38840,#38850);
#38870=PLANE('',#38860);
#38880=ORIENTED_EDGE('',*,*,#38710,.F.);
#38890=ORIENTED_EDGE('',*,*,#31680,.T.);
#38900=ORIENTED_EDGE('',*,*,#5520,.T.);
#38910=CARTESIAN_POINT('',(-22.7746765779777,-3.92560607826376,
111.899845844566));
#38920=DIRECTION('',(1.02208934014679E-6,-1.37315583276824E-12,
0.999999999999478));
#38930=VECTOR('',#38920,1.);
#38940=LINE('',#38910,#38930);
#38950=EDGE_CURVE('',#5490,#38620,#38940,.T.);
#38960=ORIENTED_EDGE('',*,*,#38950,.F.);
#38970=EDGE_LOOP('',(#38960,#38900,#38890,#38880));
#38980=FACE_OUTER_BOUND('',#38970,.T.);
#38990=ADVANCED_FACE('',(#38980),#38870,.F.);
#39000=COLOUR_RGB('',0.,0.443137288093567,0.709803938865662);
#39010=FILL_AREA_STYLE_COLOUR('',#39000);
#39020=FILL_AREA_STYLE('',(#39010));
#39030=SURFACE_STYLE_FILL_AREA(#39020);
#39040=SURFACE_SIDE_STYLE('',(#39030));
#39050=SURFACE_STYLE_USAGE(.BOTH.,#39040);
#39060=PRESENTATION_STYLE_ASSIGNMENT((#39050));
#39070=CARTESIAN_POINT('',(30.0031660311546,-10.0114406981144,
104.549791901697));
#39080=DIRECTION('',(0.173648177324629,-0.984807753072549,
-1.77485303274025E-7));
#39090=DIRECTION('',(-0.984807753072035,-0.173648177324719,
1.00656126806336E-6));
#39100=AXIS2_PLACEMENT_3D('',#39070,#39080,#39090);
#39110=PLANE('',#39100);
#39120=ORIENTED_EDGE('',*,*,#38400,.T.);
#39130=ORIENTED_EDGE('',*,*,#9130,.T.);
#39140=ORIENTED_EDGE('',*,*,#24860,.F.);
#39150=CARTESIAN_POINT('',(3.59208759624384,-14.6684264063362,
104.549818896173));
#39160=DIRECTION('',(0.984807753072035,0.173648177324719,
-1.0065612680709E-6));
#39170=VECTOR('',#39160,1.);
#39180=LINE('',#39150,#39170);
#39190=EDGE_CURVE('',#38310,#24850,#39180,.T.);
#39200=ORIENTED_EDGE('',*,*,#39190,.T.);
#39210=EDGE_LOOP('',(#39200,#39140,#39130,#39120));
#39220=FACE_OUTER_BOUND('',#39210,.T.);
#39230=ADVANCED_FACE('',(#39220),#39110,.F.);
#39240=COLOUR_RGB('',0.,0.443137288093567,0.709803938865662);
#39250=FILL_AREA_STYLE_COLOUR('',#39240);
#39260=FILL_AREA_STYLE('',(#39250));
#39270=SURFACE_STYLE_FILL_AREA(#39260);
#39280=SURFACE_SIDE_STYLE('',(#39270));
#39290=SURFACE_STYLE_USAGE(.BOTH.,#39280);
#39300=PRESENTATION_STYLE_ASSIGNMENT((#39290));
#39310=CARTESIAN_POINT('',(23.6614411750368,-3.23130963309178,
104.549798383516));
#39320=DIRECTION('',(-0.984807752951351,0.173648178009149,
1.00656174483202E-6));
#39330=DIRECTION('',(0.173648178009058,0.984807752951866,
-1.77482599384553E-7));
#39340=AXIS2_PLACEMENT_3D('',#39310,#39320,#39330);
#39350=PLANE('',#39340);
#39360=CARTESIAN_POINT('',(17.5484156671777,-37.8999999882429,
104.549804631527));
#39370=DIRECTION('',(-0.173648178009058,-0.984807752951866,
1.77482599377558E-7));
#39380=VECTOR('',#39370,1.);
#39390=LINE('',#39360,#39380);
#39400=CARTESIAN_POINT('',(23.5390179793983,-3.92560607540575,
104.549798508643));
#39410=VERTEX_POINT('',#39400);
#39420=EDGE_CURVE('',#31200,#39410,#39390,.T.);
#39430=ORIENTED_EDGE('',*,*,#39420,.T.);
#39440=ORIENTED_EDGE('',*,*,#31360,.T.);
#39450=ORIENTED_EDGE('',*,*,#10430,.T.);
#39460=CARTESIAN_POINT('',(23.5390254917549,-3.92560607541584,
111.89979850874));
#39470=DIRECTION('',(1.02208934014679E-6,-1.37315583276883E-12,
0.999999999999478));
#39480=VECTOR('',#39470,1.);
#39490=LINE('',#39460,#39480);
#39500=EDGE_CURVE('',#10340,#39410,#39490,.T.);
#39510=ORIENTED_EDGE('',*,*,#39500,.F.);
#39520=EDGE_LOOP('',(#39510,#39450,#39440,#39430));
#39530=FACE_OUTER_BOUND('',#39520,.T.);
#39540=ADVANCED_FACE('',(#39530),#39350,.F.);
#39550=COLOUR_RGB('',0.,0.443137288093567,0.709803938865662);
#39560=FILL_AREA_STYLE_COLOUR('',#39550);
#39570=FILL_AREA_STYLE('',(#39560));
#39580=SURFACE_STYLE_FILL_AREA(#39570);
#39590=SURFACE_SIDE_STYLE('',(#39580));
#39600=SURFACE_STYLE_USAGE(.BOTH.,#39590);
#39610=PRESENTATION_STYLE_ASSIGNMENT((#39600));
#39620=CARTESIAN_POINT('',(-22.8313918481786,-3.60400040262093,
104.549845903345));
#39630=DIRECTION('',(0.984807752969124,0.173648177908357,
-1.00656126795817E-6));
#39640=DIRECTION('',(0.173648177908266,-0.984807752969638,
-1.77485303870555E-7));
#39650=AXIS2_PLACEMENT_3D('',#39620,#39630,#39640);
#39660=PLANE('',#39650);
#39670=ORIENTED_EDGE('',*,*,#38950,.T.);
#39680=ORIENTED_EDGE('',*,*,#11210,.T.);
#39690=ORIENTED_EDGE('',*,*,#22610,.F.);
#39700=ORIENTED_EDGE('',*,*,#38630,.F.);
#39710=EDGE_LOOP('',(#39700,#39690,#39680,#39670));
#39720=FACE_OUTER_BOUND('',#39710,.T.);
#39730=ADVANCED_FACE('',(#39720),#39660,.F.);
#39740=COLOUR_RGB('',0.,0.443137288093567,0.709803938865662);
#39750=FILL_AREA_STYLE_COLOUR('',#39740);
#39760=FILL_AREA_STYLE('',(#39750));
#39770=SURFACE_STYLE_FILL_AREA(#39760);
#39780=SURFACE_SIDE_STYLE('',(#39770));
#39790=SURFACE_STYLE_USAGE(.BOTH.,#39780);
#39800=PRESENTATION_STYLE_ASSIGNMENT((#39790));
#39810=CARTESIAN_POINT('',(-29.4242694338069,-10.1155720170666,
104.549852641846));
#39820=DIRECTION('',(1.02208934014679E-6,-1.3731558328907E-12,
0.999999999999478));
#39830=DIRECTION('',(0.707106781355616,-0.70710678101711,
-7.2272727453726E-7));
#39840=AXIS2_PLACEMENT_3D('',#39810,#39820,#39830);
#39850=PLANE('',#39840);
#39860=ORIENTED_EDGE('',*,*,#39190,.F.);
#39870=ORIENTED_EDGE('',*,*,#25030,.T.);
#39880=ORIENTED_EDGE('',*,*,#25410,.F.);
#39890=ORIENTED_EDGE('',*,*,#38320,.F.);
#39900=EDGE_LOOP('',(#39890,#39880,#39870,#39860));
#39910=FACE_OUTER_BOUND('',#39900,.T.);
#39920=ADVANCED_FACE('',(#39910),#39850,.T.);
#39930=COLOUR_RGB('',0.,0.443137288093567,0.709803938865662);
#39940=FILL_AREA_STYLE_COLOUR('',#39930);
#39950=FILL_AREA_STYLE('',(#39940));
#39960=SURFACE_STYLE_FILL_AREA(#39950);
#39970=SURFACE_SIDE_STYLE('',(#39960));
#39980=SURFACE_STYLE_USAGE(.BOTH.,#39970);
#39990=PRESENTATION_STYLE_ASSIGNMENT((#39980));
#40000=CARTESIAN_POINT('',(23.3081002664303,-3.69468836227719,
104.549798744662));
#40010=DIRECTION('',(0.707106781431893,0.707106780940832,
-7.22725332679621E-7));
#40020=DIRECTION('',(0.707106780940463,-0.707106781432263,
-7.22727274112937E-7));
#40030=AXIS2_PLACEMENT_3D('',#40000,#40010,#40020);
#40040=PLANE('',#40030);
#40050=ORIENTED_EDGE('',*,*,#39500,.T.);
#40060=ORIENTED_EDGE('',*,*,#10350,.T.);
#40070=ORIENTED_EDGE('',*,*,#30960,.T.);
#40080=CARTESIAN_POINT('',(57.5134118590919,-37.8999999787289,
104.54976378373));
#40090=DIRECTION('',(-0.707106780940463,0.707106781432263,
7.2272727410487E-7));
#40100=VECTOR('',#40090,1.);
#40110=LINE('',#40080,#40100);
#40120=EDGE_CURVE('',#39410,#30890,#40110,.T.);
#40130=ORIENTED_EDGE('',*,*,#40120,.T.);
#40140=EDGE_LOOP('',(#40130,#40070,#40060,#40050));
#40150=FACE_OUTER_BOUND('',#40140,.T.);
#40160=ADVANCED_FACE('',(#40150),#40040,.F.);
#40170=COLOUR_RGB('',0.,0.443137288093567,0.709803938865662);
#40180=FILL_AREA_STYLE_COLOUR('',#40170);
#40190=FILL_AREA_STYLE('',(#40180));
#40200=SURFACE_STYLE_FILL_AREA(#40190);
#40210=SURFACE_SIDE_STYLE('',(#40200));
#40220=SURFACE_STYLE_USAGE(.BOTH.,#40210);
#40230=PRESENTATION_STYLE_ASSIGNMENT((#40220));
#40240=CARTESIAN_POINT('',(-29.4242694338069,-10.1155720170666,
104.549852641846));
#40250=DIRECTION('',(1.02208934014679E-6,-1.3731558328907E-12,
0.999999999999478));
#40260=DIRECTION('',(0.707106781355616,-0.70710678101711,
-7.2272727453726E-7));
#40270=AXIS2_PLACEMENT_3D('',#40240,#40250,#40260);
#40280=PLANE('',#40270);
#40290=ORIENTED_EDGE('',*,*,#40120,.F.);
#40300=ORIENTED_EDGE('',*,*,#30900,.F.);
#40310=ORIENTED_EDGE('',*,*,#31210,.T.);
#40320=ORIENTED_EDGE('',*,*,#39420,.F.);
#40330=EDGE_LOOP('',(#40320,#40310,#40300,#40290));
#40340=FACE_OUTER_BOUND('',#40330,.T.);
#40350=ADVANCED_FACE('',(#40340),#40280,.T.);
#40360=COLOUR_RGB('',0.,0.443137288093567,0.709803938865662);
#40370=FILL_AREA_STYLE_COLOUR('',#40360);
#40380=FILL_AREA_STYLE('',(#40370));
#40390=SURFACE_STYLE_FILL_AREA(#40380);
#40400=SURFACE_SIDE_STYLE('',(#40390));
#40410=SURFACE_STYLE_USAGE(.BOTH.,#40400);
#40420=PRESENTATION_STYLE_ASSIGNMENT((#40410));
#40430=CARTESIAN_POINT('',(0.154362896195302,-34.6469134821858,
104.549888640499));
#40440=DIRECTION('',(1.02205654500956E-6,8.13893173038808E-16,
0.999999999999478));
#40450=DIRECTION('',(0.999999999999478,-4.35246160151648E-10,
-1.02205654500956E-6));
#40460=AXIS2_PLACEMENT_3D('',#40430,#40440,#40450);
#40470=PLANE('',#40460);
#40480=CARTESIAN_POINT('',(-16.4616661558678,10.3123535881409,
104.54990562302));
#40490=DIRECTION('',(0.766044441735347,-0.64278761133501,
-7.82940734877032E-7));
#40500=VECTOR('',#40490,1.);
#40510=LINE('',#40480,#40500);
#40520=CARTESIAN_POINT('',(22.9821668374107,-22.7849522733981,
104.549865309192));
#40530=VERTEX_POINT('',#40520);
#40540=CARTESIAN_POINT('',(25.7917917237954,-25.1425074896143,
104.549862437597));
#40550=VERTEX_POINT('',#40540);
#40560=EDGE_CURVE('',#40530,#40550,#40510,.T.);
#40570=ORIENTED_EDGE('',*,*,#40560,.T.);
#40580=CARTESIAN_POINT('',(22.9821668285203,-42.8578186754668,
104.549865309192));
#40590=DIRECTION('',(4.4290606213183E-10,1.,-1.2665682126646E-15));
#40600=VECTOR('',#40590,1.);
#40610=LINE('',#40580,#40600);
#40620=CARTESIAN_POINT('',(22.9821668396491,-17.7311380947351,
104.549865309192));
#40630=VERTEX_POINT('',#40620);
#40640=EDGE_CURVE('',#40530,#40630,#40610,.T.);
#40650=ORIENTED_EDGE('',*,*,#40640,.F.);
#40660=CARTESIAN_POINT('',(0.0848699239364832,-36.9442514749459,
104.549888711525));
#40670=DIRECTION('',(0.76604444339419,0.642787609358079,
-7.82940737662809E-7));
#40680=VECTOR('',#40670,1.);
#40690=LINE('',#40660,#40680);
#40700=CARTESIAN_POINT('',(25.2150909122775,-15.8574923305763,
104.549863027018));
#40710=VERTEX_POINT('',#40700);
#40720=EDGE_CURVE('',#40630,#40710,#40690,.T.);
#40730=ORIENTED_EDGE('',*,*,#40720,.F.);
#40740=CARTESIAN_POINT('',(31.2821670362058,-15.8574923346452,
104.54985682614));
#40750=DIRECTION('',(0.999999999999478,-6.70295279950259E-10,
-1.02205025713658E-6));
#40760=VECTOR('',#40750,1.);
#40770=LINE('',#40740,#40760);
#40780=EDGE_CURVE('',#40710,#24230,#40770,.T.);
#40790=ORIENTED_EDGE('',*,*,#40780,.F.);
#40800=ORIENTED_EDGE('',*,*,#24240,.T.);
#40810=CARTESIAN_POINT('',(31.2821670299821,-25.1425074932949,
104.549856826139));
#40820=DIRECTION('',(-0.999999999999478,6.70295279950259E-10,
1.02205025713658E-6));
#40830=VECTOR('',#40820,1.);
#40840=LINE('',#40810,#40830);
#40850=EDGE_CURVE('',#24150,#40550,#40840,.T.);
#40860=ORIENTED_EDGE('',*,*,#40850,.F.);
#40870=EDGE_LOOP('',(#40860,#40800,#40790,#40730,#40650,#40570));
#40880=FACE_OUTER_BOUND('',#40870,.T.);
#40890=ADVANCED_FACE('',(#40880),#40470,.T.);
#40900=COLOUR_RGB('',0.,0.443137288093567,0.709803938865662);
#40910=FILL_AREA_STYLE_COLOUR('',#40900);
#40920=FILL_AREA_STYLE('',(#40910));
#40930=SURFACE_STYLE_FILL_AREA(#40920);
#40940=SURFACE_SIDE_STYLE('',(#40930));
#40950=SURFACE_STYLE_USAGE(.BOTH.,#40940);
#40960=PRESENTATION_STYLE_ASSIGNMENT((#40950));
#40970=CARTESIAN_POINT('',(21.9821678684909,-4.15987645808899,
105.54986633047));
#40980=DIRECTION('',(-0.70710750388781,3.13181304452761E-10,
-0.707106058484546));
#40990=DIRECTION('',(-4.42967103771335E-10,-1.,6.23083324940143E-14));
#41000=AXIS2_PLACEMENT_3D('',#40970,#40980,#40990);
#41010=PLANE('',#41000);
#41020=CARTESIAN_POINT('',(0.0848933262686469,-36.9442514749459,
127.447185618632));
#41030=DIRECTION('',(-0.60811978109999,-0.510273605117018,
0.608121023938313));
#41040=VECTOR('',#41030,1.);
#41050=LINE('',#41020,#41040);
#41060=CARTESIAN_POINT('',(21.9821678621055,-18.5702377248467,
105.549866330473));
#41070=VERTEX_POINT('',#41060);
#41080=EDGE_CURVE('',#40630,#41070,#41050,.T.);
#41090=ORIENTED_EDGE('',*,*,#41080,.T.);
#41100=ORIENTED_EDGE('',*,*,#40640,.T.);
#41110=CARTESIAN_POINT('',(-16.4615855269161,10.312387416652,
143.993698315586));
#41120=DIRECTION('',(-0.608119456423109,0.510274378448014,
0.608120699712775));
#41130=VECTOR('',#41120,1.);
#41140=LINE('',#41110,#41130);
#41150=CARTESIAN_POINT('',(21.9821678606097,-21.9458509242369,
105.549866330474));
#41160=VERTEX_POINT('',#41150);
#41170=EDGE_CURVE('',#40530,#41160,#41140,.T.);
#41180=ORIENTED_EDGE('',*,*,#41170,.F.);
#41190=CARTESIAN_POINT('',(21.9821678513433,-42.857818675038,
105.549866330478));
#41200=DIRECTION('',(4.43114471325298E-10,1.,-2.09676187692181E-13));
#41210=VECTOR('',#41200,1.);
#41220=LINE('',#41190,#41210);
#41230=EDGE_CURVE('',#41160,#41070,#41220,.T.);
#41240=ORIENTED_EDGE('',*,*,#41230,.F.);
#41250=EDGE_LOOP('',(#41240,#41180,#41100,#41090));
#41260=FACE_OUTER_BOUND('',#41250,.T.);
#41270=ADVANCED_FACE('',(#41260),#41010,.F.);
#41280=COLOUR_RGB('',0.,0.443137288093567,0.709803938865662);
#41290=FILL_AREA_STYLE_COLOUR('',#41280);
#41300=FILL_AREA_STYLE('',(#41290));
#41310=SURFACE_STYLE_FILL_AREA(#41300);
#41320=SURFACE_SIDE_STYLE('',(#41310));
#41330=SURFACE_STYLE_USAGE(.BOTH.,#41320);
#41340=PRESENTATION_STYLE_ASSIGNMENT((#41330));
#41350=CARTESIAN_POINT('',(29.2848454053053,-12.4425656481303,
107.824858867502));
#41360=DIRECTION('',(-0.642787609357743,0.76604444339459,
6.56965282571996E-7));
#41370=DIRECTION('',(0.76604444339419,0.642787609358079,
-7.82940737662809E-7));
#41380=AXIS2_PLACEMENT_3D('',#41350,#41360,#41370);
#41390=PLANE('',#41380);
#41400=CARTESIAN_POINT('',(-16.4616548370618,-50.8284390468028,
110.099905622937));
#41410=DIRECTION('',(-0.766044443394189,-0.642787609358079,
7.8294134996103E-7));
#41420=VECTOR('',#41410,1.);
#41430=LINE('',#41400,#41420);
#41440=CARTESIAN_POINT('',(22.4234047302713,-18.1999999339422,
110.099865880176));
#41450=VERTEX_POINT('',#41440);
#41460=CARTESIAN_POINT('',(21.9821725125305,-18.5702377247898,
110.099866331141));
#41470=VERTEX_POINT('',#41460);
#41480=EDGE_CURVE('',#41450,#41470,#41430,.T.);
#41490=ORIENTED_EDGE('',*,*,#41480,.F.);
#41500=CARTESIAN_POINT('',(0.0848532160746855,-36.9442514749459,
88.202591803413));
#41510=DIRECTION('',(0.608121024166321,0.510273605116563,
0.608119780872364));
#41520=VECTOR('',#41510,1.);
#41530=LINE('',#41500,#41520);
#41540=CARTESIAN_POINT('',(22.9821735349891,-17.7311380940055,
111.099865309113));
#41550=VERTEX_POINT('',#41540);
#41560=EDGE_CURVE('',#41470,#41550,#41530,.T.);
#41570=ORIENTED_EDGE('',*,*,#41560,.F.);
#41580=CARTESIAN_POINT('',(0.0848766184068537,-36.9442514749459,
111.099888711463));
#41590=DIRECTION('',(0.76604444339419,0.642787609358079,
-7.82941350006318E-7));
#41600=VECTOR('',#41590,1.);
#41610=LINE('',#41580,#41600);
#41620=CARTESIAN_POINT('',(25.2150976067197,-15.8574923306,
111.099863026936));
#41630=VERTEX_POINT('',#41620);
#41640=EDGE_CURVE('',#41550,#41630,#41610,.T.);
#41650=ORIENTED_EDGE('',*,*,#41640,.F.);
#41660=CARTESIAN_POINT('',(19.8015445462238,-20.3999998944037,
107.824868559858));
#41670=DIRECTION('',(-0.642787609357743,0.766044443394589,
6.56965282571997E-7));
#41680=DIRECTION('',(0.76604444339419,0.642787609358079,
-7.82932529427582E-7));
#41690=AXIS2_PLACEMENT_3D('',#41660,#41670,#41680);
#41700=ELLIPSE('',#41690,8.71205342791069,5.6);
#41710=EDGE_CURVE('',#41630,#40710,#41700,.T.);
#41720=ORIENTED_EDGE('',*,*,#41710,.F.);
#41730=ORIENTED_EDGE('',*,*,#40720,.T.);
#41740=ORIENTED_EDGE('',*,*,#41080,.F.);
#41750=CARTESIAN_POINT('',(-16.4616641379354,-50.8284429490494,
105.54990562217));
#41760=DIRECTION('',(0.766044443394189,0.642787609358079,
-7.82939266016902E-7));
#41770=VECTOR('',#41760,1.);
#41780=LINE('',#41750,#41770);
#41790=CARTESIAN_POINT('',(22.4234000799129,-18.1999999339432,
105.54986587951));
#41800=VERTEX_POINT('',#41790);
#41810=EDGE_CURVE('',#41070,#41800,#41780,.T.);
#41820=ORIENTED_EDGE('',*,*,#41810,.F.);
#41830=CARTESIAN_POINT('',(22.4234514384255,-18.1999999339326,
155.800021175047));
#41840=DIRECTION('',(-1.02205679338222E-6,-2.0922329796752E-13,
-0.999999999999478));
#41850=VECTOR('',#41840,1.);
#41860=LINE('',#41830,#41850);
#41870=EDGE_CURVE('',#41450,#41800,#41860,.T.);
#41880=ORIENTED_EDGE('',*,*,#41870,.T.);
#41890=EDGE_LOOP('',(#41880,#41820,#41740,#41730,#41720,#41650,#41570,
#41490));
#41900=FACE_OUTER_BOUND('',#41890,.T.);
#41910=ADVANCED_FACE('',(#41900),#41390,.F.);
#41920=COLOUR_RGB('',0.,0.443137288093567,0.709803938865662);
#41930=FILL_AREA_STYLE_COLOUR('',#41920);
#41940=FILL_AREA_STYLE('',(#41930));
#41950=SURFACE_STYLE_FILL_AREA(#41940);
#41960=SURFACE_SIDE_STYLE('',(#41950));
#41970=SURFACE_STYLE_USAGE(.BOTH.,#41960);
#41980=PRESENTATION_STYLE_ASSIGNMENT((#41970));
#41990=CARTESIAN_POINT('',(-24.9807407725492,-21.4863332023254,
111.099914329962));
#42000=DIRECTION('',(1.02205734446072E-6,6.91082492020212E-16,
0.999999999999478));
#42010=DIRECTION('',(0.999999999999478,-5.50765294381269E-10,
-1.02205734446073E-6));
#42020=AXIS2_PLACEMENT_3D('',#41990,#42000,#42010);
#42030=PLANE('',#42020);
#42040=CARTESIAN_POINT('',(31.2821737244113,-25.1425074932283,
111.099856826054));
#42050=DIRECTION('',(-0.999999999999478,6.70295279950259E-10,
1.02205025713658E-6));
#42060=VECTOR('',#42050,1.);
#42070=LINE('',#42040,#42060);
#42080=CARTESIAN_POINT('',(25.7918118076003,-25.1425074895487,
111.099862437501));
#42090=VERTEX_POINT('',#42080);
#42100=EDGE_CURVE('',#24130,#42090,#42070,.T.);
#42110=ORIENTED_EDGE('',*,*,#42100,.T.);
#42120=ORIENTED_EDGE('',*,*,#24390,.F.);
#42130=CARTESIAN_POINT('',(31.282173730635,-15.8574923346699,
111.099856826056));
#42140=DIRECTION('',(0.999999999999478,-6.70295279950259E-10,
-1.02205025713658E-6));
#42150=VECTOR('',#42140,1.);
#42160=LINE('',#42130,#42150);
#42170=EDGE_CURVE('',#41630,#24320,#42160,.T.);
#42180=ORIENTED_EDGE('',*,*,#42170,.T.);
#42190=ORIENTED_EDGE('',*,*,#41640,.T.);
#42200=CARTESIAN_POINT('',(22.9821735238551,-42.8578186754668,
111.099865309113));
#42210=DIRECTION('',(-4.43114471538433E-10,-1.,1.14397089209295E-15));
#42220=VECTOR('',#42210,1.);
#42230=LINE('',#42200,#42220);
#42240=CARTESIAN_POINT('',(22.9821735327496,-22.7849410390756,
111.099865309113));
#42250=VERTEX_POINT('',#42240);
#42260=EDGE_CURVE('',#41550,#42250,#42230,.T.);
#42270=ORIENTED_EDGE('',*,*,#42260,.F.);
#42280=CARTESIAN_POINT('',(-16.4616527666981,10.3123592056724,
111.099905622965));
#42290=DIRECTION('',(0.766044441735347,-0.64278761133501,
-7.82941347387075E-7));
#42300=VECTOR('',#42290,1.);
#42310=LINE('',#42280,#42300);
#42320=EDGE_CURVE('',#42250,#42090,#42310,.T.);
#42330=ORIENTED_EDGE('',*,*,#42320,.F.);
#42340=EDGE_LOOP('',(#42330,#42270,#42190,#42180,#42120,#42110));
#42350=FACE_OUTER_BOUND('',#42340,.T.);
#42360=ADVANCED_FACE('',(#42350),#42030,.F.);
#42370=COLOUR_RGB('',0.,0.443137288093567,0.709803938865662);
#42380=FILL_AREA_STYLE_COLOUR('',#42370);
#42390=FILL_AREA_STYLE('',(#42380));
#42400=SURFACE_STYLE_FILL_AREA(#42390);
#42410=SURFACE_SIDE_STYLE('',(#42400));
#42420=SURFACE_STYLE_USAGE(.BOTH.,#42410);
#42430=PRESENTATION_STYLE_ASSIGNMENT((#42420));
#42440=CARTESIAN_POINT('',(31.2821703802415,-20.59999992582,
107.82485682605));
#42450=DIRECTION('',(-0.999999999999478,6.70295279950259E-10,
1.02205025713658E-6));
#42460=DIRECTION('',(1.02205025713658E-6,-1.9917270323898E-13,
0.999999999999478));
#42470=AXIS2_PLACEMENT_3D('',#42440,#42450,#42460);
#42480=CYLINDRICAL_SURFACE('',#42470,5.6);
#42490=CARTESIAN_POINT('',(20.3782520721497,-20.5999999185111,
107.824867970403));
#42500=DIRECTION('',(-0.642787611332777,-0.766044441735085,
1.97094216663262E-6));
#42510=DIRECTION('',(-0.766044441736939,0.64278761133351,
-3.1962499267911E-7));
#42520=AXIS2_PLACEMENT_3D('',#42490,#42500,#42510);
#42530=ELLIPSE('',#42520,8.71205341504262,5.6);
#42540=EDGE_CURVE('',#40550,#42090,#42530,.T.);
#42550=ORIENTED_EDGE('',*,*,#42540,.T.);
#42560=ORIENTED_EDGE('',*,*,#40850,.T.);
#42570=ORIENTED_EDGE('',*,*,#24160,.T.);
#42580=ORIENTED_EDGE('',*,*,#42100,.F.);
#42590=EDGE_LOOP('',(#42580,#42570,#42560,#42550));
#42600=FACE_OUTER_BOUND('',#42590,.T.);
#42610=ADVANCED_FACE('',(#42600),#42480,.F.);
#42620=COLOUR_RGB('',0.,0.443137288093567,0.709803938865662);
#42630=FILL_AREA_STYLE_COLOUR('',#42620);
#42640=FILL_AREA_STYLE('',(#42630));
#42650=SURFACE_STYLE_FILL_AREA(#42640);
#42660=SURFACE_SIDE_STYLE('',(#42650));
#42670=SURFACE_STYLE_USAGE(.BOTH.,#42660);
#42680=PRESENTATION_STYLE_ASSIGNMENT((#42670));
#42690=CARTESIAN_POINT('',(24.018596123511,-23.654611282842,
107.824815933642));
#42700=DIRECTION('',(-0.642787611332776,-0.766044441735086,
1.97094216663262E-6));
#42710=DIRECTION('',(-0.766044441731485,0.642787611335798,
2.34887740027791E-6));
#42720=AXIS2_PLACEMENT_3D('',#42690,#42700,#42710);
#42730=PLANE('',#42720);
#42740=ORIENTED_EDGE('',*,*,#42540,.F.);
#42750=ORIENTED_EDGE('',*,*,#42320,.T.);
#42760=CARTESIAN_POINT('',(67.6823282383689,-60.292709521948,
155.799928659203));
#42770=DIRECTION('',(0.608121346849579,-0.510272835459767,
0.608120104007181));
#42780=VECTOR('',#42770,1.);
#42790=LINE('',#42760,#42780);
#42800=CARTESIAN_POINT('',(21.9821725110347,-21.9458431197925,
110.099866331141));
#42810=VERTEX_POINT('',#42800);
#42820=EDGE_CURVE('',#42810,#42250,#42790,.T.);
#42830=ORIENTED_EDGE('',*,*,#42820,.T.);
#42840=CARTESIAN_POINT('',(-16.4616548108462,10.312358348034,
110.099905622937));
#42850=DIRECTION('',(0.766044441735347,-0.64278761133501,
-7.82941347387075E-7));
#42860=VECTOR('',#42850,1.);
#42870=LINE('',#42840,#42860);
#42880=CARTESIAN_POINT('',(23.4768183775464,-23.1999999206047,
110.099864803527));
#42890=VERTEX_POINT('',#42880);
#42900=EDGE_CURVE('',#42810,#42890,#42870,.T.);
#42910=ORIENTED_EDGE('',*,*,#42900,.F.);
#42920=CARTESIAN_POINT('',(23.4769585052529,-23.1999999205952,
155.800019021523));
#42930=DIRECTION('',(-3.06624143434921E-6,-2.07910179244815E-13,
-0.999999999995299));
#42940=VECTOR('',#42930,1.);
#42950=LINE('',#42920,#42940);
#42960=CARTESIAN_POINT('',(23.4768044261479,-23.1999999206056,
105.549864802874));
#42970=VERTEX_POINT('',#42960);
#42980=EDGE_CURVE('',#42890,#42970,#42950,.T.);
#42990=ORIENTED_EDGE('',*,*,#42980,.F.);
#43000=CARTESIAN_POINT('',(-16.4616641117198,10.3123544457792,
105.549905622157));
#43010=DIRECTION('',(-0.766044441735347,0.64278761133501,
7.82938995407353E-7));
#43020=VECTOR('',#43010,1.);
#43030=LINE('',#43000,#43020);
#43040=EDGE_CURVE('',#42970,#41160,#43030,.T.);
#43050=ORIENTED_EDGE('',*,*,#43040,.F.);
#43060=ORIENTED_EDGE('',*,*,#41170,.T.);
#43070=ORIENTED_EDGE('',*,*,#40560,.F.);
#43080=EDGE_LOOP('',(#43070,#43060,#43050,#42990,#42910,#42830,#42750,
#42740));
#43090=FACE_OUTER_BOUND('',#43080,.T.);
#43100=ADVANCED_FACE('',(#43090),#42730,.F.);
#43110=COLOUR_RGB('',0.,0.443137288093567,0.709803938865662);
#43120=FILL_AREA_STYLE_COLOUR('',#43110);
#43130=FILL_AREA_STYLE('',(#43120));
#43140=SURFACE_STYLE_FILL_AREA(#43130);
#43150=SURFACE_SIDE_STYLE('',(#43140));
#43160=SURFACE_STYLE_USAGE(.BOTH.,#43150);
#43170=PRESENTATION_STYLE_ASSIGNMENT((#43160));
#43180=CARTESIAN_POINT('',(-25.980741794606,-21.4863332018888,
110.09991535199));
#43190=DIRECTION('',(1.02205734446072E-6,6.91082492020212E-16,
0.999999999999478));
#43200=DIRECTION('',(0.999999999999478,-5.50765294381269E-10,
-1.02205734446073E-6));
#43210=AXIS2_PLACEMENT_3D('',#43180,#43190,#43200);
#43220=PLANE('',#43210);
#43230=ORIENTED_EDGE('',*,*,#41480,.T.);
#43240=CARTESIAN_POINT('',(-16.4616548005841,-18.1999998902242,
110.099905622937));
#43250=DIRECTION('',(0.999999999999478,-1.1242881525983E-9,
-1.02205734446072E-6));
#43260=VECTOR('',#43250,1.);
#43270=LINE('',#43240,#43260);
#43280=CARTESIAN_POINT('',(22.3321671915656,-18.1999999338396,
110.099865973426));
#43290=VERTEX_POINT('',#43280);
#43300=EDGE_CURVE('',#43290,#41450,#43270,.T.);
#43310=ORIENTED_EDGE('',*,*,#43300,.T.);
#43320=CARTESIAN_POINT('',(12.4821671990026,-18.2000000013884,
110.099876040691));
#43330=VERTEX_POINT('',#43320);
#43340=EDGE_CURVE('',#43330,#43290,#43270,.T.);
#43350=ORIENTED_EDGE('',*,*,#43340,.T.);
#43360=CARTESIAN_POINT('',(3.5920932696384,-18.2000000075715,
110.099885126856));
#43370=DIRECTION('',(-0.999999999999478,-6.9551303391976E-10,
1.02205734446072E-6));
#43380=VECTOR('',#43370,1.);
#43390=LINE('',#43360,#43380);
#43400=CARTESIAN_POINT('',(10.4321780255076,-18.2000000028142,
110.099878135897));
#43410=VERTEX_POINT('',#43400);
#43420=EDGE_CURVE('',#43330,#43410,#43390,.T.);
#43430=ORIENTED_EDGE('',*,*,#43420,.F.);
#43440=CARTESIAN_POINT('',(10.4321779977851,-42.8578186946028,
110.099878135898));
#43450=DIRECTION('',(-1.12428784153929E-9,-1.,1.84016913774785E-15));
#43460=VECTOR('',#43450,1.);
#43470=LINE('',#43440,#43460);
#43480=CARTESIAN_POINT('',(10.4321780198862,-23.1999999118609,
110.099878135897));
#43490=VERTEX_POINT('',#43480);
#43500=EDGE_CURVE('',#43410,#43490,#43470,.T.);
#43510=ORIENTED_EDGE('',*,*,#43500,.F.);
#43520=CARTESIAN_POINT('',(-16.4616548252154,-23.1999998938341,
110.099905622937));
#43530=DIRECTION('',(0.999999999999478,-6.70295279950292E-10,
-1.02205734446072E-6));
#43540=VECTOR('',#43530,1.);
#43550=LINE('',#43520,#43540);
#43560=EDGE_CURVE('',#43490,#42890,#43550,.T.);
#43570=ORIENTED_EDGE('',*,*,#43560,.F.);
#43580=ORIENTED_EDGE('',*,*,#42900,.T.);
#43590=CARTESIAN_POINT('',(21.9821725017683,-42.857818675038,
110.099866331141));
#43600=DIRECTION('',(4.43114471538433E-10,1.,-1.14397089209295E-15));
#43610=VECTOR('',#43600,1.);
#43620=LINE('',#43590,#43610);
#43630=EDGE_CURVE('',#42810,#41470,#43620,.T.);
#43640=ORIENTED_EDGE('',*,*,#43630,.F.);
#43650=EDGE_LOOP('',(#43640,#43580,#43570,#43510,#43430,#43350,#43310,
#43230));
#43660=FACE_OUTER_BOUND('',#43650,.T.);
#43670=ADVANCED_FACE('',(#43660),#43220,.F.);
#43680=COLOUR_RGB('',0.,0.443137288093567,0.709803938865662);
#43690=FILL_AREA_STYLE_COLOUR('',#43680);
#43700=FILL_AREA_STYLE('',(#43690));
#43710=SURFACE_STYLE_FILL_AREA(#43700);
#43720=SURFACE_SIDE_STYLE('',(#43710));
#43730=SURFACE_STYLE_USAGE(.BOTH.,#43720);
#43740=PRESENTATION_STYLE_ASSIGNMENT((#43730));
#43750=CARTESIAN_POINT('',(28.2821727036647,-23.1999999238257,
110.099859892224));
#43760=DIRECTION('',(-6.70295279736014E-10,-1.,2.09965466343924E-13));
#43770=DIRECTION('',(1.02205025713658E-6,2.09280390880803E-13,
0.999999999999478));
#43780=AXIS2_PLACEMENT_3D('',#43750,#43760,#43770);
#43790=PLANE('',#43780);
#43800=ORIENTED_EDGE('',*,*,#42980,.T.);
#43810=ORIENTED_EDGE('',*,*,#43560,.T.);
#43820=CARTESIAN_POINT('',(10.4322714378797,-23.1999999143617,
155.800045686799));
#43830=DIRECTION('',(2.04414991418499E-6,2.08827478917411E-13,
0.999999999997911));
#43840=VECTOR('',#43830,1.);
#43850=LINE('',#43820,#43840);
#43860=CARTESIAN_POINT('',(10.432168719004,-23.1999999118619,
105.549878135202));
#43870=VERTEX_POINT('',#43860);
#43880=EDGE_CURVE('',#43870,#43490,#43850,.T.);
#43890=ORIENTED_EDGE('',*,*,#43880,.T.);
#43900=CARTESIAN_POINT('',(-16.461664126089,-23.1999998938351,
105.549905622164));
#43910=DIRECTION('',(0.999999999999478,-6.70295279950292E-10,
-1.0220544490519E-6));
#43920=VECTOR('',#43910,1.);
#43930=LINE('',#43900,#43920);
#43940=EDGE_CURVE('',#43870,#42970,#43930,.T.);
#43950=ORIENTED_EDGE('',*,*,#43940,.F.);
#43960=EDGE_LOOP('',(#43950,#43890,#43810,#43800));
#43970=FACE_OUTER_BOUND('',#43960,.T.);
#43980=ADVANCED_FACE('',(#43970),#43790,.F.);
#43990=COLOUR_RGB('',0.,0.443137288093567,0.709803938865662);
#44000=FILL_AREA_STYLE_COLOUR('',#43990);
#44010=FILL_AREA_STYLE('',(#44000));
#44020=SURFACE_STYLE_FILL_AREA(#44010);
#44030=SURFACE_SIDE_STYLE('',(#44020));
#44040=SURFACE_STYLE_USAGE(.BOTH.,#44030);
#44050=PRESENTATION_STYLE_ASSIGNMENT((#44040));
#44060=CARTESIAN_POINT('',(10.432168372292,-16.4016462254959,
105.376527167589));
#44070=DIRECTION('',(-0.999999999997911,1.1242878415407E-9,
2.04414991418499E-6));
#44080=DIRECTION('',(2.04414991418499E-6,-5.762839418367E-13,
0.999999999997911));
#44090=AXIS2_PLACEMENT_3D('',#44060,#44070,#44080);
#44100=PLANE('',#44090);
#44110=CARTESIAN_POINT('',(10.432181704842,-18.2000000028131,
111.899811904852));
#44120=DIRECTION('',(-2.04414991418499E-6,-5.78192343876605E-13,
-0.999999999997911));
#44130=VECTOR('',#44120,1.);
#44140=LINE('',#44110,#44130);
#44150=CARTESIAN_POINT('',(10.4321687246255,-18.2000000028168,
105.549878135201));
#44160=VERTEX_POINT('',#44150);
#44170=EDGE_CURVE('',#43410,#44160,#44140,.T.);
#44180=ORIENTED_EDGE('',*,*,#44170,.F.);
#44190=CARTESIAN_POINT('',(10.432168696903,-42.8578186946019,
105.54987813541));
#44200=DIRECTION('',(-1.12428784111302E-9,-1.,2.10372395543758E-13));
#44210=VECTOR('',#44200,1.);
#44220=LINE('',#44190,#44210);
#44230=EDGE_CURVE('',#44160,#43870,#44220,.T.);
#44240=ORIENTED_EDGE('',*,*,#44230,.F.);
#44250=ORIENTED_EDGE('',*,*,#43880,.F.);
#44260=ORIENTED_EDGE('',*,*,#43500,.T.);
#44270=EDGE_LOOP('',(#44260,#44250,#44240,#44180));
#44280=FACE_OUTER_BOUND('',#44270,.T.);
#44290=ADVANCED_FACE('',(#44280),#44100,.F.);
#44300=COLOUR_RGB('',0.823529481887817,0.823529481887817,
0.784313797950745);
#44310=FILL_AREA_STYLE_COLOUR('',#44300);
#44320=FILL_AREA_STYLE('',(#44310));
#44330=SURFACE_STYLE_FILL_AREA(#44320);
#44340=SURFACE_SIDE_STYLE('',(#44330));
#44350=SURFACE_STYLE_USAGE(.BOTH.,#44340);
#44360=PRESENTATION_STYLE_ASSIGNMENT((#44350));
#44370=CARTESIAN_POINT('',(21.982172518916,-4.15987645808899,
110.099866331141));
#44380=DIRECTION('',(-0.707106058482499,3.13329736336499E-10,
0.707107503889857));
#44390=DIRECTION('',(-4.43114384698329E-10,-1.,1.23081081819909E-15));
#44400=AXIS2_PLACEMENT_3D('',#44370,#44380,#44390);
#44410=PLANE('',#44400);
#44420=ORIENTED_EDGE('',*,*,#43630,.T.);
#44430=ORIENTED_EDGE('',*,*,#42820,.F.);
#44440=ORIENTED_EDGE('',*,*,#42260,.T.);
#44450=ORIENTED_EDGE('',*,*,#41560,.T.);
#44460=EDGE_LOOP('',(#44450,#44440,#44430,#44420));
#44470=FACE_OUTER_BOUND('',#44460,.T.);
#44480=ADVANCED_FACE('',(#44470),#44410,.F.);
#44490=COLOUR_RGB('',0.,0.443137288093567,0.709803938865662);
#44500=FILL_AREA_STYLE_COLOUR('',#44490);
#44510=FILL_AREA_STYLE('',(#44500));
#44520=SURFACE_STYLE_FILL_AREA(#44510);
#44530=SURFACE_SIDE_STYLE('',(#44520));
#44540=SURFACE_STYLE_USAGE(.BOTH.,#44530);
#44550=PRESENTATION_STYLE_ASSIGNMENT((#44540));
#44560=CARTESIAN_POINT('',(10.4321675236663,-18.1999999204616,
105.549878135202));
#44570=DIRECTION('',(1.12428815238383E-9,1.,-2.10372384283484E-13));
#44580=DIRECTION('',(0.999999999999478,-1.12428815259826E-9,
-1.0220544490519E-6));
#44590=AXIS2_PLACEMENT_3D('',#44560,#44570,#44580);
#44600=PLANE('',#44590);
#44610=CARTESIAN_POINT('',(-16.4616641239452,-18.1999998902251,
105.549905622163));
#44620=DIRECTION('',(0.999999999999478,-1.12428815259827E-9,
-1.0220544490519E-6));
#44630=VECTOR('',#44620,1.);
#44640=LINE('',#44610,#44630);
#44650=CARTESIAN_POINT('',(22.3321671915741,-18.1999999338406,
105.549865972755));
#44660=VERTEX_POINT('',#44650);
#44670=EDGE_CURVE('',#44660,#41800,#44640,.T.);
#44680=ORIENTED_EDGE('',*,*,#44670,.T.);
#44690=CARTESIAN_POINT('',(22.3321671915622,-18.1999999338392,
111.899799742239));
#44700=DIRECTION('',(-1.87069718414395E-12,2.10372386411799E-13,1.));
#44710=VECTOR('',#44700,1.);
#44720=LINE('',#44690,#44710);
#44730=EDGE_CURVE('',#44660,#43290,#44720,.T.);
#44740=ORIENTED_EDGE('',*,*,#44730,.F.);
#44750=ORIENTED_EDGE('',*,*,#43300,.F.);
#44760=ORIENTED_EDGE('',*,*,#41870,.F.);
#44770=EDGE_LOOP('',(#44760,#44750,#44740,#44680));
#44780=FACE_OUTER_BOUND('',#44770,.T.);
#44790=ADVANCED_FACE('',(#44780),#44600,.F.);
#44800=COLOUR_RGB('',0.,0.443137288093567,0.709803938865662);
#44810=FILL_AREA_STYLE_COLOUR('',#44800);
#44820=FILL_AREA_STYLE('',(#44810));
#44830=SURFACE_STYLE_FILL_AREA(#44820);
#44840=SURFACE_SIDE_STYLE('',(#44830));
#44850=SURFACE_STYLE_USAGE(.BOTH.,#44840);
#44860=PRESENTATION_STYLE_ASSIGNMENT((#44850));
#44870=CARTESIAN_POINT('',(7.27937382939565,-13.7816949048282,
105.549881357528));
#44880=DIRECTION('',(-1.0220544490519E-6,-2.09223300575213E-13,
-0.999999999999478));
#44890=DIRECTION('',(-0.999999999999478,6.73922390014088E-10,
1.0220544490519E-6));
#44900=AXIS2_PLACEMENT_3D('',#44870,#44880,#44890);
#44910=PLANE('',#44900);
#44920=ORIENTED_EDGE('',*,*,#41810,.T.);
#44930=ORIENTED_EDGE('',*,*,#41230,.T.);
#44940=ORIENTED_EDGE('',*,*,#43040,.T.);
#44950=ORIENTED_EDGE('',*,*,#43940,.T.);
#44960=ORIENTED_EDGE('',*,*,#44230,.T.);
#44970=CARTESIAN_POINT('',(3.59208861922183,-18.2000000075742,
105.549885126135));
#44980=DIRECTION('',(0.999999999999478,6.95513033919762E-10,
-1.0220544490519E-6));
#44990=VECTOR('',#44980,1.);
#45000=LINE('',#44970,#44990);
#45010=CARTESIAN_POINT('',(12.4821671990103,-18.1999999227663,
105.549876039991));
#45020=VERTEX_POINT('',#45010);
#45030=EDGE_CURVE('',#44160,#45020,#45000,.T.);
#45040=ORIENTED_EDGE('',*,*,#45030,.F.);
#45050=EDGE_CURVE('',#45020,#44660,#44640,.T.);
#45060=ORIENTED_EDGE('',*,*,#45050,.F.);
#45070=ORIENTED_EDGE('',*,*,#44670,.F.);
#45080=EDGE_LOOP('',(#45070,#45060,#45040,#44960,#44950,#44940,#44930,
#44920));
#45090=FACE_OUTER_BOUND('',#45080,.T.);
#45100=ADVANCED_FACE('',(#45090),#44910,.F.);
#45110=COLOUR_RGB('',0.,0.443137288093567,0.709803938865662);
#45120=FILL_AREA_STYLE_COLOUR('',#45110);
#45130=FILL_AREA_STYLE('',(#45120));
#45140=SURFACE_STYLE_FILL_AREA(#45130);
#45150=SURFACE_SIDE_STYLE('',(#45140));
#45160=SURFACE_STYLE_USAGE(.BOTH.,#45150);
#45170=PRESENTATION_STYLE_ASSIGNMENT((#45160));
#45180=CARTESIAN_POINT('',(31.2821703803756,-20.3999999020991,
107.824856826081));
#45190=DIRECTION('',(0.999999999999478,-6.70295279950259E-10,
-1.02205025713658E-6));
#45200=DIRECTION('',(1.02205025713658E-6,-1.9917270323898E-13,
0.999999999999478));
#45210=AXIS2_PLACEMENT_3D('',#45180,#45190,#45200);
#45220=CYLINDRICAL_SURFACE('',#45210,5.6);
#45230=ORIENTED_EDGE('',*,*,#42170,.F.);
#45240=ORIENTED_EDGE('',*,*,#24330,.F.);
#45250=ORIENTED_EDGE('',*,*,#40780,.T.);
#45260=ORIENTED_EDGE('',*,*,#41710,.T.);
#45270=EDGE_LOOP('',(#45260,#45250,#45240,#45230));
#45280=FACE_OUTER_BOUND('',#45270,.T.);
#45290=ADVANCED_FACE('',(#45280),#45220,.F.);
#45300=COLOUR_RGB('',0.,0.443137288093567,0.709803938865662);
#45310=FILL_AREA_STYLE_COLOUR('',#45300);
#45320=FILL_AREA_STYLE('',(#45310));
#45330=SURFACE_STYLE_FILL_AREA(#45320);
#45340=SURFACE_SIDE_STYLE('',(#45330));
#45350=SURFACE_STYLE_USAGE(.BOTH.,#45340);
#45360=PRESENTATION_STYLE_ASSIGNMENT((#45350));
#45370=CARTESIAN_POINT('',(-30.5178298107572,-20.3999999815615,
107.824853759655));
#45380=DIRECTION('',(-0.999999999999478,-2.41520387018918E-10,
1.02209778703316E-6));
#45390=DIRECTION('',(1.02209778703316E-6,-2.00097621760324E-13,
0.999999999999478));
#45400=AXIS2_PLACEMENT_3D('',#45370,#45380,#45390);
#45410=CYLINDRICAL_SURFACE('',#45400,5.6);
#45420=CARTESIAN_POINT('',(-19.0372039766054,-20.3999999787887,
107.824842025333));
#45430=DIRECTION('',(-0.642787609686204,-0.766044443118978,
6.56987751541053E-7));
#45440=DIRECTION('',(-0.766044443118578,0.642787609686539,
7.82975721597391E-7));
#45450=AXIS2_PLACEMENT_3D('',#45420,#45430,#45440);
#45460=ELLIPSE('',#45450,8.71205342791069,5.6);
#45470=CARTESIAN_POINT('',(-24.4507503405697,-15.8574924126629,
111.099847558508));
#45480=VERTEX_POINT('',#45470);
#45490=CARTESIAN_POINT('',(-24.4507570352996,-15.8574924126373,
104.54984755859));
#45500=VERTEX_POINT('',#45490);
#45510=EDGE_CURVE('',#45480,#45500,#45460,.T.);
#45520=ORIENTED_EDGE('',*,*,#45510,.F.);
#45530=CARTESIAN_POINT('',(-30.5178331592246,-15.8574924141202,
104.549853759697));
#45540=DIRECTION('',(-0.999999999999478,-2.41520387018918E-10,
1.02209778703316E-6));
#45550=VECTOR('',#45540,1.);
#45560=LINE('',#45530,#45550);
#45570=EDGE_CURVE('',#45500,#15260,#45560,.T.);
#45580=ORIENTED_EDGE('',*,*,#45570,.F.);
#45590=ORIENTED_EDGE('',*,*,#15270,.T.);
#45600=CARTESIAN_POINT('',(-30.517826464484,-15.8574924141181,
111.09985375961));
#45610=DIRECTION('',(-0.999999999999478,-2.41520387018918E-10,
1.02209778703316E-6));
#45620=VECTOR('',#45610,1.);
#45630=LINE('',#45600,#45620);
#45640=EDGE_CURVE('',#45480,#15170,#45630,.T.);
#45650=ORIENTED_EDGE('',*,*,#45640,.T.);
#45660=EDGE_LOOP('',(#45650,#45590,#45580,#45520));
#45670=FACE_OUTER_BOUND('',#45660,.T.);
#45680=ADVANCED_FACE('',(#45670),#45410,.F.);
#45690=COLOUR_RGB('',0.,0.443137288093567,0.709803938865662);
#45700=FILL_AREA_STYLE_COLOUR('',#45690);
#45710=FILL_AREA_STYLE('',(#45700));
#45720=SURFACE_STYLE_FILL_AREA(#45710);
#45730=SURFACE_SIDE_STYLE('',(#45720));
#45740=SURFACE_STYLE_USAGE(.BOTH.,#45730);
#45750=PRESENTATION_STYLE_ASSIGNMENT((#45740));
#45760=CARTESIAN_POINT('',(25.7450880362867,-21.4863333059119,
111.099796253809));
#45770=DIRECTION('',(-1.02209069970902E-6,2.33832990456561E-16,
-0.999999999999478));
#45780=DIRECTION('',(-0.999999999999478,-1.21990401449928E-10,
1.02209069970902E-6));
#45790=AXIS2_PLACEMENT_3D('',#45760,#45770,#45780);
#45800=PLANE('',#45790);
#45810=CARTESIAN_POINT('',(0.679470638702627,-3.73965840738596,
111.099821873143));
#45820=DIRECTION('',(-0.766044443118579,-0.642787609686539,
7.82966900709393E-7));
#45830=VECTOR('',#45820,1.);
#45840=LINE('',#45810,#45830);
#45850=CARTESIAN_POINT('',(-22.2178262695666,-22.9527717980814,
111.099845276257));
#45860=VERTEX_POINT('',#45850);
#45870=CARTESIAN_POINT('',(-24.827451744151,-25.1425075713171,
111.099847943508));
#45880=VERTEX_POINT('',#45870);
#45890=EDGE_CURVE('',#45860,#45880,#45840,.T.);
#45900=ORIENTED_EDGE('',*,*,#45890,.T.);
#45910=CARTESIAN_POINT('',(-22.2178262698361,-4.15987654153899,
111.099845276257));
#45920=DIRECTION('',(1.4339578607783E-11,-1.,-2.48489340388823E-16));
#45930=VECTOR('',#45920,1.);
#45940=LINE('',#45910,#45930);
#45950=CARTESIAN_POINT('',(-22.2178262696414,-17.7311381770267,
111.099845276257));
#45960=VERTEX_POINT('',#45950);
#45970=EDGE_CURVE('',#45960,#45860,#45940,.T.);
#45980=ORIENTED_EDGE('',*,*,#45970,.T.);
#45990=CARTESIAN_POINT('',(0.679470638702634,-36.9442515677849,
111.099821873143));
#46000=DIRECTION('',(-0.766044443118578,0.642787609686539,
7.82966901018654E-7));
#46010=VECTOR('',#46000,1.);
#46020=LINE('',#45990,#46010);
#46030=EDGE_CURVE('',#45960,#45480,#46020,.T.);
#46040=ORIENTED_EDGE('',*,*,#46030,.F.);
#46050=ORIENTED_EDGE('',*,*,#45640,.F.);
#46060=ORIENTED_EDGE('',*,*,#15180,.T.);
#46070=CARTESIAN_POINT('',(-30.5178264622415,-25.1425075727035,
111.09985375961));
#46080=DIRECTION('',(0.999999999999478,2.41520387018918E-10,
-1.02209778703316E-6));
#46090=VECTOR('',#46080,1.);
#46100=LINE('',#46070,#46090);
#46110=EDGE_CURVE('',#15070,#45880,#46100,.T.);
#46120=ORIENTED_EDGE('',*,*,#46110,.F.);
#46130=EDGE_LOOP('',(#46120,#46060,#46050,#46040,#45980,#45900));
#46140=FACE_OUTER_BOUND('',#46130,.T.);
#46150=ADVANCED_FACE('',(#46140),#45800,.T.);
#46160=COLOUR_RGB('',0.,0.443137288093567,0.709803938865662);
#46170=FILL_AREA_STYLE_COLOUR('',#46160);
#46180=FILL_AREA_STYLE('',(#46170));
#46190=SURFACE_STYLE_FILL_AREA(#46180);
#46200=SURFACE_SIDE_STYLE('',(#46190));
#46210=SURFACE_STYLE_USAGE(.BOTH.,#46200);
#46220=PRESENTATION_STYLE_ASSIGNMENT((#46210));
#46230=CARTESIAN_POINT('',(0.609970972729537,-34.646913574995,
104.549821944233));
#46240=DIRECTION('',(-1.02209149916018E-6,1.1102265222247E-16,
-0.999999999999478));
#46250=DIRECTION('',(-0.999999999999478,-6.47126722030657E-12,
1.02209149916018E-6));
#46260=AXIS2_PLACEMENT_3D('',#46230,#46240,#46250);
#46270=PLANE('',#46260);
#46280=CARTESIAN_POINT('',(-30.517833156982,-25.1425075727551,
104.549853759709));
#46290=DIRECTION('',(0.999999999999478,2.41520387018918E-10,
-1.02209778703316E-6));
#46300=VECTOR('',#46290,1.);
#46310=LINE('',#46280,#46300);
#46320=CARTESIAN_POINT('',(-24.8274584389366,-25.1425075713895,
104.549847943602));
#46330=VERTEX_POINT('',#46320);
#46340=EDGE_CURVE('',#15090,#46330,#46310,.T.);
#46350=ORIENTED_EDGE('',*,*,#46340,.T.);
#46360=ORIENTED_EDGE('',*,*,#15330,.F.);
#46370=ORIENTED_EDGE('',*,*,#45570,.T.);
#46380=CARTESIAN_POINT('',(0.679463944003316,-36.9442515677849,
104.549821873204));
#46390=DIRECTION('',(-0.766044443118578,0.642787609686539,
7.82967513362163E-7));
#46400=VECTOR('',#46390,1.);
#46410=LINE('',#46380,#46400);
#46420=CARTESIAN_POINT('',(-22.2178329634712,-17.7311381777564,
104.549845276337));
#46430=VERTEX_POINT('',#46420);
#46440=EDGE_CURVE('',#46430,#45500,#46410,.T.);
#46450=ORIENTED_EDGE('',*,*,#46440,.T.);
#46460=CARTESIAN_POINT('',(-22.217832963663,-4.159876541539,
104.549845276337));
#46470=DIRECTION('',(-1.41311692014311E-11,1.,1.25466000136584E-16));
#46480=VECTOR('',#46470,1.);
#46490=LINE('',#46460,#46480);
#46500=CARTESIAN_POINT('',(-22.2178329633974,-22.9527717973526,
104.549845276337));
#46510=VERTEX_POINT('',#46500);
#46520=EDGE_CURVE('',#46510,#46430,#46490,.T.);
#46530=ORIENTED_EDGE('',*,*,#46520,.T.);
#46540=CARTESIAN_POINT('',(0.679463944003309,-3.73965840738597,
104.549821873204));
#46550=DIRECTION('',(-0.766044443118579,-0.642787609686539,
7.82967513219435E-7));
#46560=VECTOR('',#46550,1.);
#46570=LINE('',#46540,#46560);
#46580=EDGE_CURVE('',#46510,#46330,#46570,.T.);
#46590=ORIENTED_EDGE('',*,*,#46580,.F.);
#46600=EDGE_LOOP('',(#46590,#46530,#46450,#46370,#46360,#46350));
#46610=FACE_OUTER_BOUND('',#46600,.T.);
#46620=ADVANCED_FACE('',(#46610),#46270,.F.);
#46630=COLOUR_RGB('',0.,0.443137288093567,0.709803938865662);
#46640=FILL_AREA_STYLE_COLOUR('',#46630);
#46650=FILL_AREA_STYLE('',(#46640));
#46660=SURFACE_STYLE_FILL_AREA(#46650);
#46670=SURFACE_SIDE_STYLE('',(#46660));
#46680=SURFACE_STYLE_USAGE(.BOTH.,#46670);
#46690=PRESENTATION_STYLE_ASSIGNMENT((#46680));
#46700=CARTESIAN_POINT('',(-28.5205048322749,-12.4425657284491,
107.824851718248));
#46710=DIRECTION('',(-0.642787609686203,-0.766044443118978,
6.56987751541053E-7));
#46720=DIRECTION('',(-0.766044443118578,0.642787609686539,
7.82967513362163E-7));
#46730=AXIS2_PLACEMENT_3D('',#46700,#46710,#46720);
#46740=PLANE('',#46730);
#46750=CARTESIAN_POINT('',(-21.6590127995439,-18.2000000171935,
155.799999999993));
#46760=DIRECTION('',(1.02209125078752E-6,2.08298382204502E-13,
0.999999999999478));
#46770=VECTOR('',#46760,1.);
#46780=LINE('',#46750,#46770);
#46790=CARTESIAN_POINT('',(-21.659064159788,-18.200000017204,
105.54984470445));
#46800=VERTEX_POINT('',#46790);
#46810=CARTESIAN_POINT('',(-21.6590595092728,-18.200000017203,
110.099844705117));
#46820=VERTEX_POINT('',#46810);
#46830=EDGE_CURVE('',#46800,#46820,#46780,.T.);
#46840=ORIENTED_EDGE('',*,*,#46830,.T.);
#46850=CARTESIAN_POINT('',(17.2260000513391,-50.8284430550826,
105.549804960282));
#46860=DIRECTION('',(-0.766044443118578,0.642787609686539,
7.82968984967134E-7));
#46870=VECTOR('',#46860,1.);
#46880=LINE('',#46850,#46870);
#46890=CARTESIAN_POINT('',(-21.2178319421393,-18.5702378082967,
105.54984425347));
#46900=VERTEX_POINT('',#46890);
#46910=EDGE_CURVE('',#46900,#46800,#46880,.T.);
#46920=ORIENTED_EDGE('',*,*,#46910,.T.);
#46930=CARTESIAN_POINT('',(0.679487347135838,-36.9442515677849,
127.447118780311));
#46940=DIRECTION('',(0.608121023969329,-0.510273605377765,
0.608119780850181));
#46950=VECTOR('',#46940,1.);
#46960=LINE('',#46930,#46950);
#46970=EDGE_CURVE('',#46430,#46900,#46960,.T.);
#46980=ORIENTED_EDGE('',*,*,#46970,.T.);
#46990=ORIENTED_EDGE('',*,*,#46440,.F.);
#47000=ORIENTED_EDGE('',*,*,#45510,.T.);
#47010=ORIENTED_EDGE('',*,*,#46030,.T.);
#47020=CARTESIAN_POINT('',(0.67944723557011,-36.9442515677849,
88.2025249650928));
#47030=DIRECTION('',(-0.608119780859397,0.510273605377309,
0.608121023960496));
#47040=VECTOR('',#47030,1.);
#47050=LINE('',#47020,#47040);
#47060=CARTESIAN_POINT('',(-21.2178272916908,-18.5702378082398,
110.099844254137));
#47070=VERTEX_POINT('',#47060);
#47080=EDGE_CURVE('',#47070,#45960,#47050,.T.);
#47090=ORIENTED_EDGE('',*,*,#47080,.T.);
#47100=CARTESIAN_POINT('',(17.2260000513391,-50.8284391528361,
110.099804961059));
#47110=DIRECTION('',(0.766044443118578,-0.642787609686539,
-7.82966901023005E-7));
#47120=VECTOR('',#47110,1.);
#47130=LINE('',#47100,#47120);
#47140=EDGE_CURVE('',#46820,#47070,#47130,.T.);
#47150=ORIENTED_EDGE('',*,*,#47140,.T.);
#47160=EDGE_LOOP('',(#47150,#47090,#47010,#47000,#46990,#46980,#46920,
#46840));
#47170=FACE_OUTER_BOUND('',#47160,.T.);
#47180=ADVANCED_FACE('',(#47170),#46740,.T.);
#47190=COLOUR_RGB('',0.,0.443137288093567,0.709803938865662);
#47200=FILL_AREA_STYLE_COLOUR('',#47190);
#47210=FILL_AREA_STYLE('',(#47200));
#47220=SURFACE_STYLE_FILL_AREA(#47210);
#47230=SURFACE_SIDE_STYLE('',(#47220));
#47240=SURFACE_STYLE_USAGE(.BOTH.,#47230);
#47250=PRESENTATION_STYLE_ASSIGNMENT((#47240));
#47260=CARTESIAN_POINT('',(-6.51503790737629,-13.7816949945824,
105.549829225837));
#47270=DIRECTION('',(1.02209359511784E-6,2.08298383851258E-13,
0.999999999999478));
#47280=DIRECTION('',(0.999999999999478,2.45147497082747E-10,
-1.02209359511784E-6));
#47290=AXIS2_PLACEMENT_3D('',#47260,#47270,#47280);
#47300=PLANE('',#47290);
#47310=CARTESIAN_POINT('',(17.2260000215826,-18.1999999901589,
105.549804960275));
#47320=DIRECTION('',(0.999999999999478,6.95513259666963E-10,
-1.02209359511784E-6));
#47330=VECTOR('',#47320,1.);
#47340=LINE('',#47310,#47330);
#47350=CARTESIAN_POINT('',(-21.5678328042047,-18.2000000171405,
105.549844611203));
#47360=VERTEX_POINT('',#47350);
#47370=EDGE_CURVE('',#46800,#47360,#47340,.T.);
#47380=ORIENTED_EDGE('',*,*,#47370,.F.);
#47390=CARTESIAN_POINT('',(-9.66783280450056,-18.2000000088639,
105.549832448289));
#47400=VERTEX_POINT('',#47390);
#47410=EDGE_CURVE('',#47360,#47400,#47340,.T.);
#47420=ORIENTED_EDGE('',*,*,#47410,.F.);
#47430=CARTESIAN_POINT('',(-9.66783278735073,-42.8578187830042,
105.549832448499));
#47440=DIRECTION('',(6.95512948608639E-10,-1.,2.07587516099682E-13));
#47450=VECTOR('',#47440,1.);
#47460=LINE('',#47430,#47450);
#47470=CARTESIAN_POINT('',(-9.667832801023,-23.2000000002642,
105.549832448291));
#47480=VERTEX_POINT('',#47470);
#47490=EDGE_CURVE('',#47400,#47480,#47460,.T.);
#47500=ORIENTED_EDGE('',*,*,#47490,.F.);
#47510=CARTESIAN_POINT('',(0.679464966094813,-23.1999999977652,
105.549821872384));
#47520=DIRECTION('',(-0.999999999999478,-2.41520387018919E-10,
1.02209359511784E-6));
#47530=VECTOR('',#47520,1.);
#47540=LINE('',#47510,#47530);
#47550=CARTESIAN_POINT('',(-22.5124670440134,-23.2000000033665,
105.549845576709));
#47560=VERTEX_POINT('',#47550);
#47570=EDGE_CURVE('',#47480,#47560,#47540,.T.);
#47580=ORIENTED_EDGE('',*,*,#47570,.F.);
#47590=CARTESIAN_POINT('',(0.679464966094808,-3.73965840738596,
105.54982187238));
#47600=DIRECTION('',(-0.766044443118579,-0.642787609686539,
7.82969252772381E-7));
#47610=VECTOR('',#47600,1.);
#47620=LINE('',#47590,#47610);
#47630=CARTESIAN_POINT('',(-21.2178319420885,-22.1136721668316,
105.54984425347));
#47640=VERTEX_POINT('',#47630);
#47650=EDGE_CURVE('',#47640,#47560,#47620,.T.);
#47660=ORIENTED_EDGE('',*,*,#47650,.T.);
#47670=CARTESIAN_POINT('',(-21.217831942346,-4.15987654153898,
105.549844253467));
#47680=DIRECTION('',(-1.43395788209189E-11,1.,-2.08283727459697E-13));
#47690=VECTOR('',#47680,1.);
#47700=LINE('',#47670,#47690);
#47710=EDGE_CURVE('',#47640,#46900,#47700,.T.);
#47720=ORIENTED_EDGE('',*,*,#47710,.F.);
#47730=ORIENTED_EDGE('',*,*,#46910,.F.);
#47740=EDGE_LOOP('',(#47730,#47720,#47660,#47580,#47500,#47420,#47380));
#47750=FACE_OUTER_BOUND('',#47740,.T.);
#47760=ADVANCED_FACE('',(#47750),#47300,.T.);
#47770=COLOUR_RGB('',0.,0.443137288093567,0.709803938865662);
#47780=FILL_AREA_STYLE_COLOUR('',#47770);
#47790=FILL_AREA_STYLE('',(#47780));
#47800=SURFACE_STYLE_FILL_AREA(#47790);
#47810=SURFACE_SIDE_STYLE('',(#47800));
#47820=SURFACE_STYLE_USAGE(.BOTH.,#47810);
#47830=PRESENTATION_STYLE_ASSIGNMENT((#47820));
#47840=CARTESIAN_POINT('',(-27.51782748481,-23.2000000045744,
110.099850693354));
#47850=DIRECTION('',(-2.41520387231752E-10,1.,-2.08108614906255E-13));
#47860=DIRECTION('',(1.02209778703316E-6,2.0835547235946E-13,
0.999999999999478));
#47870=AXIS2_PLACEMENT_3D('',#47840,#47850,#47860);
#47880=PLANE('',#47870);
#47890=ORIENTED_EDGE('',*,*,#47570,.T.);
#47900=CARTESIAN_POINT('',(-9.66783280111696,-23.2000000027641,
155.799999999992));
#47910=DIRECTION('',(-1.87001631492051E-12,2.08340811067085E-13,1.));
#47920=VECTOR('',#47910,1.);
#47930=LINE('',#47900,#47920);
#47940=CARTESIAN_POINT('',(-9.6678328010315,-23.2000000002633,
110.099832448995));
#47950=VERTEX_POINT('',#47940);
#47960=EDGE_CURVE('',#47480,#47950,#47930,.T.);
#47970=ORIENTED_EDGE('',*,*,#47960,.F.);
#47980=CARTESIAN_POINT('',(0.679469616611135,-23.1999999977642,
110.099821873114));
#47990=DIRECTION('',(-0.999999999999478,-2.4152038701892E-10,
1.02209069970902E-6));
#48000=VECTOR('',#47990,1.);
#48010=LINE('',#47980,#48000);
#48020=CARTESIAN_POINT('',(-22.512462393496,-23.2000000033655,
110.099845577372));
#48030=VERTEX_POINT('',#48020);
#48040=EDGE_CURVE('',#47950,#48030,#48010,.T.);
#48050=ORIENTED_EDGE('',*,*,#48040,.F.);
#48060=CARTESIAN_POINT('',(-22.5124987211183,-23.2000000033729,
74.5574175939534));
#48070=DIRECTION('',(-1.02209174760087E-6,-2.08355470900814E-13,
-0.999999999999478));
#48080=VECTOR('',#48070,1.);
#48090=LINE('',#48060,#48080);
#48100=EDGE_CURVE('',#48030,#47560,#48090,.T.);
#48110=ORIENTED_EDGE('',*,*,#48100,.F.);
#48120=EDGE_LOOP('',(#48110,#48050,#47970,#47890));
#48130=FACE_OUTER_BOUND('',#48120,.T.);
#48140=ADVANCED_FACE('',(#48130),#47880,.T.);
#48150=COLOUR_RGB('',0.,0.443137288093567,0.709803938865662);
#48160=FILL_AREA_STYLE_COLOUR('',#48150);
#48170=FILL_AREA_STYLE('',(#48160));
#48180=SURFACE_STYLE_FILL_AREA(#48170);
#48190=SURFACE_SIDE_STYLE('',(#48180));
#48200=SURFACE_STYLE_USAGE(.BOTH.,#48190);
#48210=PRESENTATION_STYLE_ASSIGNMENT((#48200));
#48220=CARTESIAN_POINT('',(26.7450870141954,-21.4863333059041,
110.099795231689));
#48230=DIRECTION('',(-1.02209069970902E-6,2.33832990456561E-16,
-0.999999999999478));
#48240=DIRECTION('',(-0.999999999999478,-1.21990401449928E-10,
1.02209069970902E-6));
#48250=AXIS2_PLACEMENT_3D('',#48220,#48230,#48240);
#48260=PLANE('',#48250);
#48270=CARTESIAN_POINT('',(-21.2178272918974,-4.15987654153899,
110.099844254137));
#48280=DIRECTION('',(-1.4339578607783E-11,1.,2.48489340388823E-16));
#48290=VECTOR('',#48280,1.);
#48300=LINE('',#48270,#48290);
#48310=CARTESIAN_POINT('',(-21.21782729164,-22.1136721668884,
110.099844254137));
#48320=VERTEX_POINT('',#48310);
#48330=EDGE_CURVE('',#48320,#47070,#48300,.T.);
#48340=ORIENTED_EDGE('',*,*,#48330,.T.);
#48350=CARTESIAN_POINT('',(0.67946961661113,-3.73965840738597,
110.099821873114));
#48360=DIRECTION('',(0.766044443118579,0.642787609686539,
-7.82966900709393E-7));
#48370=VECTOR('',#48360,1.);
#48380=LINE('',#48350,#48370);
#48390=EDGE_CURVE('',#48030,#48320,#48380,.T.);
#48400=ORIENTED_EDGE('',*,*,#48390,.T.);
#48410=ORIENTED_EDGE('',*,*,#48040,.T.);
#48420=CARTESIAN_POINT('',(-9.66783278735923,-42.8578187830052,
110.099832448995));
#48430=DIRECTION('',(6.95512948608639E-10,-1.,-9.44710306763562E-16));
#48440=VECTOR('',#48430,1.);
#48450=LINE('',#48420,#48440);
#48460=CARTESIAN_POINT('',(-9.66783280450907,-18.200000008863,
110.099832448995));
#48470=VERTEX_POINT('',#48460);
#48480=EDGE_CURVE('',#48470,#47950,#48450,.T.);
#48490=ORIENTED_EDGE('',*,*,#48480,.T.);
#48500=CARTESIAN_POINT('',(17.2260000215826,-18.1999999901579,
110.099804961059));
#48510=DIRECTION('',(-0.999999999999478,-6.95513259666963E-10,
1.02209069970902E-6));
#48520=VECTOR('',#48510,1.);
#48530=LINE('',#48500,#48520);
#48540=CARTESIAN_POINT('',(-21.5678328042323,-18.2000000171396,
110.099844611875));
#48550=VERTEX_POINT('',#48540);
#48560=EDGE_CURVE('',#48470,#48550,#48530,.T.);
#48570=ORIENTED_EDGE('',*,*,#48560,.F.);
#48580=EDGE_CURVE('',#48550,#46820,#48530,.T.);
#48590=ORIENTED_EDGE('',*,*,#48580,.F.);
#48600=ORIENTED_EDGE('',*,*,#47140,.F.);
#48610=EDGE_LOOP('',(#48600,#48590,#48570,#48490,#48410,#48400,#48340));
#48620=FACE_OUTER_BOUND('',#48610,.T.);
#48630=ADVANCED_FACE('',(#48620),#48260,.T.);
#48640=COLOUR_RGB('',0.,0.443137288093567,0.709803938865662);
#48650=FILL_AREA_STYLE_COLOUR('',#48640);
#48660=FILL_AREA_STYLE('',(#48650));
#48670=SURFACE_STYLE_FILL_AREA(#48660);
#48680=SURFACE_SIDE_STYLE('',(#48670));
#48690=SURFACE_STYLE_USAGE(.BOTH.,#48680);
#48700=PRESENTATION_STYLE_ASSIGNMENT((#48690));
#48710=CARTESIAN_POINT('',(-9.6678316035414,-18.2000000088639,
105.549832448288));
#48720=DIRECTION('',(6.95513259879454E-10,-1.,2.07587504203124E-13));
#48730=DIRECTION('',(-0.999999999999478,-6.95513259666917E-10,
1.02209359511784E-6));
#48740=AXIS2_PLACEMENT_3D('',#48710,#48720,#48730);
#48750=PLANE('',#48740);
#48760=ORIENTED_EDGE('',*,*,#47410,.T.);
#48770=CARTESIAN_POINT('',(-21.5678328042432,-18.2000000171392,
111.899844611093));
#48780=DIRECTION('',(6.0621185081349E-12,-2.07587500113862E-13,-1.));
#48790=VECTOR('',#48780,1.);
#48800=LINE('',#48770,#48790);
#48810=EDGE_CURVE('',#48550,#47360,#48800,.T.);
#48820=ORIENTED_EDGE('',*,*,#48810,.T.);
#48830=ORIENTED_EDGE('',*,*,#48560,.T.);
#48840=CARTESIAN_POINT('',(-9.66783280459453,-18.2000000088535,
155.799999999993));
#48850=DIRECTION('',(-1.87001631492051E-12,2.07587502902504E-13,1.));
#48860=VECTOR('',#48850,1.);
#48870=LINE('',#48840,#48860);
#48880=EDGE_CURVE('',#47400,#48470,#48870,.T.);
#48890=ORIENTED_EDGE('',*,*,#48880,.T.);
#48900=EDGE_LOOP('',(#48890,#48830,#48820,#48760));
#48910=FACE_OUTER_BOUND('',#48900,.T.);
#48920=ADVANCED_FACE('',(#48910),#48750,.T.);
#48930=COLOUR_RGB('',0.823529481887817,0.823529481887817,
0.784313797950745);
#48940=FILL_AREA_STYLE_COLOUR('',#48930);
#48950=FILL_AREA_STYLE('',(#48940));
#48960=SURFACE_STYLE_FILL_AREA(#48950);
#48970=SURFACE_SIDE_STYLE('',(#48960));
#48980=SURFACE_STYLE_USAGE(.BOTH.,#48970);
#48990=PRESENTATION_STYLE_ASSIGNMENT((#48980));
#49000=CARTESIAN_POINT('',(-23.0542493698346,-23.6546113042649,
107.824846131231));
#49010=DIRECTION('',(-0.642787609686203,0.766044443118978,
6.56987751711149E-7));
#49020=DIRECTION('',(0.766044443118579,0.642787609686539,
-7.82967513219435E-7));
#49030=AXIS2_PLACEMENT_3D('',#49000,#49010,#49020);
#49040=PLANE('',#49030);
#49050=ORIENTED_EDGE('',*,*,#46580,.T.);
#49060=CARTESIAN_POINT('',(-52.2102916017006,-48.1194070562618,
74.5574479478151));
#49070=DIRECTION('',(-0.608121023963996,-0.51027360537329,
-0.60811978085927));
#49080=VECTOR('',#49070,1.);
#49090=LINE('',#49060,#49080);
#49100=EDGE_CURVE('',#47640,#46510,#49090,.T.);
#49110=ORIENTED_EDGE('',*,*,#49100,.T.);
#49120=ORIENTED_EDGE('',*,*,#47650,.F.);
#49130=ORIENTED_EDGE('',*,*,#48100,.T.);
#49140=ORIENTED_EDGE('',*,*,#48390,.F.);
#49150=CARTESIAN_POINT('',(14.324564363795,7.70996604484814,
74.5573799431044));
#49160=DIRECTION('',(0.608119780853986,0.510273605372768,
-0.608121023969718));
#49170=VECTOR('',#49160,1.);
#49180=LINE('',#49150,#49170);
#49190=EDGE_CURVE('',#45860,#48320,#49180,.T.);
#49200=ORIENTED_EDGE('',*,*,#49190,.T.);
#49210=ORIENTED_EDGE('',*,*,#45890,.F.);
#49220=CARTESIAN_POINT('',(-19.4139053770991,-20.6000000026006,
107.824842410327));
#49230=DIRECTION('',(-0.642787609686204,0.766044443118978,
6.5698775171115E-7));
#49240=DIRECTION('',(0.766044443118579,0.642787609686539,
-7.82975721454659E-7));
#49250=AXIS2_PLACEMENT_3D('',#49220,#49230,#49240);
#49260=ELLIPSE('',#49250,8.71205343292592,5.6);
#49270=EDGE_CURVE('',#46330,#45880,#49260,.T.);
#49280=ORIENTED_EDGE('',*,*,#49270,.T.);
#49290=EDGE_LOOP('',(#49280,#49210,#49200,#49140,#49130,#49120,#49110,
#49050));
#49300=FACE_OUTER_BOUND('',#49290,.T.);
#49310=ADVANCED_FACE('',(#49300),#49040,.T.);
#49320=COLOUR_RGB('',0.,0.443137288093567,0.709803938865662);
#49330=FILL_AREA_STYLE_COLOUR('',#49320);
#49340=FILL_AREA_STYLE('',(#49330));
#49350=SURFACE_STYLE_FILL_AREA(#49340);
#49360=SURFACE_SIDE_STYLE('',(#49350));
#49370=SURFACE_STYLE_USAGE(.BOTH.,#49360);
#49380=PRESENTATION_STYLE_ASSIGNMENT((#49370));
#49390=CARTESIAN_POINT('',(-21.2178272918974,-4.15987654153899,
110.099844254137));
#49400=DIRECTION('',(-0.707107503913443,-1.01394479282019E-11,
-0.707106058458914));
#49410=DIRECTION('',(1.43394917678568E-11,-1.,-1.61649236769996E-16));
#49420=AXIS2_PLACEMENT_3D('',#49390,#49400,#49410);
#49430=PLANE('',#49420);
#49440=ORIENTED_EDGE('',*,*,#47080,.F.);
#49450=ORIENTED_EDGE('',*,*,#45970,.F.);
#49460=ORIENTED_EDGE('',*,*,#49190,.F.);
#49470=ORIENTED_EDGE('',*,*,#48330,.F.);
#49480=EDGE_LOOP('',(#49470,#49460,#49450,#49440));
#49490=FACE_OUTER_BOUND('',#49480,.T.);
#49500=ADVANCED_FACE('',(#49490),#49430,.T.);
#49510=COLOUR_RGB('',0.,0.443137288093567,0.709803938865662);
#49520=FILL_AREA_STYLE_COLOUR('',#49510);
#49530=FILL_AREA_STYLE('',(#49520));
#49540=SURFACE_STYLE_FILL_AREA(#49530);
#49550=SURFACE_SIDE_STYLE('',(#49540));
#49560=SURFACE_STYLE_USAGE(.BOTH.,#49550);
#49570=PRESENTATION_STYLE_ASSIGNMENT((#49560));
#49580=CARTESIAN_POINT('',(-9.66783280575101,-16.4016463138982,
105.376481480677));
#49590=DIRECTION('',(-1.,-6.95512948608639E-10,-1.87001631468638E-12));
#49600=DIRECTION('',(-1.87001631428523E-12,-5.76770609687026E-13,1.));
#49610=AXIS2_PLACEMENT_3D('',#49580,#49590,#49600);
#49620=PLANE('',#49610);
#49630=ORIENTED_EDGE('',*,*,#48480,.F.);
#49640=ORIENTED_EDGE('',*,*,#47960,.T.);
#49650=ORIENTED_EDGE('',*,*,#47490,.T.);
#49660=ORIENTED_EDGE('',*,*,#48880,.F.);
#49670=EDGE_LOOP('',(#49660,#49650,#49640,#49630));
#49680=FACE_OUTER_BOUND('',#49670,.T.);
#49690=ADVANCED_FACE('',(#49680),#49620,.T.);
#49700=COLOUR_RGB('',0.823529481887817,0.823529481887817,
0.784313797950745);
#49710=FILL_AREA_STYLE_COLOUR('',#49700);
#49720=FILL_AREA_STYLE('',(#49710));
#49730=SURFACE_STYLE_FILL_AREA(#49720);
#49740=SURFACE_SIDE_STYLE('',(#49730));
#49750=SURFACE_STYLE_USAGE(.BOTH.,#49740);
#49760=PRESENTATION_STYLE_ASSIGNMENT((#49750));
#49770=CARTESIAN_POINT('',(-30.5178298107089,-20.6000000052824,
107.824853759624));
#49780=DIRECTION('',(0.999999999999478,2.41520387018918E-10,
-1.02209778703316E-6));
#49790=DIRECTION('',(1.02209778703316E-6,-2.00097621760324E-13,
0.999999999999478));
#49800=AXIS2_PLACEMENT_3D('',#49770,#49780,#49790);
#49810=CYLINDRICAL_SURFACE('',#49800,5.6);
#49820=ORIENTED_EDGE('',*,*,#46110,.T.);
#49830=ORIENTED_EDGE('',*,*,#15100,.F.);
#49840=ORIENTED_EDGE('',*,*,#46340,.F.);
#49850=ORIENTED_EDGE('',*,*,#49270,.F.);
#49860=EDGE_LOOP('',(#49850,#49840,#49830,#49820));
#49870=FACE_OUTER_BOUND('',#49860,.T.);
#49880=ADVANCED_FACE('',(#49870),#49810,.F.);
#49890=COLOUR_RGB('',0.,0.443137288093567,0.709803938865662);
#49900=FILL_AREA_STYLE_COLOUR('',#49890);
#49910=FILL_AREA_STYLE('',(#49900));
#49920=SURFACE_STYLE_FILL_AREA(#49910);
#49930=SURFACE_SIDE_STYLE('',(#49920));
#49940=SURFACE_STYLE_USAGE(.BOTH.,#49930);
#49950=PRESENTATION_STYLE_ASSIGNMENT((#49940));
#49960=CARTESIAN_POINT('',(-21.2178319423459,-4.15987654153898,
105.549844253467));
#49970=DIRECTION('',(-0.707106058456866,-9.99232407336128E-12,
0.70710750391549));
#49980=DIRECTION('',(1.4192210965715E-11,-1.,6.09161735029364E-14));
#49990=AXIS2_PLACEMENT_3D('',#49960,#49970,#49980);
#50000=PLANE('',#49990);
#50010=ORIENTED_EDGE('',*,*,#47710,.T.);
#50020=ORIENTED_EDGE('',*,*,#49100,.F.);
#50030=ORIENTED_EDGE('',*,*,#46520,.F.);
#50040=ORIENTED_EDGE('',*,*,#46970,.F.);
#50050=EDGE_LOOP('',(#50040,#50030,#50020,#50010));
#50060=FACE_OUTER_BOUND('',#50050,.T.);
#50070=ADVANCED_FACE('',(#50060),#50000,.T.);
#50080=COLOUR_RGB('',0.,0.443137288093567,0.709803938865662);
#50090=FILL_AREA_STYLE_COLOUR('',#50080);
#50100=FILL_AREA_STYLE('',(#50090));
#50110=SURFACE_STYLE_FILL_AREA(#50100);
#50120=SURFACE_SIDE_STYLE('',(#50110));
#50130=SURFACE_STYLE_USAGE(.BOTH.,#50120);
#50140=PRESENTATION_STYLE_ASSIGNMENT((#50130));
#50150=ORIENTED_EDGE('',*,*,#47370,.T.);
#50160=ORIENTED_EDGE('',*,*,#46830,.F.);
#50170=ORIENTED_EDGE('',*,*,#48580,.T.);
#50180=ORIENTED_EDGE('',*,*,#48810,.F.);
#50190=EDGE_LOOP('',(#50180,#50170,#50160,#50150));
#50200=FACE_OUTER_BOUND('',#50190,.T.);
#50210=ADVANCED_FACE('',(#50200),#48750,.T.);
#50220=COLOUR_RGB('',0.,0.443137288093567,0.709803938865662);
#50230=FILL_AREA_STYLE_COLOUR('',#50220);
#50240=FILL_AREA_STYLE('',(#50230));
#50250=SURFACE_STYLE_FILL_AREA(#50240);
#50260=SURFACE_SIDE_STYLE('',(#50250));
#50270=SURFACE_STYLE_USAGE(.BOTH.,#50260);
#50280=PRESENTATION_STYLE_ASSIGNMENT((#50270));
#50290=ORIENTED_EDGE('',*,*,#45050,.T.);
#50300=ORIENTED_EDGE('',*,*,#45030,.T.);
#50310=ORIENTED_EDGE('',*,*,#44170,.T.);
#50320=ORIENTED_EDGE('',*,*,#43420,.T.);
#50330=ORIENTED_EDGE('',*,*,#43340,.F.);
#50340=ORIENTED_EDGE('',*,*,#44730,.T.);
#50350=EDGE_LOOP('',(#50340,#50330,#50320,#50310,#50300,#50290));
#50360=FACE_OUTER_BOUND('',#50350,.T.);
#50370=ADVANCED_FACE('',(#50360),#44600,.F.);
#50380=COLOUR_RGB('',0.823529481887817,0.823529481887817,
0.784313797950745);
#50390=FILL_AREA_STYLE_COLOUR('',#50380);
#50400=FILL_AREA_STYLE('',(#50390));
#50410=SURFACE_STYLE_FILL_AREA(#50400);
#50420=SURFACE_SIDE_STYLE('',(#50410));
#50430=SURFACE_STYLE_USAGE(.BOTH.,#50420);
#50440=PRESENTATION_STYLE_ASSIGNMENT((#50430));
#50450=CARTESIAN_POINT('',(16.0821670026436,-2.29999999522205,
105.642112993942));
#50460=DIRECTION('',(-3.48637443389179E-10,1.,-8.28277894251821E-12));
#50470=DIRECTION('',(-1.,-3.48637443389127E-10,6.18678185396702E-12));
#50480=AXIS2_PLACEMENT_3D('',#50450,#50460,#50470);
#50490=PLANE('',#50480);
#50500=CARTESIAN_POINT('',(21.3821670025784,-2.29999999332244,
111.899800713199));
#50510=DIRECTION('',(8.71502395341223E-12,-8.28277893937392E-12,-1.));
#50520=VECTOR('',#50510,1.);
#50530=LINE('',#50500,#50520);
#50540=CARTESIAN_POINT('',(21.3821670026002,-2.29999999336364,
106.924835391101));
#50550=VERTEX_POINT('',#50540);
#50560=CARTESIAN_POINT('',(21.3821670026202,-2.29999999338269,
104.624835391108));
#50570=VERTEX_POINT('',#50560);
#50580=EDGE_CURVE('',#50550,#50570,#50530,.T.);
#50590=ORIENTED_EDGE('',*,*,#50580,.T.);
#50600=CARTESIAN_POINT('',(3.59209002073154,-2.29999999956593,
106.924835391211));
#50610=DIRECTION('',(1.,3.48637443389054E-10,-6.18678185417878E-12));
#50620=VECTOR('',#50610,1.);
#50630=LINE('',#50600,#50620);
#50640=CARTESIAN_POINT('',(20.5821670026002,-2.29999999364256,
106.924835391106));
#50650=VERTEX_POINT('',#50640);
#50660=EDGE_CURVE('',#50650,#50550,#50630,.T.);
#50670=ORIENTED_EDGE('',*,*,#50660,.T.);
#50680=CARTESIAN_POINT('',(20.5821670025784,-2.29999999360135,
111.899801530855));
#50690=DIRECTION('',(8.71502395341223E-12,-8.28277893937392E-12,-1.));
#50700=VECTOR('',#50690,1.);
#50710=LINE('',#50680,#50700);
#50720=CARTESIAN_POINT('',(20.5821670026061,-2.29999999362764,
108.724835391232));
#50730=VERTEX_POINT('',#50720);
#50740=EDGE_CURVE('',#50730,#50650,#50710,.T.);
#50750=ORIENTED_EDGE('',*,*,#50740,.T.);
#50760=CARTESIAN_POINT('',(3.59209186045678,-2.29999999955102,
108.724835391081));
#50770=DIRECTION('',(-1.,-3.48637443389271E-10,-8.7150239489653E-12));
#50780=VECTOR('',#50770,1.);
#50790=LINE('',#50760,#50780);
#50800=CARTESIAN_POINT('',(21.3821670026061,-2.29999999334873,
108.724835391236));
#50810=VERTEX_POINT('',#50800);
#50820=EDGE_CURVE('',#50810,#50730,#50790,.T.);
#50830=ORIENTED_EDGE('',*,*,#50820,.T.);
#50840=CARTESIAN_POINT('',(21.3821670025784,-2.29999999332244,
111.899800713199));
#50850=DIRECTION('',(8.71502395341223E-12,-8.28277893937392E-12,-1.));
#50860=VECTOR('',#50850,1.);
#50870=LINE('',#50840,#50860);
#50880=CARTESIAN_POINT('',(21.3821670025861,-2.29999999332968,
111.024835391236));
#50890=VERTEX_POINT('',#50880);
#50900=EDGE_CURVE('',#50890,#50810,#50870,.T.);
#50910=ORIENTED_EDGE('',*,*,#50900,.T.);
#50920=CARTESIAN_POINT('',(3.59209421121681,-2.29999999953197,
111.024835391081));
#50930=DIRECTION('',(-1.,-3.48637443389271E-10,-8.7150239489653E-12));
#50940=VECTOR('',#50930,1.);
#50950=LINE('',#50920,#50940);
#50960=CARTESIAN_POINT('',(10.7821670026121,-2.29999999702524,
111.024835391144));
#50970=VERTEX_POINT('',#50960);
#50980=EDGE_CURVE('',#50890,#50970,#50950,.T.);
#50990=ORIENTED_EDGE('',*,*,#50980,.F.);
#51000=CARTESIAN_POINT('',(10.7821670026391,-2.29999999701799,
111.899811547137));
#51010=DIRECTION('',(6.18678185163768E-12,8.28277894461548E-12,1.));
#51020=VECTOR('',#51010,1.);
#51030=LINE('',#51000,#51020);
#51040=CARTESIAN_POINT('',(10.7821670026022,-2.29999999703859,
109.413510525768));
#51050=VERTEX_POINT('',#51040);
#51060=EDGE_CURVE('',#51050,#50970,#51030,.T.);
#51070=ORIENTED_EDGE('',*,*,#51060,.T.);
#51080=CARTESIAN_POINT('',(3.59209991307951,-2.29999999948576,
116.60357761538));
#51090=DIRECTION('',(-0.707106781182173,-2.40667130943922E-10,
0.707106781190923));
#51100=VECTOR('',#51090,1.);
#51110=LINE('',#51080,#51100);
#51120=CARTESIAN_POINT('',(11.470842137067,-2.29999999157298,
108.724835391295));
#51130=VERTEX_POINT('',#51120);
#51140=EDGE_CURVE('',#51130,#51050,#51110,.T.);
#51150=ORIENTED_EDGE('',*,*,#51140,.T.);
#51160=CARTESIAN_POINT('',(3.59209186045678,-2.29999999955102,
108.724835391343));
#51170=DIRECTION('',(-1.,-3.48637443389054E-10,6.22229789504694E-12));
#51180=VECTOR('',#51170,1.);
#51190=LINE('',#51160,#51180);
#51200=CARTESIAN_POINT('',(12.0821670026195,-2.29999999101103,
108.724835391291));
#51210=VERTEX_POINT('',#51200);
#51220=EDGE_CURVE('',#51210,#51130,#51190,.T.);
#51230=ORIENTED_EDGE('',*,*,#51220,.T.);
#51240=CARTESIAN_POINT('',(12.0821670026391,-2.29999999656477,
111.899810218446));
#51250=DIRECTION('',(6.18678185163768E-12,8.28277894461548E-12,1.));
#51260=VECTOR('',#51250,1.);
#51270=LINE('',#51240,#51260);
#51280=CARTESIAN_POINT('',(12.0821670026084,-2.29999999660598,
106.924835391159));
#51290=VERTEX_POINT('',#51280);
#51300=EDGE_CURVE('',#51290,#51210,#51270,.T.);
#51310=ORIENTED_EDGE('',*,*,#51300,.T.);
#51320=CARTESIAN_POINT('',(3.59209002073154,-2.29999999956593,
106.924835391212));
#51330=DIRECTION('',(1.,3.48637443389054E-10,-6.22229789504694E-12));
#51340=VECTOR('',#51330,1.);
#51350=LINE('',#51320,#51340);
#51360=CARTESIAN_POINT('',(11.4708421371786,-2.29999999681912,
106.924835391153));
#51370=VERTEX_POINT('',#51360);
#51380=EDGE_CURVE('',#51370,#51290,#51350,.T.);
#51390=ORIENTED_EDGE('',*,*,#51380,.T.);
#51400=CARTESIAN_POINT('',(16.4458125045844,-2.29999999504344,
111.899805758497));
#51410=DIRECTION('',(0.707106781190923,2.52380714298478E-10,
0.707106781182173));
#51420=VECTOR('',#51410,1.);
#51430=LINE('',#51400,#51420);
#51440=CARTESIAN_POINT('',(10.7821670025825,-2.29999999218438,
106.236160256565));
#51450=VERTEX_POINT('',#51440);
#51460=EDGE_CURVE('',#51450,#51370,#51430,.T.);
#51470=ORIENTED_EDGE('',*,*,#51460,.T.);
#51480=CARTESIAN_POINT('',(10.7821670026391,-2.29999999701799,
111.899811547137));
#51490=DIRECTION('',(6.18678185163768E-12,8.28277894461548E-12,1.));
#51500=VECTOR('',#51490,1.);
#51510=LINE('',#51480,#51500);
#51520=CARTESIAN_POINT('',(10.7821670025725,-2.29999999217036,
104.624835391174));
#51530=VERTEX_POINT('',#51520);
#51540=EDGE_CURVE('',#51530,#51450,#51510,.T.);
#51550=ORIENTED_EDGE('',*,*,#51540,.T.);
#51560=CARTESIAN_POINT('',(3.59208766997152,-2.29999999958498,
104.624835391218));
#51570=DIRECTION('',(1.,3.48637443389054E-10,-6.18678185417878E-12));
#51580=VECTOR('',#51570,1.);
#51590=LINE('',#51560,#51580);
#51600=EDGE_CURVE('',#51530,#50570,#51590,.T.);
#51610=ORIENTED_EDGE('',*,*,#51600,.F.);
#51620=EDGE_LOOP('',(#51610,#51550,#51470,#51390,#51310,#51230,#51150,
#51070,#50990,#50910,#50830,#50750,#50670,#50590));
#51630=FACE_OUTER_BOUND('',#51620,.T.);
#51640=CARTESIAN_POINT('',(14.4409158684812,-2.29999998912483,
141.14257201616));
#51650=DIRECTION('',(-3.76003365058826E-12,-8.69984183833724E-12,1.));
#51660=VECTOR('',#51650,1.);
#51670=LINE('',#51640,#51660);
#51680=CARTESIAN_POINT('',(14.440915868603,-2.29999998884296,
108.742122681455));
#51690=VERTEX_POINT('',#51680);
#51700=CARTESIAN_POINT('',(14.4409158685959,-2.29999998885944,
110.637628907987));
#51710=VERTEX_POINT('',#51700);
#51720=EDGE_CURVE('',#51690,#51710,#51670,.T.);
#51730=ORIENTED_EDGE('',*,*,#51720,.F.);
#51740=CARTESIAN_POINT('',(-15.9150328948933,-2.30000001702895,
141.142572016349));
#51750=DIRECTION('',(0.705373590093641,6.54568031239063E-10,
-0.708835734425409));
#51760=VECTOR('',#51750,1.);
#51770=LINE('',#51740,#51760);
#51780=CARTESIAN_POINT('',(16.3377281473309,-2.29999998709925,
108.731506615421));
#51790=VERTEX_POINT('',#51780);
#51800=EDGE_CURVE('',#51710,#51790,#51770,.T.);
#51810=ORIENTED_EDGE('',*,*,#51800,.F.);
#51820=CARTESIAN_POINT('',(7.75065764745191,-2.29999999491857,
100.203382961084));
#51830=DIRECTION('',(0.709537936145945,6.46098704756015E-10,
0.704667238609653));
#51840=VECTOR('',#51830,1.);
#51850=LINE('',#51820,#51840);
#51860=CARTESIAN_POINT('',(18.223418137286,-2.29999998538216,
110.604252088783));
#51870=VERTEX_POINT('',#51860);
#51880=EDGE_CURVE('',#51790,#51870,#51850,.T.);
#51890=ORIENTED_EDGE('',*,*,#51880,.F.);
#51900=CARTESIAN_POINT('',(18.2234181370804,-2.29999998564783,
141.142572016137));
#51910=DIRECTION('',(6.73160724105484E-12,8.6998418410688E-12,-1.));
#51920=VECTOR('',#51910,1.);
#51930=LINE('',#51900,#51920);
#51940=CARTESIAN_POINT('',(18.2234181372984,-2.29999998536605,
108.75284569832));
#51950=VERTEX_POINT('',#51940);
#51960=EDGE_CURVE('',#51870,#51950,#51930,.T.);
#51970=ORIENTED_EDGE('',*,*,#51960,.F.);
#51980=CARTESIAN_POINT('',(50.4638799802043,-2.2999999560114,
141.142572015936));
#51990=DIRECTION('',(-0.705471825087694,-6.42325585529254E-10,
-0.708737965687911));
#52000=VECTOR('',#51990,1.);
#52010=LINE('',#51980,#52000);
#52020=CARTESIAN_POINT('',(17.26982356624,-2.29999998623429,
107.794836246562));
#52030=VERTEX_POINT('',#52020);
#52040=EDGE_CURVE('',#51950,#52030,#52010,.T.);
#52050=ORIENTED_EDGE('',*,*,#52040,.F.);
#52060=CARTESIAN_POINT('',(-15.9150328948933,-2.30000001702895,
141.142572016349));
#52070=DIRECTION('',(0.705373590093641,6.54568003377466E-10,
-0.708835734425409));
#52080=VECTOR('',#52070,1.);
#52090=LINE('',#52060,#52080);
#52100=CARTESIAN_POINT('',(18.2234181373113,-2.29999998534938,
106.836561202496));
#52110=VERTEX_POINT('',#52100);
#52120=EDGE_CURVE('',#52030,#52110,#52090,.T.);
#52130=ORIENTED_EDGE('',*,*,#52120,.F.);
#52140=CARTESIAN_POINT('',(18.2234181370804,-2.29999998564783,
141.142572016137));
#52150=DIRECTION('',(6.73160724105484E-12,8.6998418410688E-12,-1.));
#52160=VECTOR('',#52150,1.);
#52170=LINE('',#52140,#52160);
#52180=CARTESIAN_POINT('',(18.2234181373238,-2.29999998533327,
104.984918649495));
#52190=VERTEX_POINT('',#52180);
#52200=EDGE_CURVE('',#52110,#52190,#52170,.T.);
#52210=ORIENTED_EDGE('',*,*,#52200,.F.);
#52220=CARTESIAN_POINT('',(7.75065764754639,-2.29999999505065,
115.387634931605));
#52230=DIRECTION('',(-0.709475367251892,-6.5830276457318E-10,
0.704730234389581));
#52240=VECTOR('',#52230,1.);
#52250=LINE('',#52220,#52240);
#52260=CARTESIAN_POINT('',(16.3375135430447,-2.29999998708315,
106.858209884272));
#52270=VERTEX_POINT('',#52260);
#52280=EDGE_CURVE('',#52190,#52270,#52250,.T.);
#52290=ORIENTED_EDGE('',*,*,#52280,.F.);
#52300=CARTESIAN_POINT('',(50.4638799802044,-2.2999999560114,
141.142572015936));
#52310=DIRECTION('',(-0.705471825087695,-6.42325585529254E-10,
-0.70873796568791));
#52320=VECTOR('',#52310,1.);
#52330=LINE('',#52300,#52320);
#52340=CARTESIAN_POINT('',(14.4409158686173,-2.29999998880999,
104.952831484029));
#52350=VERTEX_POINT('',#52340);
#52360=EDGE_CURVE('',#52270,#52350,#52330,.T.);
#52370=ORIENTED_EDGE('',*,*,#52360,.F.);
#52380=CARTESIAN_POINT('',(14.4409158684812,-2.29999998912483,
141.14257201616));
#52390=DIRECTION('',(-3.76049631184251E-12,-8.69984183833767E-12,1.));
#52400=VECTOR('',#52390,1.);
#52410=LINE('',#52380,#52400);
#52420=CARTESIAN_POINT('',(14.4409158686102,-2.29999998882647,
106.847715203411));
#52430=VERTEX_POINT('',#52420);
#52440=EDGE_CURVE('',#52350,#52430,#52410,.T.);
#52450=ORIENTED_EDGE('',*,*,#52440,.F.);
#52460=CARTESIAN_POINT('',(7.75065764745191,-2.29999999491856,
100.203382961084));
#52470=DIRECTION('',(0.709537936145943,6.46098704756014E-10,
0.704667238609654));
#52480=VECTOR('',#52470,1.);
#52490=LINE('',#52460,#52480);
#52500=CARTESIAN_POINT('',(15.3945820466632,-2.29999998795807,
107.794834840022));
#52510=VERTEX_POINT('',#52500);
#52520=EDGE_CURVE('',#52430,#52510,#52490,.T.);
#52530=ORIENTED_EDGE('',*,*,#52520,.F.);
#52540=CARTESIAN_POINT('',(7.75065764754639,-2.29999999505065,
115.387634931605));
#52550=DIRECTION('',(-0.709475367251893,-6.5830276457318E-10,
0.70473023438958));
#52560=VECTOR('',#52550,1.);
#52570=LINE('',#52540,#52560);
#52580=EDGE_CURVE('',#52510,#51690,#52570,.T.);
#52590=ORIENTED_EDGE('',*,*,#52580,.F.);
#52600=EDGE_LOOP('',(#52590,#52530,#52450,#52370,#52290,#52210,#52130,
#52050,#51970,#51890,#51810,#51730));
#52610=FACE_BOUND('',#52600,.T.);
#52620=ADVANCED_FACE('',(#51630,#52610),#50490,.T.);
#52630=COLOUR_RGB('',0.980392217636108,0.517647087574005,
0.168627455830574);
#52640=FILL_AREA_STYLE_COLOUR('',#52630);
#52650=FILL_AREA_STYLE('',(#52640));
#52660=SURFACE_STYLE_FILL_AREA(#52650);
#52670=SURFACE_SIDE_STYLE('',(#52660));
#52680=SURFACE_STYLE_USAGE(.BOTH.,#52670);
#52690=PRESENTATION_STYLE_ASSIGNMENT((#52680));
#52700=CARTESIAN_POINT('',(21.3821670025653,-2.19999999336365,
106.9248353911));
#52710=DIRECTION('',(-6.18678185107934E-12,-8.28277894467515E-12,-1.));
#52720=DIRECTION('',(1.,3.48637443389127E-10,-6.18678185396702E-12));
#52730=AXIS2_PLACEMENT_3D('',#52700,#52710,#52720);
#52740=PLANE('',#52730);
#52750=CARTESIAN_POINT('',(20.5821670025653,-2.19999999364256,
106.924835391105));
#52760=DIRECTION('',(3.48637443389179E-10,-1.,8.28277894251821E-12));
#52770=VECTOR('',#52760,1.);
#52780=LINE('',#52750,#52770);
#52790=EDGE_CURVE('',#32210,#50650,#52780,.T.);
#52800=ORIENTED_EDGE('',*,*,#52790,.F.);
#52810=ORIENTED_EDGE('',*,*,#50660,.F.);
#52820=CARTESIAN_POINT('',(21.3821670025653,-2.19999999336365,
106.9248353911));
#52830=DIRECTION('',(3.48637443389179E-10,-1.,8.28277894251821E-12));
#52840=VECTOR('',#52830,1.);
#52850=LINE('',#52820,#52840);
#52860=EDGE_CURVE('',#32230,#50550,#52850,.T.);
#52870=ORIENTED_EDGE('',*,*,#52860,.T.);
#52880=ORIENTED_EDGE('',*,*,#32240,.T.);
#52890=EDGE_LOOP('',(#52880,#52870,#52810,#52800));
#52900=FACE_OUTER_BOUND('',#52890,.T.);
#52910=ADVANCED_FACE('',(#52900),#52740,.T.);
#52920=COLOUR_RGB('',0.,0.443137288093567,0.709803938865662);
#52930=FILL_AREA_STYLE_COLOUR('',#52920);
#52940=FILL_AREA_STYLE('',(#52930));
#52950=SURFACE_STYLE_FILL_AREA(#52940);
#52960=SURFACE_SIDE_STYLE('',(#52950));
#52970=SURFACE_STYLE_USAGE(.BOTH.,#52960);
#52980=PRESENTATION_STYLE_ASSIGNMENT((#52970));
#52990=CARTESIAN_POINT('',(21.3821670025854,-2.1999999933827,
104.624835391108));
#53000=DIRECTION('',(-1.,-3.48637443389251E-10,-8.71502395052454E-12));
#53010=DIRECTION('',(8.71502395341223E-12,-8.28277893947982E-12,-1.));
#53020=AXIS2_PLACEMENT_3D('',#52990,#53000,#53010);
#53030=PLANE('',#53020);
#53040=ORIENTED_EDGE('',*,*,#52860,.F.);
#53050=ORIENTED_EDGE('',*,*,#50580,.F.);
#53060=CARTESIAN_POINT('',(21.3821670025854,-2.1999999933827,
104.624835391108));
#53070=DIRECTION('',(3.48637443389179E-10,-1.,8.28277894251821E-12));
#53080=VECTOR('',#53070,1.);
#53090=LINE('',#53060,#53080);
#53100=EDGE_CURVE('',#32310,#50570,#53090,.T.);
#53110=ORIENTED_EDGE('',*,*,#53100,.T.);
#53120=ORIENTED_EDGE('',*,*,#32320,.T.);
#53130=EDGE_LOOP('',(#53120,#53110,#53050,#53040));
#53140=FACE_OUTER_BOUND('',#53130,.T.);
#53150=ADVANCED_FACE('',(#53140),#53030,.T.);
#53160=COLOUR_RGB('',0.,0.443137288093567,0.709803938865662);
#53170=FILL_AREA_STYLE_COLOUR('',#53160);
#53180=FILL_AREA_STYLE('',(#53170));
#53190=SURFACE_STYLE_FILL_AREA(#53180);
#53200=SURFACE_SIDE_STYLE('',(#53190));
#53210=SURFACE_STYLE_USAGE(.BOTH.,#53200);
#53220=PRESENTATION_STYLE_ASSIGNMENT((#53210));
#53230=CARTESIAN_POINT('',(10.7821670025377,-2.19999999707825,
104.624835391173));
#53240=DIRECTION('',(6.18678185107934E-12,8.28277894467515E-12,1.));
#53250=DIRECTION('',(-1.,-3.48637443389127E-10,6.18678185396702E-12));
#53260=AXIS2_PLACEMENT_3D('',#53230,#53240,#53250);
#53270=PLANE('',#53260);
#53280=ORIENTED_EDGE('',*,*,#53100,.F.);
#53290=ORIENTED_EDGE('',*,*,#51600,.T.);
#53300=CARTESIAN_POINT('',(10.7821670025377,-2.19999999707825,
104.624835391173));
#53310=DIRECTION('',(3.48637443389179E-10,-1.,8.28277894251821E-12));
#53320=VECTOR('',#53310,1.);
#53330=LINE('',#53300,#53320);
#53340=EDGE_CURVE('',#32390,#51530,#53330,.T.);
#53350=ORIENTED_EDGE('',*,*,#53340,.T.);
#53360=ORIENTED_EDGE('',*,*,#32400,.T.);
#53370=EDGE_LOOP('',(#53360,#53350,#53290,#53280));
#53380=FACE_OUTER_BOUND('',#53370,.T.);
#53390=ADVANCED_FACE('',(#53380),#53270,.T.);
#53400=COLOUR_RGB('',0.,0.443137288093567,0.709803938865662);
#53410=FILL_AREA_STYLE_COLOUR('',#53400);
#53420=FILL_AREA_STYLE('',(#53410));
#53430=SURFACE_STYLE_FILL_AREA(#53420);
#53440=SURFACE_SIDE_STYLE('',(#53430));
#53450=SURFACE_STYLE_USAGE(.BOTH.,#53440);
#53460=PRESENTATION_STYLE_ASSIGNMENT((#53450));
#53470=CARTESIAN_POINT('',(10.7821670025477,-2.19999999706491,
106.236160256586));
#53480=DIRECTION('',(1.,3.48637443389127E-10,-6.18678185431361E-12));
#53490=DIRECTION('',(6.18678185142593E-12,8.28277894467515E-12,1.));
#53500=AXIS2_PLACEMENT_3D('',#53470,#53480,#53490);
#53510=PLANE('',#53500);
#53520=ORIENTED_EDGE('',*,*,#53340,.F.);
#53530=ORIENTED_EDGE('',*,*,#51540,.F.);
#53540=CARTESIAN_POINT('',(10.7821670025477,-2.19999999706491,
106.236160256586));
#53550=DIRECTION('',(3.48637443389179E-10,-1.,8.28277894251821E-12));
#53560=VECTOR('',#53550,1.);
#53570=LINE('',#53540,#53560);
#53580=EDGE_CURVE('',#32470,#51450,#53570,.T.);
#53590=ORIENTED_EDGE('',*,*,#53580,.T.);
#53600=ORIENTED_EDGE('',*,*,#32480,.T.);
#53610=EDGE_LOOP('',(#53600,#53590,#53530,#53520));
#53620=FACE_OUTER_BOUND('',#53610,.T.);
#53630=ADVANCED_FACE('',(#53620),#53510,.T.);
#53640=COLOUR_RGB('',0.,0.443137288093567,0.709803938865662);
#53650=FILL_AREA_STYLE_COLOUR('',#53640);
#53660=FILL_AREA_STYLE('',(#53650));
#53670=SURFACE_STYLE_FILL_AREA(#53660);
#53680=SURFACE_SIDE_STYLE('',(#53670));
#53690=SURFACE_STYLE_USAGE(.BOTH.,#53680);
#53700=PRESENTATION_STYLE_ASSIGNMENT((#53690));
#53710=CARTESIAN_POINT('',(11.470842137133,-2.19999999681911,
106.924835391163));
#53720=DIRECTION('',(0.707106781182173,2.40667091237144E-10,
-0.707106781190922));
#53730=DIRECTION('',(0.707106781190922,2.52380709554842E-10,
0.707106781182173));
#53740=AXIS2_PLACEMENT_3D('',#53710,#53720,#53730);
#53750=PLANE('',#53740);
#53760=ORIENTED_EDGE('',*,*,#53580,.F.);
#53770=ORIENTED_EDGE('',*,*,#51460,.F.);
#53780=CARTESIAN_POINT('',(11.470842137133,-2.19999999681911,
106.924835391163));
#53790=DIRECTION('',(3.48637443389179E-10,-1.,8.28277894251821E-12));
#53800=VECTOR('',#53790,1.);
#53810=LINE('',#53780,#53800);
#53820=EDGE_CURVE('',#32550,#51370,#53810,.T.);
#53830=ORIENTED_EDGE('',*,*,#53820,.T.);
#53840=ORIENTED_EDGE('',*,*,#32560,.T.);
#53850=EDGE_LOOP('',(#53840,#53830,#53770,#53760));
#53860=FACE_OUTER_BOUND('',#53850,.T.);
#53870=ADVANCED_FACE('',(#53860),#53750,.T.);
#53880=COLOUR_RGB('',0.,0.443137288093567,0.709803938865662);
#53890=FILL_AREA_STYLE_COLOUR('',#53880);
#53900=FILL_AREA_STYLE('',(#53890));
#53910=SURFACE_STYLE_FILL_AREA(#53900);
#53920=SURFACE_SIDE_STYLE('',(#53910));
#53930=SURFACE_STYLE_USAGE(.BOTH.,#53920);
#53940=PRESENTATION_STYLE_ASSIGNMENT((#53930));
#53950=CARTESIAN_POINT('',(12.0821670025519,-2.19999999660597,
106.924835391159));
#53960=DIRECTION('',(-6.22229789215925E-12,-8.28277894468754E-12,-1.));
#53970=DIRECTION('',(1.,3.48637443389127E-10,-6.22229789504694E-12));
#53980=AXIS2_PLACEMENT_3D('',#53950,#53960,#53970);
#53990=PLANE('',#53980);
#54000=ORIENTED_EDGE('',*,*,#53820,.F.);
#54010=ORIENTED_EDGE('',*,*,#51380,.F.);
#54020=CARTESIAN_POINT('',(12.0821670025519,-2.19999999660597,
106.924835391159));
#54030=DIRECTION('',(3.48637443389179E-10,-1.,8.28277894251821E-12));
#54040=VECTOR('',#54030,1.);
#54050=LINE('',#54020,#54040);
#54060=EDGE_CURVE('',#32630,#51290,#54050,.T.);
#54070=ORIENTED_EDGE('',*,*,#54060,.T.);
#54080=ORIENTED_EDGE('',*,*,#32640,.T.);
#54090=EDGE_LOOP('',(#54080,#54070,#54010,#54000));
#54100=FACE_OUTER_BOUND('',#54090,.T.);
#54110=ADVANCED_FACE('',(#54100),#53990,.T.);
#54120=COLOUR_RGB('',0.,0.443137288093567,0.709803938865662);
#54130=FILL_AREA_STYLE_COLOUR('',#54120);
#54140=FILL_AREA_STYLE('',(#54130));
#54150=SURFACE_STYLE_FILL_AREA(#54140);
#54160=SURFACE_SIDE_STYLE('',(#54150));
#54170=SURFACE_STYLE_USAGE(.BOTH.,#54160);
#54180=PRESENTATION_STYLE_ASSIGNMENT((#54170));
#54190=CARTESIAN_POINT('',(12.082167002563,-2.19999999659106,
108.72483539129));
#54200=DIRECTION('',(1.,3.48637443389127E-10,-6.18678185431361E-12));
#54210=DIRECTION('',(6.18678185142593E-12,8.28277894467515E-12,1.));
#54220=AXIS2_PLACEMENT_3D('',#54190,#54200,#54210);
#54230=PLANE('',#54220);
#54240=ORIENTED_EDGE('',*,*,#54060,.F.);
#54250=ORIENTED_EDGE('',*,*,#51300,.F.);
#54260=CARTESIAN_POINT('',(12.082167002563,-2.19999999659106,
108.72483539129));
#54270=DIRECTION('',(3.48637443389179E-10,-1.,8.28277894251821E-12));
#54280=VECTOR('',#54270,1.);
#54290=LINE('',#54260,#54280);
#54300=EDGE_CURVE('',#32710,#51210,#54290,.T.);
#54310=ORIENTED_EDGE('',*,*,#54300,.T.);
#54320=ORIENTED_EDGE('',*,*,#32720,.T.);
#54330=EDGE_LOOP('',(#54320,#54310,#54250,#54240));
#54340=FACE_OUTER_BOUND('',#54330,.T.);
#54350=ADVANCED_FACE('',(#54340),#54230,.T.);
#54360=COLOUR_RGB('',0.,0.443137288093567,0.709803938865662);
#54370=FILL_AREA_STYLE_COLOUR('',#54360);
#54380=FILL_AREA_STYLE('',(#54370));
#54390=SURFACE_STYLE_FILL_AREA(#54380);
#54400=SURFACE_SIDE_STYLE('',(#54390));
#54410=SURFACE_STYLE_USAGE(.BOTH.,#54400);
#54420=PRESENTATION_STYLE_ASSIGNMENT((#54410));
#54430=CARTESIAN_POINT('',(11.4708421370114,-2.19999999680419,
108.724835391294));
#54440=DIRECTION('',(6.22229789215925E-12,8.28277894468754E-12,1.));
#54450=DIRECTION('',(-1.,-3.48637443389127E-10,6.22229789504694E-12));
#54460=AXIS2_PLACEMENT_3D('',#54430,#54440,#54450);
#54470=PLANE('',#54460);
#54480=ORIENTED_EDGE('',*,*,#54300,.F.);
#54490=ORIENTED_EDGE('',*,*,#51220,.F.);
#54500=CARTESIAN_POINT('',(11.4708421370114,-2.19999999680419,
108.724835391294));
#54510=DIRECTION('',(3.48637443389179E-10,-1.,8.28277894251821E-12));
#54520=VECTOR('',#54510,1.);
#54530=LINE('',#54500,#54520);
#54540=EDGE_CURVE('',#32790,#51130,#54530,.T.);
#54550=ORIENTED_EDGE('',*,*,#54540,.T.);
#54560=ORIENTED_EDGE('',*,*,#32800,.T.);
#54570=EDGE_LOOP('',(#54560,#54550,#54490,#54480));
#54580=FACE_OUTER_BOUND('',#54570,.T.);
#54590=ADVANCED_FACE('',(#54580),#54470,.T.);
#54600=COLOUR_RGB('',0.,0.443137288093567,0.709803938865662);
#54610=FILL_AREA_STYLE_COLOUR('',#54600);
#54620=FILL_AREA_STYLE('',(#54610));
#54630=SURFACE_STYLE_FILL_AREA(#54620);
#54640=SURFACE_SIDE_STYLE('',(#54630));
#54650=SURFACE_STYLE_USAGE(.BOTH.,#54640);
#54660=PRESENTATION_STYLE_ASSIGNMENT((#54650));
#54670=CARTESIAN_POINT('',(10.7821670025673,-2.19999999703859,
109.413510525746));
#54680=DIRECTION('',(0.707106781190922,2.52380709554842E-10,
0.707106781182173));
#54690=DIRECTION('',(-0.707106781182173,-2.40667091237144E-10,
0.707106781190922));
#54700=AXIS2_PLACEMENT_3D('',#54670,#54680,#54690);
#54710=PLANE('',#54700);
#54720=ORIENTED_EDGE('',*,*,#54540,.F.);
#54730=ORIENTED_EDGE('',*,*,#51140,.F.);
#54740=CARTESIAN_POINT('',(10.7821670025673,-2.19999999703859,
109.413510525746));
#54750=DIRECTION('',(3.48637443389179E-10,-1.,8.28277894251821E-12));
#54760=VECTOR('',#54750,1.);
#54770=LINE('',#54740,#54760);
#54780=EDGE_CURVE('',#32870,#51050,#54770,.T.);
#54790=ORIENTED_EDGE('',*,*,#54780,.T.);
#54800=ORIENTED_EDGE('',*,*,#32880,.T.);
#54810=EDGE_LOOP('',(#54800,#54790,#54730,#54720));
#54820=FACE_OUTER_BOUND('',#54810,.T.);
#54830=ADVANCED_FACE('',(#54820),#54710,.T.);
#54840=COLOUR_RGB('',0.,0.443137288093567,0.709803938865662);
#54850=FILL_AREA_STYLE_COLOUR('',#54840);
#54860=FILL_AREA_STYLE('',(#54850));
#54870=SURFACE_STYLE_FILL_AREA(#54860);
#54880=SURFACE_SIDE_STYLE('',(#54870));
#54890=SURFACE_STYLE_USAGE(.BOTH.,#54880);
#54900=PRESENTATION_STYLE_ASSIGNMENT((#54890));
#54910=CARTESIAN_POINT('',(10.7821670025773,-2.19999999702524,
111.024835391144));
#54920=DIRECTION('',(1.,3.48637443389127E-10,-6.18678185431361E-12));
#54930=DIRECTION('',(6.18678185142593E-12,8.28277894467515E-12,1.));
#54940=AXIS2_PLACEMENT_3D('',#54910,#54920,#54930);
#54950=PLANE('',#54940);
#54960=ORIENTED_EDGE('',*,*,#54780,.F.);
#54970=ORIENTED_EDGE('',*,*,#51060,.F.);
#54980=CARTESIAN_POINT('',(10.7821670025773,-2.19999999702524,
111.024835391144));
#54990=DIRECTION('',(3.48637443389179E-10,-1.,8.28277894251821E-12));
#55000=VECTOR('',#54990,1.);
#55010=LINE('',#54980,#55000);
#55020=EDGE_CURVE('',#32950,#50970,#55010,.T.);
#55030=ORIENTED_EDGE('',*,*,#55020,.T.);
#55040=ORIENTED_EDGE('',*,*,#32960,.T.);
#55050=EDGE_LOOP('',(#55040,#55030,#54970,#54960));
#55060=FACE_OUTER_BOUND('',#55050,.T.);
#55070=ADVANCED_FACE('',(#55060),#54950,.T.);
#55080=COLOUR_RGB('',0.,0.443137288093567,0.709803938865662);
#55090=FILL_AREA_STYLE_COLOUR('',#55080);
#55100=FILL_AREA_STYLE('',(#55090));
#55110=SURFACE_STYLE_FILL_AREA(#55100);
#55120=SURFACE_SIDE_STYLE('',(#55110));
#55130=SURFACE_STYLE_USAGE(.BOTH.,#55120);
#55140=PRESENTATION_STYLE_ASSIGNMENT((#55130));
#55150=CARTESIAN_POINT('',(21.3821670025296,-2.19999999332968,
111.024835391236));
#55160=DIRECTION('',(8.71502395185299E-12,-8.28277893947983E-12,-1.));
#55170=DIRECTION('',(1.,3.48637443389251E-10,8.7150239489653E-12));
#55180=AXIS2_PLACEMENT_3D('',#55150,#55160,#55170);
#55190=PLANE('',#55180);
#55200=ORIENTED_EDGE('',*,*,#55020,.F.);
#55210=ORIENTED_EDGE('',*,*,#50980,.T.);
#55220=CARTESIAN_POINT('',(21.3821670025296,-2.19999999332968,
111.024835391236));
#55230=DIRECTION('',(3.48637443389179E-10,-1.,8.28277894251821E-12));
#55240=VECTOR('',#55230,1.);
#55250=LINE('',#55220,#55240);
#55260=EDGE_CURVE('',#33030,#50890,#55250,.T.);
#55270=ORIENTED_EDGE('',*,*,#55260,.T.);
#55280=ORIENTED_EDGE('',*,*,#33040,.T.);
#55290=EDGE_LOOP('',(#55280,#55270,#55210,#55200));
#55300=FACE_OUTER_BOUND('',#55290,.T.);
#55310=ADVANCED_FACE('',(#55300),#55190,.T.);
#55320=COLOUR_RGB('',0.,0.443137288093567,0.709803938865662);
#55330=FILL_AREA_STYLE_COLOUR('',#55320);
#55340=FILL_AREA_STYLE('',(#55330));
#55350=SURFACE_STYLE_FILL_AREA(#55340);
#55360=SURFACE_SIDE_STYLE('',(#55350));
#55370=SURFACE_STYLE_USAGE(.BOTH.,#55360);
#55380=PRESENTATION_STYLE_ASSIGNMENT((#55370));
#55390=CARTESIAN_POINT('',(21.3821670025496,-2.19999999334873,
108.724835391238));
#55400=DIRECTION('',(-1.,-3.48637443389251E-10,-8.71502395052454E-12));
#55410=DIRECTION('',(8.71502395341223E-12,-8.28277893947982E-12,-1.));
#55420=AXIS2_PLACEMENT_3D('',#55390,#55400,#55410);
#55430=PLANE('',#55420);
#55440=ORIENTED_EDGE('',*,*,#55260,.F.);
#55450=ORIENTED_EDGE('',*,*,#50900,.F.);
#55460=CARTESIAN_POINT('',(21.3821670025496,-2.19999999334873,
108.724835391238));
#55470=DIRECTION('',(3.48637443389179E-10,-1.,8.28277894251821E-12));
#55480=VECTOR('',#55470,1.);
#55490=LINE('',#55460,#55480);
#55500=EDGE_CURVE('',#33110,#50810,#55490,.T.);
#55510=ORIENTED_EDGE('',*,*,#55500,.T.);
#55520=ORIENTED_EDGE('',*,*,#33120,.T.);
#55530=EDGE_LOOP('',(#55520,#55510,#55450,#55440));
#55540=FACE_OUTER_BOUND('',#55530,.T.);
#55550=ADVANCED_FACE('',(#55540),#55430,.T.);
#55560=COLOUR_RGB('',0.,0.443137288093567,0.709803938865662);
#55570=FILL_AREA_STYLE_COLOUR('',#55560);
#55580=FILL_AREA_STYLE('',(#55570));
#55590=SURFACE_STYLE_FILL_AREA(#55580);
#55600=SURFACE_SIDE_STYLE('',(#55590));
#55610=SURFACE_STYLE_USAGE(.BOTH.,#55600);
#55620=PRESENTATION_STYLE_ASSIGNMENT((#55610));
#55630=CARTESIAN_POINT('',(20.5821670025496,-2.19999999362764,
108.724835391231));
#55640=DIRECTION('',(-8.71502395185299E-12,8.28277893947983E-12,1.));
#55650=DIRECTION('',(-1.,-3.48637443389251E-10,-8.7150239489653E-12));
#55660=AXIS2_PLACEMENT_3D('',#55630,#55640,#55650);
#55670=PLANE('',#55660);
#55680=ORIENTED_EDGE('',*,*,#55500,.F.);
#55690=ORIENTED_EDGE('',*,*,#50820,.F.);
#55700=CARTESIAN_POINT('',(20.5821670025496,-2.19999999362764,
108.724835391231));
#55710=DIRECTION('',(3.48637443389179E-10,-1.,8.28277894251821E-12));
#55720=VECTOR('',#55710,1.);
#55730=LINE('',#55700,#55720);
#55740=EDGE_CURVE('',#33190,#50730,#55730,.T.);
#55750=ORIENTED_EDGE('',*,*,#55740,.T.);
#55760=ORIENTED_EDGE('',*,*,#33200,.T.);
#55770=EDGE_LOOP('',(#55760,#55750,#55690,#55680));
#55780=FACE_OUTER_BOUND('',#55770,.T.);
#55790=ADVANCED_FACE('',(#55780),#55670,.T.);
#55800=COLOUR_RGB('',0.,0.443137288093567,0.709803938865662);
#55810=FILL_AREA_STYLE_COLOUR('',#55800);
#55820=FILL_AREA_STYLE('',(#55810));
#55830=SURFACE_STYLE_FILL_AREA(#55820);
#55840=SURFACE_SIDE_STYLE('',(#55830));
#55850=SURFACE_STYLE_USAGE(.BOTH.,#55840);
#55860=PRESENTATION_STYLE_ASSIGNMENT((#55850));
#55870=CARTESIAN_POINT('',(20.5821670025653,-2.19999999364256,
106.924835391105));
#55880=DIRECTION('',(-1.,-3.48637443389251E-10,-8.71502395052454E-12));
#55890=DIRECTION('',(8.71502395341223E-12,-8.28277893947982E-12,-1.));
#55900=AXIS2_PLACEMENT_3D('',#55870,#55880,#55890);
#55910=PLANE('',#55900);
#55920=ORIENTED_EDGE('',*,*,#55740,.F.);
#55930=ORIENTED_EDGE('',*,*,#50740,.F.);
#55940=ORIENTED_EDGE('',*,*,#52790,.T.);
#55950=ORIENTED_EDGE('',*,*,#33260,.T.);
#55960=EDGE_LOOP('',(#55950,#55940,#55930,#55920));
#55970=FACE_OUTER_BOUND('',#55960,.T.);
#55980=ADVANCED_FACE('',(#55970),#55910,.T.);
#55990=COLOUR_RGB('',0.,0.443137288093567,0.709803938865662);
#56000=FILL_AREA_STYLE_COLOUR('',#55990);
#56010=FILL_AREA_STYLE('',(#56000));
#56020=SURFACE_STYLE_FILL_AREA(#56010);
#56030=SURFACE_SIDE_STYLE('',(#56020));
#56040=SURFACE_STYLE_USAGE(.BOTH.,#56030);
#56050=PRESENTATION_STYLE_ASSIGNMENT((#56040));
#56060=CARTESIAN_POINT('',(16.0821670026436,-2.29999999522205,
105.642112993942));
#56070=DIRECTION('',(-3.48637443389179E-10,1.,-8.28277894251821E-12));
#56080=DIRECTION('',(-1.,-3.48637443389127E-10,6.18678185396702E-12));
#56090=AXIS2_PLACEMENT_3D('',#56060,#56070,#56080);
#56100=PLANE('',#56090);
#56110=CARTESIAN_POINT('',(3.59209421121681,-2.29999999953197,
111.024835389997));
#56120=DIRECTION('',(-1.,-3.48637443389052E-10,1.14326023001062E-11));
#56130=VECTOR('',#56120,1.);
#56140=LINE('',#56110,#56130);
#56150=CARTESIAN_POINT('',(-10.017832819663,-2.3000000042769,
111.024835390153));
#56160=VERTEX_POINT('',#56150);
#56170=CARTESIAN_POINT('',(-20.6178328197107,-2.30000002108989,
111.024835390274));
#56180=VERTEX_POINT('',#56170);
#56190=EDGE_CURVE('',#56160,#56180,#56140,.T.);
#56200=ORIENTED_EDGE('',*,*,#56190,.F.);
#56210=CARTESIAN_POINT('',(-20.6178328196783,-2.30000000796521,
111.899843640121));
#56220=DIRECTION('',(-3.46920351362578E-12,8.28277894125801E-12,1.));
#56230=VECTOR('',#56220,1.);
#56240=LINE('',#56210,#56230);
#56250=CARTESIAN_POINT('',(-20.6178328196672,-2.30000000799151,
108.724835390283));
#56260=VERTEX_POINT('',#56250);
#56270=EDGE_CURVE('',#56260,#56180,#56240,.T.);
#56280=ORIENTED_EDGE('',*,*,#56270,.T.);
#56290=CARTESIAN_POINT('',(3.59209186045678,-2.29999999955102,
108.724835390005));
#56300=DIRECTION('',(-1.,-3.48637443389052E-10,1.14326023001062E-11));
#56310=VECTOR('',#56300,1.);
#56320=LINE('',#56290,#56310);
#56330=CARTESIAN_POINT('',(-19.8178328196672,-2.3000000077126,
108.724835390274));
#56340=VERTEX_POINT('',#56330);
#56350=EDGE_CURVE('',#56340,#56260,#56320,.T.);
#56360=ORIENTED_EDGE('',*,*,#56350,.T.);
#56370=CARTESIAN_POINT('',(-19.8178328196783,-2.3000000076863,
111.899842822465));
#56380=DIRECTION('',(-3.46920351362578E-12,8.28277894125801E-12,1.));
#56390=VECTOR('',#56380,1.);
#56400=LINE('',#56370,#56390);
#56410=CARTESIAN_POINT('',(-19.817832819661,-2.30000002031884,
106.924835390148));
#56420=VERTEX_POINT('',#56410);
#56430=EDGE_CURVE('',#56420,#56340,#56400,.T.);
#56440=ORIENTED_EDGE('',*,*,#56430,.T.);
#56450=CARTESIAN_POINT('',(3.59209002073154,-2.29999999956593,
106.92483539023));
#56460=DIRECTION('',(1.,3.48637443389164E-10,3.46920350748479E-12));
#56470=VECTOR('',#56460,1.);
#56480=LINE('',#56450,#56470);
#56490=CARTESIAN_POINT('',(-20.617832819661,-2.30000002105423,
106.924835390145));
#56500=VERTEX_POINT('',#56490);
#56510=EDGE_CURVE('',#56500,#56420,#56480,.T.);
#56520=ORIENTED_EDGE('',*,*,#56510,.T.);
#56530=CARTESIAN_POINT('',(-20.6178328196783,-2.30000000796521,
111.899843640121));
#56540=DIRECTION('',(-3.46920351362578E-12,8.28277894125801E-12,1.));
#56550=VECTOR('',#56540,1.);
#56560=LINE('',#56530,#56550);
#56570=CARTESIAN_POINT('',(-20.6178328196885,-2.30000000802547,
104.624835390146));
#56580=VERTEX_POINT('',#56570);
#56590=EDGE_CURVE('',#56580,#56500,#56560,.T.);
#56600=ORIENTED_EDGE('',*,*,#56590,.T.);
#56610=CARTESIAN_POINT('',(3.59208766997152,-2.29999999958498,
104.62483539023));
#56620=DIRECTION('',(1.,3.48637443389164E-10,3.46920350748479E-12));
#56630=VECTOR('',#56620,1.);
#56640=LINE('',#56610,#56630);
#56650=CARTESIAN_POINT('',(-10.0178328197362,-2.30000001129037,
104.624835390183));
#56660=VERTEX_POINT('',#56650);
#56670=EDGE_CURVE('',#56580,#56660,#56640,.T.);
#56680=ORIENTED_EDGE('',*,*,#56670,.F.);
#56690=CARTESIAN_POINT('',(-10.0178328196175,-2.30000000426965,
111.899832806184));
#56700=DIRECTION('',(-1.14326022914241E-11,-8.28277894649956E-12,-1.));
#56710=VECTOR('',#56700,1.);
#56720=LINE('',#56690,#56710);
#56730=CARTESIAN_POINT('',(-10.0178328197178,-2.30000001130438,
106.236160255616));
#56740=VERTEX_POINT('',#56730);
#56750=EDGE_CURVE('',#56740,#56660,#56720,.T.);
#56760=ORIENTED_EDGE('',*,*,#56750,.T.);
#56770=CARTESIAN_POINT('',(3.5920754065845,-2.29999999968437,
92.6262520290025));
#56780=DIRECTION('',(0.707106781178464,2.40667130943037E-10,
-0.707106781194632));
#56790=VECTOR('',#56780,1.);
#56800=LINE('',#56770,#56790);
#56810=CARTESIAN_POINT('',(-10.7065079541582,-2.30000000455096,
106.924835390037));
#56820=VERTEX_POINT('',#56810);
#56830=EDGE_CURVE('',#56820,#56740,#56800,.T.);
#56840=ORIENTED_EDGE('',*,*,#56830,.T.);
#56850=CARTESIAN_POINT('',(3.59209002073154,-2.29999999956593,
106.924835389873));
#56860=DIRECTION('',(1.,3.48637443389052E-10,-1.14681183365274E-11));
#56870=VECTOR('',#56860,1.);
#56880=LINE('',#56850,#56870);
#56890=CARTESIAN_POINT('',(-11.3178328196744,-2.30000000476409,
106.924835390045));
#56900=VERTEX_POINT('',#56890);
#56910=EDGE_CURVE('',#56900,#56820,#56880,.T.);
#56920=ORIENTED_EDGE('',*,*,#56910,.T.);
#56930=CARTESIAN_POINT('',(-11.3178328196175,-2.30000000472288,
111.899834134874));
#56940=DIRECTION('',(-1.14326022914241E-11,-8.28277894649956E-12,-1.));
#56950=VECTOR('',#56940,1.);
#56960=LINE('',#56930,#56950);
#56970=CARTESIAN_POINT('',(-11.3178328196538,-2.30000000474918,
108.724835390176));
#56980=VERTEX_POINT('',#56970);
#56990=EDGE_CURVE('',#56980,#56900,#56960,.T.);
#57000=ORIENTED_EDGE('',*,*,#56990,.T.);
#57010=CARTESIAN_POINT('',(3.59209186045678,-2.29999999955102,
108.724835390004));
#57020=DIRECTION('',(-1.,-3.48637443389052E-10,1.14681183365274E-11));
#57030=VECTOR('',#57020,1.);
#57040=LINE('',#57010,#57030);
#57050=CARTESIAN_POINT('',(-10.7065079542712,-2.30000000453605,
108.724835390168));
#57060=VERTEX_POINT('',#57050);
#57070=EDGE_CURVE('',#57060,#56980,#57040,.T.);
#57080=ORIENTED_EDGE('',*,*,#57070,.T.);
#57090=CARTESIAN_POINT('',(-7.53151307933742,-2.30000000340283,
111.899830264992));
#57100=DIRECTION('',(-0.707106781194632,-2.52380714299359E-10,
-0.707106781178464));
#57110=VECTOR('',#57100,1.);
#57120=LINE('',#57090,#57110);
#57130=CARTESIAN_POINT('',(-10.0178328196814,-2.30000000429025,
109.413510524705));
#57140=VERTEX_POINT('',#57130);
#57150=EDGE_CURVE('',#57140,#57060,#57120,.T.);
#57160=ORIENTED_EDGE('',*,*,#57150,.T.);
#57170=CARTESIAN_POINT('',(-10.0178328196175,-2.30000000426965,
111.899832806184));
#57180=DIRECTION('',(-1.14326022914241E-11,-8.28277894649956E-12,-1.));
#57190=VECTOR('',#57180,1.);
#57200=LINE('',#57170,#57190);
#57210=EDGE_CURVE('',#56160,#57140,#57200,.T.);
#57220=ORIENTED_EDGE('',*,*,#57210,.T.);
#57230=EDGE_LOOP('',(#57220,#57160,#57080,#57000,#56920,#56840,#56760,
#56680,#56600,#56520,#56440,#56360,#56280,#56200));
#57240=FACE_OUTER_BOUND('',#57230,.T.);
#57250=CARTESIAN_POINT('',(-6.98632346463624,-2.30000000846575,
100.262035849337));
#57260=DIRECTION('',(0.709475367273893,6.58302704365635E-10,
-0.704730234367431));
#57270=VECTOR('',#57260,1.);
#57280=LINE('',#57250,#57270);
#57290=CARTESIAN_POINT('',(-14.6302478646426,-2.30000001555834,
107.854835941329));
#57300=VERTEX_POINT('',#57290);
#57310=CARTESIAN_POINT('',(-13.6765816862639,-2.30000001467346,
106.907548099639));
#57320=VERTEX_POINT('',#57310);
#57330=EDGE_CURVE('',#57300,#57320,#57280,.T.);
#57340=ORIENTED_EDGE('',*,*,#57330,.F.);
#57350=CARTESIAN_POINT('',(-13.6765816862639,-2.30000001439159,
74.5070987651858));
#57360=DIRECTION('',(-2.11758236813575E-22,8.6998418348809E-12,-1.));
#57370=VECTOR('',#57360,1.);
#57380=LINE('',#57350,#57370);
#57390=CARTESIAN_POINT('',(-13.6765816862639,-2.30000001465697,
105.012041874821));
#57400=VERTEX_POINT('',#57390);
#57410=EDGE_CURVE('',#57320,#57400,#57380,.T.);
#57420=ORIENTED_EDGE('',*,*,#57410,.F.);
#57430=CARTESIAN_POINT('',(16.6793670763174,-2.29999998648746,
74.5070987648377));
#57440=DIRECTION('',(-0.705373590064216,-6.5456797187019E-10,
0.70883573445469));
#57450=VECTOR('',#57440,1.);
#57460=LINE('',#57430,#57450);
#57470=CARTESIAN_POINT('',(-15.5733939643829,-2.30000001641717,
106.918164166925));
#57480=VERTEX_POINT('',#57470);
#57490=EDGE_CURVE('',#57400,#57480,#57460,.T.);
#57500=ORIENTED_EDGE('',*,*,#57490,.F.);
#57510=CARTESIAN_POINT('',(-6.98632346446211,-2.30000000859786,
115.446287820628));
#57520=DIRECTION('',(-0.709537936173863,-6.46098719116857E-10,
-0.704667238581541));
#57530=VECTOR('',#57520,1.);
#57540=LINE('',#57510,#57530);
#57550=CARTESIAN_POINT('',(-17.4590839535588,-2.30000001813426,
105.045418694486));
#57560=VERTEX_POINT('',#57550);
#57570=EDGE_CURVE('',#57480,#57560,#57540,.T.);
#57580=ORIENTED_EDGE('',*,*,#57570,.F.);
#57590=CARTESIAN_POINT('',(-17.4590839535588,-2.30000001786858,
74.5070987652292));
#57600=DIRECTION('',(2.11758236813575E-22,-8.6998418348809E-12,1.));
#57610=VECTOR('',#57600,1.);
#57620=LINE('',#57590,#57610);
#57630=CARTESIAN_POINT('',(-17.4590839535587,-2.30000001815036,
106.896825082718));
#57640=VERTEX_POINT('',#57630);
#57650=EDGE_CURVE('',#57560,#57640,#57620,.T.);
#57660=ORIENTED_EDGE('',*,*,#57650,.F.);
#57670=CARTESIAN_POINT('',(-49.699545794105,-2.30000004750501,
74.5070987655989));
#57680=DIRECTION('',(0.705471825067198,6.42325603477551E-10,
0.708737965708312));
#57690=VECTOR('',#57680,1.);
#57700=LINE('',#57670,#57690);
#57710=CARTESIAN_POINT('',(-16.5054893822339,-2.30000001728212,
107.854834534799));
#57720=VERTEX_POINT('',#57710);
#57730=EDGE_CURVE('',#57640,#57720,#57700,.T.);
#57740=ORIENTED_EDGE('',*,*,#57730,.F.);
#57750=CARTESIAN_POINT('',(16.6793670763174,-2.29999998648746,
74.5070987648377));
#57760=DIRECTION('',(-0.705373590064216,-6.54567944008592E-10,
0.70883573445469));
#57770=VECTOR('',#57760,1.);
#57780=LINE('',#57750,#57770);
#57790=CARTESIAN_POINT('',(-17.4590839535588,-2.30000001816703,
108.813109579199));
#57800=VERTEX_POINT('',#57790);
#57810=EDGE_CURVE('',#57720,#57800,#57780,.T.);
#57820=ORIENTED_EDGE('',*,*,#57810,.F.);
#57830=CARTESIAN_POINT('',(-17.4590839535588,-2.30000001786858,
74.5070987652292));
#57840=DIRECTION('',(2.11758236813575E-22,-8.6998418348809E-12,1.));
#57850=VECTOR('',#57840,1.);
#57860=LINE('',#57830,#57850);
#57870=CARTESIAN_POINT('',(-17.4590839535588,-2.30000001818315,
110.664752129948));
#57880=VERTEX_POINT('',#57870);
#57890=EDGE_CURVE('',#57800,#57880,#57860,.T.);
#57900=ORIENTED_EDGE('',*,*,#57890,.F.);
#57910=CARTESIAN_POINT('',(-6.98632346463624,-2.30000000846575,
100.262035849337));
#57920=DIRECTION('',(0.709475367273893,6.58302704365635E-10,
-0.704730234367432));
#57930=VECTOR('',#57920,1.);
#57940=LINE('',#57910,#57930);
#57950=CARTESIAN_POINT('',(-15.5731793600869,-2.30000001643327,
108.79146089609));
#57960=VERTEX_POINT('',#57950);
#57970=EDGE_CURVE('',#57880,#57960,#57940,.T.);
#57980=ORIENTED_EDGE('',*,*,#57970,.F.);
#57990=CARTESIAN_POINT('',(-49.699545794105,-2.30000004750501,
74.5070987655989));
#58000=DIRECTION('',(0.705471825067199,6.42325603477552E-10,
0.708737965708311));
#58010=VECTOR('',#58000,1.);
#58020=LINE('',#57990,#58010);
#58030=CARTESIAN_POINT('',(-13.6765816862639,-2.30000001470643,
110.696839295836));
#58040=VERTEX_POINT('',#58030);
#58050=EDGE_CURVE('',#57960,#58040,#58020,.T.);
#58060=ORIENTED_EDGE('',*,*,#58050,.F.);
#58070=CARTESIAN_POINT('',(-13.6765816862639,-2.30000001439159,
74.5070987651858));
#58080=DIRECTION('',(4.6266125425156E-16,8.69984183488132E-12,-1.));
#58090=VECTOR('',#58080,1.);
#58100=LINE('',#58070,#58090);
#58110=CARTESIAN_POINT('',(-13.6765816862639,-2.30000001468994,
108.801955578188));
#58120=VERTEX_POINT('',#58110);
#58130=EDGE_CURVE('',#58040,#58120,#58100,.T.);
#58140=ORIENTED_EDGE('',*,*,#58130,.F.);
#58150=CARTESIAN_POINT('',(-6.98632346446211,-2.30000000859786,
115.446287820628));
#58160=DIRECTION('',(-0.709537936173862,-6.46098719116856E-10,
-0.704667238581543));
#58170=VECTOR('',#58160,1.);
#58180=LINE('',#58150,#58170);
#58190=EDGE_CURVE('',#58120,#57300,#58180,.T.);
#58200=ORIENTED_EDGE('',*,*,#58190,.F.);
#58210=EDGE_LOOP('',(#58200,#58140,#58060,#57980,#57900,#57820,#57740,
#57660,#57580,#57500,#57420,#57340));
#58220=FACE_BOUND('',#58210,.T.);
#58230=ADVANCED_FACE('',(#57240,#58220),#56100,.T.);
#58240=COLOUR_RGB('',0.980392217636108,0.517647087574005,
0.168627455830574);
#58250=FILL_AREA_STYLE_COLOUR('',#58240);
#58260=FILL_AREA_STYLE('',(#58250));
#58270=SURFACE_STYLE_FILL_AREA(#58260);
#58280=SURFACE_SIDE_STYLE('',(#58270));
#58290=SURFACE_STYLE_USAGE(.BOTH.,#58280);
#58300=PRESENTATION_STYLE_ASSIGNMENT((#58290));
#58310=CARTESIAN_POINT('',(-19.8178328197376,-2.2000000077126,
108.724835390273));
#58320=DIRECTION('',(1.,3.48637443389207E-10,3.46920350459711E-12));
#58330=DIRECTION('',(-3.46920350748479E-12,8.28277894130871E-12,1.));
#58340=AXIS2_PLACEMENT_3D('',#58310,#58320,#58330);
#58350=PLANE('',#58340);
#58360=CARTESIAN_POINT('',(-19.8178328197313,-2.20000000772751,
106.924835390147));
#58370=DIRECTION('',(3.48637443389179E-10,-1.,8.28277894251821E-12));
#58380=VECTOR('',#58370,1.);
#58390=LINE('',#58360,#58380);
#58400=EDGE_CURVE('',#28330,#56420,#58390,.T.);
#58410=ORIENTED_EDGE('',*,*,#58400,.F.);
#58420=ORIENTED_EDGE('',*,*,#56430,.F.);
#58430=CARTESIAN_POINT('',(-19.8178328197376,-2.2000000077126,
108.724835390273));
#58440=DIRECTION('',(3.48637443389179E-10,-1.,8.28277894251821E-12));
#58450=VECTOR('',#58440,1.);
#58460=LINE('',#58430,#58450);
#58470=EDGE_CURVE('',#28350,#56340,#58460,.T.);
#58480=ORIENTED_EDGE('',*,*,#58470,.T.);
#58490=ORIENTED_EDGE('',*,*,#28360,.T.);
#58500=EDGE_LOOP('',(#58490,#58480,#58420,#58410));
#58510=FACE_OUTER_BOUND('',#58500,.T.);
#58520=ADVANCED_FACE('',(#58510),#58350,.T.);
#58530=COLOUR_RGB('',0.,0.443137288093567,0.709803938865662);
#58540=FILL_AREA_STYLE_COLOUR('',#58530);
#58550=FILL_AREA_STYLE('',(#58540));
#58560=SURFACE_STYLE_FILL_AREA(#58550);
#58570=SURFACE_SIDE_STYLE('',(#58560));
#58580=SURFACE_STYLE_USAGE(.BOTH.,#58570);
#58590=PRESENTATION_STYLE_ASSIGNMENT((#58580));
#58600=CARTESIAN_POINT('',(-20.6178328197376,-2.20000000799151,
108.724835390282));
#58610=DIRECTION('',(1.14326022872659E-11,8.28277894650404E-12,1.));
#58620=DIRECTION('',(-1.,-3.48637443389084E-10,1.14326022901536E-11));
#58630=AXIS2_PLACEMENT_3D('',#58600,#58610,#58620);
#58640=PLANE('',#58630);
#58650=ORIENTED_EDGE('',*,*,#58470,.F.);
#58660=ORIENTED_EDGE('',*,*,#56350,.F.);
#58670=CARTESIAN_POINT('',(-20.6178328197376,-2.20000000799151,
108.724835390282));
#58680=DIRECTION('',(3.48637443389179E-10,-1.,8.28277894251821E-12));
#58690=VECTOR('',#58680,1.);
#58700=LINE('',#58670,#58690);
#58710=EDGE_CURVE('',#28430,#56260,#58700,.T.);
#58720=ORIENTED_EDGE('',*,*,#58710,.T.);
#58730=ORIENTED_EDGE('',*,*,#28440,.T.);
#58740=EDGE_LOOP('',(#58730,#58720,#58660,#58650));
#58750=FACE_OUTER_BOUND('',#58740,.T.);
#58760=ADVANCED_FACE('',(#58750),#58640,.T.);
#58770=COLOUR_RGB('',0.,0.443137288093567,0.709803938865662);
#58780=FILL_AREA_STYLE_COLOUR('',#58770);
#58790=FILL_AREA_STYLE('',(#58780));
#58800=SURFACE_STYLE_FILL_AREA(#58790);
#58810=SURFACE_SIDE_STYLE('',(#58800));
#58820=SURFACE_STYLE_USAGE(.BOTH.,#58810);
#58830=PRESENTATION_STYLE_ASSIGNMENT((#58820));
#58840=CARTESIAN_POINT('',(-20.6178328197456,-2.20000000797246,
111.024835390275));
#58850=DIRECTION('',(1.,3.48637443389207E-10,3.46920350459711E-12));
#58860=DIRECTION('',(-3.46920350748479E-12,8.28277894130871E-12,1.));
#58870=AXIS2_PLACEMENT_3D('',#58840,#58850,#58860);
#58880=PLANE('',#58870);
#58890=ORIENTED_EDGE('',*,*,#58710,.F.);
#58900=ORIENTED_EDGE('',*,*,#56270,.F.);
#58910=CARTESIAN_POINT('',(-20.6178328197456,-2.20000000797246,
111.024835390275));
#58920=DIRECTION('',(3.48637443389179E-10,-1.,8.28277894251821E-12));
#58930=VECTOR('',#58920,1.);
#58940=LINE('',#58910,#58930);
#58950=EDGE_CURVE('',#28510,#56180,#58940,.T.);
#58960=ORIENTED_EDGE('',*,*,#58950,.T.);
#58970=ORIENTED_EDGE('',*,*,#28520,.T.);
#58980=EDGE_LOOP('',(#58970,#58960,#58900,#58890));
#58990=FACE_OUTER_BOUND('',#58980,.T.);
#59000=ADVANCED_FACE('',(#58990),#58880,.T.);
#59010=COLOUR_RGB('',0.,0.443137288093567,0.709803938865662);
#59020=FILL_AREA_STYLE_COLOUR('',#59010);
#59030=FILL_AREA_STYLE('',(#59020));
#59040=SURFACE_STYLE_FILL_AREA(#59030);
#59050=SURFACE_SIDE_STYLE('',(#59040));
#59060=SURFACE_STYLE_USAGE(.BOTH.,#59050);
#59070=PRESENTATION_STYLE_ASSIGNMENT((#59060));
#59080=CARTESIAN_POINT('',(-10.0178328196979,-2.20000000427689,
111.024835390154));
#59090=DIRECTION('',(-1.14326022872659E-11,-8.28277894650404E-12,-1.));
#59100=DIRECTION('',(1.,3.48637443389084E-10,-1.14326022901536E-11));
#59110=AXIS2_PLACEMENT_3D('',#59080,#59090,#59100);
#59120=PLANE('',#59110);
#59130=ORIENTED_EDGE('',*,*,#58950,.F.);
#59140=ORIENTED_EDGE('',*,*,#56190,.T.);
#59150=CARTESIAN_POINT('',(-10.0178328196979,-2.20000000427689,
111.024835390154));
#59160=DIRECTION('',(3.48637443389179E-10,-1.,8.28277894251821E-12));
#59170=VECTOR('',#59160,1.);
#59180=LINE('',#59150,#59170);
#59190=EDGE_CURVE('',#28590,#56160,#59180,.T.);
#59200=ORIENTED_EDGE('',*,*,#59190,.T.);
#59210=ORIENTED_EDGE('',*,*,#28600,.T.);
#59220=EDGE_LOOP('',(#59210,#59200,#59140,#59130));
#59230=FACE_OUTER_BOUND('',#59220,.T.);
#59240=ADVANCED_FACE('',(#59230),#59120,.T.);
#59250=COLOUR_RGB('',0.,0.443137288093567,0.709803938865662);
#59260=FILL_AREA_STYLE_COLOUR('',#59250);
#59270=FILL_AREA_STYLE('',(#59260));
#59280=SURFACE_STYLE_FILL_AREA(#59270);
#59290=SURFACE_SIDE_STYLE('',(#59280));
#59300=SURFACE_STYLE_USAGE(.BOTH.,#59290);
#59310=PRESENTATION_STYLE_ASSIGNMENT((#59300));
#59320=CARTESIAN_POINT('',(-10.0178328197163,-2.20000000429025,
109.413510524741));
#59330=DIRECTION('',(-1.,-3.48637443389084E-10,1.14326023000293E-11));
#59340=DIRECTION('',(-1.14326022971416E-11,-8.28277894650404E-12,-1.));
#59350=AXIS2_PLACEMENT_3D('',#59320,#59330,#59340);
#59360=PLANE('',#59350);
#59370=ORIENTED_EDGE('',*,*,#59190,.F.);
#59380=ORIENTED_EDGE('',*,*,#57210,.F.);
#59390=CARTESIAN_POINT('',(-10.0178328197163,-2.20000000429025,
109.413510524741));
#59400=DIRECTION('',(3.48637443389179E-10,-1.,8.28277894251821E-12));
#59410=VECTOR('',#59400,1.);
#59420=LINE('',#59390,#59410);
#59430=EDGE_CURVE('',#28670,#57140,#59420,.T.);
#59440=ORIENTED_EDGE('',*,*,#59430,.T.);
#59450=ORIENTED_EDGE('',*,*,#28680,.T.);
#59460=EDGE_LOOP('',(#59450,#59440,#59380,#59370));
#59470=FACE_OUTER_BOUND('',#59460,.T.);
#59480=ADVANCED_FACE('',(#59470),#59360,.T.);
#59490=COLOUR_RGB('',0.,0.443137288093567,0.709803938865662);
#59500=FILL_AREA_STYLE_COLOUR('',#59490);
#59510=FILL_AREA_STYLE('',(#59500));
#59520=SURFACE_STYLE_FILL_AREA(#59510);
#59530=SURFACE_SIDE_STYLE('',(#59520));
#59540=SURFACE_STYLE_USAGE(.BOTH.,#59530);
#59550=PRESENTATION_STYLE_ASSIGNMENT((#59540));
#59560=CARTESIAN_POINT('',(-10.7065079543052,-2.20000000453604,
108.724835390168));
#59570=DIRECTION('',(-0.707106781178463,-2.4066709123582E-10,
0.707106781194632));
#59580=DIRECTION('',(-0.707106781194632,-2.52380709556105E-10,
-0.707106781178464));
#59590=AXIS2_PLACEMENT_3D('',#59560,#59570,#59580);
#59600=PLANE('',#59590);
#59610=ORIENTED_EDGE('',*,*,#59430,.F.);
#59620=ORIENTED_EDGE('',*,*,#57150,.F.);
#59630=CARTESIAN_POINT('',(-10.7065079543052,-2.20000000453604,
108.724835390168));
#59640=DIRECTION('',(3.48637443389179E-10,-1.,8.28277894251821E-12));
#59650=VECTOR('',#59640,1.);
#59660=LINE('',#59630,#59650);
#59670=EDGE_CURVE('',#28750,#57060,#59660,.T.);
#59680=ORIENTED_EDGE('',*,*,#59670,.T.);
#59690=ORIENTED_EDGE('',*,*,#28760,.T.);
#59700=EDGE_LOOP('',(#59690,#59680,#59620,#59610));
#59710=FACE_OUTER_BOUND('',#59700,.T.);
#59720=ADVANCED_FACE('',(#59710),#59600,.T.);
#59730=COLOUR_RGB('',0.,0.443137288093567,0.709803938865662);
#59740=FILL_AREA_STYLE_COLOUR('',#59730);
#59750=FILL_AREA_STYLE('',(#59740));
#59760=SURFACE_STYLE_FILL_AREA(#59750);
#59770=SURFACE_SIDE_STYLE('',(#59760));
#59780=SURFACE_STYLE_USAGE(.BOTH.,#59770);
#59790=PRESENTATION_STYLE_ASSIGNMENT((#59780));
#59800=CARTESIAN_POINT('',(-11.3178328197242,-2.20000000474918,
108.724835390175));
#59810=DIRECTION('',(1.1468118328134E-11,8.28277894651642E-12,1.));
#59820=DIRECTION('',(-1.,-3.48637443389084E-10,1.14681183310217E-11));
#59830=AXIS2_PLACEMENT_3D('',#59800,#59810,#59820);
#59840=PLANE('',#59830);
#59850=ORIENTED_EDGE('',*,*,#59670,.F.);
#59860=ORIENTED_EDGE('',*,*,#57070,.F.);
#59870=CARTESIAN_POINT('',(-11.3178328197242,-2.20000000474918,
108.724835390175));
#59880=DIRECTION('',(3.48637443389179E-10,-1.,8.28277894251821E-12));
#59890=VECTOR('',#59880,1.);
#59900=LINE('',#59870,#59890);
#59910=EDGE_CURVE('',#28830,#56980,#59900,.T.);
#59920=ORIENTED_EDGE('',*,*,#59910,.T.);
#59930=ORIENTED_EDGE('',*,*,#28840,.T.);
#59940=EDGE_LOOP('',(#59930,#59920,#59860,#59850));
#59950=FACE_OUTER_BOUND('',#59940,.T.);
#59960=ADVANCED_FACE('',(#59950),#59840,.T.);
#59970=COLOUR_RGB('',0.,0.443137288093567,0.709803938865662);
#59980=FILL_AREA_STYLE_COLOUR('',#59970);
#59990=FILL_AREA_STYLE('',(#59980));
#60000=SURFACE_STYLE_FILL_AREA(#59990);
#60010=SURFACE_SIDE_STYLE('',(#60000));
#60020=SURFACE_STYLE_USAGE(.BOTH.,#60010);
#60030=PRESENTATION_STYLE_ASSIGNMENT((#60020));
#60040=CARTESIAN_POINT('',(-11.3178328197447,-2.20000000476409,
106.924835390044));
#60050=DIRECTION('',(-1.,-3.48637443389084E-10,1.14326023000293E-11));
#60060=DIRECTION('',(-1.14326022971416E-11,-8.28277894650404E-12,-1.));
#60070=AXIS2_PLACEMENT_3D('',#60040,#60050,#60060);
#60080=PLANE('',#60070);
#60090=ORIENTED_EDGE('',*,*,#59910,.F.);
#60100=ORIENTED_EDGE('',*,*,#56990,.F.);
#60110=CARTESIAN_POINT('',(-11.3178328197447,-2.20000000476409,
106.924835390044));
#60120=DIRECTION('',(3.48637443389179E-10,-1.,8.28277894251821E-12));
#60130=VECTOR('',#60120,1.);
#60140=LINE('',#60110,#60130);
#60150=EDGE_CURVE('',#28910,#56900,#60140,.T.);
#60160=ORIENTED_EDGE('',*,*,#60150,.T.);
#60170=ORIENTED_EDGE('',*,*,#28920,.T.);
#60180=EDGE_LOOP('',(#60170,#60160,#60100,#60090));
#60190=FACE_OUTER_BOUND('',#60180,.T.);
#60200=ADVANCED_FACE('',(#60190),#60080,.T.);
#60210=COLOUR_RGB('',0.,0.443137288093567,0.709803938865662);
#60220=FILL_AREA_STYLE_COLOUR('',#60210);
#60230=FILL_AREA_STYLE('',(#60220));
#60240=SURFACE_STYLE_FILL_AREA(#60230);
#60250=SURFACE_SIDE_STYLE('',(#60240));
#60260=SURFACE_STYLE_USAGE(.BOTH.,#60250);
#60270=PRESENTATION_STYLE_ASSIGNMENT((#60260));
#60280=CARTESIAN_POINT('',(-10.7065079541931,-2.20000000455096,
106.924835390037));
#60290=DIRECTION('',(-1.1468118328134E-11,-8.28277894651642E-12,-1.));
#60300=DIRECTION('',(1.,3.48637443389084E-10,-1.14681183310217E-11));
#60310=AXIS2_PLACEMENT_3D('',#60280,#60290,#60300);
#60320=PLANE('',#60310);
#60330=ORIENTED_EDGE('',*,*,#60150,.F.);
#60340=ORIENTED_EDGE('',*,*,#56910,.F.);
#60350=CARTESIAN_POINT('',(-10.7065079541931,-2.20000000455096,
106.924835390037));
#60360=DIRECTION('',(3.48637443389179E-10,-1.,8.28277894251821E-12));
#60370=VECTOR('',#60360,1.);
#60380=LINE('',#60350,#60370);
#60390=EDGE_CURVE('',#28990,#56820,#60380,.T.);
#60400=ORIENTED_EDGE('',*,*,#60390,.T.);
#60410=ORIENTED_EDGE('',*,*,#29000,.T.);
#60420=EDGE_LOOP('',(#60410,#60400,#60340,#60330));
#60430=FACE_OUTER_BOUND('',#60420,.T.);
#60440=ADVANCED_FACE('',(#60430),#60320,.T.);
#60450=COLOUR_RGB('',0.,0.443137288093567,0.709803938865662);
#60460=FILL_AREA_STYLE_COLOUR('',#60450);
#60470=FILL_AREA_STYLE('',(#60460));
#60480=SURFACE_STYLE_FILL_AREA(#60470);
#60490=SURFACE_SIDE_STYLE('',(#60480));
#60500=SURFACE_STYLE_USAGE(.BOTH.,#60490);
#60510=PRESENTATION_STYLE_ASSIGNMENT((#60500));
#60520=CARTESIAN_POINT('',(-10.0178328197526,-2.20000000431656,
106.236160255581));
#60530=DIRECTION('',(-0.707106781194632,-2.52380709556104E-10,
-0.707106781178464));
#60540=DIRECTION('',(0.707106781178464,2.4066709123582E-10,
-0.707106781194632));
#60550=AXIS2_PLACEMENT_3D('',#60520,#60530,#60540);
#60560=PLANE('',#60550);
#60570=ORIENTED_EDGE('',*,*,#60390,.F.);
#60580=ORIENTED_EDGE('',*,*,#56830,.F.);
#60590=CARTESIAN_POINT('',(-10.0178328197526,-2.20000000431656,
106.236160255581));
#60600=DIRECTION('',(3.48637443389179E-10,-1.,8.28277894251821E-12));
#60610=VECTOR('',#60600,1.);
#60620=LINE('',#60590,#60610);
#60630=EDGE_CURVE('',#29070,#56740,#60620,.T.);
#60640=ORIENTED_EDGE('',*,*,#60630,.T.);
#60650=ORIENTED_EDGE('',*,*,#29080,.T.);
#60660=EDGE_LOOP('',(#60650,#60640,#60580,#60570));
#60670=FACE_OUTER_BOUND('',#60660,.T.);
#60680=ADVANCED_FACE('',(#60670),#60560,.T.);
#60690=COLOUR_RGB('',0.,0.443137288093567,0.709803938865662);
#60700=FILL_AREA_STYLE_COLOUR('',#60690);
#60710=FILL_AREA_STYLE('',(#60700));
#60720=SURFACE_STYLE_FILL_AREA(#60710);
#60730=SURFACE_SIDE_STYLE('',(#60720));
#60740=SURFACE_STYLE_USAGE(.BOTH.,#60730);
#60750=PRESENTATION_STYLE_ASSIGNMENT((#60740));
#60760=CARTESIAN_POINT('',(-10.017832819771,-2.20000000432992,
104.624835390183));
#60770=DIRECTION('',(-1.,-3.48637443389084E-10,1.14326023000293E-11));
#60780=DIRECTION('',(-1.14326022971416E-11,-8.28277894650404E-12,-1.));
#60790=AXIS2_PLACEMENT_3D('',#60760,#60770,#60780);
#60800=PLANE('',#60790);
#60810=ORIENTED_EDGE('',*,*,#60630,.F.);
#60820=ORIENTED_EDGE('',*,*,#56750,.F.);
#60830=CARTESIAN_POINT('',(-10.017832819771,-2.20000000432992,
104.624835390183));
#60840=DIRECTION('',(3.48637443389179E-10,-1.,8.28277894251821E-12));
#60850=VECTOR('',#60840,1.);
#60860=LINE('',#60830,#60850);
#60870=EDGE_CURVE('',#29150,#56660,#60860,.T.);
#60880=ORIENTED_EDGE('',*,*,#60870,.T.);
#60890=ORIENTED_EDGE('',*,*,#29160,.T.);
#60900=EDGE_LOOP('',(#60890,#60880,#60820,#60810));
#60910=FACE_OUTER_BOUND('',#60900,.T.);
#60920=ADVANCED_FACE('',(#60910),#60800,.T.);
#60930=COLOUR_RGB('',0.,0.443137288093567,0.709803938865662);
#60940=FILL_AREA_STYLE_COLOUR('',#60930);
#60950=FILL_AREA_STYLE('',(#60940));
#60960=SURFACE_STYLE_FILL_AREA(#60950);
#60970=SURFACE_SIDE_STYLE('',(#60960));
#60980=SURFACE_STYLE_USAGE(.BOTH.,#60970);
#60990=PRESENTATION_STYLE_ASSIGNMENT((#60980));
#61000=CARTESIAN_POINT('',(-20.6178328197233,-2.20000000802547,
104.624835390146));
#61010=DIRECTION('',(-3.46920351587819E-12,8.28277894130871E-12,1.));
#61020=DIRECTION('',(-1.,-3.48637443389207E-10,-3.46920351299051E-12));
#61030=AXIS2_PLACEMENT_3D('',#61000,#61010,#61020);
#61040=PLANE('',#61030);
#61050=ORIENTED_EDGE('',*,*,#60870,.F.);
#61060=ORIENTED_EDGE('',*,*,#56670,.T.);
#61070=CARTESIAN_POINT('',(-20.6178328197233,-2.20000000802547,
104.624835390146));
#61080=DIRECTION('',(3.48637443389179E-10,-1.,8.28277894251821E-12));
#61090=VECTOR('',#61080,1.);
#61100=LINE('',#61070,#61090);
#61110=EDGE_CURVE('',#29230,#56580,#61100,.T.);
#61120=ORIENTED_EDGE('',*,*,#61110,.T.);
#61130=ORIENTED_EDGE('',*,*,#29240,.T.);
#61140=EDGE_LOOP('',(#61130,#61120,#61060,#61050));
#61150=FACE_OUTER_BOUND('',#61140,.T.);
#61160=ADVANCED_FACE('',(#61150),#61040,.T.);
#61170=COLOUR_RGB('',0.,0.443137288093567,0.709803938865662);
#61180=FILL_AREA_STYLE_COLOUR('',#61170);
#61190=FILL_AREA_STYLE('',(#61180));
#61200=SURFACE_STYLE_FILL_AREA(#61190);
#61210=SURFACE_SIDE_STYLE('',(#61200));
#61220=SURFACE_STYLE_USAGE(.BOTH.,#61210);
#61230=PRESENTATION_STYLE_ASSIGNMENT((#61220));
#61240=CARTESIAN_POINT('',(-20.6178328197313,-2.20000000800642,
106.924835390144));
#61250=DIRECTION('',(1.,3.48637443389207E-10,3.46920350459711E-12));
#61260=DIRECTION('',(-3.46920350748479E-12,8.28277894130871E-12,1.));
#61270=AXIS2_PLACEMENT_3D('',#61240,#61250,#61260);
#61280=PLANE('',#61270);
#61290=ORIENTED_EDGE('',*,*,#61110,.F.);
#61300=ORIENTED_EDGE('',*,*,#56590,.F.);
#61310=CARTESIAN_POINT('',(-20.6178328197313,-2.20000000800642,
106.924835390144));
#61320=DIRECTION('',(3.48637443389179E-10,-1.,8.28277894251821E-12));
#61330=VECTOR('',#61320,1.);
#61340=LINE('',#61310,#61330);
#61350=EDGE_CURVE('',#29310,#56500,#61340,.T.);
#61360=ORIENTED_EDGE('',*,*,#61350,.T.);
#61370=ORIENTED_EDGE('',*,*,#29320,.T.);
#61380=EDGE_LOOP('',(#61370,#61360,#61300,#61290));
#61390=FACE_OUTER_BOUND('',#61380,.T.);
#61400=ADVANCED_FACE('',(#61390),#61280,.T.);
#61410=COLOUR_RGB('',0.,0.443137288093567,0.709803938865662);
#61420=FILL_AREA_STYLE_COLOUR('',#61410);
#61430=FILL_AREA_STYLE('',(#61420));
#61440=SURFACE_STYLE_FILL_AREA(#61430);
#61450=SURFACE_SIDE_STYLE('',(#61440));
#61460=SURFACE_STYLE_USAGE(.BOTH.,#61450);
#61470=PRESENTATION_STYLE_ASSIGNMENT((#61460));
#61480=CARTESIAN_POINT('',(-19.8178328197313,-2.20000000772751,
106.924835390147));
#61490=DIRECTION('',(3.46920351587819E-12,-8.28277894130871E-12,-1.));
#61500=DIRECTION('',(1.,3.48637443389207E-10,3.46920351299051E-12));
#61510=AXIS2_PLACEMENT_3D('',#61480,#61490,#61500);
#61520=PLANE('',#61510);
#61530=ORIENTED_EDGE('',*,*,#61350,.F.);
#61540=ORIENTED_EDGE('',*,*,#56510,.F.);
#61550=ORIENTED_EDGE('',*,*,#58400,.T.);
#61560=ORIENTED_EDGE('',*,*,#29380,.T.);
#61570=EDGE_LOOP('',(#61560,#61550,#61540,#61530));
#61580=FACE_OUTER_BOUND('',#61570,.T.);
#61590=ADVANCED_FACE('',(#61580),#61520,.T.);
#61600=COLOUR_RGB('',0.,0.443137288093567,0.709803938865662);
#61610=FILL_AREA_STYLE_COLOUR('',#61600);
#61620=FILL_AREA_STYLE('',(#61610));
#61630=SURFACE_STYLE_FILL_AREA(#61620);
#61640=SURFACE_SIDE_STYLE('',(#61630));
#61650=SURFACE_STYLE_USAGE(.BOTH.,#61640);
#61660=PRESENTATION_STYLE_ASSIGNMENT((#61650));
#61670=CARTESIAN_POINT('',(16.0821670029574,-3.19999999522205,
105.64211299395));
#61680=DIRECTION('',(-3.48637443389179E-10,1.,-8.28277894251821E-12));
#61690=DIRECTION('',(-1.,-3.48637443389127E-10,6.18678185396702E-12));
#61700=AXIS2_PLACEMENT_3D('',#61670,#61680,#61690);
#61710=PLANE('',#61700);
#61720=CARTESIAN_POINT('',(18.1446783396276,-3.19999999445115,
111.899804022138));
#61730=DIRECTION('',(-5.2458204516449E-12,8.28277894053332E-12,1.));
#61740=VECTOR('',#61730,1.);
#61750=LINE('',#61720,#61740);
#61760=CARTESIAN_POINT('',(18.1446783396859,-3.19999999447693,
108.785354315894));
#61770=VERTEX_POINT('',#61760);
#61780=CARTESIAN_POINT('',(18.1446783398788,-3.19999999446345,
110.415079463974));
#61790=VERTEX_POINT('',#61780);
#61800=EDGE_CURVE('',#61770,#61790,#61750,.T.);
#61810=ORIENTED_EDGE('',*,*,#61800,.F.);
#61820=CARTESIAN_POINT('',(3.59207881655139,-3.19999999965674,
95.9623777864683));
#61830=DIRECTION('',(-0.709537936170166,-2.53208112837333E-10,
-0.704667238585264));
#61840=VECTOR('',#61830,1.);
#61850=LINE('',#61820,#61840);
#61860=CARTESIAN_POINT('',(16.3374002477115,-3.19999999510841,
108.620207621832));
#61870=VERTEX_POINT('',#61860);
#61880=EDGE_CURVE('',#61790,#61870,#61850,.T.);
#61890=ORIENTED_EDGE('',*,*,#61880,.F.);
#61900=CARTESIAN_POINT('',(13.0738171208811,-3.19999999621904,
111.899809204911));
#61910=DIRECTION('',(-0.705373590067934,-2.40048549569598E-10,
0.70883573445099));
#61920=VECTOR('',#61910,1.);
#61930=LINE('',#61900,#61920);
#61940=CARTESIAN_POINT('',(14.5196556666871,-3.19999999572699,
110.446874133064));
#61950=VERTEX_POINT('',#61940);
#61960=EDGE_CURVE('',#61870,#61950,#61930,.T.);
#61970=ORIENTED_EDGE('',*,*,#61960,.F.);
#61980=CARTESIAN_POINT('',(14.5196556666795,-3.19999999571496,
111.899807727163));
#61990=DIRECTION('',(5.2458204516449E-12,-8.28277894063961E-12,-1.));
#62000=VECTOR('',#61990,1.);
#62010=LINE('',#61980,#62000);
#62020=CARTESIAN_POINT('',(14.5196556666959,-3.19999999574085,
108.774892644666));
#62030=VERTEX_POINT('',#62020);
#62040=EDGE_CURVE('',#61950,#62030,#62010,.T.);
#62050=ORIENTED_EDGE('',*,*,#62040,.F.);
#62060=CARTESIAN_POINT('',(3.59210300585321,-3.19999999946069,
119.629359343354));
#62070=DIRECTION('',(0.70947536727759,2.41512593004779E-10,
-0.70473023436371));
#62080=VECTOR('',#62070,1.);
#62090=LINE('',#62060,#62080);
#62100=CARTESIAN_POINT('',(15.5063174505342,-3.19999999540499,
107.794829879687));
#62110=VERTEX_POINT('',#62100);
#62120=EDGE_CURVE('',#62030,#62110,#62090,.T.);
#62130=ORIENTED_EDGE('',*,*,#62120,.F.);
#62140=CARTESIAN_POINT('',(3.59207881655139,-3.19999999965674,
95.9623777864683));
#62150=DIRECTION('',(-0.709537936170165,-2.53208112837332E-10,
-0.704667238585265));
#62160=VECTOR('',#62150,1.);
#62170=LINE('',#62140,#62160);
#62180=CARTESIAN_POINT('',(14.5196556667487,-3.19999999575709,
106.814941139205));
#62190=VERTEX_POINT('',#62180);
#62200=EDGE_CURVE('',#62110,#62190,#62170,.T.);
#62210=ORIENTED_EDGE('',*,*,#62200,.F.);
#62220=CARTESIAN_POINT('',(14.5196556666795,-3.19999999571496,
111.899807727163));
#62230=DIRECTION('',(5.24628311311091E-12,-8.28277894053321E-12,-1.));
#62240=VECTOR('',#62230,1.);
#62250=LINE('',#62220,#62240);
#62260=CARTESIAN_POINT('',(14.5196556667149,-3.19999999577092,
105.143548784644));
#62270=VERTEX_POINT('',#62260);
#62280=EDGE_CURVE('',#62190,#62270,#62250,.T.);
#62290=ORIENTED_EDGE('',*,*,#62280,.F.);
#62300=CARTESIAN_POINT('',(21.2447722944799,-3.19999999337034,
111.899800853626));
#62310=DIRECTION('',(0.705471825063481,2.51824217871614E-10,
0.708737965712012));
#62320=VECTOR('',#62310,1.);
#62330=LINE('',#62300,#62320);
#62340=CARTESIAN_POINT('',(16.337198305082,-3.19999999512213,
106.969506145521));
#62350=VERTEX_POINT('',#62340);
#62360=EDGE_CURVE('',#62270,#62350,#62330,.T.);
#62370=ORIENTED_EDGE('',*,*,#62360,.F.);
#62380=CARTESIAN_POINT('',(3.59210300585321,-3.1999999994607,
119.629359343354));
#62390=DIRECTION('',(0.70947536727759,2.41512593004778E-10,
-0.70473023436371));
#62400=VECTOR('',#62390,1.);
#62410=LINE('',#62380,#62400);
#62420=CARTESIAN_POINT('',(18.1446783396629,-3.19999999450685,
105.174114948902));
#62430=VERTEX_POINT('',#62420);
#62440=EDGE_CURVE('',#62350,#62430,#62410,.T.);
#62450=ORIENTED_EDGE('',*,*,#62440,.F.);
#62460=CARTESIAN_POINT('',(18.1446783396276,-3.19999999445115,
111.899804022138));
#62470=DIRECTION('',(-5.2458204516449E-12,8.28277894053332E-12,1.));
#62480=VECTOR('',#62470,1.);
#62490=LINE('',#62460,#62480);
#62500=CARTESIAN_POINT('',(18.1446783396967,-3.19999999449335,
106.804058971348));
#62510=VERTEX_POINT('',#62500);
#62520=EDGE_CURVE('',#62430,#62510,#62490,.T.);
#62530=ORIENTED_EDGE('',*,*,#62520,.F.);
#62540=CARTESIAN_POINT('',(13.0738171208811,-3.19999999621904,
111.899809204911));
#62550=DIRECTION('',(-0.705373590067934,-2.40048577431196E-10,
0.70883573445099));
#62560=VECTOR('',#62550,1.);
#62570=LINE('',#62540,#62560);
#62580=CARTESIAN_POINT('',(17.1587326264469,-3.19999999482889,
107.7948439449));
#62590=VERTEX_POINT('',#62580);
#62600=EDGE_CURVE('',#62510,#62590,#62570,.T.);
#62610=ORIENTED_EDGE('',*,*,#62600,.F.);
#62620=CARTESIAN_POINT('',(21.2447722944799,-3.19999999337033,
111.899800853626));
#62630=DIRECTION('',(0.705471825063481,2.51824217871614E-10,
0.708737965712013));
#62640=VECTOR('',#62630,1.);
#62650=LINE('',#62620,#62640);
#62660=EDGE_CURVE('',#62590,#61770,#62650,.T.);
#62670=ORIENTED_EDGE('',*,*,#62660,.F.);
#62680=EDGE_LOOP('',(#62670,#62610,#62530,#62450,#62370,#62290,#62210,
#62130,#62050,#61970,#61890,#61810));
#62690=FACE_OUTER_BOUND('',#62680,.T.);
#62700=ADVANCED_FACE('',(#62690),#61710,.T.);
#62710=COLOUR_RGB('',0.980392217636108,0.517647087574005,
0.168627455830574);
#62720=FILL_AREA_STYLE_COLOUR('',#62710);
#62730=FILL_AREA_STYLE('',(#62720));
#62740=SURFACE_STYLE_FILL_AREA(#62730);
#62750=SURFACE_SIDE_STYLE('',(#62740));
#62760=SURFACE_STYLE_USAGE(.BOTH.,#62750);
#62770=PRESENTATION_STYLE_ASSIGNMENT((#62760));
#62780=CARTESIAN_POINT('',(-6.98632346470602,-2.20000000846586,
100.274367308245));
#62790=DIRECTION('',(-0.702048523141905,0.0871557421084623,
-0.706775599304187));
#62800=DIRECTION('',(-0.709475367264074,-4.99054975932946E-10,
0.704730234377317));
#62810=AXIS2_PLACEMENT_3D('',#62780,#62790,#62800);
#62820=PLANE('',#62810);
#62830=ORIENTED_EDGE('',*,*,#57970,.T.);
#62840=CARTESIAN_POINT('',(-17.6556617859292,-0.0531051364183028,
111.137090122497));
#62850=DIRECTION('',(-0.0853052428417332,0.975043377055927,
0.204971774649794));
#62860=VECTOR('',#62850,1.);
#62870=LINE('',#62840,#62860);
#62880=CARTESIAN_POINT('',(-17.3803441565433,-3.20000000684829,
110.475555832463));
#62890=VERTEX_POINT('',#62880);
#62900=EDGE_CURVE('',#62890,#57880,#62870,.T.);
#62910=ORIENTED_EDGE('',*,*,#62900,.T.);
#62920=CARTESIAN_POINT('',(3.59207235812423,-3.19999999970908,
89.6434076183928));
#62930=DIRECTION('',(-0.709475367248195,-2.41512592995283E-10,
0.704730234393303));
#62940=VECTOR('',#62930,1.);
#62950=LINE('',#62920,#62940);
#62960=CARTESIAN_POINT('',(-15.5728641203578,-3.20000000623301,
108.680164636468));
#62970=VERTEX_POINT('',#62960);
#62980=EDGE_CURVE('',#62970,#62890,#62950,.T.);
#62990=ORIENTED_EDGE('',*,*,#62980,.T.);
#63000=CARTESIAN_POINT('',(-15.5739663702231,-0.0531051349557927,
109.069317559976));
#63010=DIRECTION('',(0.000347617773408115,-0.992440325600593,
-0.122727663074274));
#63020=VECTOR('',#63010,1.);
#63030=LINE('',#63000,#63020);
#63040=EDGE_CURVE('',#57960,#62970,#63030,.T.);
#63050=ORIENTED_EDGE('',*,*,#63040,.T.);
#63060=EDGE_LOOP('',(#63050,#62990,#62910,#62830));
#63070=FACE_OUTER_BOUND('',#63060,.T.);
#63080=ADVANCED_FACE('',(#63070),#62820,.T.);
#63090=COLOUR_RGB('',0.980392217636108,0.517647087574005,
0.168627455830574);
#63100=FILL_AREA_STYLE_COLOUR('',#63090);
#63110=FILL_AREA_STYLE('',(#63100));
#63120=SURFACE_STYLE_FILL_AREA(#63110);
#63130=SURFACE_SIDE_STYLE('',(#63120));
#63140=SURFACE_STYLE_USAGE(.BOTH.,#63130);
#63150=PRESENTATION_STYLE_ASSIGNMENT((#63140));
#63160=CARTESIAN_POINT('',(-13.6678328200033,-2.20000001438354,
74.5070987651841));
#63170=DIRECTION('',(-0.996194698171862,0.0871557418319252,
7.57780268423463E-13));
#63180=DIRECTION('',(0.0871557418319252,0.996194698171862,
5.43702596794175E-13));
#63190=AXIS2_PLACEMENT_3D('',#63160,#63170,#63180);
#63200=PLANE('',#63190);
#63210=CARTESIAN_POINT('',(-13.4800038581037,-0.0531051334870796,
111.172974542917));
#63220=DIRECTION('',(0.0852763274570103,0.974712893338793,
0.206549566774089));
#63230=VECTOR('',#63220,1.);
#63240=LINE('',#63210,#63230);
#63250=CARTESIAN_POINT('',(-13.7553214818057,-3.20000000558423,
110.506121996703));
#63260=VERTEX_POINT('',#63250);
#63270=EDGE_CURVE('',#63260,#58040,#63240,.T.);
#63280=ORIENTED_EDGE('',*,*,#63270,.T.);
#63290=CARTESIAN_POINT('',(-13.7553214818036,-3.20000000557268,
111.899836626157));
#63300=DIRECTION('',(1.48532411799129E-12,8.28277894290972E-12,1.));
#63310=VECTOR('',#63300,1.);
#63320=LINE('',#63290,#63310);
#63330=CARTESIAN_POINT('',(-13.7553214818082,-3.20000000559807,
108.834729642243));
#63340=VERTEX_POINT('',#63330);
#63350=EDGE_CURVE('',#63340,#63260,#63320,.T.);
#63360=ORIENTED_EDGE('',*,*,#63350,.T.);
#63370=CARTESIAN_POINT('',(-13.4800038581054,-0.0531051334856656,
108.720133493054));
#63380=DIRECTION('',(0.0870984488221183,0.995539836066568,
-0.0362532069937415));
#63390=VECTOR('',#63380,1.);
#63400=LINE('',#63370,#63390);
#63410=EDGE_CURVE('',#63340,#58120,#63400,.T.);
#63420=ORIENTED_EDGE('',*,*,#63410,.F.);
#63430=ORIENTED_EDGE('',*,*,#58130,.T.);
#63440=EDGE_LOOP('',(#63430,#63420,#63360,#63280));
#63450=FACE_OUTER_BOUND('',#63440,.T.);
#63460=ADVANCED_FACE('',(#63450),#63200,.T.);
#63470=COLOUR_RGB('',0.980392217636108,0.517647087574005,
0.168627455830574);
#63480=FILL_AREA_STYLE_COLOUR('',#63470);
#63490=FILL_AREA_STYLE('',(#63480));
#63500=SURFACE_STYLE_FILL_AREA(#63490);
#63510=SURFACE_SIDE_STYLE('',(#63500));
#63520=SURFACE_STYLE_USAGE(.BOTH.,#63510);
#63530=PRESENTATION_STYLE_ASSIGNMENT((#63520));
#63540=CARTESIAN_POINT('',(-17.4678328200033,-2.20000001787662,
74.5070987652277));
#63550=DIRECTION('',(0.996194698011629,0.0871557436633911,
7.58241184780621E-13));
#63560=DIRECTION('',(0.0871557436633911,-0.996194698011629,
-5.43662271831957E-13));
#63570=AXIS2_PLACEMENT_3D('',#63540,#63550,#63560);
#63580=PLANE('',#63570);
#63590=CARTESIAN_POINT('',(-17.6556617859275,-0.0531051364169173,
108.731966139219));
#63600=DIRECTION('',(-0.0870993961877861,0.995550643425467,
-0.0359529075161183));
#63610=VECTOR('',#63600,1.);
#63620=LINE('',#63590,#63610);
#63630=CARTESIAN_POINT('',(-17.3803441562971,-3.20000000686179,
108.845611809324));
#63640=VERTEX_POINT('',#63630);
#63650=EDGE_CURVE('',#63640,#57800,#63620,.T.);
#63660=ORIENTED_EDGE('',*,*,#63650,.T.);
#63670=CARTESIAN_POINT('',(-17.3803441565454,-3.20000000683649,
111.899840331183));
#63680=DIRECTION('',(1.48578681058576E-12,-8.28277894192983E-12,-1.));
#63690=VECTOR('',#63680,1.);
#63700=LINE('',#63670,#63690);
#63710=EDGE_CURVE('',#62890,#63640,#63700,.T.);
#63720=ORIENTED_EDGE('',*,*,#63710,.T.);
#63730=ORIENTED_EDGE('',*,*,#62900,.F.);
#63740=ORIENTED_EDGE('',*,*,#57890,.T.);
#63750=EDGE_LOOP('',(#63740,#63730,#63720,#63660));
#63760=FACE_OUTER_BOUND('',#63750,.T.);
#63770=ADVANCED_FACE('',(#63760),#63580,.T.);
#63780=COLOUR_RGB('',0.980392217636108,0.517647087574005,
0.168627455830574);
#63790=FILL_AREA_STYLE_COLOUR('',#63780);
#63800=FILL_AREA_STYLE('',(#63790));
#63810=SURFACE_STYLE_FILL_AREA(#63800);
#63820=SURFACE_SIDE_STYLE('',(#63810));
#63830=SURFACE_STYLE_USAGE(.BOTH.,#63820);
#63840=PRESENTATION_STYLE_ASSIGNMENT((#63830));
#63850=CARTESIAN_POINT('',(-49.7118900833102,-2.20000004751635,
74.5070987655975));
#63860=DIRECTION('',(0.706041003694833,0.087155743402787,
-0.702787291784293));
#63870=DIRECTION('',(-0.705471825076311,-4.95382314121918E-10,
-0.708737965699242));
#63880=AXIS2_PLACEMENT_3D('',#63850,#63860,#63870);
#63890=PLANE('',#63880);
#63900=ORIENTED_EDGE('',*,*,#63040,.F.);
#63910=CARTESIAN_POINT('',(-12.3680310458586,-3.20000000508902,
111.89983520825));
#63920=DIRECTION('',(-0.705471825091413,-2.51824217881299E-10,
-0.708737965684209));
#63930=VECTOR('',#63920,1.);
#63940=LINE('',#63910,#63930);
#63950=EDGE_CURVE('',#63260,#62970,#63940,.T.);
#63960=ORIENTED_EDGE('',*,*,#63950,.T.);
#63970=ORIENTED_EDGE('',*,*,#63270,.F.);
#63980=ORIENTED_EDGE('',*,*,#58050,.T.);
#63990=EDGE_LOOP('',(#63980,#63970,#63960,#63900));
#64000=FACE_OUTER_BOUND('',#63990,.T.);
#64010=ADVANCED_FACE('',(#64000),#63890,.T.);
#64020=COLOUR_RGB('',0.980392217636108,0.517647087574005,
0.168627455830574);
#64030=FILL_AREA_STYLE_COLOUR('',#64020);
#64040=FILL_AREA_STYLE('',(#64030));
#64050=SURFACE_STYLE_FILL_AREA(#64040);
#64060=SURFACE_SIDE_STYLE('',(#64050));
#64070=SURFACE_STYLE_USAGE(.BOTH.,#64060);
#64080=PRESENTATION_STYLE_ASSIGNMENT((#64070));
#64090=CARTESIAN_POINT('',(7.88217040297867,-7.89999999214569,
107.824814511324));
#64100=DIRECTION('',(-2.79019548137134E-11,1.,-4.16790291991449E-13));
#64110=DIRECTION('',(-0.999999999999478,-2.79019543877003E-11,
1.02209336917649E-6));
#64120=AXIS2_PLACEMENT_3D('',#64090,#64100,#64110);
#64130=CYLINDRICAL_SURFACE('',#64120,2.7);
#64140=CARTESIAN_POINT('',(7.88217040297867,-7.89999999214569,
107.824814511324));
#64150=DIRECTION('',(-2.79019548137134E-11,1.,-4.16790291991449E-13));
#64160=DIRECTION('',(-0.999999999999478,-2.79019543877003E-11,
1.02209336917649E-6));
#64170=AXIS2_PLACEMENT_3D('',#64140,#64150,#64160);
#64180=CIRCLE('',#64170,2.7);
#64190=CARTESIAN_POINT('',(9.16645278433424,-7.89999999210887,
110.199813198679));
#64200=VERTEX_POINT('',#64190);
#64210=CARTESIAN_POINT('',(10.5821704029773,-7.89999999207036,
107.824811751672));
#64220=VERTEX_POINT('',#64210);
#64230=EDGE_CURVE('',#64200,#64220,#64180,.T.);
#64240=ORIENTED_EDGE('',*,*,#64230,.F.);
#64250=CARTESIAN_POINT('',(10.5821704029773,-7.89999999207036,
107.824811751672));
#64260=DIRECTION('',(-2.79019548137134E-11,1.,-4.16790291991449E-13));
#64270=VECTOR('',#64260,1.);
#64280=LINE('',#64250,#64270);
#64290=EDGE_CURVE('',#64220,#31990,#64280,.T.);
#64300=ORIENTED_EDGE('',*,*,#64290,.F.);
#64310=ORIENTED_EDGE('',*,*,#32000,.T.);
#64320=ORIENTED_EDGE('',*,*,#32060,.T.);
#64330=CARTESIAN_POINT('',(5.18217040298008,-7.89999999222103,
107.824817270976));
#64340=DIRECTION('',(-2.79019548137134E-11,1.,-4.16790291991449E-13));
#64350=VECTOR('',#64340,1.);
#64360=LINE('',#64330,#64350);
#64370=CARTESIAN_POINT('',(5.18217040298008,-7.89999999222103,
107.824817270976));
#64380=VERTEX_POINT('',#64370);
#64390=EDGE_CURVE('',#64380,#32030,#64360,.T.);
#64400=ORIENTED_EDGE('',*,*,#64390,.T.);
#64410=EDGE_CURVE('',#64380,#64200,#64180,.T.);
#64420=ORIENTED_EDGE('',*,*,#64410,.F.);
#64430=EDGE_LOOP('',(#64420,#64400,#64320,#64310,#64300,#64240));
#64440=FACE_OUTER_BOUND('',#64430,.T.);
#64450=ADVANCED_FACE('',(#64440),#64130,.F.);
#64460=COLOUR_RGB('',0.,0.443137288093567,0.709803938865662);
#64470=FILL_AREA_STYLE_COLOUR('',#64460);
#64480=FILL_AREA_STYLE('',(#64470));
#64490=SURFACE_STYLE_FILL_AREA(#64480);
#64500=SURFACE_SIDE_STYLE('',(#64490));
#64510=SURFACE_STYLE_USAGE(.BOTH.,#64500);
#64520=PRESENTATION_STYLE_ASSIGNMENT((#64510));
#64530=CARTESIAN_POINT('',(9.03216719541548,-18.0780606854316,
105.106697699327));
#64540=DIRECTION('',(-1.,-6.95513259454266E-10,-1.8700163144598E-12));
#64550=DIRECTION('',(6.95513259454099E-10,-1.,8.92612073815824E-11));
#64560=AXIS2_PLACEMENT_3D('',#64530,#64540,#64550);
#64570=PLANE('',#64560);
#64580=CARTESIAN_POINT('',(9.03216719452317,-16.7999999994084,
106.920123456824));
#64590=DIRECTION('',(1.87001631407347E-12,5.76770608927815E-13,-1.));
#64600=VECTOR('',#64590,1.);
#64610=LINE('',#64580,#64600);
#64620=EDGE_CURVE('',#36810,#37500,#64610,.T.);
#64630=ORIENTED_EDGE('',*,*,#64620,.T.);
#64640=ORIENTED_EDGE('',*,*,#36820,.F.);
#64650=ORIENTED_EDGE('',*,*,#36030,.F.);
#64660=ORIENTED_EDGE('',*,*,#37570,.F.);
#64670=EDGE_LOOP('',(#64660,#64650,#64640,#64630));
#64680=FACE_OUTER_BOUND('',#64670,.T.);
#64690=ADVANCED_FACE('',(#64680),#64570,.T.);
#64700=COLOUR_RGB('',0.823529481887817,0.823529481887817,
0.784313797950745);
#64710=FILL_AREA_STYLE_COLOUR('',#64700);
#64720=FILL_AREA_STYLE('',(#64710));
#64730=SURFACE_STYLE_FILL_AREA(#64720);
#64740=SURFACE_SIDE_STYLE('',(#64730));
#64750=SURFACE_STYLE_USAGE(.BOTH.,#64740);
#64760=PRESENTATION_STYLE_ASSIGNMENT((#64750));
#64770=CARTESIAN_POINT('',(6.59789269895714,-7.89999999218061,
110.026049640133));
#64780=DIRECTION('',(-2.79019548137135E-11,1.,-4.16790291991449E-13));
#64790=DIRECTION('',(0.999999999999478,2.79019543877003E-11,
-1.02209336917649E-6));
#64800=AXIS2_PLACEMENT_3D('',#64770,#64780,#64790);
#64810=PLANE('',#64800);
#64820=EDGE_CURVE('',#64220,#64380,#64180,.T.);
#64830=ORIENTED_EDGE('',*,*,#64820,.T.);
#64840=ORIENTED_EDGE('',*,*,#64230,.T.);
#64850=ORIENTED_EDGE('',*,*,#64410,.T.);
#64860=EDGE_LOOP('',(#64850,#64840,#64830));
#64870=FACE_OUTER_BOUND('',#64860,.T.);
#64880=CARTESIAN_POINT('',(7.88217040262473,-7.89999999214569,
107.824814511324));
#64890=DIRECTION('',(-7.09075296250155E-10,1.,-2.07573643504986E-13));
#64900=DIRECTION('',(-0.999999999999478,-7.09075296037625E-10,
1.02209149916018E-6));
#64910=AXIS2_PLACEMENT_3D('',#64880,#64890,#64900);
#64920=CIRCLE('',#64910,2.1);
#64930=CARTESIAN_POINT('',(5.78217040262582,-7.89999999363475,
107.824816657716));
#64940=VERTEX_POINT('',#64930);
#64950=CARTESIAN_POINT('',(9.98217040262363,-7.89999999065663,
107.824812364932));
#64960=VERTEX_POINT('',#64950);
#64970=EDGE_CURVE('',#64940,#64960,#64920,.T.);
#64980=ORIENTED_EDGE('',*,*,#64970,.F.);
#64990=EDGE_CURVE('',#64960,#64940,#64920,.T.);
#65000=ORIENTED_EDGE('',*,*,#64990,.F.);
#65010=EDGE_LOOP('',(#65000,#64980));
#65020=FACE_BOUND('',#65010,.T.);
#65030=ADVANCED_FACE('',(#64870,#65020),#64810,.T.);
#65040=COLOUR_RGB('',0.,0.443137288093567,0.709803938865662);
#65050=FILL_AREA_STYLE_COLOUR('',#65040);
#65060=FILL_AREA_STYLE('',(#65050));
#65070=SURFACE_STYLE_FILL_AREA(#65060);
#65080=SURFACE_SIDE_STYLE('',(#65070));
#65090=SURFACE_STYLE_USAGE(.BOTH.,#65080);
#65100=PRESENTATION_STYLE_ASSIGNMENT((#65090));
#65110=CARTESIAN_POINT('',(16.0821670029574,-3.19999999522205,
105.64211299395));
#65120=DIRECTION('',(-3.48637443389179E-10,1.,-8.28277894251821E-12));
#65130=DIRECTION('',(-1.,-3.48637443389127E-10,6.18678185396702E-12));
#65140=AXIS2_PLACEMENT_3D('',#65110,#65120,#65130);
#65150=PLANE('',#65140);
#65160=ORIENTED_EDGE('',*,*,#63950,.F.);
#65170=ORIENTED_EDGE('',*,*,#62980,.F.);
#65180=ORIENTED_EDGE('',*,*,#63710,.F.);
#65190=CARTESIAN_POINT('',(-20.4196580959635,-3.20000000789612,
111.899843437573));
#65200=DIRECTION('',(0.705373590089922,2.40048549577326E-10,
-0.708835734429109));
#65210=VECTOR('',#65200,1.);
#65220=LINE('',#65190,#65210);
#65230=CARTESIAN_POINT('',(-16.3943984430166,-3.20000000652626,
107.854826835802));
#65240=VERTEX_POINT('',#65230);
#65250=EDGE_CURVE('',#63640,#65240,#65220,.T.);
#65260=ORIENTED_EDGE('',*,*,#65250,.F.);
#65270=CARTESIAN_POINT('',(-12.3680310458586,-3.20000000508902,
111.89983520825));
#65280=DIRECTION('',(-0.705471825091412,-2.51824217881299E-10,
-0.70873796568421));
#65290=VECTOR('',#65280,1.);
#65300=LINE('',#65270,#65290);
#65310=CARTESIAN_POINT('',(-17.380344156538,-3.2000000068782,
106.864316465573));
#65320=VERTEX_POINT('',#65310);
#65330=EDGE_CURVE('',#65240,#65320,#65300,.T.);
#65340=ORIENTED_EDGE('',*,*,#65330,.F.);
#65350=CARTESIAN_POINT('',(-17.3803441565454,-3.20000000683649,
111.899840331183));
#65360=DIRECTION('',(1.48578681058576E-12,-8.28277894192983E-12,-1.));
#65370=VECTOR('',#65360,1.);
#65380=LINE('',#65350,#65370);
#65390=CARTESIAN_POINT('',(-17.3803441565355,-3.2000000068917,
105.23459131729));
#65400=VERTEX_POINT('',#65390);
#65410=EDGE_CURVE('',#65320,#65400,#65380,.T.);
#65420=ORIENTED_EDGE('',*,*,#65410,.F.);
#65430=CARTESIAN_POINT('',(3.59210958156075,-3.1999999994074,
126.063077446149));
#65440=DIRECTION('',(0.709537936149641,2.53208112829409E-10,
0.704667238605931));
#65450=VECTOR('',#65440,1.);
#65460=LINE('',#65430,#65450);
#65470=CARTESIAN_POINT('',(-15.5730660642558,-3.20000000624675,
107.029463158896));
#65480=VERTEX_POINT('',#65470);
#65490=EDGE_CURVE('',#65400,#65480,#65460,.T.);
#65500=ORIENTED_EDGE('',*,*,#65490,.F.);
#65510=CARTESIAN_POINT('',(-20.4196580959635,-3.20000000789612,
111.899843437573));
#65520=DIRECTION('',(0.705373590089922,2.40048577438924E-10,
-0.708835734429109));
#65530=VECTOR('',#65520,1.);
#65540=LINE('',#65510,#65530);
#65550=CARTESIAN_POINT('',(-13.7553214834253,-3.20000000562816,
105.202796647617));
#65560=VERTEX_POINT('',#65550);
#65570=EDGE_CURVE('',#65480,#65560,#65540,.T.);
#65580=ORIENTED_EDGE('',*,*,#65570,.F.);
#65590=CARTESIAN_POINT('',(-13.7553214818036,-3.20000000557268,
111.899836626157));
#65600=DIRECTION('',(1.48578677924554E-12,8.28277894301612E-12,1.));
#65610=VECTOR('',#65600,1.);
#65620=LINE('',#65590,#65610);
#65630=CARTESIAN_POINT('',(-13.7553214818111,-3.20000000561431,
106.87477813668));
#65640=VERTEX_POINT('',#65630);
#65650=EDGE_CURVE('',#65560,#65640,#65620,.T.);
#65660=ORIENTED_EDGE('',*,*,#65650,.F.);
#65670=CARTESIAN_POINT('',(3.59207235812423,-3.19999999970909,
89.6434076183928));
#65680=DIRECTION('',(-0.709475367248196,-2.41512592995283E-10,
0.704730234393302));
#65690=VECTOR('',#65680,1.);
#65700=LINE('',#65670,#65690);
#65710=CARTESIAN_POINT('',(-14.7419832658445,-3.20000000595017,
107.854840901062));
#65720=VERTEX_POINT('',#65710);
#65730=EDGE_CURVE('',#65640,#65720,#65700,.T.);
#65740=ORIENTED_EDGE('',*,*,#65730,.F.);
#65750=CARTESIAN_POINT('',(3.59210958156075,-3.1999999994074,
126.063077446149));
#65760=DIRECTION('',(0.70953793614964,2.53208112829409E-10,
0.704667238605932));
#65770=VECTOR('',#65760,1.);
#65780=LINE('',#65750,#65770);
#65790=EDGE_CURVE('',#65720,#63340,#65780,.T.);
#65800=ORIENTED_EDGE('',*,*,#65790,.F.);
#65810=ORIENTED_EDGE('',*,*,#63350,.F.);
#65820=EDGE_LOOP('',(#65810,#65800,#65740,#65660,#65580,#65500,#65420,
#65340,#65260,#65180,#65170,#65160));
#65830=FACE_OUTER_BOUND('',#65820,.T.);
#65840=ADVANCED_FACE('',(#65830),#65150,.T.);
#65850=COLOUR_RGB('',0.980392217636108,0.517647087574005,
0.168627455830574);
#65860=FILL_AREA_STYLE_COLOUR('',#65850);
#65870=FILL_AREA_STYLE('',(#65860));
#65880=SURFACE_STYLE_FILL_AREA(#65870);
#65890=SURFACE_SIDE_STYLE('',(#65880));
#65900=SURFACE_STYLE_USAGE(.BOTH.,#65890);
#65910=PRESENTATION_STYLE_ASSIGNMENT((#65900));
#65920=CARTESIAN_POINT('',(30.6962970950222,-16.7999999943431,
110.139032921062));
#65930=DIRECTION('',(-2.33897991696576E-10,1.,5.76770608490422E-13));
#65940=DIRECTION('',(1.,2.33897991696575E-10,1.87002056427304E-12));
#65950=AXIS2_PLACEMENT_3D('',#65920,#65930,#65940);
#65960=PLANE('',#65950);
#65970=ORIENTED_EDGE('',*,*,#36360,.T.);
#65980=ORIENTED_EDGE('',*,*,#36880,.F.);
#65990=ORIENTED_EDGE('',*,*,#64620,.F.);
#66000=ORIENTED_EDGE('',*,*,#37510,.F.);
#66010=EDGE_LOOP('',(#66000,#65990,#65980,#65970));
#66020=FACE_OUTER_BOUND('',#66010,.T.);
#66030=ADVANCED_FACE('',(#66020),#65960,.T.);
#66040=COLOUR_RGB('',0.823529481887817,0.823529481887817,
0.784313797950745);
#66050=FILL_AREA_STYLE_COLOUR('',#66040);
#66060=FILL_AREA_STYLE('',(#66050));
#66070=SURFACE_STYLE_FILL_AREA(#66060);
#66080=SURFACE_SIDE_STYLE('',(#66070));
#66090=SURFACE_STYLE_USAGE(.BOTH.,#66080);
#66100=PRESENTATION_STYLE_ASSIGNMENT((#66090));
#66110=CARTESIAN_POINT('',(6.1821704092022,-11.1999999933348,
107.824816248879));
#66120=DIRECTION('',(-7.09075296250155E-10,1.,-2.07573643504986E-13));
#66130=DIRECTION('',(0.999999999999478,7.09075296037626E-10,
-1.02209149916018E-6));
#66140=AXIS2_PLACEMENT_3D('',#66110,#66120,#66130);
#66150=PLANE('',#66140);
#66160=ORIENTED_EDGE('',*,*,#36950,.T.);
#66170=ORIENTED_EDGE('',*,*,#36500,.F.);
#66180=ORIENTED_EDGE('',*,*,#37650,.T.);
#66190=ORIENTED_EDGE('',*,*,#37270,.F.);
#66200=EDGE_LOOP('',(#66190,#66180,#66170,#66160));
#66210=FACE_BOUND('',#66200,.T.);
#66220=CARTESIAN_POINT('',(7.88217040496468,-11.1999999921294,
107.824814511325));
#66230=DIRECTION('',(-7.09075296250155E-10,1.,-2.07573643504986E-13));
#66240=DIRECTION('',(-0.999999999999478,-7.09075296037626E-10,
1.02209149916018E-6));
#66250=AXIS2_PLACEMENT_3D('',#66220,#66230,#66240);
#66260=CIRCLE('',#66250,2.1);
#66270=CARTESIAN_POINT('',(9.98217040496358,-11.1999999906403,
107.824812364933));
#66280=VERTEX_POINT('',#66270);
#66290=CARTESIAN_POINT('',(5.78217040496577,-11.1999999936184,
107.824816657717));
#66300=VERTEX_POINT('',#66290);
#66310=EDGE_CURVE('',#66280,#66300,#66260,.T.);
#66320=ORIENTED_EDGE('',*,*,#66310,.T.);
#66330=EDGE_CURVE('',#66300,#66280,#66260,.T.);
#66340=ORIENTED_EDGE('',*,*,#66330,.T.);
#66350=EDGE_LOOP('',(#66340,#66320));
#66360=FACE_OUTER_BOUND('',#66350,.T.);
#66370=ADVANCED_FACE('',(#66210,#66360),#66150,.T.);
#66380=COLOUR_RGB('',0.,0.443137288093567,0.709803938865662);
#66390=FILL_AREA_STYLE_COLOUR('',#66380);
#66400=FILL_AREA_STYLE('',(#66390));
#66410=SURFACE_STYLE_FILL_AREA(#66400);
#66420=SURFACE_SIDE_STYLE('',(#66410));
#66430=SURFACE_STYLE_USAGE(.BOTH.,#66420);
#66440=PRESENTATION_STYLE_ASSIGNMENT((#66430));
#66450=CARTESIAN_POINT('',(7.88217040496468,-11.1999999921294,
107.824814511325));
#66460=DIRECTION('',(-7.09075296250155E-10,1.,-2.07573643504986E-13));
#66470=DIRECTION('',(-0.999999999999478,-7.09075296037626E-10,
1.02209149916018E-6));
#66480=AXIS2_PLACEMENT_3D('',#66450,#66460,#66470);
#66490=CYLINDRICAL_SURFACE('',#66480,2.1);
#66500=CARTESIAN_POINT('',(9.98217040496358,-11.1999999906403,
107.824812364933));
#66510=DIRECTION('',(-7.09075296250155E-10,1.,-2.07573643504986E-13));
#66520=VECTOR('',#66510,1.);
#66530=LINE('',#66500,#66520);
#66540=EDGE_CURVE('',#66280,#64960,#66530,.T.);
#66550=ORIENTED_EDGE('',*,*,#66540,.F.);
#66560=ORIENTED_EDGE('',*,*,#64970,.T.);
#66570=CARTESIAN_POINT('',(5.78217040496577,-11.1999999936184,
107.824816657717));
#66580=DIRECTION('',(-7.09075296250155E-10,1.,-2.07573643504986E-13));
#66590=VECTOR('',#66580,1.);
#66600=LINE('',#66570,#66590);
#66610=EDGE_CURVE('',#66300,#64940,#66600,.T.);
#66620=ORIENTED_EDGE('',*,*,#66610,.T.);
#66630=ORIENTED_EDGE('',*,*,#66330,.F.);
#66640=EDGE_LOOP('',(#66630,#66620,#66560,#66550));
#66650=FACE_OUTER_BOUND('',#66640,.T.);
#66660=ADVANCED_FACE('',(#66650),#66490,.F.);
#66670=COLOUR_RGB('',0.,0.443137288093567,0.709803938865662);
#66680=FILL_AREA_STYLE_COLOUR('',#66670);
#66690=FILL_AREA_STYLE('',(#66680));
#66700=SURFACE_STYLE_FILL_AREA(#66690);
#66710=SURFACE_SIDE_STYLE('',(#66700));
#66720=SURFACE_STYLE_USAGE(.BOTH.,#66710);
#66730=PRESENTATION_STYLE_ASSIGNMENT((#66720));
#66740=CARTESIAN_POINT('',(-6.98632346453217,-2.20000000859775,
115.433957449142));
#66750=DIRECTION('',(-0.701985767074,0.0871557420962217,
0.706837930112118));
#66760=DIRECTION('',(0.709537936164746,4.98242489411299E-10,
0.704667238590721));
#66770=AXIS2_PLACEMENT_3D('',#66740,#66750,#66760);
#66780=PLANE('',#66770);
#66790=ORIENTED_EDGE('',*,*,#58190,.T.);
#66800=ORIENTED_EDGE('',*,*,#63410,.T.);
#66810=ORIENTED_EDGE('',*,*,#65790,.T.);
#66820=CARTESIAN_POINT('',(-14.3512948621433,-0.0531051340967892,
107.854823557487));
#66830=DIRECTION('',(-0.123204580541695,-0.99238129330597,
5.4695450449325E-6));
#66840=VECTOR('',#66830,1.);
#66850=LINE('',#66820,#66840);
#66860=EDGE_CURVE('',#57300,#65720,#66850,.T.);
#66870=ORIENTED_EDGE('',*,*,#66860,.T.);
#66880=EDGE_LOOP('',(#66870,#66810,#66800,#66790));
#66890=FACE_OUTER_BOUND('',#66880,.T.);
#66900=ADVANCED_FACE('',(#66890),#66780,.T.);
#66910=COLOUR_RGB('',0.980392217636108,0.517647087574005,
0.168627455830574);
#66920=FILL_AREA_STYLE_COLOUR('',#66910);
#66930=FILL_AREA_STYLE('',(#66920));
#66940=SURFACE_STYLE_FILL_AREA(#66930);
#66950=SURFACE_SIDE_STYLE('',(#66940));
#66960=SURFACE_STYLE_USAGE(.BOTH.,#66950);
#66970=PRESENTATION_STYLE_ASSIGNMENT((#66960));
#66980=CARTESIAN_POINT('',(-6.98632346470602,-2.20000000846586,
100.274367308245));
#66990=DIRECTION('',(-0.702048523141905,0.0871557421084623,
-0.706775599304188));
#67000=DIRECTION('',(-0.709475367264075,-4.99054968994053E-10,
0.704730234377316));
#67010=AXIS2_PLACEMENT_3D('',#66980,#66990,#67000);
#67020=PLANE('',#67010);
#67030=ORIENTED_EDGE('',*,*,#66860,.F.);
#67040=ORIENTED_EDGE('',*,*,#65730,.T.);
#67050=CARTESIAN_POINT('',(-13.4800038581067,-0.0531051334846637,
106.989359946181));
#67060=DIRECTION('',(0.087098463145567,0.995539999783707,
0.0362486765046144));
#67070=VECTOR('',#67060,1.);
#67080=LINE('',#67050,#67070);
#67090=EDGE_CURVE('',#65640,#57320,#67080,.T.);
#67100=ORIENTED_EDGE('',*,*,#67090,.F.);
#67110=ORIENTED_EDGE('',*,*,#57330,.T.);
#67120=EDGE_LOOP('',(#67110,#67100,#67040,#67030));
#67130=FACE_OUTER_BOUND('',#67120,.T.);
#67140=ADVANCED_FACE('',(#67130),#67020,.T.);
#67150=COLOUR_RGB('',0.980392217636108,0.517647087574005,
0.168627455830574);
#67160=FILL_AREA_STYLE_COLOUR('',#67150);
#67170=FILL_AREA_STYLE('',(#67160));
#67180=SURFACE_STYLE_FILL_AREA(#67170);
#67190=SURFACE_SIDE_STYLE('',(#67180));
#67200=SURFACE_STYLE_USAGE(.BOTH.,#67190);
#67210=PRESENTATION_STYLE_ASSIGNMENT((#67200));
#67220=CARTESIAN_POINT('',(-13.6678328200033,-2.20000001438354,
74.5070987651841));
#67230=DIRECTION('',(-0.996194698171862,0.0871557418319252,
7.5824116911196E-13));
#67240=DIRECTION('',(0.0871557418319252,0.996194698171862,
5.43662273208386E-13));
#67250=AXIS2_PLACEMENT_3D('',#67220,#67230,#67240);
#67260=PLANE('',#67250);
#67270=ORIENTED_EDGE('',*,*,#67090,.T.);
#67280=ORIENTED_EDGE('',*,*,#65650,.T.);
#67290=CARTESIAN_POINT('',(-13.4800038581084,-0.0531051334832497,
104.535813071246));
#67300=DIRECTION('',(-0.0852756125359211,-0.974704721756858,
0.206588420032464));
#67310=VECTOR('',#67300,1.);
#67320=LINE('',#67290,#67310);
#67330=EDGE_CURVE('',#57400,#65560,#67320,.T.);
#67340=ORIENTED_EDGE('',*,*,#67330,.T.);
#67350=ORIENTED_EDGE('',*,*,#57410,.T.);
#67360=EDGE_LOOP('',(#67350,#67340,#67280,#67270));
#67370=FACE_OUTER_BOUND('',#67360,.T.);
#67380=ADVANCED_FACE('',(#67370),#67260,.T.);
#67390=COLOUR_RGB('',0.980392217636108,0.517647087574005,
0.168627455830574);
#67400=FILL_AREA_STYLE_COLOUR('',#67390);
#67410=FILL_AREA_STYLE('',(#67400));
#67420=SURFACE_STYLE_FILL_AREA(#67410);
#67430=SURFACE_SIDE_STYLE('',(#67420));
#67440=SURFACE_STYLE_USAGE(.BOTH.,#67430);
#67450=PRESENTATION_STYLE_ASSIGNMENT((#67440));
#67460=CARTESIAN_POINT('',(16.6670244897478,-2.19999998649881,
74.5070987648362));
#67470=DIRECTION('',(0.706138400401614,0.0871557433906492,
0.70268943059667));
#67480=DIRECTION('',(0.705373590074039,4.96174708386162E-10,
-0.708835734444915));
#67490=AXIS2_PLACEMENT_3D('',#67460,#67470,#67480);
#67500=PLANE('',#67490);
#67510=ORIENTED_EDGE('',*,*,#57490,.T.);
#67520=ORIENTED_EDGE('',*,*,#67330,.F.);
#67530=ORIENTED_EDGE('',*,*,#65570,.T.);
#67540=CARTESIAN_POINT('',(-15.5742125849771,-0.0531051349545564,
106.640300681613));
#67550=DIRECTION('',(0.000361579792300809,-0.992439953701559,
0.122730630068049));
#67560=VECTOR('',#67550,1.);
#67570=LINE('',#67540,#67560);
#67580=EDGE_CURVE('',#57480,#65480,#67570,.T.);
#67590=ORIENTED_EDGE('',*,*,#67580,.T.);
#67600=EDGE_LOOP('',(#67590,#67530,#67520,#67510));
#67610=FACE_OUTER_BOUND('',#67600,.T.);
#67620=ADVANCED_FACE('',(#67610),#67500,.T.);
#67630=COLOUR_RGB('',0.980392217636108,0.517647087574005,
0.168627455830574);
#67640=FILL_AREA_STYLE_COLOUR('',#67630);
#67650=FILL_AREA_STYLE('',(#67640));
#67660=SURFACE_STYLE_FILL_AREA(#67650);
#67670=SURFACE_SIDE_STYLE('',(#67660));
#67680=SURFACE_STYLE_USAGE(.BOTH.,#67670);
#67690=PRESENTATION_STYLE_ASSIGNMENT((#67680));
#67700=CARTESIAN_POINT('',(-6.98632346453217,-2.20000000859775,
115.433957449142));
#67710=DIRECTION('',(-0.701985767073999,0.0871557420962218,
0.70683793011212));
#67720=DIRECTION('',(0.709537936164748,4.982424894113E-10,
0.70466723859072));
#67730=AXIS2_PLACEMENT_3D('',#67700,#67710,#67720);
#67740=PLANE('',#67730);
#67750=ORIENTED_EDGE('',*,*,#67580,.F.);
#67760=ORIENTED_EDGE('',*,*,#65490,.T.);
#67770=CARTESIAN_POINT('',(-17.6556617859245,-0.0531051364145085,
104.573139806992));
#67780=DIRECTION('',(-0.0853056912891009,0.975048502836307,
-0.204947203324087));
#67790=VECTOR('',#67780,1.);
#67800=LINE('',#67770,#67790);
#67810=EDGE_CURVE('',#65400,#57560,#67800,.T.);
#67820=ORIENTED_EDGE('',*,*,#67810,.F.);
#67830=ORIENTED_EDGE('',*,*,#57570,.T.);
#67840=EDGE_LOOP('',(#67830,#67820,#67760,#67750));
#67850=FACE_OUTER_BOUND('',#67840,.T.);
#67860=ADVANCED_FACE('',(#67850),#67740,.T.);
#67870=COLOUR_RGB('',0.980392217636108,0.517647087574005,
0.168627455830574);
#67880=FILL_AREA_STYLE_COLOUR('',#67870);
#67890=FILL_AREA_STYLE('',(#67880));
#67900=SURFACE_STYLE_FILL_AREA(#67890);
#67910=SURFACE_SIDE_STYLE('',(#67900));
#67920=SURFACE_STYLE_USAGE(.BOTH.,#67910);
#67930=PRESENTATION_STYLE_ASSIGNMENT((#67920));
#67940=CARTESIAN_POINT('',(-17.4678328200033,-2.20000001787662,
74.5070987652277));
#67950=DIRECTION('',(0.996194698011629,0.0871557436633911,
7.58241184780621E-13));
#67960=DIRECTION('',(0.0871557436633911,-0.996194698011629,
-5.43662271831957E-13));
#67970=AXIS2_PLACEMENT_3D('',#67940,#67950,#67960);
#67980=PLANE('',#67970);
#67990=ORIENTED_EDGE('',*,*,#67810,.T.);
#68000=ORIENTED_EDGE('',*,*,#65410,.T.);
#68010=CARTESIAN_POINT('',(-17.6556617859262,-0.0531051364158941,
106.977984466736));
#68020=DIRECTION('',(-0.0870993740634871,0.995550390542949,
0.035959962841056));
#68030=VECTOR('',#68020,1.);
#68040=LINE('',#68010,#68030);
#68050=EDGE_CURVE('',#65320,#57640,#68040,.T.);
#68060=ORIENTED_EDGE('',*,*,#68050,.F.);
#68070=ORIENTED_EDGE('',*,*,#57650,.T.);
#68080=EDGE_LOOP('',(#68070,#68060,#68000,#67990));
#68090=FACE_OUTER_BOUND('',#68080,.T.);
#68100=ADVANCED_FACE('',(#68090),#67980,.T.);
#68110=COLOUR_RGB('',0.980392217636108,0.517647087574005,
0.168627455830574);
#68120=FILL_AREA_STYLE_COLOUR('',#68110);
#68130=FILL_AREA_STYLE('',(#68120));
#68140=SURFACE_STYLE_FILL_AREA(#68130);
#68150=SURFACE_SIDE_STYLE('',(#68140));
#68160=SURFACE_STYLE_USAGE(.BOTH.,#68150);
#68170=PRESENTATION_STYLE_ASSIGNMENT((#68160));
#68180=CARTESIAN_POINT('',(-49.7118900833101,-2.20000004751635,
74.5070987655975));
#68190=DIRECTION('',(0.706041003694833,0.0871557434027871,
-0.702787291784292));
#68200=DIRECTION('',(-0.70547182507631,-4.95382314121918E-10,
-0.708737965699243));
#68210=AXIS2_PLACEMENT_3D('',#68180,#68190,#68200);
#68220=PLANE('',#68210);
#68230=ORIENTED_EDGE('',*,*,#57730,.T.);
#68240=ORIENTED_EDGE('',*,*,#68050,.T.);
#68250=ORIENTED_EDGE('',*,*,#65330,.T.);
#68260=CARTESIAN_POINT('',(-16.7828334537039,-0.0531051358036905,
107.854853754204));
#68270=DIRECTION('',(0.122504662302289,-0.992467937840882,
-8.48933499218897E-6));
#68280=VECTOR('',#68270,1.);
#68290=LINE('',#68260,#68280);
#68300=EDGE_CURVE('',#57720,#65240,#68290,.T.);
#68310=ORIENTED_EDGE('',*,*,#68300,.T.);
#68320=EDGE_LOOP('',(#68310,#68250,#68240,#68230));
#68330=FACE_OUTER_BOUND('',#68320,.T.);
#68340=ADVANCED_FACE('',(#68330),#68220,.T.);
#68350=COLOUR_RGB('',0.980392217636108,0.517647087574005,
0.168627455830574);
#68360=FILL_AREA_STYLE_COLOUR('',#68350);
#68370=FILL_AREA_STYLE('',(#68360));
#68380=SURFACE_STYLE_FILL_AREA(#68370);
#68390=SURFACE_SIDE_STYLE('',(#68380));
#68400=SURFACE_STYLE_USAGE(.BOTH.,#68390);
#68410=PRESENTATION_STYLE_ASSIGNMENT((#68400));
#68420=CARTESIAN_POINT('',(16.6670244897478,-2.19999998649881,
74.5070987648362));
#68430=DIRECTION('',(0.706138400401614,0.0871557433906492,
0.70268943059667));
#68440=DIRECTION('',(0.705373590074039,4.96174701447268E-10,
-0.708835734444915));
#68450=AXIS2_PLACEMENT_3D('',#68420,#68430,#68440);
#68460=PLANE('',#68450);
#68470=ORIENTED_EDGE('',*,*,#68300,.F.);
#68480=ORIENTED_EDGE('',*,*,#65250,.T.);
#68490=ORIENTED_EDGE('',*,*,#63650,.F.);
#68500=ORIENTED_EDGE('',*,*,#57810,.T.);
#68510=EDGE_LOOP('',(#68500,#68490,#68480,#68470));
#68520=FACE_OUTER_BOUND('',#68510,.T.);
#68530=ADVANCED_FACE('',(#68520),#68460,.T.);
#68540=COLOUR_RGB('',0.980392217636108,0.517647087574005,
0.168627455830574);
#68550=FILL_AREA_STYLE_COLOUR('',#68540);
#68560=FILL_AREA_STYLE('',(#68550));
#68570=SURFACE_STYLE_FILL_AREA(#68560);
#68580=SURFACE_SIDE_STYLE('',(#68570));
#68590=SURFACE_STYLE_USAGE(.BOTH.,#68580);
#68600=PRESENTATION_STYLE_ASSIGNMENT((#68590));
#68610=CARTESIAN_POINT('',(14.4321670026515,-2.19999999550325,
141.142572016162));
#68620=DIRECTION('',(0.99619469806136,0.087155743094969,
4.5039667673659E-12));
#68630=DIRECTION('',(-0.087155743094969,0.99619469806136,
-5.8538980792849E-13));
#68640=AXIS2_PLACEMENT_3D('',#68610,#68620,#68630);
#68650=PLANE('',#68640);
#68660=CARTESIAN_POINT('',(14.2443380382033,-0.0531051148289734,
108.660310835165));
#68670=DIRECTION('',(-0.0870984644075905,0.995539999673293,
-0.0362486765046561));
#68680=VECTOR('',#68670,1.);
#68690=LINE('',#68660,#68680);
#68700=EDGE_CURVE('',#62030,#51690,#68690,.T.);
#68710=ORIENTED_EDGE('',*,*,#68700,.T.);
#68720=ORIENTED_EDGE('',*,*,#62040,.T.);
#68730=CARTESIAN_POINT('',(14.2443380381922,-0.0531051148285755,
111.1138577101));
#68740=DIRECTION('',(0.0852756137728021,-0.974704721648654,
-0.206588420032423));
#68750=VECTOR('',#68740,1.);
#68760=LINE('',#68730,#68750);
#68770=EDGE_CURVE('',#51710,#61950,#68760,.T.);
#68780=ORIENTED_EDGE('',*,*,#68770,.T.);
#68790=ORIENTED_EDGE('',*,*,#51720,.T.);
#68800=EDGE_LOOP('',(#68790,#68780,#68720,#68710));
#68810=FACE_OUTER_BOUND('',#68800,.T.);
#68820=ADVANCED_FACE('',(#68810),#68650,.T.);
#68830=COLOUR_RGB('',0.980392217636108,0.517647087574005,
0.168627455830574);
#68840=FILL_AREA_STYLE_COLOUR('',#68830);
#68850=FILL_AREA_STYLE('',(#68840));
#68860=SURFACE_STYLE_FILL_AREA(#68850);
#68870=SURFACE_SIDE_STYLE('',(#68860));
#68880=SURFACE_STYLE_USAGE(.BOTH.,#68870);
#68890=PRESENTATION_STYLE_ASSIGNMENT((#68880));
#68900=CARTESIAN_POINT('',(7.75065764748945,-2.1999999980461,
115.375303473066));
#68910=DIRECTION('',(0.702048523027695,0.0871557429982727,
0.706775599307907));
#68920=DIRECTION('',(0.709475367267772,4.00760338719407E-10,
-0.704730234373594));
#68930=AXIS2_PLACEMENT_3D('',#68900,#68910,#68920);
#68940=PLANE('',#68930);
#68950=CARTESIAN_POINT('',(15.1156290422445,-0.0531051143360557,
107.794847223863));
#68960=DIRECTION('',(0.123204581799903,-0.992381293149763,
-5.4695448125088E-6));
#68970=VECTOR('',#68960,1.);
#68980=LINE('',#68950,#68970);
#68990=EDGE_CURVE('',#52510,#62110,#68980,.T.);
#69000=ORIENTED_EDGE('',*,*,#68990,.F.);
#69010=ORIENTED_EDGE('',*,*,#62120,.T.);
#69020=ORIENTED_EDGE('',*,*,#68700,.F.);
#69030=ORIENTED_EDGE('',*,*,#52580,.T.);
#69040=EDGE_LOOP('',(#69030,#69020,#69010,#69000));
#69050=FACE_OUTER_BOUND('',#69040,.T.);
#69060=ADVANCED_FACE('',(#69050),#68940,.T.);
#69070=COLOUR_RGB('',0.980392217636108,0.517647087574005,
0.168627455830574);
#69080=FILL_AREA_STYLE_COLOUR('',#69070);
#69090=FILL_AREA_STYLE('',(#69080));
#69100=SURFACE_STYLE_FILL_AREA(#69090);
#69110=SURFACE_SIDE_STYLE('',(#69100));
#69120=SURFACE_STYLE_USAGE(.BOTH.,#69110);
#69130=PRESENTATION_STYLE_ASSIGNMENT((#69120));
#69140=CARTESIAN_POINT('',(7.75065764739512,-2.19999999817167,
100.215713332169));
#69150=DIRECTION('',(0.701985766967206,0.0871557429865421,
-0.7068379301084));
#69160=DIRECTION('',(-0.70953793616105,-4.0106434004431E-10,
-0.704667238594443));
#69170=AXIS2_PLACEMENT_3D('',#69140,#69150,#69160);
#69180=PLANE('',#69170);
#69190=ORIENTED_EDGE('',*,*,#52520,.T.);
#69200=CARTESIAN_POINT('',(14.2443380382112,-0.0531051148292434,
106.929537288292));
#69210=DIRECTION('',(-0.0870984500845219,0.995539835956124,
0.0362532069936998));
#69220=VECTOR('',#69210,1.);
#69230=LINE('',#69200,#69220);
#69240=EDGE_CURVE('',#62190,#52430,#69230,.T.);
#69250=ORIENTED_EDGE('',*,*,#69240,.T.);
#69260=ORIENTED_EDGE('',*,*,#62200,.T.);
#69270=ORIENTED_EDGE('',*,*,#68990,.T.);
#69280=EDGE_LOOP('',(#69270,#69260,#69250,#69190));
#69290=FACE_OUTER_BOUND('',#69280,.T.);
#69300=ADVANCED_FACE('',(#69290),#69180,.T.);
#69310=COLOUR_RGB('',0.980392217636108,0.517647087574005,
0.168627455830574);
#69320=FILL_AREA_STYLE_COLOUR('',#69310);
#69330=FILL_AREA_STYLE('',(#69320));
#69340=SURFACE_STYLE_FILL_AREA(#69330);
#69350=SURFACE_SIDE_STYLE('',(#69340));
#69360=SURFACE_STYLE_USAGE(.BOTH.,#69350);
#69370=PRESENTATION_STYLE_ASSIGNMENT((#69360));
#69380=CARTESIAN_POINT('',(14.4321670026515,-2.19999999550325,
141.142572016162));
#69390=DIRECTION('',(0.99619469806136,0.087155743094969,
4.50442766826535E-12));
#69400=DIRECTION('',(-0.087155743094969,0.99619469806136,
-5.85430131514279E-13));
#69410=AXIS2_PLACEMENT_3D('',#69380,#69390,#69400);
#69420=PLANE('',#69410);
#69430=CARTESIAN_POINT('',(14.2443380382223,-0.0531051148296342,
104.476696238429));
#69440=DIRECTION('',(-0.0852763286917344,0.97471289323076,
-0.20654956677413));
#69450=VECTOR('',#69440,1.);
#69460=LINE('',#69430,#69450);
#69470=EDGE_CURVE('',#62270,#52350,#69460,.T.);
#69480=ORIENTED_EDGE('',*,*,#69470,.T.);
#69490=ORIENTED_EDGE('',*,*,#62280,.T.);
#69500=ORIENTED_EDGE('',*,*,#69240,.F.);
#69510=ORIENTED_EDGE('',*,*,#52440,.T.);
#69520=EDGE_LOOP('',(#69510,#69500,#69490,#69480));
#69530=FACE_OUTER_BOUND('',#69520,.T.);
#69540=ADVANCED_FACE('',(#69530),#69420,.T.);
#69550=COLOUR_RGB('',0.980392217636108,0.517647087574005,
0.168627455830574);
#69560=FILL_AREA_STYLE_COLOUR('',#69550);
#69570=FILL_AREA_STYLE('',(#69560));
#69580=SURFACE_STYLE_FILL_AREA(#69570);
#69590=SURFACE_SIDE_STYLE('',(#69580));
#69600=SURFACE_STYLE_USAGE(.BOTH.,#69590);
#69610=PRESENTATION_STYLE_ASSIGNMENT((#69600));
#69620=CARTESIAN_POINT('',(50.4762242659584,-2.19999998293694,
141.142572015938));
#69630=DIRECTION('',(-0.706041003809021,0.0871557425073269,
0.702787291780625));
#69640=DIRECTION('',(0.705471825072593,3.98767523869535E-10,
0.708737965702942));
#69650=AXIS2_PLACEMENT_3D('',#69620,#69630,#69640);
#69660=PLANE('',#69650);
#69670=CARTESIAN_POINT('',(16.3383005503307,-0.0531051136443566,
106.580353221381));
#69680=DIRECTION('',(-0.000347616515768206,-0.992440325601085,
0.122727663073859));
#69690=VECTOR('',#69680,1.);
#69700=LINE('',#69670,#69690);
#69710=EDGE_CURVE('',#52270,#62350,#69700,.T.);
#69720=ORIENTED_EDGE('',*,*,#69710,.F.);
#69730=ORIENTED_EDGE('',*,*,#62360,.T.);
#69740=ORIENTED_EDGE('',*,*,#69470,.F.);
#69750=ORIENTED_EDGE('',*,*,#52360,.T.);
#69760=EDGE_LOOP('',(#69750,#69740,#69730,#69720));
#69770=FACE_OUTER_BOUND('',#69760,.T.);
#69780=ADVANCED_FACE('',(#69770),#69660,.T.);
#69790=COLOUR_RGB('',0.980392217636108,0.517647087574005,
0.168627455830574);
#69800=FILL_AREA_STYLE_COLOUR('',#69790);
#69810=FILL_AREA_STYLE('',(#69800));
#69820=SURFACE_STYLE_FILL_AREA(#69810);
#69830=SURFACE_SIDE_STYLE('',(#69820));
#69840=SURFACE_STYLE_USAGE(.BOTH.,#69830);
#69850=PRESENTATION_STYLE_ASSIGNMENT((#69840));
#69860=CARTESIAN_POINT('',(7.75065764748945,-2.1999999980461,
115.375303473066));
#69870=DIRECTION('',(0.702048523027695,0.0871557429982727,
0.706775599307907));
#69880=DIRECTION('',(0.709475367267771,4.00760331780513E-10,
-0.704730234373595));
#69890=AXIS2_PLACEMENT_3D('',#69860,#69870,#69880);
#69900=PLANE('',#69890);
#69910=ORIENTED_EDGE('',*,*,#52280,.T.);
#69920=CARTESIAN_POINT('',(18.4199959660476,-0.0531051124666959,
104.512580658871));
#69930=DIRECTION('',(0.0853052416065817,0.975043377164169,
-0.20497177464894));
#69940=VECTOR('',#69930,1.);
#69950=LINE('',#69920,#69940);
#69960=EDGE_CURVE('',#62430,#52190,#69950,.T.);
#69970=ORIENTED_EDGE('',*,*,#69960,.T.);
#69980=ORIENTED_EDGE('',*,*,#62440,.T.);
#69990=ORIENTED_EDGE('',*,*,#69710,.T.);
#70000=EDGE_LOOP('',(#69990,#69980,#69970,#69910));
#70010=FACE_OUTER_BOUND('',#70000,.T.);
#70020=ADVANCED_FACE('',(#70010),#69900,.T.);
#70030=COLOUR_RGB('',0.980392217636108,0.517647087574005,
0.168627455830574);
#70040=FILL_AREA_STYLE_COLOUR('',#70030);
#70050=FILL_AREA_STYLE('',(#70040));
#70060=SURFACE_STYLE_FILL_AREA(#70050);
#70070=SURFACE_SIDE_STYLE('',(#70060));
#70080=SURFACE_STYLE_USAGE(.BOTH.,#70070);
#70090=PRESENTATION_STYLE_ASSIGNMENT((#70080));
#70100=CARTESIAN_POINT('',(18.2321670026515,-2.19999999417843,
141.142572016138));
#70110=DIRECTION('',(-0.996194698122131,0.0871557424003474,
-5.94775026894577E-12));
#70120=DIRECTION('',(-0.0871557424003474,-0.996194698122131,
-3.29016947172816E-13));
#70130=AXIS2_PLACEMENT_3D('',#70100,#70110,#70120);
#70140=PLANE('',#70130);
#70150=CARTESIAN_POINT('',(18.4199959660333,-0.0531051124663051,
106.917704642149));
#70160=DIRECTION('',(0.0870993949253703,0.995550643535882,
0.0359529075169904));
#70170=VECTOR('',#70160,1.);
#70180=LINE('',#70150,#70170);
#70190=EDGE_CURVE('',#62510,#52110,#70180,.T.);
#70200=ORIENTED_EDGE('',*,*,#70190,.T.);
#70210=ORIENTED_EDGE('',*,*,#62520,.T.);
#70220=ORIENTED_EDGE('',*,*,#69960,.F.);
#70230=ORIENTED_EDGE('',*,*,#52200,.T.);
#70240=EDGE_LOOP('',(#70230,#70220,#70210,#70200));
#70250=FACE_OUTER_BOUND('',#70240,.T.);
#70260=ADVANCED_FACE('',(#70250),#70140,.T.);
#70270=COLOUR_RGB('',0.980392217636108,0.517647087574005,
0.168627455830574);
#70280=FILL_AREA_STYLE_COLOUR('',#70270);
#70290=FILL_AREA_STYLE('',(#70280));
#70300=SURFACE_STYLE_FILL_AREA(#70290);
#70310=SURFACE_SIDE_STYLE('',(#70300));
#70320=SURFACE_STYLE_USAGE(.BOTH.,#70310);
#70330=PRESENTATION_STYLE_ASSIGNMENT((#70320));
#70340=CARTESIAN_POINT('',(-15.9026903070995,-2.20000000607912,
141.142572016351));
#70350=DIRECTION('',(-0.70613840050843,0.0871557424956517,
-0.702689430600338));
#70360=DIRECTION('',(-0.705373590077757,-3.9844180488023E-10,
0.708835734441215));
#70370=AXIS2_PLACEMENT_3D('',#70340,#70350,#70360);
#70380=PLANE('',#70370);
#70390=CARTESIAN_POINT('',(17.5471676338052,-0.0531051129600897,
107.794817027159));
#70400=DIRECTION('',(-0.122504661043971,-0.992467937996202,
8.48933393562997E-6));
#70410=VECTOR('',#70400,1.);
#70420=LINE('',#70390,#70410);
#70430=EDGE_CURVE('',#52030,#62590,#70420,.T.);
#70440=ORIENTED_EDGE('',*,*,#70430,.F.);
#70450=ORIENTED_EDGE('',*,*,#62600,.T.);
#70460=ORIENTED_EDGE('',*,*,#70190,.F.);
#70470=ORIENTED_EDGE('',*,*,#52120,.T.);
#70480=EDGE_LOOP('',(#70470,#70460,#70450,#70440));
#70490=FACE_OUTER_BOUND('',#70480,.T.);
#70500=ADVANCED_FACE('',(#70490),#70380,.T.);
#70510=COLOUR_RGB('',0.980392217636108,0.517647087574005,
0.168627455830574);
#70520=FILL_AREA_STYLE_COLOUR('',#70510);
#70530=FILL_AREA_STYLE('',(#70520));
#70540=SURFACE_STYLE_FILL_AREA(#70530);
#70550=SURFACE_SIDE_STYLE('',(#70540));
#70560=SURFACE_STYLE_USAGE(.BOTH.,#70550);
#70570=PRESENTATION_STYLE_ASSIGNMENT((#70560));
#70580=CARTESIAN_POINT('',(50.4762242659584,-2.19999998293694,
141.142572015938));
#70590=DIRECTION('',(-0.706041003809022,0.0871557425073269,
0.702787291780625));
#70600=DIRECTION('',(0.705471825072592,3.98767523869535E-10,
0.708737965702943));
#70610=AXIS2_PLACEMENT_3D('',#70580,#70590,#70600);
#70620=PLANE('',#70610);
#70630=ORIENTED_EDGE('',*,*,#52040,.T.);
#70640=CARTESIAN_POINT('',(18.4199959660228,-0.0531051124660209,
108.671686314632));
#70650=DIRECTION('',(0.0870993728014489,0.995550390653395,
-0.0359599628401839));
#70660=VECTOR('',#70650,1.);
#70670=LINE('',#70640,#70660);
#70680=EDGE_CURVE('',#61770,#51950,#70670,.T.);
#70690=ORIENTED_EDGE('',*,*,#70680,.T.);
#70700=ORIENTED_EDGE('',*,*,#62660,.T.);
#70710=ORIENTED_EDGE('',*,*,#70430,.T.);
#70720=EDGE_LOOP('',(#70710,#70700,#70690,#70630));
#70730=FACE_OUTER_BOUND('',#70720,.T.);
#70740=ADVANCED_FACE('',(#70730),#70620,.T.);
#70750=COLOUR_RGB('',0.980392217636108,0.517647087574005,
0.168627455830574);
#70760=FILL_AREA_STYLE_COLOUR('',#70750);
#70770=FILL_AREA_STYLE('',(#70760));
#70780=SURFACE_STYLE_FILL_AREA(#70770);
#70790=SURFACE_SIDE_STYLE('',(#70780));
#70800=SURFACE_STYLE_USAGE(.BOTH.,#70790);
#70810=PRESENTATION_STYLE_ASSIGNMENT((#70800));
#70820=CARTESIAN_POINT('',(18.2321670026515,-2.19999999417843,
141.142572016138));
#70830=DIRECTION('',(-0.996194698122131,0.0871557424003474,
-5.94775026894577E-12));
#70840=DIRECTION('',(-0.0871557424003474,-0.996194698122131,
-3.29016947172816E-13));
#70850=AXIS2_PLACEMENT_3D('',#70820,#70830,#70840);
#70860=PLANE('',#70850);
#70870=CARTESIAN_POINT('',(18.4199959660085,-0.0531051124656443,
111.076530974375));
#70880=DIRECTION('',(0.0853056900517926,0.975048502944378,
0.204947203324941));
#70890=VECTOR('',#70880,1.);
#70900=LINE('',#70870,#70890);
#70910=EDGE_CURVE('',#61790,#51870,#70900,.T.);
#70920=ORIENTED_EDGE('',*,*,#70910,.T.);
#70930=ORIENTED_EDGE('',*,*,#61800,.T.);
#70940=ORIENTED_EDGE('',*,*,#70680,.F.);
#70950=ORIENTED_EDGE('',*,*,#51960,.T.);
#70960=EDGE_LOOP('',(#70950,#70940,#70930,#70920));
#70970=FACE_OUTER_BOUND('',#70960,.T.);
#70980=ADVANCED_FACE('',(#70970),#70860,.T.);
#70990=COLOUR_RGB('',0.980392217636108,0.517647087574005,
0.168627455830574);
#71000=FILL_AREA_STYLE_COLOUR('',#70990);
#71010=FILL_AREA_STYLE('',(#71000));
#71020=SURFACE_STYLE_FILL_AREA(#71010);
#71030=SURFACE_SIDE_STYLE('',(#71020));
#71040=SURFACE_STYLE_USAGE(.BOTH.,#71030);
#71050=PRESENTATION_STYLE_ASSIGNMENT((#71040));
#71060=CARTESIAN_POINT('',(7.75065764739512,-2.19999999817167,
100.215713332169));
#71070=DIRECTION('',(0.701985766967205,0.0871557429865421,
-0.706837930108401));
#71080=DIRECTION('',(-0.709537936161051,-4.01064340044311E-10,
-0.704667238594442));
#71090=AXIS2_PLACEMENT_3D('',#71060,#71070,#71080);
#71100=PLANE('',#71090);
#71110=CARTESIAN_POINT('',(16.3385467650719,-0.0531051136438307,
109.009370099744));
#71120=DIRECTION('',(-0.000361578533373741,-0.992439953701967,
-0.122730630068465));
#71130=VECTOR('',#71120,1.);
#71140=LINE('',#71110,#71130);
#71150=EDGE_CURVE('',#51790,#61870,#71140,.T.);
#71160=ORIENTED_EDGE('',*,*,#71150,.F.);
#71170=ORIENTED_EDGE('',*,*,#61880,.T.);
#71180=ORIENTED_EDGE('',*,*,#70910,.F.);
#71190=ORIENTED_EDGE('',*,*,#51880,.T.);
#71200=EDGE_LOOP('',(#71190,#71180,#71170,#71160));
#71210=FACE_OUTER_BOUND('',#71200,.T.);
#71220=ADVANCED_FACE('',(#71210),#71100,.T.);
#71230=COLOUR_RGB('',0.980392217636108,0.517647087574005,
0.168627455830574);
#71240=FILL_AREA_STYLE_COLOUR('',#71230);
#71250=FILL_AREA_STYLE('',(#71240));
#71260=SURFACE_STYLE_FILL_AREA(#71250);
#71270=SURFACE_SIDE_STYLE('',(#71260));
#71280=SURFACE_STYLE_USAGE(.BOTH.,#71270);
#71290=PRESENTATION_STYLE_ASSIGNMENT((#71280));
#71300=CARTESIAN_POINT('',(-15.9026903070995,-2.20000000607912,
141.142572016351));
#71310=DIRECTION('',(-0.70613840050843,0.0871557424956517,
-0.702689430600338));
#71320=DIRECTION('',(-0.705373590077757,-3.98441797941336E-10,
0.708835734441215));
#71330=AXIS2_PLACEMENT_3D('',#71300,#71310,#71320);
#71340=PLANE('',#71330);
#71350=ORIENTED_EDGE('',*,*,#51800,.T.);
#71360=ORIENTED_EDGE('',*,*,#68770,.F.);
#71370=ORIENTED_EDGE('',*,*,#61960,.T.);
#71380=ORIENTED_EDGE('',*,*,#71150,.T.);
#71390=EDGE_LOOP('',(#71380,#71370,#71360,#71350));
#71400=FACE_OUTER_BOUND('',#71390,.T.);
#71410=ADVANCED_FACE('',(#71400),#71340,.T.);
#71420=COLOUR_RGB('',0.980392217636108,0.517647087574005,
0.168627455830574);
#71430=FILL_AREA_STYLE_COLOUR('',#71420);
#71440=FILL_AREA_STYLE('',(#71430));
#71450=SURFACE_STYLE_FILL_AREA(#71440);
#71460=SURFACE_SIDE_STYLE('',(#71450));
#71470=SURFACE_STYLE_USAGE(.BOTH.,#71460);
#71480=PRESENTATION_STYLE_ASSIGNMENT((#71470));
#71490=CARTESIAN_POINT('',(7.88217040297867,-7.89999999214569,
107.824814511324));
#71500=DIRECTION('',(-2.79019548137134E-11,1.,-4.16790291991449E-13));
#71510=DIRECTION('',(-0.999999999999478,-2.79019543877003E-11,
1.02209336917649E-6));
#71520=AXIS2_PLACEMENT_3D('',#71490,#71500,#71510);
#71530=CYLINDRICAL_SURFACE('',#71520,2.7);
#71540=ORIENTED_EDGE('',*,*,#32040,.T.);
#71550=ORIENTED_EDGE('',*,*,#64290,.T.);
#71560=ORIENTED_EDGE('',*,*,#64820,.F.);
#71570=ORIENTED_EDGE('',*,*,#64390,.F.);
#71580=EDGE_LOOP('',(#71570,#71560,#71550,#71540));
#71590=FACE_OUTER_BOUND('',#71580,.T.);
#71600=ADVANCED_FACE('',(#71590),#71530,.F.);
#71610=COLOUR_RGB('',0.,0.443137288093567,0.709803938865662);
#71620=FILL_AREA_STYLE_COLOUR('',#71610);
#71630=FILL_AREA_STYLE('',(#71620));
#71640=SURFACE_STYLE_FILL_AREA(#71630);
#71650=SURFACE_SIDE_STYLE('',(#71640));
#71660=SURFACE_STYLE_USAGE(.BOTH.,#71650);
#71670=PRESENTATION_STYLE_ASSIGNMENT((#71660));
#71680=CARTESIAN_POINT('',(7.88217040496468,-11.1999999921294,
107.824814511325));
#71690=DIRECTION('',(-7.09075296250155E-10,1.,-2.07573643504986E-13));
#71700=DIRECTION('',(-0.999999999999478,-7.09075296037626E-10,
1.02209149916018E-6));
#71710=AXIS2_PLACEMENT_3D('',#71680,#71690,#71700);
#71720=CYLINDRICAL_SURFACE('',#71710,2.1);
#71730=ORIENTED_EDGE('',*,*,#66540,.T.);
#71740=ORIENTED_EDGE('',*,*,#66310,.F.);
#71750=ORIENTED_EDGE('',*,*,#66610,.F.);
#71760=ORIENTED_EDGE('',*,*,#64990,.T.);
#71770=EDGE_LOOP('',(#71760,#71750,#71740,#71730));
#71780=FACE_OUTER_BOUND('',#71770,.T.);
#71790=ADVANCED_FACE('',(#71780),#71720,.F.);
#71800=COLOUR_RGB('',0.,0.443137288093567,0.709803938865662);
#71810=FILL_AREA_STYLE_COLOUR('',#71800);
#71820=FILL_AREA_STYLE('',(#71810));
#71830=SURFACE_STYLE_FILL_AREA(#71820);
#71840=SURFACE_SIDE_STYLE('',(#71830));
#71850=SURFACE_STYLE_USAGE(.BOTH.,#71840);
#71860=PRESENTATION_STYLE_ASSIGNMENT((#71850));
#71870=CLOSED_SHELL('',(#12940,#13230,#13490,#13730,#14130,#14440,#14820
,#15370,#15610,#16360,#16750,#16990,#17250,#17490,#18080,#18320,#18560,
#18850,#19090,#19350,#19590,#19830,#20070,#20310,#20500,#20740,#20980,
#21220,#21460,#21700,#21940,#22180,#22420,#22870,#23110,#23350,#23590,
#23830,#24430,#24670,#25070,#25450,#25690,#25930,#26170,#26410,#26650,
#26890,#27130,#27370,#27610,#27850,#28090,#29420,#29660,#29900,#30140,
#30380,#30620,#31020,#31400,#31780,#33300,#33490,#33800,#34110,#34350,
#34540,#34850,#35160,#35400,#35590,#36070,#36540,#36990,#37310,#37690,
#37930,#38130,#38440,#38750,#38990,#39230,#39540,#39730,#39920,#40160,
#40350,#40890,#41270,#41910,#42360,#42610,#43100,#43670,#43980,#44290,
#44480,#44790,#45100,#45290,#45680,#46150,#46620,#47180,#47760,#48140,
#48630,#48920,#49310,#49500,#49690,#49880,#50070,#50210,#50370,#52620,
#52910,#53150,#53390,#53630,#53870,#54110,#54350,#54590,#54830,#55070,
#55310,#55550,#55790,#55980,#58230,#58520,#58760,#59000,#59240,#59480,
#59720,#59960,#60200,#60440,#60680,#60920,#61160,#61400,#61590,#62700,
#63080,#63460,#63770,#64010,#64450,#64690,#65030,#65840,#66030,#66370,
#66660,#66900,#67140,#67380,#67620,#67860,#68100,#68340,#68530,#68820,
#69060,#69300,#69540,#69780,#70020,#70260,#70500,#70740,#70980,#71220,
#71410,#71600,#71790,#11250,#11630,#12010,#12250,#5310));
#71880=MANIFOLD_SOLID_BREP('',#71870);
#71890=CARTESIAN_POINT('',(0.,0.,0.));
#71900=DIRECTION('',(0.,0.,1.));
#71910=DIRECTION('',(1.,0.,0.));
#71920=AXIS2_PLACEMENT_3D('',#71890,#71900,#71910);
#71930=APPLICATION_CONTEXT(' ');
#71940=APPLICATION_PROTOCOL_DEFINITION(' ','automotive_design',1998,
#71930);
#71950=PRODUCT_CONTEXT('',#71930,'mechanical');
#71960=PRODUCT_DEFINITION_CONTEXT('part definition',#71930,'design');
#71970=PRODUCT('XTV_6_BU-Select','XTV_6_BU-Select','',(#71950));
#71980=PRODUCT_RELATED_PRODUCT_CATEGORY('part',' ',(#71970));
#71990=PRODUCT_DEFINITION_FORMATION_WITH_SPECIFIED_SOURCE('','',#71970,
.BOUGHT.);
#72000=PRODUCT_DEFINITION('',' ',#71990,#71960);
#72010=PRODUCT_DEFINITION_SHAPE('','',#72000);
#72020=DIMENSIONAL_EXPONENTS(1.,0.,0.,0.,0.,0.,0.);
#72030=DIMENSIONAL_EXPONENTS(0.,0.,0.,0.,0.,0.,0.);
#72040=DIMENSIONAL_EXPONENTS(0.,0.,0.,0.,0.,0.,0.);
#72050=(LENGTH_UNIT() NAMED_UNIT(*) SI_UNIT(.MILLI.,.METRE.));
#72060=(NAMED_UNIT(*) PLANE_ANGLE_UNIT() SI_UNIT($,.RADIAN.));
#72070=(NAMED_UNIT(*) SI_UNIT($,.STERADIAN.) SOLID_ANGLE_UNIT());
#72080=(GEOMETRIC_REPRESENTATION_CONTEXT(3) 
GLOBAL_UNCERTAINTY_ASSIGNED_CONTEXT((#72090)) 
GLOBAL_UNIT_ASSIGNED_CONTEXT((#72050,#72060,#72070)) 
REPRESENTATION_CONTEXT('',''));
#72090=UNCERTAINTY_MEASURE_WITH_UNIT(LENGTH_MEASURE(1.E-6),#72050,
'distance_accuracy_value','maximum gap value');
#72100=ADVANCED_BREP_SHAPE_REPRESENTATION('',(#71920,#71880),#72080);
#72110=SHAPE_DEFINITION_REPRESENTATION(#72010,#72100);
#72120=COLOUR_RGB('',0.,0.443137288093567,0.709803938865662);
#72130=FILL_AREA_STYLE_COLOUR('',#72120);
#72140=FILL_AREA_STYLE('',(#72130));
#72150=SURFACE_STYLE_FILL_AREA(#72140);
#72160=SURFACE_SIDE_STYLE('',(#72150));
#72170=SURFACE_STYLE_USAGE(.BOTH.,#72160);
#72180=PRESENTATION_STYLE_ASSIGNMENT((#72170));
#72190=STYLED_ITEM('',(#72180),#71880);
#72200=OVER_RIDING_STYLED_ITEM('',(#5380),#5310,#72190);
#72210=OVER_RIDING_STYLED_ITEM('',(#11320),#11250,#72190);
#72220=OVER_RIDING_STYLED_ITEM('',(#11700),#11630,#72190);
#72230=OVER_RIDING_STYLED_ITEM('',(#12080),#12010,#72190);
#72240=OVER_RIDING_STYLED_ITEM('',(#12320),#12250,#72190);
#72250=OVER_RIDING_STYLED_ITEM('',(#13010),#12940,#72190);
#72260=OVER_RIDING_STYLED_ITEM('',(#13300),#13230,#72190);
#72270=OVER_RIDING_STYLED_ITEM('',(#13560),#13490,#72190);
#72280=OVER_RIDING_STYLED_ITEM('',(#13800),#13730,#72190);
#72290=OVER_RIDING_STYLED_ITEM('',(#14200),#14130,#72190);
#72300=OVER_RIDING_STYLED_ITEM('',(#14510),#14440,#72190);
#72310=OVER_RIDING_STYLED_ITEM('',(#14890),#14820,#72190);
#72320=OVER_RIDING_STYLED_ITEM('',(#15440),#15370,#72190);
#72330=OVER_RIDING_STYLED_ITEM('',(#15680),#15610,#72190);
#72340=OVER_RIDING_STYLED_ITEM('',(#16430),#16360,#72190);
#72350=OVER_RIDING_STYLED_ITEM('',(#16820),#16750,#72190);
#72360=OVER_RIDING_STYLED_ITEM('',(#17060),#16990,#72190);
#72370=OVER_RIDING_STYLED_ITEM('',(#17320),#17250,#72190);
#72380=OVER_RIDING_STYLED_ITEM('',(#17560),#17490,#72190);
#72390=OVER_RIDING_STYLED_ITEM('',(#18150),#18080,#72190);
#72400=OVER_RIDING_STYLED_ITEM('',(#18390),#18320,#72190);
#72410=OVER_RIDING_STYLED_ITEM('',(#18630),#18560,#72190);
#72420=OVER_RIDING_STYLED_ITEM('',(#18920),#18850,#72190);
#72430=OVER_RIDING_STYLED_ITEM('',(#19160),#19090,#72190);
#72440=OVER_RIDING_STYLED_ITEM('',(#19420),#19350,#72190);
#72450=OVER_RIDING_STYLED_ITEM('',(#19660),#19590,#72190);
#72460=OVER_RIDING_STYLED_ITEM('',(#19900),#19830,#72190);
#72470=OVER_RIDING_STYLED_ITEM('',(#20140),#20070,#72190);
#72480=OVER_RIDING_STYLED_ITEM('',(#20380),#20310,#72190);
#72490=OVER_RIDING_STYLED_ITEM('',(#20570),#20500,#72190);
#72500=OVER_RIDING_STYLED_ITEM('',(#20810),#20740,#72190);
#72510=OVER_RIDING_STYLED_ITEM('',(#21050),#20980,#72190);
#72520=OVER_RIDING_STYLED_ITEM('',(#21290),#21220,#72190);
#72530=OVER_RIDING_STYLED_ITEM('',(#21530),#21460,#72190);
#72540=OVER_RIDING_STYLED_ITEM('',(#21770),#21700,#72190);
#72550=OVER_RIDING_STYLED_ITEM('',(#22010),#21940,#72190);
#72560=OVER_RIDING_STYLED_ITEM('',(#22250),#22180,#72190);
#72570=OVER_RIDING_STYLED_ITEM('',(#22490),#22420,#72190);
#72580=OVER_RIDING_STYLED_ITEM('',(#22940),#22870,#72190);
#72590=OVER_RIDING_STYLED_ITEM('',(#23180),#23110,#72190);
#72600=OVER_RIDING_STYLED_ITEM('',(#23420),#23350,#72190);
#72610=OVER_RIDING_STYLED_ITEM('',(#23660),#23590,#72190);
#72620=OVER_RIDING_STYLED_ITEM('',(#23900),#23830,#72190);
#72630=OVER_RIDING_STYLED_ITEM('',(#24500),#24430,#72190);
#72640=OVER_RIDING_STYLED_ITEM('',(#24740),#24670,#72190);
#72650=OVER_RIDING_STYLED_ITEM('',(#25140),#25070,#72190);
#72660=OVER_RIDING_STYLED_ITEM('',(#25520),#25450,#72190);
#72670=OVER_RIDING_STYLED_ITEM('',(#25760),#25690,#72190);
#72680=OVER_RIDING_STYLED_ITEM('',(#26000),#25930,#72190);
#72690=OVER_RIDING_STYLED_ITEM('',(#26240),#26170,#72190);
#72700=OVER_RIDING_STYLED_ITEM('',(#26480),#26410,#72190);
#72710=OVER_RIDING_STYLED_ITEM('',(#26720),#26650,#72190);
#72720=OVER_RIDING_STYLED_ITEM('',(#26960),#26890,#72190);
#72730=OVER_RIDING_STYLED_ITEM('',(#27200),#27130,#72190);
#72740=OVER_RIDING_STYLED_ITEM('',(#27440),#27370,#72190);
#72750=OVER_RIDING_STYLED_ITEM('',(#27680),#27610,#72190);
#72760=OVER_RIDING_STYLED_ITEM('',(#27920),#27850,#72190);
#72770=OVER_RIDING_STYLED_ITEM('',(#28160),#28090,#72190);
#72780=OVER_RIDING_STYLED_ITEM('',(#29490),#29420,#72190);
#72790=OVER_RIDING_STYLED_ITEM('',(#29730),#29660,#72190);
#72800=OVER_RIDING_STYLED_ITEM('',(#29970),#29900,#72190);
#72810=OVER_RIDING_STYLED_ITEM('',(#30210),#30140,#72190);
#72820=OVER_RIDING_STYLED_ITEM('',(#30450),#30380,#72190);
#72830=OVER_RIDING_STYLED_ITEM('',(#30690),#30620,#72190);
#72840=OVER_RIDING_STYLED_ITEM('',(#31090),#31020,#72190);
#72850=OVER_RIDING_STYLED_ITEM('',(#31470),#31400,#72190);
#72860=OVER_RIDING_STYLED_ITEM('',(#31850),#31780,#72190);
#72870=OVER_RIDING_STYLED_ITEM('',(#33370),#33300,#72190);
#72880=OVER_RIDING_STYLED_ITEM('',(#33560),#33490,#72190);
#72890=OVER_RIDING_STYLED_ITEM('',(#33870),#33800,#72190);
#72900=OVER_RIDING_STYLED_ITEM('',(#34180),#34110,#72190);
#72910=OVER_RIDING_STYLED_ITEM('',(#34420),#34350,#72190);
#72920=OVER_RIDING_STYLED_ITEM('',(#34610),#34540,#72190);
#72930=OVER_RIDING_STYLED_ITEM('',(#34920),#34850,#72190);
#72940=OVER_RIDING_STYLED_ITEM('',(#35230),#35160,#72190);
#72950=OVER_RIDING_STYLED_ITEM('',(#35470),#35400,#72190);
#72960=OVER_RIDING_STYLED_ITEM('',(#35660),#35590,#72190);
#72970=OVER_RIDING_STYLED_ITEM('',(#36140),#36070,#72190);
#72980=OVER_RIDING_STYLED_ITEM('',(#36610),#36540,#72190);
#72990=OVER_RIDING_STYLED_ITEM('',(#37060),#36990,#72190);
#73000=OVER_RIDING_STYLED_ITEM('',(#37380),#37310,#72190);
#73010=OVER_RIDING_STYLED_ITEM('',(#37760),#37690,#72190);
#73020=OVER_RIDING_STYLED_ITEM('',(#38000),#37930,#72190);
#73030=OVER_RIDING_STYLED_ITEM('',(#38200),#38130,#72190);
#73040=OVER_RIDING_STYLED_ITEM('',(#38510),#38440,#72190);
#73050=OVER_RIDING_STYLED_ITEM('',(#38820),#38750,#72190);
#73060=OVER_RIDING_STYLED_ITEM('',(#39060),#38990,#72190);
#73070=OVER_RIDING_STYLED_ITEM('',(#39300),#39230,#72190);
#73080=OVER_RIDING_STYLED_ITEM('',(#39610),#39540,#72190);
#73090=OVER_RIDING_STYLED_ITEM('',(#39800),#39730,#72190);
#73100=OVER_RIDING_STYLED_ITEM('',(#39990),#39920,#72190);
#73110=OVER_RIDING_STYLED_ITEM('',(#40230),#40160,#72190);
#73120=OVER_RIDING_STYLED_ITEM('',(#40420),#40350,#72190);
#73130=OVER_RIDING_STYLED_ITEM('',(#40960),#40890,#72190);
#73140=OVER_RIDING_STYLED_ITEM('',(#41340),#41270,#72190);
#73150=OVER_RIDING_STYLED_ITEM('',(#41980),#41910,#72190);
#73160=OVER_RIDING_STYLED_ITEM('',(#42430),#42360,#72190);
#73170=OVER_RIDING_STYLED_ITEM('',(#42680),#42610,#72190);
#73180=OVER_RIDING_STYLED_ITEM('',(#43170),#43100,#72190);
#73190=OVER_RIDING_STYLED_ITEM('',(#43740),#43670,#72190);
#73200=OVER_RIDING_STYLED_ITEM('',(#44050),#43980,#72190);
#73210=OVER_RIDING_STYLED_ITEM('',(#44360),#44290,#72190);
#73220=OVER_RIDING_STYLED_ITEM('',(#44550),#44480,#72190);
#73230=OVER_RIDING_STYLED_ITEM('',(#44860),#44790,#72190);
#73240=OVER_RIDING_STYLED_ITEM('',(#45170),#45100,#72190);
#73250=OVER_RIDING_STYLED_ITEM('',(#45360),#45290,#72190);
#73260=OVER_RIDING_STYLED_ITEM('',(#45750),#45680,#72190);
#73270=OVER_RIDING_STYLED_ITEM('',(#46220),#46150,#72190);
#73280=OVER_RIDING_STYLED_ITEM('',(#46690),#46620,#72190);
#73290=OVER_RIDING_STYLED_ITEM('',(#47250),#47180,#72190);
#73300=OVER_RIDING_STYLED_ITEM('',(#47830),#47760,#72190);
#73310=OVER_RIDING_STYLED_ITEM('',(#48210),#48140,#72190);
#73320=OVER_RIDING_STYLED_ITEM('',(#48700),#48630,#72190);
#73330=OVER_RIDING_STYLED_ITEM('',(#48990),#48920,#72190);
#73340=OVER_RIDING_STYLED_ITEM('',(#49380),#49310,#72190);
#73350=OVER_RIDING_STYLED_ITEM('',(#49570),#49500,#72190);
#73360=OVER_RIDING_STYLED_ITEM('',(#49760),#49690,#72190);
#73370=OVER_RIDING_STYLED_ITEM('',(#49950),#49880,#72190);
#73380=OVER_RIDING_STYLED_ITEM('',(#50140),#50070,#72190);
#73390=OVER_RIDING_STYLED_ITEM('',(#50280),#50210,#72190);
#73400=OVER_RIDING_STYLED_ITEM('',(#50440),#50370,#72190);
#73410=OVER_RIDING_STYLED_ITEM('',(#52690),#52620,#72190);
#73420=OVER_RIDING_STYLED_ITEM('',(#52980),#52910,#72190);
#73430=OVER_RIDING_STYLED_ITEM('',(#53220),#53150,#72190);
#73440=OVER_RIDING_STYLED_ITEM('',(#53460),#53390,#72190);
#73450=OVER_RIDING_STYLED_ITEM('',(#53700),#53630,#72190);
#73460=OVER_RIDING_STYLED_ITEM('',(#53940),#53870,#72190);
#73470=OVER_RIDING_STYLED_ITEM('',(#54180),#54110,#72190);
#73480=OVER_RIDING_STYLED_ITEM('',(#54420),#54350,#72190);
#73490=OVER_RIDING_STYLED_ITEM('',(#54660),#54590,#72190);
#73500=OVER_RIDING_STYLED_ITEM('',(#54900),#54830,#72190);
#73510=OVER_RIDING_STYLED_ITEM('',(#55140),#55070,#72190);
#73520=OVER_RIDING_STYLED_ITEM('',(#55380),#55310,#72190);
#73530=OVER_RIDING_STYLED_ITEM('',(#55620),#55550,#72190);
#73540=OVER_RIDING_STYLED_ITEM('',(#55860),#55790,#72190);
#73550=OVER_RIDING_STYLED_ITEM('',(#56050),#55980,#72190);
#73560=OVER_RIDING_STYLED_ITEM('',(#58300),#58230,#72190);
#73570=OVER_RIDING_STYLED_ITEM('',(#58590),#58520,#72190);
#73580=OVER_RIDING_STYLED_ITEM('',(#58830),#58760,#72190);
#73590=OVER_RIDING_STYLED_ITEM('',(#59070),#59000,#72190);
#73600=OVER_RIDING_STYLED_ITEM('',(#59310),#59240,#72190);
#73610=OVER_RIDING_STYLED_ITEM('',(#59550),#59480,#72190);
#73620=OVER_RIDING_STYLED_ITEM('',(#59790),#59720,#72190);
#73630=OVER_RIDING_STYLED_ITEM('',(#60030),#59960,#72190);
#73640=OVER_RIDING_STYLED_ITEM('',(#60270),#60200,#72190);
#73650=OVER_RIDING_STYLED_ITEM('',(#60510),#60440,#72190);
#73660=OVER_RIDING_STYLED_ITEM('',(#60750),#60680,#72190);
#73670=OVER_RIDING_STYLED_ITEM('',(#60990),#60920,#72190);
#73680=OVER_RIDING_STYLED_ITEM('',(#61230),#61160,#72190);
#73690=OVER_RIDING_STYLED_ITEM('',(#61470),#61400,#72190);
#73700=OVER_RIDING_STYLED_ITEM('',(#61660),#61590,#72190);
#73710=OVER_RIDING_STYLED_ITEM('',(#62770),#62700,#72190);
#73720=OVER_RIDING_STYLED_ITEM('',(#63150),#63080,#72190);
#73730=OVER_RIDING_STYLED_ITEM('',(#63530),#63460,#72190);
#73740=OVER_RIDING_STYLED_ITEM('',(#63840),#63770,#72190);
#73750=OVER_RIDING_STYLED_ITEM('',(#64080),#64010,#72190);
#73760=OVER_RIDING_STYLED_ITEM('',(#64520),#64450,#72190);
#73770=OVER_RIDING_STYLED_ITEM('',(#64760),#64690,#72190);
#73780=OVER_RIDING_STYLED_ITEM('',(#65100),#65030,#72190);
#73790=OVER_RIDING_STYLED_ITEM('',(#65910),#65840,#72190);
#73800=OVER_RIDING_STYLED_ITEM('',(#66100),#66030,#72190);
#73810=OVER_RIDING_STYLED_ITEM('',(#66440),#66370,#72190);
#73820=OVER_RIDING_STYLED_ITEM('',(#66730),#66660,#72190);
#73830=OVER_RIDING_STYLED_ITEM('',(#66970),#66900,#72190);
#73840=OVER_RIDING_STYLED_ITEM('',(#67210),#67140,#72190);
#73850=OVER_RIDING_STYLED_ITEM('',(#67450),#67380,#72190);
#73860=OVER_RIDING_STYLED_ITEM('',(#67690),#67620,#72190);
#73870=OVER_RIDING_STYLED_ITEM('',(#67930),#67860,#72190);
#73880=OVER_RIDING_STYLED_ITEM('',(#68170),#68100,#72190);
#73890=OVER_RIDING_STYLED_ITEM('',(#68410),#68340,#72190);
#73900=OVER_RIDING_STYLED_ITEM('',(#68600),#68530,#72190);
#73910=OVER_RIDING_STYLED_ITEM('',(#68890),#68820,#72190);
#73920=OVER_RIDING_STYLED_ITEM('',(#69130),#69060,#72190);
#73930=OVER_RIDING_STYLED_ITEM('',(#69370),#69300,#72190);
#73940=OVER_RIDING_STYLED_ITEM('',(#69610),#69540,#72190);
#73950=OVER_RIDING_STYLED_ITEM('',(#69850),#69780,#72190);
#73960=OVER_RIDING_STYLED_ITEM('',(#70090),#70020,#72190);
#73970=OVER_RIDING_STYLED_ITEM('',(#70330),#70260,#72190);
#73980=OVER_RIDING_STYLED_ITEM('',(#70570),#70500,#72190);
#73990=OVER_RIDING_STYLED_ITEM('',(#70810),#70740,#72190);
#74000=OVER_RIDING_STYLED_ITEM('',(#71050),#70980,#72190);
#74010=OVER_RIDING_STYLED_ITEM('',(#71290),#71220,#72190);
#74020=OVER_RIDING_STYLED_ITEM('',(#71480),#71410,#72190);
#74030=OVER_RIDING_STYLED_ITEM('',(#71670),#71600,#72190);
#74040=OVER_RIDING_STYLED_ITEM('',(#71860),#71790,#72190);
#74050=DRAUGHTING_MODEL('',(#72190,#72200,#72210,#72220,#72230,#72240,
#72250,#72260,#72270,#72280,#72290,#72300,#72310,#72320,#72330,#72340,
#72350,#72360,#72370,#72380,#72390,#72400,#72410,#72420,#72430,#72440,
#72450,#72460,#72470,#72480,#72490,#72500,#72510,#72520,#72530,#72540,
#72550,#72560,#72570,#72580,#72590,#72600,#72610,#72620,#72630,#72640,
#72650,#72660,#72670,#72680,#72690,#72700,#72710,#72720,#72730,#72740,
#72750,#72760,#72770,#72780,#72790,#72800,#72810,#72820,#72830,#72840,
#72850,#72860,#72870,#72880,#72890,#72900,#72910,#72920,#72930,#72940,
#72950,#72960,#72970,#72980,#72990,#73000,#73010,#73020,#73030,#73040,
#73050,#73060,#73070,#73080,#73090,#73100,#73110,#73120,#73130,#73140,
#73150,#73160,#73170,#73180,#73190,#73200,#73210,#73220,#73230,#73240,
#73250,#73260,#73270,#73280,#73290,#73300,#73310,#73320,#73330,#73340,
#73350,#73360,#73370,#73380,#73390,#73400,#73410,#73420,#73430,#73440,
#73450,#73460,#73470,#73480,#73490,#73500,#73510,#73520,#73530,#73540,
#73550,#73560,#73570,#73580,#73590,#73600,#73610,#73620,#73630,#73640,
#73650,#73660,#73670,#73680,#73690,#73700,#73710,#73720,#73730,#73740,
#73750,#73760,#73770,#73780,#73790,#73800,#73810,#73820,#73830,#73840,
#73850,#73860,#73870,#73880,#73890,#73900,#73910,#73920,#73930,#73940,
#73950,#73960,#73970,#73980,#73990,#74000,#74010,#74020,#74030,#74040),
#72080);
#74060=CARTESIAN_POINT('',(-103.749822567202,31.0179398201284,
44.4000000045625));
#74070=DIRECTION('',(0.999999999999478,-1.02206957679905E-6,
-3.68686522649644E-13));
#74080=DIRECTION('',(1.02206957679905E-6,0.999999999999478,
6.66833762665414E-10));
#74090=AXIS2_PLACEMENT_3D('',#74060,#74070,#74080);
#74100=ITEM_DEFINED_TRANSFORMATION('XTV_6_BU-Select','',#71920,#74090);
#74110=APPLICATION_CONTEXT(' ');
#74120=APPLICATION_PROTOCOL_DEFINITION(' ','automotive_design',1998,
#74110);
#74130=PRODUCT_CONTEXT('',#74110,'mechanical');
#74140=PRODUCT_DEFINITION_CONTEXT('part definition',#74110,'design');
#74150=PRODUCT('XTV_6_BU-Select','XTV_6_BU-Select','',(#74130));
#74160=PRODUCT_RELATED_PRODUCT_CATEGORY('part',' ',(#74150));
#74170=PRODUCT_DEFINITION_FORMATION_WITH_SPECIFIED_SOURCE('','',#74150,
.BOUGHT.);
#74180=PRODUCT_DEFINITION('',' ',#74170,#74140);
#74190=PRODUCT_DEFINITION_SHAPE('','',#74180);
#74200=DIMENSIONAL_EXPONENTS(1.,0.,0.,0.,0.,0.,0.);
#74210=DIMENSIONAL_EXPONENTS(0.,0.,0.,0.,0.,0.,0.);
#74220=DIMENSIONAL_EXPONENTS(0.,0.,0.,0.,0.,0.,0.);
#74230=(LENGTH_UNIT() NAMED_UNIT(*) SI_UNIT(.MILLI.,.METRE.));
#74240=(NAMED_UNIT(*) PLANE_ANGLE_UNIT() SI_UNIT($,.RADIAN.));
#74250=(NAMED_UNIT(*) SI_UNIT($,.STERADIAN.) SOLID_ANGLE_UNIT());
#74260=(GEOMETRIC_REPRESENTATION_CONTEXT(3) 
GLOBAL_UNCERTAINTY_ASSIGNED_CONTEXT((#74270)) 
GLOBAL_UNIT_ASSIGNED_CONTEXT((#74230,#74240,#74250)) 
REPRESENTATION_CONTEXT('',''));
#74270=UNCERTAINTY_MEASURE_WITH_UNIT(LENGTH_MEASURE(1.E-6),#74230,
'distance_accuracy_value','maximum gap value');
#74280=SHAPE_REPRESENTATION('',(#71920,#74090),#74260);
#74290=SHAPE_DEFINITION_REPRESENTATION(#74190,#74280);
#74300=(REPRESENTATION_RELATIONSHIP('','',#72100,#74280) 
REPRESENTATION_RELATIONSHIP_WITH_TRANSFORMATION(#74100) 
SHAPE_REPRESENTATION_RELATIONSHIP());
#74310=NEXT_ASSEMBLY_USAGE_OCCURRENCE('1','','XTV_6_BU-Select',#74180,
#72000,'');
#74320=PRODUCT_DEFINITION_SHAPE('','',#74310);
#74330=CONTEXT_DEPENDENT_SHAPE_REPRESENTATION(#74300,#74320);
ENDSEC;
END-ISO-10303-21;
