ISO-10303-21;
HEADER;
FILE_DESCRIPTION(('Creo Elements/Direct Modeling STEP Export'),'2;1');
FILE_NAME(
'C:/Temp/JobServerData/JobServer Files/2fba127f-b768-4d93-8dce-dd305fdc6
c49/work/output/model.stp','2021-10-14T 8:10:58',(''),(''),
'Creo Elements/Direct Modeling STEP processor for AP214 (Solid Model)',
'Creo Elements/Direct Modeling 20.1D  10-Oct-2020 (C) Parametric Technol
ogy GmbH','');
FILE_SCHEMA(('AUTOMOTIVE_DESIGN { 1 0 10303 214 1 1 1 1 }'));
ENDSEC;
DATA;
#10=CARTESIAN_POINT('',(10.1499999999483,40.4495488908004,
6.54999999645867));
#20=DIRECTION('',(1.,1.8241749373842E-12,-5.47177614854449E-13));
#30=DIRECTION('',(-1.82417493738399E-12,1.,3.85955156736358E-13));
#40=AXIS2_PLACEMENT_3D('',#10,#20,#30);
#50=PLANE('',#40);
#60=CARTESIAN_POINT('',(10.150000000077,-28.4181541503001,
12.1016292501552));
#70=DIRECTION('',(9.02973466504546E-13,-0.707106781265277,
-0.707106781107818));
#80=VECTOR('',#70,1.);
#90=LINE('',#60,#80);
#100=CARTESIAN_POINT('',(10.1500000000399,0.646446402771723,
41.166229796755));
#110=VERTEX_POINT('',#100);
#120=CARTESIAN_POINT('',(10.1500000000407,-4.76678273741982E-7,
40.5197829174489));
#130=VERTEX_POINT('',#120);
#140=EDGE_CURVE('',#110,#130,#90,.T.);
#150=ORIENTED_EDGE('',*,*,#140,.T.);
#160=CARTESIAN_POINT('',(10.1500000000199,9.06498168052987,
32.7476945189874));
#170=DIRECTION('',(-1.67679947027147E-12,0.707106781186152,
-0.707106781186943));
#180=VECTOR('',#170,1.);
#190=LINE('',#160,#180);
#200=CARTESIAN_POINT('',(10.1500000000374,1.67175123624597,
40.1409249632796));
#210=VERTEX_POINT('',#200);
#220=EDGE_CURVE('',#110,#210,#190,.T.);
#230=ORIENTED_EDGE('',*,*,#220,.F.);
#240=CARTESIAN_POINT('',(10.1500000000735,-26.5917933820058,
11.8773803453765));
#250=DIRECTION('',(-9.02973466328054E-13,0.707106781190851,
0.707106781182245));
#260=VECTOR('',#250,1.);
#270=LINE('',#240,#260);
#280=CARTESIAN_POINT('',(10.1500000000366,2.31492403454747,
40.7840977615732));
#290=VERTEX_POINT('',#280);
#300=EDGE_CURVE('',#210,#290,#270,.T.);
#310=ORIENTED_EDGE('',*,*,#300,.F.);
#320=CARTESIAN_POINT('',(10.1500000000364,2.52705606884126,
40.9962297959914));
#330=DIRECTION('',(1.,1.8241749373842E-12,-5.47177614854449E-13));
#340=DIRECTION('',(1.8772619906338E-12,-0.992546151654902,
0.121869343294549));
#350=AXIS2_PLACEMENT_3D('',#320,#330,#340);
#360=CIRCLE('',#350,0.299999999999998);
#370=CARTESIAN_POINT('',(10.1500000000365,2.52705606895663,
41.2962297959914));
#380=VERTEX_POINT('',#370);
#390=EDGE_CURVE('',#380,#290,#360,.T.);
#400=ORIENTED_EDGE('',*,*,#390,.T.);
#410=CARTESIAN_POINT('',(10.1500000000227,10.1146098299072,
41.2962297959452));
#420=DIRECTION('',(-1.82417493738753E-12,1.,-6.08543770930151E-12));
#430=VECTOR('',#420,1.);
#440=LINE('',#410,#430);
#450=CARTESIAN_POINT('',(10.1500000000342,3.81700556261259,
41.2962297959835));
#460=VERTEX_POINT('',#450);
#470=EDGE_CURVE('',#380,#460,#440,.T.);
#480=ORIENTED_EDGE('',*,*,#470,.F.);
#490=CARTESIAN_POINT('',(10.1500000000719,-25.7101019799126,
11.7691222538184));
#500=DIRECTION('',(9.02973466328074E-13,-0.707106781190859,
-0.707106781182236));
#510=VECTOR('',#500,1.);
#520=LINE('',#490,#510);
#530=CARTESIAN_POINT('',(10.1500000000347,3.38648518071712,
40.8657094140933));
#540=VERTEX_POINT('',#530);
#550=EDGE_CURVE('',#460,#540,#520,.T.);
#560=ORIENTED_EDGE('',*,*,#550,.F.);
#570=CARTESIAN_POINT('',(10.1500000000206,9.33176054902902,
34.9204340457091));
#580=DIRECTION('',(-1.67679947026648E-12,0.707106781182245,
-0.70710678119085));
#590=VECTOR('',#580,1.);
#600=LINE('',#570,#590);
#610=CARTESIAN_POINT('',(10.150000000033,4.12894730095834,
40.1232472938431));
#620=VERTEX_POINT('',#610);
#630=EDGE_CURVE('',#540,#620,#600,.T.);
#640=ORIENTED_EDGE('',*,*,#630,.F.);
#650=CARTESIAN_POINT('',(10.1500000000694,-24.387564876756,
11.6067351164791));
#660=DIRECTION('',(-9.02973466328151E-13,0.707106781190891,
0.707106781182204));
#670=VECTOR('',#660,1.);
#680=LINE('',#650,#670);
#690=CARTESIAN_POINT('',(10.1500000000272,8.61907536152057,
44.6133753543501));
#700=VERTEX_POINT('',#690);
#710=EDGE_CURVE('',#620,#700,#680,.T.);
#720=ORIENTED_EDGE('',*,*,#710,.F.);
#730=CARTESIAN_POINT('',(10.1500000000232,10.3138160938924,
42.9186346219577));
#740=DIRECTION('',(1.67679947026648E-12,-0.707106781182245,
0.70710678119085));
#750=VECTOR('',#740,1.);
#760=LINE('',#730,#750);
#770=CARTESIAN_POINT('',(10.150000000029,7.87661324127942,
45.3558374746003));
#780=VERTEX_POINT('',#770);
#790=EDGE_CURVE('',#700,#780,#760,.T.);
#800=ORIENTED_EDGE('',*,*,#790,.F.);
#810=CARTESIAN_POINT('',(10.1500000000719,-25.7101019799142,
11.7691222538186));
#820=DIRECTION('',(-9.02973466328131E-13,0.707106781190883,
0.707106781182212));
#830=VECTOR('',#820,1.);
#840=LINE('',#810,#830);
#850=CARTESIAN_POINT('',(10.1500000000295,7.44609285916076,
44.9253170924869));
#860=VERTEX_POINT('',#850);
#870=EDGE_CURVE('',#860,#780,#840,.T.);
#880=ORIENTED_EDGE('',*,*,#870,.T.);
#890=CARTESIAN_POINT('',(10.1500000000334,7.44609285931733,
51.9654759389625));
#900=DIRECTION('',(-5.47177614843348E-13,-6.08543770927754E-12,-1.));
#910=VECTOR('',#900,1.);
#920=LINE('',#890,#910);
#930=CARTESIAN_POINT('',(10.1500000000302,7.44609285916862,
46.215266586366));
#940=VERTEX_POINT('',#930);
#950=EDGE_CURVE('',#940,#860,#920,.T.);
#960=ORIENTED_EDGE('',*,*,#950,.T.);
#970=CARTESIAN_POINT('',(10.1500000000297,7.74609285916861,
46.2152665862552));
#980=DIRECTION('',(-1.,-1.8241749373842E-12,5.47177614854449E-13));
#990=DIRECTION('',(1.8772619906338E-12,-0.992546151654902,
0.121869343294549));
#1000=AXIS2_PLACEMENT_3D('',#970,#980,#990);
#1010=CIRCLE('',#1000,0.299999999999998);
#1020=CARTESIAN_POINT('',(10.1500000000294,7.95822489358699,
46.4273986205488));
#1030=VERTEX_POINT('',#1020);
#1040=EDGE_CURVE('',#940,#1030,#1010,.T.);
#1050=ORIENTED_EDGE('',*,*,#1040,.F.);
#1060=CARTESIAN_POINT('',(10.1500000000735,-26.5917933820058,
11.8773803453765));
#1070=DIRECTION('',(-9.02973466328054E-13,0.707106781190851,
0.707106781182245));
#1080=VECTOR('',#1070,1.);
#1090=LINE('',#1060,#1080);
#1100=CARTESIAN_POINT('',(10.1500000000286,8.60139769188867,
47.0705714188426));
#1110=VERTEX_POINT('',#1100);
#1120=EDGE_CURVE('',#1030,#1110,#1090,.T.);
#1130=ORIENTED_EDGE('',*,*,#1120,.F.);
#1140=CARTESIAN_POINT('',(10.1500000000239,10.5805949623494,
45.0913741483361));
#1150=DIRECTION('',(-1.67679947026149E-12,0.707106781178337,
-0.707106781194758));
#1160=VECTOR('',#1150,1.);
#1170=LINE('',#1140,#1160);
#1180=CARTESIAN_POINT('',(10.150000000031,7.57609285911866,
48.0958762516359));
#1190=VERTEX_POINT('',#1180);
#1200=EDGE_CURVE('',#1190,#1110,#1170,.T.);
#1210=ORIENTED_EDGE('',*,*,#1200,.T.);
#1220=CARTESIAN_POINT('',(10.150000000077,-28.4181541439746,
12.1016292493786));
#1230=DIRECTION('',(-9.02973466337321E-13,0.707106781194758,
0.707106781178337));
#1240=VECTOR('',#1230,1.);
#1250=LINE('',#1220,#1240);
#1260=CARTESIAN_POINT('',(10.1500000000301,8.28021660536165,
48.7999999981199));
#1270=VERTEX_POINT('',#1260);
#1280=EDGE_CURVE('',#1190,#1270,#1250,.T.);
#1290=ORIENTED_EDGE('',*,*,#1280,.F.);
#1300=CARTESIAN_POINT('',(10.1499999999714,40.4495488907841,
48.7999999983405));
#1310=DIRECTION('',(1.82417493738045E-12,-1.,-6.85679291118546E-12));
#1320=VECTOR('',#1310,1.);
#1330=LINE('',#1300,#1320);
#1340=CARTESIAN_POINT('',(10.1499999999938,28.2010770261807,
48.7999999982565));
#1350=VERTEX_POINT('',#1340);
#1360=EDGE_CURVE('',#1350,#1270,#1330,.T.);
#1370=ORIENTED_EDGE('',*,*,#1360,.T.);
#1380=CARTESIAN_POINT('',(10.1499999999291,49.7917459769663,
2.49866101361505));
#1390=DIRECTION('',(1.26684097437433E-12,-0.422618261735184,
0.906307787039222));
#1400=VECTOR('',#1390,1.);
#1410=LINE('',#1380,#1400);
#1420=CARTESIAN_POINT('',(10.1499999999896,29.6000000001913,
45.7999999986682));
#1430=VERTEX_POINT('',#1420);
#1440=EDGE_CURVE('',#1430,#1350,#1410,.T.);
#1450=ORIENTED_EDGE('',*,*,#1440,.T.);
#1460=CARTESIAN_POINT('',(10.1499999999924,29.6000000002002,
50.9999999941921));
#1470=DIRECTION('',(-5.47177614851323E-13,-1.71380964972571E-12,-1.));
#1480=VECTOR('',#1470,1.);
#1490=LINE('',#1460,#1480);
#1500=CARTESIAN_POINT('',(10.1499999999853,29.6000000001778,
37.9000002305266));
#1510=VERTEX_POINT('',#1500);
#1520=EDGE_CURVE('',#1430,#1510,#1490,.T.);
#1530=ORIENTED_EDGE('',*,*,#1520,.F.);
#1540=CARTESIAN_POINT('',(10.1500000000216,9.69760527438015,
37.9000002305607));
#1550=DIRECTION('',(1.82417493738513E-12,-1.,1.71183900388098E-12));
#1560=VECTOR('',#1550,1.);
#1570=LINE('',#1540,#1560);
#1580=CARTESIAN_POINT('',(10.1499999999692,38.4000000001437,
37.9000002305115));
#1590=VERTEX_POINT('',#1580);
#1600=EDGE_CURVE('',#1590,#1510,#1570,.T.);
#1610=ORIENTED_EDGE('',*,*,#1600,.T.);
#1620=CARTESIAN_POINT('',(10.1499999999764,38.4000000001111,
50.9999999952226));
#1630=DIRECTION('',(-5.47177614858982E-13,2.48524811843594E-12,-1.));
#1640=VECTOR('',#1630,1.);
#1650=LINE('',#1620,#1640);
#1660=CARTESIAN_POINT('',(10.1499999999735,38.4000000001241,
45.7999999980626));
#1670=VERTEX_POINT('',#1660);
#1680=EDGE_CURVE('',#1670,#1590,#1650,.T.);
#1690=ORIENTED_EDGE('',*,*,#1680,.T.);
#1700=CARTESIAN_POINT('',(10.1499999999712,27.5298578402578,
5.23207717083237));
#1710=DIRECTION('',(-5.64017743744894E-14,-0.258819045095898,
-0.965925826290843));
#1720=VECTOR('',#1710,1.);
#1730=LINE('',#1700,#1720);
#1740=CARTESIAN_POINT('',(10.1499999999737,39.2038475774675,
48.7999999983319));
#1750=VERTEX_POINT('',#1740);
#1760=EDGE_CURVE('',#1750,#1670,#1730,.T.);
#1770=ORIENTED_EDGE('',*,*,#1760,.T.);
#1780=CARTESIAN_POINT('',(10.1499999999436,55.6939648222377,
48.799999998445));
#1790=VERTEX_POINT('',#1780);
#1800=EDGE_CURVE('',#1790,#1750,#1330,.T.);
#1810=ORIENTED_EDGE('',*,*,#1800,.T.);
#1820=CARTESIAN_POINT('',(10.1499999999486,40.3162224234765,
6.54999999645861));
#1830=DIRECTION('',(-1.09725806608847E-13,0.342020143331387,
0.939692620783827));
#1840=VECTOR('',#1830,1.);
#1850=LINE('',#1820,#1840);
#1860=CARTESIAN_POINT('',(10.1499999999413,62.8641784363233,
68.4999999954384));
#1870=VERTEX_POINT('',#1860);
#1880=EDGE_CURVE('',#1790,#1870,#1850,.T.);
#1890=ORIENTED_EDGE('',*,*,#1880,.F.);
#1900=CARTESIAN_POINT('',(10.1500000048865,56.4836494387657,
68.4999999947583));
#1910=DIRECTION('',(9.23101508975618E-11,1.,1.06585698600749E-10));
#1920=VECTOR('',#1910,1.);
#1930=LINE('',#1900,#1920);
#1940=CARTESIAN_POINT('',(10.1499999999086,80.8197828377447,
68.4999999973522));
#1950=VERTEX_POINT('',#1940);
#1960=EDGE_CURVE('',#1870,#1950,#1930,.T.);
#1970=ORIENTED_EDGE('',*,*,#1960,.F.);
#1980=CARTESIAN_POINT('',(10.1500000000043,40.4495488907609,
108.870233943336));
#1990=DIRECTION('',(1.67679947028316E-12,-0.707106781195304,
0.707106781177791));
#2000=VECTOR('',#1990,1.);
#2010=LINE('',#1980,#2000);
#2020=CARTESIAN_POINT('',(10.1500000071979,81.5239065839178,
67.7958762511965));
#2030=VERTEX_POINT('',#2020);
#2040=EDGE_CURVE('',#2030,#1950,#2010,.T.);
#2050=ORIENTED_EDGE('',*,*,#2040,.T.);
#2060=CARTESIAN_POINT('',(10.1500000075551,85.3935062710626,
71.6654759384372));
#2070=DIRECTION('',(6.52733382677543E-11,0.707106781177791,
0.707106781195304));
#2080=VECTOR('',#2070,1.);
#2090=LINE('',#2060,#2080);
#2100=CARTESIAN_POINT('',(10.1500000071033,80.4986017511465,
66.7705714183998));
#2110=VERTEX_POINT('',#2100);
#2120=EDGE_CURVE('',#2110,#2030,#2090,.T.);
#2130=ORIENTED_EDGE('',*,*,#2120,.T.);
#2140=CARTESIAN_POINT('',(10.1500000040154,47.0476986371637,
100.221474531924));
#2150=DIRECTION('',(6.52729290759238E-11,0.707106781191396,
-0.707106781181699));
#2160=VECTOR('',#2150,1.);
#2170=LINE('',#2140,#2160);
#2180=CARTESIAN_POINT('',(10.1500000071627,81.1417745495099,
66.1273986201675));
#2190=VERTEX_POINT('',#2180);
#2200=EDGE_CURVE('',#2110,#2190,#2170,.T.);
#2210=ORIENTED_EDGE('',*,*,#2200,.F.);
#2220=CARTESIAN_POINT('',(10.1500000071822,81.3539065838673,
65.915266585813));
#2230=DIRECTION('',(1.,-9.23101508975617E-11,-2.89343206215198E-16));
#2240=DIRECTION('',(6.52729290759237E-11,0.707106781191396,
-0.707106781181699));
#2250=AXIS2_PLACEMENT_3D('',#2220,#2230,#2240);
#2260=CIRCLE('',#2250,0.299999999999998);
#2270=CARTESIAN_POINT('',(10.1500000072099,81.6539065838673,
65.915266585815));
#2280=VERTEX_POINT('',#2270);
#2290=EDGE_CURVE('',#2280,#2190,#2260,.T.);
#2300=ORIENTED_EDGE('',*,*,#2290,.T.);
#2310=CARTESIAN_POINT('',(10.1500000072099,81.6539065838278,
71.6654759384116));
#2320=DIRECTION('',(-2.89342573238054E-16,6.85707046729275E-12,-1.));
#2330=VECTOR('',#2320,1.);
#2340=LINE('',#2310,#2330);
#2350=CARTESIAN_POINT('',(10.1500000072099,81.6539065838761,
64.625317092045));
#2360=VERTEX_POINT('',#2350);
#2370=EDGE_CURVE('',#2280,#2360,#2340,.T.);
#2380=ORIENTED_EDGE('',*,*,#2370,.F.);
#2390=CARTESIAN_POINT('',(10.1500000040154,47.0476986371704,
99.2315250382729));
#2400=DIRECTION('',(6.52729290759267E-11,0.707106781191428,
-0.707106781181667));
#2410=VECTOR('',#2400,1.);
#2420=LINE('',#2390,#2410);
#2430=CARTESIAN_POINT('',(10.1500000071702,81.2233862018685,
65.0558374740467));
#2440=VERTEX_POINT('',#2430);
#2450=EDGE_CURVE('',#2440,#2360,#2420,.T.);
#2460=ORIENTED_EDGE('',*,*,#2450,.T.);
#2470=CARTESIAN_POINT('',(10.1500000040154,47.0476986376391,
30.8801499093486));
#2480=DIRECTION('',(-6.5273338268115E-11,-0.707106781181699,
-0.707106781191396));
#2490=VECTOR('',#2480,1.);
#2500=LINE('',#2470,#2490);
#2510=CARTESIAN_POINT('',(10.1500000071016,80.480924081628,
64.3133753537959));
#2520=VERTEX_POINT('',#2510);
#2530=EDGE_CURVE('',#2440,#2520,#2500,.T.);
#2540=ORIENTED_EDGE('',*,*,#2530,.F.);
#2550=CARTESIAN_POINT('',(10.1500000040154,47.0476986371806,
97.7466007977808));
#2560=DIRECTION('',(6.52729290759275E-11,0.707106781191437,
-0.707106781181658));
#2570=VECTOR('',#2560,1.);
#2580=LINE('',#2550,#2570);
#2590=CARTESIAN_POINT('',(10.1500000075161,84.9710521421937,
59.8232472932923));
#2600=VERTEX_POINT('',#2590);
#2610=EDGE_CURVE('',#2520,#2600,#2580,.T.);
#2620=ORIENTED_EDGE('',*,*,#2610,.F.);
#2630=CARTESIAN_POINT('',(10.1500000040154,47.0476986377007,
21.8998937882793));
#2640=DIRECTION('',(6.52733382681151E-11,0.7071067811817,
0.707106781191395));
#2650=VECTOR('',#2640,1.);
#2660=LINE('',#2630,#2650);
#2670=CARTESIAN_POINT('',(10.1500000075847,85.7135142624343,
60.5657094135431));
#2680=VERTEX_POINT('',#2670);
#2690=EDGE_CURVE('',#2600,#2680,#2660,.T.);
#2700=ORIENTED_EDGE('',*,*,#2690,.F.);
#2710=CARTESIAN_POINT('',(10.1500000040154,47.0476986371704,
99.2315250382758));
#2720=DIRECTION('',(-6.52729290759245E-11,-0.707106781191404,
0.707106781181691));
#2730=VECTOR('',#2720,1.);
#2740=LINE('',#2710,#2730);
#2750=CARTESIAN_POINT('',(10.1500000075449,85.2829938804271,
60.9962297955444));
#2760=VERTEX_POINT('',#2750);
#2770=EDGE_CURVE('',#2680,#2760,#2740,.T.);
#2780=ORIENTED_EDGE('',*,*,#2770,.F.);
#2790=CARTESIAN_POINT('',(10.1500000040154,47.0476986374326,
60.9962297952822));
#2800=DIRECTION('',(9.23101508975617E-11,1.,6.85707046729373E-12));
#2810=VECTOR('',#2800,1.);
#2820=LINE('',#2790,#2810);
#2830=CARTESIAN_POINT('',(10.150000007664,86.5729433741968,
60.9962297955532));
#2840=VERTEX_POINT('',#2830);
#2850=EDGE_CURVE('',#2760,#2840,#2820,.T.);
#2860=ORIENTED_EDGE('',*,*,#2850,.F.);
#2870=CARTESIAN_POINT('',(10.150000007664,86.5729433741987,
60.6962297955532));
#2880=DIRECTION('',(-1.,9.23101508975617E-11,2.89343206215198E-16));
#2890=DIRECTION('',(-6.52729290759237E-11,-0.707106781191396,
0.707106781181699));
#2900=AXIS2_PLACEMENT_3D('',#2870,#2880,#2890);
#2910=CIRCLE('',#2900,0.299999999999998);
#2920=CARTESIAN_POINT('',(10.1500000076836,86.785075408495,
60.4840977611376));
#2930=VERTEX_POINT('',#2920);
#2940=EDGE_CURVE('',#2840,#2930,#2910,.T.);
#2950=ORIENTED_EDGE('',*,*,#2940,.F.);
#2960=CARTESIAN_POINT('',(10.1500000040154,47.0476986371637,
100.221474531924));
#2970=DIRECTION('',(6.52729290759238E-11,0.707106781191396,
-0.707106781181699));
#2980=VECTOR('',#2970,1.);
#2990=LINE('',#2960,#2980);
#3000=CARTESIAN_POINT('',(10.150000007743,87.428248206797,
59.8409249628444));
#3010=VERTEX_POINT('',#3000);
#3020=EDGE_CURVE('',#2930,#3010,#2990,.T.);
#3030=ORIENTED_EDGE('',*,*,#3020,.F.);
#3040=CARTESIAN_POINT('',(10.1500000048864,56.4836494389199,
28.8963261948849));
#3050=DIRECTION('',(6.52733382684757E-11,0.707106781185607,
0.707106781187488));
#3060=VECTOR('',#3050,1.);
#3070=LINE('',#3040,#3060);
#3080=CARTESIAN_POINT('',(10.1499999998905,88.4535530403819,
60.8662297962091));
#3090=VERTEX_POINT('',#3080);
#3100=EDGE_CURVE('',#3010,#3090,#3070,.T.);
#3110=ORIENTED_EDGE('',*,*,#3100,.F.);
#3120=CARTESIAN_POINT('',(10.1500000000043,40.4495488907609,
108.870233935066));
#3130=DIRECTION('',(1.67679947037321E-12,-0.707106781265823,
0.707106781107273));
#3140=VECTOR('',#3130,1.);
#3150=LINE('',#3120,#3140);
#3160=CARTESIAN_POINT('',(10.1499999998889,89.0999996501473,
60.2197831865886));
#3170=VERTEX_POINT('',#3160);
#3180=EDGE_CURVE('',#3170,#3090,#3150,.T.);
#3190=ORIENTED_EDGE('',*,*,#3180,.T.);
#3200=CARTESIAN_POINT('',(10.1500000078973,89.0999996423279,
-0.228169653689243));
#3210=DIRECTION('',(-2.89355147247199E-16,-1.29357732858414E-10,-1.));
#3220=VECTOR('',#3210,1.);
#3230=LINE('',#3200,#3220);
#3240=CARTESIAN_POINT('',(10.1500000078973,89.0999995257836,
40.5197831875448));
#3250=VERTEX_POINT('',#3240);
#3260=EDGE_CURVE('',#3170,#3250,#3230,.T.);
#3270=ORIENTED_EDGE('',*,*,#3260,.F.);
#3280=CARTESIAN_POINT('',(10.1499999998596,89.0999995216092,
6.54999999647744));
#3290=DIRECTION('',(-5.47177614630282E-13,-1.22886756326299E-10,-1.));
#3300=VECTOR('',#3290,1.);
#3310=LINE('',#3280,#3300);
#3320=CARTESIAN_POINT('',(10.1499999998602,89.0999995217429,
7.63825580204523));
#3330=VERTEX_POINT('',#3320);
#3340=EDGE_CURVE('',#3250,#3330,#3310,.T.);
#3350=ORIENTED_EDGE('',*,*,#3340,.F.);
#3360=CARTESIAN_POINT('',(10.1499999999423,40.4495488908046,
-4.518212361976));
#3370=DIRECTION('',(-1.63711525330739E-12,0.970171324226803,
0.242420299579083));
#3380=VECTOR('',#3370,1.);
#3390=LINE('',#3360,#3380);
#3400=CARTESIAN_POINT('',(10.1499999999118,58.5315332722206,
3.82407883137148E-10));
#3410=VERTEX_POINT('',#3400);
#3420=EDGE_CURVE('',#3410,#3330,#3390,.T.);
#3430=ORIENTED_EDGE('',*,*,#3420,.T.);
#3440=CARTESIAN_POINT('',(10.1499999999447,40.4495488908029,
-3.53914142436906E-9));
#3450=DIRECTION('',(1.82417493726553E-12,-1.,-2.1687608653398E-10));
#3460=VECTOR('',#3450,1.);
#3470=LINE('',#3440,#3460);
#3480=CARTESIAN_POINT('',(10.1499999999154,56.558943654557,
-4.53992399229719E-11));
#3490=VERTEX_POINT('',#3480);
#3500=EDGE_CURVE('',#3410,#3490,#3470,.T.);
#3510=ORIENTED_EDGE('',*,*,#3500,.F.);
#3520=CARTESIAN_POINT('',(10.1499999999043,64.2939726796042,
5.51537178993018));
#3530=DIRECTION('',(-1.,-1.8241749373842E-12,5.47177614854449E-13));
#3540=DIRECTION('',(1.8241749372655E-12,-1.,-2.16933998542502E-10));
#3550=AXIS2_PLACEMENT_3D('',#3520,#3530,#3540);
#3560=CIRCLE('',#3550,9.499999999999);
#3570=CARTESIAN_POINT('',(10.1499999999206,54.9000000005348,
4.09999999959412));
#3580=VERTEX_POINT('',#3570);
#3590=EDGE_CURVE('',#3490,#3580,#3560,.T.);
#3600=ORIENTED_EDGE('',*,*,#3590,.F.);
#3610=CARTESIAN_POINT('',(10.1499999999194,54.9000000010167,
1.87144628686931));
#3620=DIRECTION('',(5.47177615248915E-13,-2.16243772888116E-10,1.));
#3630=VECTOR('',#3620,1.);
#3640=LINE('',#3610,#3630);
#3650=CARTESIAN_POINT('',(10.1499999999209,54.9000000004372,
4.55166604944019));
#3660=VERTEX_POINT('',#3650);
#3670=EDGE_CURVE('',#3580,#3660,#3640,.T.);
#3680=ORIENTED_EDGE('',*,*,#3670,.F.);
#3690=CARTESIAN_POINT('',(10.1500000000064,3.92589544906552,
-9.10680411184893));
#3700=DIRECTION('',(-1.6203976956935E-12,0.965925826232933,
0.258819045312019));
#3710=VECTOR('',#3700,1.);
#3720=LINE('',#3690,#3710);
#3730=CARTESIAN_POINT('',(10.1499999999187,56.2000000003618,
4.89999999988265));
#3740=VERTEX_POINT('',#3730);
#3750=EDGE_CURVE('',#3660,#3740,#3720,.T.);
#3760=ORIENTED_EDGE('',*,*,#3750,.F.);
#3770=CARTESIAN_POINT('',(10.1499999999169,56.2000000010534,
1.71182635783808));
#3780=DIRECTION('',(5.47177615250174E-13,-2.1693397078695E-10,1.));
#3790=VECTOR('',#3780,1.);
#3800=LINE('',#3770,#3790);
#3810=CARTESIAN_POINT('',(10.1499999999193,56.2000000001232,
5.99999999988338));
#3820=VERTEX_POINT('',#3810);
#3830=EDGE_CURVE('',#3740,#3820,#3800,.T.);
#3840=ORIENTED_EDGE('',*,*,#3830,.F.);
#3850=CARTESIAN_POINT('',(10.1500000000127,6.31663766004567,
10.364228692292));
#3860=DIRECTION('',(1.86492307236775E-12,-0.996194698110653,
0.0871557425315506));
#3870=VECTOR('',#3860,1.);
#3880=LINE('',#3850,#3870);
#3890=CARTESIAN_POINT('',(10.1499999999236,53.9139895395331,
6.19999999938699));
#3900=VERTEX_POINT('',#3890);
#3910=EDGE_CURVE('',#3820,#3900,#3880,.T.);
#3920=ORIENTED_EDGE('',*,*,#3910,.F.);
#3930=CARTESIAN_POINT('',(10.1500000000113,5.80533466767765,
6.19999998895067));
#3940=DIRECTION('',(1.8241749372655E-12,-1.,-2.16933998542502E-10));
#3950=VECTOR('',#3940,1.);
#3960=LINE('',#3930,#3950);
#3970=CARTESIAN_POINT('',(10.1499999999334,48.5000000000797,
6.19999999821251));
#3980=VERTEX_POINT('',#3970);
#3990=EDGE_CURVE('',#3900,#3980,#3960,.T.);
#4000=ORIENTED_EDGE('',*,*,#3990,.F.);
#4010=CARTESIAN_POINT('',(10.1499999999338,48.3000000000796,
6.1999999981697));
#4020=DIRECTION('',(-1.,-1.8241749373842E-12,5.47177614854449E-13));
#4030=DIRECTION('',(1.8241749372655E-12,-1.,-2.16933998542502E-10));
#4040=AXIS2_PLACEMENT_3D('',#4010,#4020,#4030);
#4050=CIRCLE('',#4040,0.2);
#4060=CARTESIAN_POINT('',(10.1499999999337,48.3000000001232,
5.9999999981697));
#4070=VERTEX_POINT('',#4060);
#4080=EDGE_CURVE('',#3980,#4070,#4050,.T.);
#4090=ORIENTED_EDGE('',*,*,#4080,.F.);
#4100=CARTESIAN_POINT('',(10.1500000000113,5.78077775551827,
5.99999998893908));
#4110=DIRECTION('',(1.8241749372655E-12,-1.,-2.16933970786926E-10));
#4120=VECTOR('',#4110,1.);
#4130=LINE('',#4100,#4120);
#4140=CARTESIAN_POINT('',(10.1499999999808,22.5061669886083,
5.99999999256739));
#4150=VERTEX_POINT('',#4140);
#4160=EDGE_CURVE('',#4070,#4150,#4130,.T.);
#4170=ORIENTED_EDGE('',*,*,#4160,.F.);
#4180=CARTESIAN_POINT('',(10.1499999999673,29.8000000001976,
5.69999999414966));
#4190=DIRECTION('',(1.,1.8241749373842E-12,-5.47177614854449E-13));
#4200=DIRECTION('',(-1.8241749372655E-12,1.,2.16933998542502E-10));
#4210=AXIS2_PLACEMENT_3D('',#4180,#4190,#4200);
#4220=CIRCLE('',#4210,7.3);
#4230=CARTESIAN_POINT('',(10.1499999999811,23.0792317181255,
8.54978484544882));
#4240=VERTEX_POINT('',#4230);
#4250=EDGE_CURVE('',#4240,#4150,#4220,.T.);
#4260=ORIENTED_EDGE('',*,*,#4250,.T.);
#4270=CARTESIAN_POINT('',(10.1499999999821,22.6189051234902,
8.74497558868018));
#4280=DIRECTION('',(1.,1.8241749373842E-12,-5.47177614854449E-13));
#4290=DIRECTION('',(-1.8241749372655E-12,1.,2.16933998542502E-10));
#4300=AXIS2_PLACEMENT_3D('',#4270,#4280,#4290);
#4310=CIRCLE('',#4300,0.5);
#4320=CARTESIAN_POINT('',(10.149999999983,22.1585785288266,
8.94016633191711));
#4330=VERTEX_POINT('',#4320);
#4340=EDGE_CURVE('',#4240,#4330,#4310,.T.);
#4350=ORIENTED_EDGE('',*,*,#4340,.F.);
#4360=CARTESIAN_POINT('',(10.1499999999673,29.8000000001976,
5.69999999414966));
#4370=DIRECTION('',(1.,1.8241749373842E-12,-5.47177614854449E-13));
#4380=DIRECTION('',(-1.8241749372655E-12,1.,2.16933998542502E-10));
#4390=AXIS2_PLACEMENT_3D('',#4360,#4370,#4380);
#4400=CIRCLE('',#4390,8.3);
#4410=CARTESIAN_POINT('',(10.1499999999824,21.5000000001976,
5.69999999234912));
#4420=VERTEX_POINT('',#4410);
#4430=EDGE_CURVE('',#4330,#4420,#4400,.T.);
#4440=ORIENTED_EDGE('',*,*,#4430,.F.);
#4450=CARTESIAN_POINT('',(10.1499999999826,21.5000000001384,
5.97245061735634));
#4460=DIRECTION('',(5.47177615250174E-13,-2.16933998542526E-10,1.));
#4470=VECTOR('',#4460,1.);
#4480=LINE('',#4450,#4470);
#4490=CARTESIAN_POINT('',(10.1499999999818,21.5000000004316,
4.62126019518172));
#4500=VERTEX_POINT('',#4490);
#4510=EDGE_CURVE('',#4500,#4420,#4480,.T.);
#4520=ORIENTED_EDGE('',*,*,#4510,.T.);
#4530=CARTESIAN_POINT('',(10.1500000000104,5.43895795168229,
3.21610108799206));
#4540=DIRECTION('',(1.76954372942371E-12,-0.996194698072838,
-0.0871557429637704));
#4550=VECTOR('',#4540,1.);
#4560=LINE('',#4530,#4550);
#4570=CARTESIAN_POINT('',(10.1499999999802,22.4000000004144,
4.69999999255029));
#4580=VERTEX_POINT('',#4570);
#4590=EDGE_CURVE('',#4580,#4500,#4560,.T.);
#4600=ORIENTED_EDGE('',*,*,#4590,.T.);
#4610=CARTESIAN_POINT('',(10.1499999999809,22.4000000001623,
5.86194451264258));
#4620=DIRECTION('',(5.47177615250174E-13,-2.16933998542526E-10,1.));
#4630=VECTOR('',#4620,1.);
#4640=LINE('',#4610,#4630);
#4650=CARTESIAN_POINT('',(10.1499999999799,22.4000000005351,
4.14353399591915));
#4660=VERTEX_POINT('',#4650);
#4670=EDGE_CURVE('',#4660,#4580,#4640,.T.);
#4680=ORIENTED_EDGE('',*,*,#4670,.T.);
#4690=CARTESIAN_POINT('',(10.1499999999927,15.4000000005351,
4.14353399440063));
#4700=DIRECTION('',(1.,1.8241749373842E-12,-5.47177614854449E-13));
#4710=DIRECTION('',(-1.8241749372655E-12,1.,2.16933998542502E-10));
#4720=AXIS2_PLACEMENT_3D('',#4690,#4700,#4710);
#4730=CIRCLE('',#4720,7.);
#4740=CARTESIAN_POINT('',(10.1499999999801,21.0419080086707,
-7.84140485876605E-9));
#4750=VERTEX_POINT('',#4740);
#4760=EDGE_CURVE('',#4750,#4660,#4730,.T.);
#4770=ORIENTED_EDGE('',*,*,#4760,.T.);
#4780=CARTESIAN_POINT('',(10.1500000000093,5.04407039213256,
-4.10906864090066E-11));
#4790=DIRECTION('',(-1.82417493738384E-12,1.,6.48162079564719E-13));
#4800=VECTOR('',#4790,1.);
#4810=LINE('',#4780,#4800);
#4820=CARTESIAN_POINT('',(10.1500000000185,2.47560194566177E-10,
-7.85503928568687E-9));
#4830=VERTEX_POINT('',#4820);
#4840=EDGE_CURVE('',#4830,#4750,#4810,.T.);
#4850=ORIENTED_EDGE('',*,*,#4840,.T.);
#4860=CARTESIAN_POINT('',(10.1500000000229,2.47567299993534E-10,
8.03523123860873));
#4870=DIRECTION('',(-5.47177614854449E-13,-2.77555508985089E-17,-1.));
#4880=VECTOR('',#4870,1.);
#4890=LINE('',#4860,#4880);
#4900=CARTESIAN_POINT('',(10.1500000000202,2.47560194566177E-10,
3.09999999980962));
#4910=VERTEX_POINT('',#4900);
#4920=EDGE_CURVE('',#4910,#4830,#4890,.T.);
#4930=ORIENTED_EDGE('',*,*,#4920,.T.);
#4940=CARTESIAN_POINT('',(10.1500000000186,0.900000000247026,
3.09999999981));
#4950=DIRECTION('',(1.,1.8241749373842E-12,-5.47177614854449E-13));
#4960=DIRECTION('',(1.26684097454951E-12,-0.422618261846833,
0.906307786987159));
#4970=AXIS2_PLACEMENT_3D('',#4940,#4950,#4960);
#4980=CIRCLE('',#4970,0.89999999999984);
#4990=CARTESIAN_POINT('',(10.1500000000171,1.50000000024489,
2.42917960655836));
#5000=VERTEX_POINT('',#4990);
#5010=EDGE_CURVE('',#5000,#4910,#4980,.T.);
#5020=ORIENTED_EDGE('',*,*,#5010,.T.);
#5030=CARTESIAN_POINT('',(10.1500000000201,1.5000000002313,
7.85105439742603));
#5040=DIRECTION('',(5.47177614859018E-13,-2.50482967703276E-12,1.));
#5050=VECTOR('',#5040,1.);
#5060=LINE('',#5030,#5050);
#5070=CARTESIAN_POINT('',(10.1500000000166,1.50000000024721,
1.49999999995604));
#5080=VERTEX_POINT('',#5070);
#5090=EDGE_CURVE('',#5080,#5000,#5060,.T.);
#5100=ORIENTED_EDGE('',*,*,#5090,.T.);
#5110=CARTESIAN_POINT('',(10.1500000000184,0.528247233317153,
1.49999999995542));
#5120=DIRECTION('',(1.82417493738385E-12,-1.,-6.32632835007775E-13));
#5130=VECTOR('',#5120,1.);
#5140=LINE('',#5110,#5130);
#5150=CARTESIAN_POINT('',(10.1500000000128,3.60000000024703,
1.49999999995737));
#5160=VERTEX_POINT('',#5150);
#5170=EDGE_CURVE('',#5160,#5080,#5140,.T.);
#5180=ORIENTED_EDGE('',*,*,#5170,.T.);
#5190=CARTESIAN_POINT('',(10.1500000000161,3.6000000002447,
7.59320681976582));
#5200=DIRECTION('',(-5.47177614855152E-13,3.85649845416073E-13,-1.));
#5210=VECTOR('',#5200,1.);
#5220=LINE('',#5190,#5210);
#5230=CARTESIAN_POINT('',(10.1500000000175,3.60000000024372,
10.0999999998149));
#5240=VERTEX_POINT('',#5230);
#5250=EDGE_CURVE('',#5240,#5160,#5220,.T.);
#5260=ORIENTED_EDGE('',*,*,#5250,.T.);
#5270=CARTESIAN_POINT('',(10.1500000000159,3.69896962362618,
7.58105487802739));
#5280=DIRECTION('',(-6.18372532698218E-13,0.0392598157594541,
-0.999229036240708));
#5290=VECTOR('',#5280,1.);
#5300=LINE('',#5270,#5290);
#5310=CARTESIAN_POINT('',(10.150000000019,3.50177473272359,
12.5999999998145));
#5320=VERTEX_POINT('',#5310);
#5330=EDGE_CURVE('',#5320,#5240,#5300,.T.);
#5340=ORIENTED_EDGE('',*,*,#5330,.T.);
#5350=CARTESIAN_POINT('',(10.1500000000134,6.59115585806633,
12.5999999998151));
#5360=DIRECTION('',(-1.82417493738408E-12,1.,2.14078754724091E-13));
#5370=VECTOR('',#5360,1.);
#5380=LINE('',#5350,#5370);
#5390=CARTESIAN_POINT('',(10.1500000000254,-4.76667501914108E-7,
12.5999999998137));
#5400=VERTEX_POINT('',#5390);
#5410=EDGE_CURVE('',#5400,#5320,#5380,.T.);
#5420=ORIENTED_EDGE('',*,*,#5410,.T.);
#5430=CARTESIAN_POINT('',(10.1500000000232,-4.76665952930944E-7,
8.61231873288116));
#5440=DIRECTION('',(5.47177614855153E-13,-3.85969034535653E-13,1.));
#5450=VECTOR('',#5440,1.);
#5460=LINE('',#5430,#5450);
#5470=EDGE_CURVE('',#5400,#130,#5460,.T.);
#5480=ORIENTED_EDGE('',*,*,#5470,.F.);
#5490=EDGE_LOOP('',(#5480,#5420,#5340,#5260,#5180,#5100,#5020,#4930,
#4850,#4770,#4680,#4600,#4520,#4440,#4350,#4260,#4170,#4090,#4000,#3920,
#3840,#3760,#3680,#3600,#3510,#3430,#3350,#3270,#3190,#3110,#3030,#2950,
#2860,#2780,#2700,#2620,#2540,#2460,#2380,#2300,#2210,#2130,#2050,#1970,
#1890,#1810,#1770,#1690,#1610,#1530,#1450,#1370,#1290,#1210,#1130,#1050,
#960,#880,#800,#720,#640,#560,#480,#400,#310,#230,#150));
#5500=FACE_OUTER_BOUND('',#5490,.T.);
#5510=ADVANCED_FACE('',(#5500),#50,.T.);
#5520=COLOUR_RGB('',0.560784339904785,0.588235318660736,
0.600000023841858);
#5530=FILL_AREA_STYLE_COLOUR('',#5520);
#5540=FILL_AREA_STYLE('',(#5530));
#5550=SURFACE_STYLE_FILL_AREA(#5540);
#5560=SURFACE_SIDE_STYLE('',(#5550));
#5570=SURFACE_STYLE_USAGE(.BOTH.,#5560);
#5580=PRESENTATION_STYLE_ASSIGNMENT((#5570));
#5590=CARTESIAN_POINT('',(-5.16742204581533E-11,40.4495488907819,
6.54999999646422));
#5600=DIRECTION('',(1.,1.8241749373842E-12,-5.47177614854449E-13));
#5610=DIRECTION('',(-1.82417493738399E-12,1.,3.85955156736358E-13));
#5620=AXIS2_PLACEMENT_3D('',#5590,#5600,#5610);
#5630=PLANE('',#5620);
#5640=CARTESIAN_POINT('',(3.81028542051354E-12,40.4495488907427,
107.950995129212));
#5650=DIRECTION('',(-1.67679947027817E-12,0.707106781191396,
-0.707106781181699));
#5660=VECTOR('',#5650,1.);
#5670=LINE('',#5640,#5660);
#5680=CARTESIAN_POINT('',(-1.08000719478696E-10,87.6003815941456,
60.8001624264556));
#5690=VERTEX_POINT('',#5680);
#5700=CARTESIAN_POINT('',(-1.0893508317622E-10,87.9939336327474,
60.4066103878593));
#5710=VERTEX_POINT('',#5700);
#5720=EDGE_CURVE('',#5690,#5710,#5670,.T.);
#5730=ORIENTED_EDGE('',*,*,#5720,.F.);
#5740=CARTESIAN_POINT('',(-3.17932347115857E-11,27.5873232450488,0.));
#5750=DIRECTION('',(9.0294438592764E-13,-0.707106781185607,
-0.707106781187488));
#5760=VECTOR('',#5750,1.);
#5770=LINE('',#5740,#5760);
#5780=CARTESIAN_POINT('',(-1.08212105942584E-10,87.428248207734,
59.8409249628443));
#5790=VERTEX_POINT('',#5780);
#5800=EDGE_CURVE('',#5710,#5790,#5770,.T.);
#5810=ORIENTED_EDGE('',*,*,#5800,.F.);
#5820=CARTESIAN_POINT('',(9.91136062111764E-11,-7.105427357601E-15,
147.269173169379));
#5830=DIRECTION('',(1.67685310081822E-12,-0.707106781191396,
0.707106781181699));
#5840=VECTOR('',#5830,1.);
#5850=LINE('',#5820,#5840);
#5860=CARTESIAN_POINT('',(-1.0668621541754E-10,86.7850754094319,
60.4840977611376));
#5870=VERTEX_POINT('',#5860);
#5880=EDGE_CURVE('',#5790,#5870,#5850,.T.);
#5890=ORIENTED_EDGE('',*,*,#5880,.F.);
#5900=CARTESIAN_POINT('',(-1.0618173007515E-10,86.5729433751356,
60.6962297955532));
#5910=DIRECTION('',(-1.,9.23101508975617E-11,2.89343206215198E-16));
#5920=DIRECTION('',(-6.52729290759237E-11,-0.707106781191396,
0.707106781181699));
#5930=AXIS2_PLACEMENT_3D('',#5900,#5910,#5920);
#5940=CIRCLE('',#5930,0.299999999999998);
#5950=CARTESIAN_POINT('',(-1.06020081602765E-10,86.5729433751338,
60.9962297955532));
#5960=VERTEX_POINT('',#5950);
#5970=EDGE_CURVE('',#5960,#5870,#5940,.T.);
#5980=ORIENTED_EDGE('',*,*,#5970,.T.);
#5990=CARTESIAN_POINT('',(5.19069232041147E-11,0.,60.9962297949596));
#6000=DIRECTION('',(1.82417493738045E-12,-1.,-6.85707046729376E-12));
#6010=VECTOR('',#6000,1.);
#6020=LINE('',#5990,#6010);
#6030=CARTESIAN_POINT('',(-1.03666408790559E-10,85.282993881364,
60.9962297955444));
#6040=VERTEX_POINT('',#6030);
#6050=EDGE_CURVE('',#5960,#6040,#6020,.T.);
#6060=ORIENTED_EDGE('',*,*,#6050,.F.);
#6070=CARTESIAN_POINT('',(9.85718173751593E-11,0.,146.279223675737));
#6080=DIRECTION('',(-1.67688085639384E-12,0.707106781191404,
-0.707106781181691));
#6090=VECTOR('',#6080,1.);
#6100=LINE('',#6070,#6090);
#6110=CARTESIAN_POINT('',(-1.04687813973214E-10,85.7135142633712,
60.5657094135431));
#6120=VERTEX_POINT('',#6110);
#6130=EDGE_CURVE('',#6040,#6120,#6100,.T.);
#6140=ORIENTED_EDGE('',*,*,#6130,.F.);
#6150=CARTESIAN_POINT('',(-2.73434608288881E-11,25.1478048506586,0.));
#6160=DIRECTION('',(9.0294438592764E-13,-0.7071067811817,
-0.707106781191395));
#6170=VECTOR('',#6160,1.);
#6180=LINE('',#6150,#6170);
#6190=CARTESIAN_POINT('',(-1.03739239420975E-10,84.9710521431306,
59.8232472932923));
#6200=VERTEX_POINT('',#6190);
#6210=EDGE_CURVE('',#6120,#6200,#6180,.T.);
#6220=ORIENTED_EDGE('',*,*,#6210,.F.);
#6230=CARTESIAN_POINT('',(9.7758245942714E-11,0.,144.794299435248));
#6240=DIRECTION('',(1.67682534524261E-12,-0.707106781191437,
0.707106781181658));
#6250=VECTOR('',#6240,1.);
#6260=LINE('',#6230,#6250);
#6270=CARTESIAN_POINT('',(-9.30899801687701E-11,80.4809240825649,
64.3133753537959));
#6280=VERTEX_POINT('',#6270);
#6290=EDGE_CURVE('',#6200,#6280,#6260,.T.);
#6300=ORIENTED_EDGE('',*,*,#6290,.F.);
#6310=CARTESIAN_POINT('',(-1.09618980559389E-11,16.1675487296509,
-8.88178419700125E-16));
#6320=DIRECTION('',(-9.0294438592764E-13,0.707106781181699,
0.707106781191396));
#6330=VECTOR('',#6320,1.);
#6340=LINE('',#6310,#6330);
#6350=CARTESIAN_POINT('',(-9.40385547210099E-11,81.2233862028054,
65.0558374740467));
#6360=VERTEX_POINT('',#6350);
#6370=EDGE_CURVE('',#6280,#6360,#6340,.T.);
#6380=ORIENTED_EDGE('',*,*,#6370,.F.);
#6390=CARTESIAN_POINT('',(9.85718173751593E-11,0.,146.279223675731));
#6400=DIRECTION('',(-1.67682534524261E-12,0.707106781191428,
-0.707106781181667));
#6410=VECTOR('',#6400,1.);
#6420=LINE('',#6390,#6410);
#6430=CARTESIAN_POINT('',(-9.5059959903665E-11,81.6539065848131,
64.625317092045));
#6440=VERTEX_POINT('',#6430);
#6450=EDGE_CURVE('',#6360,#6440,#6420,.T.);
#6460=ORIENTED_EDGE('',*,*,#6450,.F.);
#6470=CARTESIAN_POINT('',(-1.30420119148766E-10,81.6539065852562,0.));
#6480=DIRECTION('',(5.47177614866957E-13,-6.85707046734324E-12,1.));
#6490=VECTOR('',#6480,1.);
#6500=LINE('',#6470,#6490);
#6510=CARTESIAN_POINT('',(-9.43547462384231E-11,81.6539065848042,
65.915266585815));
#6520=VERTEX_POINT('',#6510);
#6530=EDGE_CURVE('',#6440,#6520,#6500,.T.);
#6540=ORIENTED_EDGE('',*,*,#6530,.F.);
#6550=CARTESIAN_POINT('',(-9.38058519750484E-11,81.3539065848042,
65.915266585813));
#6560=DIRECTION('',(1.,-9.23101508975617E-11,-2.89343206215198E-16));
#6570=DIRECTION('',(6.52729290759237E-11,0.707106781191396,
-0.707106781181699));
#6580=AXIS2_PLACEMENT_3D('',#6550,#6560,#6570);
#6590=CIRCLE('',#6580,0.299999999999998);
#6600=CARTESIAN_POINT('',(-1.13390186129436E-10,81.1417745503857,
66.1273986201064));
#6610=VERTEX_POINT('',#6600);
#6620=EDGE_CURVE('',#6520,#6610,#6590,.T.);
#6630=ORIENTED_EDGE('',*,*,#6620,.F.);
#6640=CARTESIAN_POINT('',(9.91136062111764E-11,-7.105427357601E-15,
147.269173169379));
#6650=DIRECTION('',(1.67685310081822E-12,-0.707106781191396,
0.707106781181699));
#6660=VECTOR('',#6650,1.);
#6670=LINE('',#6640,#6660);
#6680=CARTESIAN_POINT('',(-9.17790288212927E-11,80.4986017520835,
66.7705714183999));
#6690=VERTEX_POINT('',#6680);
#6700=EDGE_CURVE('',#6610,#6690,#6670,.T.);
#6710=ORIENTED_EDGE('',*,*,#6700,.F.);
#6720=CARTESIAN_POINT('',(-6.51212417324132E-12,13.7280303353373,0.));
#6730=DIRECTION('',(-9.02972141503255E-13,0.707106781177791,
0.707106781195304));
#6740=VECTOR('',#6730,1.);
#6750=LINE('',#6720,#6740);
#6760=CARTESIAN_POINT('',(-9.25020060549286E-11,81.0642871770906,
67.336256843421));
#6770=VERTEX_POINT('',#6760);
#6780=EDGE_CURVE('',#6690,#6770,#6750,.T.);
#6790=ORIENTED_EDGE('',*,*,#6780,.F.);
#6800=CARTESIAN_POINT('',(3.81028542051354E-12,40.4495488907427,
107.950995129212));
#6810=DIRECTION('',(-1.67679947027817E-12,0.707106781191396,
-0.707106781181699));
#6820=VECTOR('',#6810,1.);
#6830=LINE('',#6800,#6820);
#6840=CARTESIAN_POINT('',(-9.34345933956138E-11,81.4578392158757,
66.9427048046414));
#6850=VERTEX_POINT('',#6840);
#6860=EDGE_CURVE('',#6770,#6850,#6830,.T.);
#6870=ORIENTED_EDGE('',*,*,#6860,.F.);
#6880=CARTESIAN_POINT('',(-1.07055697640135E-10,70.808975920661,
6.54999999647594));
#6890=DIRECTION('',(2.22100103773899E-13,0.173648177660181,
0.984807753013398));
#6900=VECTOR('',#6890,1.);
#6910=LINE('',#6880,#6900);
#6920=CARTESIAN_POINT('',(-9.32587340685131E-11,81.5956296496123,
67.7241531864408));
#6930=VERTEX_POINT('',#6920);
#6940=EDGE_CURVE('',#6850,#6930,#6910,.T.);
#6950=ORIENTED_EDGE('',*,*,#6940,.F.);
#6960=CARTESIAN_POINT('',(4.31477076290321E-12,40.4495488907424,
108.870233944292));
#6970=DIRECTION('',(1.67679947028316E-12,-0.707106781195304,
0.707106781177791));
#6980=VECTOR('',#6970,1.);
#6990=LINE('',#6960,#6980);
#7000=CARTESIAN_POINT('',(-9.14184283828945E-11,80.8197828386816,
68.4999999973522));
#7010=VERTEX_POINT('',#7000);
#7020=EDGE_CURVE('',#6930,#7010,#6990,.T.);
#7030=ORIENTED_EDGE('',*,*,#7020,.F.);
#7040=CARTESIAN_POINT('',(5.60120838599687E-11,0.,68.499999988738));
#7050=DIRECTION('',(1.82417493732588E-12,-1.,-1.06585698600749E-10));
#7060=VECTOR('',#7050,1.);
#7070=LINE('',#7040,#7060);
#7080=CARTESIAN_POINT('',(-5.86641846211933E-11,62.8641784372603,
68.4999999954385));
#7090=VERTEX_POINT('',#7080);
#7100=EDGE_CURVE('',#7010,#7090,#7070,.T.);
#7110=ORIENTED_EDGE('',*,*,#7100,.F.);
#7120=CARTESIAN_POINT('',(-5.06652497733739E-11,37.9322173912136,0.));
#7130=DIRECTION('',(1.09745545984197E-13,-0.342020143331387,
-0.939692620783827));
#7140=VECTOR('',#7130,1.);
#7150=LINE('',#7120,#7140);
#7160=CARTESIAN_POINT('',(-5.63638025141699E-11,55.6939648231767,
48.7999999984506));
#7170=VERTEX_POINT('',#7160);
#7180=EDGE_CURVE('',#7090,#7170,#7150,.T.);
#7190=ORIENTED_EDGE('',*,*,#7180,.F.);
#7200=CARTESIAN_POINT('',(2.50999221407255E-11,11.0359569584326,
48.7999999981443));
#7210=DIRECTION('',(1.82417493738045E-12,-1.,-6.85679291123694E-12));
#7220=VECTOR('',#7210,1.);
#7230=LINE('',#7200,#7220);
#7240=CARTESIAN_POINT('',(-2.62829757957661E-11,39.203847577449,
48.7999999983375));
#7250=VERTEX_POINT('',#7240);
#7260=EDGE_CURVE('',#7170,#7250,#7230,.T.);
#7270=ORIENTED_EDGE('',*,*,#7260,.F.);
#7280=CARTESIAN_POINT('',(-2.88267187897873E-11,27.5298578402392,
5.23207717083793));
#7290=DIRECTION('',(-5.64017743744894E-14,-0.258819045095898,
-0.965925826290843));
#7300=VECTOR('',#7290,1.);
#7310=LINE('',#7280,#7300);
#7320=CARTESIAN_POINT('',(-2.64588351228667E-11,38.4000000001055,
45.7999999980681));
#7330=VERTEX_POINT('',#7320);
#7340=EDGE_CURVE('',#7250,#7330,#7310,.T.);
#7350=ORIENTED_EDGE('',*,*,#7340,.F.);
#7360=CARTESIAN_POINT('',(-2.36131114661475E-11,38.4000000000926,
50.9999999952282));
#7370=DIRECTION('',(-5.47177614858982E-13,2.48524811843594E-12,-1.));
#7380=VECTOR('',#7370,1.);
#7390=LINE('',#7360,#7380);
#7400=CARTESIAN_POINT('',(-3.07807113131275E-11,38.4000000001252,
37.9000002305171));
#7410=VERTEX_POINT('',#7400);
#7420=EDGE_CURVE('',#7330,#7410,#7390,.T.);
#7430=ORIENTED_EDGE('',*,*,#7420,.F.);
#7440=CARTESIAN_POINT('',(2.15774065281948E-11,9.69760527436163,
37.9000002305662));
#7450=DIRECTION('',(1.82417493738513E-12,-1.,1.71183900388098E-12));
#7460=VECTOR('',#7450,1.);
#7470=LINE('',#7440,#7460);
#7480=CARTESIAN_POINT('',(-1.47295509123069E-11,29.6000000001592,
37.9000002305321));
#7490=VERTEX_POINT('',#7480);
#7500=EDGE_CURVE('',#7410,#7490,#7470,.T.);
#7510=ORIENTED_EDGE('',*,*,#7500,.F.);
#7520=CARTESIAN_POINT('',(-7.56017470848747E-12,29.6000000001817,
50.9999999941977));
#7530=DIRECTION('',(-5.47177614851323E-13,-1.71380964972571E-12,-1.));
#7540=VECTOR('',#7530,1.);
#7550=LINE('',#7520,#7540);
#7560=CARTESIAN_POINT('',(-1.04058983652067E-11,29.6000000001728,
45.7999999986737));
#7570=VERTEX_POINT('',#7560);
#7580=EDGE_CURVE('',#7570,#7490,#7550,.T.);
#7590=ORIENTED_EDGE('',*,*,#7580,.T.);
#7600=CARTESIAN_POINT('',(-7.09334813109308E-11,49.7917459769478,
2.4986610136206));
#7610=DIRECTION('',(1.26684097437433E-12,-0.422618261735184,
0.906307787039222));
#7620=VECTOR('',#7610,1.);
#7630=LINE('',#7600,#7620);
#7640=CARTESIAN_POINT('',(-6.21191986738268E-12,28.2010770261622,
48.7999999977469));
#7650=VERTEX_POINT('',#7640);
#7660=EDGE_CURVE('',#7570,#7650,#7630,.T.);
#7670=ORIENTED_EDGE('',*,*,#7660,.F.);
#7680=CARTESIAN_POINT('',(2.50999221407255E-11,11.0359569584594,
48.7999999983624));
#7690=DIRECTION('',(-1.82417493738753E-12,1.,-6.08534056478686E-12));
#7700=VECTOR('',#7690,1.);
#7710=LINE('',#7680,#7700);
#7720=CARTESIAN_POINT('',(3.01270119962282E-11,8.28021660534313,
48.7999999978681));
#7730=VERTEX_POINT('',#7720);
#7740=EDGE_CURVE('',#7730,#7650,#7710,.T.);
#7750=ORIENTED_EDGE('',*,*,#7740,.T.);
#7760=CARTESIAN_POINT('',(-1.09530162717419E-11,40.4495488907531,
80.969332282531));
#7770=DIRECTION('',(-9.02973466337321E-13,0.707106781194758,
0.707106781178337));
#7780=VECTOR('',#7770,1.);
#7790=LINE('',#7760,#7780);
#7800=CARTESIAN_POINT('',(3.11164427557742E-11,7.50436979523664,
48.0241531877796));
#7810=VERTEX_POINT('',#7800);
#7820=EDGE_CURVE('',#7810,#7730,#7790,.T.);
#7830=ORIENTED_EDGE('',*,*,#7820,.T.);
#7840=CARTESIAN_POINT('',(-4.91695573145989E-12,14.8173820046433,
6.54999999645433));
#7850=DIRECTION('',(-8.55629410995494E-13,0.173648177660941,
-0.984807753013264));
#7860=VECTOR('',#7850,1.);
#7870=LINE('',#7840,#7860);
#7880=CARTESIAN_POINT('',(3.04378744431233E-11,7.64216022910631,
47.2427048052298));
#7890=VERTEX_POINT('',#7880);
#7900=EDGE_CURVE('',#7810,#7890,#7870,.T.);
#7910=ORIENTED_EDGE('',*,*,#7900,.F.);
#7920=CARTESIAN_POINT('',(-1.14575016141316E-11,40.4495488907535,
80.0500934664777));
#7930=DIRECTION('',(-9.02973466328054E-13,0.707106781190851,
0.707106781182245));
#7940=VECTOR('',#7930,1.);
#7950=LINE('',#7920,#7940);
#7960=CARTESIAN_POINT('',(2.9935165457573E-11,8.03571226730634,
47.6362568434251));
#7970=VERTEX_POINT('',#7960);
#7980=EDGE_CURVE('',#7890,#7970,#7950,.T.);
#7990=ORIENTED_EDGE('',*,*,#7980,.F.);
#8000=CARTESIAN_POINT('',(2.39008812741304E-11,10.5805949623309,
45.0913741483417));
#8010=DIRECTION('',(-1.67679947026149E-12,0.707106781178337,
-0.707106781194758));
#8020=VECTOR('',#8010,1.);
#8030=LINE('',#8000,#8020);
#8040=CARTESIAN_POINT('',(2.85940160438258E-11,8.60139769187011,
47.0705714188482));
#8050=VERTEX_POINT('',#8040);
#8060=EDGE_CURVE('',#7970,#8050,#8030,.T.);
#8070=ORIENTED_EDGE('',*,*,#8060,.F.);
#8080=CARTESIAN_POINT('',(7.35358440806522E-11,-26.5917933820243,
11.8773803453821));
#8090=DIRECTION('',(-9.02973466328054E-13,0.707106781190851,
0.707106781182245));
#8100=VECTOR('',#8090,1.);
#8110=LINE('',#8080,#8100);
#8120=CARTESIAN_POINT('',(2.94164692604681E-11,7.95822489356848,
46.4273986205543));
#8130=VERTEX_POINT('',#8120);
#8140=EDGE_CURVE('',#8130,#8050,#8110,.T.);
#8150=ORIENTED_EDGE('',*,*,#8140,.T.);
#8160=CARTESIAN_POINT('',(2.9686475500057E-11,7.7460928591501,
46.2152665862608));
#8170=DIRECTION('',(-1.,-1.8241749373842E-12,5.47177614854449E-13));
#8180=DIRECTION('',(1.8772619906338E-12,-0.992546151654902,
0.121869343294549));
#8190=AXIS2_PLACEMENT_3D('',#8160,#8170,#8180);
#8200=CIRCLE('',#8190,0.299999999999998);
#8210=CARTESIAN_POINT('',(3.02335934065923E-11,7.44609285915009,
46.2152665863716));
#8220=VERTEX_POINT('',#8210);
#8230=EDGE_CURVE('',#8220,#8130,#8200,.T.);
#8240=ORIENTED_EDGE('',*,*,#8230,.T.);
#8250=CARTESIAN_POINT('',(3.33795213691701E-11,7.44609285929882,
51.9654759389681));
#8260=DIRECTION('',(-5.47177614843348E-13,-6.08543770927754E-12,-1.));
#8270=VECTOR('',#8260,1.);
#8280=LINE('',#8250,#8270);
#8290=CARTESIAN_POINT('',(2.95283797413504E-11,7.44609285914225,
44.9253170924925));
#8300=VERTEX_POINT('',#8290);
#8310=EDGE_CURVE('',#8220,#8300,#8280,.T.);
#8320=ORIENTED_EDGE('',*,*,#8310,.F.);
#8330=CARTESIAN_POINT('',(7.18678450084553E-11,-25.7101019799327,
11.7691222538241));
#8340=DIRECTION('',(-9.02973466328131E-13,0.707106781190883,
0.707106781182212));
#8350=VECTOR('',#8340,1.);
#8360=LINE('',#8330,#8350);
#8370=CARTESIAN_POINT('',(2.89777091211363E-11,7.8766132412609,
45.3558374746059));
#8380=VERTEX_POINT('',#8370);
#8390=EDGE_CURVE('',#8300,#8380,#8360,.T.);
#8400=ORIENTED_EDGE('',*,*,#8390,.F.);
#8410=CARTESIAN_POINT('',(2.31992203225673E-11,10.3138160938739,
42.9186346219633));
#8420=DIRECTION('',(1.67679947026648E-12,-0.707106781182245,
0.70710678119085));
#8430=VECTOR('',#8420,1.);
#8440=LINE('',#8410,#8430);
#8450=CARTESIAN_POINT('',(2.72173394932906E-11,8.61907536150205,
44.6133753543557));
#8460=VERTEX_POINT('',#8450);
#8470=EDGE_CURVE('',#8460,#8380,#8440,.T.);
#8480=ORIENTED_EDGE('',*,*,#8470,.T.);
#8490=CARTESIAN_POINT('',(6.93667345785798E-11,-24.3875648767746,
11.6067351164846));
#8500=DIRECTION('',(-9.02973466328151E-13,0.707106781190891,
0.707106781182204));
#8510=VECTOR('',#8500,1.);
#8520=LINE('',#8490,#8510);
#8530=CARTESIAN_POINT('',(3.29514193708746E-11,4.12894730093983,
40.1232472938486));
#8540=VERTEX_POINT('',#8530);
#8550=EDGE_CURVE('',#8540,#8460,#8520,.T.);
#8560=ORIENTED_EDGE('',*,*,#8550,.T.);
#8570=CARTESIAN_POINT('',(2.06146211212399E-11,9.3317605490105,
34.9204340457146));
#8580=DIRECTION('',(-1.67679947026648E-12,0.707106781182245,
-0.70710678119085));
#8590=VECTOR('',#8580,1.);
#8600=LINE('',#8570,#8590);
#8610=CARTESIAN_POINT('',(3.47117889987203E-11,3.38648518069856,
40.8657094140989));
#8620=VERTEX_POINT('',#8610);
#8630=EDGE_CURVE('',#8620,#8540,#8600,.T.);
#8640=ORIENTED_EDGE('',*,*,#8630,.T.);
#8650=CARTESIAN_POINT('',(7.18678450084553E-11,-25.7101019799311,
11.7691222538239));
#8660=DIRECTION('',(9.02973466328074E-13,-0.707106781190859,
-0.707106781182236));
#8670=VECTOR('',#8660,1.);
#8680=LINE('',#8650,#8670);
#8690=CARTESIAN_POINT('',(3.41628947353456E-11,3.81700556259406,
41.2962297959891));
#8700=VERTEX_POINT('',#8690);
#8710=EDGE_CURVE('',#8700,#8620,#8680,.T.);
#8720=ORIENTED_EDGE('',*,*,#8710,.T.);
#8730=CARTESIAN_POINT('',(2.26751950549442E-11,10.1146098298887,
41.2962297959508));
#8740=DIRECTION('',(-1.82417493738753E-12,1.,-6.08543770930151E-12));
#8750=VECTOR('',#8740,1.);
#8760=LINE('',#8730,#8750);
#8770=CARTESIAN_POINT('',(3.65147911907115E-11,2.52705606893811,
41.296229795997));
#8780=VERTEX_POINT('',#8770);
#8790=EDGE_CURVE('',#8780,#8700,#8760,.T.);
#8800=ORIENTED_EDGE('',*,*,#8790,.T.);
#8810=CARTESIAN_POINT('',(3.63513663614867E-11,2.52705606882274,
40.996229795997));
#8820=DIRECTION('',(1.,1.8241749373842E-12,-5.47177614854449E-13));
#8830=DIRECTION('',(1.8772619906338E-12,-0.992546151654902,
0.121869343294549));
#8840=AXIS2_PLACEMENT_3D('',#8810,#8820,#8830);
#8850=CIRCLE('',#8840,0.299999999999998);
#8860=CARTESIAN_POINT('',(3.66213726010756E-11,2.31492403452897,
40.7840977615788));
#8870=VERTEX_POINT('',#8860);
#8880=EDGE_CURVE('',#8780,#8870,#8850,.T.);
#8890=ORIENTED_EDGE('',*,*,#8880,.F.);
#8900=CARTESIAN_POINT('',(7.35358440806522E-11,-26.5917933820243,
11.8773803453821));
#8910=DIRECTION('',(-9.02973466328054E-13,0.707106781190851,
0.707106781182245));
#8920=VECTOR('',#8910,1.);
#8930=LINE('',#8900,#8920);
#8940=CARTESIAN_POINT('',(3.74438258177179E-11,1.67175123622743,
40.1409249632851));
#8950=VERTEX_POINT('',#8940);
#8960=EDGE_CURVE('',#8950,#8870,#8930,.T.);
#8970=ORIENTED_EDGE('',*,*,#8960,.T.);
#8980=CARTESIAN_POINT('',(1.99111838128374E-11,9.06498168051135,
32.7476945189929));
#8990=DIRECTION('',(-1.67679947027147E-12,0.707106781186152,
-0.707106781186943));
#9000=VECTOR('',#8990,1.);
#9010=LINE('',#8980,#9000);
#9020=CARTESIAN_POINT('',(3.87849752314651E-11,1.10606581165507,
40.7066103878581));
#9030=VERTEX_POINT('',#9020);
#9040=EDGE_CURVE('',#9030,#8950,#9010,.T.);
#9050=ORIENTED_EDGE('',*,*,#9040,.T.);
#9060=CARTESIAN_POINT('',(-1.14575016141316E-11,40.4495488907535,
80.0500934664777));
#9070=DIRECTION('',(-9.02973466328054E-13,0.707106781190851,
0.707106781182245));
#9080=VECTOR('',#9070,1.);
#9090=LINE('',#9060,#9080);
#9100=CARTESIAN_POINT('',(3.82822662459148E-11,1.49961785084103,
41.1001624270393));
#9110=VERTEX_POINT('',#9100);
#9120=EDGE_CURVE('',#9030,#9110,#9090,.T.);
#9130=ORIENTED_EDGE('',*,*,#9120,.F.);
#9140=CARTESIAN_POINT('',(-3.65272256885874E-11,40.4495488907712,
34.2322386877209));
#9150=DIRECTION('',(1.89147801686748E-12,-0.984807753011151,
0.173648177672927));
#9160=VECTOR('',#9150,1.);
#9170=LINE('',#9140,#9160);
#9180=CARTESIAN_POINT('',(3.9783287775208E-11,0.718169467131808,
41.2379528611231));
#9190=VERTEX_POINT('',#9180);
#9200=EDGE_CURVE('',#9110,#9190,#9170,.T.);
#9210=ORIENTED_EDGE('',*,*,#9200,.F.);
#9220=CARTESIAN_POINT('',(-1.09530162717419E-11,40.4495488907531,
80.9693322758971));
#9230=DIRECTION('',(9.02973466504546E-13,-0.707106781265277,
-0.707106781107818));
#9240=VECTOR('',#9230,1.);
#9250=LINE('',#9220,#9240);
#9260=CARTESIAN_POINT('',(4.06998879043385E-11,-4.76696811801958E-7,
40.5197829174544));
#9270=VERTEX_POINT('',#9260);
#9280=EDGE_CURVE('',#9190,#9270,#9250,.T.);
#9290=ORIENTED_EDGE('',*,*,#9280,.F.);
#9300=CARTESIAN_POINT('',(2.32418528867129E-11,-4.76684469674638E-7,
8.61231873288671));
#9310=DIRECTION('',(5.47177614855153E-13,-3.85969034535653E-13,1.));
#9320=VECTOR('',#9310,1.);
#9330=LINE('',#9300,#9320);
#9340=CARTESIAN_POINT('',(2.54232190854964E-11,-4.76686018657801E-7,
12.5999999998193));
#9350=VERTEX_POINT('',#9340);
#9360=EDGE_CURVE('',#9350,#9270,#9330,.T.);
#9370=ORIENTED_EDGE('',*,*,#9360,.T.);
#9380=CARTESIAN_POINT('',(1.33990596395961E-11,6.59115585804781,
12.5999999998207));
#9390=DIRECTION('',(-1.82417493738408E-12,1.,2.14078754724091E-13));
#9400=VECTOR('',#9390,1.);
#9410=LINE('',#9380,#9400);
#9420=CARTESIAN_POINT('',(1.90354398910131E-11,3.50177473270507,
12.59999999982));
#9430=VERTEX_POINT('',#9420);
#9440=EDGE_CURVE('',#9350,#9430,#9410,.T.);
#9450=ORIENTED_EDGE('',*,*,#9440,.F.);
#9460=CARTESIAN_POINT('',(1.5928591778902E-11,3.69896962360766,
7.58105487803294));
#9470=DIRECTION('',(-6.18372532698218E-13,0.0392598157594541,
-0.999229036240708));
#9480=VECTOR('',#9470,1.);
#9490=LINE('',#9460,#9480);
#9500=CARTESIAN_POINT('',(1.74882330838955E-11,3.6000000002252,
10.0999999998201));
#9510=VERTEX_POINT('',#9500);
#9520=EDGE_CURVE('',#9430,#9510,#9490,.T.);
#9530=ORIENTED_EDGE('',*,*,#9520,.F.);
#9540=CARTESIAN_POINT('',(1.61168856038785E-11,3.60000000022618,
7.59320681977137));
#9550=DIRECTION('',(-5.47177614855152E-13,3.85649845416073E-13,-1.));
#9560=VECTOR('',#9550,1.);
#9570=LINE('',#9540,#9560);
#9580=CARTESIAN_POINT('',(1.41504585826624E-11,3.60000000022756,
4.00000000040112));
#9590=VERTEX_POINT('',#9580);
#9600=EDGE_CURVE('',#9510,#9590,#9570,.T.);
#9610=ORIENTED_EDGE('',*,*,#9600,.F.);
#9620=CARTESIAN_POINT('',(2.07194261747645E-11,0.,3.99999999962016));
#9630=DIRECTION('',(1.8241749372655E-12,-1.,-2.16934012420289E-10));
#9640=VECTOR('',#9630,1.);
#9650=LINE('',#9620,#9640);
#9660=CARTESIAN_POINT('',(1.90762960983193E-11,0.900000000033273,
3.9999999998154));
#9670=VERTEX_POINT('',#9660);
#9680=EDGE_CURVE('',#9590,#9670,#9650,.T.);
#9690=ORIENTED_EDGE('',*,*,#9680,.F.);
#9700=CARTESIAN_POINT('',(1.8582468896966E-11,0.900000000228509,
3.09999999981556));
#9710=DIRECTION('',(1.,1.8241749373842E-12,-5.47177614854449E-13));
#9720=DIRECTION('',(1.26684097454951E-12,-0.422618261846833,
0.906307786987159));
#9730=AXIS2_PLACEMENT_3D('',#9700,#9710,#9720);
#9740=CIRCLE('',#9730,0.89999999999984);
#9750=CARTESIAN_POINT('',(2.02255989734113E-11,2.28666863222315E-10,
3.09999999981517));
#9760=VERTEX_POINT('',#9750);
#9770=EDGE_CURVE('',#9670,#9760,#9740,.T.);
#9780=ORIENTED_EDGE('',*,*,#9770,.F.);
#9790=CARTESIAN_POINT('',(2.29256613692996E-11,2.29050556299626E-10,
8.03523123861428));
#9800=DIRECTION('',(-5.47177614854449E-13,-2.77555508985089E-17,-1.));
#9810=VECTOR('',#9800,1.);
#9820=LINE('',#9790,#9810);
#9830=CARTESIAN_POINT('',(1.8529178191784E-11,2.29043450872268E-10,
-7.84948550602849E-9));
#9840=VERTEX_POINT('',#9830);
#9850=EDGE_CURVE('',#9760,#9840,#9820,.T.);
#9860=ORIENTED_EDGE('',*,*,#9850,.F.);
#9870=CARTESIAN_POINT('',(9.32764976369072E-12,5.04407039211404,
-3.55369067506217E-11));
#9880=DIRECTION('',(-1.82417493738384E-12,1.,6.48162079564719E-13));
#9890=VECTOR('',#9880,1.);
#9900=LINE('',#9870,#9890);
#9910=CARTESIAN_POINT('',(-1.9856116750816E-11,21.0419080086522,
-7.83584752639399E-9));
#9920=VERTEX_POINT('',#9910);
#9930=EDGE_CURVE('',#9840,#9920,#9900,.T.);
#9940=ORIENTED_EDGE('',*,*,#9930,.F.);
#9950=CARTESIAN_POINT('',(-7.29549753941683E-12,15.4000000005166,
4.14353399440619));
#9960=DIRECTION('',(1.,1.8241749373842E-12,-5.47177614854449E-13));
#9970=DIRECTION('',(-1.8241749372655E-12,1.,2.16933998542502E-10));
#9980=AXIS2_PLACEMENT_3D('',#9950,#9960,#9970);
#9990=CIRCLE('',#9980,7.);
#10000=CARTESIAN_POINT('',(-2.00657268578652E-11,22.4000000005166,
4.14353399592471));
#10010=VERTEX_POINT('',#10000);
#10020=EDGE_CURVE('',#9920,#10010,#9990,.T.);
#10030=ORIENTED_EDGE('',*,*,#10020,.F.);
#10040=CARTESIAN_POINT('',(-1.91260340898225E-11,22.4000000001438,
5.86194451264813));
#10050=DIRECTION('',(5.47177615250174E-13,-2.16933998542526E-10,1.));
#10060=VECTOR('',#10050,1.);
#10070=LINE('',#10040,#10060);
#10080=CARTESIAN_POINT('',(-1.97601934814884E-11,22.4000000003959,
4.69999999255584));
#10090=VERTEX_POINT('',#10080);
#10100=EDGE_CURVE('',#10010,#10090,#10070,.T.);
#10110=ORIENTED_EDGE('',*,*,#10100,.F.);
#10120=CARTESIAN_POINT('',(1.03668185147399E-11,5.43895795166377,
3.21610108799762));
#10130=DIRECTION('',(1.76954372942371E-12,-0.996194698072838,
-0.0871557429637704));
#10140=VECTOR('',#10130,1.);
#10150=LINE('',#10120,#10140);
#10160=CARTESIAN_POINT('',(-1.81614723260282E-11,21.5000000004131,
4.62126019518727));
#10170=VERTEX_POINT('',#10160);
#10180=EDGE_CURVE('',#10090,#10170,#10150,.T.);
#10190=ORIENTED_EDGE('',*,*,#10180,.F.);
#10200=CARTESIAN_POINT('',(-1.74225078808377E-11,21.5000000001199,
5.97245061736189));
#10210=DIRECTION('',(5.47177615250174E-13,-2.16933998542526E-10,1.));
#10220=VECTOR('',#10210,1.);
#10230=LINE('',#10200,#10220);
#10240=CARTESIAN_POINT('',(-1.75717218553473E-11,21.500000000179,
5.69999999235467));
#10250=VERTEX_POINT('',#10240);
#10260=EDGE_CURVE('',#10170,#10250,#10230,.T.);
#10270=ORIENTED_EDGE('',*,*,#10260,.F.);
#10280=CARTESIAN_POINT('',(-3.2713387554395E-11,29.800000000179,
5.69999999415522));
#10290=DIRECTION('',(1.,1.8241749373842E-12,-5.47177614854449E-13));
#10300=DIRECTION('',(-1.8241749372655E-12,1.,2.16933998542502E-10));
#10310=AXIS2_PLACEMENT_3D('',#10280,#10290,#10300);
#10320=CIRCLE('',#10310,8.3);
#10330=CARTESIAN_POINT('',(-1.69997349530604E-11,22.1585785288081,
8.94016633192267));
#10340=VERTEX_POINT('',#10330);
#10350=EDGE_CURVE('',#10340,#10250,#10320,.T.);
#10360=ORIENTED_EDGE('',*,*,#10350,.T.);
#10370=CARTESIAN_POINT('',(-1.79465331484607E-11,22.6189051234717,
8.74497558868574));
#10380=DIRECTION('',(1.,1.8241749373842E-12,-5.47177614854449E-13));
#10390=DIRECTION('',(-1.8241749372655E-12,1.,2.16933998542502E-10));
#10400=AXIS2_PLACEMENT_3D('',#10370,#10380,#10390);
#10410=CIRCLE('',#10400,0.5);
#10420=CARTESIAN_POINT('',(-1.88933313438611E-11,23.079231718107,
8.54978484545437));
#10430=VERTEX_POINT('',#10420);
#10440=EDGE_CURVE('',#10430,#10340,#10410,.T.);
#10450=ORIENTED_EDGE('',*,*,#10440,.T.);
#10460=CARTESIAN_POINT('',(-3.2713387554395E-11,29.800000000179,
5.69999999415522));
#10470=DIRECTION('',(1.,1.8241749373842E-12,-5.47177614854449E-13));
#10480=DIRECTION('',(-1.8241749372655E-12,1.,2.16933998542502E-10));
#10490=AXIS2_PLACEMENT_3D('',#10460,#10470,#10480);
#10500=CIRCLE('',#10490,7.3);
#10510=CARTESIAN_POINT('',(-1.92432736412229E-11,22.5061669885898,
5.99999999257294));
#10520=VERTEX_POINT('',#10510);
#10530=EDGE_CURVE('',#10430,#10520,#10500,.T.);
#10540=ORIENTED_EDGE('',*,*,#10530,.F.);
#10550=CARTESIAN_POINT('',(1.12674314323158E-11,5.78077775549975,
5.99999998894464));
#10560=DIRECTION('',(1.8241749372655E-12,-1.,-2.16933970786926E-10));
#10570=VECTOR('',#10560,1.);
#10580=LINE('',#10550,#10570);
#10590=CARTESIAN_POINT('',(-6.62954136032567E-11,48.3000000001047,
5.99999999817526));
#10600=VERTEX_POINT('',#10590);
#10610=EDGE_CURVE('',#10600,#10520,#10580,.T.);
#10620=ORIENTED_EDGE('',*,*,#10610,.T.);
#10630=CARTESIAN_POINT('',(-6.61870558360533E-11,48.3000000000611,
6.19999999817526));
#10640=DIRECTION('',(-1.,-1.8241749373842E-12,5.47177614854449E-13));
#10650=DIRECTION('',(1.8241749372655E-12,-1.,-2.16933998542502E-10));
#10660=AXIS2_PLACEMENT_3D('',#10630,#10640,#10650);
#10670=CIRCLE('',#10660,0.2);
#10680=CARTESIAN_POINT('',(-6.65512089881304E-11,48.5000000000611,
6.19999999821807));
#10690=VERTEX_POINT('',#10680);
#10700=EDGE_CURVE('',#10690,#10600,#10670,.T.);
#10710=ORIENTED_EDGE('',*,*,#10700,.T.);
#10720=CARTESIAN_POINT('',(1.13313802785342E-11,5.80533466765913,
6.19999998895623));
#10730=DIRECTION('',(1.8241749372655E-12,-1.,-2.16933998542502E-10));
#10740=VECTOR('',#10730,1.);
#10750=LINE('',#10720,#10740);
#10760=CARTESIAN_POINT('',(-7.64277530151958E-11,53.9139895395146,
6.19999999939254));
#10770=VERTEX_POINT('',#10760);
#10780=EDGE_CURVE('',#10770,#10690,#10750,.T.);
#10790=ORIENTED_EDGE('',*,*,#10780,.T.);
#10800=CARTESIAN_POINT('',(1.26778587627996E-11,6.31663766002715,
10.3642286922975));
#10810=DIRECTION('',(1.86492307236775E-12,-0.996194698110653,
0.0871557425315506));
#10820=VECTOR('',#10810,1.);
#10830=LINE('',#10800,#10820);
#10840=CARTESIAN_POINT('',(-8.0706996641311E-11,56.2000000001047,
5.99999999988892));
#10850=VERTEX_POINT('',#10840);
#10860=EDGE_CURVE('',#10850,#10770,#10830,.T.);
#10870=ORIENTED_EDGE('',*,*,#10860,.T.);
#10880=CARTESIAN_POINT('',(-8.30535640261587E-11,56.2000000010349,
1.71182635784363));
#10890=DIRECTION('',(5.47177615250174E-13,-2.1693397078695E-10,1.));
#10900=VECTOR('',#10890,1.);
#10910=LINE('',#10880,#10900);
#10920=CARTESIAN_POINT('',(-8.13091816098677E-11,56.2000000003433,
4.8999999998882));
#10930=VERTEX_POINT('',#10920);
#10940=EDGE_CURVE('',#10930,#10850,#10910,.T.);
#10950=ORIENTED_EDGE('',*,*,#10940,.T.);
#10960=CARTESIAN_POINT('',(6.3842264808045E-12,3.925895449047,
-9.10680411184338));
#10970=DIRECTION('',(-1.6203976956935E-12,0.965925826232933,
0.258819045312019));
#10980=VECTOR('',#10970,1.);
#10990=LINE('',#10960,#10980);
#11000=CARTESIAN_POINT('',(-7.91278154110842E-11,54.9000000004187,
4.55166604944574));
#11010=VERTEX_POINT('',#11000);
#11020=EDGE_CURVE('',#11010,#10930,#10990,.T.);
#11030=ORIENTED_EDGE('',*,*,#11020,.T.);
#11040=CARTESIAN_POINT('',(-8.05950861604288E-11,54.9000000009982,
1.87144628687487));
#11050=DIRECTION('',(5.47177615248915E-13,-2.16243772888116E-10,1.));
#11060=VECTOR('',#11050,1.);
#11070=LINE('',#11040,#11060);
#11080=CARTESIAN_POINT('',(-7.93747290117608E-11,54.9000000005163,
4.09999999959967));
#11090=VERTEX_POINT('',#11080);
#11100=EDGE_CURVE('',#11090,#11010,#11070,.T.);
#11110=ORIENTED_EDGE('',*,*,#11100,.T.);
#11120=CARTESIAN_POINT('',(-9.57367518594765E-11,64.2939726795857,
5.51537178993574));
#11130=DIRECTION('',(-1.,-1.8241749373842E-12,5.47177614854449E-13));
#11140=DIRECTION('',(1.8241749372655E-12,-1.,-2.16933998542502E-10));
#11150=AXIS2_PLACEMENT_3D('',#11120,#11130,#11140);
#11160=CIRCLE('',#11150,9.499999999999);
#11170=CARTESIAN_POINT('',(-8.46451797542613E-11,56.5589436545385,
-3.9845460264587E-11));
#11180=VERTEX_POINT('',#11170);
#11190=EDGE_CURVE('',#11180,#11090,#11160,.T.);
#11200=ORIENTED_EDGE('',*,*,#11190,.T.);
#11210=CARTESIAN_POINT('',(-5.5258908560063E-11,40.4495488907844,
-3.53358764471068E-9));
#11220=DIRECTION('',(1.82417493726553E-12,-1.,-2.1687608653398E-10));
#11230=VECTOR('',#11220,1.);
#11240=LINE('',#11210,#11230);
#11250=CARTESIAN_POINT('',(-8.82423023540468E-11,58.5315332723921,
3.87961662795533E-10));
#11260=VERTEX_POINT('',#11250);
#11270=EDGE_CURVE('',#11260,#11180,#11240,.T.);
#11280=ORIENTED_EDGE('',*,*,#11270,.T.);
#11290=CARTESIAN_POINT('',(-5.77298209236687E-11,40.4495488907861,
-4.51821236201792));
#11300=DIRECTION('',(-1.63711525330739E-12,0.970171324226803,
0.242420299579083));
#11310=VECTOR('',#11300,1.);
#11320=LINE('',#11290,#11310);
#11330=CARTESIAN_POINT('',(-1.39825928613391E-10,89.0999995217244,
7.6382558020033));
#11340=VERTEX_POINT('',#11330);
#11350=EDGE_CURVE('',#11260,#11340,#11320,.T.);
#11360=ORIENTED_EDGE('',*,*,#11350,.F.);
#11370=CARTESIAN_POINT('',(-1.4042100815459E-10,89.0999995215906,
6.549999996483));
#11380=DIRECTION('',(-5.47177614630282E-13,-1.22886756326299E-10,-1.));
#11390=VECTOR('',#11380,1.);
#11400=LINE('',#11370,#11390);
#11410=CARTESIAN_POINT('',(-1.11052500528785E-10,89.0999996510843,
60.2197831865886));
#11420=VERTEX_POINT('',#11410);
#11430=EDGE_CURVE('',#11420,#11340,#11400,.T.);
#11440=ORIENTED_EDGE('',*,*,#11430,.T.);
#11450=CARTESIAN_POINT('',(4.31477076290321E-12,40.4495488907424,
108.870233936022));
#11460=DIRECTION('',(1.67679947037321E-12,-0.707106781265823,
0.707106781107273));
#11470=VECTOR('',#11460,1.);
#11480=LINE('',#11450,#11470);
#11490=CARTESIAN_POINT('',(-1.09348974319801E-10,88.3818299771042,
60.9379528604077));
#11500=VERTEX_POINT('',#11490);
#11510=EDGE_CURVE('',#11420,#11500,#11480,.T.);
#11520=ORIENTED_EDGE('',*,*,#11510,.F.);
#11530=CARTESIAN_POINT('',(-2.65387711806397E-11,40.4495488907641,
52.4861984576448));
#11540=DIRECTION('',(1.70144522550103E-12,-0.984807753011017,
-0.173648177673687));
#11550=VECTOR('',#11540,1.);
#11560=LINE('',#11530,#11550);
#11570=EDGE_CURVE('',#11500,#5690,#11560,.T.);
#11580=ORIENTED_EDGE('',*,*,#11570,.F.);
#11590=EDGE_LOOP('',(#11580,#11520,#11440,#11360,#11280,#11200,#11110,
#11030,#10950,#10870,#10790,#10710,#10620,#10540,#10450,#10360,#10270,
#10190,#10110,#10030,#9940,#9860,#9780,#9690,#9610,#9530,#9450,#9370,
#9290,#9210,#9130,#9050,#8970,#8890,#8800,#8720,#8640,#8560,#8480,#8400,
#8320,#8240,#8150,#8070,#7990,#7910,#7830,#7750,#7670,#7590,#7510,#7430,
#7350,#7270,#7190,#7110,#7030,#6950,#6870,#6790,#6710,#6630,#6540,#6460,
#6380,#6300,#6220,#6140,#6060,#5980,#5890,#5810,#5730));
#11600=FACE_OUTER_BOUND('',#11590,.T.);
#11610=ADVANCED_FACE('',(#11600),#5630,.F.);
#11620=COLOUR_RGB('',0.560784339904785,0.588235318660736,
0.600000023841858);
#11630=FILL_AREA_STYLE_COLOUR('',#11620);
#11640=FILL_AREA_STYLE('',(#11630));
#11650=SURFACE_STYLE_FILL_AREA(#11640);
#11660=SURFACE_SIDE_STYLE('',(#11650));
#11670=SURFACE_STYLE_USAGE(.BOTH.,#11660);
#11680=PRESENTATION_STYLE_ASSIGNMENT((#11670));
#11690=CARTESIAN_POINT('',(10.1500000000373,1.81317259259433,
40.2823463196262));
#11700=DIRECTION('',(-1.67679947026648E-12,0.707106781182245,
-0.707106781190851));
#11710=DIRECTION('',(9.02973466328054E-13,-0.707106781190851,
-0.707106781182245));
#11720=AXIS2_PLACEMENT_3D('',#11690,#11700,#11710);
#11730=PLANE('',#11720);
#11740=ORIENTED_EDGE('',*,*,#300,.T.);
#11750=CARTESIAN_POINT('',(10.1500000000374,1.67175123624597,
40.1409249632796));
#11760=DIRECTION('',(-1.,-1.8241749373842E-12,5.47177614854449E-13));
#11770=VECTOR('',#11760,1.);
#11780=LINE('',#11750,#11770);
#11790=EDGE_CURVE('',#210,#8950,#11780,.T.);
#11800=ORIENTED_EDGE('',*,*,#11790,.F.);
#11810=ORIENTED_EDGE('',*,*,#8960,.F.);
#11820=CARTESIAN_POINT('',(10.1500000000366,2.31492403454749,
40.7840977615733));
#11830=DIRECTION('',(1.,1.8241749373842E-12,-5.47177614854449E-13));
#11840=VECTOR('',#11830,1.);
#11850=LINE('',#11820,#11840);
#11860=EDGE_CURVE('',#8870,#290,#11850,.T.);
#11870=ORIENTED_EDGE('',*,*,#11860,.F.);
#11880=EDGE_LOOP('',(#11870,#11810,#11800,#11740));
#11890=FACE_OUTER_BOUND('',#11880,.T.);
#11900=ADVANCED_FACE('',(#11890),#11730,.F.);
#11910=COLOUR_RGB('',0.560784339904785,0.588235318660736,
0.600000023841858);
#11920=FILL_AREA_STYLE_COLOUR('',#11910);
#11930=FILL_AREA_STYLE('',(#11920));
#11940=SURFACE_STYLE_FILL_AREA(#11930);
#11950=SURFACE_SIDE_STYLE('',(#11940));
#11960=SURFACE_STYLE_USAGE(.BOTH.,#11950);
#11970=PRESENTATION_STYLE_ASSIGNMENT((#11960));
#11980=CARTESIAN_POINT('',(10.1500000000199,3.02103400692599,
12.5999999998144));
#11990=DIRECTION('',(5.47177614854839E-13,-2.14078754723093E-13,1.));
#12000=DIRECTION('',(-1.82417493738408E-12,1.,2.14078754724091E-13));
#12010=AXIS2_PLACEMENT_3D('',#11980,#11990,#12000);
#12020=PLANE('',#12010);
#12030=ORIENTED_EDGE('',*,*,#5410,.F.);
#12040=CARTESIAN_POINT('',(10.150000000019,3.5017747327236,
12.5999999998145));
#12050=DIRECTION('',(-1.,-1.8241749373842E-12,5.47177614854449E-13));
#12060=VECTOR('',#12050,1.);
#12070=LINE('',#12040,#12060);
#12080=EDGE_CURVE('',#5320,#9430,#12070,.T.);
#12090=ORIENTED_EDGE('',*,*,#12080,.F.);
#12100=ORIENTED_EDGE('',*,*,#9440,.T.);
#12110=CARTESIAN_POINT('',(10.1500000000254,-4.76667501914108E-7,
12.5999999998137));
#12120=DIRECTION('',(1.,1.8241749373842E-12,-5.47177614854449E-13));
#12130=VECTOR('',#12120,1.);
#12140=LINE('',#12110,#12130);
#12150=EDGE_CURVE('',#9350,#5400,#12140,.T.);
#12160=ORIENTED_EDGE('',*,*,#12150,.F.);
#12170=EDGE_LOOP('',(#12160,#12100,#12090,#12030));
#12180=FACE_OUTER_BOUND('',#12170,.T.);
#12190=ADVANCED_FACE('',(#12180),#12020,.F.);
#12200=COLOUR_RGB('',0.560784339904785,0.588235318660736,
0.600000023841858);
#12210=FILL_AREA_STYLE_COLOUR('',#12200);
#12220=FILL_AREA_STYLE('',(#12210));
#12230=SURFACE_STYLE_FILL_AREA(#12220);
#12240=SURFACE_SIDE_STYLE('',(#12230));
#12250=SURFACE_STYLE_USAGE(.BOTH.,#12240);
#12260=PRESENTATION_STYLE_ASSIGNMENT((#12250));
#12270=CARTESIAN_POINT('',(2.02078204973222,46.9999997358404,
34.0989713675619));
#12280=DIRECTION('',(-9.24837289901094E-11,-1.,-2.32590864105113E-10));
#12290=DIRECTION('',(1.,-9.24837289891693E-11,-4.04175037957496E-12));
#12300=AXIS2_PLACEMENT_3D('',#12270,#12280,#12290);
#12310=PLANE('',#12300);
#12320=CARTESIAN_POINT('',(10.1500000015879,46.9999997367862,
26.8000011855832));
#12330=DIRECTION('',(-1.,9.2483728989255E-11,3.67351164059671E-12));
#12340=VECTOR('',#12330,1.);
#12350=LINE('',#12320,#12340);
#12360=CARTESIAN_POINT('',(7.87499996171925,46.9999997369966,
26.8000011855916));
#12370=VERTEX_POINT('',#12360);
#12380=CARTESIAN_POINT('',(2.27500002756553,46.9999997375145,
26.8000011856121));
#12390=VERTEX_POINT('',#12380);
#12400=EDGE_CURVE('',#12370,#12390,#12350,.T.);
#12410=ORIENTED_EDGE('',*,*,#12400,.T.);
#12420=CARTESIAN_POINT('',(7.87499996164117,46.9999997419409,
5.54270461935297));
#12430=DIRECTION('',(3.67349899737234E-12,-2.32590864105453E-10,1.));
#12440=VECTOR('',#12430,1.);
#12450=LINE('',#12420,#12440);
#12460=CARTESIAN_POINT('',(7.87499996173946,46.9999997357174,
32.3000011886361));
#12470=VERTEX_POINT('',#12460);
#12480=EDGE_CURVE('',#12370,#12470,#12450,.T.);
#12490=ORIENTED_EDGE('',*,*,#12480,.F.);
#12500=CARTESIAN_POINT('',(10.1499999999505,46.999999735507,
32.3000011886269));
#12510=DIRECTION('',(1.,-9.24837289891693E-11,-4.0417503790912E-12));
#12520=VECTOR('',#12510,1.);
#12530=LINE('',#12500,#12520);
#12540=CARTESIAN_POINT('',(2.27500002758574,46.9999997362353,
32.3000011886588));
#12550=VERTEX_POINT('',#12540);
#12560=EDGE_CURVE('',#12550,#12470,#12530,.T.);
#12570=ORIENTED_EDGE('',*,*,#12560,.T.);
#12580=CARTESIAN_POINT('',(2.27500002748744,46.9999997424588,
5.54270461935515));
#12590=DIRECTION('',(-3.67349899737234E-12,2.32590864105453E-10,-1.));
#12600=VECTOR('',#12590,1.);
#12610=LINE('',#12580,#12600);
#12620=EDGE_CURVE('',#12550,#12390,#12610,.T.);
#12630=ORIENTED_EDGE('',*,*,#12620,.F.);
#12640=EDGE_LOOP('',(#12630,#12570,#12490,#12410));
#12650=FACE_OUTER_BOUND('',#12640,.T.);
#12660=ADVANCED_FACE('',(#12650),#12310,.F.);
#12670=COLOUR_RGB('',0.823529481887817,0.823529481887817,
0.784313797950745);
#12680=FILL_AREA_STYLE_COLOUR('',#12670);
#12690=FILL_AREA_STYLE('',(#12680));
#12700=SURFACE_STYLE_FILL_AREA(#12690);
#12710=SURFACE_SIDE_STYLE('',(#12700));
#12720=SURFACE_STYLE_USAGE(.BOTH.,#12710);
#12730=PRESENTATION_STYLE_ASSIGNMENT((#12720));
#12740=CARTESIAN_POINT('',(10.1500000000175,3.60000000024373,
10.0999999998145));
#12750=DIRECTION('',(-1.80128647226998E-12,0.999229036240708,
0.0392598157594541));
#12760=DIRECTION('',(-6.18372532698218E-13,0.0392598157594541,
-0.999229036240708));
#12770=AXIS2_PLACEMENT_3D('',#12740,#12750,#12760);
#12780=PLANE('',#12770);
#12790=ORIENTED_EDGE('',*,*,#5330,.F.);
#12800=CARTESIAN_POINT('',(10.1500000000175,3.60000000024373,
10.0999999998145));
#12810=DIRECTION('',(-1.,-1.8241749373842E-12,5.47177614854449E-13));
#12820=VECTOR('',#12810,1.);
#12830=LINE('',#12800,#12820);
#12840=EDGE_CURVE('',#5240,#9510,#12830,.T.);
#12850=ORIENTED_EDGE('',*,*,#12840,.F.);
#12860=ORIENTED_EDGE('',*,*,#9520,.T.);
#12870=ORIENTED_EDGE('',*,*,#12080,.T.);
#12880=EDGE_LOOP('',(#12870,#12860,#12850,#12790));
#12890=FACE_OUTER_BOUND('',#12880,.T.);
#12900=ADVANCED_FACE('',(#12890),#12780,.F.);
#12910=COLOUR_RGB('',0.560784339904785,0.588235318660736,
0.600000023841858);
#12920=FILL_AREA_STYLE_COLOUR('',#12910);
#12930=FILL_AREA_STYLE('',(#12920));
#12940=SURFACE_STYLE_FILL_AREA(#12930);
#12950=SURFACE_SIDE_STYLE('',(#12940));
#12960=SURFACE_STYLE_USAGE(.BOTH.,#12950);
#12970=PRESENTATION_STYLE_ASSIGNMENT((#12960));
#12980=CARTESIAN_POINT('',(10.1500000000133,3.60000000024665,
2.49999999995712));
#12990=DIRECTION('',(-1.82417493738399E-12,1.,3.85649845417071E-13));
#13000=DIRECTION('',(-5.47177614855152E-13,3.85649845416073E-13,-1.));
#13010=AXIS2_PLACEMENT_3D('',#12980,#12990,#13000);
#13020=PLANE('',#13010);
#13030=ORIENTED_EDGE('',*,*,#5250,.F.);
#13040=CARTESIAN_POINT('',(10.1500000000128,3.60000000024703,
1.49999999995737));
#13050=DIRECTION('',(-1.,-1.8241749373842E-12,5.47177614854449E-13));
#13060=VECTOR('',#13050,1.);
#13070=LINE('',#13040,#13060);
#13080=CARTESIAN_POINT('',(0.999999995078708,3.60000000023035,
1.49999999996248));
#13090=VERTEX_POINT('',#13080);
#13100=EDGE_CURVE('',#5160,#13090,#13070,.T.);
#13110=ORIENTED_EDGE('',*,*,#13100,.F.);
#13120=CARTESIAN_POINT('',(0.999999995080959,3.6000000002284,
6.54999999644945));
#13130=DIRECTION('',(-4.45662163765429E-13,3.85649845416258E-13,-1.));
#13140=VECTOR('',#13130,1.);
#13150=LINE('',#13120,#13140);
#13160=CARTESIAN_POINT('',(0.999999995079822,3.60000000022939,
4.00000000042876));
#13170=VERTEX_POINT('',#13160);
#13180=EDGE_CURVE('',#13170,#13090,#13150,.T.);
#13190=ORIENTED_EDGE('',*,*,#13180,.T.);
#13200=CARTESIAN_POINT('',(10.1500000000142,3.60000000024608,
4.0000000003966));
#13210=DIRECTION('',(-1.,-1.82417493738416E-12,4.4566216692603E-13));
#13220=VECTOR('',#13210,1.);
#13230=LINE('',#13200,#13220);
#13240=EDGE_CURVE('',#13170,#9590,#13230,.T.);
#13250=ORIENTED_EDGE('',*,*,#13240,.F.);
#13260=ORIENTED_EDGE('',*,*,#9600,.T.);
#13270=ORIENTED_EDGE('',*,*,#12840,.T.);
#13280=EDGE_LOOP('',(#13270,#13260,#13250,#13190,#13110,#13030));
#13290=FACE_OUTER_BOUND('',#13280,.T.);
#13300=ADVANCED_FACE('',(#13290),#13020,.F.);
#13310=COLOUR_RGB('',0.560784339904785,0.588235318660736,
0.600000023841858);
#13320=FILL_AREA_STYLE_COLOUR('',#13310);
#13330=FILL_AREA_STYLE('',(#13320));
#13340=SURFACE_STYLE_FILL_AREA(#13330);
#13350=SURFACE_SIDE_STYLE('',(#13340));
#13360=SURFACE_STYLE_USAGE(.BOTH.,#13350);
#13370=PRESENTATION_STYLE_ASSIGNMENT((#13360));
#13380=CARTESIAN_POINT('',(10.150000000026,-4.76667885607185E-7,
13.5999999998136));
#13390=DIRECTION('',(-1.82417493738399E-12,1.,3.85969034536651E-13));
#13400=DIRECTION('',(-5.47177614855153E-13,3.85969034535653E-13,-1.));
#13410=AXIS2_PLACEMENT_3D('',#13380,#13390,#13400);
#13420=PLANE('',#13410);
#13430=CARTESIAN_POINT('',(5.07499999519958,-4.76683020167457E-7,
28.8348599319364));
#13440=DIRECTION('',(5.84250880151711E-12,-1.,-1.27985122500031E-11));
#13450=DIRECTION('',(1.,5.84250880156412E-12,-3.67338846291311E-12));
#13460=AXIS2_PLACEMENT_3D('',#13430,#13440,#13450);
#13470=CIRCLE('',#13460,6.4);
#13480=CARTESIAN_POINT('',(0.900000262671478,-4.76688768458189E-7,
23.9841509906176));
#13490=VERTEX_POINT('',#13480);
#13500=CARTESIAN_POINT('',(9.24999972769205,-4.76673534421934E-7,
23.9841509905869));
#13510=VERTEX_POINT('',#13500);
#13520=EDGE_CURVE('',#13490,#13510,#13470,.T.);
#13530=ORIENTED_EDGE('',*,*,#13520,.F.);
#13540=CARTESIAN_POINT('',(9.24999972762801,-4.76666805582227E-7,
6.54999999644355));
#13550=DIRECTION('',(3.67338879700135E-12,-3.8596903452995E-13,1.));
#13560=VECTOR('',#13550,1.);
#13570=LINE('',#13540,#13560);
#13580=CARTESIAN_POINT('',(9.24999972772769,-4.76677278982152E-7,
33.6855688732552));
#13590=VERTEX_POINT('',#13580);
#13600=EDGE_CURVE('',#13510,#13590,#13570,.T.);
#13610=ORIENTED_EDGE('',*,*,#13600,.F.);
#13620=CARTESIAN_POINT('',(5.07499999519958,-4.76683020167457E-7,
28.8348599319364));
#13630=DIRECTION('',(5.84250880151711E-12,-1.,-1.27985122500031E-11));
#13640=DIRECTION('',(1.,5.84250880156412E-12,-3.67338846291311E-12));
#13650=AXIS2_PLACEMENT_3D('',#13620,#13630,#13640);
#13660=CIRCLE('',#13650,6.4);
#13670=CARTESIAN_POINT('',(0.900000262707115,-4.76769500323826E-7,
33.6855688732859));
#13680=VERTEX_POINT('',#13670);
#13690=EDGE_CURVE('',#13590,#13680,#13660,.T.);
#13700=ORIENTED_EDGE('',*,*,#13690,.F.);
#13710=CARTESIAN_POINT('',(0.900000262607435,-4.76682039618481E-7,
6.54999999644812));
#13720=DIRECTION('',(-3.67338879700135E-12,3.8596903452995E-13,-1.));
#13730=VECTOR('',#13720,1.);
#13740=LINE('',#13710,#13730);
#13750=EDGE_CURVE('',#13680,#13490,#13740,.T.);
#13760=ORIENTED_EDGE('',*,*,#13750,.F.);
#13770=EDGE_LOOP('',(#13760,#13700,#13610,#13530));
#13780=FACE_BOUND('',#13770,.T.);
#13790=ORIENTED_EDGE('',*,*,#5470,.T.);
#13800=ORIENTED_EDGE('',*,*,#12150,.T.);
#13810=ORIENTED_EDGE('',*,*,#9360,.F.);
#13820=CARTESIAN_POINT('',(10.1500000000407,-4.76678273741982E-7,
40.5197829174489));
#13830=DIRECTION('',(1.,1.8241749373842E-12,-5.47177614854449E-13));
#13840=VECTOR('',#13830,1.);
#13850=LINE('',#13820,#13840);
#13860=EDGE_CURVE('',#9270,#130,#13850,.T.);
#13870=ORIENTED_EDGE('',*,*,#13860,.F.);
#13880=EDGE_LOOP('',(#13870,#13810,#13800,#13790));
#13890=FACE_OUTER_BOUND('',#13880,.T.);
#13900=ADVANCED_FACE('',(#13780,#13890),#13420,.F.);
#13910=COLOUR_RGB('',0.560784339904785,0.588235318660736,
0.600000023841858);
#13920=FILL_AREA_STYLE_COLOUR('',#13910);
#13930=FILL_AREA_STYLE('',(#13920));
#13940=SURFACE_STYLE_FILL_AREA(#13930);
#13950=SURFACE_SIDE_STYLE('',(#13940));
#13960=SURFACE_STYLE_USAGE(.BOTH.,#13950);
#13970=PRESENTATION_STYLE_ASSIGNMENT((#13960));
#13980=CARTESIAN_POINT('',(10.1500000000157,2.0000000002441,
1.49999999995636));
#13990=DIRECTION('',(-5.47177614855603E-13,6.32632835006777E-13,-1.));
#14000=DIRECTION('',(1.82417493738385E-12,-1.,-6.32632835007775E-13));
#14010=AXIS2_PLACEMENT_3D('',#13980,#13990,#14000);
#14020=PLANE('',#14010);
#14030=ORIENTED_EDGE('',*,*,#13100,.T.);
#14040=ORIENTED_EDGE('',*,*,#5170,.F.);
#14050=CARTESIAN_POINT('',(10.1500000000166,1.50000000024721,
1.49999999995604));
#14060=DIRECTION('',(-1.,-1.8241749373842E-12,5.47177614854449E-13));
#14070=VECTOR('',#14060,1.);
#14080=LINE('',#14050,#14070);
#14090=CARTESIAN_POINT('',(0.999999995113196,1.50000000024512,
1.49999999996105));
#14100=VERTEX_POINT('',#14090);
#14110=EDGE_CURVE('',#5080,#14100,#14080,.T.);
#14120=ORIENTED_EDGE('',*,*,#14110,.F.);
#14130=CARTESIAN_POINT('',(0.999999994473535,40.4495488907856,
1.49999999998569));
#14140=DIRECTION('',(1.64227827126764E-11,-1.,-6.32632835015763E-13));
#14150=VECTOR('',#14140,1.);
#14160=LINE('',#14130,#14150);
#14170=EDGE_CURVE('',#13090,#14100,#14160,.T.);
#14180=ORIENTED_EDGE('',*,*,#14170,.T.);
#14190=EDGE_LOOP('',(#14180,#14120,#14040,#14030));
#14200=FACE_OUTER_BOUND('',#14190,.T.);
#14210=ADVANCED_FACE('',(#14200),#14020,.F.);
#14220=COLOUR_RGB('',0.560784339904785,0.588235318660736,
0.600000023841858);
#14230=FILL_AREA_STYLE_COLOUR('',#14220);
#14240=FILL_AREA_STYLE('',(#14230));
#14250=SURFACE_STYLE_FILL_AREA(#14240);
#14260=SURFACE_SIDE_STYLE('',(#14250));
#14270=SURFACE_STYLE_USAGE(.BOTH.,#14260);
#14280=PRESENTATION_STYLE_ASSIGNMENT((#14270));
#14290=CARTESIAN_POINT('',(4.17500031163431,45.5194502987644,
29.9384366757592));
#14300=DIRECTION('',(-1.,4.77486554415147E-11,3.49086799255955E-12));
#14310=DIRECTION('',(4.77486554402337E-11,1.,-3.66977269938675E-10));
#14320=AXIS2_PLACEMENT_3D('',#14290,#14300,#14310);
#14330=PLANE('',#14320);
#14340=CARTESIAN_POINT('',(4.17500031139393,40.4495488907803,
30.4252611483784));
#14350=DIRECTION('',(4.36751497791363E-11,0.9396926214149,
-0.342020141597528));
#14360=VECTOR('',#14350,1.);
#14370=LINE('',#14340,#14360);
#14380=CARTESIAN_POINT('',(4.17500031161007,45.1000011689657,
28.7326349529288));
#14390=VERTEX_POINT('',#14380);
#14400=CARTESIAN_POINT('',(4.17500031162401,45.4000002225114,
28.6234442277549));
#14410=VERTEX_POINT('',#14400);
#14420=EDGE_CURVE('',#14390,#14410,#14370,.T.);
#14430=ORIENTED_EDGE('',*,*,#14420,.F.);
#14440=CARTESIAN_POINT('',(4.17500031154696,45.4000002276455,
6.54999999646385));
#14450=DIRECTION('',(-3.49086798145366E-12,2.3259104743129E-10,-1.));
#14460=VECTOR('',#14450,1.);
#14470=LINE('',#14440,#14460);
#14480=CARTESIAN_POINT('',(4.17500031163015,45.4000002221026,
30.3810548678611));
#14490=VERTEX_POINT('',#14480);
#14500=EDGE_CURVE('',#14490,#14410,#14470,.T.);
#14510=ORIENTED_EDGE('',*,*,#14500,.T.);
#14520=CARTESIAN_POINT('',(4.17500031088999,31.6411342848717,
6.54999999645854));
#14530=DIRECTION('',(2.6897499269903E-11,0.499999999786152,
0.866025403907904));
#14540=VECTOR('',#14530,1.);
#14550=LINE('',#14520,#14540);
#14560=CARTESIAN_POINT('',(4.17500031161401,45.1000011686708,
29.8614412647985));
#14570=VERTEX_POINT('',#14560);
#14580=EDGE_CURVE('',#14570,#14490,#14550,.T.);
#14590=ORIENTED_EDGE('',*,*,#14580,.T.);
#14600=CARTESIAN_POINT('',(4.17500031153263,45.1000011747614,
6.54999999646373));
#14610=DIRECTION('',(3.49086798008419E-12,-2.61271183154507E-10,1.));
#14620=VECTOR('',#14610,1.);
#14630=LINE('',#14600,#14620);
#14640=EDGE_CURVE('',#14390,#14570,#14630,.T.);
#14650=ORIENTED_EDGE('',*,*,#14640,.T.);
#14660=EDGE_LOOP('',(#14650,#14590,#14510,#14430));
#14670=FACE_OUTER_BOUND('',#14660,.T.);
#14680=ADVANCED_FACE('',(#14670),#14330,.T.);
#14690=COLOUR_RGB('',0.823529481887817,0.823529481887817,
0.784313797950745);
#14700=FILL_AREA_STYLE_COLOUR('',#14690);
#14710=FILL_AREA_STYLE('',(#14700));
#14720=SURFACE_STYLE_FILL_AREA(#14710);
#14730=SURFACE_SIDE_STYLE('',(#14720));
#14740=SURFACE_STYLE_USAGE(.BOTH.,#14730);
#14750=PRESENTATION_STYLE_ASSIGNMENT((#14740));
#14760=CARTESIAN_POINT('',(10.150000000017,1.50000000024537,
2.23397459602209));
#14770=DIRECTION('',(1.82417493738283E-12,-1.,-2.50482967703376E-12));
#14780=DIRECTION('',(5.47177614859018E-13,-2.50482967703276E-12,1.));
#14790=AXIS2_PLACEMENT_3D('',#14760,#14770,#14780);
#14800=PLANE('',#14790);
#14810=ORIENTED_EDGE('',*,*,#14110,.T.);
#14820=ORIENTED_EDGE('',*,*,#5090,.F.);
#14830=CARTESIAN_POINT('',(10.1500000000171,1.50000000024489,
2.42917960655836));
#14840=DIRECTION('',(1.,1.8241749373842E-12,-5.47177614854449E-13));
#14850=VECTOR('',#14840,1.);
#14860=LINE('',#14830,#14850);
#14870=CARTESIAN_POINT('',(0.9999999951223,1.5000000002282,
2.42917960656337));
#14880=VERTEX_POINT('',#14870);
#14890=EDGE_CURVE('',#14880,#5000,#14860,.T.);
#14900=ORIENTED_EDGE('',*,*,#14890,.T.);
#14910=CARTESIAN_POINT('',(0.999999995115447,1.50000000021787,
6.54999999644864));
#14920=DIRECTION('',(4.45662163800232E-13,-2.50482967703295E-12,1.));
#14930=VECTOR('',#14920,1.);
#14940=LINE('',#14910,#14930);
#14950=EDGE_CURVE('',#14100,#14880,#14940,.T.);
#14960=ORIENTED_EDGE('',*,*,#14950,.T.);
#14970=EDGE_LOOP('',(#14960,#14900,#14820,#14810));
#14980=FACE_OUTER_BOUND('',#14970,.T.);
#14990=ADVANCED_FACE('',(#14980),#14800,.F.);
#15000=COLOUR_RGB('',0.560784339904785,0.588235318660736,
0.600000023841858);
#15010=FILL_AREA_STYLE_COLOUR('',#15000);
#15020=FILL_AREA_STYLE('',(#15010));
#15030=SURFACE_STYLE_FILL_AREA(#15020);
#15040=SURFACE_SIDE_STYLE('',(#15030));
#15050=SURFACE_STYLE_USAGE(.BOTH.,#15040);
#15060=PRESENTATION_STYLE_ASSIGNMENT((#15050));
#15070=CARTESIAN_POINT('',(10.1500000000403,0.292892742214129,
40.8126761362761));
#15080=DIRECTION('',(-1.67679947017144E-12,0.707106781107818,
-0.707106781265277));
#15090=DIRECTION('',(9.02973466504546E-13,-0.707106781265277,
-0.707106781107818));
#15100=AXIS2_PLACEMENT_3D('',#15070,#15080,#15090);
#15110=PLANE('',#15100);
#15120=CARTESIAN_POINT('',(0.799999998968767,40.4495488907546,
80.9693322758966));
#15130=DIRECTION('',(-6.77544951327935E-11,-0.707106781265277,
-0.707106781107818));
#15140=VECTOR('',#15130,1.);
#15150=LINE('',#15120,#15140);
#15160=CARTESIAN_POINT('',(0.79999999516173,0.718169467118713,
41.2379528611082));
#15170=VERTEX_POINT('',#15160);
#15180=CARTESIAN_POINT('',(0.799999995154861,0.64644640275467,
41.1662297967601));
#15190=VERTEX_POINT('',#15180);
#15200=EDGE_CURVE('',#15170,#15190,#15150,.T.);
#15210=ORIENTED_EDGE('',*,*,#15200,.F.);
#15220=CARTESIAN_POINT('',(10.1500000000399,0.64644640277173,
41.166229796755));
#15230=DIRECTION('',(-1.,-1.8241749373842E-12,5.47177614854449E-13));
#15240=VECTOR('',#15230,1.);
#15250=LINE('',#15220,#15240);
#15260=EDGE_CURVE('',#110,#15190,#15250,.T.);
#15270=ORIENTED_EDGE('',*,*,#15260,.T.);
#15280=ORIENTED_EDGE('',*,*,#140,.F.);
#15290=ORIENTED_EDGE('',*,*,#13860,.T.);
#15300=ORIENTED_EDGE('',*,*,#9280,.T.);
#15310=CARTESIAN_POINT('',(10.1500000000398,0.718169466965684,
41.237952860933));
#15320=DIRECTION('',(1.,-1.63669874005555E-11,-1.87383399487433E-11));
#15330=VECTOR('',#15320,1.);
#15340=LINE('',#15310,#15330);
#15350=EDGE_CURVE('',#9190,#15170,#15340,.T.);
#15360=ORIENTED_EDGE('',*,*,#15350,.F.);
#15370=EDGE_LOOP('',(#15360,#15300,#15290,#15280,#15270,#15210));
#15380=FACE_OUTER_BOUND('',#15370,.T.);
#15390=ADVANCED_FACE('',(#15380),#15110,.F.);
#15400=COLOUR_RGB('',0.560784339904785,0.588235318660736,
0.600000023841858);
#15410=FILL_AREA_STYLE_COLOUR('',#15400);
#15420=FILL_AREA_STYLE('',(#15410));
#15430=SURFACE_STYLE_FILL_AREA(#15420);
#15440=SURFACE_SIDE_STYLE('',(#15430));
#15450=SURFACE_STYLE_USAGE(.BOTH.,#15440);
#15460=PRESENTATION_STYLE_ASSIGNMENT((#15450));
#15470=CARTESIAN_POINT('',(10.1500000000186,0.900000000247026,
3.09999999981));
#15480=DIRECTION('',(1.,1.8241749373842E-12,-5.47177614854449E-13));
#15490=DIRECTION('',(1.26684097454951E-12,-0.422618261846833,
0.906307786987159));
#15500=AXIS2_PLACEMENT_3D('',#15470,#15480,#15490);
#15510=CYLINDRICAL_SURFACE('',#15500,0.89999999999984);
#15520=ORIENTED_EDGE('',*,*,#5010,.F.);
#15530=CARTESIAN_POINT('',(10.1500000000202,2.47567299993534E-10,
3.09999999980962));
#15540=DIRECTION('',(-1.,-1.8241749373842E-12,5.47177614854449E-13));
#15550=VECTOR('',#15540,1.);
#15560=LINE('',#15530,#15550);
#15570=EDGE_CURVE('',#4910,#9760,#15560,.T.);
#15580=ORIENTED_EDGE('',*,*,#15570,.F.);
#15590=ORIENTED_EDGE('',*,*,#9770,.T.);
#15600=CARTESIAN_POINT('',(10.1500000000191,0.90000000005179,
3.99999999980984));
#15610=DIRECTION('',(1.,1.82417493737319E-12,-4.9641989089024E-13));
#15620=VECTOR('',#15610,1.);
#15630=LINE('',#15600,#15620);
#15640=CARTESIAN_POINT('',(0.999999995124254,0.900000000049701,
3.99999999981485));
#15650=VERTEX_POINT('',#15640);
#15660=EDGE_CURVE('',#9670,#15650,#15630,.T.);
#15670=ORIENTED_EDGE('',*,*,#15660,.F.);
#15680=CARTESIAN_POINT('',(0.99999999512376,0.900000000230335,
3.09999999981501));
#15690=DIRECTION('',(1.,1.8241749373842E-12,-5.47177614854449E-13));
#15700=DIRECTION('',(1.26684097454951E-12,-0.422618261846833,
0.906307786987159));
#15710=AXIS2_PLACEMENT_3D('',#15680,#15690,#15700);
#15720=CIRCLE('',#15710,0.89999999999984);
#15730=EDGE_CURVE('',#14880,#15650,#15720,.T.);
#15740=ORIENTED_EDGE('',*,*,#15730,.T.);
#15750=ORIENTED_EDGE('',*,*,#14890,.F.);
#15760=EDGE_LOOP('',(#15750,#15740,#15670,#15590,#15580,#15520));
#15770=FACE_OUTER_BOUND('',#15760,.T.);
#15780=ADVANCED_FACE('',(#15770),#15510,.T.);
#15790=COLOUR_RGB('',0.560784339904785,0.588235318660736,
0.600000023841858);
#15800=FILL_AREA_STYLE_COLOUR('',#15790);
#15810=FILL_AREA_STYLE('',(#15800));
#15820=SURFACE_STYLE_FILL_AREA(#15810);
#15830=SURFACE_SIDE_STYLE('',(#15820));
#15840=SURFACE_STYLE_USAGE(.BOTH.,#15830);
#15850=PRESENTATION_STYLE_ASSIGNMENT((#15840));
#15860=CARTESIAN_POINT('',(10.1500000000191,2.47560194566177E-10,
0.999999999956457));
#15870=DIRECTION('',(-1.8241749373842E-12,1.,-2.77555499003612E-17));
#15880=DIRECTION('',(-5.47177614854449E-13,-2.77555508985089E-17,-1.));
#15890=AXIS2_PLACEMENT_3D('',#15860,#15870,#15880);
#15900=PLANE('',#15890);
#15910=ORIENTED_EDGE('',*,*,#4920,.F.);
#15920=CARTESIAN_POINT('',(10.1500000000185,2.47560194566177E-10,
-7.85503928568687E-9));
#15930=DIRECTION('',(1.,1.8241749373842E-12,-5.47177614854449E-13));
#15940=VECTOR('',#15930,1.);
#15950=LINE('',#15920,#15940);
#15960=EDGE_CURVE('',#9840,#4830,#15950,.T.);
#15970=ORIENTED_EDGE('',*,*,#15960,.T.);
#15980=ORIENTED_EDGE('',*,*,#9850,.T.);
#15990=ORIENTED_EDGE('',*,*,#15570,.T.);
#16000=EDGE_LOOP('',(#15990,#15980,#15970,#15910));
#16010=FACE_OUTER_BOUND('',#16000,.T.);
#16020=ADVANCED_FACE('',(#16010),#15900,.F.);
#16030=COLOUR_RGB('',0.560784339904785,0.588235318660736,
0.600000023841858);
#16040=FILL_AREA_STYLE_COLOUR('',#16030);
#16050=FILL_AREA_STYLE('',(#16040));
#16060=SURFACE_STYLE_FILL_AREA(#16050);
#16070=SURFACE_SIDE_STYLE('',(#16060));
#16080=SURFACE_STYLE_USAGE(.BOTH.,#16070);
#16090=PRESENTATION_STYLE_ASSIGNMENT((#16080));
#16100=CARTESIAN_POINT('',(10.1500000000399,0.64644640277173,
41.166229796755));
#16110=DIRECTION('',(9.02973466318788E-13,-0.707106781186943,
-0.707106781186152));
#16120=DIRECTION('',(1.67679947027147E-12,-0.707106781186152,
0.707106781186943));
#16130=AXIS2_PLACEMENT_3D('',#16100,#16110,#16120);
#16140=PLANE('',#16130);
#16150=ORIENTED_EDGE('',*,*,#220,.T.);
#16160=ORIENTED_EDGE('',*,*,#15260,.F.);
#16170=CARTESIAN_POINT('',(0.799999998074298,35.2626762030142,
6.54999999646178));
#16180=DIRECTION('',(-5.96354891092577E-11,-0.707106781186152,
0.707106781186943));
#16190=VECTOR('',#16180,1.);
#16200=LINE('',#16170,#16190);
#16210=CARTESIAN_POINT('',(0.799999995193623,1.10606581162187,
40.7066103878923));
#16220=VERTEX_POINT('',#16210);
#16230=EDGE_CURVE('',#16220,#15190,#16200,.T.);
#16240=ORIENTED_EDGE('',*,*,#16230,.T.);
#16250=CARTESIAN_POINT('',(10.1500000000388,1.10606581123357,
40.7066103882926));
#16260=DIRECTION('',(-1.,4.15301645080876E-11,-4.28071618306658E-11));
#16270=VECTOR('',#16260,1.);
#16280=LINE('',#16250,#16270);
#16290=EDGE_CURVE('',#16220,#9030,#16280,.T.);
#16300=ORIENTED_EDGE('',*,*,#16290,.F.);
#16310=ORIENTED_EDGE('',*,*,#9040,.F.);
#16320=ORIENTED_EDGE('',*,*,#11790,.T.);
#16330=EDGE_LOOP('',(#16320,#16310,#16300,#16240,#16160,#16150));
#16340=FACE_OUTER_BOUND('',#16330,.T.);
#16350=ADVANCED_FACE('',(#16340),#16140,.F.);
#16360=COLOUR_RGB('',0.560784339904785,0.588235318660736,
0.600000023841858);
#16370=FILL_AREA_STYLE_COLOUR('',#16360);
#16380=FILL_AREA_STYLE('',(#16370));
#16390=SURFACE_STYLE_FILL_AREA(#16380);
#16400=SURFACE_SIDE_STYLE('',(#16390));
#16410=SURFACE_STYLE_USAGE(.BOTH.,#16400);
#16420=PRESENTATION_STYLE_ASSIGNMENT((#16410));
#16430=CARTESIAN_POINT('',(10.1499999999822,19.917218390778,
-7.84213050053495E-9));
#16440=DIRECTION('',(5.47177614855631E-13,-6.48162079563721E-13,1.));
#16450=DIRECTION('',(-1.82417493738384E-12,1.,6.48162079564719E-13));
#16460=AXIS2_PLACEMENT_3D('',#16430,#16440,#16450);
#16470=PLANE('',#16460);
#16480=ORIENTED_EDGE('',*,*,#4840,.F.);
#16490=CARTESIAN_POINT('',(10.1499999999801,21.0419080086707,
-7.84140485876605E-9));
#16500=DIRECTION('',(1.,1.8241749373842E-12,-5.47177614854449E-13));
#16510=VECTOR('',#16500,1.);
#16520=LINE('',#16490,#16510);
#16530=EDGE_CURVE('',#9920,#4750,#16520,.T.);
#16540=ORIENTED_EDGE('',*,*,#16530,.T.);
#16550=ORIENTED_EDGE('',*,*,#9930,.T.);
#16560=ORIENTED_EDGE('',*,*,#15960,.F.);
#16570=EDGE_LOOP('',(#16560,#16550,#16540,#16480));
#16580=FACE_OUTER_BOUND('',#16570,.T.);
#16590=ADVANCED_FACE('',(#16580),#16470,.F.);
#16600=COLOUR_RGB('',0.560784339904785,0.588235318660736,
0.600000023841858);
#16610=FILL_AREA_STYLE_COLOUR('',#16600);
#16620=FILL_AREA_STYLE('',(#16610));
#16630=SURFACE_STYLE_FILL_AREA(#16620);
#16640=SURFACE_SIDE_STYLE('',(#16630));
#16650=SURFACE_STYLE_USAGE(.BOTH.,#16640);
#16660=PRESENTATION_STYLE_ASSIGNMENT((#16650));
#16670=CARTESIAN_POINT('',(10.1499999999735,38.400000000124,
45.7999999980626));
#16680=DIRECTION('',(-1.90363767146636E-12,0.965925826290843,
-0.258819045095898));
#16690=DIRECTION('',(-5.64017743744894E-14,-0.258819045095898,
-0.965925826290843));
#16700=AXIS2_PLACEMENT_3D('',#16670,#16680,#16690);
#16710=PLANE('',#16700);
#16720=ORIENTED_EDGE('',*,*,#1760,.F.);
#16730=CARTESIAN_POINT('',(10.1499999999735,38.400000000124,
45.7999999980626));
#16740=DIRECTION('',(-1.,-1.8241749373842E-12,5.47177614854449E-13));
#16750=VECTOR('',#16740,1.);
#16760=LINE('',#16730,#16750);
#16770=EDGE_CURVE('',#1670,#7330,#16760,.T.);
#16780=ORIENTED_EDGE('',*,*,#16770,.F.);
#16790=ORIENTED_EDGE('',*,*,#7340,.T.);
#16800=CARTESIAN_POINT('',(10.1499999999737,39.2038475774675,
48.7999999983319));
#16810=DIRECTION('',(1.,1.8241749373842E-12,-5.47177614854449E-13));
#16820=VECTOR('',#16810,1.);
#16830=LINE('',#16800,#16820);
#16840=EDGE_CURVE('',#7250,#1750,#16830,.T.);
#16850=ORIENTED_EDGE('',*,*,#16840,.F.);
#16860=EDGE_LOOP('',(#16850,#16790,#16780,#16720));
#16870=FACE_OUTER_BOUND('',#16860,.T.);
#16880=ADVANCED_FACE('',(#16870),#16710,.F.);
#16890=COLOUR_RGB('',0.560784339904785,0.588235318660736,
0.600000023841858);
#16900=FILL_AREA_STYLE_COLOUR('',#16890);
#16910=FILL_AREA_STYLE('',(#16900));
#16920=SURFACE_STYLE_FILL_AREA(#16910);
#16930=SURFACE_SIDE_STYLE('',(#16920));
#16940=SURFACE_STYLE_USAGE(.BOTH.,#16930);
#16950=PRESENTATION_STYLE_ASSIGNMENT((#16940));
#16960=CARTESIAN_POINT('',(10.1499999999927,15.4000000005351,
4.14353399440063));
#16970=DIRECTION('',(1.,1.8241749373842E-12,-5.47177614854449E-13));
#16980=DIRECTION('',(-1.8241749372655E-12,1.,2.16933998542502E-10));
#16990=AXIS2_PLACEMENT_3D('',#16960,#16970,#16980);
#17000=CYLINDRICAL_SURFACE('',#16990,7.);
#17010=ORIENTED_EDGE('',*,*,#4760,.F.);
#17020=CARTESIAN_POINT('',(10.1499999999799,22.4000000005351,
4.14353399591915));
#17030=DIRECTION('',(-1.,-1.8241749373842E-12,5.47177614854449E-13));
#17040=VECTOR('',#17030,1.);
#17050=LINE('',#17020,#17040);
#17060=EDGE_CURVE('',#4660,#10010,#17050,.T.);
#17070=ORIENTED_EDGE('',*,*,#17060,.F.);
#17080=ORIENTED_EDGE('',*,*,#10020,.T.);
#17090=ORIENTED_EDGE('',*,*,#16530,.F.);
#17100=EDGE_LOOP('',(#17090,#17080,#17070,#17010));
#17110=FACE_OUTER_BOUND('',#17100,.T.);
#17120=ADVANCED_FACE('',(#17110),#17000,.T.);
#17130=COLOUR_RGB('',0.560784339904785,0.588235318660736,
0.600000023841858);
#17140=FILL_AREA_STYLE_COLOUR('',#17130);
#17150=FILL_AREA_STYLE('',(#17140));
#17160=SURFACE_STYLE_FILL_AREA(#17150);
#17170=SURFACE_SIDE_STYLE('',(#17160));
#17180=SURFACE_STYLE_USAGE(.BOTH.,#17170);
#17190=PRESENTATION_STYLE_ASSIGNMENT((#17180));
#17200=CARTESIAN_POINT('',(10.1499999999802,22.4000000004499,
4.53630371738989));
#17210=DIRECTION('',(1.8241749372655E-12,-1.,-2.16933998542527E-10));
#17220=DIRECTION('',(5.47177615250174E-13,-2.16933998542526E-10,1.));
#17230=AXIS2_PLACEMENT_3D('',#17200,#17210,#17220);
#17240=PLANE('',#17230);
#17250=ORIENTED_EDGE('',*,*,#4670,.F.);
#17260=CARTESIAN_POINT('',(10.1499999999802,22.4000000004144,
4.69999999255029));
#17270=DIRECTION('',(1.,1.8241749373842E-12,-5.47177614854449E-13));
#17280=VECTOR('',#17270,1.);
#17290=LINE('',#17260,#17280);
#17300=EDGE_CURVE('',#10090,#4580,#17290,.T.);
#17310=ORIENTED_EDGE('',*,*,#17300,.T.);
#17320=ORIENTED_EDGE('',*,*,#10100,.T.);
#17330=ORIENTED_EDGE('',*,*,#17060,.T.);
#17340=EDGE_LOOP('',(#17330,#17320,#17310,#17250));
#17350=FACE_OUTER_BOUND('',#17340,.T.);
#17360=ADVANCED_FACE('',(#17350),#17240,.F.);
#17370=COLOUR_RGB('',0.560784339904785,0.588235318660736,
0.600000023841858);
#17380=FILL_AREA_STYLE_COLOUR('',#17370);
#17390=FILL_AREA_STYLE('',(#17380));
#17400=SURFACE_STYLE_FILL_AREA(#17390);
#17410=SURFACE_SIDE_STYLE('',(#17400));
#17420=SURFACE_STYLE_USAGE(.BOTH.,#17410);
#17430=PRESENTATION_STYLE_ASSIGNMENT((#17420));
#17440=CARTESIAN_POINT('',(10.1500000000364,2.52705606884126,
40.9962297959914));
#17450=DIRECTION('',(1.,1.8241749373842E-12,-5.47177614854449E-13));
#17460=DIRECTION('',(1.8772619906338E-12,-0.992546151654902,
0.121869343294549));
#17470=AXIS2_PLACEMENT_3D('',#17440,#17450,#17460);
#17480=CYLINDRICAL_SURFACE('',#17470,0.299999999999998);
#17490=ORIENTED_EDGE('',*,*,#390,.F.);
#17500=ORIENTED_EDGE('',*,*,#11860,.T.);
#17510=ORIENTED_EDGE('',*,*,#8880,.T.);
#17520=CARTESIAN_POINT('',(10.1500000000365,2.52705606895663,
41.2962297959914));
#17530=DIRECTION('',(-1.,-1.8241749373842E-12,5.47177614854449E-13));
#17540=VECTOR('',#17530,1.);
#17550=LINE('',#17520,#17540);
#17560=EDGE_CURVE('',#380,#8780,#17550,.T.);
#17570=ORIENTED_EDGE('',*,*,#17560,.T.);
#17580=EDGE_LOOP('',(#17570,#17510,#17500,#17490));
#17590=FACE_OUTER_BOUND('',#17580,.T.);
#17600=ADVANCED_FACE('',(#17590),#17480,.T.);
#17610=COLOUR_RGB('',0.560784339904785,0.588235318660736,
0.600000023841858);
#17620=FILL_AREA_STYLE_COLOUR('',#17610);
#17630=FILL_AREA_STYLE('',(#17620));
#17640=SURFACE_STYLE_FILL_AREA(#17630);
#17650=SURFACE_SIDE_STYLE('',(#17640));
#17660=SURFACE_STYLE_USAGE(.BOTH.,#17650);
#17670=PRESENTATION_STYLE_ASSIGNMENT((#17660));
#17680=CARTESIAN_POINT('',(10.1499999999815,21.7174311489771,
4.6402829558244));
#17690=DIRECTION('',(-7.04082760785753E-13,0.0871557429637704,
-0.996194698072838));
#17700=DIRECTION('',(1.76954372942371E-12,-0.996194698072838,
-0.0871557429637704));
#17710=AXIS2_PLACEMENT_3D('',#17680,#17690,#17700);
#17720=PLANE('',#17710);
#17730=ORIENTED_EDGE('',*,*,#4590,.F.);
#17740=CARTESIAN_POINT('',(10.1499999999818,21.5000000004316,
4.62126019518172));
#17750=DIRECTION('',(-1.,-1.8241749373842E-12,5.47177614854449E-13));
#17760=VECTOR('',#17750,1.);
#17770=LINE('',#17740,#17760);
#17780=EDGE_CURVE('',#4500,#10170,#17770,.T.);
#17790=ORIENTED_EDGE('',*,*,#17780,.F.);
#17800=ORIENTED_EDGE('',*,*,#10180,.T.);
#17810=ORIENTED_EDGE('',*,*,#17300,.F.);
#17820=EDGE_LOOP('',(#17810,#17800,#17790,#17730));
#17830=FACE_OUTER_BOUND('',#17820,.T.);
#17840=ADVANCED_FACE('',(#17830),#17720,.F.);
#17850=COLOUR_RGB('',0.560784339904785,0.588235318660736,
0.600000023841858);
#17860=FILL_AREA_STYLE_COLOUR('',#17850);
#17870=FILL_AREA_STYLE('',(#17860));
#17880=SURFACE_STYLE_FILL_AREA(#17870);
#17890=SURFACE_SIDE_STYLE('',(#17880));
#17900=SURFACE_STYLE_USAGE(.BOTH.,#17890);
#17910=PRESENTATION_STYLE_ASSIGNMENT((#17900));
#17920=CARTESIAN_POINT('',(10.1500000000365,2.52705606895663,
41.2962297959914));
#17930=DIRECTION('',(-5.47177614843348E-13,-6.08543770930251E-12,-1.));
#17940=DIRECTION('',(1.82417493738753E-12,-1.,6.08543770930151E-12));
#17950=AXIS2_PLACEMENT_3D('',#17920,#17930,#17940);
#17960=PLANE('',#17950);
#17970=ORIENTED_EDGE('',*,*,#470,.T.);
#17980=ORIENTED_EDGE('',*,*,#17560,.F.);
#17990=ORIENTED_EDGE('',*,*,#8790,.F.);
#18000=CARTESIAN_POINT('',(10.1500000000342,3.81700556261261,
41.2962297959836));
#18010=DIRECTION('',(1.,1.8241749373842E-12,-5.47177614854449E-13));
#18020=VECTOR('',#18010,1.);
#18030=LINE('',#18000,#18020);
#18040=EDGE_CURVE('',#8700,#460,#18030,.T.);
#18050=ORIENTED_EDGE('',*,*,#18040,.F.);
#18060=EDGE_LOOP('',(#18050,#17990,#17980,#17970));
#18070=FACE_OUTER_BOUND('',#18060,.T.);
#18080=ADVANCED_FACE('',(#18070),#17960,.F.);
#18090=COLOUR_RGB('',0.560784339904785,0.588235318660736,
0.600000023841858);
#18100=FILL_AREA_STYLE_COLOUR('',#18090);
#18110=FILL_AREA_STYLE('',(#18100));
#18120=SURFACE_STYLE_FILL_AREA(#18110);
#18130=SURFACE_SIDE_STYLE('',(#18120));
#18140=SURFACE_STYLE_USAGE(.BOTH.,#18130);
#18150=PRESENTATION_STYLE_ASSIGNMENT((#18140));
#18160=CARTESIAN_POINT('',(10.1499999999824,21.5000000001976,
5.69999999234912));
#18170=DIRECTION('',(1.8241749372655E-12,-1.,-2.16933998542527E-10));
#18180=DIRECTION('',(5.47177615250174E-13,-2.16933998542526E-10,1.));
#18190=AXIS2_PLACEMENT_3D('',#18160,#18170,#18180);
#18200=PLANE('',#18190);
#18210=ORIENTED_EDGE('',*,*,#4510,.F.);
#18220=CARTESIAN_POINT('',(10.1499999999824,21.5000000001976,
5.69999999234912));
#18230=DIRECTION('',(-1.,-1.8241749373842E-12,5.47177614854449E-13));
#18240=VECTOR('',#18230,1.);
#18250=LINE('',#18220,#18240);
#18260=EDGE_CURVE('',#4420,#10250,#18250,.T.);
#18270=ORIENTED_EDGE('',*,*,#18260,.F.);
#18280=ORIENTED_EDGE('',*,*,#10260,.T.);
#18290=ORIENTED_EDGE('',*,*,#17780,.T.);
#18300=EDGE_LOOP('',(#18290,#18280,#18270,#18210));
#18310=FACE_OUTER_BOUND('',#18300,.T.);
#18320=ADVANCED_FACE('',(#18310),#18200,.F.);
#18330=COLOUR_RGB('',0.560784339904785,0.588235318660736,
0.600000023841858);
#18340=FILL_AREA_STYLE_COLOUR('',#18330);
#18350=FILL_AREA_STYLE('',(#18340));
#18360=SURFACE_STYLE_FILL_AREA(#18350);
#18370=SURFACE_SIDE_STYLE('',(#18360));
#18380=SURFACE_STYLE_USAGE(.BOTH.,#18370);
#18390=PRESENTATION_STYLE_ASSIGNMENT((#18380));
#18400=CARTESIAN_POINT('',(10.1499999999673,29.8000000001976,
5.69999999414966));
#18410=DIRECTION('',(1.,1.8241749373842E-12,-5.47177614854449E-13));
#18420=DIRECTION('',(-1.8241749372655E-12,1.,2.16933998542502E-10));
#18430=AXIS2_PLACEMENT_3D('',#18400,#18410,#18420);
#18440=CYLINDRICAL_SURFACE('',#18430,8.3);
#18450=ORIENTED_EDGE('',*,*,#4430,.T.);
#18460=CARTESIAN_POINT('',(10.149999999983,22.1585785288266,
8.94016633191711));
#18470=DIRECTION('',(-1.,-1.8241749373842E-12,5.47177614854449E-13));
#18480=VECTOR('',#18470,1.);
#18490=LINE('',#18460,#18480);
#18500=EDGE_CURVE('',#4330,#10340,#18490,.T.);
#18510=ORIENTED_EDGE('',*,*,#18500,.F.);
#18520=ORIENTED_EDGE('',*,*,#10350,.F.);
#18530=ORIENTED_EDGE('',*,*,#18260,.T.);
#18540=EDGE_LOOP('',(#18530,#18520,#18510,#18450));
#18550=FACE_OUTER_BOUND('',#18540,.T.);
#18560=ADVANCED_FACE('',(#18550),#18440,.F.);
#18570=COLOUR_RGB('',0.560784339904785,0.588235318660736,
0.600000023841858);
#18580=FILL_AREA_STYLE_COLOUR('',#18570);
#18590=FILL_AREA_STYLE('',(#18580));
#18600=SURFACE_STYLE_FILL_AREA(#18590);
#18610=SURFACE_SIDE_STYLE('',(#18600));
#18620=SURFACE_STYLE_USAGE(.BOTH.,#18610);
#18630=PRESENTATION_STYLE_ASSIGNMENT((#18620));
#18640=CARTESIAN_POINT('',(10.1499999999821,22.6189051234902,
8.74497558868018));
#18650=DIRECTION('',(1.,1.8241749373842E-12,-5.47177614854449E-13));
#18660=DIRECTION('',(-1.8241749372655E-12,1.,2.16933998542502E-10));
#18670=AXIS2_PLACEMENT_3D('',#18640,#18650,#18660);
#18680=CYLINDRICAL_SURFACE('',#18670,0.5);
#18690=ORIENTED_EDGE('',*,*,#4340,.T.);
#18700=CARTESIAN_POINT('',(10.1499999999811,23.0792317181255,
8.54978484544882));
#18710=DIRECTION('',(-1.,-1.8241749373842E-12,5.47177614854449E-13));
#18720=VECTOR('',#18710,1.);
#18730=LINE('',#18700,#18720);
#18740=EDGE_CURVE('',#4240,#10430,#18730,.T.);
#18750=ORIENTED_EDGE('',*,*,#18740,.F.);
#18760=ORIENTED_EDGE('',*,*,#10440,.F.);
#18770=ORIENTED_EDGE('',*,*,#18500,.T.);
#18780=EDGE_LOOP('',(#18770,#18760,#18750,#18690));
#18790=FACE_OUTER_BOUND('',#18780,.T.);
#18800=ADVANCED_FACE('',(#18790),#18680,.F.);
#18810=COLOUR_RGB('',0.560784339904785,0.588235318660736,
0.600000023841858);
#18820=FILL_AREA_STYLE_COLOUR('',#18810);
#18830=FILL_AREA_STYLE('',(#18820));
#18840=SURFACE_STYLE_FILL_AREA(#18830);
#18850=SURFACE_SIDE_STYLE('',(#18840));
#18860=SURFACE_STYLE_USAGE(.BOTH.,#18850);
#18870=PRESENTATION_STYLE_ASSIGNMENT((#18860));
#18880=CARTESIAN_POINT('',(10.1499999999673,29.8000000001976,
5.69999999414966));
#18890=DIRECTION('',(1.,1.8241749373842E-12,-5.47177614854449E-13));
#18900=DIRECTION('',(-1.8241749372655E-12,1.,2.16933998542502E-10));
#18910=AXIS2_PLACEMENT_3D('',#18880,#18890,#18900);
#18920=CYLINDRICAL_SURFACE('',#18910,7.3);
#18930=ORIENTED_EDGE('',*,*,#4250,.F.);
#18940=CARTESIAN_POINT('',(10.1499999999808,22.5061669886083,
5.99999999256739));
#18950=DIRECTION('',(1.,1.8241749373842E-12,-5.47177614854449E-13));
#18960=VECTOR('',#18950,1.);
#18970=LINE('',#18940,#18960);
#18980=EDGE_CURVE('',#10520,#4150,#18970,.T.);
#18990=ORIENTED_EDGE('',*,*,#18980,.T.);
#19000=ORIENTED_EDGE('',*,*,#10530,.T.);
#19010=ORIENTED_EDGE('',*,*,#18740,.T.);
#19020=EDGE_LOOP('',(#19010,#19000,#18990,#18930));
#19030=FACE_OUTER_BOUND('',#19020,.T.);
#19040=ADVANCED_FACE('',(#19030),#18920,.T.);
#19050=COLOUR_RGB('',0.560784339904785,0.588235318660736,
0.600000023841858);
#19060=FILL_AREA_STYLE_COLOUR('',#19050);
#19070=FILL_AREA_STYLE('',(#19060));
#19080=SURFACE_STYLE_FILL_AREA(#19070);
#19090=SURFACE_SIDE_STYLE('',(#19080));
#19100=SURFACE_STYLE_USAGE(.BOTH.,#19090);
#19110=PRESENTATION_STYLE_ASSIGNMENT((#19100));
#19120=CARTESIAN_POINT('',(10.1499999999692,38.4000000001437,
37.9000002305115));
#19130=DIRECTION('',(-1.82417493738284E-12,1.,2.48524811843694E-12));
#19140=DIRECTION('',(-5.47177614858982E-13,2.48524811843594E-12,-1.));
#19150=AXIS2_PLACEMENT_3D('',#19120,#19130,#19140);
#19160=PLANE('',#19150);
#19170=ORIENTED_EDGE('',*,*,#7420,.T.);
#19180=ORIENTED_EDGE('',*,*,#16770,.T.);
#19190=ORIENTED_EDGE('',*,*,#1680,.F.);
#19200=CARTESIAN_POINT('',(10.1499999999692,38.4000000001437,
37.9000002305115));
#19210=DIRECTION('',(-1.,-1.8241749373842E-12,5.47177614854449E-13));
#19220=VECTOR('',#19210,1.);
#19230=LINE('',#19200,#19220);
#19240=EDGE_CURVE('',#1590,#7410,#19230,.T.);
#19250=ORIENTED_EDGE('',*,*,#19240,.F.);
#19260=EDGE_LOOP('',(#19250,#19190,#19180,#19170));
#19270=FACE_OUTER_BOUND('',#19260,.T.);
#19280=ADVANCED_FACE('',(#19270),#19160,.F.);
#19290=COLOUR_RGB('',0.560784339904785,0.588235318660736,
0.600000023841858);
#19300=FILL_AREA_STYLE_COLOUR('',#19290);
#19310=FILL_AREA_STYLE('',(#19300));
#19320=SURFACE_STYLE_FILL_AREA(#19310);
#19330=SURFACE_SIDE_STYLE('',(#19320));
#19340=SURFACE_STYLE_USAGE(.BOTH.,#19330);
#19350=PRESENTATION_STYLE_ASSIGNMENT((#19340));
#19360=CARTESIAN_POINT('',(10.1499999999337,48.3000000001232,
5.99999999816295));
#19370=DIRECTION('',(5.47177615250174E-13,-2.16933970786925E-10,1.));
#19380=DIRECTION('',(-1.8241749372655E-12,1.,2.16933970786926E-10));
#19390=AXIS2_PLACEMENT_3D('',#19360,#19370,#19380);
#19400=PLANE('',#19390);
#19410=ORIENTED_EDGE('',*,*,#4160,.T.);
#19420=CARTESIAN_POINT('',(10.1499999999337,48.3000000001232,
5.99999999816295));
#19430=DIRECTION('',(-1.,-1.8241749373842E-12,5.47177614854449E-13));
#19440=VECTOR('',#19430,1.);
#19450=LINE('',#19420,#19440);
#19460=EDGE_CURVE('',#4070,#10600,#19450,.T.);
#19470=ORIENTED_EDGE('',*,*,#19460,.F.);
#19480=ORIENTED_EDGE('',*,*,#10610,.F.);
#19490=ORIENTED_EDGE('',*,*,#18980,.F.);
#19500=EDGE_LOOP('',(#19490,#19480,#19470,#19410));
#19510=FACE_OUTER_BOUND('',#19500,.T.);
#19520=ADVANCED_FACE('',(#19510),#19400,.F.);
#19530=COLOUR_RGB('',0.560784339904785,0.588235318660736,
0.600000023841858);
#19540=FILL_AREA_STYLE_COLOUR('',#19530);
#19550=FILL_AREA_STYLE('',(#19540));
#19560=SURFACE_STYLE_FILL_AREA(#19550);
#19570=SURFACE_SIDE_STYLE('',(#19560));
#19580=SURFACE_STYLE_USAGE(.BOTH.,#19570);
#19590=PRESENTATION_STYLE_ASSIGNMENT((#19580));
#19600=CARTESIAN_POINT('',(10.1499999999338,48.3000000000796,
6.1999999981697));
#19610=DIRECTION('',(-1.,-1.8241749373842E-12,5.47177614854449E-13));
#19620=DIRECTION('',(1.8241749372655E-12,-1.,-2.16933998542502E-10));
#19630=AXIS2_PLACEMENT_3D('',#19600,#19610,#19620);
#19640=CYLINDRICAL_SURFACE('',#19630,0.2);
#19650=ORIENTED_EDGE('',*,*,#4080,.T.);
#19660=CARTESIAN_POINT('',(10.1499999999334,48.5000000000797,
6.1999999982126));
#19670=DIRECTION('',(-1.,-1.8241749373842E-12,5.47177614854449E-13));
#19680=VECTOR('',#19670,1.);
#19690=LINE('',#19660,#19680);
#19700=EDGE_CURVE('',#3980,#10690,#19690,.T.);
#19710=ORIENTED_EDGE('',*,*,#19700,.F.);
#19720=ORIENTED_EDGE('',*,*,#10700,.F.);
#19730=ORIENTED_EDGE('',*,*,#19460,.T.);
#19740=EDGE_LOOP('',(#19730,#19720,#19710,#19650));
#19750=FACE_OUTER_BOUND('',#19740,.T.);
#19760=ADVANCED_FACE('',(#19750),#19640,.T.);
#19770=COLOUR_RGB('',0.560784339904785,0.588235318660736,
0.600000023841858);
#19780=FILL_AREA_STYLE_COLOUR('',#19770);
#19790=FILL_AREA_STYLE('',(#19780));
#19800=SURFACE_STYLE_FILL_AREA(#19790);
#19810=SURFACE_SIDE_STYLE('',(#19800));
#19820=SURFACE_STYLE_USAGE(.BOTH.,#19810);
#19830=PRESENTATION_STYLE_ASSIGNMENT((#19820));
#19840=CARTESIAN_POINT('',(10.1499999999236,53.9139895395329,
6.19999999938699));
#19850=DIRECTION('',(5.47177615250174E-13,-2.16933998542501E-10,1.));
#19860=DIRECTION('',(-1.8241749372655E-12,1.,2.16933998542502E-10));
#19870=AXIS2_PLACEMENT_3D('',#19840,#19850,#19860);
#19880=PLANE('',#19870);
#19890=ORIENTED_EDGE('',*,*,#3990,.T.);
#19900=CARTESIAN_POINT('',(10.1499999999236,53.9139895395329,
6.19999999938699));
#19910=DIRECTION('',(-1.,-1.8241749373842E-12,5.47177614854449E-13));
#19920=VECTOR('',#19910,1.);
#19930=LINE('',#19900,#19920);
#19940=EDGE_CURVE('',#3900,#10770,#19930,.T.);
#19950=ORIENTED_EDGE('',*,*,#19940,.F.);
#19960=ORIENTED_EDGE('',*,*,#10780,.F.);
#19970=ORIENTED_EDGE('',*,*,#19700,.T.);
#19980=EDGE_LOOP('',(#19970,#19960,#19950,#19890));
#19990=FACE_OUTER_BOUND('',#19980,.T.);
#20000=ADVANCED_FACE('',(#19990),#19880,.F.);
#20010=COLOUR_RGB('',0.560784339904785,0.588235318660736,
0.600000023841858);
#20020=FILL_AREA_STYLE_COLOUR('',#20010);
#20030=FILL_AREA_STYLE('',(#20020));
#20040=SURFACE_STYLE_FILL_AREA(#20030);
#20050=SURFACE_SIDE_STYLE('',(#20040));
#20060=SURFACE_STYLE_USAGE(.BOTH.,#20050);
#20070=PRESENTATION_STYLE_ASSIGNMENT((#20060));
#20080=CARTESIAN_POINT('',(10.1499999999193,56.2000000001231,
5.99999999988338));
#20090=DIRECTION('',(3.8610811766767E-13,0.0871557425315506,
0.996194698110653));
#20100=DIRECTION('',(-1.86492307236775E-12,0.996194698110653,
-0.0871557425315506));
#20110=AXIS2_PLACEMENT_3D('',#20080,#20090,#20100);
#20120=PLANE('',#20110);
#20130=ORIENTED_EDGE('',*,*,#3910,.T.);
#20140=CARTESIAN_POINT('',(10.1499999999193,56.2000000001231,
5.99999999988338));
#20150=DIRECTION('',(-1.,-1.8241749373842E-12,5.47177614854449E-13));
#20160=VECTOR('',#20150,1.);
#20170=LINE('',#20140,#20160);
#20180=EDGE_CURVE('',#3820,#10850,#20170,.T.);
#20190=ORIENTED_EDGE('',*,*,#20180,.F.);
#20200=ORIENTED_EDGE('',*,*,#10860,.F.);
#20210=ORIENTED_EDGE('',*,*,#19940,.T.);
#20220=EDGE_LOOP('',(#20210,#20200,#20190,#20130));
#20230=FACE_OUTER_BOUND('',#20220,.T.);
#20240=ADVANCED_FACE('',(#20230),#20120,.F.);
#20250=COLOUR_RGB('',0.560784339904785,0.588235318660736,
0.600000023841858);
#20260=FILL_AREA_STYLE_COLOUR('',#20250);
#20270=FILL_AREA_STYLE('',(#20260));
#20280=SURFACE_STYLE_FILL_AREA(#20270);
#20290=SURFACE_SIDE_STYLE('',(#20280));
#20300=SURFACE_STYLE_USAGE(.BOTH.,#20290);
#20310=PRESENTATION_STYLE_ASSIGNMENT((#20300));
#20320=CARTESIAN_POINT('',(10.1499999999187,56.2000000003618,
4.89999999988264));
#20330=DIRECTION('',(-1.8241749372655E-12,1.,2.16933970786951E-10));
#20340=DIRECTION('',(-5.47177615250174E-13,2.1693397078695E-10,-1.));
#20350=AXIS2_PLACEMENT_3D('',#20320,#20330,#20340);
#20360=PLANE('',#20350);
#20370=ORIENTED_EDGE('',*,*,#3830,.T.);
#20380=CARTESIAN_POINT('',(10.1499999999187,56.2000000003618,
4.89999999988264));
#20390=DIRECTION('',(-1.,-1.8241749373842E-12,5.47177614854449E-13));
#20400=VECTOR('',#20390,1.);
#20410=LINE('',#20380,#20400);
#20420=EDGE_CURVE('',#3740,#10930,#20410,.T.);
#20430=ORIENTED_EDGE('',*,*,#20420,.F.);
#20440=ORIENTED_EDGE('',*,*,#10940,.F.);
#20450=ORIENTED_EDGE('',*,*,#20180,.T.);
#20460=EDGE_LOOP('',(#20450,#20440,#20430,#20370));
#20470=FACE_OUTER_BOUND('',#20460,.T.);
#20480=ADVANCED_FACE('',(#20470),#20360,.F.);
#20490=COLOUR_RGB('',0.560784339904785,0.588235318660736,
0.600000023841858);
#20500=FILL_AREA_STYLE_COLOUR('',#20490);
#20510=FILL_AREA_STYLE('',(#20500));
#20520=SURFACE_STYLE_FILL_AREA(#20510);
#20530=SURFACE_SIDE_STYLE('',(#20520));
#20540=SURFACE_STYLE_USAGE(.BOTH.,#20530);
#20550=PRESENTATION_STYLE_ASSIGNMENT((#20540));
#20560=CARTESIAN_POINT('',(10.1499999999209,54.9000000004372,
4.55166604944018));
#20570=DIRECTION('',(-1.00066420550034E-12,0.258819045312019,
-0.965925826232933));
#20580=DIRECTION('',(1.6203976956935E-12,-0.965925826232933,
-0.258819045312019));
#20590=AXIS2_PLACEMENT_3D('',#20560,#20570,#20580);
#20600=PLANE('',#20590);
#20610=ORIENTED_EDGE('',*,*,#3750,.T.);
#20620=CARTESIAN_POINT('',(10.1499999999209,54.9000000004372,
4.55166604944018));
#20630=DIRECTION('',(-1.,-1.8241749373842E-12,5.47177614854449E-13));
#20640=VECTOR('',#20630,1.);
#20650=LINE('',#20620,#20640);
#20660=EDGE_CURVE('',#3660,#11010,#20650,.T.);
#20670=ORIENTED_EDGE('',*,*,#20660,.F.);
#20680=ORIENTED_EDGE('',*,*,#11020,.F.);
#20690=ORIENTED_EDGE('',*,*,#20420,.T.);
#20700=EDGE_LOOP('',(#20690,#20680,#20670,#20610));
#20710=FACE_OUTER_BOUND('',#20700,.T.);
#20720=ADVANCED_FACE('',(#20710),#20600,.F.);
#20730=COLOUR_RGB('',0.560784339904785,0.588235318660736,
0.600000023841858);
#20740=FILL_AREA_STYLE_COLOUR('',#20730);
#20750=FILL_AREA_STYLE('',(#20740));
#20760=SURFACE_STYLE_FILL_AREA(#20750);
#20770=SURFACE_SIDE_STYLE('',(#20760));
#20780=SURFACE_STYLE_USAGE(.BOTH.,#20770);
#20790=PRESENTATION_STYLE_ASSIGNMENT((#20780));
#20800=CARTESIAN_POINT('',(10.1499999999206,54.9000000005348,
4.09999999959412));
#20810=DIRECTION('',(-1.82417493726587E-12,1.,2.16243772888117E-10));
#20820=DIRECTION('',(-5.47177615248915E-13,2.16243772888116E-10,-1.));
#20830=AXIS2_PLACEMENT_3D('',#20800,#20810,#20820);
#20840=PLANE('',#20830);
#20850=ORIENTED_EDGE('',*,*,#3670,.T.);
#20860=CARTESIAN_POINT('',(10.1499999999206,54.9000000005348,
4.09999999959412));
#20870=DIRECTION('',(-1.,-1.8241749373842E-12,5.47177614854449E-13));
#20880=VECTOR('',#20870,1.);
#20890=LINE('',#20860,#20880);
#20900=EDGE_CURVE('',#3580,#11090,#20890,.T.);
#20910=ORIENTED_EDGE('',*,*,#20900,.F.);
#20920=ORIENTED_EDGE('',*,*,#11100,.F.);
#20930=ORIENTED_EDGE('',*,*,#20660,.T.);
#20940=EDGE_LOOP('',(#20930,#20920,#20910,#20850));
#20950=FACE_OUTER_BOUND('',#20940,.T.);
#20960=ADVANCED_FACE('',(#20950),#20840,.F.);
#20970=COLOUR_RGB('',0.560784339904785,0.588235318660736,
0.600000023841858);
#20980=FILL_AREA_STYLE_COLOUR('',#20970);
#20990=FILL_AREA_STYLE('',(#20980));
#21000=SURFACE_STYLE_FILL_AREA(#20990);
#21010=SURFACE_SIDE_STYLE('',(#21000));
#21020=SURFACE_STYLE_USAGE(.BOTH.,#21010);
#21030=PRESENTATION_STYLE_ASSIGNMENT((#21020));
#21040=CARTESIAN_POINT('',(10.1499999999043,64.2939726796042,
5.51537178993018));
#21050=DIRECTION('',(-1.,-1.8241749373842E-12,5.47177614854449E-13));
#21060=DIRECTION('',(1.8241749372655E-12,-1.,-2.16933998542502E-10));
#21070=AXIS2_PLACEMENT_3D('',#21040,#21050,#21060);
#21080=CYLINDRICAL_SURFACE('',#21070,9.499999999999);
#21090=ORIENTED_EDGE('',*,*,#3590,.T.);
#21100=CARTESIAN_POINT('',(10.1499999999154,56.558943654557,
-4.54001281013916E-11));
#21110=DIRECTION('',(-1.,-1.8241749373842E-12,5.47177614854449E-13));
#21120=VECTOR('',#21110,1.);
#21130=LINE('',#21100,#21120);
#21140=EDGE_CURVE('',#3490,#11180,#21130,.T.);
#21150=ORIENTED_EDGE('',*,*,#21140,.F.);
#21160=ORIENTED_EDGE('',*,*,#11190,.F.);
#21170=ORIENTED_EDGE('',*,*,#20900,.T.);
#21180=EDGE_LOOP('',(#21170,#21160,#21150,#21090));
#21190=FACE_OUTER_BOUND('',#21180,.T.);
#21200=ADVANCED_FACE('',(#21190),#21080,.T.);
#21210=COLOUR_RGB('',0.560784339904785,0.588235318660736,
0.600000023841858);
#21220=FILL_AREA_STYLE_COLOUR('',#21210);
#21230=FILL_AREA_STYLE('',(#21220));
#21240=SURFACE_STYLE_FILL_AREA(#21230);
#21250=SURFACE_SIDE_STYLE('',(#21240));
#21260=SURFACE_STYLE_USAGE(.BOTH.,#21250);
#21270=PRESENTATION_STYLE_ASSIGNMENT((#21260));
#21280=CARTESIAN_POINT('',(10.1500000000344,3.595081681168,
41.0743059145417));
#21290=DIRECTION('',(1.67679947026647E-12,-0.707106781182236,
0.707106781190859));
#21300=DIRECTION('',(-9.02973466328074E-13,0.707106781190859,
0.707106781182236));
#21310=AXIS2_PLACEMENT_3D('',#21280,#21290,#21300);
#21320=PLANE('',#21310);
#21330=ORIENTED_EDGE('',*,*,#550,.T.);
#21340=ORIENTED_EDGE('',*,*,#18040,.T.);
#21350=ORIENTED_EDGE('',*,*,#8710,.F.);
#21360=CARTESIAN_POINT('',(10.1500000000347,3.38648518071714,
40.8657094140933));
#21370=DIRECTION('',(-1.,-1.8241749373842E-12,5.47177614854449E-13));
#21380=VECTOR('',#21370,1.);
#21390=LINE('',#21360,#21380);
#21400=EDGE_CURVE('',#540,#8620,#21390,.T.);
#21410=ORIENTED_EDGE('',*,*,#21400,.T.);
#21420=EDGE_LOOP('',(#21410,#21350,#21340,#21330));
#21430=FACE_OUTER_BOUND('',#21420,.T.);
#21440=ADVANCED_FACE('',(#21430),#21320,.F.);
#21450=COLOUR_RGB('',0.560784339904785,0.588235318660736,
0.600000023841858);
#21460=FILL_AREA_STYLE_COLOUR('',#21450);
#21470=FILL_AREA_STYLE('',(#21460));
#21480=SURFACE_STYLE_FILL_AREA(#21470);
#21490=SURFACE_SIDE_STYLE('',(#21480));
#21500=SURFACE_STYLE_USAGE(.BOTH.,#21490);
#21510=PRESENTATION_STYLE_ASSIGNMENT((#21500));
#21520=CARTESIAN_POINT('',(10.1499999999122,58.2854426635925,
3.29038130075787E-10));
#21530=DIRECTION('',(5.47177615250069E-13,-2.16876086533979E-10,1.));
#21540=DIRECTION('',(-1.82417493726553E-12,1.,2.1687608653398E-10));
#21550=AXIS2_PLACEMENT_3D('',#21520,#21530,#21540);
#21560=PLANE('',#21550);
#21570=ORIENTED_EDGE('',*,*,#3500,.T.);
#21580=CARTESIAN_POINT('',(10.1499999999118,58.5315332722206,
3.82408771315568E-10));
#21590=DIRECTION('',(-1.,1.68944745750059E-11,5.47177618914076E-13));
#21600=VECTOR('',#21590,1.);
#21610=LINE('',#21580,#21600);
#21620=EDGE_CURVE('',#3410,#11260,#21610,.T.);
#21630=ORIENTED_EDGE('',*,*,#21620,.F.);
#21640=ORIENTED_EDGE('',*,*,#11270,.F.);
#21650=ORIENTED_EDGE('',*,*,#21140,.T.);
#21660=EDGE_LOOP('',(#21650,#21640,#21630,#21570));
#21670=FACE_OUTER_BOUND('',#21660,.T.);
#21680=ADVANCED_FACE('',(#21670),#21560,.F.);
#21690=COLOUR_RGB('',0.560784339904785,0.588235318660736,
0.600000023841858);
#21700=FILL_AREA_STYLE_COLOUR('',#21690);
#21710=FILL_AREA_STYLE('',(#21700));
#21720=SURFACE_STYLE_FILL_AREA(#21710);
#21730=SURFACE_SIDE_STYLE('',(#21720));
#21740=SURFACE_STYLE_USAGE(.BOTH.,#21730);
#21750=PRESENTATION_STYLE_ASSIGNMENT((#21740));
#21760=CARTESIAN_POINT('',(10.1500000000347,3.38648518071714,
40.8657094140933));
#21770=DIRECTION('',(9.02973466328053E-13,-0.70710678119085,
-0.707106781182245));
#21780=DIRECTION('',(1.67679947026648E-12,-0.707106781182245,
0.70710678119085));
#21790=AXIS2_PLACEMENT_3D('',#21760,#21770,#21780);
#21800=PLANE('',#21790);
#21810=ORIENTED_EDGE('',*,*,#630,.T.);
#21820=ORIENTED_EDGE('',*,*,#21400,.F.);
#21830=ORIENTED_EDGE('',*,*,#8630,.F.);
#21840=CARTESIAN_POINT('',(10.150000000033,4.12894730095834,
40.1232472938431));
#21850=DIRECTION('',(-1.,-1.8241749373842E-12,5.47177614854449E-13));
#21860=VECTOR('',#21850,1.);
#21870=LINE('',#21840,#21860);
#21880=EDGE_CURVE('',#620,#8540,#21870,.T.);
#21890=ORIENTED_EDGE('',*,*,#21880,.T.);
#21900=EDGE_LOOP('',(#21890,#21830,#21820,#21810));
#21910=FACE_OUTER_BOUND('',#21900,.T.);
#21920=ADVANCED_FACE('',(#21910),#21800,.F.);
#21930=COLOUR_RGB('',0.560784339904785,0.588235318660736,
0.600000023841858);
#21940=FILL_AREA_STYLE_COLOUR('',#21930);
#21950=FILL_AREA_STYLE('',(#21940));
#21960=SURFACE_STYLE_FILL_AREA(#21950);
#21970=SURFACE_SIDE_STYLE('',(#21960));
#21980=SURFACE_STYLE_USAGE(.BOTH.,#21970);
#21990=PRESENTATION_STYLE_ASSIGNMENT((#21980));
#22000=CARTESIAN_POINT('',(10.1500000047744,73.1583632590925,
3.65486014597136));
#22010=DIRECTION('',(3.564707552575E-12,0.242420299579083,
-0.970171324226803));
#22020=DIRECTION('',(-1.37089338838565E-12,-0.970171324226802,
-0.242420299579083));
#22030=AXIS2_PLACEMENT_3D('',#22000,#22010,#22020);
#22040=PLANE('',#22030);
#22050=ORIENTED_EDGE('',*,*,#3420,.F.);
#22060=CARTESIAN_POINT('',(10.1499999998602,89.0999995217429,
7.63825580204523));
#22070=DIRECTION('',(1.,1.82417493795898E-12,4.13012061628709E-12));
#22080=VECTOR('',#22070,1.);
#22090=LINE('',#22060,#22080);
#22100=EDGE_CURVE('',#11340,#3330,#22090,.T.);
#22110=ORIENTED_EDGE('',*,*,#22100,.T.);
#22120=ORIENTED_EDGE('',*,*,#11350,.T.);
#22130=ORIENTED_EDGE('',*,*,#21620,.T.);
#22140=EDGE_LOOP('',(#22130,#22120,#22110,#22050));
#22150=FACE_OUTER_BOUND('',#22140,.T.);
#22160=ADVANCED_FACE('',(#22150),#22040,.T.);
#22170=COLOUR_RGB('',0.560784339904785,0.588235318660736,
0.600000023841858);
#22180=FILL_AREA_STYLE_COLOUR('',#22170);
#22190=FILL_AREA_STYLE('',(#22180));
#22200=SURFACE_STYLE_FILL_AREA(#22190);
#22210=SURFACE_SIDE_STYLE('',(#22200));
#22220=SURFACE_STYLE_USAGE(.BOTH.,#22210);
#22230=PRESENTATION_STYLE_ASSIGNMENT((#22220));
#22240=CARTESIAN_POINT('',(10.1499999999853,29.6000000001778,
37.9000002305266));
#22250=DIRECTION('',(-5.47177614851326E-13,-1.71183900388197E-12,-1.));
#22260=DIRECTION('',(1.82417493738513E-12,-1.,1.71183900388098E-12));
#22270=AXIS2_PLACEMENT_3D('',#22240,#22250,#22260);
#22280=PLANE('',#22270);
#22290=CARTESIAN_POINT('',(0.874999998565027,40.4495488907714,
37.9000002305131));
#22300=DIRECTION('',(8.82918170333803E-11,1.,-1.71183900393029E-12));
#22310=VECTOR('',#22300,1.);
#22320=LINE('',#22290,#22310);
#22330=CARTESIAN_POINT('',(0.874999998050766,34.6249999990792,
37.9000002305231));
#22340=VERTEX_POINT('',#22330);
#22350=CARTESIAN_POINT('',(0.87499999834875,37.9999999991644,
37.9000002305173));
#22360=VERTEX_POINT('',#22350);
#22370=EDGE_CURVE('',#22340,#22360,#22320,.T.);
#22380=ORIENTED_EDGE('',*,*,#22370,.T.);
#22390=CARTESIAN_POINT('',(10.1499999999761,34.6249999982603,
37.900000230518));
#22400=DIRECTION('',(-1.,8.82918170341137E-11,5.47177614700186E-13));
#22410=VECTOR('',#22400,1.);
#22420=LINE('',#22390,#22410);
#22430=CARTESIAN_POINT('',(8.72499999837814,34.6249999983861,
37.9000002305188));
#22440=VERTEX_POINT('',#22430);
#22450=EDGE_CURVE('',#22440,#22340,#22420,.T.);
#22460=ORIENTED_EDGE('',*,*,#22450,.T.);
#22470=CARTESIAN_POINT('',(8.7249999988924,40.4495488907857,
37.9000002305088));
#22480=DIRECTION('',(-8.82918170333804E-11,-1.,1.71183900393029E-12));
#22490=VECTOR('',#22480,1.);
#22500=LINE('',#22470,#22490);
#22510=CARTESIAN_POINT('',(8.72499999867612,37.9999999984713,
37.900000230513));
#22520=VERTEX_POINT('',#22510);
#22530=EDGE_CURVE('',#22520,#22440,#22500,.T.);
#22540=ORIENTED_EDGE('',*,*,#22530,.T.);
#22550=CARTESIAN_POINT('',(10.1499999999699,37.9999999983455,
37.9000002305122));
#22560=DIRECTION('',(-1.,8.82918170341137E-11,5.47177614700186E-13));
#22570=VECTOR('',#22560,1.);
#22580=LINE('',#22550,#22570);
#22590=EDGE_CURVE('',#22520,#22360,#22580,.T.);
#22600=ORIENTED_EDGE('',*,*,#22590,.F.);
#22610=EDGE_LOOP('',(#22600,#22540,#22460,#22380));
#22620=FACE_BOUND('',#22610,.T.);
#22630=CARTESIAN_POINT('',(0.874999998565027,40.4495488907714,
37.9000002305131));
#22640=DIRECTION('',(8.82918170333803E-11,1.,-1.71183900393029E-12));
#22650=VECTOR('',#22640,1.);
#22660=LINE('',#22630,#22650);
#22670=CARTESIAN_POINT('',(0.874999997642417,29.9999999991656,
37.900000230531));
#22680=VERTEX_POINT('',#22670);
#22690=CARTESIAN_POINT('',(0.874999997940403,33.3749999990789,
37.9000002305252));
#22700=VERTEX_POINT('',#22690);
#22710=EDGE_CURVE('',#22680,#22700,#22660,.T.);
#22720=ORIENTED_EDGE('',*,*,#22710,.T.);
#22730=CARTESIAN_POINT('',(10.1499999999845,29.9999999983467,
37.9000002305259));
#22740=DIRECTION('',(-1.,8.82918170341137E-11,5.47177614700186E-13));
#22750=VECTOR('',#22740,1.);
#22760=LINE('',#22730,#22750);
#22770=CARTESIAN_POINT('',(8.7249999976804,29.9999999984725,
37.9000002305267));
#22780=VERTEX_POINT('',#22770);
#22790=EDGE_CURVE('',#22780,#22680,#22760,.T.);
#22800=ORIENTED_EDGE('',*,*,#22790,.T.);
#22810=CARTESIAN_POINT('',(8.72499999860301,40.4495488907857,
37.9000002305088));
#22820=DIRECTION('',(-8.82918170333804E-11,-1.,1.71183900393029E-12));
#22830=VECTOR('',#22820,1.);
#22840=LINE('',#22810,#22830);
#22850=CARTESIAN_POINT('',(8.72499999797838,33.3749999983858,
37.9000002305209));
#22860=VERTEX_POINT('',#22850);
#22870=EDGE_CURVE('',#22860,#22780,#22840,.T.);
#22880=ORIENTED_EDGE('',*,*,#22870,.T.);
#22890=CARTESIAN_POINT('',(10.1499999999784,33.37499999826,
37.9000002305201));
#22900=DIRECTION('',(-1.,8.82918170341137E-11,5.47177614700186E-13));
#22910=VECTOR('',#22900,1.);
#22920=LINE('',#22890,#22910);
#22930=EDGE_CURVE('',#22860,#22700,#22920,.T.);
#22940=ORIENTED_EDGE('',*,*,#22930,.F.);
#22950=EDGE_LOOP('',(#22940,#22880,#22800,#22720));
#22960=FACE_BOUND('',#22950,.T.);
#22970=ORIENTED_EDGE('',*,*,#1600,.F.);
#22980=CARTESIAN_POINT('',(10.1499999999853,29.6000000001778,
37.9000002305266));
#22990=DIRECTION('',(-1.,-1.8241749373842E-12,5.47177614854449E-13));
#23000=VECTOR('',#22990,1.);
#23010=LINE('',#22980,#23000);
#23020=EDGE_CURVE('',#1510,#7490,#23010,.T.);
#23030=ORIENTED_EDGE('',*,*,#23020,.F.);
#23040=ORIENTED_EDGE('',*,*,#7500,.T.);
#23050=ORIENTED_EDGE('',*,*,#19240,.T.);
#23060=EDGE_LOOP('',(#23050,#23040,#23030,#22970));
#23070=FACE_OUTER_BOUND('',#23060,.T.);
#23080=ADVANCED_FACE('',(#22620,#22960,#23070),#22280,.F.);
#23090=COLOUR_RGB('',0.560784339904785,0.588235318660736,
0.600000023841858);
#23100=FILL_AREA_STYLE_COLOUR('',#23090);
#23110=FILL_AREA_STYLE('',(#23100));
#23120=SURFACE_STYLE_FILL_AREA(#23110);
#23130=SURFACE_SIDE_STYLE('',(#23120));
#23140=SURFACE_STYLE_USAGE(.BOTH.,#23130);
#23150=PRESENTATION_STYLE_ASSIGNMENT((#23140));
#23160=CARTESIAN_POINT('',(10.1499999998779,89.0999995257327,
40.1055696250344));
#23170=DIRECTION('',(1.82417493745144E-12,-1.,1.22886756326298E-10));
#23180=DIRECTION('',(5.47177614630282E-13,1.22886756326299E-10,1.));
#23190=AXIS2_PLACEMENT_3D('',#23160,#23170,#23180);
#23200=PLANE('',#23190);
#23210=CARTESIAN_POINT('',(9.24999973915478,89.0999995216075,
6.54999999658862));
#23220=DIRECTION('',(3.6733888636704E-12,1.22886756326305E-10,1.));
#23230=VECTOR('',#23220,1.);
#23240=LINE('',#23210,#23230);
#23250=CARTESIAN_POINT('',(9.2499997410699,89.0999995237499,
23.9841509896468));
#23260=VERTEX_POINT('',#23250);
#23270=CARTESIAN_POINT('',(9.24999973925446,89.0999995249421,
33.6855688707219));
#23280=VERTEX_POINT('',#23270);
#23290=EDGE_CURVE('',#23260,#23280,#23240,.T.);
#23300=ORIENTED_EDGE('',*,*,#23290,.T.);
#23310=CARTESIAN_POINT('',(5.07500000672636,89.0999995243384,
28.8348599294031));
#23320=DIRECTION('',(1.82417493745144E-12,-1.,1.22886756326298E-10));
#23330=DIRECTION('',(5.47177614630282E-13,1.22886756326299E-10,1.));
#23340=AXIS2_PLACEMENT_3D('',#23310,#23320,#23330);
#23350=CIRCLE('',#23340,6.4);
#23360=CARTESIAN_POINT('',(0.90000027419825,89.0999995237347,
23.9841509880843));
#23370=VERTEX_POINT('',#23360);
#23380=EDGE_CURVE('',#23370,#23260,#23350,.T.);
#23390=ORIENTED_EDGE('',*,*,#23380,.T.);
#23400=CARTESIAN_POINT('',(0.900000274134211,89.0999995215923,
6.54999999659319));
#23410=DIRECTION('',(-3.6733888636704E-12,-1.22886756326305E-10,-1.));
#23420=VECTOR('',#23410,1.);
#23430=LINE('',#23400,#23420);
#23440=CARTESIAN_POINT('',(0.900000274233889,89.0999995249269,
33.6855688707526));
#23450=VERTEX_POINT('',#23440);
#23460=EDGE_CURVE('',#23450,#23370,#23430,.T.);
#23470=ORIENTED_EDGE('',*,*,#23460,.T.);
#23480=CARTESIAN_POINT('',(5.07500000672636,89.0999995243384,
28.8348599294031));
#23490=DIRECTION('',(1.82417493745144E-12,-1.,1.22886756326298E-10));
#23500=DIRECTION('',(5.47177614630282E-13,1.22886756326299E-10,1.));
#23510=AXIS2_PLACEMENT_3D('',#23480,#23490,#23500);
#23520=CIRCLE('',#23510,6.4);
#23530=EDGE_CURVE('',#23280,#23450,#23520,.T.);
#23540=ORIENTED_EDGE('',*,*,#23530,.T.);
#23550=EDGE_LOOP('',(#23540,#23470,#23390,#23300));
#23560=FACE_BOUND('',#23550,.T.);
#23570=ORIENTED_EDGE('',*,*,#3340,.T.);
#23580=ORIENTED_EDGE('',*,*,#3260,.T.);
#23590=CARTESIAN_POINT('',(10.1499999998889,89.0999995282045,
60.2197833085315));
#23600=DIRECTION('',(-1.,-1.82417492588354E-12,9.41346151455443E-11));
#23610=VECTOR('',#23600,1.);
#23620=LINE('',#23590,#23610);
#23630=EDGE_CURVE('',#3170,#11420,#23620,.T.);
#23640=ORIENTED_EDGE('',*,*,#23630,.F.);
#23650=ORIENTED_EDGE('',*,*,#11430,.F.);
#23660=ORIENTED_EDGE('',*,*,#22100,.F.);
#23670=EDGE_LOOP('',(#23660,#23650,#23640,#23580,#23570));
#23680=FACE_OUTER_BOUND('',#23670,.T.);
#23690=CARTESIAN_POINT('',(5.07500000884717,89.0999995267593,
48.534859086608));
#23700=DIRECTION('',(1.82417493745144E-12,-1.,1.22886756326298E-10));
#23710=DIRECTION('',(5.47177614630282E-13,1.22886756326299E-10,1.));
#23720=AXIS2_PLACEMENT_3D('',#23690,#23700,#23710);
#23730=CIRCLE('',#23720,6.4);
#23740=CARTESIAN_POINT('',(0.900000276345818,89.0999995261556,
43.6841501452661));
#23750=VERTEX_POINT('',#23740);
#23760=CARTESIAN_POINT('',(9.24999974136639,89.0999995261708,
43.6841501452815));
#23770=VERTEX_POINT('',#23760);
#23780=EDGE_CURVE('',#23750,#23770,#23730,.T.);
#23790=ORIENTED_EDGE('',*,*,#23780,.T.);
#23800=CARTESIAN_POINT('',(0.900000276414206,89.0999995215923,
6.54999999648251));
#23810=DIRECTION('',(1.84163801722905E-12,-1.22886756326295E-10,-1.));
#23820=VECTOR('',#23810,1.);
#23830=LINE('',#23800,#23820);
#23840=CARTESIAN_POINT('',(0.900000276327951,89.0999995273478,
53.3855680279344));
#23850=VERTEX_POINT('',#23840);
#23860=EDGE_CURVE('',#23850,#23750,#23830,.T.);
#23870=ORIENTED_EDGE('',*,*,#23860,.T.);
#23880=CARTESIAN_POINT('',(5.07500000884717,89.0999995267593,
48.534859086608));
#23890=DIRECTION('',(1.82417493745144E-12,-1.,1.22886756326298E-10));
#23900=DIRECTION('',(5.47177614630282E-13,1.22886756326299E-10,1.));
#23910=AXIS2_PLACEMENT_3D('',#23880,#23890,#23900);
#23920=CIRCLE('',#23910,6.4);
#23930=CARTESIAN_POINT('',(9.24999974134852,89.099999527363,
53.3855680279498));
#23940=VERTEX_POINT('',#23930);
#23950=EDGE_CURVE('',#23940,#23850,#23920,.T.);
#23960=ORIENTED_EDGE('',*,*,#23950,.T.);
#23970=CARTESIAN_POINT('',(9.24999974143478,89.0999995216075,
6.54999999647794));
#23980=DIRECTION('',(-1.84163801722905E-12,1.22886756326295E-10,1.));
#23990=VECTOR('',#23980,1.);
#24000=LINE('',#23970,#23990);
#24010=EDGE_CURVE('',#23770,#23940,#24000,.T.);
#24020=ORIENTED_EDGE('',*,*,#24010,.T.);
#24030=EDGE_LOOP('',(#24020,#23960,#23870,#23790));
#24040=FACE_BOUND('',#24030,.T.);
#24050=ADVANCED_FACE('',(#23560,#23680,#24040),#23200,.F.);
#24060=COLOUR_RGB('',0.560784339904785,0.588235318660736,
0.600000023841858);
#24070=FILL_AREA_STYLE_COLOUR('',#24060);
#24080=FILL_AREA_STYLE('',(#24070));
#24090=SURFACE_STYLE_FILL_AREA(#24080);
#24100=SURFACE_SIDE_STYLE('',(#24090));
#24110=SURFACE_STYLE_USAGE(.BOTH.,#24100);
#24120=PRESENTATION_STYLE_ASSIGNMENT((#24110));
#24130=CARTESIAN_POINT('',(10.1500000000328,4.27036865719668,
40.2646686500797));
#24140=DIRECTION('',(-1.67679947026643E-12,0.707106781182204,
-0.707106781190891));
#24150=DIRECTION('',(9.02973466328151E-13,-0.707106781190891,
-0.707106781182204));
#24160=AXIS2_PLACEMENT_3D('',#24130,#24140,#24150);
#24170=PLANE('',#24160);
#24180=ORIENTED_EDGE('',*,*,#710,.T.);
#24190=ORIENTED_EDGE('',*,*,#21880,.F.);
#24200=ORIENTED_EDGE('',*,*,#8550,.F.);
#24210=CARTESIAN_POINT('',(10.1500000000272,8.61907536152058,
44.6133753543501));
#24220=DIRECTION('',(-1.,-1.8241749373842E-12,5.47177614854449E-13));
#24230=VECTOR('',#24220,1.);
#24240=LINE('',#24210,#24230);
#24250=EDGE_CURVE('',#700,#8460,#24240,.T.);
#24260=ORIENTED_EDGE('',*,*,#24250,.T.);
#24270=EDGE_LOOP('',(#24260,#24200,#24190,#24180));
#24280=FACE_OUTER_BOUND('',#24270,.T.);
#24290=ADVANCED_FACE('',(#24280),#24170,.F.);
#24300=COLOUR_RGB('',0.560784339904785,0.588235318660736,
0.600000023841858);
#24310=FILL_AREA_STYLE_COLOUR('',#24300);
#24320=FILL_AREA_STYLE('',(#24310));
#24330=SURFACE_STYLE_FILL_AREA(#24320);
#24340=SURFACE_SIDE_STYLE('',(#24330));
#24350=SURFACE_STYLE_USAGE(.BOTH.,#24340);
#24360=PRESENTATION_STYLE_ASSIGNMENT((#24350));
#24370=CARTESIAN_POINT('',(0.0249975558696711,48.4999999701056,
28.1000004812486));
#24380=DIRECTION('',(-3.49086795145567E-12,8.60838578718517E-10,-1.));
#24390=DIRECTION('',(-4.77486554445198E-11,-1.,-8.6083857871835E-10));
#24400=AXIS2_PLACEMENT_3D('',#24370,#24380,#24390);
#24410=PLANE('',#24400);
#24420=CARTESIAN_POINT('',(10.1499999999511,45.4000002220805,
28.1000004785446));
#24430=DIRECTION('',(1.,-9.24837323188428E-11,-3.49086803106923E-12));
#24440=VECTOR('',#24430,1.);
#24450=LINE('',#24420,#24440);
#24460=CARTESIAN_POINT('',(3.89284079280458,45.4000002226592,
28.1000004779262));
#24470=VERTEX_POINT('',#24460);
#24480=CARTESIAN_POINT('',(6.25715897925654,45.4000002224405,
28.1000004779175));
#24490=VERTEX_POINT('',#24480);
#24500=EDGE_CURVE('',#24470,#24490,#24450,.T.);
#24510=ORIENTED_EDGE('',*,*,#24500,.F.);
#24520=CARTESIAN_POINT('',(5.07499988596119,44.6500003036811,
28.1000004779167));
#24530=DIRECTION('',(3.67338880798945E-12,-6.85680678931178E-12,1.));
#24540=DIRECTION('',(-8.82918170334118E-11,-1.,-6.85680678898745E-12));
#24550=AXIS2_PLACEMENT_3D('',#24520,#24530,#24540);
#24560=CIRCLE('',#24550,1.4);
#24570=CARTESIAN_POINT('',(5.0749998860848,46.0500003036811,
28.1000004779263));
#24580=VERTEX_POINT('',#24570);
#24590=EDGE_CURVE('',#24490,#24580,#24560,.T.);
#24600=ORIENTED_EDGE('',*,*,#24590,.F.);
#24610=EDGE_CURVE('',#24580,#24470,#24560,.T.);
#24620=ORIENTED_EDGE('',*,*,#24610,.F.);
#24630=EDGE_LOOP('',(#24620,#24600,#24510));
#24640=FACE_OUTER_BOUND('',#24630,.T.);
#24650=ADVANCED_FACE('',(#24640),#24410,.T.);
#24660=COLOUR_RGB('',0.823529481887817,0.823529481887817,
0.784313797950745);
#24670=FILL_AREA_STYLE_COLOUR('',#24660);
#24680=FILL_AREA_STYLE('',(#24670));
#24690=SURFACE_STYLE_FILL_AREA(#24680);
#24700=SURFACE_SIDE_STYLE('',(#24690));
#24710=SURFACE_STYLE_USAGE(.BOTH.,#24700);
#24720=PRESENTATION_STYLE_ASSIGNMENT((#24710));
#24730=CARTESIAN_POINT('',(10.1500000000289,8.45997633565619,
47.2119927750784));
#24740=DIRECTION('',(-9.02973466337321E-13,0.707106781194758,
0.707106781178337));
#24750=DIRECTION('',(-1.67679947026149E-12,0.707106781178337,
-0.707106781194758));
#24760=AXIS2_PLACEMENT_3D('',#24730,#24740,#24750);
#24770=PLANE('',#24760);
#24780=CARTESIAN_POINT('',(0.79999999932272,49.1219691133112,
6.54999999646713));
#24790=DIRECTION('',(5.96354613536921E-11,0.707106781178337,
-0.707106781194758));
#24800=VECTOR('',#24790,1.);
#24810=LINE('',#24780,#24800);
#24820=CARTESIAN_POINT('',(0.799999995818855,7.57609285955605,
48.0958762520954));
#24830=VERTEX_POINT('',#24820);
#24840=CARTESIAN_POINT('',(0.799999995857617,8.03571226727317,
47.6362568434593));
#24850=VERTEX_POINT('',#24840);
#24860=EDGE_CURVE('',#24830,#24850,#24810,.T.);
#24870=ORIENTED_EDGE('',*,*,#24860,.T.);
#24880=CARTESIAN_POINT('',(10.150000000031,7.57609285911902,
48.0958762516362));
#24890=DIRECTION('',(-1.,-1.8241749373842E-12,5.47177614854449E-13));
#24900=VECTOR('',#24890,1.);
#24910=LINE('',#24880,#24900);
#24920=EDGE_CURVE('',#1190,#24830,#24910,.T.);
#24930=ORIENTED_EDGE('',*,*,#24920,.T.);
#24940=ORIENTED_EDGE('',*,*,#1200,.F.);
#24950=CARTESIAN_POINT('',(10.1500000000286,8.60139769188867,
47.0705714188426));
#24960=DIRECTION('',(-1.,-1.8241749373842E-12,5.47177614854449E-13));
#24970=VECTOR('',#24960,1.);
#24980=LINE('',#24950,#24970);
#24990=EDGE_CURVE('',#1110,#8050,#24980,.T.);
#25000=ORIENTED_EDGE('',*,*,#24990,.F.);
#25010=ORIENTED_EDGE('',*,*,#8060,.T.);
#25020=CARTESIAN_POINT('',(10.1500000000299,8.03571226688486,
47.6362568438596));
#25030=DIRECTION('',(1.,-4.15301645076084E-11,4.2807161831145E-11));
#25040=VECTOR('',#25030,1.);
#25050=LINE('',#25020,#25040);
#25060=EDGE_CURVE('',#7970,#24850,#25050,.T.);
#25070=ORIENTED_EDGE('',*,*,#25060,.F.);
#25080=EDGE_LOOP('',(#25070,#25010,#25000,#24940,#24930,#24870));
#25090=FACE_OUTER_BOUND('',#25080,.T.);
#25100=ADVANCED_FACE('',(#25090),#24770,.F.);
#25110=COLOUR_RGB('',0.560784339904785,0.588235318660736,
0.600000023841858);
#25120=FILL_AREA_STYLE_COLOUR('',#25110);
#25130=FILL_AREA_STYLE('',(#25120));
#25140=SURFACE_STYLE_FILL_AREA(#25130);
#25150=SURFACE_SIDE_STYLE('',(#25140));
#25160=SURFACE_STYLE_USAGE(.BOTH.,#25150);
#25170=PRESENTATION_STYLE_ASSIGNMENT((#25160));
#25180=CARTESIAN_POINT('',(10.1500000000276,8.47765400528646,
44.754796710586));
#25190=DIRECTION('',(-9.02973466328053E-13,0.70710678119085,
0.707106781182245));
#25200=DIRECTION('',(-1.67679947026648E-12,0.707106781182245,
-0.70710678119085));
#25210=AXIS2_PLACEMENT_3D('',#25180,#25190,#25200);
#25220=PLANE('',#25210);
#25230=ORIENTED_EDGE('',*,*,#790,.T.);
#25240=ORIENTED_EDGE('',*,*,#24250,.F.);
#25250=ORIENTED_EDGE('',*,*,#8470,.F.);
#25260=CARTESIAN_POINT('',(10.150000000029,7.87661324127943,
45.3558374746003));
#25270=DIRECTION('',(-1.,-1.8241749373842E-12,5.47177614854449E-13));
#25280=VECTOR('',#25270,1.);
#25290=LINE('',#25260,#25280);
#25300=EDGE_CURVE('',#780,#8380,#25290,.T.);
#25310=ORIENTED_EDGE('',*,*,#25300,.T.);
#25320=EDGE_LOOP('',(#25310,#25250,#25240,#25230));
#25330=FACE_OUTER_BOUND('',#25320,.T.);
#25340=ADVANCED_FACE('',(#25330),#25220,.F.);
#25350=COLOUR_RGB('',0.560784339904785,0.588235318660736,
0.600000023841858);
#25360=FILL_AREA_STYLE_COLOUR('',#25350);
#25370=FILL_AREA_STYLE('',(#25360));
#25380=SURFACE_STYLE_FILL_AREA(#25370);
#25390=SURFACE_SIDE_STYLE('',(#25380));
#25400=SURFACE_STYLE_USAGE(.BOTH.,#25390);
#25410=PRESENTATION_STYLE_ASSIGNMENT((#25400));
#25420=CARTESIAN_POINT('',(5.87500031161007,45.1000011688846,
28.7326349529228));
#25430=DIRECTION('',(4.77486554424268E-11,1.,2.6127118315434E-10));
#25440=DIRECTION('',(-3.49086798008421E-12,2.61271183154507E-10,-1.));
#25450=AXIS2_PLACEMENT_3D('',#25420,#25430,#25440);
#25460=PLANE('',#25450);
#25470=CARTESIAN_POINT('',(10.1499999999526,45.1000011683855,
29.8614412652373));
#25480=DIRECTION('',(1.,-4.7748655461615E-11,7.34416756832739E-11));
#25490=VECTOR('',#25480,1.);
#25500=LINE('',#25470,#25490);
#25510=CARTESIAN_POINT('',(5.97500031161401,45.1000011685849,
29.8614412649307));
#25520=VERTEX_POINT('',#25510);
#25530=EDGE_CURVE('',#14570,#25520,#25500,.T.);
#25540=ORIENTED_EDGE('',*,*,#25530,.F.);
#25550=CARTESIAN_POINT('',(5.97500031153264,45.1000011746755,
6.54999999646275));
#25560=DIRECTION('',(3.49086798008419E-12,-2.61271183154507E-10,1.));
#25570=VECTOR('',#25560,1.);
#25580=LINE('',#25550,#25570);
#25590=CARTESIAN_POINT('',(5.97500031161007,45.1000011688798,
28.7326349529225));
#25600=VERTEX_POINT('',#25590);
#25610=EDGE_CURVE('',#25600,#25520,#25580,.T.);
#25620=ORIENTED_EDGE('',*,*,#25610,.T.);
#25630=CARTESIAN_POINT('',(10.149999999952,45.1000011686804,
28.7326349529079));
#25640=DIRECTION('',(1.,-4.77486554415148E-11,-3.49086799255956E-12));
#25650=VECTOR('',#25640,1.);
#25660=LINE('',#25630,#25650);
#25670=EDGE_CURVE('',#14390,#25600,#25660,.T.);
#25680=ORIENTED_EDGE('',*,*,#25670,.T.);
#25690=ORIENTED_EDGE('',*,*,#14640,.F.);
#25700=EDGE_LOOP('',(#25690,#25680,#25620,#25540));
#25710=FACE_OUTER_BOUND('',#25700,.T.);
#25720=ADVANCED_FACE('',(#25710),#25460,.F.);
#25730=COLOUR_RGB('',0.823529481887817,0.823529481887817,
0.784313797950745);
#25740=FILL_AREA_STYLE_COLOUR('',#25730);
#25750=FILL_AREA_STYLE('',(#25740));
#25760=SURFACE_STYLE_FILL_AREA(#25750);
#25770=SURFACE_SIDE_STYLE('',(#25760));
#25780=SURFACE_STYLE_USAGE(.BOTH.,#25770);
#25790=PRESENTATION_STYLE_ASSIGNMENT((#25780));
#25800=CARTESIAN_POINT('',(10.1499999999896,29.6000000001913,
45.7999999986682));
#25810=DIRECTION('',(1.82417493738514E-12,-1.,1.71380964972472E-12));
#25820=DIRECTION('',(5.47177614851323E-13,1.71380964972571E-12,1.));
#25830=AXIS2_PLACEMENT_3D('',#25800,#25810,#25820);
#25840=PLANE('',#25830);
#25850=ORIENTED_EDGE('',*,*,#1520,.T.);
#25860=CARTESIAN_POINT('',(10.1499999999896,29.6000000001913,
45.7999999986682));
#25870=DIRECTION('',(-1.,-1.8241749373842E-12,5.47177614854449E-13));
#25880=VECTOR('',#25870,1.);
#25890=LINE('',#25860,#25880);
#25900=EDGE_CURVE('',#1430,#7570,#25890,.T.);
#25910=ORIENTED_EDGE('',*,*,#25900,.F.);
#25920=ORIENTED_EDGE('',*,*,#7580,.F.);
#25930=ORIENTED_EDGE('',*,*,#23020,.T.);
#25940=EDGE_LOOP('',(#25930,#25920,#25910,#25850));
#25950=FACE_OUTER_BOUND('',#25940,.T.);
#25960=ADVANCED_FACE('',(#25950),#25840,.F.);
#25970=COLOUR_RGB('',0.560784339904785,0.588235318660736,
0.600000023841858);
#25980=FILL_AREA_STYLE_COLOUR('',#25970);
#25990=FILL_AREA_STYLE('',(#25980));
#26000=SURFACE_STYLE_FILL_AREA(#25990);
#26010=SURFACE_SIDE_STYLE('',(#26000));
#26020=SURFACE_STYLE_USAGE(.BOTH.,#26010);
#26030=PRESENTATION_STYLE_ASSIGNMENT((#26020));
#26040=CARTESIAN_POINT('',(5.07500000672636,89.0999999550006,
28.8348599294031));
#26050=DIRECTION('',(1.8661805482502E-10,1.,2.21575564321615E-10));
#26060=DIRECTION('',(1.,-1.86618054824206E-10,-3.67338850665155E-12));
#26070=AXIS2_PLACEMENT_3D('',#26040,#26050,#26060);
#26080=CYLINDRICAL_SURFACE('',#26070,6.4);
#26090=CARTESIAN_POINT('',(9.24999973921882,89.0999999552963,
23.9841509880536));
#26100=DIRECTION('',(1.8661805482502E-10,1.,2.21575564321615E-10));
#26110=VECTOR('',#26100,1.);
#26120=LINE('',#26090,#26110);
#26130=CARTESIAN_POINT('',(9.24999973821537,66.4557997447339,
23.9841509858096));
#26140=VERTEX_POINT('',#26130);
#26150=EDGE_CURVE('',#26140,#23260,#26120,.T.);
#26160=ORIENTED_EDGE('',*,*,#26150,.T.);
#26170=CARTESIAN_POINT('',(5.07500000464409,60.6749499354341,
28.8348599267764));
#26180=DIRECTION('',(-1.17792000533721E-10,-0.642787609488252,
-0.766044443285361));
#26190=DIRECTION('',(-1.44773344885974E-10,-0.766044443285361,
0.642787609488252));
#26200=AXIS2_PLACEMENT_3D('',#26170,#26180,#26190);
#26210=ELLIPSE('',#26200,9.95663249234888,6.4);
#26220=CARTESIAN_POINT('',(0.900000269972438,66.4557997495328,
23.9841509830669));
#26230=VERTEX_POINT('',#26220);
#26240=EDGE_CURVE('',#26230,#26140,#26210,.T.);
#26250=ORIENTED_EDGE('',*,*,#26240,.T.);
#26260=CARTESIAN_POINT('',(0.900000274198252,89.0999999568546,
23.9841509880843));
#26270=DIRECTION('',(1.8661805482502E-10,1.,2.21575564321615E-10));
#26280=VECTOR('',#26270,1.);
#26290=LINE('',#26260,#26280);
#26300=EDGE_CURVE('',#26230,#23370,#26290,.T.);
#26310=ORIENTED_EDGE('',*,*,#26300,.F.);
#26320=ORIENTED_EDGE('',*,*,#23380,.F.);
#26330=EDGE_LOOP('',(#26320,#26310,#26250,#26160));
#26340=FACE_OUTER_BOUND('',#26330,.T.);
#26350=ADVANCED_FACE('',(#26340),#26080,.F.);
#26360=COLOUR_RGB('',0.560784339904785,0.588235318660736,
0.600000023841858);
#26370=FILL_AREA_STYLE_COLOUR('',#26360);
#26380=FILL_AREA_STYLE('',(#26370));
#26390=SURFACE_STYLE_FILL_AREA(#26380);
#26400=SURFACE_SIDE_STYLE('',(#26390));
#26410=SURFACE_STYLE_USAGE(.BOTH.,#26400);
#26420=PRESENTATION_STYLE_ASSIGNMENT((#26410));
#26430=CARTESIAN_POINT('',(0.900000274198252,89.0999999568546,
23.9841509880843));
#26440=DIRECTION('',(-1.,1.86618054824206E-10,3.67338884073753E-12));
#26450=DIRECTION('',(-3.67338879938753E-12,2.21575564322029E-10,-1.));
#26460=AXIS2_PLACEMENT_3D('',#26430,#26440,#26450);
#26470=PLANE('',#26460);
#26480=ORIENTED_EDGE('',*,*,#26300,.T.);
#26490=CARTESIAN_POINT('',(0.900000276257765,83.1444766587338,
9.98068835108085));
#26500=DIRECTION('',(1.40596453746125E-10,0.766044443285361,
-0.642787609488252));
#26510=VECTOR('',#26500,1.);
#26520=LINE('',#26490,#26510);
#26530=CARTESIAN_POINT('',(0.90000026943453,63.5250000084166,
26.4433839635992));
#26540=VERTEX_POINT('',#26530);
#26550=EDGE_CURVE('',#26540,#26230,#26520,.T.);
#26560=ORIENTED_EDGE('',*,*,#26550,.T.);
#26570=CARTESIAN_POINT('',(0.900000272587567,63.5250000093757,
7.57171952309614));
#26580=DIRECTION('',(3.67338808089822E-12,-2.21575453299727E-10,1.));
#26590=VECTOR('',#26580,1.);
#26600=LINE('',#26570,#26590);
#26610=CARTESIAN_POINT('',(0.900000269458463,63.5250000069727,
32.9597347048887));
#26620=VERTEX_POINT('',#26610);
#26630=EDGE_CURVE('',#26540,#26620,#26600,.T.);
#26640=ORIENTED_EDGE('',*,*,#26630,.F.);
#26650=CARTESIAN_POINT('',(0.900000272574886,62.9665221377253,
32.4911161305531));
#26660=DIRECTION('',(-1.45318924864465E-10,-0.766044442964051,
-0.642787609871174));
#26670=VECTOR('',#26660,1.);
#26680=LINE('',#26650,#26670);
#26690=CARTESIAN_POINT('',(0.900000269622559,64.3900154748202,
33.6855688652774));
#26700=VERTEX_POINT('',#26690);
#26710=EDGE_CURVE('',#26700,#26620,#26680,.T.);
#26720=ORIENTED_EDGE('',*,*,#26710,.T.);
#26730=CARTESIAN_POINT('',(0.900000274233888,89.099999954705,
33.6855688707526));
#26740=DIRECTION('',(1.8661805482502E-10,1.,2.21575564321615E-10));
#26750=VECTOR('',#26740,1.);
#26760=LINE('',#26730,#26750);
#26770=EDGE_CURVE('',#26700,#23450,#26760,.T.);
#26780=ORIENTED_EDGE('',*,*,#26770,.F.);
#26790=ORIENTED_EDGE('',*,*,#23460,.F.);
#26800=EDGE_LOOP('',(#26790,#26780,#26720,#26640,#26560,#26480));
#26810=FACE_OUTER_BOUND('',#26800,.T.);
#26820=ADVANCED_FACE('',(#26810),#26470,.F.);
#26830=COLOUR_RGB('',0.560784339904785,0.588235318660736,
0.600000023841858);
#26840=FILL_AREA_STYLE_COLOUR('',#26830);
#26850=FILL_AREA_STYLE('',(#26840));
#26860=SURFACE_STYLE_FILL_AREA(#26850);
#26870=SURFACE_SIDE_STYLE('',(#26860));
#26880=SURFACE_STYLE_USAGE(.BOTH.,#26870);
#26890=PRESENTATION_STYLE_ASSIGNMENT((#26880));
#26900=CARTESIAN_POINT('',(10.150000000029,7.87661324127943,
45.3558374746003));
#26910=DIRECTION('',(1.67679947026644E-12,-0.707106781182212,
0.707106781190883));
#26920=DIRECTION('',(-9.02973466328131E-13,0.707106781190883,
0.707106781182212));
#26930=AXIS2_PLACEMENT_3D('',#26900,#26910,#26920);
#26940=PLANE('',#26930);
#26950=ORIENTED_EDGE('',*,*,#870,.F.);
#26960=ORIENTED_EDGE('',*,*,#25300,.F.);
#26970=ORIENTED_EDGE('',*,*,#8390,.T.);
#26980=CARTESIAN_POINT('',(10.1500000000295,7.44609285916076,
44.9253170924869));
#26990=DIRECTION('',(1.,1.8241749373842E-12,-5.47177614854449E-13));
#27000=VECTOR('',#26990,1.);
#27010=LINE('',#26980,#27000);
#27020=EDGE_CURVE('',#8300,#860,#27010,.T.);
#27030=ORIENTED_EDGE('',*,*,#27020,.F.);
#27040=EDGE_LOOP('',(#27030,#26970,#26960,#26950));
#27050=FACE_OUTER_BOUND('',#27040,.T.);
#27060=ADVANCED_FACE('',(#27050),#26940,.F.);
#27070=COLOUR_RGB('',0.560784339904785,0.588235318660736,
0.600000023841858);
#27080=FILL_AREA_STYLE_COLOUR('',#27070);
#27090=FILL_AREA_STYLE('',(#27080));
#27100=SURFACE_STYLE_FILL_AREA(#27090);
#27110=SURFACE_SIDE_STYLE('',(#27100));
#27120=SURFACE_STYLE_USAGE(.BOTH.,#27110);
#27130=PRESENTATION_STYLE_ASSIGNMENT((#27120));
#27140=CARTESIAN_POINT('',(10.149999999973,39.587511071457,
48.7999999983345));
#27150=DIRECTION('',(-5.47177614866957E-13,6.85679291123594E-12,-1.));
#27160=DIRECTION('',(1.82417493738045E-12,-1.,-6.85679291123694E-12));
#27170=AXIS2_PLACEMENT_3D('',#27140,#27150,#27160);
#27180=PLANE('',#27170);
#27190=CARTESIAN_POINT('',(5.07499988603723,44.6500003027229,
48.799999998372));
#27200=DIRECTION('',(3.67338880798945E-12,-6.85680678931178E-12,1.));
#27210=DIRECTION('',(-8.82918170334118E-11,-1.,-6.85680678898745E-12));
#27220=AXIS2_PLACEMENT_3D('',#27190,#27200,#27210);
#27230=CIRCLE('',#27220,2.7);
#27240=CARTESIAN_POINT('',(5.07499988627562,47.3500003027229,
48.7999999983905));
#27250=VERTEX_POINT('',#27240);
#27260=CARTESIAN_POINT('',(5.07499988579884,41.9500003027229,
48.7999999983535));
#27270=VERTEX_POINT('',#27260);
#27280=EDGE_CURVE('',#27250,#27270,#27230,.T.);
#27290=ORIENTED_EDGE('',*,*,#27280,.F.);
#27300=EDGE_CURVE('',#27270,#27250,#27230,.T.);
#27310=ORIENTED_EDGE('',*,*,#27300,.F.);
#27320=EDGE_LOOP('',(#27310,#27290));
#27330=FACE_BOUND('',#27320,.T.);
#27340=CARTESIAN_POINT('',(10.1499999999436,55.6939648222377,
48.799999998445));
#27350=DIRECTION('',(1.,-9.23101508975617E-11,-2.89343206218227E-16));
#27360=VECTOR('',#27350,1.);
#27370=LINE('',#27340,#27360);
#27380=CARTESIAN_POINT('',(9.30000005479,55.6939648223163,
48.7999999984454));
#27390=VERTEX_POINT('',#27380);
#27400=EDGE_CURVE('',#27390,#1790,#27370,.T.);
#27410=ORIENTED_EDGE('',*,*,#27400,.F.);
#27420=ORIENTED_EDGE('',*,*,#1800,.F.);
#27430=ORIENTED_EDGE('',*,*,#16840,.T.);
#27440=ORIENTED_EDGE('',*,*,#7260,.T.);
#27450=CARTESIAN_POINT('',(0.849999721456662,55.693964823098,
48.7999999984501));
#27460=VERTEX_POINT('',#27450);
#27470=EDGE_CURVE('',#7170,#27460,#27370,.T.);
#27480=ORIENTED_EDGE('',*,*,#27470,.F.);
#27490=CARTESIAN_POINT('',(0.849999722796978,40.4495488907671,
48.7999999983455));
#27500=DIRECTION('',(8.79218330439823E-11,-1.,-6.85679291128405E-12));
#27510=VECTOR('',#27500,1.);
#27520=LINE('',#27490,#27510);
#27530=CARTESIAN_POINT('',(0.849999722201268,47.2249993519813,
48.799999998392));
#27540=VERTEX_POINT('',#27530);
#27550=EDGE_CURVE('',#27460,#27540,#27520,.T.);
#27560=ORIENTED_EDGE('',*,*,#27550,.F.);
#27570=CARTESIAN_POINT('',(10.1499999999591,47.2249993511602,
48.7999999983869));
#27580=DIRECTION('',(-1.,8.82920111229726E-11,5.47177615472353E-13));
#27590=VECTOR('',#27580,1.);
#27600=LINE('',#27570,#27590);
#27610=CARTESIAN_POINT('',(2.67028907719165,47.2249993518206,
48.799999998391));
#27620=VERTEX_POINT('',#27610);
#27630=EDGE_CURVE('',#27620,#27540,#27600,.T.);
#27640=ORIENTED_EDGE('',*,*,#27630,.T.);
#27650=CARTESIAN_POINT('',(10.1499999999454,54.7047102732536,
48.7999999984382));
#27660=DIRECTION('',(-0.707106781248979,-0.707106781124116,
-4.46158841348895E-12));
#27670=VECTOR('',#27660,1.);
#27680=LINE('',#27650,#27670);
#27690=CARTESIAN_POINT('',(3.80568172670598,48.3603920011344,
48.7999999983982));
#27700=VERTEX_POINT('',#27690);
#27710=EDGE_CURVE('',#27700,#27620,#27680,.T.);
#27720=ORIENTED_EDGE('',*,*,#27710,.T.);
#27730=CARTESIAN_POINT('',(3.80568172600752,40.4495488907725,
48.7999999983439));
#27740=DIRECTION('',(-8.82909767143067E-11,-1.,-6.85679291118763E-12));
#27750=VECTOR('',#27740,1.);
#27760=LINE('',#27730,#27750);
#27770=CARTESIAN_POINT('',(3.80568172676466,49.0249996500969,
48.7999999984027));
#27780=VERTEX_POINT('',#27770);
#27790=EDGE_CURVE('',#27780,#27700,#27760,.T.);
#27800=ORIENTED_EDGE('',*,*,#27790,.T.);
#27810=CARTESIAN_POINT('',(10.1499999999558,49.024999649537,
48.7999999983993));
#27820=DIRECTION('',(-1.,8.82563009940931E-11,5.47177615472107E-13));
#27830=VECTOR('',#27820,1.);
#27840=LINE('',#27810,#27830);
#27850=CARTESIAN_POINT('',(6.3443182885309,49.0249996498728,
48.7999999984013));
#27860=VERTEX_POINT('',#27850);
#27870=EDGE_CURVE('',#27860,#27780,#27840,.T.);
#27880=ORIENTED_EDGE('',*,*,#27870,.T.);
#27890=CARTESIAN_POINT('',(6.34431828777376,40.4495488907771,
48.7999999983425));
#27900=DIRECTION('',(8.82922752049449E-11,1.,6.85679291118763E-12));
#27910=VECTOR('',#27900,1.);
#27920=LINE('',#27890,#27910);
#27930=CARTESIAN_POINT('',(6.34431828847222,48.3603920009524,
48.7999999983968));
#27940=VERTEX_POINT('',#27930);
#27950=EDGE_CURVE('',#27940,#27860,#27920,.T.);
#27960=ORIENTED_EDGE('',*,*,#27950,.T.);
#27970=CARTESIAN_POINT('',(14.2551613972361,40.4495488907916,
48.7999999983382));
#27980=DIRECTION('',(-0.707106781124116,0.707106781248979,
5.23541441749226E-12));
#27990=VECTOR('',#27980,1.);
#28000=LINE('',#27970,#27990);
#28010=CARTESIAN_POINT('',(7.47971093782811,47.224999351396,
48.7999999983884));
#28020=VERTEX_POINT('',#28010);
#28030=EDGE_CURVE('',#28020,#27940,#28000,.T.);
#28040=ORIENTED_EDGE('',*,*,#28030,.T.);
#28050=CARTESIAN_POINT('',(10.1499999999591,47.2249993511602,
48.7999999983869));
#28060=DIRECTION('',(-1.,8.82920111229726E-11,5.47177615472353E-13));
#28070=VECTOR('',#28060,1.);
#28080=LINE('',#28050,#28070);
#28090=CARTESIAN_POINT('',(9.3000000555346,47.2249993512353,
48.7999999983874));
#28100=VERTEX_POINT('',#28090);
#28110=EDGE_CURVE('',#28100,#28020,#28080,.T.);
#28120=ORIENTED_EDGE('',*,*,#28110,.T.);
#28130=CARTESIAN_POINT('',(9.30000005613031,40.4495488907825,
48.7999999983409));
#28140=DIRECTION('',(8.79218330439823E-11,-1.,-6.85679291128405E-12));
#28150=VECTOR('',#28140,1.);
#28160=LINE('',#28130,#28150);
#28170=EDGE_CURVE('',#27390,#28100,#28160,.T.);
#28180=ORIENTED_EDGE('',*,*,#28170,.T.);
#28190=EDGE_LOOP('',(#28180,#28120,#28040,#27960,#27880,#27800,#27720,
#27640,#27560,#27480,#27440,#27430,#27420,#27410));
#28200=FACE_OUTER_BOUND('',#28190,.T.);
#28210=ADVANCED_FACE('',(#27330,#28200),#27180,.F.);
#28220=COLOUR_RGB('',0.560784339904785,0.588235318660736,
0.600000023841858);
#28230=FILL_AREA_STYLE_COLOUR('',#28220);
#28240=FILL_AREA_STYLE('',(#28230));
#28250=SURFACE_STYLE_FILL_AREA(#28240);
#28260=SURFACE_SIDE_STYLE('',(#28250));
#28270=SURFACE_STYLE_USAGE(.BOTH.,#28260);
#28280=PRESENTATION_STYLE_ASSIGNMENT((#28270));
#28290=CARTESIAN_POINT('',(5.07500001054334,66.2363886630556,
35.2348599279372));
#28300=DIRECTION('',(-1.16953675795552E-10,-0.642787609871174,
0.766044442964051));
#28310=DIRECTION('',(1.40231220547512E-10,0.766044442964051,
0.642787609871174));
#28320=AXIS2_PLACEMENT_3D('',#28290,#28300,#28310);
#28330=PLANE('',#28320);
#28340=CARTESIAN_POINT('',(10.1499999999333,54.2750002766247,
25.1980633403768));
#28350=DIRECTION('',(-0.608120402367905,0.608120402359562,
0.510273605488215));
#28360=VECTOR('',#28350,1.);
#28370=LINE('',#28340,#28360);
#28380=CARTESIAN_POINT('',(1.68624005731299,62.7387602191289,
32.3000011886892));
#28390=VERTEX_POINT('',#28380);
#28400=EDGE_CURVE('',#28390,#26620,#28370,.T.);
#28410=ORIENTED_EDGE('',*,*,#28400,.T.);
#28420=CARTESIAN_POINT('',(10.1500000030481,62.7387602175482,
32.300001188655));
#28430=DIRECTION('',(1.,-1.86764390554278E-10,-4.04175037925931E-12));
#28440=VECTOR('',#28430,1.);
#28450=LINE('',#28420,#28440);
#28460=CARTESIAN_POINT('',(8.46375993700591,62.7387602178631,
32.3000011886618));
#28470=VERTEX_POINT('',#28460);
#28480=EDGE_CURVE('',#28390,#28470,#28450,.T.);
#28490=ORIENTED_EDGE('',*,*,#28480,.F.);
#28500=CARTESIAN_POINT('',(8.69152185616805,62.9665221369381,
32.4911161310822));
#28510=DIRECTION('',(-0.608120402451686,-0.608120402218964,
-0.510273605555926));
#28520=VECTOR('',#28510,1.);
#28530=LINE('',#28500,#28520);
#28540=CARTESIAN_POINT('',(9.2499997377014,63.5250000182578,
32.9597347156328));
#28550=VERTEX_POINT('',#28540);
#28560=EDGE_CURVE('',#28550,#28470,#28530,.T.);
#28570=ORIENTED_EDGE('',*,*,#28560,.T.);
#28580=CARTESIAN_POINT('',(9.24999973332398,40.449548890796,
13.5971321758526));
#28590=DIRECTION('',(-1.4531890703437E-10,-0.766044442964051,
-0.642787609871174));
#28600=VECTOR('',#28590,1.);
#28610=LINE('',#28580,#28600);
#28620=CARTESIAN_POINT('',(9.24999973786553,64.390015469959,
33.6855688624732));
#28630=VERTEX_POINT('',#28620);
#28640=EDGE_CURVE('',#28630,#28550,#28610,.T.);
#28650=ORIENTED_EDGE('',*,*,#28640,.T.);
#28660=CARTESIAN_POINT('',(5.07500000425858,58.6091656722573,
28.8348599263187));
#28670=DIRECTION('',(-1.16953675795552E-10,-0.642787609871174,
0.766044442964051));
#28680=DIRECTION('',(1.45476782864816E-10,0.766044442964051,
0.642787609871174));
#28690=AXIS2_PLACEMENT_3D('',#28660,#28670,#28680);
#28700=ELLIPSE('',#28690,9.95663249167587,6.4);
#28710=EDGE_CURVE('',#28630,#26700,#28700,.T.);
#28720=ORIENTED_EDGE('',*,*,#28710,.F.);
#28730=ORIENTED_EDGE('',*,*,#26710,.F.);
#28740=EDGE_LOOP('',(#28730,#28720,#28650,#28570,#28490,#28410));
#28750=FACE_OUTER_BOUND('',#28740,.T.);
#28760=ADVANCED_FACE('',(#28750),#28330,.F.);
#28770=COLOUR_RGB('',0.560784339904785,0.588235318660736,
0.600000023841858);
#28780=FILL_AREA_STYLE_COLOUR('',#28770);
#28790=FILL_AREA_STYLE('',(#28780));
#28800=SURFACE_STYLE_FILL_AREA(#28790);
#28810=SURFACE_SIDE_STYLE('',(#28800));
#28820=SURFACE_STYLE_USAGE(.BOTH.,#28810);
#28830=PRESENTATION_STYLE_ASSIGNMENT((#28820));
#28840=CARTESIAN_POINT('',(10.1499999999934,28.3356957890553,
48.5113091291219));
#28850=DIRECTION('',(1.42201669822289E-12,-0.906307787039222,
-0.422618261735184));
#28860=DIRECTION('',(1.26684097437433E-12,-0.422618261735184,
0.906307787039222));
#28870=AXIS2_PLACEMENT_3D('',#28840,#28850,#28860);
#28880=PLANE('',#28870);
#28890=ORIENTED_EDGE('',*,*,#1440,.F.);
#28900=CARTESIAN_POINT('',(10.1499999999938,28.2010770261807,
48.7999999977413));
#28910=DIRECTION('',(1.,1.8241749373842E-12,-5.47177614854449E-13));
#28920=VECTOR('',#28910,1.);
#28930=LINE('',#28900,#28920);
#28940=EDGE_CURVE('',#7650,#1350,#28930,.T.);
#28950=ORIENTED_EDGE('',*,*,#28940,.T.);
#28960=ORIENTED_EDGE('',*,*,#7660,.T.);
#28970=ORIENTED_EDGE('',*,*,#25900,.T.);
#28980=EDGE_LOOP('',(#28970,#28960,#28950,#28890));
#28990=FACE_OUTER_BOUND('',#28980,.T.);
#29000=ADVANCED_FACE('',(#28990),#28880,.F.);
#29010=COLOUR_RGB('',0.560784339904785,0.588235318660736,
0.600000023841858);
#29020=FILL_AREA_STYLE_COLOUR('',#29010);
#29030=FILL_AREA_STYLE('',(#29020));
#29040=SURFACE_STYLE_FILL_AREA(#29030);
#29050=SURFACE_SIDE_STYLE('',(#29040));
#29060=SURFACE_STYLE_USAGE(.BOTH.,#29050);
#29070=PRESENTATION_STYLE_ASSIGNMENT((#29060));
#29080=CARTESIAN_POINT('',(7.95205776829792,29.504526540689,
32.3000011886046));
#29090=DIRECTION('',(4.0417503789263E-12,-1.7830606802202E-12,1.));
#29100=DIRECTION('',(8.82918137038479E-11,1.,1.78306067986335E-12));
#29110=AXIS2_PLACEMENT_3D('',#29080,#29090,#29100);
#29120=PLANE('',#29110);
#29130=CARTESIAN_POINT('',(10.1500000032043,64.4250002837525,
32.300001188658));
#29140=DIRECTION('',(-0.707106781251345,-0.70710678112175,
1.59715976219792E-12));
#29150=VECTOR('',#29140,1.);
#29160=LINE('',#29130,#29150);
#29170=CARTESIAN_POINT('',(7.87499996456672,62.1500002455319,
32.3000011886631));
#29180=VERTEX_POINT('',#29170);
#29190=EDGE_CURVE('',#28470,#29180,#29160,.T.);
#29200=ORIENTED_EDGE('',*,*,#29190,.T.);
#29210=ORIENTED_EDGE('',*,*,#28480,.T.);
#29220=CARTESIAN_POINT('',(10.150000002264,54.2750002727465,
32.3000011886399));
#29230=DIRECTION('',(-0.707106781126754,0.707106781246341,
4.11871909171359E-12));
#29240=VECTOR('',#29230,1.);
#29250=LINE('',#29220,#29240);
#29260=CARTESIAN_POINT('',(2.275000030413,62.1500002459294,
32.3000011886858));
#29270=VERTEX_POINT('',#29260);
#29280=EDGE_CURVE('',#29270,#28390,#29250,.T.);
#29290=ORIENTED_EDGE('',*,*,#29280,.T.);
#29300=CARTESIAN_POINT('',(10.1499999999228,62.1500002453704,
32.300001188654));
#29310=DIRECTION('',(1.,-7.0981079807811E-11,-4.04175037905285E-12));
#29320=VECTOR('',#29310,1.);
#29330=LINE('',#29300,#29320);
#29340=EDGE_CURVE('',#29270,#29180,#29330,.T.);
#29350=ORIENTED_EDGE('',*,*,#29340,.F.);
#29360=EDGE_LOOP('',(#29350,#29290,#29210,#29200));
#29370=FACE_OUTER_BOUND('',#29360,.T.);
#29380=ADVANCED_FACE('',(#29370),#29120,.F.);
#29390=COLOUR_RGB('',0.560784339904785,0.588235318660736,
0.600000023841858);
#29400=FILL_AREA_STYLE_COLOUR('',#29390);
#29410=FILL_AREA_STYLE('',(#29400));
#29420=SURFACE_STYLE_FILL_AREA(#29410);
#29430=SURFACE_SIDE_STYLE('',(#29420));
#29440=SURFACE_STYLE_USAGE(.BOTH.,#29430);
#29450=PRESENTATION_STYLE_ASSIGNMENT((#29440));
#29460=CARTESIAN_POINT('',(10.1500000000297,7.44609285916267,
45.2391648557044));
#29470=DIRECTION('',(-1.82417493738753E-12,1.,-6.08543770927654E-12));
#29480=DIRECTION('',(-5.47177614843348E-13,-6.08543770927754E-12,-1.));
#29490=AXIS2_PLACEMENT_3D('',#29460,#29470,#29480);
#29500=PLANE('',#29490);
#29510=ORIENTED_EDGE('',*,*,#950,.F.);
#29520=ORIENTED_EDGE('',*,*,#27020,.T.);
#29530=ORIENTED_EDGE('',*,*,#8310,.T.);
#29540=CARTESIAN_POINT('',(10.1500000000302,7.44609285928234,
46.215266586366));
#29550=DIRECTION('',(-1.,-1.8241749373842E-12,5.47177614854449E-13));
#29560=VECTOR('',#29550,1.);
#29570=LINE('',#29540,#29560);
#29580=EDGE_CURVE('',#940,#8220,#29570,.T.);
#29590=ORIENTED_EDGE('',*,*,#29580,.T.);
#29600=EDGE_LOOP('',(#29590,#29530,#29520,#29510));
#29610=FACE_OUTER_BOUND('',#29600,.T.);
#29620=ADVANCED_FACE('',(#29610),#29500,.F.);
#29630=COLOUR_RGB('',0.560784339904785,0.588235318660736,
0.600000023841858);
#29640=FILL_AREA_STYLE_COLOUR('',#29630);
#29650=FILL_AREA_STYLE('',(#29640));
#29660=SURFACE_STYLE_FILL_AREA(#29650);
#29670=SURFACE_SIDE_STYLE('',(#29660));
#29680=SURFACE_STYLE_USAGE(.BOTH.,#29670);
#29690=PRESENTATION_STYLE_ASSIGNMENT((#29680));
#29700=CARTESIAN_POINT('',(5.0750000120359,79.1502017937764,
47.3808866947132));
#29710=DIRECTION('',(-1.02900753631425E-10,-0.642787606834593,
-0.766044445512046));
#29720=DIRECTION('',(-1.30360945205728E-10,-0.766044445512046,
0.642787606834593));
#29730=AXIS2_PLACEMENT_3D('',#29700,#29710,#29720);
#29740=PLANE('',#29730);
#29750=CARTESIAN_POINT('',(10.1500000053279,80.2000013075551,
46.5000003158699));
#29760=DIRECTION('',(-1.,1.62279787362065E-10,-1.84151524487648E-12));
#29770=VECTOR('',#29760,1.);
#29780=LINE('',#29750,#29770);
#29790=CARTESIAN_POINT('',(8.82499986691565,80.2000013077701,
46.5000003158674));
#29800=VERTEX_POINT('',#29790);
#29810=CARTESIAN_POINT('',(1.3250001318432,80.2000013089872,
46.5000003158536));
#29820=VERTEX_POINT('',#29810);
#29830=EDGE_CURVE('',#29800,#29820,#29780,.T.);
#29840=ORIENTED_EDGE('',*,*,#29830,.F.);
#29850=CARTESIAN_POINT('',(10.150000004619,71.3750014077056,
53.9050544209853));
#29860=DIRECTION('',(0.60812040239599,-0.6081204043603,0.510273603070358
));
#29870=VECTOR('',#29860,1.);
#29880=LINE('',#29850,#29870);
#29890=CARTESIAN_POINT('',(0.900000274900336,80.6250011673029,
46.1433830942439));
#29900=VERTEX_POINT('',#29890);
#29910=EDGE_CURVE('',#29900,#29820,#29880,.T.);
#29920=ORIENTED_EDGE('',*,*,#29910,.T.);
#29930=CARTESIAN_POINT('',(0.900000278266434,100.244477877871,
29.6806875469856));
#29940=DIRECTION('',(1.31429616382934E-10,0.766044445512045,
-0.642787606834593));
#29950=VECTOR('',#29940,1.);
#29960=LINE('',#29930,#29950);
#29970=CARTESIAN_POINT('',(0.900000275403171,83.5558009157849,
43.684150124832));
#29980=VERTEX_POINT('',#29970);
#29990=EDGE_CURVE('',#29900,#29980,#29960,.T.);
#30000=ORIENTED_EDGE('',*,*,#29990,.F.);
#30010=CARTESIAN_POINT('',(5.07500000692164,77.7749510893278,
48.5348590448674));
#30020=DIRECTION('',(-1.02900753631425E-10,-0.642787606834593,
-0.766044445512046));
#30030=DIRECTION('',(-1.35606507522783E-10,-0.766044445512046,
0.642787606834593));
#30040=AXIS2_PLACEMENT_3D('',#30010,#30020,#30030);
#30050=ELLIPSE('',#30040,9.95663249234888,6.4);
#30060=CARTESIAN_POINT('',(9.24999974042374,83.5558009144298,
43.6841501248473));
#30070=VERTEX_POINT('',#30060);
#30080=EDGE_CURVE('',#29980,#30070,#30050,.T.);
#30090=ORIENTED_EDGE('',*,*,#30080,.F.);
#30100=CARTESIAN_POINT('',(9.24999974328701,100.24447787658,
29.6806875469477));
#30110=DIRECTION('',(-1.31429616382934E-10,-0.766044445512045,
0.642787606834593));
#30120=VECTOR('',#30110,1.);
#30130=LINE('',#30100,#30120);
#30140=CARTESIAN_POINT('',(9.24999973992091,80.6250011820297,
46.143383080765));
#30150=VERTEX_POINT('',#30140);
#30160=EDGE_CURVE('',#30070,#30150,#30130,.T.);
#30170=ORIENTED_EDGE('',*,*,#30160,.F.);
#30180=CARTESIAN_POINT('',(10.1500000054343,81.5250014501994,
45.3881931932733));
#30190=DIRECTION('',(0.608120402452101,0.608120404246926,
-0.510273603138601));
#30200=VECTOR('',#30190,1.);
#30210=LINE('',#30180,#30200);
#30220=EDGE_CURVE('',#29800,#30150,#30210,.T.);
#30230=ORIENTED_EDGE('',*,*,#30220,.T.);
#30240=EDGE_LOOP('',(#30230,#30170,#30090,#30000,#29920,#29840));
#30250=FACE_OUTER_BOUND('',#30240,.T.);
#30260=ADVANCED_FACE('',(#30250),#29740,.F.);
#30270=COLOUR_RGB('',0.560784339904785,0.588235318660736,
0.600000023841858);
#30280=FILL_AREA_STYLE_COLOUR('',#30270);
#30290=FILL_AREA_STYLE('',(#30280));
#30300=SURFACE_STYLE_FILL_AREA(#30290);
#30310=SURFACE_SIDE_STYLE('',(#30300));
#30320=SURFACE_STYLE_USAGE(.BOTH.,#30310);
#30330=PRESENTATION_STYLE_ASSIGNMENT((#30320));
#30340=CARTESIAN_POINT('',(5.97500031163431,45.5194502986784,
29.938436675753));
#30350=DIRECTION('',(-1.,4.77486554415147E-11,3.49086799255955E-12));
#30360=DIRECTION('',(4.77486554402337E-11,1.,-3.66977269938675E-10));
#30370=AXIS2_PLACEMENT_3D('',#30340,#30350,#30360);
#30380=PLANE('',#30370);
#30390=CARTESIAN_POINT('',(5.97500031139393,40.4495488907835,
30.4252611483396));
#30400=DIRECTION('',(-4.36751497791363E-11,-0.9396926214149,
0.342020141597528));
#30410=VECTOR('',#30400,1.);
#30420=LINE('',#30390,#30410);
#30430=CARTESIAN_POINT('',(5.97500031162402,45.4000002223449,
28.623444227778));
#30440=VERTEX_POINT('',#30430);
#30450=EDGE_CURVE('',#30440,#25600,#30420,.T.);
#30460=ORIENTED_EDGE('',*,*,#30450,.F.);
#30470=ORIENTED_EDGE('',*,*,#25610,.F.);
#30480=CARTESIAN_POINT('',(5.97500031088999,31.6411342847088,
6.54999999645755));
#30490=DIRECTION('',(-2.6897499269903E-11,-0.499999999786152,
-0.866025403907904));
#30500=VECTOR('',#30490,1.);
#30510=LINE('',#30480,#30500);
#30520=CARTESIAN_POINT('',(5.97500031163015,45.4000002219361,
30.3810548678539));
#30530=VERTEX_POINT('',#30520);
#30540=EDGE_CURVE('',#30530,#25520,#30510,.T.);
#30550=ORIENTED_EDGE('',*,*,#30540,.T.);
#30560=CARTESIAN_POINT('',(5.97500031154696,45.400000227479,
6.54999999646286));
#30570=DIRECTION('',(-3.49086798145366E-12,2.3259104743129E-10,-1.));
#30580=VECTOR('',#30570,1.);
#30590=LINE('',#30560,#30580);
#30600=EDGE_CURVE('',#30530,#30440,#30590,.T.);
#30610=ORIENTED_EDGE('',*,*,#30600,.F.);
#30620=EDGE_LOOP('',(#30610,#30550,#30470,#30460));
#30630=FACE_OUTER_BOUND('',#30620,.T.);
#30640=ADVANCED_FACE('',(#30630),#30380,.F.);
#30650=COLOUR_RGB('',0.823529481887817,0.823529481887817,
0.784313797950745);
#30660=FILL_AREA_STYLE_COLOUR('',#30650);
#30670=FILL_AREA_STYLE('',(#30660));
#30680=SURFACE_STYLE_FILL_AREA(#30670);
#30690=SURFACE_SIDE_STYLE('',(#30680));
#30700=SURFACE_STYLE_USAGE(.BOTH.,#30690);
#30710=PRESENTATION_STYLE_ASSIGNMENT((#30700));
#30720=CARTESIAN_POINT('',(10.1500000000297,7.74609285916861,
46.2152665862552));
#30730=DIRECTION('',(-1.,-1.8241749373842E-12,5.47177614854449E-13));
#30740=DIRECTION('',(1.8772619906338E-12,-0.992546151654902,
0.121869343294549));
#30750=AXIS2_PLACEMENT_3D('',#30720,#30730,#30740);
#30760=CYLINDRICAL_SURFACE('',#30750,0.299999999999998);
#30770=ORIENTED_EDGE('',*,*,#1040,.T.);
#30780=ORIENTED_EDGE('',*,*,#29580,.F.);
#30790=ORIENTED_EDGE('',*,*,#8230,.F.);
#30800=CARTESIAN_POINT('',(10.1500000000294,7.95822489358699,
46.4273986205488));
#30810=DIRECTION('',(-1.,-1.8241749373842E-12,5.47177614854449E-13));
#30820=VECTOR('',#30810,1.);
#30830=LINE('',#30800,#30820);
#30840=EDGE_CURVE('',#1030,#8130,#30830,.T.);
#30850=ORIENTED_EDGE('',*,*,#30840,.T.);
#30860=EDGE_LOOP('',(#30850,#30790,#30780,#30770));
#30870=FACE_OUTER_BOUND('',#30860,.T.);
#30880=ADVANCED_FACE('',(#30870),#30760,.T.);
#30890=COLOUR_RGB('',0.560784339904785,0.588235318660736,
0.600000023841858);
#30900=FILL_AREA_STYLE_COLOUR('',#30890);
#30910=FILL_AREA_STYLE('',(#30900));
#30920=SURFACE_STYLE_FILL_AREA(#30910);
#30930=SURFACE_SIDE_STYLE('',(#30920));
#30940=SURFACE_STYLE_USAGE(.BOTH.,#30930);
#30950=PRESENTATION_STYLE_ASSIGNMENT((#30940));
#30960=CARTESIAN_POINT('',(7.95205776442209,42.4954734130042,
32.3000012012151));
#30970=DIRECTION('',(-4.04175033687952E-12,2.32591029769916E-10,-1.));
#30980=DIRECTION('',(-9.24837323196547E-11,-1.,-2.32591029769542E-10));
#30990=AXIS2_PLACEMENT_3D('',#30960,#30970,#30980);
#31000=PLANE('',#30990);
#31010=CARTESIAN_POINT('',(10.1499999939103,17.7249996805495,
32.3000011954448));
#31020=DIRECTION('',(-0.707106781254582,-0.707106781118514,
-1.61608790360104E-10));
#31030=VECTOR('',#31020,1.);
#31040=LINE('',#31010,#31030);
#31050=CARTESIAN_POINT('',(2.27500002063567,9.8499997087902,
32.300001193645));
#31060=VERTEX_POINT('',#31050);
#31070=CARTESIAN_POINT('',(1.68624004742922,9.26123973569703,
32.3000011935104));
#31080=VERTEX_POINT('',#31070);
#31090=EDGE_CURVE('',#31060,#31080,#31040,.T.);
#31100=ORIENTED_EDGE('',*,*,#31090,.F.);
#31110=CARTESIAN_POINT('',(10.1499999931643,9.26123973574772,
32.3000011934762));
#31120=DIRECTION('',(1.,5.98884453172304E-12,-4.04175033548657E-12));
#31130=VECTOR('',#31120,1.);
#31140=LINE('',#31110,#31130);
#31150=CARTESIAN_POINT('',(8.46375992712214,9.26123973573762,
32.300001193483));
#31160=VERTEX_POINT('',#31150);
#31170=EDGE_CURVE('',#31080,#31160,#31140,.T.);
#31180=ORIENTED_EDGE('',*,*,#31170,.F.);
#31190=CARTESIAN_POINT('',(10.1499999930157,7.57499966954342,
32.300001193084));
#31200=DIRECTION('',(-0.707106781123517,0.707106781249578,
1.67324683062605E-10));
#31210=VECTOR('',#31200,1.);
#31220=LINE('',#31190,#31210);
#31230=CARTESIAN_POINT('',(7.8749999547894,9.84999970817534,
32.3000011936224));
#31240=VERTEX_POINT('',#31230);
#31250=EDGE_CURVE('',#31160,#31240,#31220,.T.);
#31260=ORIENTED_EDGE('',*,*,#31250,.F.);
#31270=CARTESIAN_POINT('',(10.1500000000182,9.84999970792555,
32.3000011936132));
#31280=DIRECTION('',(-1.,1.09796380444578E-10,4.04175036241718E-12));
#31290=VECTOR('',#31280,1.);
#31300=LINE('',#31270,#31290);
#31310=EDGE_CURVE('',#31240,#31060,#31300,.T.);
#31320=ORIENTED_EDGE('',*,*,#31310,.F.);
#31330=EDGE_LOOP('',(#31320,#31260,#31180,#31100));
#31340=FACE_OUTER_BOUND('',#31330,.T.);
#31350=ADVANCED_FACE('',(#31340),#31000,.T.);
#31360=COLOUR_RGB('',0.560784339904785,0.588235318660736,
0.600000023841858);
#31370=FILL_AREA_STYLE_COLOUR('',#31360);
#31380=FILL_AREA_STYLE('',(#31370));
#31390=SURFACE_STYLE_FILL_AREA(#31380);
#31400=SURFACE_SIDE_STYLE('',(#31390));
#31410=SURFACE_STYLE_USAGE(.BOTH.,#31400);
#31420=PRESENTATION_STYLE_ASSIGNMENT((#31410));
#31430=CARTESIAN_POINT('',(7.95205776470234,45.4000002205776,
35.4355968936122));
#31440=DIRECTION('',(-9.24837323196547E-11,-1.,-2.32591047430967E-10));
#31450=DIRECTION('',(4.04175033687952E-12,-2.32591047431341E-10,1.));
#31460=AXIS2_PLACEMENT_3D('',#31430,#31440,#31450);
#31470=PLANE('',#31460);
#31480=ORIENTED_EDGE('',*,*,#24500,.T.);
#31490=CARTESIAN_POINT('',(3.89284079234574,45.4000002219625,
25.9999999983974));
#31500=DIRECTION('',(3.67338880798945E-12,-6.85680678931178E-12,1.));
#31510=VECTOR('',#31500,1.);
#31520=LINE('',#31490,#31510);
#31530=CARTESIAN_POINT('',(3.89284079199524,45.4000002213102,
33.9000007180635));
#31540=VERTEX_POINT('',#31530);
#31550=EDGE_CURVE('',#24470,#31540,#31520,.T.);
#31560=ORIENTED_EDGE('',*,*,#31550,.F.);
#31570=CARTESIAN_POINT('',(10.1499999999543,45.4000002207315,
33.9000007182117));
#31580=DIRECTION('',(1.,-9.2483732318886E-11,-3.3050279515564E-12));
#31590=VECTOR('',#31580,1.);
#31600=LINE('',#31570,#31590);
#31610=CARTESIAN_POINT('',(6.25715898010848,45.4000002210915,
33.9000007180548));
#31620=VERTEX_POINT('',#31610);
#31630=EDGE_CURVE('',#31540,#31620,#31600,.T.);
#31640=ORIENTED_EDGE('',*,*,#31630,.F.);
#31650=CARTESIAN_POINT('',(6.25715897969994,45.4000002217439,
25.9999999983887));
#31660=DIRECTION('',(3.67338880798945E-12,-6.85680678931178E-12,1.));
#31670=VECTOR('',#31660,1.);
#31680=LINE('',#31650,#31670);
#31690=EDGE_CURVE('',#24490,#31620,#31680,.T.);
#31700=ORIENTED_EDGE('',*,*,#31690,.T.);
#31710=EDGE_LOOP('',(#31700,#31640,#31560,#31480));
#31720=FACE_OUTER_BOUND('',#31710,.T.);
#31730=CARTESIAN_POINT('',(10.1499999999523,45.40000022155,
30.381054867837));
#31740=DIRECTION('',(-1.,9.24837323187147E-11,4.04175035790712E-12));
#31750=VECTOR('',#31740,1.);
#31760=LINE('',#31730,#31750);
#31770=EDGE_CURVE('',#30530,#14490,#31760,.T.);
#31780=ORIENTED_EDGE('',*,*,#31770,.F.);
#31790=ORIENTED_EDGE('',*,*,#14500,.F.);
#31800=CARTESIAN_POINT('',(10.1499999999514,45.4000002219588,
28.6234442278314));
#31810=DIRECTION('',(-1.,9.24837323226299E-11,-1.27913683266078E-11));
#31820=VECTOR('',#31810,1.);
#31830=LINE('',#31800,#31820);
#31840=EDGE_CURVE('',#30440,#14410,#31830,.T.);
#31850=ORIENTED_EDGE('',*,*,#31840,.T.);
#31860=ORIENTED_EDGE('',*,*,#30600,.T.);
#31870=EDGE_LOOP('',(#31860,#31850,#31790,#31780));
#31880=FACE_BOUND('',#31870,.T.);
#31890=ADVANCED_FACE('',(#31720,#31880),#31470,.T.);
#31900=COLOUR_RGB('',0.823529481887817,0.823529481887817,
0.784313797950745);
#31910=FILL_AREA_STYLE_COLOUR('',#31900);
#31920=FILL_AREA_STYLE('',(#31910));
#31930=SURFACE_STYLE_FILL_AREA(#31920);
#31940=SURFACE_SIDE_STYLE('',(#31930));
#31950=SURFACE_STYLE_USAGE(.BOTH.,#31940);
#31960=PRESENTATION_STYLE_ASSIGNMENT((#31950));
#31970=CARTESIAN_POINT('',(10.150000000031,7.57609285911902,
48.0958762516362));
#31980=DIRECTION('',(-1.67679947026149E-12,0.707106781178337,
-0.707106781194758));
#31990=DIRECTION('',(9.02973466337321E-13,-0.707106781194758,
-0.707106781178337));
#32000=AXIS2_PLACEMENT_3D('',#31970,#31980,#31990);
#32010=PLANE('',#32000);
#32020=CARTESIAN_POINT('',(10.1500000000311,7.50436979445431,
48.0241531869732));
#32030=DIRECTION('',(1.,-7.70810579854775E-11,-7.94524105358837E-11));
#32040=VECTOR('',#32030,1.);
#32050=LINE('',#32020,#32040);
#32060=CARTESIAN_POINT('',(0.799999995811978,7.50436979517502,
48.0241531877161));
#32070=VERTEX_POINT('',#32060);
#32080=EDGE_CURVE('',#7810,#32070,#32050,.T.);
#32090=ORIENTED_EDGE('',*,*,#32080,.T.);
#32100=ORIENTED_EDGE('',*,*,#7820,.F.);
#32110=CARTESIAN_POINT('',(10.1500000000301,8.28021660536165,
48.7999999978625));
#32120=DIRECTION('',(1.,1.8241749373842E-12,-5.47177614854449E-13));
#32130=VECTOR('',#32120,1.);
#32140=LINE('',#32110,#32130);
#32150=EDGE_CURVE('',#7730,#1270,#32140,.T.);
#32160=ORIENTED_EDGE('',*,*,#32150,.F.);
#32170=ORIENTED_EDGE('',*,*,#1280,.T.);
#32180=ORIENTED_EDGE('',*,*,#24920,.F.);
#32190=CARTESIAN_POINT('',(0.799999998968767,40.4495488907546,
80.9693322825306));
#32200=DIRECTION('',(6.77544951329607E-11,0.707106781194758,
0.707106781178337));
#32210=VECTOR('',#32200,1.);
#32220=LINE('',#32190,#32210);
#32230=EDGE_CURVE('',#32070,#24830,#32220,.T.);
#32240=ORIENTED_EDGE('',*,*,#32230,.T.);
#32250=EDGE_LOOP('',(#32240,#32180,#32170,#32160,#32100,#32090));
#32260=FACE_OUTER_BOUND('',#32250,.T.);
#32270=ADVANCED_FACE('',(#32260),#32010,.F.);
#32280=COLOUR_RGB('',0.560784339904785,0.588235318660736,
0.600000023841858);
#32290=FILL_AREA_STYLE_COLOUR('',#32280);
#32300=FILL_AREA_STYLE('',(#32290));
#32310=SURFACE_STYLE_FILL_AREA(#32300);
#32320=SURFACE_SIDE_STYLE('',(#32310));
#32330=SURFACE_STYLE_USAGE(.BOTH.,#32320);
#32340=PRESENTATION_STYLE_ASSIGNMENT((#32330));
#32350=CARTESIAN_POINT('',(4.86920429014994,45.9056917394248,
31.2569382694277));
#32360=DIRECTION('',(-7.80723864581361E-11,-0.866025403907904,
0.499999999786152));
#32370=DIRECTION('',(-4.97421246257821E-11,-0.499999999786152,
-0.866025403907904));
#32380=AXIS2_PLACEMENT_3D('',#32350,#32360,#32370);
#32390=PLANE('',#32380);
#32400=ORIENTED_EDGE('',*,*,#31770,.T.);
#32410=ORIENTED_EDGE('',*,*,#30540,.F.);
#32420=ORIENTED_EDGE('',*,*,#25530,.T.);
#32430=ORIENTED_EDGE('',*,*,#14580,.F.);
#32440=EDGE_LOOP('',(#32430,#32420,#32410,#32400));
#32450=FACE_OUTER_BOUND('',#32440,.T.);
#32460=ADVANCED_FACE('',(#32450),#32390,.T.);
#32470=COLOUR_RGB('',0.823529481887817,0.823529481887817,
0.784313797950745);
#32480=FILL_AREA_STYLE_COLOUR('',#32470);
#32490=FILL_AREA_STYLE('',(#32480));
#32500=SURFACE_STYLE_FILL_AREA(#32490);
#32510=SURFACE_SIDE_STYLE('',(#32500));
#32520=SURFACE_STYLE_USAGE(.BOTH.,#32510);
#32530=PRESENTATION_STYLE_ASSIGNMENT((#32520));
#32540=CARTESIAN_POINT('',(10.1500000000293,8.07012989429008,
46.5393036212505));
#32550=DIRECTION('',(-1.67679947026648E-12,0.707106781182245,
-0.707106781190851));
#32560=DIRECTION('',(9.02973466328054E-13,-0.707106781190851,
-0.707106781182245));
#32570=AXIS2_PLACEMENT_3D('',#32540,#32550,#32560);
#32580=PLANE('',#32570);
#32590=ORIENTED_EDGE('',*,*,#1120,.T.);
#32600=ORIENTED_EDGE('',*,*,#30840,.F.);
#32610=ORIENTED_EDGE('',*,*,#8140,.F.);
#32620=ORIENTED_EDGE('',*,*,#24990,.T.);
#32630=EDGE_LOOP('',(#32620,#32610,#32600,#32590));
#32640=FACE_OUTER_BOUND('',#32630,.T.);
#32650=ADVANCED_FACE('',(#32640),#32580,.F.);
#32660=COLOUR_RGB('',0.560784339904785,0.588235318660736,
0.600000023841858);
#32670=FILL_AREA_STYLE_COLOUR('',#32660);
#32680=FILL_AREA_STYLE('',(#32670));
#32690=SURFACE_STYLE_FILL_AREA(#32680);
#32700=SURFACE_SIDE_STYLE('',(#32690));
#32710=SURFACE_STYLE_USAGE(.BOTH.,#32700);
#32720=PRESENTATION_STYLE_ASSIGNMENT((#32710));
#32730=CARTESIAN_POINT('',(7.87499996449946,62.1500002467717,
26.8000011891363));
#32740=DIRECTION('',(-0.70710678112175,0.707106781251345,
1.68047098626219E-10));
#32750=DIRECTION('',(0.707106781251345,0.70710678112175,
1.62851975102932E-10));
#32760=AXIS2_PLACEMENT_3D('',#32730,#32740,#32750);
#32770=PLANE('',#32760);
#32780=ORIENTED_EDGE('',*,*,#28560,.F.);
#32790=ORIENTED_EDGE('',*,*,#29190,.F.);
#32800=CARTESIAN_POINT('',(7.87499996447526,62.1500002513573,
7.40289078147115));
#32810=DIRECTION('',(3.67349602424888E-12,-2.33980960476798E-10,1.));
#32820=VECTOR('',#32810,1.);
#32830=LINE('',#32800,#32820);
#32840=CARTESIAN_POINT('',(7.87499996454652,62.1500002468188,
26.8000011891363));
#32850=VERTEX_POINT('',#32840);
#32860=EDGE_CURVE('',#32850,#29180,#32830,.T.);
#32870=ORIENTED_EDGE('',*,*,#32860,.T.);
#32880=CARTESIAN_POINT('',(10.1500000032021,64.4250002850574,
26.8000011896603));
#32890=DIRECTION('',(0.707106781251345,0.70710678112175,
1.62851933469569E-10));
#32900=VECTOR('',#32890,1.);
#32910=LINE('',#32880,#32900);
#32920=CARTESIAN_POINT('',(8.82499986466712,63.1000001467653,
26.8000011893551));
#32930=VERTEX_POINT('',#32920);
#32940=EDGE_CURVE('',#32850,#32930,#32910,.T.);
#32950=ORIENTED_EDGE('',*,*,#32940,.F.);
#32960=CARTESIAN_POINT('',(10.1500000032016,64.4250002853211,
25.6881940621638));
#32970=DIRECTION('',(0.608120402459378,0.608120402469193,
-0.510273605248548));
#32980=VECTOR('',#32970,1.);
#32990=LINE('',#32960,#32980);
#33000=CARTESIAN_POINT('',(9.24999973767747,63.5250000197825,
26.4433839527781));
#33010=VERTEX_POINT('',#33000);
#33020=EDGE_CURVE('',#32930,#33010,#32990,.T.);
#33030=ORIENTED_EDGE('',*,*,#33020,.F.);
#33040=CARTESIAN_POINT('',(9.24999973760814,63.5250000241981,
7.57171952500767));
#33050=DIRECTION('',(3.67338808039232E-12,-2.33981085376888E-10,1.));
#33060=VECTOR('',#33050,1.);
#33070=LINE('',#33040,#33060);
#33080=EDGE_CURVE('',#33010,#28550,#33070,.T.);
#33090=ORIENTED_EDGE('',*,*,#33080,.F.);
#33100=EDGE_LOOP('',(#33090,#33030,#32950,#32870,#32790,#32780));
#33110=FACE_OUTER_BOUND('',#33100,.T.);
#33120=ADVANCED_FACE('',(#33110),#32770,.T.);
#33130=COLOUR_RGB('',0.560784339904785,0.588235318660736,
0.600000023841858);
#33140=FILL_AREA_STYLE_COLOUR('',#33130);
#33150=FILL_AREA_STYLE('',(#33140));
#33160=SURFACE_STYLE_FILL_AREA(#33150);
#33170=SURFACE_SIDE_STYLE('',(#33160));
#33180=SURFACE_STYLE_USAGE(.BOTH.,#33170);
#33190=PRESENTATION_STYLE_ASSIGNMENT((#33180));
#33200=CARTESIAN_POINT('',(9.24999973928566,71.9999999531467,
33.6855688706046));
#33210=DIRECTION('',(1.,-1.86618054824206E-10,-3.67338884073753E-12));
#33220=DIRECTION('',(3.67338879938753E-12,-2.21575564322029E-10,1.));
#33230=AXIS2_PLACEMENT_3D('',#33200,#33210,#33220);
#33240=PLANE('',#33230);
#33250=ORIENTED_EDGE('',*,*,#33080,.T.);
#33260=CARTESIAN_POINT('',(9.24999973344229,40.4495488907836,
45.8059864741919));
#33270=DIRECTION('',(-1.40596544969123E-10,-0.766044443285361,
0.642787609488252));
#33280=VECTOR('',#33270,1.);
#33290=LINE('',#33260,#33280);
#33300=EDGE_CURVE('',#26140,#33010,#33290,.T.);
#33310=ORIENTED_EDGE('',*,*,#33300,.T.);
#33320=ORIENTED_EDGE('',*,*,#26150,.F.);
#33330=ORIENTED_EDGE('',*,*,#23290,.F.);
#33340=CARTESIAN_POINT('',(9.24999973925446,89.0999999531467,
33.6855688707219));
#33350=DIRECTION('',(1.8661805482502E-10,1.,2.21575564321615E-10));
#33360=VECTOR('',#33350,1.);
#33370=LINE('',#33340,#33360);
#33380=EDGE_CURVE('',#28630,#23280,#33370,.T.);
#33390=ORIENTED_EDGE('',*,*,#33380,.T.);
#33400=ORIENTED_EDGE('',*,*,#28640,.F.);
#33410=EDGE_LOOP('',(#33400,#33390,#33330,#33320,#33310,#33250));
#33420=FACE_OUTER_BOUND('',#33410,.T.);
#33430=ADVANCED_FACE('',(#33420),#33240,.F.);
#33440=COLOUR_RGB('',0.560784339904785,0.588235318660736,
0.600000023841858);
#33450=FILL_AREA_STYLE_COLOUR('',#33440);
#33460=FILL_AREA_STYLE('',(#33450));
#33470=SURFACE_STYLE_FILL_AREA(#33460);
#33480=SURFACE_SIDE_STYLE('',(#33470));
#33490=SURFACE_STYLE_USAGE(.BOTH.,#33480);
#33500=PRESENTATION_STYLE_ASSIGNMENT((#33490));
#33510=CARTESIAN_POINT('',(10.1500000000294,8.69443016783121,
48.79999999786));
#33520=DIRECTION('',(-5.47177614843348E-13,-6.08534056478785E-12,-1.));
#33530=DIRECTION('',(1.82417493738753E-12,-1.,6.08534056478686E-12));
#33540=AXIS2_PLACEMENT_3D('',#33510,#33520,#33530);
#33550=PLANE('',#33540);
#33560=CARTESIAN_POINT('',(3.80568170961359,40.4495488907725,
48.7999999976702));
#33570=DIRECTION('',(-8.82922752048974E-11,-1.,6.08534056483616E-12));
#33580=VECTOR('',#33570,1.);
#33590=LINE('',#33560,#33580);
#33600=CARTESIAN_POINT('',(3.80568170706283,11.559567885155,
48.799999997846));
#33610=VERTEX_POINT('',#33600);
#33620=CARTESIAN_POINT('',(3.80568170696265,10.4250000600762,
48.7999999978529));
#33630=VERTEX_POINT('',#33620);
#33640=EDGE_CURVE('',#33610,#33630,#33590,.T.);
#33650=ORIENTED_EDGE('',*,*,#33640,.T.);
#33660=CARTESIAN_POINT('',(10.1500000000241,11.5595678845986,
48.7999999978426));
#33670=DIRECTION('',(-1.,8.82916259595877E-11,5.47177614306067E-13));
#33680=VECTOR('',#33670,1.);
#33690=LINE('',#33660,#33680);
#33700=CARTESIAN_POINT('',(6.34431826882878,11.5595678849346,
48.7999999978447));
#33710=VERTEX_POINT('',#33700);
#33720=EDGE_CURVE('',#33710,#33610,#33690,.T.);
#33730=ORIENTED_EDGE('',*,*,#33720,.T.);
#33740=CARTESIAN_POINT('',(6.34431827137951,40.4495488907771,
48.7999999976688));
#33750=DIRECTION('',(8.82909767142591E-11,1.,-6.08534056483616E-12));
#33760=VECTOR('',#33750,1.);
#33770=LINE('',#33740,#33760);
#33780=CARTESIAN_POINT('',(6.34431826872861,10.425000059852,
48.7999999978516));
#33790=VERTEX_POINT('',#33780);
#33800=EDGE_CURVE('',#33790,#33710,#33770,.T.);
#33810=ORIENTED_EDGE('',*,*,#33800,.T.);
#33820=CARTESIAN_POINT('',(10.1500000000262,10.425000059516,
48.7999999978495));
#33830=DIRECTION('',(-1.,8.82918170333474E-11,5.47177614306067E-13));
#33840=VECTOR('',#33830,1.);
#33850=LINE('',#33820,#33840);
#33860=CARTESIAN_POINT('',(9.3000000496913,10.4250000595911,
48.7999999978499));
#33870=VERTEX_POINT('',#33860);
#33880=EDGE_CURVE('',#33870,#33790,#33850,.T.);
#33890=ORIENTED_EDGE('',*,*,#33880,.T.);
#33900=CARTESIAN_POINT('',(9.30000005234222,40.4495488907825,
48.7999999976672));
#33910=DIRECTION('',(-8.82918170333643E-11,-1.,6.08534056483616E-12));
#33920=VECTOR('',#33910,1.);
#33930=LINE('',#33900,#33920);
#33940=CARTESIAN_POINT('',(9.30000005095829,24.774999702991,
48.7999999977626));
#33950=VERTEX_POINT('',#33940);
#33960=EDGE_CURVE('',#33950,#33870,#33930,.T.);
#33970=ORIENTED_EDGE('',*,*,#33960,.T.);
#33980=CARTESIAN_POINT('',(10.15,24.774999702916,48.7999999977622));
#33990=DIRECTION('',(1.,-8.82920111229726E-11,-5.47177614306067E-13));
#34000=VECTOR('',#33990,1.);
#34010=LINE('',#33980,#34000);
#34020=CARTESIAN_POINT('',(7.47971091940983,24.7749997031518,
48.7999999977636));
#34030=VERTEX_POINT('',#34020);
#34040=EDGE_CURVE('',#34030,#33950,#34010,.T.);
#34050=ORIENTED_EDGE('',*,*,#34040,.T.);
#34060=CARTESIAN_POINT('',(10.1499999999952,27.4452887832656,
48.7999999977459));
#34070=DIRECTION('',(0.707106781248979,0.707106781124116,
-4.68984120061814E-12));
#34080=VECTOR('',#34070,1.);
#34090=LINE('',#34060,#34080);
#34100=CARTESIAN_POINT('',(6.34431826989551,23.6396070538379,
48.7999999977711));
#34110=VERTEX_POINT('',#34100);
#34120=EDGE_CURVE('',#34110,#34030,#34090,.T.);
#34130=ORIENTED_EDGE('',*,*,#34120,.T.);
#34140=CARTESIAN_POINT('',(6.34431827137968,40.4495488907771,
48.7999999976688));
#34150=DIRECTION('',(8.82909767142591E-11,1.,-6.08534056483616E-12));
#34160=VECTOR('',#34150,1.);
#34170=LINE('',#34140,#34160);
#34180=CARTESIAN_POINT('',(6.34431826983683,22.9749994048725,
48.7999999977752));
#34190=VERTEX_POINT('',#34180);
#34200=EDGE_CURVE('',#34190,#34110,#34170,.T.);
#34210=ORIENTED_EDGE('',*,*,#34200,.T.);
#34220=CARTESIAN_POINT('',(10.1500000000033,22.9749994045404,
48.7999999977731));
#34230=DIRECTION('',(1.,-8.82563009940931E-11,-5.47177614306286E-13));
#34240=VECTOR('',#34230,1.);
#34250=LINE('',#34220,#34240);
#34260=CARTESIAN_POINT('',(3.80568170807059,22.9749994051003,
48.7999999977766));
#34270=VERTEX_POINT('',#34260);
#34280=EDGE_CURVE('',#34270,#34190,#34250,.T.);
#34290=ORIENTED_EDGE('',*,*,#34280,.T.);
#34300=CARTESIAN_POINT('',(3.80568170961346,40.4495488907725,
48.7999999976702));
#34310=DIRECTION('',(-8.82922752048974E-11,-1.,6.08534056483616E-12));
#34320=VECTOR('',#34310,1.);
#34330=LINE('',#34300,#34320);
#34340=CARTESIAN_POINT('',(3.80568170812927,23.63960705402,
48.7999999977725));
#34350=VERTEX_POINT('',#34340);
#34360=EDGE_CURVE('',#34350,#34270,#34330,.T.);
#34370=ORIENTED_EDGE('',*,*,#34360,.T.);
#34380=CARTESIAN_POINT('',(-13.0042601256242,40.4495488907418,
48.7999999976794));
#34390=DIRECTION('',(0.707106781124116,-0.707106781248979,
3.91601519661483E-12));
#34400=VECTOR('',#34390,1.);
#34410=LINE('',#34380,#34400);
#34420=CARTESIAN_POINT('',(2.67028905877337,24.7749997035764,
48.7999999977662));
#34430=VERTEX_POINT('',#34420);
#34440=EDGE_CURVE('',#34430,#34350,#34410,.T.);
#34450=ORIENTED_EDGE('',*,*,#34440,.T.);
#34460=CARTESIAN_POINT('',(10.15,24.774999702916,48.7999999977622));
#34470=DIRECTION('',(1.,-8.82920111229726E-11,-5.47177614306067E-13));
#34480=VECTOR('',#34470,1.);
#34490=LINE('',#34460,#34480);
#34500=CARTESIAN_POINT('',(0.849999717624952,24.7749997037371,
48.7999999977672));
#34510=VERTEX_POINT('',#34500);
#34520=EDGE_CURVE('',#34510,#34430,#34490,.T.);
#34530=ORIENTED_EDGE('',*,*,#34520,.T.);
#34540=CARTESIAN_POINT('',(0.849999719008885,40.4495488907671,
48.7999999976718));
#34550=DIRECTION('',(8.82918170333643E-11,1.,-6.08534056483616E-12));
#34560=VECTOR('',#34550,1.);
#34570=LINE('',#34540,#34560);
#34580=CARTESIAN_POINT('',(0.849999716357964,10.4250000603371,
48.7999999978546));
#34590=VERTEX_POINT('',#34580);
#34600=EDGE_CURVE('',#34590,#34510,#34570,.T.);
#34610=ORIENTED_EDGE('',*,*,#34600,.T.);
#34620=CARTESIAN_POINT('',(10.1500000000262,10.425000059516,
48.7999999978495));
#34630=DIRECTION('',(-1.,8.82918170333474E-11,5.47177614306067E-13));
#34640=VECTOR('',#34630,1.);
#34650=LINE('',#34620,#34640);
#34660=EDGE_CURVE('',#33630,#34590,#34650,.T.);
#34670=ORIENTED_EDGE('',*,*,#34660,.T.);
#34680=EDGE_LOOP('',(#34670,#34610,#34530,#34450,#34370,#34290,#34210,
#34130,#34050,#33970,#33890,#33810,#33730,#33650));
#34690=FACE_BOUND('',#34680,.T.);
#34700=ORIENTED_EDGE('',*,*,#1360,.F.);
#34710=ORIENTED_EDGE('',*,*,#32150,.T.);
#34720=ORIENTED_EDGE('',*,*,#7740,.F.);
#34730=ORIENTED_EDGE('',*,*,#28940,.F.);
#34740=EDGE_LOOP('',(#34730,#34720,#34710,#34700));
#34750=FACE_OUTER_BOUND('',#34740,.T.);
#34760=ADVANCED_FACE('',(#34690,#34750),#33550,.F.);
#34770=COLOUR_RGB('',0.560784339904785,0.588235318660736,
0.600000023841858);
#34780=FILL_AREA_STYLE_COLOUR('',#34770);
#34790=FILL_AREA_STYLE('',(#34780));
#34800=SURFACE_STYLE_FILL_AREA(#34790);
#34810=SURFACE_SIDE_STYLE('',(#34800));
#34820=SURFACE_STYLE_USAGE(.BOTH.,#34810);
#34830=PRESENTATION_STYLE_ASSIGNMENT((#34820));
#34840=CARTESIAN_POINT('',(2.09999999091665,35.9999999792234,
17.9000006878109));
#34850=DIRECTION('',(3.6733891332206E-12,-2.32591063439862E-10,1.));
#34860=DIRECTION('',(3.0141112848294E-12,1.,2.32591063439851E-10));
#34870=AXIS2_PLACEMENT_3D('',#34840,#34850,#34860);
#34880=PLANE('',#34870);
#34890=CARTESIAN_POINT('',(-0.753775403278285,30.0000000039613,
17.9000006864258));
#34900=DIRECTION('',(1.,-8.82918170333866E-11,-3.67338915375649E-12));
#34910=VECTOR('',#34900,1.);
#34920=LINE('',#34890,#34910);
#34930=CARTESIAN_POINT('',(1.47499999760692,30.0000000037645,
17.9000006864176));
#34940=VERTEX_POINT('',#34930);
#34950=CARTESIAN_POINT('',(8.72499999760693,30.0000000031244,
17.900000686391));
#34960=VERTEX_POINT('',#34950);
#34970=EDGE_CURVE('',#34940,#34960,#34920,.T.);
#34980=ORIENTED_EDGE('',*,*,#34970,.T.);
#34990=CARTESIAN_POINT('',(1.47499999749396,28.7205570302121,
17.90000068612));
#35000=DIRECTION('',(-8.8291817034241E-11,-1.,-2.32591063439537E-10));
#35010=VECTOR('',#35000,1.);
#35020=LINE('',#34990,#35010);
#35030=CARTESIAN_POINT('',(1.47499999790491,33.3750000036778,
17.9000006872026));
#35040=VERTEX_POINT('',#35030);
#35050=EDGE_CURVE('',#35040,#34940,#35020,.T.);
#35060=ORIENTED_EDGE('',*,*,#35050,.T.);
#35070=CARTESIAN_POINT('',(9.51000239971288,33.3750000029683,
17.9000006871731));
#35080=DIRECTION('',(-1.,8.82918170333866E-11,3.67338915375649E-12));
#35090=VECTOR('',#35080,1.);
#35100=LINE('',#35070,#35090);
#35110=CARTESIAN_POINT('',(8.72499999790491,33.3750000030376,
17.900000687176));
#35120=VERTEX_POINT('',#35110);
#35130=EDGE_CURVE('',#35120,#35040,#35100,.T.);
#35140=ORIENTED_EDGE('',*,*,#35130,.T.);
#35150=CARTESIAN_POINT('',(8.72499999795985,33.9972028757219,
17.9000006873207));
#35160=DIRECTION('',(-8.8291817034241E-11,-1.,-2.32591063439537E-10));
#35170=VECTOR('',#35160,1.);
#35180=LINE('',#35150,#35170);
#35190=EDGE_CURVE('',#35120,#34960,#35180,.T.);
#35200=ORIENTED_EDGE('',*,*,#35190,.F.);
#35210=EDGE_LOOP('',(#35200,#35140,#35060,#34980));
#35220=FACE_OUTER_BOUND('',#35210,.T.);
#35230=ADVANCED_FACE('',(#35220),#34880,.T.);
#35240=COLOUR_RGB('',0.823529481887817,0.823529481887817,
0.784313797950745);
#35250=FILL_AREA_STYLE_COLOUR('',#35240);
#35260=FILL_AREA_STYLE('',(#35250));
#35270=SURFACE_STYLE_FILL_AREA(#35260);
#35280=SURFACE_SIDE_STYLE('',(#35270));
#35290=SURFACE_STYLE_USAGE(.BOTH.,#35280);
#35300=PRESENTATION_STYLE_ASSIGNMENT((#35290));
#35310=CARTESIAN_POINT('',(0.874999998568333,38.4000000010526,
33.150000230536));
#35320=DIRECTION('',(3.87928635508993E-11,-1.71379577542377E-12,-1.));
#35330=DIRECTION('',(-8.82918170333804E-11,-1.,1.71379577199868E-12));
#35340=AXIS2_PLACEMENT_3D('',#35310,#35320,#35330);
#35350=PLANE('',#35340);
#35360=CARTESIAN_POINT('',(10.1499999999819,29.9999999994515,
33.1500002309102));
#35370=DIRECTION('',(1.,-8.82918170432639E-11,3.87928635510506E-11));
#35380=VECTOR('',#35370,1.);
#35390=LINE('',#35360,#35380);
#35400=CARTESIAN_POINT('',(0.874999997826684,30.0000000002704,
33.1500002305504));
#35410=VERTEX_POINT('',#35400);
#35420=CARTESIAN_POINT('',(1.47499999766294,30.0000000002175,
33.1500002305737));
#35430=VERTEX_POINT('',#35420);
#35440=EDGE_CURVE('',#35410,#35430,#35390,.T.);
#35450=ORIENTED_EDGE('',*,*,#35440,.T.);
#35460=CARTESIAN_POINT('',(0.874999998749294,40.4495488907732,
33.1500002305325));
#35470=DIRECTION('',(8.82918170333804E-11,1.,-1.71379577199867E-12));
#35480=VECTOR('',#35470,1.);
#35490=LINE('',#35460,#35480);
#35500=CARTESIAN_POINT('',(0.87499999812467,33.3750000001837,
33.1500002305446));
#35510=VERTEX_POINT('',#35500);
#35520=EDGE_CURVE('',#35410,#35510,#35490,.T.);
#35530=ORIENTED_EDGE('',*,*,#35520,.F.);
#35540=CARTESIAN_POINT('',(10.1499999999758,33.3749999993648,
33.1500002309044));
#35550=DIRECTION('',(-1.,8.82918170432639E-11,-3.87928635510506E-11));
#35560=VECTOR('',#35550,1.);
#35570=LINE('',#35540,#35560);
#35580=CARTESIAN_POINT('',(1.47499999796093,33.3750000001307,
33.1500002305679));
#35590=VERTEX_POINT('',#35580);
#35600=EDGE_CURVE('',#35590,#35510,#35570,.T.);
#35610=ORIENTED_EDGE('',*,*,#35600,.T.);
#35620=CARTESIAN_POINT('',(1.47499999858555,40.4495488907743,
33.1500002305558));
#35630=DIRECTION('',(-8.82918170333803E-11,-1.,1.71379577199867E-12));
#35640=VECTOR('',#35630,1.);
#35650=LINE('',#35620,#35640);
#35660=EDGE_CURVE('',#35590,#35430,#35650,.T.);
#35670=ORIENTED_EDGE('',*,*,#35660,.F.);
#35680=EDGE_LOOP('',(#35670,#35610,#35530,#35450));
#35690=FACE_OUTER_BOUND('',#35680,.T.);
#35700=ADVANCED_FACE('',(#35690),#35350,.F.);
#35710=COLOUR_RGB('',0.560784339904785,0.588235318660736,
0.600000023841858);
#35720=FILL_AREA_STYLE_COLOUR('',#35710);
#35730=FILL_AREA_STYLE('',(#35720));
#35740=SURFACE_STYLE_FILL_AREA(#35730);
#35750=SURFACE_SIDE_STYLE('',(#35740));
#35760=SURFACE_STYLE_USAGE(.BOTH.,#35750);
#35770=PRESENTATION_STYLE_ASSIGNMENT((#35760));
#35780=CARTESIAN_POINT('',(8.72499999801528,34.6250000030379,
17.9000006874667));
#35790=DIRECTION('',(-8.8291817034241E-11,-1.,-2.32591063439537E-10));
#35800=DIRECTION('',(-1.,8.82918170333866E-11,3.67338915375649E-12));
#35810=AXIS2_PLACEMENT_3D('',#35780,#35790,#35800);
#35820=PLANE('',#35810);
#35830=CARTESIAN_POINT('',(1.47499999801527,34.625000003678,
17.9000006874933));
#35840=DIRECTION('',(3.6733891332206E-12,-2.32591063439862E-10,1.));
#35850=VECTOR('',#35840,1.);
#35860=LINE('',#35830,#35850);
#35870=CARTESIAN_POINT('',(1.47499999801527,34.625000003678,
17.9000006874933));
#35880=VERTEX_POINT('',#35870);
#35890=CARTESIAN_POINT('',(1.47499999807129,34.625000000131,
33.1500002305658));
#35900=VERTEX_POINT('',#35890);
#35910=EDGE_CURVE('',#35880,#35900,#35860,.T.);
#35920=ORIENTED_EDGE('',*,*,#35910,.T.);
#35930=CARTESIAN_POINT('',(9.51000239982325,34.6250000029686,
17.9000006874638));
#35940=DIRECTION('',(-1.,8.82918170333866E-11,3.67338915375649E-12));
#35950=VECTOR('',#35940,1.);
#35960=LINE('',#35930,#35950);
#35970=CARTESIAN_POINT('',(8.72499999830467,34.6250000030379,
17.9000006874667));
#35980=VERTEX_POINT('',#35970);
#35990=EDGE_CURVE('',#35980,#35880,#35960,.T.);
#36000=ORIENTED_EDGE('',*,*,#35990,.T.);
#36010=CARTESIAN_POINT('',(8.72499999801528,34.6250000030379,
17.9000006874667));
#36020=DIRECTION('',(3.6733891332206E-12,-2.32591063439862E-10,1.));
#36030=VECTOR('',#36020,1.);
#36040=LINE('',#36010,#36030);
#36050=EDGE_CURVE('',#35980,#22440,#36040,.T.);
#36060=ORIENTED_EDGE('',*,*,#36050,.F.);
#36070=ORIENTED_EDGE('',*,*,#22450,.F.);
#36080=CARTESIAN_POINT('',(0.874999999266921,34.6250000063709,
6.54999999646149));
#36090=DIRECTION('',(3.87928635715865E-11,2.32591063436112E-10,-1.));
#36100=VECTOR('',#36090,1.);
#36110=LINE('',#36080,#36100);
#36120=CARTESIAN_POINT('',(0.874999998235033,34.625000000184,
33.1500002305425));
#36130=VERTEX_POINT('',#36120);
#36140=EDGE_CURVE('',#22340,#36130,#36110,.T.);
#36150=ORIENTED_EDGE('',*,*,#36140,.F.);
#36160=CARTESIAN_POINT('',(10.1499999999735,34.6249999993651,
33.1500002309023));
#36170=DIRECTION('',(1.,-8.82918170432639E-11,3.87928635510506E-11));
#36180=VECTOR('',#36170,1.);
#36190=LINE('',#36160,#36180);
#36200=EDGE_CURVE('',#36130,#35900,#36190,.T.);
#36210=ORIENTED_EDGE('',*,*,#36200,.F.);
#36220=EDGE_LOOP('',(#36210,#36150,#36070,#36060,#36000,#35920));
#36230=FACE_OUTER_BOUND('',#36220,.T.);
#36240=ADVANCED_FACE('',(#36230),#35820,.F.);
#36250=COLOUR_RGB('',0.560784339904785,0.588235318660736,
0.600000023841858);
#36260=FILL_AREA_STYLE_COLOUR('',#36250);
#36270=FILL_AREA_STYLE('',(#36260));
#36280=SURFACE_STYLE_FILL_AREA(#36270);
#36290=SURFACE_SIDE_STYLE('',(#36280));
#36300=SURFACE_STYLE_USAGE(.BOTH.,#36290);
#36310=PRESENTATION_STYLE_ASSIGNMENT((#36300));
#36320=CARTESIAN_POINT('',(1.47499999790491,33.3750000036778,
17.9000006872026));
#36330=DIRECTION('',(8.8291817034241E-11,1.,2.32591063439537E-10));
#36340=DIRECTION('',(1.,-8.82918170333866E-11,-3.67338915375649E-12));
#36350=AXIS2_PLACEMENT_3D('',#36320,#36330,#36340);
#36360=PLANE('',#36350);
#36370=CARTESIAN_POINT('',(8.72499999790491,33.3750000030376,
17.900000687176));
#36380=DIRECTION('',(3.6733891332206E-12,-2.32591063439862E-10,1.));
#36390=VECTOR('',#36380,1.);
#36400=LINE('',#36370,#36390);
#36410=EDGE_CURVE('',#35120,#22860,#36400,.T.);
#36420=ORIENTED_EDGE('',*,*,#36410,.T.);
#36430=ORIENTED_EDGE('',*,*,#35130,.F.);
#36440=CARTESIAN_POINT('',(1.47499999790491,33.3750000036778,
17.9000006872026));
#36450=DIRECTION('',(3.6733891332206E-12,-2.32591063439862E-10,1.));
#36460=VECTOR('',#36450,1.);
#36470=LINE('',#36440,#36460);
#36480=EDGE_CURVE('',#35040,#35590,#36470,.T.);
#36490=ORIENTED_EDGE('',*,*,#36480,.F.);
#36500=ORIENTED_EDGE('',*,*,#35600,.F.);
#36510=CARTESIAN_POINT('',(0.874999999156557,33.3750000063706,
6.54999999646101));
#36520=DIRECTION('',(3.87928635715865E-11,2.32591063436112E-10,-1.));
#36530=VECTOR('',#36520,1.);
#36540=LINE('',#36510,#36530);
#36550=EDGE_CURVE('',#22700,#35510,#36540,.T.);
#36560=ORIENTED_EDGE('',*,*,#36550,.T.);
#36570=ORIENTED_EDGE('',*,*,#22930,.T.);
#36580=EDGE_LOOP('',(#36570,#36560,#36500,#36490,#36430,#36420));
#36590=FACE_OUTER_BOUND('',#36580,.T.);
#36600=ADVANCED_FACE('',(#36590),#36360,.F.);
#36610=COLOUR_RGB('',0.560784339904785,0.588235318660736,
0.600000023841858);
#36620=FILL_AREA_STYLE_COLOUR('',#36610);
#36630=FILL_AREA_STYLE('',(#36620));
#36640=SURFACE_STYLE_FILL_AREA(#36630);
#36650=SURFACE_SIDE_STYLE('',(#36640));
#36660=SURFACE_STYLE_USAGE(.BOTH.,#36650);
#36670=PRESENTATION_STYLE_ASSIGNMENT((#36660));
#36680=CARTESIAN_POINT('',(8.72499999790491,33.3750000030376,
17.900000687176));
#36690=DIRECTION('',(1.,-8.82918170333866E-11,-3.67338915375649E-12));
#36700=DIRECTION('',(-8.8291817034241E-11,-1.,-2.32591063439537E-10));
#36710=AXIS2_PLACEMENT_3D('',#36680,#36690,#36700);
#36720=PLANE('',#36710);
#36730=CARTESIAN_POINT('',(8.72499999760693,30.0000000031244,
17.900000686391));
#36740=DIRECTION('',(3.6733891332206E-12,-2.32591063439862E-10,1.));
#36750=VECTOR('',#36740,1.);
#36760=LINE('',#36730,#36750);
#36770=EDGE_CURVE('',#34960,#22780,#36760,.T.);
#36780=ORIENTED_EDGE('',*,*,#36770,.T.);
#36790=ORIENTED_EDGE('',*,*,#35190,.T.);
#36800=ORIENTED_EDGE('',*,*,#36410,.F.);
#36810=ORIENTED_EDGE('',*,*,#22870,.F.);
#36820=EDGE_LOOP('',(#36810,#36800,#36790,#36780));
#36830=FACE_OUTER_BOUND('',#36820,.T.);
#36840=ADVANCED_FACE('',(#36830),#36720,.F.);
#36850=COLOUR_RGB('',0.560784339904785,0.588235318660736,
0.600000023841858);
#36860=FILL_AREA_STYLE_COLOUR('',#36850);
#36870=FILL_AREA_STYLE('',(#36860));
#36880=SURFACE_STYLE_FILL_AREA(#36870);
#36890=SURFACE_SIDE_STYLE('',(#36880));
#36900=SURFACE_STYLE_USAGE(.BOTH.,#36890);
#36910=PRESENTATION_STYLE_ASSIGNMENT((#36900));
#36920=CARTESIAN_POINT('',(2.09999999091665,35.9999999792234,
17.9000006878109));
#36930=DIRECTION('',(3.6733891332206E-12,-2.32591063439862E-10,1.));
#36940=DIRECTION('',(3.0141112848294E-12,1.,2.32591063439851E-10));
#36950=AXIS2_PLACEMENT_3D('',#36920,#36930,#36940);
#36960=PLANE('',#36950);
#36970=ORIENTED_EDGE('',*,*,#35990,.F.);
#36980=CARTESIAN_POINT('',(1.47499999842622,39.2794429785996,
17.9000006885759));
#36990=DIRECTION('',(8.8291817034241E-11,1.,2.32591063439537E-10));
#37000=VECTOR('',#36990,1.);
#37010=LINE('',#36980,#37000);
#37020=CARTESIAN_POINT('',(1.47499999831325,38.0000000037632,
17.9000006882783));
#37030=VERTEX_POINT('',#37020);
#37040=EDGE_CURVE('',#35880,#37030,#37010,.T.);
#37050=ORIENTED_EDGE('',*,*,#37040,.F.);
#37060=CARTESIAN_POINT('',(-0.753775402571952,38.00000000396,
17.9000006882865));
#37070=DIRECTION('',(1.,-8.82918170333866E-11,-3.67338915375649E-12));
#37080=VECTOR('',#37070,1.);
#37090=LINE('',#37060,#37080);
#37100=CARTESIAN_POINT('',(8.72499999860265,38.0000000031231,
17.9000006882517));
#37110=VERTEX_POINT('',#37100);
#37120=EDGE_CURVE('',#37030,#37110,#37090,.T.);
#37130=ORIENTED_EDGE('',*,*,#37120,.F.);
#37140=CARTESIAN_POINT('',(8.72499999795985,33.9972028757219,
17.9000006873207));
#37150=DIRECTION('',(-8.8291817034241E-11,-1.,-2.32591063439537E-10));
#37160=VECTOR('',#37150,1.);
#37170=LINE('',#37140,#37160);
#37180=EDGE_CURVE('',#37110,#35980,#37170,.T.);
#37190=ORIENTED_EDGE('',*,*,#37180,.F.);
#37200=EDGE_LOOP('',(#37190,#37130,#37050,#36970));
#37210=FACE_OUTER_BOUND('',#37200,.T.);
#37220=ADVANCED_FACE('',(#37210),#36960,.T.);
#37230=COLOUR_RGB('',0.823529481887817,0.823529481887817,
0.784313797950745);
#37240=FILL_AREA_STYLE_COLOUR('',#37230);
#37250=FILL_AREA_STYLE('',(#37240));
#37260=SURFACE_STYLE_FILL_AREA(#37250);
#37270=SURFACE_SIDE_STYLE('',(#37260));
#37280=SURFACE_STYLE_USAGE(.BOTH.,#37270);
#37290=PRESENTATION_STYLE_ASSIGNMENT((#37280));
#37300=CARTESIAN_POINT('',(1.47499999831326,38.0000000037632,
17.9000006882783));
#37310=DIRECTION('',(8.8291817034241E-11,1.,2.32591063439537E-10));
#37320=DIRECTION('',(1.,-8.82918170333866E-11,-3.67338915375649E-12));
#37330=AXIS2_PLACEMENT_3D('',#37300,#37310,#37320);
#37340=PLANE('',#37330);
#37350=ORIENTED_EDGE('',*,*,#22590,.T.);
#37360=CARTESIAN_POINT('',(8.72499999860265,38.0000000031231,
17.9000006882517));
#37370=DIRECTION('',(3.6733891332206E-12,-2.32591063439862E-10,1.));
#37380=VECTOR('',#37370,1.);
#37390=LINE('',#37360,#37380);
#37400=EDGE_CURVE('',#37110,#22520,#37390,.T.);
#37410=ORIENTED_EDGE('',*,*,#37400,.T.);
#37420=ORIENTED_EDGE('',*,*,#37120,.T.);
#37430=CARTESIAN_POINT('',(1.47499999831326,38.0000000037632,
17.9000006882783));
#37440=DIRECTION('',(3.6733891332206E-12,-2.32591063439862E-10,1.));
#37450=VECTOR('',#37440,1.);
#37460=LINE('',#37430,#37450);
#37470=CARTESIAN_POINT('',(1.47499999836927,38.0000000002162,
33.15000023056));
#37480=VERTEX_POINT('',#37470);
#37490=EDGE_CURVE('',#37030,#37480,#37460,.T.);
#37500=ORIENTED_EDGE('',*,*,#37490,.F.);
#37510=CARTESIAN_POINT('',(10.1499999999673,37.9999999994503,
33.1500002308965));
#37520=DIRECTION('',(-1.,8.82918170432639E-11,-3.87928635510506E-11));
#37530=VECTOR('',#37520,1.);
#37540=LINE('',#37510,#37530);
#37550=CARTESIAN_POINT('',(0.874999998533017,38.0000000002692,
33.1500002305367));
#37560=VERTEX_POINT('',#37550);
#37570=EDGE_CURVE('',#37480,#37560,#37540,.T.);
#37580=ORIENTED_EDGE('',*,*,#37570,.F.);
#37590=CARTESIAN_POINT('',(0.874999999564904,38.0000000064561,
6.5499999964628));
#37600=DIRECTION('',(-3.87928635715865E-11,-2.32591063436112E-10,1.));
#37610=VECTOR('',#37600,1.);
#37620=LINE('',#37590,#37610);
#37630=EDGE_CURVE('',#37560,#22360,#37620,.T.);
#37640=ORIENTED_EDGE('',*,*,#37630,.F.);
#37650=EDGE_LOOP('',(#37640,#37580,#37500,#37420,#37410,#37350));
#37660=FACE_OUTER_BOUND('',#37650,.T.);
#37670=ADVANCED_FACE('',(#37660),#37340,.F.);
#37680=COLOUR_RGB('',0.560784339904785,0.588235318660736,
0.600000023841858);
#37690=FILL_AREA_STYLE_COLOUR('',#37680);
#37700=FILL_AREA_STYLE('',(#37690));
#37710=SURFACE_STYLE_FILL_AREA(#37700);
#37720=SURFACE_SIDE_STYLE('',(#37710));
#37730=SURFACE_STYLE_USAGE(.BOTH.,#37720);
#37740=PRESENTATION_STYLE_ASSIGNMENT((#37730));
#37750=CARTESIAN_POINT('',(8.72499999760693,30.0000000031244,
17.900000686391));
#37760=DIRECTION('',(-8.8291817034241E-11,-1.,-2.32591063439537E-10));
#37770=DIRECTION('',(-1.,8.82918170333866E-11,3.67338915375649E-12));
#37780=AXIS2_PLACEMENT_3D('',#37750,#37760,#37770);
#37790=PLANE('',#37780);
#37800=CARTESIAN_POINT('',(1.47499999756523,30.0000000064044,
6.54999999645938));
#37810=DIRECTION('',(3.6733891332206E-12,-2.32591063439862E-10,1.));
#37820=VECTOR('',#37810,1.);
#37830=LINE('',#37800,#37820);
#37840=EDGE_CURVE('',#34940,#35430,#37830,.T.);
#37850=ORIENTED_EDGE('',*,*,#37840,.T.);
#37860=ORIENTED_EDGE('',*,*,#34970,.F.);
#37870=ORIENTED_EDGE('',*,*,#36770,.F.);
#37880=ORIENTED_EDGE('',*,*,#22790,.F.);
#37890=CARTESIAN_POINT('',(0.874999998858572,30.0000000064574,
6.54999999645971));
#37900=DIRECTION('',(-3.87928635715865E-11,-2.32591063436112E-10,1.));
#37910=VECTOR('',#37900,1.);
#37920=LINE('',#37890,#37910);
#37930=EDGE_CURVE('',#35410,#22680,#37920,.T.);
#37940=ORIENTED_EDGE('',*,*,#37930,.T.);
#37950=ORIENTED_EDGE('',*,*,#35440,.F.);
#37960=EDGE_LOOP('',(#37950,#37940,#37880,#37870,#37860,#37850));
#37970=FACE_OUTER_BOUND('',#37960,.T.);
#37980=ADVANCED_FACE('',(#37970),#37790,.F.);
#37990=COLOUR_RGB('',0.560784339904785,0.588235318660736,
0.600000023841858);
#38000=FILL_AREA_STYLE_COLOUR('',#37990);
#38010=FILL_AREA_STYLE('',(#38000));
#38020=SURFACE_STYLE_FILL_AREA(#38010);
#38030=SURFACE_SIDE_STYLE('',(#38020));
#38040=SURFACE_STYLE_USAGE(.BOTH.,#38030);
#38050=PRESENTATION_STYLE_ASSIGNMENT((#38040));
#38060=CARTESIAN_POINT('',(1.47499999801527,34.625000003678,
17.9000006874933));
#38070=DIRECTION('',(-1.,8.82918170333866E-11,3.67338915375649E-12));
#38080=DIRECTION('',(8.8291817034241E-11,1.,2.32591063439537E-10));
#38090=AXIS2_PLACEMENT_3D('',#38060,#38070,#38080);
#38100=PLANE('',#38090);
#38110=ORIENTED_EDGE('',*,*,#37490,.T.);
#38120=ORIENTED_EDGE('',*,*,#37040,.T.);
#38130=ORIENTED_EDGE('',*,*,#35910,.F.);
#38140=CARTESIAN_POINT('',(1.47499999858555,40.4495488907743,
33.1500002305558));
#38150=DIRECTION('',(-8.82918170333803E-11,-1.,1.71379577199867E-12));
#38160=VECTOR('',#38150,1.);
#38170=LINE('',#38140,#38160);
#38180=EDGE_CURVE('',#37480,#35900,#38170,.T.);
#38190=ORIENTED_EDGE('',*,*,#38180,.T.);
#38200=EDGE_LOOP('',(#38190,#38130,#38120,#38110));
#38210=FACE_OUTER_BOUND('',#38200,.T.);
#38220=ADVANCED_FACE('',(#38210),#38100,.F.);
#38230=COLOUR_RGB('',0.560784339904785,0.588235318660736,
0.600000023841858);
#38240=FILL_AREA_STYLE_COLOUR('',#38230);
#38250=FILL_AREA_STYLE('',(#38240));
#38260=SURFACE_STYLE_FILL_AREA(#38250);
#38270=SURFACE_SIDE_STYLE('',(#38260));
#38280=SURFACE_STYLE_USAGE(.BOTH.,#38270);
#38290=PRESENTATION_STYLE_ASSIGNMENT((#38280));
#38300=CARTESIAN_POINT('',(8.72499999860265,38.0000000031231,
17.9000006882517));
#38310=DIRECTION('',(1.,-8.82918170333866E-11,-3.67338915375649E-12));
#38320=DIRECTION('',(-8.8291817034241E-11,-1.,-2.32591063439537E-10));
#38330=AXIS2_PLACEMENT_3D('',#38300,#38310,#38320);
#38340=PLANE('',#38330);
#38350=ORIENTED_EDGE('',*,*,#36050,.T.);
#38360=ORIENTED_EDGE('',*,*,#37180,.T.);
#38370=ORIENTED_EDGE('',*,*,#37400,.F.);
#38380=ORIENTED_EDGE('',*,*,#22530,.F.);
#38390=EDGE_LOOP('',(#38380,#38370,#38360,#38350));
#38400=FACE_OUTER_BOUND('',#38390,.T.);
#38410=ADVANCED_FACE('',(#38400),#38340,.F.);
#38420=COLOUR_RGB('',0.560784339904785,0.588235318660736,
0.600000023841858);
#38430=FILL_AREA_STYLE_COLOUR('',#38420);
#38440=FILL_AREA_STYLE('',(#38430));
#38450=SURFACE_STYLE_FILL_AREA(#38440);
#38460=SURFACE_SIDE_STYLE('',(#38450));
#38470=SURFACE_STYLE_USAGE(.BOTH.,#38460);
#38480=PRESENTATION_STYLE_ASSIGNMENT((#38470));
#38490=CARTESIAN_POINT('',(1.47499999760692,30.0000000037645,
17.9000006864176));
#38500=DIRECTION('',(-1.,8.82918170333866E-11,3.67338915375649E-12));
#38510=DIRECTION('',(8.8291817034241E-11,1.,2.32591063439537E-10));
#38520=AXIS2_PLACEMENT_3D('',#38490,#38500,#38510);
#38530=PLANE('',#38520);
#38540=ORIENTED_EDGE('',*,*,#35660,.T.);
#38550=ORIENTED_EDGE('',*,*,#36480,.T.);
#38560=ORIENTED_EDGE('',*,*,#35050,.F.);
#38570=ORIENTED_EDGE('',*,*,#37840,.F.);
#38580=EDGE_LOOP('',(#38570,#38560,#38550,#38540));
#38590=FACE_OUTER_BOUND('',#38580,.T.);
#38600=ADVANCED_FACE('',(#38590),#38530,.F.);
#38610=COLOUR_RGB('',0.560784339904785,0.588235318660736,
0.600000023841858);
#38620=FILL_AREA_STYLE_COLOUR('',#38610);
#38630=FILL_AREA_STYLE('',(#38620));
#38640=SURFACE_STYLE_FILL_AREA(#38630);
#38650=SURFACE_SIDE_STYLE('',(#38640));
#38660=SURFACE_STYLE_USAGE(.BOTH.,#38650);
#38670=PRESENTATION_STYLE_ASSIGNMENT((#38660));
#38680=CARTESIAN_POINT('',(0.874999998101295,34.0000000009843,
35.1750002305483));
#38690=DIRECTION('',(1.,-8.82918170333139E-11,3.87928635510506E-11));
#38700=DIRECTION('',(8.82918170333803E-11,1.,-1.71183900391175E-12));
#38710=AXIS2_PLACEMENT_3D('',#38680,#38690,#38700);
#38720=PLANE('',#38710);
#38730=ORIENTED_EDGE('',*,*,#35520,.T.);
#38740=ORIENTED_EDGE('',*,*,#37930,.F.);
#38750=ORIENTED_EDGE('',*,*,#22710,.F.);
#38760=ORIENTED_EDGE('',*,*,#36550,.F.);
#38770=EDGE_LOOP('',(#38760,#38750,#38740,#38730));
#38780=FACE_OUTER_BOUND('',#38770,.T.);
#38790=ADVANCED_FACE('',(#38780),#38720,.T.);
#38800=COLOUR_RGB('',0.560784339904785,0.588235318660736,
0.600000023841858);
#38810=FILL_AREA_STYLE_COLOUR('',#38800);
#38820=FILL_AREA_STYLE('',(#38810));
#38830=SURFACE_STYLE_FILL_AREA(#38820);
#38840=SURFACE_SIDE_STYLE('',(#38830));
#38850=SURFACE_STYLE_USAGE(.BOTH.,#38840);
#38860=PRESENTATION_STYLE_ASSIGNMENT((#38850));
#38870=ORIENTED_EDGE('',*,*,#37630,.T.);
#38880=CARTESIAN_POINT('',(0.874999998749294,40.4495488907732,
33.1500002305325));
#38890=DIRECTION('',(8.82918170333804E-11,1.,-1.71379577199867E-12));
#38900=VECTOR('',#38890,1.);
#38910=LINE('',#38880,#38900);
#38920=EDGE_CURVE('',#36130,#37560,#38910,.T.);
#38930=ORIENTED_EDGE('',*,*,#38920,.T.);
#38940=ORIENTED_EDGE('',*,*,#36140,.T.);
#38950=ORIENTED_EDGE('',*,*,#22370,.F.);
#38960=EDGE_LOOP('',(#38950,#38940,#38930,#38870));
#38970=FACE_OUTER_BOUND('',#38960,.T.);
#38980=ADVANCED_FACE('',(#38970),#38720,.T.);
#38990=COLOUR_RGB('',0.560784339904785,0.588235318660736,
0.600000023841858);
#39000=FILL_AREA_STYLE_COLOUR('',#38990);
#39010=FILL_AREA_STYLE('',(#39000));
#39020=SURFACE_STYLE_FILL_AREA(#39010);
#39030=SURFACE_SIDE_STYLE('',(#39020));
#39040=SURFACE_STYLE_USAGE(.BOTH.,#39030);
#39050=PRESENTATION_STYLE_ASSIGNMENT((#39040));
#39060=ORIENTED_EDGE('',*,*,#37570,.T.);
#39070=ORIENTED_EDGE('',*,*,#38180,.F.);
#39080=ORIENTED_EDGE('',*,*,#36200,.T.);
#39090=ORIENTED_EDGE('',*,*,#38920,.F.);
#39100=EDGE_LOOP('',(#39090,#39080,#39070,#39060));
#39110=FACE_OUTER_BOUND('',#39100,.T.);
#39120=ADVANCED_FACE('',(#39110),#35350,.F.);
#39130=COLOUR_RGB('',0.560784339904785,0.588235318660736,
0.600000023841858);
#39140=FILL_AREA_STYLE_COLOUR('',#39130);
#39150=FILL_AREA_STYLE('',(#39140));
#39160=SURFACE_STYLE_FILL_AREA(#39150);
#39170=SURFACE_SIDE_STYLE('',(#39160));
#39180=SURFACE_STYLE_USAGE(.BOTH.,#39170);
#39190=PRESENTATION_STYLE_ASSIGNMENT((#39180));
#39200=CARTESIAN_POINT('',(5.07499988579694,44.2750000961242,
25.9999999983853));
#39210=DIRECTION('',(3.67338880798945E-12,-6.85680678931178E-12,1.));
#39220=DIRECTION('',(9.09615685428421E-11,1.,6.85680678897764E-12));
#39230=AXIS2_PLACEMENT_3D('',#39200,#39210,#39220);
#39240=PLANE('',#39230);
#39250=CARTESIAN_POINT('',(5.07499988595348,44.6500003036955,
25.9999999983879));
#39260=DIRECTION('',(3.67338880798945E-12,-6.85680678931178E-12,1.));
#39270=DIRECTION('',(-8.82918170334118E-11,-1.,-6.85680678898745E-12));
#39280=AXIS2_PLACEMENT_3D('',#39250,#39260,#39270);
#39290=CIRCLE('',#39280,1.4);
#39300=CARTESIAN_POINT('',(5.07499988582987,43.2500003036955,
25.9999999983783));
#39310=VERTEX_POINT('',#39300);
#39320=CARTESIAN_POINT('',(5.07499988607709,46.0500003036955,
25.9999999983975));
#39330=VERTEX_POINT('',#39320);
#39340=EDGE_CURVE('',#39310,#39330,#39290,.T.);
#39350=ORIENTED_EDGE('',*,*,#39340,.T.);
#39360=EDGE_CURVE('',#39330,#39310,#39290,.T.);
#39370=ORIENTED_EDGE('',*,*,#39360,.T.);
#39380=EDGE_LOOP('',(#39370,#39350));
#39390=FACE_OUTER_BOUND('',#39380,.T.);
#39400=ADVANCED_FACE('',(#39390),#39240,.T.);
#39410=COLOUR_RGB('',0.560784339904785,0.588235318660736,
0.600000023841858);
#39420=FILL_AREA_STYLE_COLOUR('',#39410);
#39430=FILL_AREA_STYLE('',(#39420));
#39440=SURFACE_STYLE_FILL_AREA(#39430);
#39450=SURFACE_SIDE_STYLE('',(#39440));
#39460=SURFACE_STYLE_USAGE(.BOTH.,#39450);
#39470=PRESENTATION_STYLE_ASSIGNMENT((#39460));
#39480=CARTESIAN_POINT('',(5.07499988595348,44.6500003036955,
25.9999999983879));
#39490=DIRECTION('',(3.67338880798945E-12,-6.85680678931178E-12,1.));
#39500=DIRECTION('',(-8.82918170334118E-11,-1.,-6.85680678898745E-12));
#39510=AXIS2_PLACEMENT_3D('',#39480,#39490,#39500);
#39520=CYLINDRICAL_SURFACE('',#39510,1.4);
#39530=CARTESIAN_POINT('',(5.07499988582987,43.2500003036955,
25.9999999983783));
#39540=DIRECTION('',(3.67338880798945E-12,-6.85680678931178E-12,1.));
#39550=VECTOR('',#39540,1.);
#39560=LINE('',#39530,#39550);
#39570=CARTESIAN_POINT('',(5.07499988586844,43.2500003036235,
36.4999999983783));
#39580=VERTEX_POINT('',#39570);
#39590=EDGE_CURVE('',#39310,#39580,#39560,.T.);
#39600=ORIENTED_EDGE('',*,*,#39590,.F.);
#39610=CARTESIAN_POINT('',(5.07499988599205,44.6500003036235,
36.4999999983879));
#39620=DIRECTION('',(3.67338880798945E-12,-6.85680678931178E-12,1.));
#39630=DIRECTION('',(-8.82918170334118E-11,-1.,-6.85680678898745E-12));
#39640=AXIS2_PLACEMENT_3D('',#39610,#39620,#39630);
#39650=CIRCLE('',#39640,1.4);
#39660=CARTESIAN_POINT('',(5.07499988611566,46.0500003036235,
36.4999999983975));
#39670=VERTEX_POINT('',#39660);
#39680=EDGE_CURVE('',#39670,#39580,#39650,.T.);
#39690=ORIENTED_EDGE('',*,*,#39680,.T.);
#39700=CARTESIAN_POINT('',(5.07499988607709,46.0500003036955,
25.9999999983975));
#39710=DIRECTION('',(3.67338880798945E-12,-6.85680678931178E-12,1.));
#39720=VECTOR('',#39710,1.);
#39730=LINE('',#39700,#39720);
#39740=CARTESIAN_POINT('',(5.07499988610611,46.0500003036414,
33.9000007180636));
#39750=VERTEX_POINT('',#39740);
#39760=EDGE_CURVE('',#39750,#39670,#39730,.T.);
#39770=ORIENTED_EDGE('',*,*,#39760,.T.);
#39780=CARTESIAN_POINT('',(5.0749998859825,44.6500003036414,
33.900000718054));
#39790=DIRECTION('',(3.67338880798945E-12,-6.85680678931178E-12,1.));
#39800=DIRECTION('',(-8.82918170334118E-11,-1.,-6.85680678898745E-12));
#39810=AXIS2_PLACEMENT_3D('',#39780,#39790,#39800);
#39820=CIRCLE('',#39810,1.4);
#39830=EDGE_CURVE('',#39750,#31540,#39820,.T.);
#39840=ORIENTED_EDGE('',*,*,#39830,.F.);
#39850=ORIENTED_EDGE('',*,*,#31550,.T.);
#39860=ORIENTED_EDGE('',*,*,#24610,.T.);
#39870=EDGE_CURVE('',#39330,#24580,#39730,.T.);
#39880=ORIENTED_EDGE('',*,*,#39870,.T.);
#39890=ORIENTED_EDGE('',*,*,#39360,.F.);
#39900=EDGE_LOOP('',(#39890,#39880,#39860,#39850,#39840,#39770,#39690,
#39600));
#39910=FACE_OUTER_BOUND('',#39900,.T.);
#39920=ADVANCED_FACE('',(#39910),#39520,.F.);
#39930=COLOUR_RGB('',0.560784339904785,0.588235318660736,
0.600000023841858);
#39940=FILL_AREA_STYLE_COLOUR('',#39930);
#39950=FILL_AREA_STYLE('',(#39940));
#39960=SURFACE_STYLE_FILL_AREA(#39950);
#39970=SURFACE_SIDE_STYLE('',(#39960));
#39980=SURFACE_STYLE_USAGE(.BOTH.,#39970);
#39990=PRESENTATION_STYLE_ASSIGNMENT((#39980));
#40000=CARTESIAN_POINT('',(5.07499988618106,46.4500003050372,
36.4999999984002));
#40010=DIRECTION('',(3.67338880798945E-12,-6.85680678931178E-12,1.));
#40020=DIRECTION('',(9.09615685428421E-11,1.,6.85680678897764E-12));
#40030=AXIS2_PLACEMENT_3D('',#40000,#40010,#40020);
#40040=PLANE('',#40030);
#40050=CARTESIAN_POINT('',(5.07499988601145,44.6500003064509,
36.4999999983879));
#40060=DIRECTION('',(3.67338880798945E-12,-6.85680678931178E-12,1.));
#40070=DIRECTION('',(-8.82918170334118E-11,-1.,-6.85680678898745E-12));
#40080=AXIS2_PLACEMENT_3D('',#40050,#40060,#40070);
#40090=CIRCLE('',#40080,2.2);
#40100=CARTESIAN_POINT('',(5.07499988581721,42.4500003064509,
36.4999999983728));
#40110=VERTEX_POINT('',#40100);
#40120=CARTESIAN_POINT('',(5.07499988620569,46.8500003064509,
36.499999998403));
#40130=VERTEX_POINT('',#40120);
#40140=EDGE_CURVE('',#40110,#40130,#40090,.T.);
#40150=ORIENTED_EDGE('',*,*,#40140,.T.);
#40160=EDGE_CURVE('',#40130,#40110,#40090,.T.);
#40170=ORIENTED_EDGE('',*,*,#40160,.T.);
#40180=EDGE_LOOP('',(#40170,#40150));
#40190=FACE_OUTER_BOUND('',#40180,.T.);
#40200=EDGE_CURVE('',#39580,#39670,#39650,.T.);
#40210=ORIENTED_EDGE('',*,*,#40200,.F.);
#40220=ORIENTED_EDGE('',*,*,#39680,.F.);
#40230=EDGE_LOOP('',(#40220,#40210));
#40240=FACE_BOUND('',#40230,.T.);
#40250=ADVANCED_FACE('',(#40190,#40240),#40040,.T.);
#40260=COLOUR_RGB('',0.560784339904785,0.588235318660736,
0.600000023841858);
#40270=FILL_AREA_STYLE_COLOUR('',#40260);
#40280=FILL_AREA_STYLE('',(#40270));
#40290=SURFACE_STYLE_FILL_AREA(#40280);
#40300=SURFACE_SIDE_STYLE('',(#40290));
#40310=SURFACE_STYLE_USAGE(.BOTH.,#40300);
#40320=PRESENTATION_STYLE_ASSIGNMENT((#40310));
#40330=CARTESIAN_POINT('',(5.07499988601145,44.6500003064509,
36.4999999983879));
#40340=DIRECTION('',(3.67338880798945E-12,-6.85680678931178E-12,1.));
#40350=DIRECTION('',(-8.82918170334118E-11,-1.,-6.85680678898745E-12));
#40360=AXIS2_PLACEMENT_3D('',#40330,#40340,#40350);
#40370=CYLINDRICAL_SURFACE('',#40360,2.2);
#40380=CARTESIAN_POINT('',(5.07499988581721,42.4500003064509,
36.4999999983728));
#40390=DIRECTION('',(3.67338880798945E-12,-6.85680678931178E-12,1.));
#40400=VECTOR('',#40390,1.);
#40410=LINE('',#40380,#40400);
#40420=CARTESIAN_POINT('',(5.0749998858297,42.4500003064276,
39.8999999983728));
#40430=VERTEX_POINT('',#40420);
#40440=EDGE_CURVE('',#40110,#40430,#40410,.T.);
#40450=ORIENTED_EDGE('',*,*,#40440,.F.);
#40460=CARTESIAN_POINT('',(5.07499988602394,44.6500003064276,
39.8999999983879));
#40470=DIRECTION('',(3.67338880798945E-12,-6.85680678931178E-12,1.));
#40480=DIRECTION('',(-8.82918170334118E-11,-1.,-6.85680678898745E-12));
#40490=AXIS2_PLACEMENT_3D('',#40460,#40470,#40480);
#40500=CIRCLE('',#40490,2.2);
#40510=CARTESIAN_POINT('',(5.07499988621818,46.8500003064276,
39.899999998403));
#40520=VERTEX_POINT('',#40510);
#40530=EDGE_CURVE('',#40520,#40430,#40500,.T.);
#40540=ORIENTED_EDGE('',*,*,#40530,.T.);
#40550=CARTESIAN_POINT('',(5.07499988620569,46.8500003064509,
36.499999998403));
#40560=DIRECTION('',(3.67338880798945E-12,-6.85680678931178E-12,1.));
#40570=VECTOR('',#40560,1.);
#40580=LINE('',#40550,#40570);
#40590=EDGE_CURVE('',#40130,#40520,#40580,.T.);
#40600=ORIENTED_EDGE('',*,*,#40590,.T.);
#40610=ORIENTED_EDGE('',*,*,#40160,.F.);
#40620=EDGE_LOOP('',(#40610,#40600,#40540,#40450));
#40630=FACE_OUTER_BOUND('',#40620,.T.);
#40640=ADVANCED_FACE('',(#40630),#40370,.F.);
#40650=COLOUR_RGB('',0.560784339904785,0.588235318660736,
0.600000023841858);
#40660=FILL_AREA_STYLE_COLOUR('',#40650);
#40670=FILL_AREA_STYLE('',(#40660));
#40680=SURFACE_STYLE_FILL_AREA(#40670);
#40690=SURFACE_SIDE_STYLE('',(#40680));
#40700=SURFACE_STYLE_USAGE(.BOTH.,#40690);
#40710=PRESENTATION_STYLE_ASSIGNMENT((#40700));
#40720=CARTESIAN_POINT('',(5.07499988622328,47.1000003046058,
39.8999999984047));
#40730=DIRECTION('',(3.67338880798945E-12,-6.85680678931178E-12,1.));
#40740=DIRECTION('',(9.09615685428421E-11,1.,6.85680678897764E-12));
#40750=AXIS2_PLACEMENT_3D('',#40720,#40730,#40740);
#40760=PLANE('',#40750);
#40770=CARTESIAN_POINT('',(5.07499988600454,44.650000302784,
39.8999999983879));
#40780=DIRECTION('',(3.67338880798945E-12,-6.85680678931178E-12,1.));
#40790=DIRECTION('',(-8.82918170334118E-11,-1.,-6.85680678898745E-12));
#40800=AXIS2_PLACEMENT_3D('',#40770,#40780,#40790);
#40810=CIRCLE('',#40800,2.7);
#40820=CARTESIAN_POINT('',(5.07499988624293,47.350000302784,
39.8999999984064));
#40830=VERTEX_POINT('',#40820);
#40840=CARTESIAN_POINT('',(5.07499988576615,41.950000302784,
39.8999999983694));
#40850=VERTEX_POINT('',#40840);
#40860=EDGE_CURVE('',#40830,#40850,#40810,.T.);
#40870=ORIENTED_EDGE('',*,*,#40860,.T.);
#40880=EDGE_CURVE('',#40850,#40830,#40810,.T.);
#40890=ORIENTED_EDGE('',*,*,#40880,.T.);
#40900=EDGE_LOOP('',(#40890,#40870));
#40910=FACE_OUTER_BOUND('',#40900,.T.);
#40920=EDGE_CURVE('',#40430,#40520,#40500,.T.);
#40930=ORIENTED_EDGE('',*,*,#40920,.F.);
#40940=ORIENTED_EDGE('',*,*,#40530,.F.);
#40950=EDGE_LOOP('',(#40940,#40930));
#40960=FACE_BOUND('',#40950,.T.);
#40970=ADVANCED_FACE('',(#40910,#40960),#40760,.T.);
#40980=COLOUR_RGB('',0.560784339904785,0.588235318660736,
0.600000023841858);
#40990=FILL_AREA_STYLE_COLOUR('',#40980);
#41000=FILL_AREA_STYLE('',(#40990));
#41010=SURFACE_STYLE_FILL_AREA(#41000);
#41020=SURFACE_SIDE_STYLE('',(#41010));
#41030=SURFACE_STYLE_USAGE(.BOTH.,#41020);
#41040=PRESENTATION_STYLE_ASSIGNMENT((#41030));
#41050=CARTESIAN_POINT('',(5.07499988600454,44.650000302784,
39.8999999983879));
#41060=DIRECTION('',(3.67338880798945E-12,-6.85680678931178E-12,1.));
#41070=DIRECTION('',(-8.82918170334118E-11,-1.,-6.85680678898745E-12));
#41080=AXIS2_PLACEMENT_3D('',#41050,#41060,#41070);
#41090=CYLINDRICAL_SURFACE('',#41080,2.7);
#41100=CARTESIAN_POINT('',(5.07499988624293,47.350000302784,
39.8999999984064));
#41110=DIRECTION('',(3.67338880798945E-12,-6.85680678931178E-12,1.));
#41120=VECTOR('',#41110,1.);
#41130=LINE('',#41100,#41120);
#41140=EDGE_CURVE('',#40830,#27250,#41130,.T.);
#41150=ORIENTED_EDGE('',*,*,#41140,.F.);
#41160=ORIENTED_EDGE('',*,*,#27300,.T.);
#41170=CARTESIAN_POINT('',(5.07499988576615,41.950000302784,
39.8999999983694));
#41180=DIRECTION('',(3.67338880798945E-12,-6.85680678931178E-12,1.));
#41190=VECTOR('',#41180,1.);
#41200=LINE('',#41170,#41190);
#41210=EDGE_CURVE('',#40850,#27270,#41200,.T.);
#41220=ORIENTED_EDGE('',*,*,#41210,.T.);
#41230=ORIENTED_EDGE('',*,*,#40880,.F.);
#41240=EDGE_LOOP('',(#41230,#41220,#41160,#41150));
#41250=FACE_OUTER_BOUND('',#41240,.T.);
#41260=ADVANCED_FACE('',(#41250),#41090,.F.);
#41270=COLOUR_RGB('',0.560784339904785,0.588235318660736,
0.600000023841858);
#41280=FILL_AREA_STYLE_COLOUR('',#41270);
#41290=FILL_AREA_STYLE('',(#41280));
#41300=SURFACE_STYLE_FILL_AREA(#41290);
#41310=SURFACE_SIDE_STYLE('',(#41300));
#41320=SURFACE_STYLE_USAGE(.BOTH.,#41310);
#41330=PRESENTATION_STYLE_ASSIGNMENT((#41320));
#41340=CARTESIAN_POINT('',(0.999999995124163,0.900000000049701,
3.99999999981495));
#41350=DIRECTION('',(-4.45662167321756E-13,2.16934012420288E-10,-1.));
#41360=DIRECTION('',(1.642278271258E-11,-1.,-2.16934012420296E-10));
#41370=AXIS2_PLACEMENT_3D('',#41340,#41350,#41360);
#41380=PLANE('',#41370);
#41390=CARTESIAN_POINT('',(0.999999995048041,5.53520863631155,
4.00000000084857));
#41400=DIRECTION('',(-1.642278271258E-11,1.,2.16934012420296E-10));
#41410=VECTOR('',#41400,1.);
#41420=LINE('',#41390,#41410);
#41430=EDGE_CURVE('',#15650,#13170,#41420,.T.);
#41440=ORIENTED_EDGE('',*,*,#41430,.T.);
#41450=ORIENTED_EDGE('',*,*,#15660,.T.);
#41460=ORIENTED_EDGE('',*,*,#9680,.T.);
#41470=ORIENTED_EDGE('',*,*,#13240,.T.);
#41480=EDGE_LOOP('',(#41470,#41460,#41450,#41440));
#41490=FACE_OUTER_BOUND('',#41480,.T.);
#41500=ADVANCED_FACE('',(#41490),#41380,.F.);
#41510=COLOUR_RGB('',0.560784339904785,0.588235318660736,
0.600000023841858);
#41520=FILL_AREA_STYLE_COLOUR('',#41510);
#41530=FILL_AREA_STYLE('',(#41520));
#41540=SURFACE_STYLE_FILL_AREA(#41530);
#41550=SURFACE_SIDE_STYLE('',(#41540));
#41560=SURFACE_STYLE_USAGE(.BOTH.,#41550);
#41570=PRESENTATION_STYLE_ASSIGNMENT((#41560));
#41580=CARTESIAN_POINT('',(0.999999995099131,2.39565857870543,
2.95000000005447));
#41590=DIRECTION('',(1.,1.64227827126767E-11,-4.45662163759096E-13));
#41600=DIRECTION('',(-1.642278271258E-11,1.,2.16933998542512E-10));
#41610=AXIS2_PLACEMENT_3D('',#41580,#41590,#41600);
#41620=PLANE('',#41610);
#41630=ORIENTED_EDGE('',*,*,#41430,.F.);
#41640=ORIENTED_EDGE('',*,*,#13180,.F.);
#41650=ORIENTED_EDGE('',*,*,#14170,.F.);
#41660=ORIENTED_EDGE('',*,*,#14950,.F.);
#41670=ORIENTED_EDGE('',*,*,#15730,.F.);
#41680=EDGE_LOOP('',(#41670,#41660,#41650,#41640,#41630));
#41690=FACE_OUTER_BOUND('',#41680,.T.);
#41700=ADVANCED_FACE('',(#41690),#41620,.T.);
#41710=COLOUR_RGB('',0.560784339904785,0.588235318660736,
0.600000023841858);
#41720=FILL_AREA_STYLE_COLOUR('',#41710);
#41730=FILL_AREA_STYLE('',(#41720));
#41740=SURFACE_STYLE_FILL_AREA(#41730);
#41750=SURFACE_SIDE_STYLE('',(#41740));
#41760=SURFACE_STYLE_USAGE(.BOTH.,#41750);
#41770=PRESENTATION_STYLE_ASSIGNMENT((#41760));
#41780=CARTESIAN_POINT('',(7.71719753333973,17.5999998814305,
48.7543209985303));
#41790=DIRECTION('',(3.6733891553489E-12,1.25563587585505E-11,1.));
#41800=DIRECTION('',(8.82563009940862E-11,1.,-1.25563587588747E-11));
#41810=AXIS2_PLACEMENT_3D('',#41780,#41790,#41800);
#41820=PLANE('',#41810);
#41830=CARTESIAN_POINT('',(3.63223813337718,40.4495488907722,
48.7543209982584));
#41840=DIRECTION('',(-6.37972379635598E-11,-1.,1.25563587587848E-11));
#41850=VECTOR('',#41840,1.);
#41860=LINE('',#41830,#41850);
#41870=CARTESIAN_POINT('',(3.63223813427916,54.5876624553451,
48.7543209980809));
#41880=VERTEX_POINT('',#41870);
#41890=CARTESIAN_POINT('',(3.63223813425521,54.2123356490692,
48.7543209980856));
#41900=VERTEX_POINT('',#41890);
#41910=EDGE_CURVE('',#41880,#41900,#41860,.T.);
#41920=ORIENTED_EDGE('',*,*,#41910,.F.);
#41930=CARTESIAN_POINT('',(10.1499999999344,60.7300975136796,
48.7543209979798));
#41940=DIRECTION('',(-0.707106781238609,-0.707106781134486,
1.14761280851358E-11));
#41950=VECTOR('',#41940,1.);
#41960=LINE('',#41930,#41950);
#41970=CARTESIAN_POINT('',(1.28241262415641,51.8625101392074,
48.7543209981237));
#41980=VERTEX_POINT('',#41970);
#41990=EDGE_CURVE('',#41900,#41980,#41960,.T.);
#42000=ORIENTED_EDGE('',*,*,#41990,.F.);
#42010=CARTESIAN_POINT('',(46.5688683116598,51.8625101349658,
48.7543209942518));
#42020=DIRECTION('',(-1.,8.86003348631679E-11,3.67338915257537E-12));
#42030=VECTOR('',#42020,1.);
#42040=LINE('',#42010,#42030);
#42050=CARTESIAN_POINT('',(3.79260954822301,51.8625101383644,
48.7543209981145));
#42060=VERTEX_POINT('',#42050);
#42070=EDGE_CURVE('',#42060,#41980,#42040,.T.);
#42080=ORIENTED_EDGE('',*,*,#42070,.T.);
#42090=CARTESIAN_POINT('',(10.149999999939,58.2199005887722,
48.7543209980113));
#42100=DIRECTION('',(0.707106781259299,0.707106781113796,
-1.14761280848281E-11));
#42110=VECTOR('',#42100,1.);
#42120=LINE('',#42090,#42110);
#42130=CARTESIAN_POINT('',(4.88733700825617,52.9572375980708,
48.7543209980967));
#42140=VERTEX_POINT('',#42130);
#42150=EDGE_CURVE('',#42060,#42140,#42120,.T.);
#42160=ORIENTED_EDGE('',*,*,#42150,.F.);
#42170=CARTESIAN_POINT('',(46.5688683117564,52.9572522883867,
48.7543209939824));
#42180=DIRECTION('',(-0.999999999999938,-3.52433533906675E-7,
3.67347592914293E-12));
#42190=VECTOR('',#42180,1.);
#42200=LINE('',#42170,#42190);
#42210=CARTESIAN_POINT('',(5.26266285882705,52.957237730399,
48.7543209980954));
#42220=VERTEX_POINT('',#42210);
#42230=EDGE_CURVE('',#42220,#42140,#42200,.T.);
#42240=ORIENTED_EDGE('',*,*,#42230,.T.);
#42250=CARTESIAN_POINT('',(17.7703516965803,40.449548890798,
48.7543209982065));
#42260=DIRECTION('',(-0.707106781134318,0.707106781238777,
-6.28122380458535E-12));
#42270=VECTOR('',#42260,1.);
#42280=LINE('',#42250,#42270);
#42290=CARTESIAN_POINT('',(6.35739045099426,51.8625101382043,
48.7543209981051));
#42300=VERTEX_POINT('',#42290);
#42310=EDGE_CURVE('',#42300,#42220,#42280,.T.);
#42320=ORIENTED_EDGE('',*,*,#42310,.T.);
#42330=CARTESIAN_POINT('',(46.5688683116598,51.8625101349658,
48.7543209942518));
#42340=DIRECTION('',(1.,-8.86003348631679E-11,-3.67338915257537E-12));
#42350=VECTOR('',#42340,1.);
#42360=LINE('',#42330,#42350);
#42370=CARTESIAN_POINT('',(8.86758737476865,51.8625101379819,
48.7543209980959));
#42380=VERTEX_POINT('',#42370);
#42390=EDGE_CURVE('',#42300,#42380,#42360,.T.);
#42400=ORIENTED_EDGE('',*,*,#42390,.F.);
#42410=CARTESIAN_POINT('',(20.2805486203876,40.4495488908026,
48.7543209981972));
#42420=DIRECTION('',(-0.707106781113964,0.707106781259131,
-6.28125166639079E-12));
#42430=VECTOR('',#42420,1.);
#42440=LINE('',#42410,#42430);
#42450=CARTESIAN_POINT('',(6.51776090987061,54.212336604145,
48.754320998075));
#42460=VERTEX_POINT('',#42450);
#42470=EDGE_CURVE('',#42380,#42460,#42440,.T.);
#42480=ORIENTED_EDGE('',*,*,#42470,.F.);
#42490=CARTESIAN_POINT('',(6.51776090824252,40.4495488907775,
48.7543209982478));
#42500=DIRECTION('',(1.126960461449E-10,1.,-1.25563587589645E-11));
#42510=VECTOR('',#42500,1.);
#42520=LINE('',#42490,#42510);
#42530=CARTESIAN_POINT('',(6.5177609099145,54.5876614994951,
48.7543209980703));
#42540=VERTEX_POINT('',#42530);
#42550=EDGE_CURVE('',#42460,#42540,#42520,.T.);
#42560=ORIENTED_EDGE('',*,*,#42550,.F.);
#42570=CARTESIAN_POINT('',(10.149999999939,58.2199005887722,
48.7543209980113));
#42580=DIRECTION('',(0.707106781259299,0.707106781113796,
-1.14761280848281E-11));
#42590=VECTOR('',#42580,1.);
#42600=LINE('',#42570,#42590);
#42610=CARTESIAN_POINT('',(8.86758737517343,56.9374879653036,
48.7543209980321));
#42620=VERTEX_POINT('',#42610);
#42630=EDGE_CURVE('',#42540,#42620,#42600,.T.);
#42640=ORIENTED_EDGE('',*,*,#42630,.F.);
#42650=CARTESIAN_POINT('',(46.5688683121077,56.9374879615613,
48.7543209930026));
#42660=DIRECTION('',(-1.,8.79122671250637E-11,3.67338915274475E-12));
#42670=VECTOR('',#42660,1.);
#42680=LINE('',#42650,#42670);
#42690=CARTESIAN_POINT('',(6.35739045139784,56.9374879655243,
48.7543209980414));
#42700=VERTEX_POINT('',#42690);
#42710=EDGE_CURVE('',#42620,#42700,#42680,.T.);
#42720=ORIENTED_EDGE('',*,*,#42710,.F.);
#42730=CARTESIAN_POINT('',(10.1499999999344,60.7300975136796,
48.7543209979798));
#42740=DIRECTION('',(-0.707106781238609,-0.707106781134486,
1.14761280851358E-11));
#42750=VECTOR('',#42740,1.);
#42760=LINE('',#42730,#42750);
#42770=CARTESIAN_POINT('',(5.26266285900147,55.8427603734663,
48.7543209980591));
#42780=VERTEX_POINT('',#42770);
#42790=EDGE_CURVE('',#42700,#42780,#42760,.T.);
#42800=ORIENTED_EDGE('',*,*,#42790,.F.);
#42810=CARTESIAN_POINT('',(46.5688683120111,55.8427458083614,
48.7543209932721));
#42820=DIRECTION('',(0.999999999999938,-3.5260605486843E-7,
-3.67330237715459E-12));
#42830=VECTOR('',#42820,1.);
#42840=LINE('',#42810,#42830);
#42850=CARTESIAN_POINT('',(4.88733700854177,55.8427605058086,
48.7543209980605));
#42860=VERTEX_POINT('',#42850);
#42870=EDGE_CURVE('',#42860,#42780,#42840,.T.);
#42880=ORIENTED_EDGE('',*,*,#42870,.T.);
#42890=CARTESIAN_POINT('',(20.2805486203876,40.4495488908026,
48.7543209981972));
#42900=DIRECTION('',(-0.707106781113964,0.707106781259131,
-6.28125166639079E-12));
#42910=VECTOR('',#42900,1.);
#42920=LINE('',#42890,#42910);
#42930=CARTESIAN_POINT('',(3.79260954895068,56.9374879657497,
48.7543209980508));
#42940=VERTEX_POINT('',#42930);
#42950=EDGE_CURVE('',#42860,#42940,#42920,.T.);
#42960=ORIENTED_EDGE('',*,*,#42950,.F.);
#42970=CARTESIAN_POINT('',(46.5688683121077,56.9374879615613,
48.7543209930026));
#42980=DIRECTION('',(-1.,8.79122671250637E-11,3.67338915274475E-12));
#42990=VECTOR('',#42980,1.);
#43000=LINE('',#42970,#42990);
#43010=CARTESIAN_POINT('',(1.28241262436013,56.9374879654539,
48.75432099806));
#43020=VERTEX_POINT('',#43010);
#43030=EDGE_CURVE('',#42940,#43020,#43000,.T.);
#43040=ORIENTED_EDGE('',*,*,#43030,.F.);
#43050=CARTESIAN_POINT('',(17.7703516965803,40.449548890798,
48.7543209982065));
#43060=DIRECTION('',(0.707106781134318,-0.707106781238777,
6.28122380458535E-12));
#43070=VECTOR('',#43060,1.);
#43080=LINE('',#43050,#43070);
#43090=EDGE_CURVE('',#43020,#41880,#43080,.T.);
#43100=ORIENTED_EDGE('',*,*,#43090,.F.);
#43110=EDGE_LOOP('',(#43100,#43040,#42960,#42880,#42800,#42720,#42640,
#42560,#42480,#42400,#42320,#42240,#42160,#42080,#42000,#41920));
#43120=FACE_BOUND('',#43110,.T.);
#43130=CARTESIAN_POINT('',(10.1499999999591,47.2249993511596,
48.7543209981494));
#43140=DIRECTION('',(-1.,8.82920111230119E-11,3.67338915424027E-12));
#43150=VECTOR('',#43140,1.);
#43160=LINE('',#43130,#43150);
#43170=CARTESIAN_POINT('',(9.3000000555346,47.2249993512347,
48.7543209981525));
#43180=VERTEX_POINT('',#43170);
#43190=CARTESIAN_POINT('',(7.47971093782794,47.2249993513954,
48.7543209981592));
#43200=VERTEX_POINT('',#43190);
#43210=EDGE_CURVE('',#43180,#43200,#43160,.T.);
#43220=ORIENTED_EDGE('',*,*,#43210,.F.);
#43230=CARTESIAN_POINT('',(10.9458032535025,43.7589070351088,
48.75432099819));
#43240=DIRECTION('',(-0.707106781124116,0.707106781248979,
-6.28120804451107E-12));
#43250=VECTOR('',#43240,1.);
#43260=LINE('',#43230,#43250);
#43270=CARTESIAN_POINT('',(6.34431828847205,48.3603920009518,
48.7543209981491));
#43280=VERTEX_POINT('',#43270);
#43290=EDGE_CURVE('',#43200,#43280,#43260,.T.);
#43300=ORIENTED_EDGE('',*,*,#43290,.F.);
#43310=CARTESIAN_POINT('',(6.34431828807827,43.900328391753,
48.7543209982051));
#43320=DIRECTION('',(8.82922752048736E-11,1.,-1.25563587588748E-11));
#43330=VECTOR('',#43320,1.);
#43340=LINE('',#43310,#43330);
#43350=CARTESIAN_POINT('',(6.34431828853073,49.0249996498723,
48.7543209981407));
#43360=VERTEX_POINT('',#43350);
#43370=EDGE_CURVE('',#43280,#43360,#43340,.T.);
#43380=ORIENTED_EDGE('',*,*,#43370,.F.);
#43390=CARTESIAN_POINT('',(46.5688683114094,49.0249996463719,
48.754320997993));
#43400=DIRECTION('',(1.,-8.82563009941324E-11,-3.67338915424072E-12));
#43410=VECTOR('',#43400,1.);
#43420=LINE('',#43390,#43410);
#43430=CARTESIAN_POINT('',(3.80568172676449,49.0249996500963,
48.7543209981501));
#43440=VERTEX_POINT('',#43430);
#43450=EDGE_CURVE('',#43440,#43360,#43420,.T.);
#43460=ORIENTED_EDGE('',*,*,#43450,.T.);
#43470=CARTESIAN_POINT('',(3.80568172631203,43.9003283919771,
48.7543209982144));
#43480=DIRECTION('',(-8.82909767142354E-11,-1.,1.25563587588748E-11));
#43490=VECTOR('',#43480,1.);
#43500=LINE('',#43470,#43490);
#43510=CARTESIAN_POINT('',(3.80568172670581,48.3603920011339,
48.7543209981584));
#43520=VERTEX_POINT('',#43510);
#43530=EDGE_CURVE('',#43440,#43520,#43500,.T.);
#43540=ORIENTED_EDGE('',*,*,#43530,.F.);
#43550=CARTESIAN_POINT('',(46.7102896713746,91.2649999382264,
48.7543209974621));
#43560=DIRECTION('',(0.707106781248979,0.707106781124116,
-1.14761648063119E-11));
#43570=VECTOR('',#43560,1.);
#43580=LINE('',#43550,#43570);
#43590=CARTESIAN_POINT('',(2.67028907719148,47.22499935182,
48.7543209981769));
#43600=VERTEX_POINT('',#43590);
#43610=EDGE_CURVE('',#43600,#43520,#43580,.T.);
#43620=ORIENTED_EDGE('',*,*,#43610,.T.);
#43630=CARTESIAN_POINT('',(10.1499999999591,47.2249993511596,
48.7543209981494));
#43640=DIRECTION('',(-1.,8.82920111230119E-11,3.67338915424027E-12));
#43650=VECTOR('',#43640,1.);
#43660=LINE('',#43630,#43650);
#43670=CARTESIAN_POINT('',(0.849999722201268,47.2249993519807,
48.7543209981835));
#43680=VERTEX_POINT('',#43670);
#43690=EDGE_CURVE('',#43600,#43680,#43660,.T.);
#43700=ORIENTED_EDGE('',*,*,#43690,.F.);
#43710=CARTESIAN_POINT('',(0.849999722796978,40.4495488907671,
48.7543209982686));
#43720=DIRECTION('',(-8.79218330439823E-11,1.,-1.25563587582275E-11));
#43730=VECTOR('',#43720,1.);
#43740=LINE('',#43710,#43730);
#43750=CARTESIAN_POINT('',(0.849999720939589,61.5749989953807,
48.7543209980034));
#43760=VERTEX_POINT('',#43750);
#43770=EDGE_CURVE('',#43680,#43760,#43740,.T.);
#43780=ORIENTED_EDGE('',*,*,#43770,.F.);
#43790=CARTESIAN_POINT('',(10.1499999999329,61.5749989945596,
48.7543209979692));
#43800=DIRECTION('',(-1.,8.82918170333866E-11,3.67338915424028E-12));
#43810=VECTOR('',#43800,1.);
#43820=LINE('',#43790,#43810);
#43830=CARTESIAN_POINT('',(3.80568172787271,61.5749989951197,
48.7543209979925));
#43840=VERTEX_POINT('',#43830);
#43850=EDGE_CURVE('',#43840,#43760,#43820,.T.);
#43860=ORIENTED_EDGE('',*,*,#43850,.T.);
#43870=CARTESIAN_POINT('',(3.8056817263122,43.9003283919771,
48.7543209982144));
#43880=DIRECTION('',(-8.82909767142354E-11,-1.,1.25563587588748E-11));
#43890=VECTOR('',#43880,1.);
#43900=LINE('',#43870,#43890);
#43910=CARTESIAN_POINT('',(3.80568172777254,60.4404311700379,
48.7543209980067));
#43920=VERTEX_POINT('',#43910);
#43930=EDGE_CURVE('',#43840,#43920,#43900,.T.);
#43940=ORIENTED_EDGE('',*,*,#43930,.F.);
#43950=CARTESIAN_POINT('',(46.5688683124169,60.440431166312,
48.7543209978497));
#43960=DIRECTION('',(1.,-8.82916259596269E-11,-3.67338915424028E-12));
#43970=VECTOR('',#43960,1.);
#43980=LINE('',#43950,#43970);
#43990=CARTESIAN_POINT('',(6.3443182895385,60.4404311698138,
48.7543209979974));
#44000=VERTEX_POINT('',#43990);
#44010=EDGE_CURVE('',#43920,#44000,#43980,.T.);
#44020=ORIENTED_EDGE('',*,*,#44010,.F.);
#44030=CARTESIAN_POINT('',(6.34431828807813,43.900328391753,
48.7543209982051));
#44040=DIRECTION('',(8.82922752048736E-11,1.,-1.25563587588748E-11));
#44050=VECTOR('',#44040,1.);
#44060=LINE('',#44030,#44050);
#44070=CARTESIAN_POINT('',(6.34431828963867,61.5749989948956,
48.7543209979832));
#44080=VERTEX_POINT('',#44070);
#44090=EDGE_CURVE('',#44000,#44080,#44060,.T.);
#44100=ORIENTED_EDGE('',*,*,#44090,.F.);
#44110=CARTESIAN_POINT('',(10.1499999999329,61.5749989945596,
48.7543209979692));
#44120=DIRECTION('',(-1.,8.82918170333866E-11,3.67338915424028E-12));
#44130=VECTOR('',#44120,1.);
#44140=LINE('',#44110,#44130);
#44150=CARTESIAN_POINT('',(9.30000005427292,61.5749989946346,
48.7543209979723));
#44160=VERTEX_POINT('',#44150);
#44170=EDGE_CURVE('',#44160,#44080,#44140,.T.);
#44180=ORIENTED_EDGE('',*,*,#44170,.T.);
#44190=CARTESIAN_POINT('',(9.30000005613031,40.4495488907825,
48.7543209982376));
#44200=DIRECTION('',(-8.79218330439823E-11,1.,-1.25563587582275E-11));
#44210=VECTOR('',#44200,1.);
#44220=LINE('',#44190,#44210);
#44230=EDGE_CURVE('',#43180,#44160,#44220,.T.);
#44240=ORIENTED_EDGE('',*,*,#44230,.T.);
#44250=EDGE_LOOP('',(#44240,#44180,#44100,#44020,#43940,#43860,#43780,
#43700,#43620,#43540,#43460,#43380,#43300,#43220));
#44260=FACE_OUTER_BOUND('',#44250,.T.);
#44270=ADVANCED_FACE('',(#43120,#44260),#41820,.T.);
#44280=COLOUR_RGB('',0.980392217636108,0.517647087574005,
0.168627455830574);
#44290=FILL_AREA_STYLE_COLOUR('',#44280);
#44300=FILL_AREA_STYLE('',(#44290));
#44310=SURFACE_STYLE_FILL_AREA(#44300);
#44320=SURFACE_SIDE_STYLE('',(#44310));
#44330=SURFACE_STYLE_USAGE(.BOTH.,#44320);
#44340=PRESENTATION_STYLE_ASSIGNMENT((#44330));
#44350=CARTESIAN_POINT('',(3.80568172777254,60.4404311700379,
48.7543209980067));
#44360=DIRECTION('',(8.82916259595808E-11,1.,-1.25563587588748E-11));
#44370=DIRECTION('',(1.,-8.82916259596269E-11,-3.67338915424028E-12));
#44380=AXIS2_PLACEMENT_3D('',#44350,#44360,#44370);
#44390=PLANE('',#44380);
#44400=CARTESIAN_POINT('',(6.34431828938346,60.4404311692839,
6.54999999646846));
#44410=DIRECTION('',(3.6733891553489E-12,1.25563587585505E-11,1.));
#44420=VECTOR('',#44410,1.);
#44430=LINE('',#44400,#44420);
#44440=CARTESIAN_POINT('',(6.34431828953866,60.4404311698144,
48.7999999984796));
#44450=VERTEX_POINT('',#44440);
#44460=EDGE_CURVE('',#44000,#44450,#44430,.T.);
#44470=ORIENTED_EDGE('',*,*,#44460,.T.);
#44480=ORIENTED_EDGE('',*,*,#44010,.T.);
#44490=CARTESIAN_POINT('',(3.80568172777254,60.4404311700379,
48.7543209980067));
#44500=DIRECTION('',(3.6733891553489E-12,1.25563587585505E-11,1.));
#44510=VECTOR('',#44500,1.);
#44520=LINE('',#44490,#44510);
#44530=CARTESIAN_POINT('',(3.8056817277727,60.4404311700385,
48.799999998481));
#44540=VERTEX_POINT('',#44530);
#44550=EDGE_CURVE('',#43920,#44540,#44520,.T.);
#44560=ORIENTED_EDGE('',*,*,#44550,.F.);
#44570=CARTESIAN_POINT('',(10.149999999935,60.4404311694784,
48.7999999984776));
#44580=DIRECTION('',(1.,-8.82916259595808E-11,-2.89343178660047E-16));
#44590=VECTOR('',#44580,1.);
#44600=LINE('',#44570,#44590);
#44610=EDGE_CURVE('',#44540,#44450,#44600,.T.);
#44620=ORIENTED_EDGE('',*,*,#44610,.F.);
#44630=EDGE_LOOP('',(#44620,#44560,#44480,#44470));
#44640=FACE_OUTER_BOUND('',#44630,.T.);
#44650=ADVANCED_FACE('',(#44640),#44390,.F.);
#44660=COLOUR_RGB('',0.560784339904785,0.588235318660736,
0.600000023841858);
#44670=FILL_AREA_STYLE_COLOUR('',#44660);
#44680=FILL_AREA_STYLE('',(#44670));
#44690=SURFACE_STYLE_FILL_AREA(#44680);
#44700=SURFACE_SIDE_STYLE('',(#44690));
#44710=SURFACE_STYLE_USAGE(.BOTH.,#44700);
#44720=PRESENTATION_STYLE_ASSIGNMENT((#44710));
#44730=CARTESIAN_POINT('',(3.80568172787271,61.5749989951197,
48.7543209979925));
#44740=DIRECTION('',(1.,-8.82909767142815E-11,-3.67338915424029E-12));
#44750=DIRECTION('',(-8.82909767142354E-11,-1.,1.25563587588748E-11));
#44760=AXIS2_PLACEMENT_3D('',#44730,#44740,#44750);
#44770=PLANE('',#44760);
#44780=ORIENTED_EDGE('',*,*,#44550,.T.);
#44790=ORIENTED_EDGE('',*,*,#43930,.T.);
#44800=CARTESIAN_POINT('',(3.80568172787271,61.5749989951197,
48.7543209979925));
#44810=DIRECTION('',(3.6733891553489E-12,1.25563587585505E-11,1.));
#44820=VECTOR('',#44810,1.);
#44830=LINE('',#44800,#44820);
#44840=CARTESIAN_POINT('',(3.80568172787288,61.5749989951203,
48.7999999984888));
#44850=VERTEX_POINT('',#44840);
#44860=EDGE_CURVE('',#43840,#44850,#44830,.T.);
#44870=ORIENTED_EDGE('',*,*,#44860,.F.);
#44880=CARTESIAN_POINT('',(3.80568172600769,40.4495488907725,
48.7999999983405));
#44890=DIRECTION('',(8.82909767143067E-11,1.,6.85679291118547E-12));
#44900=VECTOR('',#44890,1.);
#44910=LINE('',#44880,#44900);
#44920=EDGE_CURVE('',#44540,#44850,#44910,.T.);
#44930=ORIENTED_EDGE('',*,*,#44920,.T.);
#44940=EDGE_LOOP('',(#44930,#44870,#44790,#44780));
#44950=FACE_OUTER_BOUND('',#44940,.T.);
#44960=ADVANCED_FACE('',(#44950),#44770,.F.);
#44970=COLOUR_RGB('',0.560784339904785,0.588235318660736,
0.600000023841858);
#44980=FILL_AREA_STYLE_COLOUR('',#44970);
#44990=FILL_AREA_STYLE('',(#44980));
#45000=SURFACE_STYLE_FILL_AREA(#44990);
#45010=SURFACE_SIDE_STYLE('',(#45000));
#45020=SURFACE_STYLE_USAGE(.BOTH.,#45010);
#45030=PRESENTATION_STYLE_ASSIGNMENT((#45020));
#45040=CARTESIAN_POINT('',(1.12499990991504,61.5749989953564,
48.7543209980023));
#45050=DIRECTION('',(8.82918170333405E-11,1.,-1.25563587588748E-11));
#45060=DIRECTION('',(1.,-8.82918170333866E-11,-3.67338915424028E-12));
#45070=AXIS2_PLACEMENT_3D('',#45040,#45050,#45060);
#45080=PLANE('',#45070);
#45090=ORIENTED_EDGE('',*,*,#44860,.T.);
#45100=ORIENTED_EDGE('',*,*,#43850,.F.);
#45110=CARTESIAN_POINT('',(0.84999972093958,61.5749989948508,
6.54999999647191));
#45120=DIRECTION('',(-1.66531707331222E-16,-1.25563587588748E-11,-1.));
#45130=VECTOR('',#45120,1.);
#45140=LINE('',#45110,#45130);
#45150=CARTESIAN_POINT('',(0.849999720939589,61.5749989953813,
48.7999999984904));
#45160=VERTEX_POINT('',#45150);
#45170=EDGE_CURVE('',#45160,#43760,#45140,.T.);
#45180=ORIENTED_EDGE('',*,*,#45170,.T.);
#45190=CARTESIAN_POINT('',(10.1499999999329,61.5749989945601,
48.7999999984853));
#45200=DIRECTION('',(-1.,8.82918170333474E-11,5.47177615472353E-13));
#45210=VECTOR('',#45200,1.);
#45220=LINE('',#45190,#45210);
#45230=EDGE_CURVE('',#44850,#45160,#45220,.T.);
#45240=ORIENTED_EDGE('',*,*,#45230,.T.);
#45250=EDGE_LOOP('',(#45240,#45180,#45100,#45090));
#45260=FACE_OUTER_BOUND('',#45250,.T.);
#45270=ADVANCED_FACE('',(#45260),#45080,.F.);
#45280=COLOUR_RGB('',0.560784339904785,0.588235318660736,
0.600000023841858);
#45290=FILL_AREA_STYLE_COLOUR('',#45280);
#45300=FILL_AREA_STYLE('',(#45290));
#45310=SURFACE_STYLE_FILL_AREA(#45300);
#45320=SURFACE_SIDE_STYLE('',(#45310));
#45330=SURFACE_STYLE_USAGE(.BOTH.,#45320);
#45340=PRESENTATION_STYLE_ASSIGNMENT((#45330));
#45350=CARTESIAN_POINT('',(0.84999972104719,60.3511921199825,
56.4863882558234));
#45360=DIRECTION('',(1.,8.79218330439823E-11,-1.6653281130961E-16));
#45370=DIRECTION('',(-8.79218330439823E-11,1.,6.85720924517134E-12));
#45380=AXIS2_PLACEMENT_3D('',#45350,#45360,#45370);
#45390=PLANE('',#45380);
#45400=CARTESIAN_POINT('',(0.849999722808693,40.3162224243368,
6.5499999964637));
#45410=DIRECTION('',(3.00708704829581E-11,-0.342020143331387,
-0.939692620783827));
#45420=VECTOR('',#45410,1.);
#45430=LINE('',#45400,#45420);
#45440=CARTESIAN_POINT('',(0.849999720924204,61.7500003875484,
65.4388209628765));
#45450=VERTEX_POINT('',#45440);
#45460=EDGE_CURVE('',#45450,#27460,#45430,.T.);
#45470=ORIENTED_EDGE('',*,*,#45460,.T.);
#45480=CARTESIAN_POINT('',(0.849999720924195,61.750000403036,
1.03037198836518));
#45490=DIRECTION('',(1.66553952955708E-16,-2.40459568924046E-10,1.));
#45500=VECTOR('',#45490,1.);
#45510=LINE('',#45480,#45500);
#45520=CARTESIAN_POINT('',(0.849999720924204,61.7500003915493,
48.7999999984916));
#45530=VERTEX_POINT('',#45520);
#45540=EDGE_CURVE('',#45530,#45450,#45510,.T.);
#45550=ORIENTED_EDGE('',*,*,#45540,.T.);
#45560=CARTESIAN_POINT('',(0.849999722796978,40.4495488907671,
48.7999999983455));
#45570=DIRECTION('',(8.79218330439823E-11,-1.,-6.85679291128405E-12));
#45580=VECTOR('',#45570,1.);
#45590=LINE('',#45560,#45580);
#45600=EDGE_CURVE('',#45530,#45160,#45590,.T.);
#45610=ORIENTED_EDGE('',*,*,#45600,.F.);
#45620=ORIENTED_EDGE('',*,*,#45170,.F.);
#45630=ORIENTED_EDGE('',*,*,#43770,.T.);
#45640=CARTESIAN_POINT('',(0.849999722201259,47.2249993514508,
6.54999999646637));
#45650=DIRECTION('',(1.66531707331222E-16,1.25563587588748E-11,1.));
#45660=VECTOR('',#45650,1.);
#45670=LINE('',#45640,#45660);
#45680=EDGE_CURVE('',#43680,#27540,#45670,.T.);
#45690=ORIENTED_EDGE('',*,*,#45680,.F.);
#45700=ORIENTED_EDGE('',*,*,#27550,.T.);
#45710=EDGE_LOOP('',(#45700,#45690,#45630,#45620,#45610,#45550,#45470));
#45720=FACE_OUTER_BOUND('',#45710,.T.);
#45730=ADVANCED_FACE('',(#45720),#45390,.T.);
#45740=COLOUR_RGB('',0.560784339904785,0.588235318660736,
0.600000023841858);
#45750=FILL_AREA_STYLE_COLOUR('',#45740);
#45760=FILL_AREA_STYLE('',(#45750));
#45770=SURFACE_STYLE_FILL_AREA(#45760);
#45780=SURFACE_SIDE_STYLE('',(#45770));
#45790=SURFACE_STYLE_USAGE(.BOTH.,#45780);
#45800=PRESENTATION_STYLE_ASSIGNMENT((#45790));
#45810=CARTESIAN_POINT('',(2.67028907719148,47.22499935182,
48.7543209981769));
#45820=DIRECTION('',(-8.82920111229658E-11,-1.,1.25563587588748E-11));
#45830=DIRECTION('',(-1.,8.82920111230119E-11,3.67338915424028E-12));
#45840=AXIS2_PLACEMENT_3D('',#45810,#45820,#45830);
#45850=PLANE('',#45840);
#45860=ORIENTED_EDGE('',*,*,#45680,.T.);
#45870=ORIENTED_EDGE('',*,*,#43690,.T.);
#45880=CARTESIAN_POINT('',(2.67028907719148,47.22499935182,
48.7543209981769));
#45890=DIRECTION('',(3.6733891553489E-12,1.25563587585505E-11,1.));
#45900=VECTOR('',#45890,1.);
#45910=LINE('',#45880,#45900);
#45920=EDGE_CURVE('',#43600,#27620,#45910,.T.);
#45930=ORIENTED_EDGE('',*,*,#45920,.F.);
#45940=ORIENTED_EDGE('',*,*,#27630,.F.);
#45950=EDGE_LOOP('',(#45940,#45930,#45870,#45860));
#45960=FACE_OUTER_BOUND('',#45950,.T.);
#45970=ADVANCED_FACE('',(#45960),#45850,.F.);
#45980=COLOUR_RGB('',0.560784339904785,0.588235318660736,
0.600000023841858);
#45990=FILL_AREA_STYLE_COLOUR('',#45980);
#46000=FILL_AREA_STYLE('',(#45990));
#46010=SURFACE_STYLE_FILL_AREA(#46000);
#46020=SURFACE_SIDE_STYLE('',(#46010));
#46030=SURFACE_STYLE_USAGE(.BOTH.,#46020);
#46040=PRESENTATION_STYLE_ASSIGNMENT((#46030));
#46050=CARTESIAN_POINT('',(3.80568172670581,48.3603920011339,
48.7543209981584));
#46060=DIRECTION('',(0.707106781124116,-0.707106781248979,
6.28120804451107E-12));
#46070=DIRECTION('',(-0.707106781248979,-0.707106781124116,
1.14761648063119E-11));
#46080=AXIS2_PLACEMENT_3D('',#46050,#46060,#46070);
#46090=PLANE('',#46080);
#46100=ORIENTED_EDGE('',*,*,#45920,.T.);
#46110=ORIENTED_EDGE('',*,*,#43610,.F.);
#46120=CARTESIAN_POINT('',(3.80568172670581,48.3603920011339,
48.7543209981584));
#46130=DIRECTION('',(3.6733891553489E-12,1.25563587585505E-11,1.));
#46140=VECTOR('',#46130,1.);
#46150=LINE('',#46120,#46140);
#46160=EDGE_CURVE('',#43520,#27700,#46150,.T.);
#46170=ORIENTED_EDGE('',*,*,#46160,.F.);
#46180=ORIENTED_EDGE('',*,*,#27710,.F.);
#46190=EDGE_LOOP('',(#46180,#46170,#46110,#46100));
#46200=FACE_OUTER_BOUND('',#46190,.T.);
#46210=ADVANCED_FACE('',(#46200),#46090,.F.);
#46220=COLOUR_RGB('',0.560784339904785,0.588235318660736,
0.600000023841858);
#46230=FILL_AREA_STYLE_COLOUR('',#46220);
#46240=FILL_AREA_STYLE('',(#46230));
#46250=SURFACE_STYLE_FILL_AREA(#46240);
#46260=SURFACE_SIDE_STYLE('',(#46250));
#46270=SURFACE_STYLE_USAGE(.BOTH.,#46260);
#46280=PRESENTATION_STYLE_ASSIGNMENT((#46270));
#46290=CARTESIAN_POINT('',(3.80568172676449,49.024999650146,
48.7543209981501));
#46300=DIRECTION('',(1.,-8.82909767142815E-11,-3.67338915424029E-12));
#46310=DIRECTION('',(-8.82909767142354E-11,-1.,1.25563587588748E-11));
#46320=AXIS2_PLACEMENT_3D('',#46290,#46300,#46310);
#46330=PLANE('',#46320);
#46340=ORIENTED_EDGE('',*,*,#46160,.T.);
#46350=ORIENTED_EDGE('',*,*,#43530,.T.);
#46360=CARTESIAN_POINT('',(3.80568172676449,49.024999650146,
48.7543209981501));
#46370=DIRECTION('',(3.6733891553489E-12,1.25563587585505E-11,1.));
#46380=VECTOR('',#46370,1.);
#46390=LINE('',#46360,#46380);
#46400=EDGE_CURVE('',#43440,#27780,#46390,.T.);
#46410=ORIENTED_EDGE('',*,*,#46400,.F.);
#46420=ORIENTED_EDGE('',*,*,#27790,.F.);
#46430=EDGE_LOOP('',(#46420,#46410,#46350,#46340));
#46440=FACE_OUTER_BOUND('',#46430,.T.);
#46450=ADVANCED_FACE('',(#46440),#46330,.F.);
#46460=COLOUR_RGB('',0.560784339904785,0.588235318660736,
0.600000023841858);
#46470=FILL_AREA_STYLE_COLOUR('',#46460);
#46480=FILL_AREA_STYLE('',(#46470));
#46490=SURFACE_STYLE_FILL_AREA(#46480);
#46500=SURFACE_SIDE_STYLE('',(#46490));
#46510=SURFACE_STYLE_USAGE(.BOTH.,#46500);
#46520=PRESENTATION_STYLE_ASSIGNMENT((#46510));
#46530=CARTESIAN_POINT('',(6.34431828853073,49.0249996498723,
48.7543209981407));
#46540=DIRECTION('',(-8.82563009940862E-11,-1.,1.25563587588747E-11));
#46550=DIRECTION('',(-1.,8.82563009941324E-11,3.67338915424072E-12));
#46560=AXIS2_PLACEMENT_3D('',#46530,#46540,#46550);
#46570=PLANE('',#46560);
#46580=ORIENTED_EDGE('',*,*,#46400,.T.);
#46590=ORIENTED_EDGE('',*,*,#43450,.F.);
#46600=CARTESIAN_POINT('',(6.34431828853073,49.0249996498723,
48.7543209981407));
#46610=DIRECTION('',(3.6733891553489E-12,1.25563587585505E-11,1.));
#46620=VECTOR('',#46610,1.);
#46630=LINE('',#46600,#46620);
#46640=EDGE_CURVE('',#43360,#27860,#46630,.T.);
#46650=ORIENTED_EDGE('',*,*,#46640,.F.);
#46660=ORIENTED_EDGE('',*,*,#27870,.F.);
#46670=EDGE_LOOP('',(#46660,#46650,#46590,#46580));
#46680=FACE_OUTER_BOUND('',#46670,.T.);
#46690=ADVANCED_FACE('',(#46680),#46570,.F.);
#46700=COLOUR_RGB('',0.560784339904785,0.588235318660736,
0.600000023841858);
#46710=FILL_AREA_STYLE_COLOUR('',#46700);
#46720=FILL_AREA_STYLE('',(#46710));
#46730=SURFACE_STYLE_FILL_AREA(#46720);
#46740=SURFACE_SIDE_STYLE('',(#46730));
#46750=SURFACE_STYLE_USAGE(.BOTH.,#46740);
#46760=PRESENTATION_STYLE_ASSIGNMENT((#46750));
#46770=CARTESIAN_POINT('',(6.34431828847206,48.3603920009518,
48.7543209981491));
#46780=DIRECTION('',(-1.,8.82922752049198E-11,3.67338915424027E-12));
#46790=DIRECTION('',(8.82922752048736E-11,1.,-1.25563587588748E-11));
#46800=AXIS2_PLACEMENT_3D('',#46770,#46780,#46790);
#46810=PLANE('',#46800);
#46820=ORIENTED_EDGE('',*,*,#46640,.T.);
#46830=ORIENTED_EDGE('',*,*,#43370,.T.);
#46840=CARTESIAN_POINT('',(6.34431828847206,48.3603920009518,
48.7543209981491));
#46850=DIRECTION('',(3.6733891553489E-12,1.25563587585505E-11,1.));
#46860=VECTOR('',#46850,1.);
#46870=LINE('',#46840,#46860);
#46880=EDGE_CURVE('',#43280,#27940,#46870,.T.);
#46890=ORIENTED_EDGE('',*,*,#46880,.F.);
#46900=ORIENTED_EDGE('',*,*,#27950,.F.);
#46910=EDGE_LOOP('',(#46900,#46890,#46830,#46820));
#46920=FACE_OUTER_BOUND('',#46910,.T.);
#46930=ADVANCED_FACE('',(#46920),#46810,.F.);
#46940=COLOUR_RGB('',0.560784339904785,0.588235318660736,
0.600000023841858);
#46950=FILL_AREA_STYLE_COLOUR('',#46940);
#46960=FILL_AREA_STYLE('',(#46950));
#46970=SURFACE_STYLE_FILL_AREA(#46960);
#46980=SURFACE_SIDE_STYLE('',(#46970));
#46990=SURFACE_STYLE_USAGE(.BOTH.,#46980);
#47000=PRESENTATION_STYLE_ASSIGNMENT((#46990));
#47010=CARTESIAN_POINT('',(7.47971093782795,47.2249993513954,
48.7543209981592));
#47020=DIRECTION('',(-0.707106781248979,-0.707106781124116,
1.14761648063119E-11));
#47030=DIRECTION('',(-0.707106781124116,0.707106781248979,
-6.28120804451107E-12));
#47040=AXIS2_PLACEMENT_3D('',#47010,#47020,#47030);
#47050=PLANE('',#47040);
#47060=ORIENTED_EDGE('',*,*,#46880,.T.);
#47070=ORIENTED_EDGE('',*,*,#43290,.T.);
#47080=CARTESIAN_POINT('',(7.47971093782795,47.2249993513954,
48.7543209981592));
#47090=DIRECTION('',(3.6733891553489E-12,1.25563587585505E-11,1.));
#47100=VECTOR('',#47090,1.);
#47110=LINE('',#47080,#47100);
#47120=EDGE_CURVE('',#43200,#28020,#47110,.T.);
#47130=ORIENTED_EDGE('',*,*,#47120,.F.);
#47140=ORIENTED_EDGE('',*,*,#28030,.F.);
#47150=EDGE_LOOP('',(#47140,#47130,#47070,#47060));
#47160=FACE_OUTER_BOUND('',#47150,.T.);
#47170=ADVANCED_FACE('',(#47160),#47050,.F.);
#47180=COLOUR_RGB('',0.560784339904785,0.588235318660736,
0.600000023841858);
#47190=FILL_AREA_STYLE_COLOUR('',#47180);
#47200=FILL_AREA_STYLE('',(#47190));
#47210=SURFACE_STYLE_FILL_AREA(#47200);
#47220=SURFACE_SIDE_STYLE('',(#47210));
#47230=SURFACE_STYLE_USAGE(.BOTH.,#47220);
#47240=PRESENTATION_STYLE_ASSIGNMENT((#47230));
#47250=CARTESIAN_POINT('',(9.02500008967613,47.224999351259,
48.7543209981535));
#47260=DIRECTION('',(-8.82920111229658E-11,-1.,1.25563587588748E-11));
#47270=DIRECTION('',(-1.,8.82920111230119E-11,3.67338915424028E-12));
#47280=AXIS2_PLACEMENT_3D('',#47250,#47260,#47270);
#47290=PLANE('',#47280);
#47300=ORIENTED_EDGE('',*,*,#47120,.T.);
#47310=ORIENTED_EDGE('',*,*,#43210,.T.);
#47320=CARTESIAN_POINT('',(9.30000005553459,47.2249993507047,
6.54999999646175));
#47330=DIRECTION('',(1.66531707334454E-16,1.25563587588748E-11,1.));
#47340=VECTOR('',#47330,1.);
#47350=LINE('',#47320,#47340);
#47360=EDGE_CURVE('',#43180,#28100,#47350,.T.);
#47370=ORIENTED_EDGE('',*,*,#47360,.F.);
#47380=ORIENTED_EDGE('',*,*,#28110,.F.);
#47390=EDGE_LOOP('',(#47380,#47370,#47310,#47300));
#47400=FACE_OUTER_BOUND('',#47390,.T.);
#47410=ADVANCED_FACE('',(#47400),#47290,.F.);
#47420=COLOUR_RGB('',0.560784339904785,0.588235318660736,
0.600000023841858);
#47430=FILL_AREA_STYLE_COLOUR('',#47420);
#47440=FILL_AREA_STYLE('',(#47430));
#47450=SURFACE_STYLE_FILL_AREA(#47440);
#47460=SURFACE_SIDE_STYLE('',(#47450));
#47470=SURFACE_STYLE_USAGE(.BOTH.,#47460);
#47480=PRESENTATION_STYLE_ASSIGNMENT((#47470));
#47490=CARTESIAN_POINT('',(9.30000005554999,47.0499992700206,
48.7999999904735));
#47500=DIRECTION('',(1.,8.79218330439823E-11,-1.66532811312841E-16));
#47510=DIRECTION('',(8.79218330439823E-11,-1.,-6.85720924424431E-12));
#47520=AXIS2_PLACEMENT_3D('',#47490,#47500,#47510);
#47530=PLANE('',#47520);
#47540=ORIENTED_EDGE('',*,*,#47360,.T.);
#47550=ORIENTED_EDGE('',*,*,#44230,.F.);
#47560=CARTESIAN_POINT('',(9.30000005427292,61.5749989941047,
6.54999999646729));
#47570=DIRECTION('',(-1.66531707334454E-16,-1.25563587588748E-11,-1.));
#47580=VECTOR('',#47570,1.);
#47590=LINE('',#47560,#47580);
#47600=CARTESIAN_POINT('',(9.30000005427292,61.5749989946352,
48.7999999984858));
#47610=VERTEX_POINT('',#47600);
#47620=EDGE_CURVE('',#47610,#44160,#47590,.T.);
#47630=ORIENTED_EDGE('',*,*,#47620,.T.);
#47640=CARTESIAN_POINT('',(9.30000005613031,40.4495488907825,
48.7999999983409));
#47650=DIRECTION('',(8.79218330439823E-11,-1.,-6.85679291128405E-12));
#47660=VECTOR('',#47650,1.);
#47670=LINE('',#47640,#47660);
#47680=CARTESIAN_POINT('',(9.30000005425754,61.7500003922923,
48.799999998487));
#47690=VERTEX_POINT('',#47680);
#47700=EDGE_CURVE('',#47690,#47610,#47670,.T.);
#47710=ORIENTED_EDGE('',*,*,#47700,.T.);
#47720=CARTESIAN_POINT('',(9.30000005425753,61.7500004024517,
6.54999999646735));
#47730=DIRECTION('',(-1.6655395294137E-16,2.40459568924046E-10,-1.));
#47740=VECTOR('',#47730,1.);
#47750=LINE('',#47720,#47740);
#47760=CARTESIAN_POINT('',(9.30000005425754,61.7500003882913,
65.4388209670608));
#47770=VERTEX_POINT('',#47760);
#47780=EDGE_CURVE('',#47770,#47690,#47750,.T.);
#47790=ORIENTED_EDGE('',*,*,#47780,.T.);
#47800=CARTESIAN_POINT('',(9.30000005614203,40.3162224235551,
6.54999999645908));
#47810=DIRECTION('',(3.00708704829581E-11,-0.342020143331387,
-0.939692620783827));
#47820=VECTOR('',#47810,1.);
#47830=LINE('',#47800,#47820);
#47840=EDGE_CURVE('',#47770,#27390,#47830,.T.);
#47850=ORIENTED_EDGE('',*,*,#47840,.F.);
#47860=ORIENTED_EDGE('',*,*,#28170,.F.);
#47870=EDGE_LOOP('',(#47860,#47850,#47790,#47710,#47630,#47550,#47540));
#47880=FACE_OUTER_BOUND('',#47870,.T.);
#47890=ADVANCED_FACE('',(#47880),#47530,.F.);
#47900=COLOUR_RGB('',0.560784339904785,0.588235318660736,
0.600000023841858);
#47910=FILL_AREA_STYLE_COLOUR('',#47900);
#47920=FILL_AREA_STYLE('',(#47910));
#47930=SURFACE_STYLE_FILL_AREA(#47920);
#47940=SURFACE_SIDE_STYLE('',(#47930));
#47950=SURFACE_STYLE_USAGE(.BOTH.,#47940);
#47960=PRESENTATION_STYLE_ASSIGNMENT((#47950));
#47970=CARTESIAN_POINT('',(6.34431828963867,61.5749989948956,
48.7543209979832));
#47980=DIRECTION('',(8.82918170333405E-11,1.,-1.25563587588748E-11));
#47990=DIRECTION('',(1.,-8.82918170333866E-11,-3.67338915424028E-12));
#48000=AXIS2_PLACEMENT_3D('',#47970,#47980,#47990);
#48010=PLANE('',#48000);
#48020=ORIENTED_EDGE('',*,*,#47620,.F.);
#48030=ORIENTED_EDGE('',*,*,#44170,.F.);
#48040=CARTESIAN_POINT('',(6.34431828963867,61.5749989948956,
48.7543209979832));
#48050=DIRECTION('',(3.6733891553489E-12,1.25563587585505E-11,1.));
#48060=VECTOR('',#48050,1.);
#48070=LINE('',#48040,#48060);
#48080=CARTESIAN_POINT('',(6.34431828963884,61.5749989948962,
48.7999999984874));
#48090=VERTEX_POINT('',#48080);
#48100=EDGE_CURVE('',#44080,#48090,#48070,.T.);
#48110=ORIENTED_EDGE('',*,*,#48100,.F.);
#48120=CARTESIAN_POINT('',(10.1499999999329,61.5749989945601,
48.7999999984853));
#48130=DIRECTION('',(-1.,8.82918170333474E-11,5.47177615472353E-13));
#48140=VECTOR('',#48130,1.);
#48150=LINE('',#48120,#48140);
#48160=EDGE_CURVE('',#47610,#48090,#48150,.T.);
#48170=ORIENTED_EDGE('',*,*,#48160,.T.);
#48180=EDGE_LOOP('',(#48170,#48110,#48030,#48020));
#48190=FACE_OUTER_BOUND('',#48180,.T.);
#48200=ADVANCED_FACE('',(#48190),#48010,.F.);
#48210=COLOUR_RGB('',0.560784339904785,0.588235318660736,
0.600000023841858);
#48220=FILL_AREA_STYLE_COLOUR('',#48210);
#48230=FILL_AREA_STYLE('',(#48220));
#48240=SURFACE_STYLE_FILL_AREA(#48230);
#48250=SURFACE_SIDE_STYLE('',(#48240));
#48260=SURFACE_STYLE_USAGE(.BOTH.,#48250);
#48270=PRESENTATION_STYLE_ASSIGNMENT((#48260));
#48280=CARTESIAN_POINT('',(6.3443182895385,60.4404311698635,
48.7543209979974));
#48290=DIRECTION('',(-1.,8.82922752049198E-11,3.67338915424027E-12));
#48300=DIRECTION('',(8.82922752048736E-11,1.,-1.25563587588748E-11));
#48310=AXIS2_PLACEMENT_3D('',#48280,#48290,#48300);
#48320=PLANE('',#48310);
#48330=CARTESIAN_POINT('',(6.34431828777362,40.4495488907771,
48.7999999983405));
#48340=DIRECTION('',(8.82922752049449E-11,1.,6.85679291118544E-12));
#48350=VECTOR('',#48340,1.);
#48360=LINE('',#48330,#48350);
#48370=EDGE_CURVE('',#44450,#48090,#48360,.T.);
#48380=ORIENTED_EDGE('',*,*,#48370,.F.);
#48390=ORIENTED_EDGE('',*,*,#48100,.T.);
#48400=ORIENTED_EDGE('',*,*,#44090,.T.);
#48410=ORIENTED_EDGE('',*,*,#44460,.F.);
#48420=EDGE_LOOP('',(#48410,#48400,#48390,#48380));
#48430=FACE_OUTER_BOUND('',#48420,.T.);
#48440=ADVANCED_FACE('',(#48430),#48320,.F.);
#48450=COLOUR_RGB('',0.560784339904785,0.588235318660736,
0.600000023841858);
#48460=FILL_AREA_STYLE_COLOUR('',#48450);
#48470=FILL_AREA_STYLE('',(#48460));
#48480=SURFACE_STYLE_FILL_AREA(#48470);
#48490=SURFACE_SIDE_STYLE('',(#48480));
#48500=SURFACE_STYLE_USAGE(.BOTH.,#48490);
#48510=PRESENTATION_STYLE_ASSIGNMENT((#48500));
#48520=CARTESIAN_POINT('',(7.71719753333973,17.5999998814305,
48.7543209985303));
#48530=DIRECTION('',(3.6733891553489E-12,1.25563587585505E-11,1.));
#48540=DIRECTION('',(8.82563009940862E-11,1.,-1.25563587588747E-11));
#48550=AXIS2_PLACEMENT_3D('',#48520,#48530,#48540);
#48560=PLANE('',#48550);
#48570=CARTESIAN_POINT('',(6.51776186284237,28.0996706629783,
48.7543209984029));
#48580=DIRECTION('',(8.42348373087203E-11,1.,-1.25563587588599E-11));
#48590=VECTOR('',#48580,1.);
#48600=LINE('',#48570,#48590);
#48610=CARTESIAN_POINT('',(6.51776186194211,17.4123365996728,
48.7543209985371));
#48620=VERTEX_POINT('',#48610);
#48630=CARTESIAN_POINT('',(6.51776186197373,17.7876634062119,
48.7543209985323));
#48640=VERTEX_POINT('',#48630);
#48650=EDGE_CURVE('',#48620,#48640,#48600,.T.);
#48660=ORIENTED_EDGE('',*,*,#48650,.F.);
#48670=CARTESIAN_POINT('',(16.8297691196466,28.0996706620682,
48.754320998365));
#48680=DIRECTION('',(0.707106781248828,0.707106781124268,
-1.14761820930267E-11));
#48690=VECTOR('',#48680,1.);
#48700=LINE('',#48670,#48690);
#48710=CARTESIAN_POINT('',(8.86758737221551,20.1374889160398,
48.7543209984942));
#48720=VERTEX_POINT('',#48710);
#48730=EDGE_CURVE('',#48640,#48720,#48700,.T.);
#48740=ORIENTED_EDGE('',*,*,#48730,.F.);
#48750=CARTESIAN_POINT('',(-36.4188683150587,20.1374889200521,
48.7543209986606));
#48760=DIRECTION('',(1.,-8.86003348631679E-11,-3.67338915423641E-12));
#48770=VECTOR('',#48760,1.);
#48780=LINE('',#48750,#48770);
#48790=CARTESIAN_POINT('',(6.35739044844528,20.1374889162622,
48.7543209985034));
#48800=VERTEX_POINT('',#48790);
#48810=EDGE_CURVE('',#48800,#48720,#48780,.T.);
#48820=ORIENTED_EDGE('',*,*,#48810,.T.);
#48830=CARTESIAN_POINT('',(-36.4188683188339,-22.6387698434512,
48.7543209991977));
#48840=DIRECTION('',(-0.707106781249081,-0.707106781124014,
1.14761820930266E-11));
#48850=VECTOR('',#48840,1.);
#48860=LINE('',#48830,#48850);
#48870=CARTESIAN_POINT('',(5.26266298859005,19.0427614566005,
48.7543209985212));
#48880=VERTEX_POINT('',#48870);
#48890=EDGE_CURVE('',#48800,#48880,#48860,.T.);
#48900=ORIENTED_EDGE('',*,*,#48890,.F.);
#48910=CARTESIAN_POINT('',(-36.4188683151553,19.0427467666312,
48.7543209986743));
#48920=DIRECTION('',(0.999999999999938,3.52433533906675E-7,
-3.67339358062517E-12));
#48930=VECTOR('',#48920,1.);
#48940=LINE('',#48910,#48930);
#48950=CARTESIAN_POINT('',(4.8873371375798,19.0427613243231,
48.7543209985226));
#48960=VERTEX_POINT('',#48950);
#48970=EDGE_CURVE('',#48960,#48880,#48940,.T.);
#48980=ORIENTED_EDGE('',*,*,#48970,.T.);
#48990=CARTESIAN_POINT('',(-4.16957220041891,28.0996706639216,
48.7543209984421));
#49000=DIRECTION('',(-0.707106781124099,0.707106781248996,
-6.28122582004068E-12));
#49010=VECTOR('',#49000,1.);
#49020=LINE('',#48990,#49010);
#49030=CARTESIAN_POINT('',(3.79260954560689,20.1374889164894,
48.7543209985129));
#49040=VERTEX_POINT('',#49030);
#49050=EDGE_CURVE('',#48960,#49040,#49020,.T.);
#49060=ORIENTED_EDGE('',*,*,#49050,.F.);
#49070=CARTESIAN_POINT('',(-36.4188683150587,20.1374889200521,
48.7543209986606));
#49080=DIRECTION('',(-1.,8.86003348631679E-11,3.67338915423641E-12));
#49090=VECTOR('',#49080,1.);
#49100=LINE('',#49070,#49090);
#49110=CARTESIAN_POINT('',(1.2824126218325,20.1374889167118,
48.7543209985221));
#49120=VERTEX_POINT('',#49110);
#49130=EDGE_CURVE('',#49040,#49120,#49100,.T.);
#49140=ORIENTED_EDGE('',*,*,#49130,.F.);
#49150=CARTESIAN_POINT('',(-36.4188683117313,57.8387698569259,
48.7543209981872));
#49160=DIRECTION('',(0.707106781124183,-0.707106781248912,
6.28122582004258E-12));
#49170=VECTOR('',#49160,1.);
#49180=LINE('',#49150,#49170);
#49190=CARTESIAN_POINT('',(3.63223908717984,17.78766245095,
48.7543209985429));
#49200=VERTEX_POINT('',#49190);
#49210=EDGE_CURVE('',#49120,#49200,#49180,.T.);
#49220=ORIENTED_EDGE('',*,*,#49210,.F.);
#49230=CARTESIAN_POINT('',(3.63223908813121,28.099670663233,
48.7543209984135));
#49240=DIRECTION('',(-9.22584467988324E-11,-1.,1.25563587588894E-11));
#49250=VECTOR('',#49240,1.);
#49260=LINE('',#49230,#49250);
#49270=CARTESIAN_POINT('',(3.63223908714521,17.4123375554441,
48.7543209985477));
#49280=VERTEX_POINT('',#49270);
#49290=EDGE_CURVE('',#49200,#49280,#49260,.T.);
#49300=ORIENTED_EDGE('',*,*,#49290,.F.);
#49310=CARTESIAN_POINT('',(-36.4188683188339,-22.6387698434512,
48.7543209991977));
#49320=DIRECTION('',(-0.707106781249081,-0.707106781124014,
1.14761820930266E-11));
#49330=VECTOR('',#49320,1.);
#49340=LINE('',#49310,#49330);
#49350=CARTESIAN_POINT('',(1.28241262142773,15.0625110901422,
48.7543209985858));
#49360=VERTEX_POINT('',#49350);
#49370=EDGE_CURVE('',#49280,#49360,#49340,.T.);
#49380=ORIENTED_EDGE('',*,*,#49370,.F.);
#49390=CARTESIAN_POINT('',(-36.4188683155066,15.0625110934566,
48.7543209987243));
#49400=DIRECTION('',(1.,-8.79122671250637E-11,-3.67338915424505E-12));
#49410=VECTOR('',#49400,1.);
#49420=LINE('',#49390,#49410);
#49430=CARTESIAN_POINT('',(3.79260954520332,15.0625110899215,
48.7543209985766));
#49440=VERTEX_POINT('',#49430);
#49450=EDGE_CURVE('',#49360,#49440,#49420,.T.);
#49460=ORIENTED_EDGE('',*,*,#49450,.F.);
#49470=CARTESIAN_POINT('',(16.8297691196466,28.0996706620682,
48.754320998365));
#49480=DIRECTION('',(0.707106781248828,0.707106781124268,
-1.14761820930267E-11));
#49490=VECTOR('',#49480,1.);
#49500=LINE('',#49470,#49490);
#49510=CARTESIAN_POINT('',(4.88733713731293,16.1572386818383,
48.7543209985588));
#49520=VERTEX_POINT('',#49510);
#49530=EDGE_CURVE('',#49440,#49520,#49500,.T.);
#49540=ORIENTED_EDGE('',*,*,#49530,.F.);
#49550=CARTESIAN_POINT('',(-36.4188683154099,16.1572532466565,
48.7543209987105));
#49560=DIRECTION('',(-0.999999999999938,3.5260605486843E-7,
3.67338472791066E-12));
#49570=VECTOR('',#49560,1.);
#49580=LINE('',#49550,#49570);
#49590=CARTESIAN_POINT('',(5.26266298834614,16.1572385494961,
48.7543209985574));
#49600=VERTEX_POINT('',#49590);
#49610=EDGE_CURVE('',#49600,#49520,#49580,.T.);
#49620=ORIENTED_EDGE('',*,*,#49610,.T.);
#49630=CARTESIAN_POINT('',(-36.4188683117313,57.8387698569259,
48.7543209981872));
#49640=DIRECTION('',(0.707106781124183,-0.707106781248912,
6.28122582004258E-12));
#49650=VECTOR('',#49640,1.);
#49660=LINE('',#49630,#49650);
#49670=CARTESIAN_POINT('',(6.35739044795305,15.0625110896961,
48.7543209985672));
#49680=VERTEX_POINT('',#49670);
#49690=EDGE_CURVE('',#49600,#49680,#49660,.T.);
#49700=ORIENTED_EDGE('',*,*,#49690,.F.);
#49710=CARTESIAN_POINT('',(-36.4188683155066,15.0625110934566,
48.7543209987243));
#49720=DIRECTION('',(1.,-8.79122671250637E-11,-3.67338915424505E-12));
#49730=VECTOR('',#49720,1.);
#49740=LINE('',#49710,#49730);
#49750=CARTESIAN_POINT('',(8.86758737172449,15.0625110894754,
48.7543209985579));
#49760=VERTEX_POINT('',#49750);
#49770=EDGE_CURVE('',#49680,#49760,#49740,.T.);
#49780=ORIENTED_EDGE('',*,*,#49770,.F.);
#49790=CARTESIAN_POINT('',(-4.16957220041891,28.0996706639216,
48.7543209984421));
#49800=DIRECTION('',(0.707106781124099,-0.707106781248996,
6.28122582004068E-12));
#49810=VECTOR('',#49800,1.);
#49820=LINE('',#49790,#49810);
#49830=EDGE_CURVE('',#48620,#49760,#49820,.T.);
#49840=ORIENTED_EDGE('',*,*,#49830,.T.);
#49850=EDGE_LOOP('',(#49840,#49780,#49700,#49620,#49540,#49460,#49380,
#49300,#49220,#49140,#49060,#48980,#48900,#48820,#48740,#48660));
#49860=FACE_BOUND('',#49850,.T.);
#49870=CARTESIAN_POINT('',(-36.4188683159159,10.4250000636271,
48.7543209987825));
#49880=DIRECTION('',(1.,-8.82918170333866E-11,-3.67338915424028E-12));
#49890=VECTOR('',#49880,1.);
#49900=LINE('',#49870,#49890);
#49910=CARTESIAN_POINT('',(6.34431826872845,10.4250000598515,
48.7543209986254));
#49920=VERTEX_POINT('',#49910);
#49930=CARTESIAN_POINT('',(9.30000004969114,10.4250000595905,
48.7543209986146));
#49940=VERTEX_POINT('',#49930);
#49950=EDGE_CURVE('',#49920,#49940,#49900,.T.);
#49960=ORIENTED_EDGE('',*,*,#49950,.T.);
#49970=CARTESIAN_POINT('',(6.34431827028896,28.099670662995,
48.7543209984035));
#49980=DIRECTION('',(8.82909767142354E-11,1.,-1.25563587588748E-11));
#49990=VECTOR('',#49980,1.);
#50000=LINE('',#49970,#49990);
#50010=CARTESIAN_POINT('',(6.34431826882862,11.5595678849341,
48.7543209986112));
#50020=VERTEX_POINT('',#50010);
#50030=EDGE_CURVE('',#49920,#50020,#50000,.T.);
#50040=ORIENTED_EDGE('',*,*,#50030,.F.);
#50050=CARTESIAN_POINT('',(-36.4188683158157,11.5595678887059,
48.7543209987683));
#50060=DIRECTION('',(-1.,8.82916259596269E-11,3.67338915424028E-12));
#50070=VECTOR('',#50060,1.);
#50080=LINE('',#50050,#50070);
#50090=CARTESIAN_POINT('',(3.80568170706266,11.5595678851582,
48.7543209986205));
#50100=VERTEX_POINT('',#50090);
#50110=EDGE_CURVE('',#50020,#50100,#50080,.T.);
#50120=ORIENTED_EDGE('',*,*,#50110,.F.);
#50130=CARTESIAN_POINT('',(3.80568170852302,28.099670663219,
48.7543209984128));
#50140=DIRECTION('',(-8.82922752048736E-11,-1.,1.25563587588748E-11));
#50150=VECTOR('',#50140,1.);
#50160=LINE('',#50130,#50150);
#50170=CARTESIAN_POINT('',(3.80568170696248,10.4250000600756,
48.7543209986348));
#50180=VERTEX_POINT('',#50170);
#50190=EDGE_CURVE('',#50100,#50180,#50160,.T.);
#50200=ORIENTED_EDGE('',*,*,#50190,.F.);
#50210=CARTESIAN_POINT('',(-36.4188683159159,10.4250000636271,
48.7543209987825));
#50220=DIRECTION('',(1.,-8.82918170333866E-11,-3.67338915424028E-12));
#50230=VECTOR('',#50220,1.);
#50240=LINE('',#50210,#50230);
#50250=CARTESIAN_POINT('',(0.849999716357795,10.4250000603366,
48.7543209986456));
#50260=VERTEX_POINT('',#50250);
#50270=EDGE_CURVE('',#50260,#50180,#50240,.T.);
#50280=ORIENTED_EDGE('',*,*,#50270,.T.);
#50290=CARTESIAN_POINT('',(0.849999716991292,17.599999805303,
48.7543209985555));
#50300=DIRECTION('',(8.82918170333405E-11,1.,-1.25563587588748E-11));
#50310=VECTOR('',#50300,1.);
#50320=LINE('',#50290,#50310);
#50330=CARTESIAN_POINT('',(0.849999717624783,24.7749997037365,
48.7543209984654));
#50340=VERTEX_POINT('',#50330);
#50350=EDGE_CURVE('',#50260,#50340,#50320,.T.);
#50360=ORIENTED_EDGE('',*,*,#50350,.F.);
#50370=CARTESIAN_POINT('',(-36.4188683146494,24.7749997070271,
48.7543209986023));
#50380=DIRECTION('',(1.,-8.82920111230119E-11,-3.67338915424028E-12));
#50390=VECTOR('',#50380,1.);
#50400=LINE('',#50370,#50390);
#50410=CARTESIAN_POINT('',(2.6702890587732,24.7749997035758,
48.7543209984587));
#50420=VERTEX_POINT('',#50410);
#50430=EDGE_CURVE('',#50340,#50420,#50400,.T.);
#50440=ORIENTED_EDGE('',*,*,#50430,.F.);
#50450=CARTESIAN_POINT('',(-0.795803256901349,28.2410920198624,
48.754320998428));
#50460=DIRECTION('',(0.707106781124116,-0.707106781248979,
6.28120804451107E-12));
#50470=VECTOR('',#50460,1.);
#50480=LINE('',#50450,#50470);
#50490=CARTESIAN_POINT('',(3.8056817081291,23.6396070540194,
48.7543209984688));
#50500=VERTEX_POINT('',#50490);
#50510=EDGE_CURVE('',#50420,#50500,#50480,.T.);
#50520=ORIENTED_EDGE('',*,*,#50510,.F.);
#50530=CARTESIAN_POINT('',(3.80568170852289,28.099670663219,
48.7543209984128));
#50540=DIRECTION('',(-8.82922752048736E-11,-1.,1.25563587588748E-11));
#50550=VECTOR('',#50540,1.);
#50560=LINE('',#50530,#50550);
#50570=CARTESIAN_POINT('',(3.80568170807042,22.9749994050998,
48.7543209984772));
#50580=VERTEX_POINT('',#50570);
#50590=EDGE_CURVE('',#50500,#50580,#50560,.T.);
#50600=ORIENTED_EDGE('',*,*,#50590,.F.);
#50610=CARTESIAN_POINT('',(-36.4188683148082,22.974999408646,
48.7543209986249));
#50620=DIRECTION('',(-1.,8.82563009941324E-11,3.67338915424072E-12));
#50630=VECTOR('',#50620,1.);
#50640=LINE('',#50610,#50630);
#50650=CARTESIAN_POINT('',(6.34431826983667,22.9749994048719,
48.7543209984678));
#50660=VERTEX_POINT('',#50650);
#50670=EDGE_CURVE('',#50660,#50580,#50640,.T.);
#50680=ORIENTED_EDGE('',*,*,#50670,.T.);
#50690=CARTESIAN_POINT('',(6.34431827028913,28.099670662995,
48.7543209984035));
#50700=DIRECTION('',(8.82909767142354E-11,1.,-1.25563587588748E-11));
#50710=VECTOR('',#50700,1.);
#50720=LINE('',#50690,#50710);
#50730=CARTESIAN_POINT('',(6.34431826989534,23.6396070538374,
48.7543209984595));
#50740=VERTEX_POINT('',#50730);
#50750=EDGE_CURVE('',#50660,#50740,#50720,.T.);
#50760=ORIENTED_EDGE('',*,*,#50750,.F.);
#50770=CARTESIAN_POINT('',(-36.5602896747735,-19.2650008832552,
48.7543209991558));
#50780=DIRECTION('',(-0.707106781248979,-0.707106781124116,
1.14761648063119E-11));
#50790=VECTOR('',#50780,1.);
#50800=LINE('',#50770,#50790);
#50810=CARTESIAN_POINT('',(7.47971091940966,24.7749997031512,
48.7543209984411));
#50820=VERTEX_POINT('',#50810);
#50830=EDGE_CURVE('',#50820,#50740,#50800,.T.);
#50840=ORIENTED_EDGE('',*,*,#50830,.T.);
#50850=CARTESIAN_POINT('',(-36.4188683146494,24.7749997070271,
48.7543209986023));
#50860=DIRECTION('',(1.,-8.82920111230119E-11,-3.67338915424028E-12));
#50870=VECTOR('',#50860,1.);
#50880=LINE('',#50850,#50870);
#50890=CARTESIAN_POINT('',(9.30000005095812,24.7749997029905,
48.7543209984344));
#50900=VERTEX_POINT('',#50890);
#50910=EDGE_CURVE('',#50820,#50900,#50880,.T.);
#50920=ORIENTED_EDGE('',*,*,#50910,.F.);
#50930=CARTESIAN_POINT('',(9.30000005031359,17.4749998045571,
48.754320998526));
#50940=DIRECTION('',(-8.82918170333405E-11,-1.,1.25563587588748E-11));
#50950=VECTOR('',#50940,1.);
#50960=LINE('',#50930,#50950);
#50970=EDGE_CURVE('',#50900,#49940,#50960,.T.);
#50980=ORIENTED_EDGE('',*,*,#50970,.F.);
#50990=EDGE_LOOP('',(#50980,#50920,#50840,#50760,#50680,#50600,#50520,
#50440,#50360,#50280,#50200,#50120,#50040,#49960));
#51000=FACE_OUTER_BOUND('',#50990,.T.);
#51010=ADVANCED_FACE('',(#49860,#51000),#48560,.T.);
#51020=COLOUR_RGB('',0.980392217636108,0.517647087574005,
0.168627455830574);
#51030=FILL_AREA_STYLE_COLOUR('',#51020);
#51040=FILL_AREA_STYLE('',(#51030));
#51050=SURFACE_STYLE_FILL_AREA(#51040);
#51060=SURFACE_SIDE_STYLE('',(#51050));
#51070=SURFACE_STYLE_USAGE(.BOTH.,#51060);
#51080=PRESENTATION_STYLE_ASSIGNMENT((#51070));
#51090=CARTESIAN_POINT('',(3.80568170696249,10.4250000600756,
48.7543209986348));
#51100=DIRECTION('',(-8.82918170333405E-11,-1.,1.25563587588748E-11));
#51110=DIRECTION('',(-1.,8.82918170333866E-11,3.67338915424028E-12));
#51120=AXIS2_PLACEMENT_3D('',#51090,#51100,#51110);
#51130=PLANE('',#51120);
#51140=CARTESIAN_POINT('',(0.849999716357795,10.4250000603366,
48.7543209986456));
#51150=DIRECTION('',(3.6733891553489E-12,1.25563587585505E-11,1.));
#51160=VECTOR('',#51150,1.);
#51170=LINE('',#51140,#51160);
#51180=EDGE_CURVE('',#50260,#34590,#51170,.T.);
#51190=ORIENTED_EDGE('',*,*,#51180,.T.);
#51200=ORIENTED_EDGE('',*,*,#50270,.F.);
#51210=CARTESIAN_POINT('',(3.80568170696249,10.4250000600756,
48.7543209986348));
#51220=DIRECTION('',(3.6733891553489E-12,1.25563587585505E-11,1.));
#51230=VECTOR('',#51220,1.);
#51240=LINE('',#51210,#51230);
#51250=EDGE_CURVE('',#50180,#33630,#51240,.T.);
#51260=ORIENTED_EDGE('',*,*,#51250,.F.);
#51270=ORIENTED_EDGE('',*,*,#34660,.F.);
#51280=EDGE_LOOP('',(#51270,#51260,#51200,#51190));
#51290=FACE_OUTER_BOUND('',#51280,.T.);
#51300=ADVANCED_FACE('',(#51290),#51130,.F.);
#51310=COLOUR_RGB('',0.560784339904785,0.588235318660736,
0.600000023841858);
#51320=FILL_AREA_STYLE_COLOUR('',#51310);
#51330=FILL_AREA_STYLE('',(#51320));
#51340=SURFACE_STYLE_FILL_AREA(#51330);
#51350=SURFACE_SIDE_STYLE('',(#51340));
#51360=SURFACE_STYLE_USAGE(.BOTH.,#51350);
#51370=PRESENTATION_STYLE_ASSIGNMENT((#51360));
#51380=CARTESIAN_POINT('',(3.80568170706266,11.5595678851544,
48.7543209986205));
#51390=DIRECTION('',(1.,-8.82922752049197E-11,-3.67338915424027E-12));
#51400=DIRECTION('',(-8.82922752048736E-11,-1.,1.25563587588748E-11));
#51410=AXIS2_PLACEMENT_3D('',#51380,#51390,#51400);
#51420=PLANE('',#51410);
#51430=ORIENTED_EDGE('',*,*,#51250,.T.);
#51440=ORIENTED_EDGE('',*,*,#50190,.T.);
#51450=CARTESIAN_POINT('',(3.80568170706266,11.5595678851544,
48.7543209986205));
#51460=DIRECTION('',(3.6733891553489E-12,1.25563587585505E-11,1.));
#51470=VECTOR('',#51460,1.);
#51480=LINE('',#51450,#51470);
#51490=EDGE_CURVE('',#50100,#33610,#51480,.T.);
#51500=ORIENTED_EDGE('',*,*,#51490,.F.);
#51510=ORIENTED_EDGE('',*,*,#33640,.F.);
#51520=EDGE_LOOP('',(#51510,#51500,#51440,#51430));
#51530=FACE_OUTER_BOUND('',#51520,.T.);
#51540=ADVANCED_FACE('',(#51530),#51420,.F.);
#51550=COLOUR_RGB('',0.560784339904785,0.588235318660736,
0.600000023841858);
#51560=FILL_AREA_STYLE_COLOUR('',#51550);
#51570=FILL_AREA_STYLE('',(#51560));
#51580=SURFACE_STYLE_FILL_AREA(#51570);
#51590=SURFACE_SIDE_STYLE('',(#51580));
#51600=SURFACE_STYLE_USAGE(.BOTH.,#51590);
#51610=PRESENTATION_STYLE_ASSIGNMENT((#51600));
#51620=CARTESIAN_POINT('',(6.34431826882862,11.5595678849341,
48.7543209986112));
#51630=DIRECTION('',(-8.82916259595808E-11,-1.,1.25563587588748E-11));
#51640=DIRECTION('',(-1.,8.82916259596269E-11,3.67338915424028E-12));
#51650=AXIS2_PLACEMENT_3D('',#51620,#51630,#51640);
#51660=PLANE('',#51650);
#51670=ORIENTED_EDGE('',*,*,#51490,.T.);
#51680=ORIENTED_EDGE('',*,*,#50110,.T.);
#51690=CARTESIAN_POINT('',(6.34431826882862,11.5595678849341,
48.7543209986112));
#51700=DIRECTION('',(3.6733891553489E-12,1.25563587585505E-11,1.));
#51710=VECTOR('',#51700,1.);
#51720=LINE('',#51690,#51710);
#51730=EDGE_CURVE('',#50020,#33710,#51720,.T.);
#51740=ORIENTED_EDGE('',*,*,#51730,.F.);
#51750=ORIENTED_EDGE('',*,*,#33720,.F.);
#51760=EDGE_LOOP('',(#51750,#51740,#51680,#51670));
#51770=FACE_OUTER_BOUND('',#51760,.T.);
#51780=ADVANCED_FACE('',(#51770),#51660,.F.);
#51790=COLOUR_RGB('',0.560784339904785,0.588235318660736,
0.600000023841858);
#51800=FILL_AREA_STYLE_COLOUR('',#51790);
#51810=FILL_AREA_STYLE('',(#51800));
#51820=SURFACE_STYLE_FILL_AREA(#51810);
#51830=SURFACE_SIDE_STYLE('',(#51820));
#51840=SURFACE_STYLE_USAGE(.BOTH.,#51830);
#51850=PRESENTATION_STYLE_ASSIGNMENT((#51840));
#51860=CARTESIAN_POINT('',(6.34431826872845,10.4250000598515,
48.7543209986254));
#51870=DIRECTION('',(-1.,8.82909767142815E-11,3.67338915424029E-12));
#51880=DIRECTION('',(8.82909767142354E-11,1.,-1.25563587588748E-11));
#51890=AXIS2_PLACEMENT_3D('',#51860,#51870,#51880);
#51900=PLANE('',#51890);
#51910=ORIENTED_EDGE('',*,*,#51730,.T.);
#51920=ORIENTED_EDGE('',*,*,#50030,.T.);
#51930=CARTESIAN_POINT('',(6.34431826872845,10.4250000598515,
48.7543209986254));
#51940=DIRECTION('',(3.6733891553489E-12,1.25563587585505E-11,1.));
#51950=VECTOR('',#51940,1.);
#51960=LINE('',#51930,#51950);
#51970=EDGE_CURVE('',#49920,#33790,#51960,.T.);
#51980=ORIENTED_EDGE('',*,*,#51970,.F.);
#51990=ORIENTED_EDGE('',*,*,#33800,.F.);
#52000=EDGE_LOOP('',(#51990,#51980,#51920,#51910));
#52010=FACE_OUTER_BOUND('',#52000,.T.);
#52020=ADVANCED_FACE('',(#52010),#51900,.F.);
#52030=COLOUR_RGB('',0.560784339904785,0.588235318660736,
0.600000023841858);
#52040=FILL_AREA_STYLE_COLOUR('',#52030);
#52050=FILL_AREA_STYLE('',(#52040));
#52060=SURFACE_STYLE_FILL_AREA(#52050);
#52070=SURFACE_SIDE_STYLE('',(#52060));
#52080=SURFACE_STYLE_USAGE(.BOTH.,#52070);
#52090=PRESENTATION_STYLE_ASSIGNMENT((#52080));
#52100=CARTESIAN_POINT('',(9.30000004969114,10.4250000595905,
48.7543209986146));
#52110=DIRECTION('',(-8.82918170333405E-11,-1.,1.25563587588748E-11));
#52120=DIRECTION('',(-1.,8.82918170333866E-11,3.67338915424028E-12));
#52130=AXIS2_PLACEMENT_3D('',#52100,#52110,#52120);
#52140=PLANE('',#52130);
#52150=ORIENTED_EDGE('',*,*,#51970,.T.);
#52160=ORIENTED_EDGE('',*,*,#49950,.F.);
#52170=CARTESIAN_POINT('',(9.30000004969114,10.4250000595905,
48.7543209986146));
#52180=DIRECTION('',(3.6733891553489E-12,1.25563587585505E-11,1.));
#52190=VECTOR('',#52180,1.);
#52200=LINE('',#52170,#52190);
#52210=EDGE_CURVE('',#49940,#33870,#52200,.T.);
#52220=ORIENTED_EDGE('',*,*,#52210,.F.);
#52230=ORIENTED_EDGE('',*,*,#33880,.F.);
#52240=EDGE_LOOP('',(#52230,#52220,#52160,#52150));
#52250=FACE_OUTER_BOUND('',#52240,.T.);
#52260=ADVANCED_FACE('',(#52250),#52140,.F.);
#52270=COLOUR_RGB('',0.560784339904785,0.588235318660736,
0.600000023841858);
#52280=FILL_AREA_STYLE_COLOUR('',#52270);
#52290=FILL_AREA_STYLE('',(#52280));
#52300=SURFACE_STYLE_FILL_AREA(#52290);
#52310=SURFACE_SIDE_STYLE('',(#52300));
#52320=SURFACE_STYLE_USAGE(.BOTH.,#52310);
#52330=PRESENTATION_STYLE_ASSIGNMENT((#52320));
#52340=CARTESIAN_POINT('',(9.30000005095812,24.7749997029905,
48.7543209984344));
#52350=DIRECTION('',(1.,-8.82918170333866E-11,-3.67338915424028E-12));
#52360=DIRECTION('',(-8.82918170333405E-11,-1.,1.25563587588748E-11));
#52370=AXIS2_PLACEMENT_3D('',#52340,#52350,#52360);
#52380=PLANE('',#52370);
#52390=ORIENTED_EDGE('',*,*,#52210,.T.);
#52400=ORIENTED_EDGE('',*,*,#50970,.T.);
#52410=CARTESIAN_POINT('',(9.30000005095812,24.7749997029905,
48.7543209984344));
#52420=DIRECTION('',(3.6733891553489E-12,1.25563587585505E-11,1.));
#52430=VECTOR('',#52420,1.);
#52440=LINE('',#52410,#52430);
#52450=EDGE_CURVE('',#50900,#33950,#52440,.T.);
#52460=ORIENTED_EDGE('',*,*,#52450,.F.);
#52470=ORIENTED_EDGE('',*,*,#33960,.F.);
#52480=EDGE_LOOP('',(#52470,#52460,#52400,#52390));
#52490=FACE_OUTER_BOUND('',#52480,.T.);
#52500=ADVANCED_FACE('',(#52490),#52380,.F.);
#52510=COLOUR_RGB('',0.560784339904785,0.588235318660736,
0.600000023841858);
#52520=FILL_AREA_STYLE_COLOUR('',#52510);
#52530=FILL_AREA_STYLE('',(#52520));
#52540=SURFACE_STYLE_FILL_AREA(#52530);
#52550=SURFACE_SIDE_STYLE('',(#52540));
#52560=SURFACE_STYLE_USAGE(.BOTH.,#52550);
#52570=PRESENTATION_STYLE_ASSIGNMENT((#52560));
#52580=CARTESIAN_POINT('',(7.47971091940966,24.7749997031512,
48.7543209984411));
#52590=DIRECTION('',(8.82920111229658E-11,1.,-1.25563587588748E-11));
#52600=DIRECTION('',(1.,-8.82920111230119E-11,-3.67338915424028E-12));
#52610=AXIS2_PLACEMENT_3D('',#52580,#52590,#52600);
#52620=PLANE('',#52610);
#52630=ORIENTED_EDGE('',*,*,#52450,.T.);
#52640=ORIENTED_EDGE('',*,*,#50910,.T.);
#52650=CARTESIAN_POINT('',(7.47971091940966,24.7749997031512,
48.7543209984411));
#52660=DIRECTION('',(3.6733891553489E-12,1.25563587585505E-11,1.));
#52670=VECTOR('',#52660,1.);
#52680=LINE('',#52650,#52670);
#52690=EDGE_CURVE('',#50820,#34030,#52680,.T.);
#52700=ORIENTED_EDGE('',*,*,#52690,.F.);
#52710=ORIENTED_EDGE('',*,*,#34040,.F.);
#52720=EDGE_LOOP('',(#52710,#52700,#52640,#52630));
#52730=FACE_OUTER_BOUND('',#52720,.T.);
#52740=ADVANCED_FACE('',(#52730),#52620,.F.);
#52750=COLOUR_RGB('',0.560784339904785,0.588235318660736,
0.600000023841858);
#52760=FILL_AREA_STYLE_COLOUR('',#52750);
#52770=FILL_AREA_STYLE('',(#52760));
#52780=SURFACE_STYLE_FILL_AREA(#52770);
#52790=SURFACE_SIDE_STYLE('',(#52780));
#52800=SURFACE_STYLE_USAGE(.BOTH.,#52790);
#52810=PRESENTATION_STYLE_ASSIGNMENT((#52800));
#52820=CARTESIAN_POINT('',(6.34431826989534,23.6396070538374,
48.7543209984595));
#52830=DIRECTION('',(-0.707106781124116,0.707106781248979,
-6.28120804451107E-12));
#52840=DIRECTION('',(0.707106781248979,0.707106781124116,
-1.14761648063119E-11));
#52850=AXIS2_PLACEMENT_3D('',#52820,#52830,#52840);
#52860=PLANE('',#52850);
#52870=ORIENTED_EDGE('',*,*,#52690,.T.);
#52880=ORIENTED_EDGE('',*,*,#50830,.F.);
#52890=CARTESIAN_POINT('',(6.34431826989534,23.6396070538374,
48.7543209984595));
#52900=DIRECTION('',(3.6733891553489E-12,1.25563587585505E-11,1.));
#52910=VECTOR('',#52900,1.);
#52920=LINE('',#52890,#52910);
#52930=EDGE_CURVE('',#50740,#34110,#52920,.T.);
#52940=ORIENTED_EDGE('',*,*,#52930,.F.);
#52950=ORIENTED_EDGE('',*,*,#34120,.F.);
#52960=EDGE_LOOP('',(#52950,#52940,#52880,#52870));
#52970=FACE_OUTER_BOUND('',#52960,.T.);
#52980=ADVANCED_FACE('',(#52970),#52860,.F.);
#52990=COLOUR_RGB('',0.560784339904785,0.588235318660736,
0.600000023841858);
#53000=FILL_AREA_STYLE_COLOUR('',#52990);
#53010=FILL_AREA_STYLE('',(#53000));
#53020=SURFACE_STYLE_FILL_AREA(#53010);
#53030=SURFACE_SIDE_STYLE('',(#53020));
#53040=SURFACE_STYLE_USAGE(.BOTH.,#53030);
#53050=PRESENTATION_STYLE_ASSIGNMENT((#53040));
#53060=CARTESIAN_POINT('',(6.34431826983667,22.9749994048719,
48.7543209984678));
#53070=DIRECTION('',(-1.,8.82909767142815E-11,3.67338915424029E-12));
#53080=DIRECTION('',(8.82909767142354E-11,1.,-1.25563587588748E-11));
#53090=AXIS2_PLACEMENT_3D('',#53060,#53070,#53080);
#53100=PLANE('',#53090);
#53110=ORIENTED_EDGE('',*,*,#52930,.T.);
#53120=ORIENTED_EDGE('',*,*,#50750,.T.);
#53130=CARTESIAN_POINT('',(6.34431826983667,22.9749994048719,
48.7543209984678));
#53140=DIRECTION('',(3.6733891553489E-12,1.25563587585505E-11,1.));
#53150=VECTOR('',#53140,1.);
#53160=LINE('',#53130,#53150);
#53170=EDGE_CURVE('',#50660,#34190,#53160,.T.);
#53180=ORIENTED_EDGE('',*,*,#53170,.F.);
#53190=ORIENTED_EDGE('',*,*,#34200,.F.);
#53200=EDGE_LOOP('',(#53190,#53180,#53120,#53110));
#53210=FACE_OUTER_BOUND('',#53200,.T.);
#53220=ADVANCED_FACE('',(#53210),#53100,.F.);
#53230=COLOUR_RGB('',0.560784339904785,0.588235318660736,
0.600000023841858);
#53240=FILL_AREA_STYLE_COLOUR('',#53230);
#53250=FILL_AREA_STYLE('',(#53240));
#53260=SURFACE_STYLE_FILL_AREA(#53250);
#53270=SURFACE_SIDE_STYLE('',(#53260));
#53280=SURFACE_STYLE_USAGE(.BOTH.,#53270);
#53290=PRESENTATION_STYLE_ASSIGNMENT((#53280));
#53300=CARTESIAN_POINT('',(3.80568170807042,22.9749994050998,
48.7543209984772));
#53310=DIRECTION('',(8.82563009940862E-11,1.,-1.25563587588747E-11));
#53320=DIRECTION('',(1.,-8.82563009941324E-11,-3.67338915424072E-12));
#53330=AXIS2_PLACEMENT_3D('',#53300,#53310,#53320);
#53340=PLANE('',#53330);
#53350=ORIENTED_EDGE('',*,*,#53170,.T.);
#53360=ORIENTED_EDGE('',*,*,#50670,.F.);
#53370=CARTESIAN_POINT('',(3.80568170807042,22.9749994050998,
48.7543209984772));
#53380=DIRECTION('',(3.6733891553489E-12,1.25563587585505E-11,1.));
#53390=VECTOR('',#53380,1.);
#53400=LINE('',#53370,#53390);
#53410=EDGE_CURVE('',#50580,#34270,#53400,.T.);
#53420=ORIENTED_EDGE('',*,*,#53410,.F.);
#53430=ORIENTED_EDGE('',*,*,#34280,.F.);
#53440=EDGE_LOOP('',(#53430,#53420,#53360,#53350));
#53450=FACE_OUTER_BOUND('',#53440,.T.);
#53460=ADVANCED_FACE('',(#53450),#53340,.F.);
#53470=COLOUR_RGB('',0.560784339904785,0.588235318660736,
0.600000023841858);
#53480=FILL_AREA_STYLE_COLOUR('',#53470);
#53490=FILL_AREA_STYLE('',(#53480));
#53500=SURFACE_STYLE_FILL_AREA(#53490);
#53510=SURFACE_SIDE_STYLE('',(#53500));
#53520=SURFACE_STYLE_USAGE(.BOTH.,#53510);
#53530=PRESENTATION_STYLE_ASSIGNMENT((#53520));
#53540=CARTESIAN_POINT('',(3.8056817081291,23.6396070540194,
48.7543209984688));
#53550=DIRECTION('',(1.,-8.82922752049197E-11,-3.67338915424027E-12));
#53560=DIRECTION('',(-8.82922752048736E-11,-1.,1.25563587588748E-11));
#53570=AXIS2_PLACEMENT_3D('',#53540,#53550,#53560);
#53580=PLANE('',#53570);
#53590=ORIENTED_EDGE('',*,*,#53410,.T.);
#53600=ORIENTED_EDGE('',*,*,#50590,.T.);
#53610=CARTESIAN_POINT('',(3.8056817081291,23.6396070540194,
48.7543209984688));
#53620=DIRECTION('',(3.6733891553489E-12,1.25563587585505E-11,1.));
#53630=VECTOR('',#53620,1.);
#53640=LINE('',#53610,#53630);
#53650=EDGE_CURVE('',#50500,#34350,#53640,.T.);
#53660=ORIENTED_EDGE('',*,*,#53650,.F.);
#53670=ORIENTED_EDGE('',*,*,#34360,.F.);
#53680=EDGE_LOOP('',(#53670,#53660,#53600,#53590));
#53690=FACE_OUTER_BOUND('',#53680,.T.);
#53700=ADVANCED_FACE('',(#53690),#53580,.F.);
#53710=COLOUR_RGB('',0.560784339904785,0.588235318660736,
0.600000023841858);
#53720=FILL_AREA_STYLE_COLOUR('',#53710);
#53730=FILL_AREA_STYLE('',(#53720));
#53740=SURFACE_STYLE_FILL_AREA(#53730);
#53750=SURFACE_SIDE_STYLE('',(#53740));
#53760=SURFACE_STYLE_USAGE(.BOTH.,#53750);
#53770=PRESENTATION_STYLE_ASSIGNMENT((#53760));
#53780=CARTESIAN_POINT('',(2.6702890587732,24.7749997035758,
48.7543209984587));
#53790=DIRECTION('',(0.707106781248979,0.707106781124116,
-1.14761648063119E-11));
#53800=DIRECTION('',(0.707106781124116,-0.707106781248979,
6.28120804451107E-12));
#53810=AXIS2_PLACEMENT_3D('',#53780,#53790,#53800);
#53820=PLANE('',#53810);
#53830=ORIENTED_EDGE('',*,*,#53650,.T.);
#53840=ORIENTED_EDGE('',*,*,#50510,.T.);
#53850=CARTESIAN_POINT('',(2.6702890587732,24.7749997035758,
48.7543209984587));
#53860=DIRECTION('',(3.6733891553489E-12,1.25563587585505E-11,1.));
#53870=VECTOR('',#53860,1.);
#53880=LINE('',#53850,#53870);
#53890=EDGE_CURVE('',#50420,#34430,#53880,.T.);
#53900=ORIENTED_EDGE('',*,*,#53890,.F.);
#53910=ORIENTED_EDGE('',*,*,#34440,.F.);
#53920=EDGE_LOOP('',(#53910,#53900,#53840,#53830));
#53930=FACE_OUTER_BOUND('',#53920,.T.);
#53940=ADVANCED_FACE('',(#53930),#53820,.F.);
#53950=COLOUR_RGB('',0.560784339904785,0.588235318660736,
0.600000023841858);
#53960=FILL_AREA_STYLE_COLOUR('',#53950);
#53970=FILL_AREA_STYLE('',(#53960));
#53980=SURFACE_STYLE_FILL_AREA(#53970);
#53990=SURFACE_SIDE_STYLE('',(#53980));
#54000=SURFACE_STYLE_USAGE(.BOTH.,#53990);
#54010=PRESENTATION_STYLE_ASSIGNMENT((#54000));
#54020=CARTESIAN_POINT('',(0.849999717624785,24.7749997037365,
48.7543209984654));
#54030=DIRECTION('',(8.82920111229658E-11,1.,-1.25563587588748E-11));
#54040=DIRECTION('',(1.,-8.82920111230119E-11,-3.67338915424028E-12));
#54050=AXIS2_PLACEMENT_3D('',#54020,#54030,#54040);
#54060=PLANE('',#54050);
#54070=ORIENTED_EDGE('',*,*,#53890,.T.);
#54080=ORIENTED_EDGE('',*,*,#50430,.T.);
#54090=CARTESIAN_POINT('',(0.849999717624785,24.7749997037365,
48.7543209984654));
#54100=DIRECTION('',(3.6733891553489E-12,1.25563587585505E-11,1.));
#54110=VECTOR('',#54100,1.);
#54120=LINE('',#54090,#54110);
#54130=EDGE_CURVE('',#50340,#34510,#54120,.T.);
#54140=ORIENTED_EDGE('',*,*,#54130,.F.);
#54150=ORIENTED_EDGE('',*,*,#34520,.F.);
#54160=EDGE_LOOP('',(#54150,#54140,#54080,#54070));
#54170=FACE_OUTER_BOUND('',#54160,.T.);
#54180=ADVANCED_FACE('',(#54170),#54060,.F.);
#54190=COLOUR_RGB('',0.560784339904785,0.588235318660736,
0.600000023841858);
#54200=FILL_AREA_STYLE_COLOUR('',#54190);
#54210=FILL_AREA_STYLE('',(#54200));
#54220=SURFACE_STYLE_FILL_AREA(#54210);
#54230=SURFACE_SIDE_STYLE('',(#54220));
#54240=SURFACE_STYLE_USAGE(.BOTH.,#54230);
#54250=PRESENTATION_STYLE_ASSIGNMENT((#54240));
#54260=CARTESIAN_POINT('',(0.849999716357795,10.4250000603366,
48.7543209986456));
#54270=DIRECTION('',(-1.,8.82918170333866E-11,3.67338915424028E-12));
#54280=DIRECTION('',(8.82918170333405E-11,1.,-1.25563587588748E-11));
#54290=AXIS2_PLACEMENT_3D('',#54260,#54270,#54280);
#54300=PLANE('',#54290);
#54310=ORIENTED_EDGE('',*,*,#54130,.T.);
#54320=ORIENTED_EDGE('',*,*,#50350,.T.);
#54330=ORIENTED_EDGE('',*,*,#51180,.F.);
#54340=ORIENTED_EDGE('',*,*,#34600,.F.);
#54350=EDGE_LOOP('',(#54340,#54330,#54320,#54310));
#54360=FACE_OUTER_BOUND('',#54350,.T.);
#54370=ADVANCED_FACE('',(#54360),#54300,.F.);
#54380=COLOUR_RGB('',0.560784339904785,0.588235318660736,
0.600000023841858);
#54390=FILL_AREA_STYLE_COLOUR('',#54380);
#54400=FILL_AREA_STYLE('',(#54390));
#54410=SURFACE_STYLE_FILL_AREA(#54400);
#54420=SURFACE_SIDE_STYLE('',(#54410));
#54430=SURFACE_STYLE_USAGE(.BOTH.,#54420);
#54440=PRESENTATION_STYLE_ASSIGNMENT((#54430));
#54450=CARTESIAN_POINT('',(6.49563902811162,54.2026310775876,
48.5014667334441));
#54460=DIRECTION('',(-0.996194698091257,1.13361562439311E-10,
0.0871557427532378));
#54470=DIRECTION('',(9.20897900749492E-11,1.,-2.48086943387405E-10));
#54480=AXIS2_PLACEMENT_3D('',#54450,#54460,#54470);
#54490=PLANE('',#54480);
#54500=ORIENTED_EDGE('',*,*,#42550,.T.);
#54510=CARTESIAN_POINT('',(6.77747091978125,54.3199120133481,
51.7228199954541));
#54520=DIRECTION('',(0.0870990036616506,0.0360775888222799,
0.995546167259921));
#54530=VECTOR('',#54520,1.);
#54540=LINE('',#54510,#54530);
#54550=CARTESIAN_POINT('',(6.43027222104424,54.1760976025504,
47.7543207098823));
#54560=VERTEX_POINT('',#54550);
#54570=EDGE_CURVE('',#54560,#42460,#54540,.T.);
#54580=ORIENTED_EDGE('',*,*,#54570,.T.);
#54590=CARTESIAN_POINT('',(6.43027222009795,43.90032839154,
47.7543207124315));
#54600=DIRECTION('',(9.20897900749492E-11,1.,-2.48086943387405E-10));
#54610=VECTOR('',#54600,1.);
#54620=LINE('',#54590,#54610);
#54630=CARTESIAN_POINT('',(6.43027222108548,54.6239005006109,
47.7543207097712));
#54640=VERTEX_POINT('',#54630);
#54650=EDGE_CURVE('',#54560,#54640,#54620,.T.);
#54660=ORIENTED_EDGE('',*,*,#54650,.F.);
#54670=CARTESIAN_POINT('',(6.77747091979596,54.4800860917199,
51.7228199954136));
#54680=DIRECTION('',(0.087099003655007,-0.036077588343961,
0.995546167277836));
#54690=VECTOR('',#54680,1.);
#54700=LINE('',#54670,#54690);
#54710=EDGE_CURVE('',#54640,#42540,#54700,.T.);
#54720=ORIENTED_EDGE('',*,*,#54710,.F.);
#54730=EDGE_LOOP('',(#54720,#54660,#54580,#54500));
#54740=FACE_OUTER_BOUND('',#54730,.T.);
#54750=ADVANCED_FACE('',(#54740),#54490,.T.);
#54760=COLOUR_RGB('',0.980392217636108,0.517647087574005,
0.168627455830574);
#54770=FILL_AREA_STYLE_COLOUR('',#54760);
#54780=FILL_AREA_STYLE('',(#54770));
#54790=SURFACE_STYLE_FILL_AREA(#54780);
#54800=SURFACE_SIDE_STYLE('',(#54790));
#54810=SURFACE_STYLE_USAGE(.BOTH.,#54800);
#54820=PRESENTATION_STYLE_ASSIGNMENT((#54810));
#54830=CARTESIAN_POINT('',(3.65436096848768,17.7973679773649,
48.5014667381639));
#54840=DIRECTION('',(0.996194698091898,-9.08130167813751E-11,
0.087155742745919));
#54850=DIRECTION('',(-9.20897900758215E-11,-1.,1.06286035936232E-11));
#54860=AXIS2_PLACEMENT_3D('',#54830,#54840,#54850);
#54870=PLANE('',#54860);
#54880=ORIENTED_EDGE('',*,*,#49290,.T.);
#54890=CARTESIAN_POINT('',(3.37252907684171,17.6800870424378,
51.7228200002062));
#54900=DIRECTION('',(-0.0870990036543365,-0.0360775885647166,
0.995546167269895));
#54910=VECTOR('',#54900,1.);
#54920=LINE('',#54890,#54910);
#54930=CARTESIAN_POINT('',(3.71972777554957,17.8239014522088,
47.7543207145946));
#54940=VERTEX_POINT('',#54930);
#54950=EDGE_CURVE('',#54940,#49200,#54920,.T.);
#54960=ORIENTED_EDGE('',*,*,#54950,.T.);
#54970=CARTESIAN_POINT('',(3.71972777649586,28.0996706632192,
47.7543207144854));
#54980=DIRECTION('',(-9.20897900758215E-11,-1.,1.06286035936232E-11));
#54990=VECTOR('',#54980,1.);
#55000=LINE('',#54970,#54990);
#55010=CARTESIAN_POINT('',(3.71972777550832,17.3760985541483,
47.7543207145994));
#55020=VERTEX_POINT('',#55010);
#55030=EDGE_CURVE('',#54940,#55020,#55000,.T.);
#55040=ORIENTED_EDGE('',*,*,#55030,.F.);
#55050=CARTESIAN_POINT('',(3.37252907682701,17.519912964066,
51.7228200002072));
#55060=DIRECTION('',(-0.087099003647693,0.0360775886015242,
0.995546167269142));
#55070=VECTOR('',#55060,1.);
#55080=LINE('',#55050,#55070);
#55090=EDGE_CURVE('',#55020,#49280,#55080,.T.);
#55100=ORIENTED_EDGE('',*,*,#55090,.F.);
#55110=EDGE_LOOP('',(#55100,#55040,#54960,#54880));
#55120=FACE_OUTER_BOUND('',#55110,.T.);
#55130=ADVANCED_FACE('',(#55120),#54870,.T.);
#55140=COLOUR_RGB('',0.980392217636108,0.517647087574005,
0.168627455830574);
#55150=FILL_AREA_STYLE_COLOUR('',#55140);
#55160=FILL_AREA_STYLE('',(#55150));
#55170=SURFACE_STYLE_FILL_AREA(#55160);
#55180=SURFACE_SIDE_STYLE('',(#55170));
#55190=SURFACE_STYLE_USAGE(.BOTH.,#55180);
#55200=PRESENTATION_STYLE_ASSIGNMENT((#55190));
#55210=CARTESIAN_POINT('',(6.91285997716323,20.1385543622862,
48.7664991028428));
#55220=DIRECTION('',(-8.79430268795869E-11,-0.996194698090861,
0.0871557427577665));
#55230=DIRECTION('',(-1.,8.83870009679509E-11,1.23497157423944E-12));
#55240=AXIS2_PLACEMENT_3D('',#55210,#55220,#55230);
#55250=PLANE('',#55240);
#55260=CARTESIAN_POINT('',(2.26316753684793,16.4450892767036,
6.54999999645372));
#55270=DIRECTION('',(-0.0360775885911085,-0.0870990036596688,
-0.995546167268472));
#55280=VECTOR('',#55270,1.);
#55290=LINE('',#55260,#55280);
#55300=CARTESIAN_POINT('',(3.75637054432176,20.0500002281147,
47.7543207145709));
#55310=VERTEX_POINT('',#55300);
#55320=EDGE_CURVE('',#49040,#55310,#55290,.T.);
#55330=ORIENTED_EDGE('',*,*,#55320,.F.);
#55340=CARTESIAN_POINT('',(-36.4188683150701,20.0500002316675,
47.7543207146411));
#55350=DIRECTION('',(-1.,8.84316963168279E-11,1.74584174953435E-12));
#55360=VECTOR('',#55350,1.);
#55370=LINE('',#55340,#55360);
#55380=CARTESIAN_POINT('',(1.49362899983615,20.0500002283149,
47.7543207145749));
#55390=VERTEX_POINT('',#55380);
#55400=EDGE_CURVE('',#55310,#55390,#55370,.T.);
#55410=ORIENTED_EDGE('',*,*,#55400,.F.);
#55420=CARTESIAN_POINT('',(0.655417192624288,20.3971989271323,
51.7228200001996));
#55430=DIRECTION('',(0.205903901107746,-0.0852881884160582,
-0.974848454081617));
#55440=VECTOR('',#55430,1.);
#55450=LINE('',#55420,#55440);
#55460=EDGE_CURVE('',#49120,#55390,#55450,.T.);
#55470=ORIENTED_EDGE('',*,*,#55460,.T.);
#55480=ORIENTED_EDGE('',*,*,#49130,.T.);
#55490=EDGE_LOOP('',(#55480,#55470,#55410,#55330));
#55500=FACE_OUTER_BOUND('',#55490,.T.);
#55510=ADVANCED_FACE('',(#55500),#55250,.T.);
#55520=COLOUR_RGB('',0.980392217636108,0.517647087574005,
0.168627455830574);
#55530=FILL_AREA_STYLE_COLOUR('',#55520);
#55540=FILL_AREA_STYLE('',(#55530));
#55550=SURFACE_STYLE_FILL_AREA(#55540);
#55560=SURFACE_SIDE_STYLE('',(#55550));
#55570=SURFACE_STYLE_USAGE(.BOTH.,#55560);
#55580=PRESENTATION_STYLE_ASSIGNMENT((#55570));
#55590=CARTESIAN_POINT('',(0.799999995185384,0.99257488357231,
41.0527388682911));
#55600=DIRECTION('',(1.,-9.00783621365556E-11,-5.74103579721139E-12));
#55610=DIRECTION('',(6.77545460488714E-11,0.707106781194758,
0.707106781178337));
#55620=AXIS2_PLACEMENT_3D('',#55590,#55600,#55610);
#55630=PLANE('',#55620);
#55640=CARTESIAN_POINT('',(0.799999998963488,40.4495488907549,
80.0500934665466));
#55650=DIRECTION('',(6.77544951329699E-11,0.707106781190851,
0.707106781182245));
#55660=VECTOR('',#55650,1.);
#55670=LINE('',#55640,#55660);
#55680=CARTESIAN_POINT('',(0.799999995231332,1.49961785076897,
41.1001624270347));
#55690=VERTEX_POINT('',#55680);
#55700=EDGE_CURVE('',#16220,#55690,#55670,.T.);
#55710=ORIENTED_EDGE('',*,*,#55700,.T.);
#55720=ORIENTED_EDGE('',*,*,#16230,.F.);
#55730=ORIENTED_EDGE('',*,*,#15200,.T.);
#55740=CARTESIAN_POINT('',(0.799999998700448,40.4495488907726,
34.2322386877034));
#55750=DIRECTION('',(-8.7712956966092E-11,-0.984807753011151,
0.173648177672927));
#55760=VECTOR('',#55750,1.);
#55770=LINE('',#55740,#55760);
#55780=EDGE_CURVE('',#55690,#15170,#55770,.T.);
#55790=ORIENTED_EDGE('',*,*,#55780,.T.);
#55800=EDGE_LOOP('',(#55790,#55730,#55720,#55710));
#55810=FACE_OUTER_BOUND('',#55800,.T.);
#55820=ADVANCED_FACE('',(#55810),#55630,.T.);
#55830=COLOUR_RGB('',0.560784339904785,0.588235318660736,
0.600000023841858);
#55840=FILL_AREA_STYLE_COLOUR('',#55830);
#55850=FILL_AREA_STYLE('',(#55840));
#55860=SURFACE_STYLE_FILL_AREA(#55850);
#55870=SURFACE_SIDE_STYLE('',(#55860));
#55880=SURFACE_STYLE_USAGE(.BOTH.,#55870);
#55890=PRESENTATION_STYLE_ASSIGNMENT((#55880));
#55900=CARTESIAN_POINT('',(3.23714001943802,51.8614446927349,
48.7664990987527));
#55910=DIRECTION('',(8.85833408008448E-11,0.99619469811341,
0.0871557425000355));
#55920=DIRECTION('',(1.,-8.83870009685817E-11,-6.11180673262753E-12));
#55930=AXIS2_PLACEMENT_3D('',#55900,#55910,#55920);
#55940=PLANE('',#55930);
#55950=CARTESIAN_POINT('',(7.88683245925863,55.5549097669499,
6.54999999646573));
#55960=DIRECTION('',(0.0360775885837945,0.0870990034021055,
-0.995546167291271));
#55970=VECTOR('',#55960,1.);
#55980=LINE('',#55950,#55970);
#55990=CARTESIAN_POINT('',(6.39362945227205,51.9499988266444,
47.7543207104348));
#56000=VERTEX_POINT('',#55990);
#56010=EDGE_CURVE('',#42300,#56000,#55980,.T.);
#56020=ORIENTED_EDGE('',*,*,#56010,.F.);
#56030=CARTESIAN_POINT('',(46.5688683116639,51.9499988230917,
47.7543207102097));
#56040=DIRECTION('',(1.,-8.84316963173266E-11,-5.60093655732106E-12));
#56050=VECTOR('',#56040,1.);
#56060=LINE('',#56030,#56050);
#56070=CARTESIAN_POINT('',(8.65637099675765,51.9499988264443,
47.7543207104221));
#56080=VERTEX_POINT('',#56070);
#56090=EDGE_CURVE('',#56000,#56080,#56060,.T.);
#56100=ORIENTED_EDGE('',*,*,#56090,.F.);
#56110=CARTESIAN_POINT('',(9.49458280399868,51.6028001286536,
51.7228199961305));
#56120=DIRECTION('',(-0.205903901114908,0.0852881881638498,
-0.97484845410217));
#56130=VECTOR('',#56120,1.);
#56140=LINE('',#56110,#56130);
#56150=EDGE_CURVE('',#42380,#56080,#56140,.T.);
#56160=ORIENTED_EDGE('',*,*,#56150,.T.);
#56170=ORIENTED_EDGE('',*,*,#42390,.T.);
#56180=EDGE_LOOP('',(#56170,#56160,#56100,#56020));
#56190=FACE_OUTER_BOUND('',#56180,.T.);
#56200=ADVANCED_FACE('',(#56190),#55940,.T.);
#56210=COLOUR_RGB('',0.980392217636108,0.517647087574005,
0.168627455830574);
#56220=FILL_AREA_STYLE_COLOUR('',#56210);
#56230=FILL_AREA_STYLE('',(#56220));
#56240=SURFACE_STYLE_FILL_AREA(#56230);
#56250=SURFACE_SIDE_STYLE('',(#56240));
#56260=SURFACE_STYLE_USAGE(.BOTH.,#56250);
#56270=PRESENTATION_STYLE_ASSIGNMENT((#56260));
#56280=CARTESIAN_POINT('',(0.799999995816643,7.58545247127073,
47.5643104808722));
#56290=DIRECTION('',(8.97067898148884E-11,0.984807753013264,
0.173648177660941));
#56300=DIRECTION('',(9.98812686827474E-12,0.173648177660941,
-0.984807753013264));
#56310=AXIS2_PLACEMENT_3D('',#56280,#56290,#56300);
#56320=PLANE('',#56310);
#56330=CARTESIAN_POINT('',(10.1500000000304,7.64216022819202,
47.2427048051715));
#56340=DIRECTION('',(1.,-9.00783621365556E-11,-5.74103579721137E-12));
#56350=VECTOR('',#56340,1.);
#56360=LINE('',#56330,#56350);
#56370=CARTESIAN_POINT('',(0.799999995819904,7.64216022903425,
47.2427048052252));
#56380=VERTEX_POINT('',#56370);
#56390=EDGE_CURVE('',#7890,#56380,#56360,.T.);
#56400=ORIENTED_EDGE('',*,*,#56390,.T.);
#56410=ORIENTED_EDGE('',*,*,#7900,.T.);
#56420=ORIENTED_EDGE('',*,*,#32080,.F.);
#56430=CARTESIAN_POINT('',(0.799999996232618,14.8173820045706,
6.54999999645389));
#56440=DIRECTION('',(9.98812703733553E-12,0.173648177660941,
-0.984807753013264));
#56450=VECTOR('',#56440,1.);
#56460=LINE('',#56430,#56450);
#56470=EDGE_CURVE('',#32070,#56380,#56460,.T.);
#56480=ORIENTED_EDGE('',*,*,#56470,.F.);
#56490=EDGE_LOOP('',(#56480,#56420,#56410,#56400));
#56500=FACE_OUTER_BOUND('',#56490,.T.);
#56510=ADVANCED_FACE('',(#56500),#56320,.F.);
#56520=COLOUR_RGB('',0.560784339904785,0.588235318660736,
0.600000023841858);
#56530=FILL_AREA_STYLE_COLOUR('',#56520);
#56540=FILL_AREA_STYLE('',(#56530));
#56550=SURFACE_STYLE_FILL_AREA(#56540);
#56560=SURFACE_SIDE_STYLE('',(#56550));
#56570=SURFACE_STYLE_USAGE(.BOTH.,#56560);
#56580=PRESENTATION_STYLE_ASSIGNMENT((#56570));
#56590=ORIENTED_EDGE('',*,*,#12560,.F.);
#56600=CARTESIAN_POINT('',(7.87499996472348,62.9899881013244,
32.3000011886646));
#56610=DIRECTION('',(1.86618047676885E-10,1.,1.78306067982319E-12));
#56620=VECTOR('',#56610,1.);
#56630=LINE('',#56600,#56620);
#56640=EDGE_CURVE('',#12470,#29180,#56630,.T.);
#56650=ORIENTED_EDGE('',*,*,#56640,.F.);
#56660=ORIENTED_EDGE('',*,*,#29340,.T.);
#56670=CARTESIAN_POINT('',(2.27500003056976,62.9899881018407,
32.3000011886873));
#56680=DIRECTION('',(-1.86618047676885E-10,-1.,-1.78306067982319E-12));
#56690=VECTOR('',#56680,1.);
#56700=LINE('',#56670,#56690);
#56710=EDGE_CURVE('',#29270,#12550,#56700,.T.);
#56720=ORIENTED_EDGE('',*,*,#56710,.F.);
#56730=EDGE_LOOP('',(#56720,#56660,#56650,#56590));
#56740=FACE_OUTER_BOUND('',#56730,.T.);
#56750=ADVANCED_FACE('',(#56740),#29120,.F.);
#56760=COLOUR_RGB('',0.823529481887817,0.823529481887817,
0.784313797950745);
#56770=FILL_AREA_STYLE_COLOUR('',#56760);
#56780=FILL_AREA_STYLE('',(#56770));
#56790=SURFACE_STYLE_FILL_AREA(#56780);
#56800=SURFACE_SIDE_STYLE('',(#56790));
#56810=SURFACE_STYLE_USAGE(.BOTH.,#56800);
#56820=PRESENTATION_STYLE_ASSIGNMENT((#56810));
#56830=CARTESIAN_POINT('',(0.799999995857615,8.03571226772734,
47.6362568439135));
#56840=DIRECTION('',(-5.96354953612808E-11,-0.707106781182245,
0.707106781190851));
#56850=DIRECTION('',(6.77545460485418E-11,0.707106781190851,
0.707106781182245));
#56860=AXIS2_PLACEMENT_3D('',#56830,#56840,#56850);
#56870=PLANE('',#56860);
#56880=CARTESIAN_POINT('',(0.799999998963488,40.4495488907549,
80.0500934665466));
#56890=DIRECTION('',(6.77544951329699E-11,0.707106781190851,
0.707106781182245));
#56900=VECTOR('',#56890,1.);
#56910=LINE('',#56880,#56900);
#56920=EDGE_CURVE('',#56380,#24850,#56910,.T.);
#56930=ORIENTED_EDGE('',*,*,#56920,.F.);
#56940=ORIENTED_EDGE('',*,*,#25060,.T.);
#56950=ORIENTED_EDGE('',*,*,#7980,.T.);
#56960=ORIENTED_EDGE('',*,*,#56390,.F.);
#56970=EDGE_LOOP('',(#56960,#56950,#56940,#56930));
#56980=FACE_OUTER_BOUND('',#56970,.T.);
#56990=ADVANCED_FACE('',(#56980),#56870,.F.);
#57000=COLOUR_RGB('',0.560784339904785,0.588235318660736,
0.600000023841858);
#57010=FILL_AREA_STYLE_COLOUR('',#57000);
#57020=FILL_AREA_STYLE('',(#57010));
#57030=SURFACE_STYLE_FILL_AREA(#57020);
#57040=SURFACE_SIDE_STYLE('',(#57030));
#57050=SURFACE_STYLE_USAGE(.BOTH.,#57040);
#57060=PRESENTATION_STYLE_ASSIGNMENT((#57050));
#57070=CARTESIAN_POINT('',(0.799999995209204,1.26870013771927,
40.8692447139878));
#57080=DIRECTION('',(-5.96354953612808E-11,-0.707106781182245,
0.707106781190851));
#57090=DIRECTION('',(6.77545460485418E-11,0.707106781190851,
0.707106781182245));
#57100=AXIS2_PLACEMENT_3D('',#57070,#57080,#57090);
#57110=PLANE('',#57100);
#57120=CARTESIAN_POINT('',(10.1500000000383,1.49961784992674,
41.100162426981));
#57130=DIRECTION('',(1.,-9.00783621365556E-11,-5.74103579721139E-12));
#57140=VECTOR('',#57130,1.);
#57150=LINE('',#57120,#57140);
#57160=EDGE_CURVE('',#9110,#55690,#57150,.T.);
#57170=ORIENTED_EDGE('',*,*,#57160,.T.);
#57180=ORIENTED_EDGE('',*,*,#9120,.T.);
#57190=ORIENTED_EDGE('',*,*,#16290,.T.);
#57200=ORIENTED_EDGE('',*,*,#55700,.F.);
#57210=EDGE_LOOP('',(#57200,#57190,#57180,#57170));
#57220=FACE_OUTER_BOUND('',#57210,.T.);
#57230=ADVANCED_FACE('',(#57220),#57110,.F.);
#57240=COLOUR_RGB('',0.560784339904785,0.588235318660736,
0.600000023841858);
#57250=FILL_AREA_STYLE_COLOUR('',#57240);
#57260=FILL_AREA_STYLE('',(#57250));
#57270=SURFACE_STYLE_FILL_AREA(#57260);
#57280=SURFACE_SIDE_STYLE('',(#57270));
#57290=SURFACE_STYLE_USAGE(.BOTH.,#57280);
#57300=PRESENTATION_STYLE_ASSIGNMENT((#57290));
#57310=CARTESIAN_POINT('',(5.87500031162401,45.4000002228102,
28.6234442276107));
#57320=DIRECTION('',(1.96113447901401E-11,0.342020141597528,
0.9396926214149));
#57330=DIRECTION('',(4.36751120357603E-11,0.9396926214149,
-0.342020141597528));
#57340=AXIS2_PLACEMENT_3D('',#57310,#57320,#57330);
#57350=PLANE('',#57340);
#57360=ORIENTED_EDGE('',*,*,#14420,.T.);
#57370=ORIENTED_EDGE('',*,*,#25670,.F.);
#57380=ORIENTED_EDGE('',*,*,#30450,.T.);
#57390=ORIENTED_EDGE('',*,*,#31840,.F.);
#57400=EDGE_LOOP('',(#57390,#57380,#57370,#57360));
#57410=FACE_OUTER_BOUND('',#57400,.T.);
#57420=ADVANCED_FACE('',(#57410),#57350,.F.);
#57430=COLOUR_RGB('',0.823529481887817,0.823529481887817,
0.784313797950745);
#57440=FILL_AREA_STYLE_COLOUR('',#57430);
#57450=FILL_AREA_STYLE('',(#57440));
#57460=SURFACE_STYLE_FILL_AREA(#57450);
#57470=SURFACE_SIDE_STYLE('',(#57460));
#57480=SURFACE_STYLE_USAGE(.BOTH.,#57470);
#57490=PRESENTATION_STYLE_ASSIGNMENT((#57480));
#57500=CARTESIAN_POINT('',(5.07500000672636,89.0999999550006,
28.8348599294031));
#57510=DIRECTION('',(1.8661805482502E-10,1.,2.21575564321615E-10));
#57520=DIRECTION('',(1.,-1.86618054824206E-10,-3.67338850665155E-12));
#57530=AXIS2_PLACEMENT_3D('',#57500,#57510,#57520);
#57540=CYLINDRICAL_SURFACE('',#57530,6.4);
#57550=ORIENTED_EDGE('',*,*,#33380,.F.);
#57560=ORIENTED_EDGE('',*,*,#23530,.F.);
#57570=ORIENTED_EDGE('',*,*,#26770,.T.);
#57580=ORIENTED_EDGE('',*,*,#28710,.T.);
#57590=EDGE_LOOP('',(#57580,#57570,#57560,#57550));
#57600=FACE_OUTER_BOUND('',#57590,.T.);
#57610=ADVANCED_FACE('',(#57600),#57540,.F.);
#57620=COLOUR_RGB('',0.560784339904785,0.588235318660736,
0.600000023841858);
#57630=FILL_AREA_STYLE_COLOUR('',#57620);
#57640=FILL_AREA_STYLE('',(#57630));
#57650=SURFACE_STYLE_FILL_AREA(#57640);
#57660=SURFACE_SIDE_STYLE('',(#57650));
#57670=SURFACE_STYLE_USAGE(.BOTH.,#57660);
#57680=PRESENTATION_STYLE_ASSIGNMENT((#57670));
#57690=CARTESIAN_POINT('',(0.799999995169491,0.805321407264366,
41.2225856226388));
#57700=DIRECTION('',(-2.12957599961832E-11,-0.173648177672927,
-0.984807753011151));
#57710=DIRECTION('',(-8.77129490064853E-11,-0.984807753011151,
0.173648177672927));
#57720=AXIS2_PLACEMENT_3D('',#57690,#57700,#57710);
#57730=PLANE('',#57720);
#57740=ORIENTED_EDGE('',*,*,#55780,.F.);
#57750=ORIENTED_EDGE('',*,*,#15350,.T.);
#57760=ORIENTED_EDGE('',*,*,#9200,.T.);
#57770=ORIENTED_EDGE('',*,*,#57160,.F.);
#57780=EDGE_LOOP('',(#57770,#57760,#57750,#57740));
#57790=FACE_OUTER_BOUND('',#57780,.T.);
#57800=ADVANCED_FACE('',(#57790),#57730,.F.);
#57810=COLOUR_RGB('',0.560784339904785,0.588235318660736,
0.600000023841858);
#57820=FILL_AREA_STYLE_COLOUR('',#57810);
#57830=FILL_AREA_STYLE('',(#57820));
#57840=SURFACE_STYLE_FILL_AREA(#57830);
#57850=SURFACE_SIDE_STYLE('',(#57840));
#57860=SURFACE_STYLE_USAGE(.BOTH.,#57850);
#57870=PRESENTATION_STYLE_ASSIGNMENT((#57860));
#57880=CARTESIAN_POINT('',(2.27500003223613,71.9999999556638,
28.2000011913332));
#57890=DIRECTION('',(-1.,1.86618054824206E-10,3.67351166262234E-12));
#57900=DIRECTION('',(-3.67351162127234E-12,2.21575564322029E-10,-1.));
#57910=AXIS2_PLACEMENT_3D('',#57880,#57890,#57900);
#57920=PLANE('',#57910);
#57930=CARTESIAN_POINT('',(2.27500003032154,62.1500002514459,
7.40289078142062));
#57940=DIRECTION('',(3.67349602475473E-12,-2.21575564322029E-10,1.));
#57950=VECTOR('',#57940,1.);
#57960=LINE('',#57930,#57950);
#57970=CARTESIAN_POINT('',(2.2750000303928,62.150000247148,
26.8000011891569));
#57980=VERTEX_POINT('',#57970);
#57990=EDGE_CURVE('',#57980,#29270,#57960,.T.);
#58000=ORIENTED_EDGE('',*,*,#57990,.T.);
#58010=CARTESIAN_POINT('',(2.27500003067558,63.6653031873918,
26.8000011895115));
#58020=DIRECTION('',(-1.86618054615874E-10,-1.,-2.33980974354171E-10));
#58030=VECTOR('',#58020,1.);
#58040=LINE('',#58010,#58030);
#58050=EDGE_CURVE('',#57980,#12390,#58040,.T.);
#58060=ORIENTED_EDGE('',*,*,#58050,.F.);
#58070=ORIENTED_EDGE('',*,*,#12620,.T.);
#58080=ORIENTED_EDGE('',*,*,#56710,.T.);
#58090=EDGE_LOOP('',(#58080,#58070,#58060,#58000));
#58100=FACE_OUTER_BOUND('',#58090,.T.);
#58110=ADVANCED_FACE('',(#58100),#57920,.F.);
#58120=COLOUR_RGB('',0.560784339904785,0.588235318660736,
0.600000023841858);
#58130=FILL_AREA_STYLE_COLOUR('',#58120);
#58140=FILL_AREA_STYLE('',(#58130));
#58150=SURFACE_STYLE_FILL_AREA(#58140);
#58160=SURFACE_SIDE_STYLE('',(#58150));
#58170=SURFACE_STYLE_USAGE(.BOTH.,#58160);
#58180=PRESENTATION_STYLE_ASSIGNMENT((#58170));
#58190=CARTESIAN_POINT('',(2.19794223629033,72.4436208082002,
33.900000724528));
#58200=DIRECTION('',(-3.3050279300455E-12,2.32591047431272E-10,-1.));
#58210=DIRECTION('',(9.24837323196667E-11,1.,2.32591047430967E-10));
#58220=AXIS2_PLACEMENT_3D('',#58190,#58200,#58210);
#58230=PLANE('',#58220);
#58240=EDGE_CURVE('',#31620,#39750,#39820,.T.);
#58250=ORIENTED_EDGE('',*,*,#58240,.T.);
#58260=ORIENTED_EDGE('',*,*,#31630,.T.);
#58270=ORIENTED_EDGE('',*,*,#39830,.T.);
#58280=EDGE_LOOP('',(#58270,#58260,#58250));
#58290=FACE_OUTER_BOUND('',#58280,.T.);
#58300=ADVANCED_FACE('',(#58290),#58230,.F.);
#58310=COLOUR_RGB('',0.823529481887817,0.823529481887817,
0.784313797950745);
#58320=FILL_AREA_STYLE_COLOUR('',#58310);
#58330=FILL_AREA_STYLE('',(#58320));
#58340=SURFACE_STYLE_FILL_AREA(#58330);
#58350=SURFACE_SIDE_STYLE('',(#58340));
#58360=SURFACE_STYLE_USAGE(.BOTH.,#58350);
#58370=PRESENTATION_STYLE_ASSIGNMENT((#58360));
#58380=CARTESIAN_POINT('',(5.07500000977481,62.0502006358853,
27.6808875718582));
#58390=DIRECTION('',(-1.17792000533721E-10,-0.642787609488252,
-0.766044443285361));
#58400=DIRECTION('',(-1.3952778256892E-10,-0.766044443285361,
0.642787609488252));
#58410=AXIS2_PLACEMENT_3D('',#58380,#58390,#58400);
#58420=PLANE('',#58410);
#58430=CARTESIAN_POINT('',(10.1500000030793,63.1000001465282,
26.8000011893503));
#58440=DIRECTION('',(-1.,1.78873901178885E-10,3.67351166081036E-12));
#58450=VECTOR('',#58440,1.);
#58460=LINE('',#58430,#58450);
#58470=CARTESIAN_POINT('',(1.32500012959468,63.1000001481068,
26.8000011893827));
#58480=VERTEX_POINT('',#58470);
#58490=EDGE_CURVE('',#32930,#58480,#58460,.T.);
#58500=ORIENTED_EDGE('',*,*,#58490,.F.);
#58510=CARTESIAN_POINT('',(23.9754513789189,40.4495488908104,
45.8059864719051));
#58520=DIRECTION('',(0.608120402388713,-0.608120402602749,
0.510273605173598));
#58530=VECTOR('',#58520,1.);
#58540=LINE('',#58510,#58530);
#58550=EDGE_CURVE('',#26540,#58480,#58540,.T.);
#58560=ORIENTED_EDGE('',*,*,#58550,.T.);
#58570=ORIENTED_EDGE('',*,*,#26550,.F.);
#58580=ORIENTED_EDGE('',*,*,#26240,.F.);
#58590=ORIENTED_EDGE('',*,*,#33300,.F.);
#58600=ORIENTED_EDGE('',*,*,#33020,.T.);
#58610=EDGE_LOOP('',(#58600,#58590,#58580,#58570,#58560,#58500));
#58620=FACE_OUTER_BOUND('',#58610,.T.);
#58630=ADVANCED_FACE('',(#58620),#58420,.F.);
#58640=COLOUR_RGB('',0.560784339904785,0.588235318660736,
0.600000023841858);
#58650=FILL_AREA_STYLE_COLOUR('',#58640);
#58660=FILL_AREA_STYLE('',(#58650));
#58670=SURFACE_STYLE_FILL_AREA(#58660);
#58680=SURFACE_SIDE_STYLE('',(#58670));
#58690=SURFACE_STYLE_USAGE(.BOTH.,#58680);
#58700=PRESENTATION_STYLE_ASSIGNMENT((#58690));
#58710=CARTESIAN_POINT('',(0.799999995185384,0.99257488357231,
41.0527388682911));
#58720=DIRECTION('',(1.,-9.00783621365556E-11,-5.74103579721139E-12));
#58730=DIRECTION('',(6.77545460488714E-11,0.707106781194758,
0.707106781178337));
#58740=AXIS2_PLACEMENT_3D('',#58710,#58720,#58730);
#58750=PLANE('',#58740);
#58760=ORIENTED_EDGE('',*,*,#56470,.T.);
#58770=ORIENTED_EDGE('',*,*,#32230,.F.);
#58780=ORIENTED_EDGE('',*,*,#24860,.F.);
#58790=ORIENTED_EDGE('',*,*,#56920,.T.);
#58800=EDGE_LOOP('',(#58790,#58780,#58770,#58760));
#58810=FACE_OUTER_BOUND('',#58800,.T.);
#58820=ADVANCED_FACE('',(#58810),#58750,.T.);
#58830=COLOUR_RGB('',0.560784339904785,0.588235318660736,
0.600000023841858);
#58840=FILL_AREA_STYLE_COLOUR('',#58830);
#58850=FILL_AREA_STYLE('',(#58840));
#58860=SURFACE_STYLE_FILL_AREA(#58850);
#58870=SURFACE_SIDE_STYLE('',(#58860));
#58880=SURFACE_STYLE_USAGE(.BOTH.,#58870);
#58890=PRESENTATION_STYLE_ASSIGNMENT((#58880));
#58900=CARTESIAN_POINT('',(7.10174222789721,16.9296205637509,
49.5727664020137));
#58910=DIRECTION('',(-0.70441602646486,-0.704416026339663,
0.0871557427556963));
#58920=DIRECTION('',(0.0616284167224377,0.0616284167213685,
0.996194698091042));
#58930=AXIS2_PLACEMENT_3D('',#58900,#58910,#58920);
#58940=PLANE('',#58930);
#58950=ORIENTED_EDGE('',*,*,#49830,.F.);
#58960=CARTESIAN_POINT('',(9.49458280093191,14.8028010791186,
51.7228200002012));
#58970=DIRECTION('',(-0.205903901110126,0.0852881883962218,
-0.97484845408285));
#58980=VECTOR('',#58970,1.);
#58990=LINE('',#58960,#58980);
#59000=CARTESIAN_POINT('',(8.65637099371946,15.1499997778516,
47.7543207146145));
#59010=VERTEX_POINT('',#59000);
#59020=EDGE_CURVE('',#49760,#59010,#58990,.T.);
#59030=ORIENTED_EDGE('',*,*,#59020,.F.);
#59040=CARTESIAN_POINT('',(-4.29329989006807,28.0996706639264,
47.7543207144994));
#59050=DIRECTION('',(-0.707106781124099,0.707106781248996,
-6.28105865045734E-12));
#59060=VECTOR('',#59050,1.);
#59070=LINE('',#59040,#59060);
#59080=CARTESIAN_POINT('',(6.43027317356961,17.3760975983946,
47.7543207145947));
#59090=VERTEX_POINT('',#59080);
#59100=EDGE_CURVE('',#59010,#59090,#59070,.T.);
#59110=ORIENTED_EDGE('',*,*,#59100,.F.);
#59120=CARTESIAN_POINT('',(6.77747187228958,17.519912008243,
51.7228200001947));
#59130=DIRECTION('',(0.0870990036575427,0.0360775885842204,
0.995546167268907));
#59140=VECTOR('',#59130,1.);
#59150=LINE('',#59120,#59140);
#59160=EDGE_CURVE('',#59090,#48620,#59150,.T.);
#59170=ORIENTED_EDGE('',*,*,#59160,.F.);
#59180=EDGE_LOOP('',(#59170,#59110,#59030,#58950));
#59190=FACE_OUTER_BOUND('',#59180,.T.);
#59200=ADVANCED_FACE('',(#59190),#58940,.T.);
#59210=COLOUR_RGB('',0.980392217636108,0.517647087574005,
0.168627455830574);
#59220=FILL_AREA_STYLE_COLOUR('',#59210);
#59230=FILL_AREA_STYLE('',(#59220));
#59240=SURFACE_STYLE_FILL_AREA(#59230);
#59250=SURFACE_SIDE_STYLE('',(#59240));
#59260=SURFACE_STYLE_USAGE(.BOTH.,#59250);
#59270=PRESENTATION_STYLE_ASSIGNMENT((#59260));
#59280=CARTESIAN_POINT('',(4.877631591274,16.1793605665653,
48.5014667381789));
#59290=DIRECTION('',(3.51264602531878E-7,0.99619469809261,
0.08715574273707));
#59300=DIRECTION('',(0.999999999999938,-3.52606223506917E-7,
-1.74583800276245E-12));
#59310=AXIS2_PLACEMENT_3D('',#59280,#59290,#59300);
#59320=PLANE('',#59310);
#59330=CARTESIAN_POINT('',(4.99491250793376,15.8975286336057,
51.7228200002111));
#59340=DIRECTION('',(0.0360775758338285,-0.0870990163068431,
0.995546166624298));
#59350=VECTOR('',#59340,1.);
#59360=LINE('',#59330,#59350);
#59370=CARTESIAN_POINT('',(4.8510981488185,16.244727382974,
47.7543207146095));
#59380=VERTEX_POINT('',#59370);
#59390=EDGE_CURVE('',#59380,#49520,#59360,.T.);
#59400=ORIENTED_EDGE('',*,*,#59390,.T.);
#59410=CARTESIAN_POINT('',(-36.4188683154059,16.244741935021,
47.7543207146815));
#59420=DIRECTION('',(0.999999999999938,-3.52606223506917E-7,
-1.74583800279627E-12));
#59430=VECTOR('',#59420,1.);
#59440=LINE('',#59410,#59430);
#59450=CARTESIAN_POINT('',(5.29890200240434,16.2447272250754,
47.7543207146087));
#59460=VERTEX_POINT('',#59450);
#59470=EDGE_CURVE('',#59380,#59460,#59440,.T.);
#59480=ORIENTED_EDGE('',*,*,#59470,.F.);
#59490=CARTESIAN_POINT('',(5.15508754183946,15.897528577127,
51.7228200002105));
#59500=DIRECTION('',(-0.0360776013304741,-0.0870989909775079,
0.995546167916355));
#59510=VECTOR('',#59500,1.);
#59520=LINE('',#59490,#59510);
#59530=EDGE_CURVE('',#59460,#49600,#59520,.T.);
#59540=ORIENTED_EDGE('',*,*,#59530,.F.);
#59550=ORIENTED_EDGE('',*,*,#49610,.F.);
#59560=EDGE_LOOP('',(#59550,#59540,#59480,#59400));
#59570=FACE_OUTER_BOUND('',#59560,.T.);
#59580=ADVANCED_FACE('',(#59570),#59320,.T.);
#59590=COLOUR_RGB('',0.980392217636108,0.517647087574005,
0.168627455830574);
#59600=FILL_AREA_STYLE_COLOUR('',#59590);
#59610=FILL_AREA_STYLE('',(#59600));
#59620=SURFACE_STYLE_FILL_AREA(#59610);
#59630=SURFACE_SIDE_STYLE('',(#59620));
#59640=SURFACE_STYLE_USAGE(.BOTH.,#59630);
#59650=PRESENTATION_STYLE_ASSIGNMENT((#59640));
#59660=CARTESIAN_POINT('',(1.85874485256759,15.0614456440194,
48.7664991029154));
#59670=DIRECTION('',(8.78978913673937E-11,0.99619469809263,
0.0871557427375498));
#59680=DIRECTION('',(1.,-8.81256010202313E-11,-1.23497157424208E-12));
#59690=AXIS2_PLACEMENT_3D('',#59660,#59670,#59680);
#59700=PLANE('',#59690);
#59710=CARTESIAN_POINT('',(0.655417192178332,14.8028010798957,
51.7228200002337));
#59720=DIRECTION('',(-0.205903901123657,-0.0852881883599144,
0.974848454083168));
#59730=VECTOR('',#59720,1.);
#59740=LINE('',#59710,#59730);
#59750=CARTESIAN_POINT('',(1.49362899944983,15.1499997784825,
47.754320714627));
#59760=VERTEX_POINT('',#59750);
#59770=EDGE_CURVE('',#59760,#49360,#59740,.T.);
#59780=ORIENTED_EDGE('',*,*,#59770,.T.);
#59790=CARTESIAN_POINT('',(-36.4188683155025,15.1499997818218,
47.7543207146931));
#59800=DIRECTION('',(-1.,8.80809056713646E-11,1.74584174953808E-12));
#59810=VECTOR('',#59800,1.);
#59820=LINE('',#59790,#59810);
#59830=CARTESIAN_POINT('',(3.75637054393425,15.1499997782832,
47.754320714623));
#59840=VERTEX_POINT('',#59830);
#59850=EDGE_CURVE('',#59840,#59760,#59820,.T.);
#59860=ORIENTED_EDGE('',*,*,#59850,.T.);
#59870=CARTESIAN_POINT('',(3.90018495374473,14.8028010796104,
51.7228200002218));
#59880=DIRECTION('',(0.0360775885747603,-0.0870990036458364,
0.995546167270274));
#59890=VECTOR('',#59880,1.);
#59900=LINE('',#59870,#59890);
#59910=EDGE_CURVE('',#59840,#49440,#59900,.T.);
#59920=ORIENTED_EDGE('',*,*,#59910,.F.);
#59930=ORIENTED_EDGE('',*,*,#49450,.T.);
#59940=EDGE_LOOP('',(#59930,#59920,#59860,#59780));
#59950=FACE_OUTER_BOUND('',#59940,.T.);
#59960=ADVANCED_FACE('',(#59950),#59700,.T.);
#59970=COLOUR_RGB('',0.980392217636108,0.517647087574005,
0.168627455830574);
#59980=FILL_AREA_STYLE_COLOUR('',#59970);
#59990=FILL_AREA_STYLE('',(#59980));
#60000=SURFACE_STYLE_FILL_AREA(#59990);
#60010=SURFACE_SIDE_STYLE('',(#60000));
#60020=SURFACE_STYLE_USAGE(.BOTH.,#60010);
#60030=PRESENTATION_STYLE_ASSIGNMENT((#60020));
#60040=CARTESIAN_POINT('',(5.84874039819265,15.676618734251,
47.9019845090275));
#60050=DIRECTION('',(0.704416026464996,0.704416026341516,
0.08715574273962));
#60060=DIRECTION('',(0.0616284167208792,0.0616284167001918,
-0.996194698092449));
#60070=AXIS2_PLACEMENT_3D('',#60040,#60050,#60060);
#60080=PLANE('',#60070);
#60090=ORIENTED_EDGE('',*,*,#49210,.T.);
#60100=ORIENTED_EDGE('',*,*,#55460,.F.);
#60110=CARTESIAN_POINT('',(-36.418868311724,57.9624975465626,
47.7543207142381));
#60120=DIRECTION('',(0.707106781124183,-0.707106781248912,
6.28105865045706E-12));
#60130=VECTOR('',#60120,1.);
#60140=LINE('',#60110,#60130);
#60150=EDGE_CURVE('',#55390,#54940,#60140,.T.);
#60160=ORIENTED_EDGE('',*,*,#60150,.F.);
#60170=ORIENTED_EDGE('',*,*,#54950,.F.);
#60180=EDGE_LOOP('',(#60170,#60160,#60100,#60090));
#60190=FACE_OUTER_BOUND('',#60180,.T.);
#60200=ADVANCED_FACE('',(#60190),#60080,.T.);
#60210=COLOUR_RGB('',0.980392217636108,0.517647087574005,
0.168627455830574);
#60220=FILL_AREA_STYLE_COLOUR('',#60210);
#60230=FILL_AREA_STYLE('',(#60220));
#60240=SURFACE_STYLE_FILL_AREA(#60230);
#60250=SURFACE_SIDE_STYLE('',(#60240));
#60260=SURFACE_STYLE_USAGE(.BOTH.,#60250);
#60270=PRESENTATION_STYLE_ASSIGNMENT((#60260));
#60280=CARTESIAN_POINT('',(3.08010079098034,18.0279202724821,
47.7543207145936));
#60290=DIRECTION('',(1.74584175047425E-12,1.06286035934624E-11,1.));
#60300=DIRECTION('',(-0.707106781124141,0.707106781248954,
-6.2810611356143E-12));
#60310=AXIS2_PLACEMENT_3D('',#60280,#60290,#60300);
#60320=PLANE('',#60310);
#60330=ORIENTED_EDGE('',*,*,#60150,.T.);
#60340=ORIENTED_EDGE('',*,*,#55400,.T.);
#60350=CARTESIAN_POINT('',(-4.29329989006807,28.0996706639264,
47.7543207144994));
#60360=DIRECTION('',(-0.707106781124099,0.707106781248996,
-6.28105865045734E-12));
#60370=VECTOR('',#60360,1.);
#60380=LINE('',#60350,#60370);
#60390=CARTESIAN_POINT('',(4.85109814907021,18.9552726231729,
47.7543207145806));
#60400=VERTEX_POINT('',#60390);
#60410=EDGE_CURVE('',#60400,#55310,#60380,.T.);
#60420=ORIENTED_EDGE('',*,*,#60410,.T.);
#60430=CARTESIAN_POINT('',(-36.4188683151667,18.9552580782458,
47.7543207146527));
#60440=DIRECTION('',(-0.999999999999938,-3.52433702545281E-7,
1.74584549635868E-12));
#60450=VECTOR('',#60440,1.);
#60460=LINE('',#60430,#60450);
#60470=CARTESIAN_POINT('',(5.2989020026327,18.9552727809941,
47.7543207145799));
#60480=VERTEX_POINT('',#60470);
#60490=EDGE_CURVE('',#60480,#60400,#60460,.T.);
#60500=ORIENTED_EDGE('',*,*,#60490,.T.);
#60510=CARTESIAN_POINT('',(14.4432998855244,28.0996706622728,
47.7543207144667));
#60520=DIRECTION('',(0.707106781248912,0.707106781124183,
-8.75000837170041E-12));
#60530=VECTOR('',#60520,1.);
#60540=LINE('',#60510,#60530);
#60550=CARTESIAN_POINT('',(6.39362944971324,20.0500002278815,
47.7543207145663));
#60560=VERTEX_POINT('',#60550);
#60570=EDGE_CURVE('',#60480,#60560,#60540,.T.);
#60580=ORIENTED_EDGE('',*,*,#60570,.F.);
#60590=CARTESIAN_POINT('',(-36.4188683150701,20.0500002316675,
47.7543207146411));
#60600=DIRECTION('',(1.,-8.84316963168279E-11,-1.74584174953435E-12));
#60610=VECTOR('',#60600,1.);
#60620=LINE('',#60590,#60610);
#60630=CARTESIAN_POINT('',(8.65637099419805,20.0500002276814,
47.7543207145624));
#60640=VERTEX_POINT('',#60630);
#60650=EDGE_CURVE('',#60560,#60640,#60620,.T.);
#60660=ORIENTED_EDGE('',*,*,#60650,.F.);
#60670=CARTESIAN_POINT('',(-36.4188683190482,-25.0252390776031,
47.7543207151202));
#60680=DIRECTION('',(-0.707106781248996,-0.707106781124099,
8.75000837169999E-12));
#60690=VECTOR('',#60680,1.);
#60700=LINE('',#60670,#60690);
#60710=CARTESIAN_POINT('',(6.4302731736074,17.823902407484,
47.7543207145899));
#60720=VERTEX_POINT('',#60710);
#60730=EDGE_CURVE('',#60640,#60720,#60700,.T.);
#60740=ORIENTED_EDGE('',*,*,#60730,.F.);
#60750=CARTESIAN_POINT('',(6.43027317447472,28.09967066298,
47.7543207144807));
#60760=DIRECTION('',(8.44034940317366E-11,1.,-1.06286035936098E-11));
#60770=VECTOR('',#60760,1.);
#60780=LINE('',#60750,#60770);
#60790=EDGE_CURVE('',#59090,#60720,#60780,.T.);
#60800=ORIENTED_EDGE('',*,*,#60790,.T.);
#60810=ORIENTED_EDGE('',*,*,#59100,.T.);
#60820=CARTESIAN_POINT('',(-36.4188683155025,15.1499997818218,
47.7543207146931));
#60830=DIRECTION('',(1.,-8.80809056713646E-11,-1.74584174953808E-12));
#60840=VECTOR('',#60830,1.);
#60850=LINE('',#60820,#60840);
#60860=CARTESIAN_POINT('',(6.39362944923581,15.1499997780509,
47.7543207146184));
#60870=VERTEX_POINT('',#60860);
#60880=EDGE_CURVE('',#60870,#59010,#60850,.T.);
#60890=ORIENTED_EDGE('',*,*,#60880,.T.);
#60900=CARTESIAN_POINT('',(-36.418868311724,57.9624975465626,
47.7543207142381));
#60910=DIRECTION('',(0.707106781124183,-0.707106781248912,
6.28105865045706E-12));
#60920=VECTOR('',#60910,1.);
#60930=LINE('',#60900,#60920);
#60940=EDGE_CURVE('',#59460,#60870,#60930,.T.);
#60950=ORIENTED_EDGE('',*,*,#60940,.T.);
#60960=ORIENTED_EDGE('',*,*,#59470,.T.);
#60970=CARTESIAN_POINT('',(-36.4188683190482,-25.0252390776031,
47.7543207151202));
#60980=DIRECTION('',(-0.707106781248996,-0.707106781124099,
8.75000837169999E-12));
#60990=VECTOR('',#60980,1.);
#61000=LINE('',#60970,#60990);
#61010=EDGE_CURVE('',#59380,#59840,#61000,.T.);
#61020=ORIENTED_EDGE('',*,*,#61010,.F.);
#61030=ORIENTED_EDGE('',*,*,#59850,.F.);
#61040=CARTESIAN_POINT('',(14.4432998855244,28.0996706622728,
47.7543207144667));
#61050=DIRECTION('',(0.707106781248912,0.707106781124183,
-8.75000837170041E-12));
#61060=VECTOR('',#61050,1.);
#61070=LINE('',#61040,#61060);
#61080=EDGE_CURVE('',#59760,#55020,#61070,.T.);
#61090=ORIENTED_EDGE('',*,*,#61080,.F.);
#61100=ORIENTED_EDGE('',*,*,#55030,.T.);
#61110=EDGE_LOOP('',(#61100,#61090,#61030,#61020,#60960,#60950,#60890,
#60810,#60800,#60740,#60660,#60580,#60500,#60420,#60340,#60330));
#61120=FACE_OUTER_BOUND('',#61110,.T.);
#61130=ADVANCED_FACE('',(#61120),#60320,.T.);
#61140=COLOUR_RGB('',0.980392217636108,0.517647087574005,
0.168627455830574);
#61150=FILL_AREA_STYLE_COLOUR('',#61140);
#61160=FILL_AREA_STYLE('',(#61150));
#61170=SURFACE_STYLE_FILL_AREA(#61160);
#61180=SURFACE_SIDE_STYLE('',(#61170));
#61190=SURFACE_STYLE_USAGE(.BOTH.,#61180);
#61200=PRESENTATION_STYLE_ASSIGNMENT((#61190));
#61210=CARTESIAN_POINT('',(3.1516192753164,16.8262601489956,
47.90198450902));
#61220=DIRECTION('',(0.704416026340742,-0.704416026463918,
0.087155742754594));
#61230=DIRECTION('',(0.0616284167090408,-0.0616284167332066,
-0.996194698091139));
#61240=AXIS2_PLACEMENT_3D('',#61210,#61220,#61230);
#61250=PLANE('',#61240);
#61260=ORIENTED_EDGE('',*,*,#55090,.T.);
#61270=ORIENTED_EDGE('',*,*,#61080,.T.);
#61280=ORIENTED_EDGE('',*,*,#59770,.F.);
#61290=ORIENTED_EDGE('',*,*,#49370,.T.);
#61300=EDGE_LOOP('',(#61290,#61280,#61270,#61260));
#61310=FACE_OUTER_BOUND('',#61300,.T.);
#61320=ADVANCED_FACE('',(#61310),#61250,.T.);
#61330=COLOUR_RGB('',0.980392217636108,0.517647087574005,
0.168627455830574);
#61340=FILL_AREA_STYLE_COLOUR('',#61330);
#61350=FILL_AREA_STYLE('',(#61340));
#61360=SURFACE_STYLE_FILL_AREA(#61350);
#61370=SURFACE_SIDE_STYLE('',(#61360));
#61380=SURFACE_STYLE_USAGE(.BOTH.,#61370);
#61390=PRESENTATION_STYLE_ASSIGNMENT((#61380));
#61400=CARTESIAN_POINT('',(4.40462110480139,15.5732583193117,
49.5727664020328));
#61410=DIRECTION('',(-0.704416026340438,0.704416026465938,
0.0871557427407223));
#61420=DIRECTION('',(0.0616284167125196,-0.0616284167101104,
0.996194698092353));
#61430=AXIS2_PLACEMENT_3D('',#61400,#61410,#61420);
#61440=PLANE('',#61430);
#61450=ORIENTED_EDGE('',*,*,#49530,.T.);
#61460=ORIENTED_EDGE('',*,*,#59910,.T.);
#61470=ORIENTED_EDGE('',*,*,#61010,.T.);
#61480=ORIENTED_EDGE('',*,*,#59390,.F.);
#61490=EDGE_LOOP('',(#61480,#61470,#61460,#61450));
#61500=FACE_OUTER_BOUND('',#61490,.T.);
#61510=ADVANCED_FACE('',(#61500),#61440,.T.);
#61520=COLOUR_RGB('',0.980392217636108,0.517647087574005,
0.168627455830574);
#61530=FILL_AREA_STYLE_COLOUR('',#61520);
#61540=FILL_AREA_STYLE('',(#61530));
#61550=SURFACE_STYLE_FILL_AREA(#61540);
#61560=SURFACE_SIDE_STYLE('',(#61550));
#61570=SURFACE_STYLE_USAGE(.BOTH.,#61560);
#61580=PRESENTATION_STYLE_ASSIGNMENT((#61570));
#61590=ORIENTED_EDGE('',*,*,#49770,.T.);
#61600=CARTESIAN_POINT('',(6.24981503937041,14.8028010794039,
51.7228200002131));
#61610=DIRECTION('',(0.036077588588576,0.0870990036394748,
-0.99554616727033));
#61620=VECTOR('',#61610,1.);
#61630=LINE('',#61600,#61620);
#61640=EDGE_CURVE('',#49680,#60870,#61630,.T.);
#61650=ORIENTED_EDGE('',*,*,#61640,.F.);
#61660=ORIENTED_EDGE('',*,*,#60880,.F.);
#61670=ORIENTED_EDGE('',*,*,#59020,.T.);
#61680=EDGE_LOOP('',(#61670,#61660,#61650,#61590));
#61690=FACE_OUTER_BOUND('',#61680,.T.);
#61700=ADVANCED_FACE('',(#61690),#59700,.T.);
#61710=COLOUR_RGB('',0.980392217636108,0.517647087574005,
0.168627455830574);
#61720=FILL_AREA_STYLE_COLOUR('',#61710);
#61730=FILL_AREA_STYLE('',(#61720));
#61740=SURFACE_STYLE_FILL_AREA(#61730);
#61750=SURFACE_SIDE_STYLE('',(#61740));
#61760=SURFACE_STYLE_USAGE(.BOTH.,#61750);
#61770=PRESENTATION_STYLE_ASSIGNMENT((#61760));
#61780=ORIENTED_EDGE('',*,*,#59530,.T.);
#61790=ORIENTED_EDGE('',*,*,#60940,.F.);
#61800=ORIENTED_EDGE('',*,*,#61640,.T.);
#61810=ORIENTED_EDGE('',*,*,#49690,.T.);
#61820=EDGE_LOOP('',(#61810,#61800,#61790,#61780));
#61830=FACE_OUTER_BOUND('',#61820,.T.);
#61840=ADVANCED_FACE('',(#61830),#60080,.T.);
#61850=COLOUR_RGB('',0.980392217636108,0.517647087574005,
0.168627455830574);
#61860=FILL_AREA_STYLE_COLOUR('',#61850);
#61870=FILL_AREA_STYLE('',(#61860));
#61880=SURFACE_STYLE_FILL_AREA(#61870);
#61890=SURFACE_SIDE_STYLE('',(#61880));
#61900=SURFACE_STYLE_USAGE(.BOTH.,#61890);
#61910=PRESENTATION_STYLE_ASSIGNMENT((#61900));
#61920=CARTESIAN_POINT('',(6.49563998063389,17.4026310732537,
48.5014667381631));
#61930=DIRECTION('',(-0.996194698091593,8.50086570954114E-11,
0.0871557427493974));
#61940=DIRECTION('',(8.44034940317366E-11,1.,-1.06286035936098E-11));
#61950=AXIS2_PLACEMENT_3D('',#61920,#61930,#61940);
#61960=PLANE('',#61950);
#61970=ORIENTED_EDGE('',*,*,#59160,.T.);
#61980=ORIENTED_EDGE('',*,*,#60790,.F.);
#61990=CARTESIAN_POINT('',(6.77747187230317,17.6800879976597,
51.7228200001937));
#62000=DIRECTION('',(0.0870990036514513,-0.0360775885781595,
0.99554616726966));
#62010=VECTOR('',#62000,1.);
#62020=LINE('',#61990,#62010);
#62030=EDGE_CURVE('',#60720,#48640,#62020,.T.);
#62040=ORIENTED_EDGE('',*,*,#62030,.F.);
#62050=ORIENTED_EDGE('',*,*,#48650,.T.);
#62060=EDGE_LOOP('',(#62050,#62040,#61980,#61970));
#62070=FACE_OUTER_BOUND('',#62060,.T.);
#62080=ADVANCED_FACE('',(#62070),#61960,.T.);
#62090=COLOUR_RGB('',0.980392217636108,0.517647087574005,
0.168627455830574);
#62100=FILL_AREA_STYLE_COLOUR('',#62090);
#62110=FILL_AREA_STYLE('',(#62100));
#62120=SURFACE_STYLE_FILL_AREA(#62110);
#62130=SURFACE_SIDE_STYLE('',(#62120));
#62140=SURFACE_STYLE_USAGE(.BOTH.,#62130);
#62150=PRESENTATION_STYLE_ASSIGNMENT((#62140));
#62160=CARTESIAN_POINT('',(5.27236849538493,19.0206395787115,
48.501466738148));
#62170=DIRECTION('',(3.51092738064586E-7,-0.996194698090757,
0.0871557427582463));
#62180=DIRECTION('',(-0.999999999999938,-3.52433702545281E-7,
1.74584549635162E-12));
#62190=AXIS2_PLACEMENT_3D('',#62160,#62170,#62180);
#62200=PLANE('',#62190);
#62210=ORIENTED_EDGE('',*,*,#48970,.F.);
#62220=CARTESIAN_POINT('',(5.15508754212805,19.3024714290531,
51.7228200001898));
#62230=DIRECTION('',(-0.0360776013152502,0.0870989910048952,
0.995546167914511));
#62240=VECTOR('',#62230,1.);
#62250=LINE('',#62220,#62240);
#62260=EDGE_CURVE('',#60480,#48880,#62250,.T.);
#62270=ORIENTED_EDGE('',*,*,#62260,.T.);
#62280=ORIENTED_EDGE('',*,*,#60490,.F.);
#62290=CARTESIAN_POINT('',(4.99491250824683,19.3024713726021,
51.7228200001904));
#62300=DIRECTION('',(-0.0360775758490643,-0.0870990163217809,
-0.995546166622439));
#62310=VECTOR('',#62300,1.);
#62320=LINE('',#62290,#62310);
#62330=EDGE_CURVE('',#48960,#60400,#62320,.T.);
#62340=ORIENTED_EDGE('',*,*,#62330,.T.);
#62350=EDGE_LOOP('',(#62340,#62280,#62270,#62210));
#62360=FACE_OUTER_BOUND('',#62350,.T.);
#62370=ADVANCED_FACE('',(#62360),#62200,.T.);
#62380=COLOUR_RGB('',0.980392217636108,0.517647087574005,
0.168627455830574);
#62390=FILL_AREA_STYLE_COLOUR('',#62380);
#62400=FILL_AREA_STYLE('',(#62390));
#62410=SURFACE_STYLE_FILL_AREA(#62400);
#62420=SURFACE_SIDE_STYLE('',(#62410));
#62430=SURFACE_STYLE_USAGE(.BOTH.,#62420);
#62440=PRESENTATION_STYLE_ASSIGNMENT((#62430));
#62450=CARTESIAN_POINT('',(6.24981503990432,20.3971989266367,
51.7228200001791));
#62460=DIRECTION('',(0.0360775885741761,-0.0870990036660434,
-0.995546167268528));
#62470=VECTOR('',#62460,1.);
#62480=LINE('',#62450,#62470);
#62490=EDGE_CURVE('',#48800,#60560,#62480,.T.);
#62500=ORIENTED_EDGE('',*,*,#62490,.F.);
#62510=ORIENTED_EDGE('',*,*,#60570,.T.);
#62520=ORIENTED_EDGE('',*,*,#62260,.F.);
#62530=ORIENTED_EDGE('',*,*,#48890,.T.);
#62540=EDGE_LOOP('',(#62530,#62520,#62510,#62500));
#62550=FACE_OUTER_BOUND('',#62540,.T.);
#62560=ADVANCED_FACE('',(#62550),#61250,.T.);
#62570=COLOUR_RGB('',0.980392217636108,0.517647087574005,
0.168627455830574);
#62580=FILL_AREA_STYLE_COLOUR('',#62570);
#62590=FILL_AREA_STYLE('',(#62580));
#62600=SURFACE_STYLE_FILL_AREA(#62590);
#62610=SURFACE_SIDE_STYLE('',(#62600));
#62620=SURFACE_STYLE_USAGE(.BOTH.,#62610);
#62630=PRESENTATION_STYLE_ASSIGNMENT((#62620));
#62640=CARTESIAN_POINT('',(6.91285997716323,20.1385543622862,
48.7664991028428));
#62650=DIRECTION('',(-8.79430268795869E-11,-0.996194698090861,
0.0871557427577665));
#62660=DIRECTION('',(-1.,8.83870009679509E-11,1.23497157423944E-12));
#62670=AXIS2_PLACEMENT_3D('',#62640,#62650,#62660);
#62680=PLANE('',#62670);
#62690=ORIENTED_EDGE('',*,*,#60650,.T.);
#62700=ORIENTED_EDGE('',*,*,#62490,.T.);
#62710=ORIENTED_EDGE('',*,*,#48810,.F.);
#62720=CARTESIAN_POINT('',(9.49458280147344,20.3971989263492,
51.7228200001672));
#62730=DIRECTION('',(-0.205903901124324,-0.0852881883796764,
-0.974848454081299));
#62740=VECTOR('',#62730,1.);
#62750=LINE('',#62720,#62740);
#62760=EDGE_CURVE('',#48720,#60640,#62750,.T.);
#62770=ORIENTED_EDGE('',*,*,#62760,.F.);
#62780=EDGE_LOOP('',(#62770,#62710,#62700,#62690));
#62790=FACE_OUTER_BOUND('',#62780,.T.);
#62800=ADVANCED_FACE('',(#62790),#62680,.T.);
#62810=COLOUR_RGB('',0.980392217636108,0.517647087574005,
0.168627455830574);
#62820=FILL_AREA_STYLE_COLOUR('',#62810);
#62830=FILL_AREA_STYLE('',(#62820));
#62840=SURFACE_STYLE_FILL_AREA(#62830);
#62850=SURFACE_SIDE_STYLE('',(#62840));
#62860=SURFACE_STYLE_USAGE(.BOTH.,#62850);
#62870=PRESENTATION_STYLE_ASSIGNMENT((#62860));
#62880=CARTESIAN_POINT('',(4.40462110480139,15.5732583193117,
49.5727664020328));
#62890=DIRECTION('',(-0.704416026340438,0.704416026465938,
0.0871557427407223));
#62900=DIRECTION('',(0.0616284167125196,-0.0616284167101104,
0.996194698092353));
#62910=AXIS2_PLACEMENT_3D('',#62880,#62890,#62900);
#62920=PLANE('',#62910);
#62930=ORIENTED_EDGE('',*,*,#60730,.T.);
#62940=ORIENTED_EDGE('',*,*,#62760,.T.);
#62950=ORIENTED_EDGE('',*,*,#48730,.T.);
#62960=ORIENTED_EDGE('',*,*,#62030,.T.);
#62970=EDGE_LOOP('',(#62960,#62950,#62940,#62930));
#62980=FACE_OUTER_BOUND('',#62970,.T.);
#62990=ADVANCED_FACE('',(#62980),#62920,.T.);
#63000=COLOUR_RGB('',0.980392217636108,0.517647087574005,
0.168627455830574);
#63010=FILL_AREA_STYLE_COLOUR('',#63000);
#63020=FILL_AREA_STYLE('',(#63010));
#63030=SURFACE_STYLE_FILL_AREA(#63020);
#63040=SURFACE_SIDE_STYLE('',(#63030));
#63050=SURFACE_STYLE_USAGE(.BOTH.,#63040);
#63060=PRESENTATION_STYLE_ASSIGNMENT((#63050));
#63070=ORIENTED_EDGE('',*,*,#62330,.F.);
#63080=ORIENTED_EDGE('',*,*,#60410,.F.);
#63090=ORIENTED_EDGE('',*,*,#55320,.T.);
#63100=ORIENTED_EDGE('',*,*,#49050,.T.);
#63110=EDGE_LOOP('',(#63100,#63090,#63080,#63070));
#63120=FACE_OUTER_BOUND('',#63110,.T.);
#63130=ADVANCED_FACE('',(#63120),#58940,.T.);
#63140=COLOUR_RGB('',0.980392217636108,0.517647087574005,
0.168627455830574);
#63150=FILL_AREA_STYLE_COLOUR('',#63140);
#63160=FILL_AREA_STYLE('',(#63150));
#63170=SURFACE_STYLE_FILL_AREA(#63160);
#63180=SURFACE_SIDE_STYLE('',(#63170));
#63190=SURFACE_STYLE_USAGE(.BOTH.,#63180);
#63200=PRESENTATION_STYLE_ASSIGNMENT((#63190));
#63210=CARTESIAN_POINT('',(3.04825776870996,55.0703784914788,
49.5727663970948));
#63220=DIRECTION('',(0.7044160264655,0.704416026362212,
0.0871557425682777));
#63230=DIRECTION('',(-0.0616284167151189,-0.0616284164636375,
0.996194698107439));
#63240=AXIS2_PLACEMENT_3D('',#63210,#63220,#63230);
#63250=PLANE('',#63240);
#63260=ORIENTED_EDGE('',*,*,#43090,.T.);
#63270=CARTESIAN_POINT('',(0.655417195691049,57.1971979766673,
51.7228199947496));
#63280=DIRECTION('',(0.205903901102964,-0.0852881886484303,
-0.974848454062297));
#63290=VECTOR('',#63280,1.);
#63300=LINE('',#63270,#63290);
#63310=CARTESIAN_POINT('',(1.49362900287435,56.8499992769076,
47.7543207092466));
#63320=VERTEX_POINT('',#63310);
#63330=EDGE_CURVE('',#43020,#63320,#63300,.T.);
#63340=ORIENTED_EDGE('',*,*,#63330,.F.);
#63350=CARTESIAN_POINT('',(14.4432998866619,43.9003283908328,
47.7543207123867));
#63360=DIRECTION('',(0.707106781124099,-0.707106781248996,
1.71463502257522E-10));
#63370=VECTOR('',#63360,1.);
#63380=LINE('',#63350,#63370);
#63390=CARTESIAN_POINT('',(3.71972682302421,54.6239014563646,
47.7543207097863));
#63400=VERTEX_POINT('',#63390);
#63410=EDGE_CURVE('',#63320,#63400,#63380,.T.);
#63420=ORIENTED_EDGE('',*,*,#63410,.F.);
#63430=CARTESIAN_POINT('',(3.37252812433338,54.4800870475429,
51.7228199954261));
#63440=DIRECTION('',(-0.0870990036502286,-0.0360775883266572,
0.995546167278881));
#63450=VECTOR('',#63440,1.);
#63460=LINE('',#63430,#63450);
#63470=EDGE_CURVE('',#63400,#41880,#63460,.T.);
#63480=ORIENTED_EDGE('',*,*,#63470,.F.);
#63490=EDGE_LOOP('',(#63480,#63420,#63340,#63260));
#63500=FACE_OUTER_BOUND('',#63490,.T.);
#63510=ADVANCED_FACE('',(#63500),#63250,.T.);
#63520=COLOUR_RGB('',0.980392217636108,0.517647087574005,
0.168627455830574);
#63530=FILL_AREA_STYLE_COLOUR('',#63520);
#63540=FILL_AREA_STYLE('',(#63530));
#63550=SURFACE_STYLE_FILL_AREA(#63540);
#63560=SURFACE_SIDE_STYLE('',(#63550));
#63570=SURFACE_STYLE_USAGE(.BOTH.,#63560);
#63580=PRESENTATION_STYLE_ASSIGNMENT((#63570));
#63590=CARTESIAN_POINT('',(5.2723684053253,55.8206384883872,
48.5014667330496));
#63600=DIRECTION('',(-3.51263962217955E-7,-0.996194698070062,
0.0871557429948011));
#63610=DIRECTION('',(-0.999999999999938,3.52606223506918E-7,
5.60084910225917E-12));
#63620=AXIS2_PLACEMENT_3D('',#63590,#63600,#63610);
#63630=PLANE('',#63620);
#63640=CARTESIAN_POINT('',(5.1550874886892,56.1024704221802,
51.7228199950097));
#63650=DIRECTION('',(-0.0360775758265144,0.0870990165644064,
0.995546166602029));
#63660=VECTOR('',#63650,1.);
#63670=LINE('',#63640,#63660);
#63680=CARTESIAN_POINT('',(5.2989018477753,55.7552716717851,
47.7543207094968));
#63690=VERTEX_POINT('',#63680);
#63700=EDGE_CURVE('',#63690,#42780,#63670,.T.);
#63710=ORIENTED_EDGE('',*,*,#63700,.T.);
#63720=CARTESIAN_POINT('',(46.5688683119997,55.7552571197382,
47.7543207092657));
#63730=DIRECTION('',(-0.999999999999938,3.52606223506918E-7,
5.60084910222535E-12));
#63740=VECTOR('',#63730,1.);
#63750=LINE('',#63720,#63740);
#63760=CARTESIAN_POINT('',(4.85109799418947,55.7552718296838,
47.7543207094993));
#63770=VERTEX_POINT('',#63760);
#63780=EDGE_CURVE('',#63690,#63770,#63750,.T.);
#63790=ORIENTED_EDGE('',*,*,#63780,.F.);
#63800=CARTESIAN_POINT('',(4.9949124547835,56.1024704786589,
51.7228199950103));
#63810=DIRECTION('',(0.0360776013377881,0.0870989912350712,
0.995546167893556));
#63820=VECTOR('',#63810,1.);
#63830=LINE('',#63800,#63820);
#63840=EDGE_CURVE('',#63770,#42860,#63830,.T.);
#63850=ORIENTED_EDGE('',*,*,#63840,.F.);
#63860=ORIENTED_EDGE('',*,*,#42870,.F.);
#63870=EDGE_LOOP('',(#63860,#63850,#63790,#63710));
#63880=FACE_OUTER_BOUND('',#63870,.T.);
#63890=ADVANCED_FACE('',(#63880),#63630,.T.);
#63900=COLOUR_RGB('',0.980392217636108,0.517647087574005,
0.168627455830574);
#63910=FILL_AREA_STYLE_COLOUR('',#63900);
#63920=FILL_AREA_STYLE('',(#63910));
#63930=SURFACE_STYLE_FILL_AREA(#63920);
#63940=SURFACE_SIDE_STYLE('',(#63930));
#63950=SURFACE_STYLE_USAGE(.BOTH.,#63940);
#63960=PRESENTATION_STYLE_ASSIGNMENT((#63950));
#63970=CARTESIAN_POINT('',(8.29125514403365,56.9385534110016,
48.7664990974746));
#63980=DIRECTION('',(-8.72575774443909E-11,-0.996194698070081,
0.0871557429952809));
#63990=DIRECTION('',(-1.,8.81256010208622E-11,6.11180673269252E-12));
#64000=AXIS2_PLACEMENT_3D('',#63970,#63980,#63990);
#64010=PLANE('',#64000);
#64020=CARTESIAN_POINT('',(9.49458280444463,57.1971979758902,
51.7228199947172));
#64030=DIRECTION('',(0.205903901130819,0.0852881886121228,
0.97484845405959));
#64040=VECTOR('',#64030,1.);
#64050=LINE('',#64020,#64040);
#64060=CARTESIAN_POINT('',(8.65637099714398,56.8499992762767,
47.7543207092064));
#64070=VERTEX_POINT('',#64060);
#64080=EDGE_CURVE('',#64070,#42620,#64050,.T.);
#64090=ORIENTED_EDGE('',*,*,#64080,.T.);
#64100=CARTESIAN_POINT('',(46.5688683120963,56.8499992729374,
47.7543207089941));
#64110=DIRECTION('',(1.,-8.80809056718633E-11,-5.60093655740809E-12));
#64120=VECTOR('',#64110,1.);
#64130=LINE('',#64100,#64120);
#64140=CARTESIAN_POINT('',(6.39362945265956,56.849999276476,
47.7543207092191));
#64150=VERTEX_POINT('',#64140);
#64160=EDGE_CURVE('',#64150,#64070,#64130,.T.);
#64170=ORIENTED_EDGE('',*,*,#64160,.T.);
#64180=CARTESIAN_POINT('',(6.24981504287823,57.1971979761755,
51.7228199947291));
#64190=DIRECTION('',(-0.0360775885674462,0.0870990039033997,
0.995546167248005));
#64200=VECTOR('',#64190,1.);
#64210=LINE('',#64180,#64200);
#64220=EDGE_CURVE('',#64150,#42700,#64210,.T.);
#64230=ORIENTED_EDGE('',*,*,#64220,.F.);
#64240=ORIENTED_EDGE('',*,*,#42710,.T.);
#64250=EDGE_LOOP('',(#64240,#64230,#64170,#64090));
#64260=FACE_OUTER_BOUND('',#64250,.T.);
#64270=ADVANCED_FACE('',(#64260),#64010,.T.);
#64280=COLOUR_RGB('',0.980392217636108,0.517647087574005,
0.168627455830574);
#64290=FILL_AREA_STYLE_COLOUR('',#64280);
#64300=FILL_AREA_STYLE('',(#64290));
#64310=SURFACE_STYLE_FILL_AREA(#64300);
#64320=SURFACE_SIDE_STYLE('',(#64310));
#64330=SURFACE_STYLE_USAGE(.BOTH.,#64320);
#64340=PRESENTATION_STYLE_ASSIGNMENT((#64330));
#64350=CARTESIAN_POINT('',(4.30125959840225,56.3233803205464,
47.9019845037752));
#64360=DIRECTION('',(-0.704416026464356,-0.704416026318967,
0.0871557429270386));
#64370=DIRECTION('',(-0.0616284167281981,-0.0616284169579229,
-0.996194698076052));
#64380=AXIS2_PLACEMENT_3D('',#64350,#64360,#64370);
#64390=PLANE('',#64380);
#64400=ORIENTED_EDGE('',*,*,#42470,.T.);
#64410=ORIENTED_EDGE('',*,*,#56150,.F.);
#64420=CARTESIAN_POINT('',(46.5688683083179,14.0375015081966,
47.7543207196153));
#64430=DIRECTION('',(-0.707106781124183,0.707106781248912,
-1.714635022575E-10));
#64440=VECTOR('',#64430,1.);
#64450=LINE('',#64420,#64440);
#64460=EDGE_CURVE('',#56080,#54560,#64450,.T.);
#64470=ORIENTED_EDGE('',*,*,#64460,.F.);
#64480=ORIENTED_EDGE('',*,*,#54570,.F.);
#64490=EDGE_LOOP('',(#64480,#64470,#64410,#64400));
#64500=FACE_OUTER_BOUND('',#64490,.T.);
#64510=ADVANCED_FACE('',(#64500),#64390,.T.);
#64520=COLOUR_RGB('',0.980392217636108,0.517647087574005,
0.168627455830574);
#64530=FILL_AREA_STYLE_COLOUR('',#64520);
#64540=FILL_AREA_STYLE('',(#64530));
#64550=SURFACE_STYLE_FILL_AREA(#64540);
#64560=SURFACE_SIDE_STYLE('',(#64550));
#64570=SURFACE_STYLE_USAGE(.BOTH.,#64560);
#64580=PRESENTATION_STYLE_ASSIGNMENT((#64570));
#64590=CARTESIAN_POINT('',(7.06989920561347,53.9720787822771,
47.7543207099293));
#64600=DIRECTION('',(5.60093657925981E-12,2.48086943386889E-10,1.));
#64610=DIRECTION('',(0.707106781124141,-0.707106781248954,
1.71463499772354E-10));
#64620=AXIS2_PLACEMENT_3D('',#64590,#64600,#64610);
#64630=PLANE('',#64620);
#64640=ORIENTED_EDGE('',*,*,#64460,.T.);
#64650=ORIENTED_EDGE('',*,*,#56090,.T.);
#64660=CARTESIAN_POINT('',(14.4432998866619,43.9003283908328,
47.7543207123867));
#64670=DIRECTION('',(0.707106781124099,-0.707106781248996,
1.71463502257522E-10));
#64680=VECTOR('',#64670,1.);
#64690=LINE('',#64660,#64680);
#64700=CARTESIAN_POINT('',(5.29890184752359,53.0447264315863,
47.7543207101693));
#64710=VERTEX_POINT('',#64700);
#64720=EDGE_CURVE('',#64710,#56000,#64690,.T.);
#64730=ORIENTED_EDGE('',*,*,#64720,.T.);
#64740=CARTESIAN_POINT('',(46.5688683117605,53.0447409765133,
47.7543207099381));
#64750=DIRECTION('',(0.999999999999938,3.5243370254528E-7,
-5.60102401345306E-12));
#64760=VECTOR('',#64750,1.);
#64770=LINE('',#64740,#64760);
#64780=CARTESIAN_POINT('',(4.85109799396111,53.0447262737651,
47.7543207101718));
#64790=VERTEX_POINT('',#64780);
#64800=EDGE_CURVE('',#64790,#64710,#64770,.T.);
#64810=ORIENTED_EDGE('',*,*,#64800,.T.);
#64820=CARTESIAN_POINT('',(-4.29329988893057,43.9003283924864,
47.7543207124916));
#64830=DIRECTION('',(-0.707106781248912,-0.707106781124183,
1.79384466057646E-10));
#64840=VECTOR('',#64830,1.);
#64850=LINE('',#64820,#64840);
#64860=CARTESIAN_POINT('',(3.75637054688057,51.9499988268777,
47.7543207104495));
#64870=VERTEX_POINT('',#64860);
#64880=EDGE_CURVE('',#64790,#64870,#64850,.T.);
#64890=ORIENTED_EDGE('',*,*,#64880,.F.);
#64900=CARTESIAN_POINT('',(46.5688683116639,51.9499988230917,
47.7543207102097));
#64910=DIRECTION('',(-1.,8.84316963173266E-11,5.60093655732106E-12));
#64920=VECTOR('',#64910,1.);
#64930=LINE('',#64900,#64920);
#64940=CARTESIAN_POINT('',(1.49362900239576,51.9499988270777,
47.7543207104622));
#64950=VERTEX_POINT('',#64940);
#64960=EDGE_CURVE('',#64870,#64950,#64930,.T.);
#64970=ORIENTED_EDGE('',*,*,#64960,.F.);
#64980=CARTESIAN_POINT('',(46.568868315642,97.0252381323623,
47.7543206990271));
#64990=DIRECTION('',(0.707106781248996,0.707106781124099,
-1.79384466057625E-10));
#65000=VECTOR('',#64990,1.);
#65010=LINE('',#64980,#65000);
#65020=CARTESIAN_POINT('',(3.7197268229864,54.1760966472752,
47.7543207098974));
#65030=VERTEX_POINT('',#65020);
#65040=EDGE_CURVE('',#64950,#65030,#65010,.T.);
#65050=ORIENTED_EDGE('',*,*,#65040,.F.);
#65060=CARTESIAN_POINT('',(3.71972682211909,43.9003283917792,
47.7543207124467));
#65070=DIRECTION('',(-8.44034940308643E-11,-1.,2.48086943387362E-10));
#65080=VECTOR('',#65070,1.);
#65090=LINE('',#65060,#65080);
#65100=EDGE_CURVE('',#63400,#65030,#65090,.T.);
#65110=ORIENTED_EDGE('',*,*,#65100,.T.);
#65120=ORIENTED_EDGE('',*,*,#63410,.T.);
#65130=CARTESIAN_POINT('',(46.5688683120963,56.8499992729374,
47.7543207089941));
#65140=DIRECTION('',(-1.,8.80809056718633E-11,5.60093655740809E-12));
#65150=VECTOR('',#65140,1.);
#65160=LINE('',#65130,#65150);
#65170=CARTESIAN_POINT('',(3.756370547358,56.8499992767083,
47.7543207092339));
#65180=VERTEX_POINT('',#65170);
#65190=EDGE_CURVE('',#65180,#63320,#65160,.T.);
#65200=ORIENTED_EDGE('',*,*,#65190,.T.);
#65210=CARTESIAN_POINT('',(46.5688683083179,14.0375015081966,
47.7543207196153));
#65220=DIRECTION('',(-0.707106781124183,0.707106781248912,
-1.714635022575E-10));
#65230=VECTOR('',#65220,1.);
#65240=LINE('',#65210,#65230);
#65250=EDGE_CURVE('',#63770,#65180,#65240,.T.);
#65260=ORIENTED_EDGE('',*,*,#65250,.T.);
#65270=ORIENTED_EDGE('',*,*,#63780,.T.);
#65280=CARTESIAN_POINT('',(46.568868315642,97.0252381323623,
47.7543206990271));
#65290=DIRECTION('',(0.707106781248996,0.707106781124099,
-1.79384466057625E-10));
#65300=VECTOR('',#65290,1.);
#65310=LINE('',#65280,#65300);
#65320=EDGE_CURVE('',#63690,#64150,#65310,.T.);
#65330=ORIENTED_EDGE('',*,*,#65320,.F.);
#65340=ORIENTED_EDGE('',*,*,#64160,.F.);
#65350=CARTESIAN_POINT('',(-4.29329988893057,43.9003283924864,
47.7543207124916));
#65360=DIRECTION('',(-0.707106781248912,-0.707106781124183,
1.79384466057646E-10));
#65370=VECTOR('',#65360,1.);
#65380=LINE('',#65350,#65370);
#65390=EDGE_CURVE('',#64070,#54640,#65380,.T.);
#65400=ORIENTED_EDGE('',*,*,#65390,.F.);
#65410=ORIENTED_EDGE('',*,*,#54650,.T.);
#65420=EDGE_LOOP('',(#65410,#65400,#65340,#65330,#65270,#65260,#65200,
#65120,#65110,#65050,#64970,#64890,#64810,#64730,#64650,#64640));
#65430=FACE_OUTER_BOUND('',#65420,.T.);
#65440=ADVANCED_FACE('',(#65430),#64630,.T.);
#65450=COLOUR_RGB('',0.980392217636108,0.517647087574005,
0.168627455830574);
#65460=FILL_AREA_STYLE_COLOUR('',#65450);
#65470=FILL_AREA_STYLE('',(#65460));
#65480=SURFACE_STYLE_FILL_AREA(#65470);
#65490=SURFACE_SIDE_STYLE('',(#65480));
#65500=SURFACE_STYLE_USAGE(.BOTH.,#65490);
#65510=PRESENTATION_STYLE_ASSIGNMENT((#65500));
#65520=CARTESIAN_POINT('',(6.99838072127849,55.1737389058018,
47.9019845040454));
#65530=DIRECTION('',(-0.704416026340101,0.704416026486466,
0.0871557425775258));
#65540=DIRECTION('',(-0.0616284167163596,0.0616284164754755,
-0.99619469810663));
#65550=AXIS2_PLACEMENT_3D('',#65520,#65530,#65540);
#65560=PLANE('',#65550);
#65570=ORIENTED_EDGE('',*,*,#54710,.T.);
#65580=ORIENTED_EDGE('',*,*,#65390,.T.);
#65590=ORIENTED_EDGE('',*,*,#64080,.F.);
#65600=ORIENTED_EDGE('',*,*,#42630,.T.);
#65610=EDGE_LOOP('',(#65600,#65590,#65580,#65570));
#65620=FACE_OUTER_BOUND('',#65610,.T.);
#65630=ADVANCED_FACE('',(#65620),#65560,.T.);
#65640=COLOUR_RGB('',0.980392217636108,0.517647087574005,
0.168627455830574);
#65650=FILL_AREA_STYLE_COLOUR('',#65640);
#65660=FILL_AREA_STYLE('',(#65650));
#65670=SURFACE_STYLE_FILL_AREA(#65660);
#65680=SURFACE_SIDE_STYLE('',(#65670));
#65690=SURFACE_STYLE_USAGE(.BOTH.,#65680);
#65700=PRESENTATION_STYLE_ASSIGNMENT((#65690));
#65710=CARTESIAN_POINT('',(5.74537889180578,56.4267407359179,
49.5727663967432));
#65720=DIRECTION('',(0.704416026341078,-0.70441602644339,
0.0871557429177905));
#65730=DIRECTION('',(-0.0616284167052008,0.0616284169678414,
0.996194698076861));
#65740=AXIS2_PLACEMENT_3D('',#65710,#65720,#65730);
#65750=PLANE('',#65740);
#65760=ORIENTED_EDGE('',*,*,#42790,.T.);
#65770=ORIENTED_EDGE('',*,*,#64220,.T.);
#65780=ORIENTED_EDGE('',*,*,#65320,.T.);
#65790=ORIENTED_EDGE('',*,*,#63700,.F.);
#65800=EDGE_LOOP('',(#65790,#65780,#65770,#65760));
#65810=FACE_OUTER_BOUND('',#65800,.T.);
#65820=ADVANCED_FACE('',(#65810),#65750,.T.);
#65830=COLOUR_RGB('',0.980392217636108,0.517647087574005,
0.168627455830574);
#65840=FILL_AREA_STYLE_COLOUR('',#65830);
#65850=FILL_AREA_STYLE('',(#65840));
#65860=SURFACE_STYLE_FILL_AREA(#65850);
#65870=SURFACE_SIDE_STYLE('',(#65860));
#65880=SURFACE_STYLE_USAGE(.BOTH.,#65870);
#65890=PRESENTATION_STYLE_ASSIGNMENT((#65880));
#65900=ORIENTED_EDGE('',*,*,#43030,.T.);
#65910=CARTESIAN_POINT('',(3.90018495725255,57.197197976382,
51.7228199947377));
#65920=DIRECTION('',(-0.03607758859589,-0.0870990038970381,
-0.995546167247531));
#65930=VECTOR('',#65920,1.);
#65940=LINE('',#65910,#65930);
#65950=EDGE_CURVE('',#42940,#65180,#65940,.T.);
#65960=ORIENTED_EDGE('',*,*,#65950,.F.);
#65970=ORIENTED_EDGE('',*,*,#65190,.F.);
#65980=ORIENTED_EDGE('',*,*,#63330,.T.);
#65990=EDGE_LOOP('',(#65980,#65970,#65960,#65900));
#66000=FACE_OUTER_BOUND('',#65990,.T.);
#66010=ADVANCED_FACE('',(#66000),#64010,.T.);
#66020=COLOUR_RGB('',0.980392217636108,0.517647087574005,
0.168627455830574);
#66030=FILL_AREA_STYLE_COLOUR('',#66020);
#66040=FILL_AREA_STYLE('',(#66030));
#66050=SURFACE_STYLE_FILL_AREA(#66040);
#66060=SURFACE_SIDE_STYLE('',(#66050));
#66070=SURFACE_STYLE_USAGE(.BOTH.,#66060);
#66080=PRESENTATION_STYLE_ASSIGNMENT((#66070));
#66090=ORIENTED_EDGE('',*,*,#63840,.T.);
#66100=ORIENTED_EDGE('',*,*,#65250,.F.);
#66110=ORIENTED_EDGE('',*,*,#65950,.T.);
#66120=ORIENTED_EDGE('',*,*,#42950,.T.);
#66130=EDGE_LOOP('',(#66120,#66110,#66100,#66090));
#66140=FACE_OUTER_BOUND('',#66130,.T.);
#66150=ADVANCED_FACE('',(#66140),#64390,.T.);
#66160=COLOUR_RGB('',0.980392217636108,0.517647087574005,
0.168627455830574);
#66170=FILL_AREA_STYLE_COLOUR('',#66160);
#66180=FILL_AREA_STYLE('',(#66170));
#66190=SURFACE_STYLE_FILL_AREA(#66180);
#66200=SURFACE_SIDE_STYLE('',(#66190));
#66210=SURFACE_STYLE_USAGE(.BOTH.,#66200);
#66220=PRESENTATION_STYLE_ASSIGNMENT((#66210));
#66230=CARTESIAN_POINT('',(3.65436001596541,54.5973679816988,
48.5014667333621));
#66240=DIRECTION('',(0.996194698092234,-6.2460111438469E-11,
0.0871557427420785));
#66250=DIRECTION('',(-8.44034940308643E-11,-1.,2.48086943387362E-10));
#66260=AXIS2_PLACEMENT_3D('',#66230,#66240,#66250);
#66270=PLANE('',#66260);
#66280=ORIENTED_EDGE('',*,*,#63470,.T.);
#66290=ORIENTED_EDGE('',*,*,#65100,.F.);
#66300=CARTESIAN_POINT('',(3.3725281243198,54.3199110581262,
51.7228199954666));
#66310=DIRECTION('',(-0.0870990036441372,0.0360775888357228,
0.995546167260966));
#66320=VECTOR('',#66310,1.);
#66330=LINE('',#66300,#66320);
#66340=EDGE_CURVE('',#65030,#41900,#66330,.T.);
#66350=ORIENTED_EDGE('',*,*,#66340,.F.);
#66360=ORIENTED_EDGE('',*,*,#41910,.T.);
#66370=EDGE_LOOP('',(#66360,#66350,#66290,#66280));
#66380=FACE_OUTER_BOUND('',#66370,.T.);
#66390=ADVANCED_FACE('',(#66380),#66270,.T.);
#66400=COLOUR_RGB('',0.980392217636108,0.517647087574005,
0.168627455830574);
#66410=FILL_AREA_STYLE_COLOUR('',#66400);
#66420=FILL_AREA_STYLE('',(#66410));
#66430=SURFACE_STYLE_FILL_AREA(#66420);
#66440=SURFACE_SIDE_STYLE('',(#66430));
#66450=SURFACE_STYLE_USAGE(.BOTH.,#66440);
#66460=PRESENTATION_STYLE_ASSIGNMENT((#66450));
#66470=CARTESIAN_POINT('',(4.87763150121436,52.979359476241,
48.5014667337567));
#66480=DIRECTION('',(-3.51092097750665E-7,0.996194698113306,
0.0871557425005153));
#66490=DIRECTION('',(0.999999999999938,3.5243370254528E-7,
-5.60102401346012E-12));
#66500=AXIS2_PLACEMENT_3D('',#66470,#66480,#66490);
#66510=PLANE('',#66500);
#66520=ORIENTED_EDGE('',*,*,#42230,.F.);
#66530=CARTESIAN_POINT('',(4.99491245449492,52.6975276267328,
51.7228199958705));
#66540=DIRECTION('',(0.0360776013225643,-0.0870989907473319,
0.995546167936779));
#66550=VECTOR('',#66540,1.);
#66560=LINE('',#66530,#66550);
#66570=EDGE_CURVE('',#64790,#42140,#66560,.T.);
#66580=ORIENTED_EDGE('',*,*,#66570,.T.);
#66590=ORIENTED_EDGE('',*,*,#64800,.F.);
#66600=CARTESIAN_POINT('',(5.15508748837613,52.6975276831838,
51.7228199958699));
#66610=DIRECTION('',(0.0360775758417502,0.0870990160642176,
-0.995546166645238));
#66620=VECTOR('',#66610,1.);
#66630=LINE('',#66600,#66620);
#66640=EDGE_CURVE('',#42220,#64710,#66630,.T.);
#66650=ORIENTED_EDGE('',*,*,#66640,.T.);
#66660=EDGE_LOOP('',(#66650,#66590,#66580,#66520));
#66670=FACE_OUTER_BOUND('',#66660,.T.);
#66680=ADVANCED_FACE('',(#66670),#66510,.T.);
#66690=COLOUR_RGB('',0.980392217636108,0.517647087574005,
0.168627455830574);
#66700=FILL_AREA_STYLE_COLOUR('',#66690);
#66710=FILL_AREA_STYLE('',(#66700));
#66720=SURFACE_STYLE_FILL_AREA(#66710);
#66730=SURFACE_SIDE_STYLE('',(#66720));
#66740=SURFACE_STYLE_USAGE(.BOTH.,#66730);
#66750=PRESENTATION_STYLE_ASSIGNMENT((#66740));
#66760=CARTESIAN_POINT('',(3.90018495671865,51.6028001291492,
51.722819996151));
#66770=DIRECTION('',(-0.0360775885814901,0.0870990034084802,
-0.995546167290796));
#66780=VECTOR('',#66770,1.);
#66790=LINE('',#66760,#66780);
#66800=EDGE_CURVE('',#42060,#64870,#66790,.T.);
#66810=ORIENTED_EDGE('',*,*,#66800,.F.);
#66820=ORIENTED_EDGE('',*,*,#64880,.T.);
#66830=ORIENTED_EDGE('',*,*,#66570,.F.);
#66840=ORIENTED_EDGE('',*,*,#42150,.T.);
#66850=EDGE_LOOP('',(#66840,#66830,#66820,#66810));
#66860=FACE_OUTER_BOUND('',#66850,.T.);
#66870=ADVANCED_FACE('',(#66860),#65560,.T.);
#66880=COLOUR_RGB('',0.980392217636108,0.517647087574005,
0.168627455830574);
#66890=FILL_AREA_STYLE_COLOUR('',#66880);
#66900=FILL_AREA_STYLE('',(#66890));
#66910=SURFACE_STYLE_FILL_AREA(#66900);
#66920=SURFACE_SIDE_STYLE('',(#66910));
#66930=SURFACE_STYLE_USAGE(.BOTH.,#66920);
#66940=PRESENTATION_STYLE_ASSIGNMENT((#66930));
#66950=CARTESIAN_POINT('',(3.23714001943802,51.8614446927349,
48.7664990987527));
#66960=DIRECTION('',(8.85833408008448E-11,0.99619469811341,
0.0871557425000355));
#66970=DIRECTION('',(1.,-8.83870009685817E-11,-6.11180673262753E-12));
#66980=AXIS2_PLACEMENT_3D('',#66950,#66960,#66970);
#66990=PLANE('',#66980);
#67000=ORIENTED_EDGE('',*,*,#64960,.T.);
#67010=ORIENTED_EDGE('',*,*,#66800,.T.);
#67020=ORIENTED_EDGE('',*,*,#42070,.F.);
#67030=CARTESIAN_POINT('',(0.655417195149525,51.6028001294367,
51.722819996163));
#67040=DIRECTION('',(0.205903901117162,0.0852881881274679,
-0.974848454104877));
#67050=VECTOR('',#67040,1.);
#67060=LINE('',#67030,#67050);
#67070=EDGE_CURVE('',#41980,#64950,#67060,.T.);
#67080=ORIENTED_EDGE('',*,*,#67070,.F.);
#67090=EDGE_LOOP('',(#67080,#67020,#67010,#67000));
#67100=FACE_OUTER_BOUND('',#67090,.T.);
#67110=ADVANCED_FACE('',(#67100),#66990,.T.);
#67120=COLOUR_RGB('',0.980392217636108,0.517647087574005,
0.168627455830574);
#67130=FILL_AREA_STYLE_COLOUR('',#67120);
#67140=FILL_AREA_STYLE('',(#67130));
#67150=SURFACE_STYLE_FILL_AREA(#67140);
#67160=SURFACE_SIDE_STYLE('',(#67150));
#67170=SURFACE_STYLE_USAGE(.BOTH.,#67160);
#67180=PRESENTATION_STYLE_ASSIGNMENT((#67170));
#67190=CARTESIAN_POINT('',(5.74537889180578,56.4267407359179,
49.5727663967432));
#67200=DIRECTION('',(0.704416026341078,-0.70441602644339,
0.0871557429177905));
#67210=DIRECTION('',(-0.0616284167052008,0.0616284169678414,
0.996194698076861));
#67220=AXIS2_PLACEMENT_3D('',#67190,#67200,#67210);
#67230=PLANE('',#67220);
#67240=ORIENTED_EDGE('',*,*,#65040,.T.);
#67250=ORIENTED_EDGE('',*,*,#67070,.T.);
#67260=ORIENTED_EDGE('',*,*,#41990,.T.);
#67270=ORIENTED_EDGE('',*,*,#66340,.T.);
#67280=EDGE_LOOP('',(#67270,#67260,#67250,#67240));
#67290=FACE_OUTER_BOUND('',#67280,.T.);
#67300=ADVANCED_FACE('',(#67290),#67230,.T.);
#67310=COLOUR_RGB('',0.980392217636108,0.517647087574005,
0.168627455830574);
#67320=FILL_AREA_STYLE_COLOUR('',#67310);
#67330=FILL_AREA_STYLE('',(#67320));
#67340=SURFACE_STYLE_FILL_AREA(#67330);
#67350=SURFACE_SIDE_STYLE('',(#67340));
#67360=SURFACE_STYLE_USAGE(.BOTH.,#67350);
#67370=PRESENTATION_STYLE_ASSIGNMENT((#67360));
#67380=ORIENTED_EDGE('',*,*,#66640,.F.);
#67390=ORIENTED_EDGE('',*,*,#64720,.F.);
#67400=ORIENTED_EDGE('',*,*,#56010,.T.);
#67410=ORIENTED_EDGE('',*,*,#42310,.F.);
#67420=EDGE_LOOP('',(#67410,#67400,#67390,#67380));
#67430=FACE_OUTER_BOUND('',#67420,.T.);
#67440=ADVANCED_FACE('',(#67430),#63250,.T.);
#67450=COLOUR_RGB('',0.980392217636108,0.517647087574005,
0.168627455830574);
#67460=FILL_AREA_STYLE_COLOUR('',#67450);
#67470=FILL_AREA_STYLE('',(#67460));
#67480=SURFACE_STYLE_FILL_AREA(#67470);
#67490=SURFACE_SIDE_STYLE('',(#67480));
#67500=SURFACE_STYLE_USAGE(.BOTH.,#67490);
#67510=PRESENTATION_STYLE_ASSIGNMENT((#67500));
#67520=CARTESIAN_POINT('',(5.07499999519958,2.48832066063187E-11,
28.8348599319364));
#67530=DIRECTION('',(5.84250880151711E-12,-1.,-1.27985122500031E-11));
#67540=DIRECTION('',(1.,5.84250880156413E-12,-3.67338846291311E-12));
#67550=AXIS2_PLACEMENT_3D('',#67520,#67530,#67540);
#67560=CYLINDRICAL_SURFACE('',#67550,6.4);
#67570=CARTESIAN_POINT('',(9.24999972769205,1.11356257548323E-10,
23.9841509905869));
#67580=DIRECTION('',(5.84250880151711E-12,-1.,-1.27985122500031E-11));
#67590=VECTOR('',#67580,1.);
#67600=LINE('',#67570,#67590);
#67610=CARTESIAN_POINT('',(9.24999972765966,5.54420021174418,
23.9841509906579));
#67620=VERTEX_POINT('',#67610);
#67630=EDGE_CURVE('',#67620,#13510,#67600,.T.);
#67640=ORIENTED_EDGE('',*,*,#67630,.F.);
#67650=ORIENTED_EDGE('',*,*,#13520,.T.);
#67660=CARTESIAN_POINT('',(0.900000262671478,6.25703933110344E-11,
23.9841509906176));
#67670=DIRECTION('',(5.84250880151711E-12,-1.,-1.27985122500031E-11));
#67680=VECTOR('',#67670,1.);
#67690=LINE('',#67660,#67680);
#67700=CARTESIAN_POINT('',(0.900000262639084,5.54420021176005,
23.9841509906886));
#67710=VERTEX_POINT('',#67700);
#67720=EDGE_CURVE('',#67710,#13490,#67690,.T.);
#67730=ORIENTED_EDGE('',*,*,#67720,.T.);
#67740=CARTESIAN_POINT('',(5.07499999513341,11.3250500195914,
28.8348599320814));
#67750=DIRECTION('',(1.59171941888406E-12,-0.642787609667793,
0.766044443134708));
#67760=DIRECTION('',(-6.29124240002766E-12,0.766044443134708,
0.642787609667793));
#67770=AXIS2_PLACEMENT_3D('',#67740,#67750,#67760);
#67780=ELLIPSE('',#67770,9.95663249234888,6.4);
#67790=EDGE_CURVE('',#67710,#67620,#67780,.T.);
#67800=ORIENTED_EDGE('',*,*,#67790,.F.);
#67810=EDGE_LOOP('',(#67800,#67730,#67650,#67640));
#67820=FACE_OUTER_BOUND('',#67810,.T.);
#67830=ADVANCED_FACE('',(#67820),#67560,.F.);
#67840=COLOUR_RGB('',0.560784339904785,0.588235318660736,
0.600000023841858);
#67850=FILL_AREA_STYLE_COLOUR('',#67840);
#67860=FILL_AREA_STYLE('',(#67850));
#67870=SURFACE_STYLE_FILL_AREA(#67860);
#67880=SURFACE_SIDE_STYLE('',(#67870));
#67890=SURFACE_STYLE_USAGE(.BOTH.,#67880);
#67900=PRESENTATION_STYLE_ASSIGNMENT((#67890));
#67910=CARTESIAN_POINT('',(9.24999972772769,-1.28110855257546E-11,
33.6855688732552));
#67920=DIRECTION('',(-1.,-5.84250880156412E-12,3.67338879699909E-12));
#67930=DIRECTION('',(3.67338879707387E-12,-1.2798512250301E-11,1.));
#67940=AXIS2_PLACEMENT_3D('',#67910,#67920,#67930);
#67950=PLANE('',#67940);
#67960=CARTESIAN_POINT('',(9.24999972767052,9.03347781653213,
32.491116135888));
#67970=DIRECTION('',(-6.83682238213479E-12,0.766044443114704,
-0.642787609691633));
#67980=VECTOR('',#67970,1.);
#67990=LINE('',#67960,#67980);
#68000=CARTESIAN_POINT('',(9.24999972768322,7.60998447549384,
33.6855688733526));
#68010=VERTEX_POINT('',#68000);
#68020=CARTESIAN_POINT('',(9.24999972767551,8.47499993504625,
32.9597347202698));
#68030=VERTEX_POINT('',#68020);
#68040=EDGE_CURVE('',#68010,#68030,#67990,.T.);
#68050=ORIENTED_EDGE('',*,*,#68040,.T.);
#68060=CARTESIAN_POINT('',(9.24999972772769,-1.28110855257546E-11,
33.6855688732552));
#68070=DIRECTION('',(5.84250880151711E-12,-1.,-1.27985122500031E-11));
#68080=VECTOR('',#68070,1.);
#68090=LINE('',#68060,#68080);
#68100=EDGE_CURVE('',#68010,#13590,#68090,.T.);
#68110=ORIENTED_EDGE('',*,*,#68100,.F.);
#68120=ORIENTED_EDGE('',*,*,#13600,.T.);
#68130=ORIENTED_EDGE('',*,*,#67630,.T.);
#68140=CARTESIAN_POINT('',(9.24999972770572,-11.144476698614,
9.98068835103548));
#68150=DIRECTION('',(-2.11435126017834E-12,0.766044443134708,
0.642787609667793));
#68160=VECTOR('',#68150,1.);
#68170=LINE('',#68140,#68160);
#68180=CARTESIAN_POINT('',(9.24999972765157,8.47499993504882,
26.4433839574151));
#68190=VERTEX_POINT('',#68180);
#68200=EDGE_CURVE('',#67620,#68190,#68170,.T.);
#68210=ORIENTED_EDGE('',*,*,#68200,.F.);
#68220=CARTESIAN_POINT('',(9.24999972758225,8.47499993505623,
7.57171952964462));
#68230=DIRECTION('',(3.67338808032127E-12,-3.93005073229753E-13,1.));
#68240=VECTOR('',#68230,1.);
#68250=LINE('',#68220,#68240);
#68260=EDGE_CURVE('',#68190,#68030,#68250,.T.);
#68270=ORIENTED_EDGE('',*,*,#68260,.F.);
#68280=EDGE_LOOP('',(#68270,#68210,#68130,#68120,#68110,#68050));
#68290=FACE_OUTER_BOUND('',#68280,.T.);
#68300=ADVANCED_FACE('',(#68290),#67950,.T.);
#68310=COLOUR_RGB('',0.560784339904785,0.588235318660736,
0.600000023841858);
#68320=FILL_AREA_STYLE_COLOUR('',#68310);
#68330=FILL_AREA_STYLE('',(#68320));
#68340=SURFACE_STYLE_FILL_AREA(#68330);
#68350=SURFACE_SIDE_STYLE('',(#68340));
#68360=SURFACE_STYLE_USAGE(.BOTH.,#68350);
#68370=PRESENTATION_STYLE_ASSIGNMENT((#68360));
#68380=CARTESIAN_POINT('',(2.27500002061254,10.3499996547588,
26.8000011941163));
#68390=DIRECTION('',(-3.67351161888621E-12,3.93116095212884E-13,-1.));
#68400=DIRECTION('',(5.84250880156267E-12,-1.,-3.93116095234346E-13));
#68410=AXIS2_PLACEMENT_3D('',#68380,#68390,#68400);
#68420=PLANE('',#68410);
#68430=CARTESIAN_POINT('',(10.1499999931303,8.89999980805675,
26.8000011940868));
#68440=DIRECTION('',(-1.,1.90164484375615E-12,3.67351161888696E-12));
#68450=VECTOR('',#68440,1.);
#68460=LINE('',#68430,#68450);
#68470=CARTESIAN_POINT('',(8.82499985471805,8.89999980805927,
26.8000011940917));
#68480=VERTEX_POINT('',#68470);
#68490=CARTESIAN_POINT('',(1.32500011964561,8.89999980807352,
26.8000011941192));
#68500=VERTEX_POINT('',#68490);
#68510=EDGE_CURVE('',#68480,#68500,#68460,.T.);
#68520=ORIENTED_EDGE('',*,*,#68510,.F.);
#68530=CARTESIAN_POINT('',(10.1499999939081,17.7249996806378,
26.8000011940903));
#68540=DIRECTION('',(0.707106781254582,0.707106781118514,
-2.31963602868864E-12));
#68550=VECTOR('',#68540,1.);
#68560=LINE('',#68530,#68550);
#68570=CARTESIAN_POINT('',(2.27500002061546,9.84999970886058,
26.8000011941161));
#68580=VERTEX_POINT('',#68570);
#68590=EDGE_CURVE('',#68500,#68580,#68560,.T.);
#68600=ORIENTED_EDGE('',*,*,#68590,.F.);
#68610=CARTESIAN_POINT('',(2.27500002062432,8.33469676861677,
26.8000011941155));
#68620=DIRECTION('',(-5.84250859237147E-12,1.,3.93116095234346E-13));
#68630=VECTOR('',#68620,1.);
#68640=LINE('',#68610,#68630);
#68650=CARTESIAN_POINT('',(2.27500002052695,25.0000002184941,
26.8000011941221));
#68660=VERTEX_POINT('',#68650);
#68670=EDGE_CURVE('',#68580,#68660,#68640,.T.);
#68680=ORIENTED_EDGE('',*,*,#68670,.F.);
#68690=CARTESIAN_POINT('',(10.1499999945493,25.0000002177988,
26.8000011940932));
#68700=DIRECTION('',(-1.,8.82918170333866E-11,3.67351161892092E-12));
#68710=VECTOR('',#68700,1.);
#68720=LINE('',#68690,#68710);
#68730=CARTESIAN_POINT('',(7.87499995468067,25.0000002179996,
26.8000011941015));
#68740=VERTEX_POINT('',#68730);
#68750=EDGE_CURVE('',#68740,#68660,#68720,.T.);
#68760=ORIENTED_EDGE('',*,*,#68750,.T.);
#68770=CARTESIAN_POINT('',(7.87499995477804,8.33469676812096,
26.800001194095));
#68780=DIRECTION('',(5.84250859237147E-12,-1.,-3.93116095234346E-13));
#68790=VECTOR('',#68780,1.);
#68800=LINE('',#68770,#68790);
#68810=CARTESIAN_POINT('',(7.87499995476919,9.84999970817749,
26.8000011940956));
#68820=VERTEX_POINT('',#68810);
#68830=EDGE_CURVE('',#68740,#68820,#68800,.T.);
#68840=ORIENTED_EDGE('',*,*,#68830,.F.);
#68850=CARTESIAN_POINT('',(10.1499999930135,7.57499966952763,
26.8000011940863));
#68860=DIRECTION('',(0.707106781123517,-0.707106781249578,
-2.87557595305076E-12));
#68870=VECTOR('',#68860,1.);
#68880=LINE('',#68850,#68870);
#68890=EDGE_CURVE('',#68820,#68480,#68880,.T.);
#68900=ORIENTED_EDGE('',*,*,#68890,.F.);
#68910=EDGE_LOOP('',(#68900,#68840,#68760,#68680,#68600,#68520));
#68920=FACE_OUTER_BOUND('',#68910,.T.);
#68930=ADVANCED_FACE('',(#68920),#68420,.F.);
#68940=COLOUR_RGB('',0.560784339904785,0.588235318660736,
0.600000023841858);
#68950=FILL_AREA_STYLE_COLOUR('',#68940);
#68960=FILL_AREA_STYLE('',(#68950));
#68970=SURFACE_STYLE_FILL_AREA(#68960);
#68980=SURFACE_SIDE_STYLE('',(#68970));
#68990=SURFACE_STYLE_USAGE(.BOTH.,#68980);
#69000=PRESENTATION_STYLE_ASSIGNMENT((#68990));
#69010=CARTESIAN_POINT('',(2.27500002067816,1.66480162988591E-11,
28.2000011939839));
#69020=DIRECTION('',(1.,5.84250880156412E-12,-3.67351161888391E-12));
#69030=DIRECTION('',(-3.67351161895868E-12,1.2798512250301E-11,-1.));
#69040=AXIS2_PLACEMENT_3D('',#69010,#69020,#69030);
#69050=PLANE('',#69040);
#69060=CARTESIAN_POINT('',(2.27500002064058,9.01001185287889,
32.3000011934496));
#69070=DIRECTION('',(-5.84250165338273E-12,1.,2.32591029769582E-10));
#69080=VECTOR('',#69070,1.);
#69090=LINE('',#69060,#69080);
#69100=CARTESIAN_POINT('',(2.27500002054716,25.0000002184843,
32.3000011971687));
#69110=VERTEX_POINT('',#69100);
#69120=EDGE_CURVE('',#31060,#69110,#69090,.T.);
#69130=ORIENTED_EDGE('',*,*,#69120,.F.);
#69140=CARTESIAN_POINT('',(2.27500002044886,25.000000218532,
5.54270462786513));
#69150=DIRECTION('',(-3.67349899704997E-12,1.78324022245319E-12,-1.));
#69160=VECTOR('',#69150,1.);
#69170=LINE('',#69140,#69160);
#69180=EDGE_CURVE('',#69110,#68660,#69170,.T.);
#69190=ORIENTED_EDGE('',*,*,#69180,.F.);
#69200=ORIENTED_EDGE('',*,*,#68670,.T.);
#69210=CARTESIAN_POINT('',(2.27500002054421,9.84999970910883,
7.40289078637983));
#69220=DIRECTION('',(3.67349602244107E-12,-1.2798512250301E-11,1.));
#69230=VECTOR('',#69220,1.);
#69240=LINE('',#69210,#69230);
#69250=EDGE_CURVE('',#68580,#31060,#69240,.T.);
#69260=ORIENTED_EDGE('',*,*,#69250,.F.);
#69270=EDGE_LOOP('',(#69260,#69200,#69190,#69130));
#69280=FACE_OUTER_BOUND('',#69270,.T.);
#69290=ADVANCED_FACE('',(#69280),#69050,.T.);
#69300=COLOUR_RGB('',0.560784339904785,0.588235318660736,
0.600000023841858);
#69310=FILL_AREA_STYLE_COLOUR('',#69300);
#69320=FILL_AREA_STYLE('',(#69310));
#69330=SURFACE_STYLE_FILL_AREA(#69320);
#69340=SURFACE_SIDE_STYLE('',(#69330));
#69350=SURFACE_STYLE_USAGE(.BOTH.,#69340);
#69360=PRESENTATION_STYLE_ASSIGNMENT((#69350));
#69370=CARTESIAN_POINT('',(0.900000263430096,8.47499995193979,
26.8000011940974));
#69380=DIRECTION('',(-0.707106781118514,0.707106781254581,
1.16474797776159E-11));
#69390=DIRECTION('',(0.707106781254581,0.707106781118514,
6.4523748667528E-12));
#69400=AXIS2_PLACEMENT_3D('',#69370,#69380,#69390);
#69410=PLANE('',#69400);
#69420=CARTESIAN_POINT('',(1.45847812884502,9.03347781715351,
32.4911161353589));
#69430=DIRECTION('',(-0.608120402477838,-0.608120402369223,
0.510273605345687));
#69440=VECTOR('',#69430,1.);
#69450=LINE('',#69420,#69440);
#69460=CARTESIAN_POINT('',(0.900000262654931,8.47499995106316,
32.9597347068217));
#69470=VERTEX_POINT('',#69460);
#69480=EDGE_CURVE('',#31080,#69470,#69450,.T.);
#69490=ORIENTED_EDGE('',*,*,#69480,.T.);
#69500=ORIENTED_EDGE('',*,*,#31090,.T.);
#69510=ORIENTED_EDGE('',*,*,#69250,.T.);
#69520=ORIENTED_EDGE('',*,*,#68590,.T.);
#69530=CARTESIAN_POINT('',(10.1499999939111,17.7249996805189,
34.2050553318413));
#69540=DIRECTION('',(0.608120402498646,0.608120402373221,
0.510273605316125));
#69550=VECTOR('',#69540,1.);
#69560=LINE('',#69530,#69550);
#69570=CARTESIAN_POINT('',(0.900000262630995,8.47499995114657,
26.44338397094));
#69580=VERTEX_POINT('',#69570);
#69590=EDGE_CURVE('',#69580,#68500,#69560,.T.);
#69600=ORIENTED_EDGE('',*,*,#69590,.T.);
#69610=CARTESIAN_POINT('',(0.900000262561672,8.4749999513881,
7.57171952773309));
#69620=DIRECTION('',(3.67338807858454E-12,-1.27986232726034E-11,1.));
#69630=VECTOR('',#69620,1.);
#69640=LINE('',#69610,#69630);
#69650=EDGE_CURVE('',#69580,#69470,#69640,.T.);
#69660=ORIENTED_EDGE('',*,*,#69650,.F.);
#69670=EDGE_LOOP('',(#69660,#69600,#69520,#69510,#69500,#69490));
#69680=FACE_OUTER_BOUND('',#69670,.T.);
#69690=ADVANCED_FACE('',(#69680),#69410,.F.);
#69700=COLOUR_RGB('',0.560784339904785,0.588235318660736,
0.600000023841858);
#69710=FILL_AREA_STYLE_COLOUR('',#69700);
#69720=FILL_AREA_STYLE('',(#69710));
#69730=SURFACE_STYLE_FILL_AREA(#69720);
#69740=SURFACE_SIDE_STYLE('',(#69730));
#69750=SURFACE_STYLE_USAGE(.BOTH.,#69740);
#69760=PRESENTATION_STYLE_ASSIGNMENT((#69750));
#69770=CARTESIAN_POINT('',(10.1499999945515,25.000000217789,
32.3000011971369));
#69780=DIRECTION('',(1.,-8.8291817033386E-11,-4.04175035741541E-12));
#69790=VECTOR('',#69780,1.);
#69800=LINE('',#69770,#69790);
#69810=CARTESIAN_POINT('',(7.87499995470088,25.0000002179898,
32.3000011971461));
#69820=VERTEX_POINT('',#69810);
#69830=EDGE_CURVE('',#69110,#69820,#69800,.T.);
#69840=ORIENTED_EDGE('',*,*,#69830,.T.);
#69850=ORIENTED_EDGE('',*,*,#69120,.T.);
#69860=ORIENTED_EDGE('',*,*,#31310,.T.);
#69870=CARTESIAN_POINT('',(7.8749999547943,9.01001185238282,
32.300001193427));
#69880=DIRECTION('',(5.84250165338273E-12,-1.,-2.32591029769582E-10));
#69890=VECTOR('',#69880,1.);
#69900=LINE('',#69870,#69890);
#69910=EDGE_CURVE('',#69820,#31240,#69900,.T.);
#69920=ORIENTED_EDGE('',*,*,#69910,.T.);
#69930=EDGE_LOOP('',(#69920,#69860,#69850,#69840));
#69940=FACE_OUTER_BOUND('',#69930,.T.);
#69950=ADVANCED_FACE('',(#69940),#31000,.T.);
#69960=COLOUR_RGB('',0.823529481887817,0.823529481887817,
0.784313797950745);
#69970=FILL_AREA_STYLE_COLOUR('',#69960);
#69980=FILL_AREA_STYLE('',(#69970));
#69990=SURFACE_STYLE_FILL_AREA(#69980);
#70000=SURFACE_SIDE_STYLE('',(#69990));
#70010=SURFACE_STYLE_USAGE(.BOTH.,#70000);
#70020=PRESENTATION_STYLE_ASSIGNMENT((#70010));
#70030=CARTESIAN_POINT('',(7.8749999548429,1.09707798401359E-11,
31.2000011939633));
#70040=DIRECTION('',(-1.,-5.84250880156412E-12,3.67351161888391E-12));
#70050=DIRECTION('',(3.67351161895868E-12,-1.2798512250301E-11,1.));
#70060=AXIS2_PLACEMENT_3D('',#70030,#70040,#70050);
#70070=PLANE('',#70060);
#70080=ORIENTED_EDGE('',*,*,#69910,.F.);
#70090=CARTESIAN_POINT('',(7.87499995469793,9.84999970818512,
7.40289078643036));
#70100=DIRECTION('',(3.67349602417781E-12,-3.93129973320032E-13,1.));
#70110=VECTOR('',#70100,1.);
#70120=LINE('',#70090,#70110);
#70130=EDGE_CURVE('',#68820,#31240,#70120,.T.);
#70140=ORIENTED_EDGE('',*,*,#70130,.T.);
#70150=ORIENTED_EDGE('',*,*,#68830,.T.);
#70160=CARTESIAN_POINT('',(7.87499995460259,25.0000002180375,
5.54270462786295));
#70170=DIRECTION('',(3.67349899704997E-12,-1.78324022245319E-12,1.));
#70180=VECTOR('',#70170,1.);
#70190=LINE('',#70160,#70180);
#70200=EDGE_CURVE('',#68740,#69820,#70190,.T.);
#70210=ORIENTED_EDGE('',*,*,#70200,.F.);
#70220=EDGE_LOOP('',(#70210,#70150,#70140,#70080));
#70230=FACE_OUTER_BOUND('',#70220,.T.);
#70240=ADVANCED_FACE('',(#70230),#70070,.T.);
#70250=COLOUR_RGB('',0.560784339904785,0.588235318660736,
0.600000023841858);
#70260=FILL_AREA_STYLE_COLOUR('',#70250);
#70270=FILL_AREA_STYLE('',(#70260));
#70280=SURFACE_STYLE_FILL_AREA(#70270);
#70290=SURFACE_SIDE_STYLE('',(#70280));
#70300=SURFACE_STYLE_USAGE(.BOTH.,#70290);
#70310=PRESENTATION_STYLE_ASSIGNMENT((#70300));
#70320=CARTESIAN_POINT('',(2.02078204269364,25.0000002185035,
34.0989713760719));
#70330=DIRECTION('',(-8.82918170333932E-11,-1.,-1.78324022212879E-12));
#70340=DIRECTION('',(1.,-8.8291817033386E-11,-4.04175035789917E-12));
#70350=AXIS2_PLACEMENT_3D('',#70320,#70330,#70340);
#70360=PLANE('',#70350);
#70370=ORIENTED_EDGE('',*,*,#69830,.F.);
#70380=ORIENTED_EDGE('',*,*,#70200,.T.);
#70390=ORIENTED_EDGE('',*,*,#68750,.F.);
#70400=ORIENTED_EDGE('',*,*,#69180,.T.);
#70410=EDGE_LOOP('',(#70400,#70390,#70380,#70370));
#70420=FACE_OUTER_BOUND('',#70410,.T.);
#70430=ADVANCED_FACE('',(#70420),#70360,.T.);
#70440=COLOUR_RGB('',0.823529481887817,0.823529481887817,
0.784313797950745);
#70450=FILL_AREA_STYLE_COLOUR('',#70440);
#70460=FILL_AREA_STYLE('',(#70450));
#70470=SURFACE_STYLE_FILL_AREA(#70460);
#70480=SURFACE_SIDE_STYLE('',(#70470));
#70490=SURFACE_STYLE_USAGE(.BOTH.,#70480);
#70500=PRESENTATION_STYLE_ASSIGNMENT((#70490));
#70510=CARTESIAN_POINT('',(5.07500000002729,5.7636112904699,
35.2348599319386));
#70520=DIRECTION('',(7.53394676404573E-13,-0.642787609691633,
-0.766044443114704));
#70530=DIRECTION('',(1.74911806518135E-12,-0.766044443114704,
0.642787609691633));
#70540=AXIS2_PLACEMENT_3D('',#70510,#70520,#70530);
#70550=PLANE('',#70540);
#70560=CARTESIAN_POINT('',(0.900000262649948,9.03347781719805,
32.491116135321));
#70570=DIRECTION('',(-6.83682238213479E-12,0.766044443114704,
-0.642787609691633));
#70580=VECTOR('',#70570,1.);
#70590=LINE('',#70560,#70580);
#70600=CARTESIAN_POINT('',(0.900000262662651,7.60998447544749,
33.6855688733833));
#70610=VERTEX_POINT('',#70600);
#70620=EDGE_CURVE('',#70610,#69470,#70590,.T.);
#70630=ORIENTED_EDGE('',*,*,#70620,.T.);
#70640=CARTESIAN_POINT('',(5.07499999512135,13.3908342827683,
28.8348599321078));
#70650=DIRECTION('',(7.53394676404591E-13,-0.642787609691633,
-0.766044443114704));
#70660=DIRECTION('',(6.9946803824859E-12,-0.766044443114704,
0.642787609691633));
#70670=AXIS2_PLACEMENT_3D('',#70640,#70650,#70660);
#70680=ELLIPSE('',#70670,9.95663249167587,6.4);
#70690=EDGE_CURVE('',#68010,#70610,#70680,.T.);
#70700=ORIENTED_EDGE('',*,*,#70690,.T.);
#70710=ORIENTED_EDGE('',*,*,#68040,.F.);
#70720=CARTESIAN_POINT('',(8.69152184624311,9.03347781657667,
32.49111613585));
#70730=DIRECTION('',(-0.608120402341753,0.608120402448492,
-0.510273605413398));
#70740=VECTOR('',#70730,1.);
#70750=LINE('',#70720,#70740);
#70760=EDGE_CURVE('',#68030,#31160,#70750,.T.);
#70770=ORIENTED_EDGE('',*,*,#70760,.F.);
#70780=ORIENTED_EDGE('',*,*,#31170,.T.);
#70790=ORIENTED_EDGE('',*,*,#69480,.F.);
#70800=EDGE_LOOP('',(#70790,#70780,#70770,#70710,#70700,#70630));
#70810=FACE_OUTER_BOUND('',#70800,.T.);
#70820=ADVANCED_FACE('',(#70810),#70550,.T.);
#70830=COLOUR_RGB('',0.560784339904785,0.588235318660736,
0.600000023841858);
#70840=FILL_AREA_STYLE_COLOUR('',#70830);
#70850=FILL_AREA_STYLE('',(#70840));
#70860=SURFACE_STYLE_FILL_AREA(#70850);
#70870=SURFACE_SIDE_STYLE('',(#70860));
#70880=SURFACE_STYLE_USAGE(.BOTH.,#70870);
#70890=PRESENTATION_STYLE_ASSIGNMENT((#70880));
#70900=CARTESIAN_POINT('',(0.900000262671478,6.25703933110344E-11,
23.9841509906176));
#70910=DIRECTION('',(1.,5.84250880156412E-12,-3.67338879699909E-12));
#70920=DIRECTION('',(-3.67338879707387E-12,1.2798512250301E-11,-1.));
#70930=AXIS2_PLACEMENT_3D('',#70900,#70910,#70920);
#70940=PLANE('',#70930);
#70950=ORIENTED_EDGE('',*,*,#67720,.F.);
#70960=ORIENTED_EDGE('',*,*,#13750,.T.);
#70970=CARTESIAN_POINT('',(0.900000262707113,-6.15969497630431E-11,
33.6855688732859));
#70980=DIRECTION('',(5.84250880151711E-12,-1.,-1.27985122500031E-11));
#70990=VECTOR('',#70980,1.);
#71000=LINE('',#70970,#70990);
#71010=EDGE_CURVE('',#70610,#13680,#71000,.T.);
#71020=ORIENTED_EDGE('',*,*,#71010,.T.);
#71030=ORIENTED_EDGE('',*,*,#70620,.F.);
#71040=ORIENTED_EDGE('',*,*,#69650,.T.);
#71050=CARTESIAN_POINT('',(0.900000262685149,-11.1444766985346,
9.9806883511195));
#71060=DIRECTION('',(2.11435126017834E-12,-0.766044443134708,
-0.642787609667793));
#71070=VECTOR('',#71060,1.);
#71080=LINE('',#71050,#71070);
#71090=EDGE_CURVE('',#69580,#67710,#71080,.T.);
#71100=ORIENTED_EDGE('',*,*,#71090,.F.);
#71110=EDGE_LOOP('',(#71100,#71040,#71030,#71020,#70960,#70950));
#71120=FACE_OUTER_BOUND('',#71110,.T.);
#71130=ADVANCED_FACE('',(#71120),#70940,.T.);
#71140=COLOUR_RGB('',0.560784339904785,0.588235318660736,
0.600000023841858);
#71150=FILL_AREA_STYLE_COLOUR('',#71140);
#71160=FILL_AREA_STYLE('',(#71150));
#71170=SURFACE_STYLE_FILL_AREA(#71160);
#71180=SURFACE_SIDE_STYLE('',(#71170));
#71190=SURFACE_STYLE_USAGE(.BOTH.,#71180);
#71200=PRESENTATION_STYLE_ASSIGNMENT((#71190));
#71210=CARTESIAN_POINT('',(5.07499999519958,2.48832066063187E-11,
28.8348599319364));
#71220=DIRECTION('',(5.84250880151711E-12,-1.,-1.27985122500031E-11));
#71230=DIRECTION('',(1.,5.84250880156413E-12,-3.67338846291311E-12));
#71240=AXIS2_PLACEMENT_3D('',#71210,#71220,#71230);
#71250=CYLINDRICAL_SURFACE('',#71240,6.4);
#71260=ORIENTED_EDGE('',*,*,#68100,.T.);
#71270=ORIENTED_EDGE('',*,*,#70690,.F.);
#71280=ORIENTED_EDGE('',*,*,#71010,.F.);
#71290=ORIENTED_EDGE('',*,*,#13690,.T.);
#71300=EDGE_LOOP('',(#71290,#71280,#71270,#71260));
#71310=FACE_OUTER_BOUND('',#71300,.T.);
#71320=ADVANCED_FACE('',(#71310),#71250,.F.);
#71330=COLOUR_RGB('',0.560784339904785,0.588235318660736,
0.600000023841858);
#71340=FILL_AREA_STYLE_COLOUR('',#71330);
#71350=FILL_AREA_STYLE('',(#71340));
#71360=SURFACE_STYLE_FILL_AREA(#71350);
#71370=SURFACE_SIDE_STYLE('',(#71360));
#71380=SURFACE_STYLE_USAGE(.BOTH.,#71370);
#71390=PRESENTATION_STYLE_ASSIGNMENT((#71380));
#71400=CARTESIAN_POINT('',(7.87499995472213,9.84999970822455,
26.8000011940956));
#71410=DIRECTION('',(0.707106781249578,0.707106781123518,
-2.31958991979391E-12));
#71420=DIRECTION('',(0.707106781123518,-0.707106781249578,
-2.87553431968734E-12));
#71430=AXIS2_PLACEMENT_3D('',#71400,#71410,#71420);
#71440=PLANE('',#71430);
#71450=ORIENTED_EDGE('',*,*,#68260,.T.);
#71460=CARTESIAN_POINT('',(10.149999993013,7.57499966952443,
25.6881940665898));
#71470=DIRECTION('',(0.608120402349444,-0.608120402459532,
-0.510273605391076));
#71480=VECTOR('',#71470,1.);
#71490=LINE('',#71460,#71480);
#71500=EDGE_CURVE('',#68480,#68190,#71490,.T.);
#71510=ORIENTED_EDGE('',*,*,#71500,.T.);
#71520=ORIENTED_EDGE('',*,*,#68890,.T.);
#71530=ORIENTED_EDGE('',*,*,#70130,.F.);
#71540=ORIENTED_EDGE('',*,*,#31250,.T.);
#71550=ORIENTED_EDGE('',*,*,#70760,.T.);
#71560=EDGE_LOOP('',(#71550,#71540,#71530,#71520,#71510,#71450));
#71570=FACE_OUTER_BOUND('',#71560,.T.);
#71580=ADVANCED_FACE('',(#71570),#71440,.F.);
#71590=COLOUR_RGB('',0.560784339904785,0.588235318660736,
0.600000023841858);
#71600=FILL_AREA_STYLE_COLOUR('',#71590);
#71610=FILL_AREA_STYLE('',(#71600));
#71620=SURFACE_STYLE_FILL_AREA(#71610);
#71630=SURFACE_SIDE_STYLE('',(#71620));
#71640=SURFACE_STYLE_USAGE(.BOTH.,#71630);
#71650=PRESENTATION_STYLE_ASSIGNMENT((#71640));
#71660=CARTESIAN_POINT('',(5.07500000001552,9.94979931941069,
27.6808875768408));
#71670=DIRECTION('',(1.59171941888405E-12,-0.642787609667793,
0.766044443134708));
#71680=DIRECTION('',(-1.04568008297277E-12,0.766044443134708,
0.642787609667793));
#71690=AXIS2_PLACEMENT_3D('',#71660,#71670,#71680);
#71700=PLANE('',#71690);
#71710=ORIENTED_EDGE('',*,*,#71500,.F.);
#71720=ORIENTED_EDGE('',*,*,#68200,.T.);
#71730=ORIENTED_EDGE('',*,*,#67790,.T.);
#71740=ORIENTED_EDGE('',*,*,#71090,.T.);
#71750=ORIENTED_EDGE('',*,*,#69590,.F.);
#71760=ORIENTED_EDGE('',*,*,#68510,.T.);
#71770=EDGE_LOOP('',(#71760,#71750,#71740,#71730,#71720,#71710));
#71780=FACE_OUTER_BOUND('',#71770,.T.);
#71790=ADVANCED_FACE('',(#71780),#71700,.T.);
#71800=COLOUR_RGB('',0.560784339904785,0.588235318660736,
0.600000023841858);
#71810=FILL_AREA_STYLE_COLOUR('',#71800);
#71820=FILL_AREA_STYLE('',(#71810));
#71830=SURFACE_STYLE_FILL_AREA(#71820);
#71840=SURFACE_SIDE_STYLE('',(#71830));
#71850=SURFACE_STYLE_USAGE(.BOTH.,#71840);
#71860=PRESENTATION_STYLE_ASSIGNMENT((#71850));
#71870=CARTESIAN_POINT('',(0.900000273455992,63.5250000043174,
26.8000011894604));
#71880=DIRECTION('',(0.707106781246341,0.707106781126754,
1.5408001908653E-10));
#71890=DIRECTION('',(0.707106781126754,-0.707106781246341,
-1.59275148462853E-10));
#71900=AXIS2_PLACEMENT_3D('',#71870,#71880,#71890);
#71910=PLANE('',#71900);
#71920=ORIENTED_EDGE('',*,*,#26630,.T.);
#71930=ORIENTED_EDGE('',*,*,#58550,.F.);
#71940=CARTESIAN_POINT('',(10.1500000022618,54.2750002739472,
26.8000011872854));
#71950=DIRECTION('',(0.707106781126754,-0.707106781246341,
-1.68047159358294E-10));
#71960=VECTOR('',#71950,1.);
#71970=LINE('',#71940,#71960);
#71980=EDGE_CURVE('',#58480,#57980,#71970,.T.);
#71990=ORIENTED_EDGE('',*,*,#71980,.F.);
#72000=ORIENTED_EDGE('',*,*,#57990,.F.);
#72010=ORIENTED_EDGE('',*,*,#29280,.F.);
#72020=ORIENTED_EDGE('',*,*,#28400,.F.);
#72030=EDGE_LOOP('',(#72020,#72010,#72000,#71990,#71930,#71920));
#72040=FACE_OUTER_BOUND('',#72030,.T.);
#72050=ADVANCED_FACE('',(#72040),#71910,.T.);
#72060=COLOUR_RGB('',0.560784339904785,0.588235318660736,
0.600000023841858);
#72070=FILL_AREA_STYLE_COLOUR('',#72060);
#72080=FILL_AREA_STYLE('',(#72070));
#72090=SURFACE_STYLE_FILL_AREA(#72080);
#72100=SURFACE_SIDE_STYLE('',(#72090));
#72110=SURFACE_STYLE_USAGE(.BOTH.,#72100);
#72120=PRESENTATION_STYLE_ASSIGNMENT((#72110));
#72130=CARTESIAN_POINT('',(2.27500003029948,61.6500003012498,
26.8000011890399));
#72140=DIRECTION('',(3.67351161895727E-12,-2.33980974354857E-10,1.));
#72150=DIRECTION('',(1.86618054825065E-10,1.,2.33980974354171E-10));
#72160=AXIS2_PLACEMENT_3D('',#72130,#72140,#72150);
#72170=PLANE('',#72160);
#72180=ORIENTED_EDGE('',*,*,#32940,.T.);
#72190=CARTESIAN_POINT('',(7.8749999648293,63.6653031868753,
26.8000011894909));
#72200=DIRECTION('',(1.86618054615874E-10,1.,2.33980974354171E-10));
#72210=VECTOR('',#72200,1.);
#72220=LINE('',#72190,#72210);
#72230=EDGE_CURVE('',#12370,#32850,#72220,.T.);
#72240=ORIENTED_EDGE('',*,*,#72230,.T.);
#72250=ORIENTED_EDGE('',*,*,#12400,.F.);
#72260=ORIENTED_EDGE('',*,*,#58050,.T.);
#72270=ORIENTED_EDGE('',*,*,#71980,.T.);
#72280=ORIENTED_EDGE('',*,*,#58490,.T.);
#72290=EDGE_LOOP('',(#72280,#72270,#72260,#72250,#72240,#72180));
#72300=FACE_OUTER_BOUND('',#72290,.T.);
#72310=ADVANCED_FACE('',(#72300),#72170,.T.);
#72320=COLOUR_RGB('',0.560784339904785,0.588235318660736,
0.600000023841858);
#72330=FILL_AREA_STYLE_COLOUR('',#72320);
#72340=FILL_AREA_STYLE('',(#72330));
#72350=SURFACE_STYLE_FILL_AREA(#72340);
#72360=SURFACE_SIDE_STYLE('',(#72350));
#72370=SURFACE_STYLE_USAGE(.BOTH.,#72360);
#72380=PRESENTATION_STYLE_ASSIGNMENT((#72370));
#72390=CARTESIAN_POINT('',(7.87499996640087,71.999999953954,
31.2000011913127));
#72400=DIRECTION('',(1.,-1.86618054824206E-10,-3.67351166262234E-12));
#72410=DIRECTION('',(3.67351162127234E-12,-2.21575564322029E-10,1.));
#72420=AXIS2_PLACEMENT_3D('',#72390,#72400,#72410);
#72430=PLANE('',#72420);
#72440=ORIENTED_EDGE('',*,*,#12480,.T.);
#72450=ORIENTED_EDGE('',*,*,#72230,.F.);
#72460=ORIENTED_EDGE('',*,*,#32860,.F.);
#72470=ORIENTED_EDGE('',*,*,#56640,.T.);
#72480=EDGE_LOOP('',(#72470,#72460,#72450,#72440));
#72490=FACE_OUTER_BOUND('',#72480,.T.);
#72500=ADVANCED_FACE('',(#72490),#72430,.F.);
#72510=COLOUR_RGB('',0.560784339904785,0.588235318660736,
0.600000023841858);
#72520=FILL_AREA_STYLE_COLOUR('',#72510);
#72530=FILL_AREA_STYLE('',(#72520));
#72540=SURFACE_STYLE_FILL_AREA(#72530);
#72550=SURFACE_SIDE_STYLE('',(#72540));
#72560=SURFACE_STYLE_USAGE(.BOTH.,#72550);
#72570=PRESENTATION_STYLE_ASSIGNMENT((#72560));
#72580=CARTESIAN_POINT('',(10.1500000071979,81.5239065839178,
67.7958762511965));
#72590=DIRECTION('',(-6.52729290762844E-11,-0.707106781195304,
0.707106781177791));
#72600=DIRECTION('',(6.52733382677543E-11,0.707106781177791,
0.707106781195304));
#72610=AXIS2_PLACEMENT_3D('',#72580,#72590,#72600);
#72620=PLANE('',#72610);
#72630=ORIENTED_EDGE('',*,*,#2120,.F.);
#72640=CARTESIAN_POINT('',(1.77635683940025E-15,81.5239065848547,
67.7958762511965));
#72650=DIRECTION('',(-1.,9.23101508975617E-11,2.89343206217823E-16));
#72660=VECTOR('',#72650,1.);
#72670=LINE('',#72640,#72660);
#72680=CARTESIAN_POINT('',(0.800000007226506,81.5239065847809,
67.7958762511965));
#72690=VERTEX_POINT('',#72680);
#72700=EDGE_CURVE('',#2030,#72690,#72670,.T.);
#72710=ORIENTED_EDGE('',*,*,#72700,.F.);
#72720=CARTESIAN_POINT('',(0.800000001555659,20.2780303315572,
6.549999996456));
#72730=DIRECTION('',(6.54720708834009E-11,0.707106781177791,
0.707106781195304));
#72740=VECTOR('',#72730,1.);
#72750=LINE('',#72720,#72740);
#72760=CARTESIAN_POINT('',(0.800000007183947,81.0642871770167,
67.3362568434209));
#72770=VERTEX_POINT('',#72760);
#72780=EDGE_CURVE('',#72770,#72690,#72750,.T.);
#72790=ORIENTED_EDGE('',*,*,#72780,.T.);
#72800=CARTESIAN_POINT('',(10.1499999999075,81.0642871761522,
67.3362568434196));
#72810=DIRECTION('',(-1.,9.24506404351328E-11,1.40778880780785E-13));
#72820=VECTOR('',#72810,1.);
#72830=LINE('',#72800,#72820);
#72840=EDGE_CURVE('',#72770,#6770,#72830,.T.);
#72850=ORIENTED_EDGE('',*,*,#72840,.F.);
#72860=ORIENTED_EDGE('',*,*,#6780,.T.);
#72870=CARTESIAN_POINT('',(1.77635683940025E-15,80.4986017520834,
66.7705714183998));
#72880=DIRECTION('',(-1.,9.23101508975618E-11,2.89343206223579E-16));
#72890=VECTOR('',#72880,1.);
#72900=LINE('',#72870,#72890);
#72910=EDGE_CURVE('',#2110,#6690,#72900,.T.);
#72920=ORIENTED_EDGE('',*,*,#72910,.T.);
#72930=EDGE_LOOP('',(#72920,#72860,#72850,#72790,#72710,#72630));
#72940=FACE_OUTER_BOUND('',#72930,.T.);
#72950=ADVANCED_FACE('',(#72940),#72620,.F.);
#72960=COLOUR_RGB('',0.560784339904785,0.588235318660736,
0.600000023841858);
#72970=FILL_AREA_STYLE_COLOUR('',#72960);
#72980=FILL_AREA_STYLE('',(#72970));
#72990=SURFACE_STYLE_FILL_AREA(#72980);
#73000=SURFACE_SIDE_STYLE('',(#72990));
#73010=SURFACE_STYLE_USAGE(.BOTH.,#73000);
#73020=PRESENTATION_STYLE_ASSIGNMENT((#73010));
#73030=ORIENTED_EDGE('',*,*,#48160,.F.);
#73040=ORIENTED_EDGE('',*,*,#48370,.T.);
#73050=ORIENTED_EDGE('',*,*,#44610,.T.);
#73060=ORIENTED_EDGE('',*,*,#44920,.F.);
#73070=ORIENTED_EDGE('',*,*,#45230,.F.);
#73080=ORIENTED_EDGE('',*,*,#45600,.T.);
#73090=CARTESIAN_POINT('',(10.1499999999326,61.750000392367,
48.7999999984866));
#73100=DIRECTION('',(1.,8.79218330439823E-11,-2.89341970406959E-16));
#73110=VECTOR('',#73100,1.);
#73120=LINE('',#73090,#73110);
#73130=EDGE_CURVE('',#45530,#47690,#73120,.T.);
#73140=ORIENTED_EDGE('',*,*,#73130,.F.);
#73150=ORIENTED_EDGE('',*,*,#47700,.F.);
#73160=EDGE_LOOP('',(#73150,#73140,#73080,#73070,#73060,#73050,#73040,
#73030));
#73170=FACE_OUTER_BOUND('',#73160,.T.);
#73180=ADVANCED_FACE('',(#73170),#27180,.F.);
#73190=COLOUR_RGB('',0.560784339904785,0.588235318660736,
0.600000023841858);
#73200=FILL_AREA_STYLE_COLOUR('',#73190);
#73210=FILL_AREA_STYLE('',(#73200));
#73220=SURFACE_STYLE_FILL_AREA(#73210);
#73230=SURFACE_SIDE_STYLE('',(#73220));
#73240=SURFACE_STYLE_USAGE(.BOTH.,#73230);
#73250=PRESENTATION_STYLE_ASSIGNMENT((#73240));
#73260=CARTESIAN_POINT('',(10.1500000048136,55.6939648222377,
48.799999998445));
#73270=DIRECTION('',(8.67430686606755E-11,0.939692620783827,
-0.342020143331387));
#73280=DIRECTION('',(-3.15722029346018E-11,-0.342020143331387,
-0.939692620783827));
#73290=AXIS2_PLACEMENT_3D('',#73260,#73270,#73280);
#73300=PLANE('',#73290);
#73310=ORIENTED_EDGE('',*,*,#47840,.T.);
#73320=CARTESIAN_POINT('',(10.1499999999417,61.750000388366,
65.4388209674817));
#73330=DIRECTION('',(1.,8.79218329249108E-11,4.95183016463171E-10));
#73340=VECTOR('',#73330,1.);
#73350=LINE('',#73320,#73340);
#73360=EDGE_CURVE('',#45450,#47770,#73350,.T.);
#73370=ORIENTED_EDGE('',*,*,#73360,.T.);
#73380=ORIENTED_EDGE('',*,*,#45460,.F.);
#73390=ORIENTED_EDGE('',*,*,#27470,.T.);
#73400=ORIENTED_EDGE('',*,*,#7180,.T.);
#73410=CARTESIAN_POINT('',(1.77635683940025E-15,62.8641784372603,
68.4999999954384));
#73420=DIRECTION('',(-1.,9.23101508975618E-11,2.893432062154E-16));
#73430=VECTOR('',#73420,1.);
#73440=LINE('',#73410,#73430);
#73450=EDGE_CURVE('',#1870,#7090,#73440,.T.);
#73460=ORIENTED_EDGE('',*,*,#73450,.T.);
#73470=ORIENTED_EDGE('',*,*,#1880,.T.);
#73480=ORIENTED_EDGE('',*,*,#27400,.T.);
#73490=EDGE_LOOP('',(#73480,#73470,#73460,#73400,#73390,#73380,#73370,
#73310));
#73500=FACE_OUTER_BOUND('',#73490,.T.);
#73510=ADVANCED_FACE('',(#73500),#73300,.F.);
#73520=COLOUR_RGB('',0.560784339904785,0.588235318660736,
0.600000023841858);
#73530=FILL_AREA_STYLE_COLOUR('',#73520);
#73540=FILL_AREA_STYLE('',(#73530));
#73550=SURFACE_STYLE_FILL_AREA(#73540);
#73560=SURFACE_SIDE_STYLE('',(#73550));
#73570=SURFACE_STYLE_USAGE(.BOTH.,#73560);
#73580=PRESENTATION_STYLE_ASSIGNMENT((#73570));
#73590=CARTESIAN_POINT('',(10.1500000054754,62.8641784363233,
68.4999999954384));
#73600=DIRECTION('',(-2.89333367273277E-16,1.06585698600749E-10,-1.));
#73610=DIRECTION('',(-9.23101508975618E-11,-1.,-1.06585698600749E-10));
#73620=AXIS2_PLACEMENT_3D('',#73590,#73600,#73610);
#73630=PLANE('',#73620);
#73640=ORIENTED_EDGE('',*,*,#1960,.T.);
#73650=ORIENTED_EDGE('',*,*,#73450,.F.);
#73660=ORIENTED_EDGE('',*,*,#7100,.T.);
#73670=CARTESIAN_POINT('',(1.77635683940025E-15,80.8197828386816,
68.4999999973522));
#73680=DIRECTION('',(-1.,9.23101508975617E-11,2.89343206218934E-16));
#73690=VECTOR('',#73680,1.);
#73700=LINE('',#73670,#73690);
#73710=EDGE_CURVE('',#1950,#7010,#73700,.T.);
#73720=ORIENTED_EDGE('',*,*,#73710,.T.);
#73730=EDGE_LOOP('',(#73720,#73660,#73650,#73640));
#73740=FACE_OUTER_BOUND('',#73730,.T.);
#73750=CARTESIAN_POINT('',(10.1499999999146,77.5404312935832,
68.4999999970026));
#73760=DIRECTION('',(-1.,9.2309959823802E-11,2.8934320618955E-16));
#73770=VECTOR('',#73760,1.);
#73780=LINE('',#73750,#73770);
#73790=CARTESIAN_POINT('',(6.34431829590852,77.5404312940076,
68.4999999970026));
#73800=VERTEX_POINT('',#73790);
#73810=CARTESIAN_POINT('',(3.80568173414257,77.5404312941689,
68.4999999970027));
#73820=VERTEX_POINT('',#73810);
#73830=EDGE_CURVE('',#73800,#73820,#73780,.T.);
#73840=ORIENTED_EDGE('',*,*,#73830,.F.);
#73850=CARTESIAN_POINT('',(3.80568173071873,40.4495488907649,
68.4999999930493));
#73860=DIRECTION('',(9.23093105784567E-11,1.,1.06585698600749E-10));
#73870=VECTOR('',#73860,1.);
#73880=LINE('',#73850,#73870);
#73890=CARTESIAN_POINT('',(3.8056817342473,78.6749991192502,
68.4999999971236));
#73900=VERTEX_POINT('',#73890);
#73910=EDGE_CURVE('',#73820,#73900,#73880,.T.);
#73920=ORIENTED_EDGE('',*,*,#73910,.F.);
#73930=CARTESIAN_POINT('',(10.1499999999125,78.6749991186646,
68.4999999971236));
#73940=DIRECTION('',(-1.,9.23101508975617E-11,2.89343206209038E-16));
#73950=VECTOR('',#73940,1.);
#73960=LINE('',#73930,#73950);
#73970=CARTESIAN_POINT('',(1.12499991628964,78.6749991194977,
68.4999999971236));
#73980=VERTEX_POINT('',#73970);
#73990=EDGE_CURVE('',#73900,#73980,#73960,.T.);
#74000=ORIENTED_EDGE('',*,*,#73990,.F.);
#74010=CARTESIAN_POINT('',(1.12499991276104,40.44954889076,
68.4999999930493));
#74020=DIRECTION('',(9.23101508975617E-11,1.,1.06585698600749E-10));
#74030=VECTOR('',#74020,1.);
#74040=LINE('',#74010,#74030);
#74050=CARTESIAN_POINT('',(1.12499991496498,64.3249994760977,
68.4999999955941));
#74060=VERTEX_POINT('',#74050);
#74070=EDGE_CURVE('',#74060,#73980,#74040,.T.);
#74080=ORIENTED_EDGE('',*,*,#74070,.T.);
#74090=CARTESIAN_POINT('',(10.1499999999387,64.3249994752646,
68.4999999955941));
#74100=DIRECTION('',(-1.,9.2310344987187E-11,2.89343206228527E-16));
#74110=VECTOR('',#74100,1.);
#74120=LINE('',#74090,#74110);
#74130=CARTESIAN_POINT('',(2.67028908350842,64.3249994759551,
68.4999999955941));
#74140=VERTEX_POINT('',#74130);
#74150=EDGE_CURVE('',#74140,#74060,#74120,.T.);
#74160=ORIENTED_EDGE('',*,*,#74150,.T.);
#74170=CARTESIAN_POINT('',(10.149999999925,71.8047103909908,
68.4999999963913));
#74180=DIRECTION('',(-0.707106781251821,-0.707106781121274,
-7.53672308820746E-11));
#74190=VECTOR('',#74180,1.);
#74200=LINE('',#74170,#74190);
#74210=CARTESIAN_POINT('',(3.8056817330273,65.4603921252643,
68.4999999957151));
#74220=VERTEX_POINT('',#74210);
#74230=EDGE_CURVE('',#74220,#74140,#74200,.T.);
#74240=ORIENTED_EDGE('',*,*,#74230,.T.);
#74250=CARTESIAN_POINT('',(3.80568173071857,40.4495488907649,
68.4999999930493));
#74260=DIRECTION('',(-9.23093105784567E-11,-1.,-1.06585698600749E-10));
#74270=VECTOR('',#74260,1.);
#74280=LINE('',#74250,#74270);
#74290=CARTESIAN_POINT('',(3.80568173308865,66.1249997742272,
68.4999999957859));
#74300=VERTEX_POINT('',#74290);
#74310=EDGE_CURVE('',#74300,#74220,#74280,.T.);
#74320=ORIENTED_EDGE('',*,*,#74310,.T.);
#74330=CARTESIAN_POINT('',(10.1499999999354,66.1249997737149,
68.4999999957859));
#74340=DIRECTION('',(-1.,9.22746348583075E-11,2.89343202421294E-16));
#74350=VECTOR('',#74340,1.);
#74360=LINE('',#74330,#74350);
#74370=CARTESIAN_POINT('',(6.34431829485489,66.1249997740661,
68.4999999957859));
#74380=VERTEX_POINT('',#74370);
#74390=EDGE_CURVE('',#74380,#74300,#74360,.T.);
#74400=ORIENTED_EDGE('',*,*,#74390,.T.);
#74410=CARTESIAN_POINT('',(6.34431829248478,40.4495488907695,
68.4999999930493));
#74420=DIRECTION('',(9.23106090690949E-11,1.,1.06585698600749E-10));
#74430=VECTOR('',#74420,1.);
#74440=LINE('',#74410,#74430);
#74450=CARTESIAN_POINT('',(6.34431829479355,65.4603921250721,
68.4999999957151));
#74460=VERTEX_POINT('',#74450);
#74470=EDGE_CURVE('',#74460,#74380,#74440,.T.);
#74480=ORIENTED_EDGE('',*,*,#74470,.T.);
#74490=CARTESIAN_POINT('',(31.355161524433,40.4495488908151,
68.4999999930493));
#74500=DIRECTION('',(-0.707106781121275,0.70710678125182,
7.53676477715506E-11));
#74510=VECTOR('',#74500,1.);
#74520=LINE('',#74490,#74510);
#74530=CARTESIAN_POINT('',(7.47971094414488,64.3249994755111,
68.4999999955941));
#74540=VERTEX_POINT('',#74530);
#74550=EDGE_CURVE('',#74540,#74460,#74520,.T.);
#74560=ORIENTED_EDGE('',*,*,#74550,.T.);
#74570=CARTESIAN_POINT('',(10.1499999999387,64.3249994752646,
68.4999999955941));
#74580=DIRECTION('',(-1.,9.2310344987187E-11,2.89343206228527E-16));
#74590=VECTOR('',#74580,1.);
#74600=LINE('',#74570,#74590);
#74610=CARTESIAN_POINT('',(9.02500009599306,64.3249994753685,
68.4999999955941));
#74620=VERTEX_POINT('',#74610);
#74630=EDGE_CURVE('',#74620,#74540,#74600,.T.);
#74640=ORIENTED_EDGE('',*,*,#74630,.T.);
#74650=CARTESIAN_POINT('',(9.02500009378911,40.4495488907744,
68.4999999930493));
#74660=DIRECTION('',(-9.23101508975769E-11,-1.,-1.06585698600749E-10));
#74670=VECTOR('',#74660,1.);
#74680=LINE('',#74650,#74670);
#74690=CARTESIAN_POINT('',(9.0250000973177,78.6749991187684,
68.4999999971236));
#74700=VERTEX_POINT('',#74690);
#74710=EDGE_CURVE('',#74700,#74620,#74680,.T.);
#74720=ORIENTED_EDGE('',*,*,#74710,.T.);
#74730=CARTESIAN_POINT('',(10.1499999999125,78.6749991186646,
68.4999999971236));
#74740=DIRECTION('',(-1.,9.23101508975617E-11,2.89343206209038E-16));
#74750=VECTOR('',#74740,1.);
#74760=LINE('',#74730,#74750);
#74770=CARTESIAN_POINT('',(6.34431829601326,78.6749991190159,
68.4999999971236));
#74780=VERTEX_POINT('',#74770);
#74790=EDGE_CURVE('',#74700,#74780,#74760,.T.);
#74800=ORIENTED_EDGE('',*,*,#74790,.F.);
#74810=CARTESIAN_POINT('',(6.34431829248464,40.4495488907695,
68.4999999930493));
#74820=DIRECTION('',(-9.23106090690949E-11,-1.,-1.06585698600749E-10));
#74830=VECTOR('',#74820,1.);
#74840=LINE('',#74810,#74830);
#74850=EDGE_CURVE('',#74780,#73800,#74840,.T.);
#74860=ORIENTED_EDGE('',*,*,#74850,.F.);
#74870=EDGE_LOOP('',(#74860,#74800,#74720,#74640,#74560,#74480,#74400,
#74320,#74240,#74160,#74080,#74000,#73920,#73840));
#74880=FACE_BOUND('',#74870,.T.);
#74890=ADVANCED_FACE('',(#73740,#74880),#73630,.F.);
#74900=COLOUR_RGB('',0.560784339904785,0.588235318660736,
0.600000023841858);
#74910=FILL_AREA_STYLE_COLOUR('',#74900);
#74920=FILL_AREA_STYLE('',(#74910));
#74930=SURFACE_STYLE_FILL_AREA(#74920);
#74940=SURFACE_SIDE_STYLE('',(#74930));
#74950=SURFACE_STYLE_USAGE(.BOTH.,#74940);
#74960=PRESENTATION_STYLE_ASSIGNMENT((#74950));
#74970=CARTESIAN_POINT('',(10.1500000071329,80.8197828377447,
68.4999999973522));
#74980=DIRECTION('',(-6.52733382677543E-11,-0.707106781177791,
-0.707106781195304));
#74990=DIRECTION('',(-6.52729290762845E-11,-0.707106781195304,
0.707106781177791));
#75000=AXIS2_PLACEMENT_3D('',#74970,#74980,#74990);
#75010=PLANE('',#75000);
#75020=CARTESIAN_POINT('',(0.800000003593238,40.4495488907438,
108.870233944216));
#75030=DIRECTION('',(-6.2547659613989E-11,-0.707106781195304,
0.707106781177791));
#75040=VECTOR('',#75030,1.);
#75050=LINE('',#75020,#75040);
#75060=CARTESIAN_POINT('',(0.800000007232848,81.5956296495399,
67.7241531864393));
#75070=VERTEX_POINT('',#75060);
#75080=EDGE_CURVE('',#75070,#72690,#75050,.T.);
#75090=ORIENTED_EDGE('',*,*,#75080,.F.);
#75100=ORIENTED_EDGE('',*,*,#72700,.T.);
#75110=ORIENTED_EDGE('',*,*,#2040,.F.);
#75120=ORIENTED_EDGE('',*,*,#73710,.F.);
#75130=ORIENTED_EDGE('',*,*,#7020,.T.);
#75140=CARTESIAN_POINT('',(10.1499999999067,81.5956296486939,
67.7241531864222));
#75150=DIRECTION('',(1.,-9.0481488090065E-11,-1.82895215065763E-12));
#75160=VECTOR('',#75150,1.);
#75170=LINE('',#75140,#75160);
#75180=EDGE_CURVE('',#6930,#75070,#75170,.T.);
#75190=ORIENTED_EDGE('',*,*,#75180,.F.);
#75200=EDGE_LOOP('',(#75190,#75130,#75120,#75110,#75100,#75090));
#75210=FACE_OUTER_BOUND('',#75200,.T.);
#75220=ADVANCED_FACE('',(#75210),#75010,.F.);
#75230=COLOUR_RGB('',0.560784339904785,0.588235318660736,
0.600000023841858);
#75240=FILL_AREA_STYLE_COLOUR('',#75230);
#75250=FILL_AREA_STYLE('',(#75240));
#75260=SURFACE_STYLE_FILL_AREA(#75250);
#75270=SURFACE_SIDE_STYLE('',(#75260));
#75280=SURFACE_STYLE_USAGE(.BOTH.,#75270);
#75290=PRESENTATION_STYLE_ASSIGNMENT((#75280));
#75300=CARTESIAN_POINT('',(10.1500000071033,80.4986017511465,
66.7705714183998));
#75310=DIRECTION('',(-6.5273338268115E-11,-0.707106781181699,
-0.707106781191396));
#75320=DIRECTION('',(-6.52729290759238E-11,-0.707106781191396,
0.707106781181699));
#75330=AXIS2_PLACEMENT_3D('',#75300,#75310,#75320);
#75340=PLANE('',#75330);
#75350=ORIENTED_EDGE('',*,*,#2200,.T.);
#75360=ORIENTED_EDGE('',*,*,#72910,.F.);
#75370=ORIENTED_EDGE('',*,*,#6700,.T.);
#75380=CARTESIAN_POINT('',(10.1500000071627,81.1417745494487,
66.1273986201064));
#75390=DIRECTION('',(-1.,9.23101508975617E-11,2.89343206215198E-16));
#75400=VECTOR('',#75390,1.);
#75410=LINE('',#75380,#75400);
#75420=EDGE_CURVE('',#2190,#6610,#75410,.T.);
#75430=ORIENTED_EDGE('',*,*,#75420,.T.);
#75440=EDGE_LOOP('',(#75430,#75370,#75360,#75350));
#75450=FACE_OUTER_BOUND('',#75440,.T.);
#75460=ADVANCED_FACE('',(#75450),#75340,.F.);
#75470=COLOUR_RGB('',0.560784339904785,0.588235318660736,
0.600000023841858);
#75480=FILL_AREA_STYLE_COLOUR('',#75470);
#75490=FILL_AREA_STYLE('',(#75480));
#75500=SURFACE_STYLE_FILL_AREA(#75490);
#75510=SURFACE_SIDE_STYLE('',(#75500));
#75520=SURFACE_STYLE_USAGE(.BOTH.,#75510);
#75530=PRESENTATION_STYLE_ASSIGNMENT((#75520));
#75540=CARTESIAN_POINT('',(10.1500000072099,81.6539065838673,
65.915266585815));
#75550=DIRECTION('',(-9.23101508975617E-11,-1.,-6.85707046729273E-12));
#75560=DIRECTION('',(2.89342573238054E-16,-6.85707046729275E-12,1.));
#75570=AXIS2_PLACEMENT_3D('',#75540,#75550,#75560);
#75580=PLANE('',#75570);
#75590=ORIENTED_EDGE('',*,*,#2370,.T.);
#75600=CARTESIAN_POINT('',(10.1500000072099,81.6539065838673,
65.915266585815));
#75610=DIRECTION('',(-1.,9.23101508975617E-11,2.89343206215198E-16));
#75620=VECTOR('',#75610,1.);
#75630=LINE('',#75600,#75620);
#75640=EDGE_CURVE('',#2280,#6520,#75630,.T.);
#75650=ORIENTED_EDGE('',*,*,#75640,.F.);
#75660=ORIENTED_EDGE('',*,*,#6530,.T.);
#75670=CARTESIAN_POINT('',(1.77635683940025E-15,81.6539065848131,
64.625317092045));
#75680=DIRECTION('',(-1.,9.23101508975617E-11,2.89343206205E-16));
#75690=VECTOR('',#75680,1.);
#75700=LINE('',#75670,#75690);
#75710=EDGE_CURVE('',#2360,#6440,#75700,.T.);
#75720=ORIENTED_EDGE('',*,*,#75710,.T.);
#75730=EDGE_LOOP('',(#75720,#75660,#75650,#75590));
#75740=FACE_OUTER_BOUND('',#75730,.T.);
#75750=ADVANCED_FACE('',(#75740),#75580,.F.);
#75760=COLOUR_RGB('',0.560784339904785,0.588235318660736,
0.600000023841858);
#75770=FILL_AREA_STYLE_COLOUR('',#75760);
#75780=FILL_AREA_STYLE('',(#75770));
#75790=SURFACE_STYLE_FILL_AREA(#75780);
#75800=SURFACE_SIDE_STYLE('',(#75790));
#75810=SURFACE_STYLE_USAGE(.BOTH.,#75800);
#75820=PRESENTATION_STYLE_ASSIGNMENT((#75810));
#75830=CARTESIAN_POINT('',(10.1500000071702,81.2233862018685,
65.0558374740467));
#75840=DIRECTION('',(-6.52729290759237E-11,-0.707106781191396,
0.707106781181699));
#75850=DIRECTION('',(6.5273338268115E-11,0.707106781181699,
0.707106781191396));
#75860=AXIS2_PLACEMENT_3D('',#75830,#75840,#75850);
#75870=PLANE('',#75860);
#75880=ORIENTED_EDGE('',*,*,#2530,.T.);
#75890=CARTESIAN_POINT('',(0.,81.2233862028054,65.0558374740467));
#75900=DIRECTION('',(-1.,9.23101508975617E-11,2.89343206213077E-16));
#75910=VECTOR('',#75900,1.);
#75920=LINE('',#75890,#75910);
#75930=EDGE_CURVE('',#2440,#6360,#75920,.T.);
#75940=ORIENTED_EDGE('',*,*,#75930,.F.);
#75950=ORIENTED_EDGE('',*,*,#6370,.T.);
#75960=CARTESIAN_POINT('',(1.77635683940025E-15,80.4809240825649,
64.3133753537959));
#75970=DIRECTION('',(-1.,9.23101508975617E-11,2.89343206217015E-16));
#75980=VECTOR('',#75970,1.);
#75990=LINE('',#75960,#75980);
#76000=EDGE_CURVE('',#2520,#6280,#75990,.T.);
#76010=ORIENTED_EDGE('',*,*,#76000,.T.);
#76020=EDGE_LOOP('',(#76010,#75950,#75940,#75880));
#76030=FACE_OUTER_BOUND('',#76020,.T.);
#76040=ADVANCED_FACE('',(#76030),#75870,.F.);
#76050=COLOUR_RGB('',0.560784339904785,0.588235318660736,
0.600000023841858);
#76060=FILL_AREA_STYLE_COLOUR('',#76050);
#76070=FILL_AREA_STYLE('',(#76060));
#76080=SURFACE_STYLE_FILL_AREA(#76070);
#76090=SURFACE_SIDE_STYLE('',(#76080));
#76100=SURFACE_STYLE_USAGE(.BOTH.,#76090);
#76110=PRESENTATION_STYLE_ASSIGNMENT((#76100));
#76120=CARTESIAN_POINT('',(10.1500000075161,84.9710521421937,
59.8232472932923));
#76130=DIRECTION('',(6.52729290759237E-11,0.707106781191395,
-0.7071067811817));
#76140=DIRECTION('',(-6.52733382681151E-11,-0.7071067811817,
-0.707106781191395));
#76150=AXIS2_PLACEMENT_3D('',#76120,#76130,#76140);
#76160=PLANE('',#76150);
#76170=ORIENTED_EDGE('',*,*,#2690,.T.);
#76180=CARTESIAN_POINT('',(1.77635683940025E-15,84.9710521431306,
59.8232472932923));
#76190=DIRECTION('',(-1.,9.23101508975617E-11,2.89343206218934E-16));
#76200=VECTOR('',#76190,1.);
#76210=LINE('',#76180,#76200);
#76220=EDGE_CURVE('',#2600,#6200,#76210,.T.);
#76230=ORIENTED_EDGE('',*,*,#76220,.F.);
#76240=ORIENTED_EDGE('',*,*,#6210,.T.);
#76250=CARTESIAN_POINT('',(1.77635683940025E-15,85.7135142633712,
60.5657094135431));
#76260=DIRECTION('',(-1.,9.23101508975617E-11,2.89343206212472E-16));
#76270=VECTOR('',#76260,1.);
#76280=LINE('',#76250,#76270);
#76290=EDGE_CURVE('',#2680,#6120,#76280,.T.);
#76300=ORIENTED_EDGE('',*,*,#76290,.T.);
#76310=EDGE_LOOP('',(#76300,#76240,#76230,#76170));
#76320=FACE_OUTER_BOUND('',#76310,.T.);
#76330=ADVANCED_FACE('',(#76320),#76160,.F.);
#76340=COLOUR_RGB('',0.560784339904785,0.588235318660736,
0.600000023841858);
#76350=FILL_AREA_STYLE_COLOUR('',#76340);
#76360=FILL_AREA_STYLE('',(#76350));
#76370=SURFACE_STYLE_FILL_AREA(#76360);
#76380=SURFACE_SIDE_STYLE('',(#76370));
#76390=SURFACE_STYLE_USAGE(.BOTH.,#76380);
#76400=PRESENTATION_STYLE_ASSIGNMENT((#76390));
#76410=CARTESIAN_POINT('',(10.1500000075449,85.2829938804271,
60.9962297955444));
#76420=DIRECTION('',(-2.89342573237988E-16,6.85707046729376E-12,-1.));
#76430=DIRECTION('',(-9.23101508975617E-11,-1.,-6.85707046729373E-12));
#76440=AXIS2_PLACEMENT_3D('',#76410,#76420,#76430);
#76450=PLANE('',#76440);
#76460=ORIENTED_EDGE('',*,*,#2850,.T.);
#76470=CARTESIAN_POINT('',(1.77635683940025E-15,85.282993881364,
60.9962297955444));
#76480=DIRECTION('',(-1.,9.23101508975617E-11,2.89343206214188E-16));
#76490=VECTOR('',#76480,1.);
#76500=LINE('',#76470,#76490);
#76510=EDGE_CURVE('',#2760,#6040,#76500,.T.);
#76520=ORIENTED_EDGE('',*,*,#76510,.F.);
#76530=ORIENTED_EDGE('',*,*,#6050,.T.);
#76540=CARTESIAN_POINT('',(10.150000007664,86.5729433741968,
60.9962297955532));
#76550=DIRECTION('',(-1.,9.23101508975617E-11,2.89343206215198E-16));
#76560=VECTOR('',#76550,1.);
#76570=LINE('',#76540,#76560);
#76580=EDGE_CURVE('',#2840,#5960,#76570,.T.);
#76590=ORIENTED_EDGE('',*,*,#76580,.T.);
#76600=EDGE_LOOP('',(#76590,#76530,#76520,#76460));
#76610=FACE_OUTER_BOUND('',#76600,.T.);
#76620=ADVANCED_FACE('',(#76610),#76450,.F.);
#76630=COLOUR_RGB('',0.560784339904785,0.588235318660736,
0.600000023841858);
#76640=FILL_AREA_STYLE_COLOUR('',#76630);
#76650=FILL_AREA_STYLE('',(#76640));
#76660=SURFACE_STYLE_FILL_AREA(#76650);
#76670=SURFACE_SIDE_STYLE('',(#76660));
#76680=SURFACE_STYLE_USAGE(.BOTH.,#76670);
#76690=PRESENTATION_STYLE_ASSIGNMENT((#76680));
#76700=CARTESIAN_POINT('',(10.1500000076836,86.785075408495,
60.4840977611376));
#76710=DIRECTION('',(-6.5273338268115E-11,-0.707106781181699,
-0.707106781191396));
#76720=DIRECTION('',(-6.52729290759238E-11,-0.707106781191396,
0.707106781181699));
#76730=AXIS2_PLACEMENT_3D('',#76700,#76710,#76720);
#76740=PLANE('',#76730);
#76750=ORIENTED_EDGE('',*,*,#3020,.T.);
#76760=CARTESIAN_POINT('',(10.1500000076836,86.785075408495,
60.4840977611376));
#76770=DIRECTION('',(-1.,9.23101508975617E-11,2.89343206215198E-16));
#76780=VECTOR('',#76770,1.);
#76790=LINE('',#76760,#76780);
#76800=EDGE_CURVE('',#2930,#5870,#76790,.T.);
#76810=ORIENTED_EDGE('',*,*,#76800,.F.);
#76820=ORIENTED_EDGE('',*,*,#5880,.T.);
#76830=CARTESIAN_POINT('',(1.77635683940025E-15,87.4282482077339,
59.8409249628444));
#76840=DIRECTION('',(-1.,9.23101508975617E-11,2.89343206221155E-16));
#76850=VECTOR('',#76840,1.);
#76860=LINE('',#76830,#76850);
#76870=EDGE_CURVE('',#3010,#5790,#76860,.T.);
#76880=ORIENTED_EDGE('',*,*,#76870,.T.);
#76890=EDGE_LOOP('',(#76880,#76820,#76810,#76750));
#76900=FACE_OUTER_BOUND('',#76890,.T.);
#76910=ADVANCED_FACE('',(#76900),#76740,.F.);
#76920=COLOUR_RGB('',0.560784339904785,0.588235318660736,
0.600000023841858);
#76930=FILL_AREA_STYLE_COLOUR('',#76920);
#76940=FILL_AREA_STYLE('',(#76930));
#76950=SURFACE_STYLE_FILL_AREA(#76940);
#76960=SURFACE_SIDE_STYLE('',(#76950));
#76970=SURFACE_STYLE_USAGE(.BOTH.,#76960);
#76980=PRESENTATION_STYLE_ASSIGNMENT((#76970));
#76990=CARTESIAN_POINT('',(10.1500000078376,88.4535530403819,
60.8662297962091));
#77000=DIRECTION('',(-6.52733382612447E-11,-0.707106781107273,
-0.707106781265823));
#77010=DIRECTION('',(-6.52729290827941E-11,-0.707106781265823,
0.707106781107273));
#77020=AXIS2_PLACEMENT_3D('',#76990,#77000,#77010);
#77030=PLANE('',#77020);
#77040=CARTESIAN_POINT('',(10.1499999998907,88.3818299761878,
60.9379528603871));
#77050=DIRECTION('',(1.,-9.02847444232081E-11,-2.02569581710573E-12));
#77060=VECTOR('',#77050,1.);
#77070=LINE('',#77040,#77060);
#77080=CARTESIAN_POINT('',(0.800000007833125,88.381829977032,
60.9379528604061));
#77090=VERTEX_POINT('',#77080);
#77100=EDGE_CURVE('',#11500,#77090,#77070,.T.);
#77110=ORIENTED_EDGE('',*,*,#77100,.T.);
#77120=ORIENTED_EDGE('',*,*,#11510,.T.);
#77130=ORIENTED_EDGE('',*,*,#23630,.T.);
#77140=ORIENTED_EDGE('',*,*,#3180,.F.);
#77150=CARTESIAN_POINT('',(1.77635683940025E-15,88.4535530412074,
60.8662297963205));
#77160=DIRECTION('',(-1.,9.23101508975617E-11,2.89343206218025E-16));
#77170=VECTOR('',#77160,1.);
#77180=LINE('',#77150,#77170);
#77190=CARTESIAN_POINT('',(0.800000007839468,88.4535530411336,
60.8662297963205));
#77200=VERTEX_POINT('',#77190);
#77210=EDGE_CURVE('',#3090,#77200,#77180,.T.);
#77220=ORIENTED_EDGE('',*,*,#77210,.F.);
#77230=CARTESIAN_POINT('',(0.800000003593238,40.4495488907438,
108.870233935947));
#77240=DIRECTION('',(6.2547659613899E-11,0.707106781265823,
-0.707106781107273));
#77250=VECTOR('',#77240,1.);
#77260=LINE('',#77230,#77250);
#77270=EDGE_CURVE('',#77090,#77200,#77260,.T.);
#77280=ORIENTED_EDGE('',*,*,#77270,.T.);
#77290=EDGE_LOOP('',(#77280,#77220,#77140,#77130,#77120,#77110));
#77300=FACE_OUTER_BOUND('',#77290,.T.);
#77310=ADVANCED_FACE('',(#77300),#77030,.F.);
#77320=COLOUR_RGB('',0.560784339904785,0.588235318660736,
0.600000023841858);
#77330=FILL_AREA_STYLE_COLOUR('',#77320);
#77340=FILL_AREA_STYLE('',(#77330));
#77350=SURFACE_STYLE_FILL_AREA(#77340);
#77360=SURFACE_SIDE_STYLE('',(#77350));
#77370=SURFACE_STYLE_USAGE(.BOTH.,#77360);
#77380=PRESENTATION_STYLE_ASSIGNMENT((#77370));
#77390=CARTESIAN_POINT('',(10.150000007743,87.428248206797,
59.8409249628444));
#77400=DIRECTION('',(6.5272929075563E-11,0.707106781187488,
-0.707106781185607));
#77410=DIRECTION('',(-6.52733382684757E-11,-0.707106781185607,
-0.707106781187488));
#77420=AXIS2_PLACEMENT_3D('',#77390,#77400,#77410);
#77430=PLANE('',#77420);
#77440=ORIENTED_EDGE('',*,*,#77210,.T.);
#77450=ORIENTED_EDGE('',*,*,#3100,.T.);
#77460=ORIENTED_EDGE('',*,*,#76870,.F.);
#77470=ORIENTED_EDGE('',*,*,#5800,.T.);
#77480=CARTESIAN_POINT('',(10.1499999998911,87.993933631809,
60.4066103878578));
#77490=DIRECTION('',(1.,-9.24506404351344E-11,-1.40778880779229E-13));
#77500=VECTOR('',#77490,1.);
#77510=LINE('',#77480,#77500);
#77520=CARTESIAN_POINT('',(0.800000007796912,87.9939336326734,
60.4066103878592));
#77530=VERTEX_POINT('',#77520);
#77540=EDGE_CURVE('',#5710,#77530,#77510,.T.);
#77550=ORIENTED_EDGE('',*,*,#77540,.F.);
#77560=CARTESIAN_POINT('',(0.800000002810252,34.1373232414189,
6.54999999646135));
#77570=DIRECTION('',(-6.54720431278068E-11,-0.707106781185607,
-0.707106781187488));
#77580=VECTOR('',#77570,1.);
#77590=LINE('',#77560,#77580);
#77600=EDGE_CURVE('',#77200,#77530,#77590,.T.);
#77610=ORIENTED_EDGE('',*,*,#77600,.T.);
#77620=EDGE_LOOP('',(#77610,#77550,#77470,#77460,#77450,#77440));
#77630=FACE_OUTER_BOUND('',#77620,.T.);
#77640=ADVANCED_FACE('',(#77630),#77430,.F.);
#77650=COLOUR_RGB('',0.560784339904785,0.588235318660736,
0.600000023841858);
#77660=FILL_AREA_STYLE_COLOUR('',#77650);
#77670=FILL_AREA_STYLE('',(#77660));
#77680=SURFACE_STYLE_FILL_AREA(#77670);
#77690=SURFACE_SIDE_STYLE('',(#77680));
#77700=SURFACE_STYLE_USAGE(.BOTH.,#77690);
#77710=PRESENTATION_STYLE_ASSIGNMENT((#77700));
#77720=CARTESIAN_POINT('',(10.150000007664,86.5729433741987,
60.6962297955532));
#77730=DIRECTION('',(-1.,9.23101508975617E-11,2.89343206215198E-16));
#77740=DIRECTION('',(-6.52729290759237E-11,-0.707106781191396,
0.707106781181699));
#77750=AXIS2_PLACEMENT_3D('',#77720,#77730,#77740);
#77760=CYLINDRICAL_SURFACE('',#77750,0.299999999999998);
#77770=ORIENTED_EDGE('',*,*,#2940,.T.);
#77780=ORIENTED_EDGE('',*,*,#76580,.F.);
#77790=ORIENTED_EDGE('',*,*,#5970,.F.);
#77800=ORIENTED_EDGE('',*,*,#76800,.T.);
#77810=EDGE_LOOP('',(#77800,#77790,#77780,#77770));
#77820=FACE_OUTER_BOUND('',#77810,.T.);
#77830=ADVANCED_FACE('',(#77820),#77760,.T.);
#77840=COLOUR_RGB('',0.560784339904785,0.588235318660736,
0.600000023841858);
#77850=FILL_AREA_STYLE_COLOUR('',#77840);
#77860=FILL_AREA_STYLE('',(#77850));
#77870=SURFACE_STYLE_FILL_AREA(#77860);
#77880=SURFACE_SIDE_STYLE('',(#77870));
#77890=SURFACE_STYLE_USAGE(.BOTH.,#77880);
#77900=PRESENTATION_STYLE_ASSIGNMENT((#77890));
#77910=CARTESIAN_POINT('',(10.1500000075847,85.7135142624343,
60.5657094135431));
#77920=DIRECTION('',(6.52733382681142E-11,0.707106781181691,
0.707106781191404));
#77930=DIRECTION('',(6.52729290759245E-11,0.707106781191404,
-0.707106781181691));
#77940=AXIS2_PLACEMENT_3D('',#77910,#77920,#77930);
#77950=PLANE('',#77940);
#77960=ORIENTED_EDGE('',*,*,#2770,.T.);
#77970=ORIENTED_EDGE('',*,*,#76290,.F.);
#77980=ORIENTED_EDGE('',*,*,#6130,.T.);
#77990=ORIENTED_EDGE('',*,*,#76510,.T.);
#78000=EDGE_LOOP('',(#77990,#77980,#77970,#77960));
#78010=FACE_OUTER_BOUND('',#78000,.T.);
#78020=ADVANCED_FACE('',(#78010),#77950,.F.);
#78030=COLOUR_RGB('',0.560784339904785,0.588235318660736,
0.600000023841858);
#78040=FILL_AREA_STYLE_COLOUR('',#78030);
#78050=FILL_AREA_STYLE('',(#78040));
#78060=SURFACE_STYLE_FILL_AREA(#78050);
#78070=SURFACE_SIDE_STYLE('',(#78060));
#78080=SURFACE_STYLE_USAGE(.BOTH.,#78070);
#78090=PRESENTATION_STYLE_ASSIGNMENT((#78080));
#78100=CARTESIAN_POINT('',(10.1500000071016,80.480924081628,
64.3133753537959));
#78110=DIRECTION('',(-6.52733382681112E-11,-0.707106781181658,
-0.707106781191437));
#78120=DIRECTION('',(-6.52729290759275E-11,-0.707106781191437,
0.707106781181658));
#78130=AXIS2_PLACEMENT_3D('',#78100,#78110,#78120);
#78140=PLANE('',#78130);
#78150=ORIENTED_EDGE('',*,*,#2610,.T.);
#78160=ORIENTED_EDGE('',*,*,#76000,.F.);
#78170=ORIENTED_EDGE('',*,*,#6290,.T.);
#78180=ORIENTED_EDGE('',*,*,#76220,.T.);
#78190=EDGE_LOOP('',(#78180,#78170,#78160,#78150));
#78200=FACE_OUTER_BOUND('',#78190,.T.);
#78210=ADVANCED_FACE('',(#78200),#78140,.F.);
#78220=COLOUR_RGB('',0.560784339904785,0.588235318660736,
0.600000023841858);
#78230=FILL_AREA_STYLE_COLOUR('',#78220);
#78240=FILL_AREA_STYLE('',(#78230));
#78250=SURFACE_STYLE_FILL_AREA(#78240);
#78260=SURFACE_SIDE_STYLE('',(#78250));
#78270=SURFACE_STYLE_USAGE(.BOTH.,#78260);
#78280=PRESENTATION_STYLE_ASSIGNMENT((#78270));
#78290=CARTESIAN_POINT('',(10.1500000072099,81.6539065838761,
64.625317092045));
#78300=DIRECTION('',(6.5273338268112E-11,0.707106781181667,
0.707106781191428));
#78310=DIRECTION('',(6.52729290759267E-11,0.707106781191428,
-0.707106781181667));
#78320=AXIS2_PLACEMENT_3D('',#78290,#78300,#78310);
#78330=PLANE('',#78320);
#78340=ORIENTED_EDGE('',*,*,#2450,.F.);
#78350=ORIENTED_EDGE('',*,*,#75710,.F.);
#78360=ORIENTED_EDGE('',*,*,#6450,.T.);
#78370=ORIENTED_EDGE('',*,*,#75930,.T.);
#78380=EDGE_LOOP('',(#78370,#78360,#78350,#78340));
#78390=FACE_OUTER_BOUND('',#78380,.T.);
#78400=ADVANCED_FACE('',(#78390),#78330,.F.);
#78410=COLOUR_RGB('',0.560784339904785,0.588235318660736,
0.600000023841858);
#78420=FILL_AREA_STYLE_COLOUR('',#78410);
#78430=FILL_AREA_STYLE('',(#78420));
#78440=SURFACE_STYLE_FILL_AREA(#78430);
#78450=SURFACE_SIDE_STYLE('',(#78440));
#78460=SURFACE_STYLE_USAGE(.BOTH.,#78450);
#78470=PRESENTATION_STYLE_ASSIGNMENT((#78460));
#78480=CARTESIAN_POINT('',(10.1500000071822,81.3539065838673,
65.915266585813));
#78490=DIRECTION('',(1.,-9.23101508975617E-11,-2.89343206215198E-16));
#78500=DIRECTION('',(6.52729290759237E-11,0.707106781191396,
-0.707106781181699));
#78510=AXIS2_PLACEMENT_3D('',#78480,#78490,#78500);
#78520=CYLINDRICAL_SURFACE('',#78510,0.299999999999998);
#78530=ORIENTED_EDGE('',*,*,#2290,.F.);
#78540=ORIENTED_EDGE('',*,*,#75420,.F.);
#78550=ORIENTED_EDGE('',*,*,#6620,.T.);
#78560=ORIENTED_EDGE('',*,*,#75640,.T.);
#78570=EDGE_LOOP('',(#78560,#78550,#78540,#78530));
#78580=FACE_OUTER_BOUND('',#78570,.T.);
#78590=ADVANCED_FACE('',(#78580),#78520,.T.);
#78600=COLOUR_RGB('',0.560784339904785,0.588235318660736,
0.600000023841858);
#78610=FILL_AREA_STYLE_COLOUR('',#78600);
#78620=FILL_AREA_STYLE('',(#78610));
#78630=SURFACE_STYLE_FILL_AREA(#78620);
#78640=SURFACE_SIDE_STYLE('',(#78630));
#78650=SURFACE_STYLE_USAGE(.BOTH.,#78640);
#78660=PRESENTATION_STYLE_ASSIGNMENT((#78650));
#78670=CARTESIAN_POINT('',(0.849999720924206,61.7500003878528,
64.1727765209865));
#78680=DIRECTION('',(-8.79218330439823E-11,1.,2.40459568924046E-10));
#78690=DIRECTION('',(-1.66553952955708E-16,2.40459568924046E-10,-1.));
#78700=AXIS2_PLACEMENT_3D('',#78670,#78680,#78690);
#78710=PLANE('',#78700);
#78720=ORIENTED_EDGE('',*,*,#45540,.F.);
#78730=ORIENTED_EDGE('',*,*,#73360,.F.);
#78740=ORIENTED_EDGE('',*,*,#47780,.F.);
#78750=ORIENTED_EDGE('',*,*,#73130,.T.);
#78760=EDGE_LOOP('',(#78750,#78740,#78730,#78720));
#78770=FACE_OUTER_BOUND('',#78760,.T.);
#78780=ADVANCED_FACE('',(#78770),#78710,.F.);
#78790=COLOUR_RGB('',0.560784339904785,0.588235318660736,
0.600000023841858);
#78800=FILL_AREA_STYLE_COLOUR('',#78790);
#78810=FILL_AREA_STYLE('',(#78800));
#78820=SURFACE_STYLE_FILL_AREA(#78810);
#78830=SURFACE_SIDE_STYLE('',(#78820));
#78840=SURFACE_STYLE_USAGE(.BOTH.,#78830);
#78850=PRESENTATION_STYLE_ASSIGNMENT((#78840));
#78860=CARTESIAN_POINT('',(0.800000007791333,87.9219872697195,
60.8568701842216));
#78870=DIRECTION('',(1.36828603948969E-11,0.173648177673687,
-0.984807753011017));
#78880=DIRECTION('',(-8.95074208666063E-11,-0.984807753011017,
-0.173648177673687));
#78890=AXIS2_PLACEMENT_3D('',#78860,#78870,#78880);
#78900=PLANE('',#78890);
#78910=CARTESIAN_POINT('',(10.149999999892,87.6003815932268,
60.8001624264346));
#78920=DIRECTION('',(1.,-9.05236057943912E-11,-2.06781352149602E-12));
#78930=VECTOR('',#78920,1.);
#78940=LINE('',#78910,#78930);
#78950=CARTESIAN_POINT('',(0.800000007762103,87.6003815940732,
60.8001624264539));
#78960=VERTEX_POINT('',#78950);
#78970=EDGE_CURVE('',#5690,#78960,#78940,.T.);
#78980=ORIENTED_EDGE('',*,*,#78970,.T.);
#78990=ORIENTED_EDGE('',*,*,#11570,.T.);
#79000=ORIENTED_EDGE('',*,*,#77100,.F.);
#79010=CARTESIAN_POINT('',(0.800000003476645,40.4495488907656,
52.4861984576562));
#79020=DIRECTION('',(8.95074146837077E-11,0.984807753011017,
0.173648177673687));
#79030=VECTOR('',#79020,1.);
#79040=LINE('',#79010,#79030);
#79050=EDGE_CURVE('',#78960,#77090,#79040,.T.);
#79060=ORIENTED_EDGE('',*,*,#79050,.T.);
#79070=EDGE_LOOP('',(#79060,#79000,#78990,#78980));
#79080=FACE_OUTER_BOUND('',#79070,.T.);
#79090=ADVANCED_FACE('',(#79080),#78900,.F.);
#79100=COLOUR_RGB('',0.560784339904785,0.588235318660736,
0.600000023841858);
#79110=FILL_AREA_STYLE_COLOUR('',#79100);
#79120=FILL_AREA_STYLE('',(#79110));
#79130=SURFACE_STYLE_FILL_AREA(#79120);
#79140=SURFACE_SIDE_STYLE('',(#79130));
#79150=SURFACE_STYLE_USAGE(.BOTH.,#79140);
#79160=PRESENTATION_STYLE_ASSIGNMENT((#79150));
#79170=CARTESIAN_POINT('',(0.800000007215514,81.4104156568321,
67.449747771382));
#79180=DIRECTION('',(1.,-9.05236057943912E-11,-2.067813521496E-12));
#79190=DIRECTION('',(6.54720204771764E-11,0.707106781177791,
0.707106781195304));
#79200=AXIS2_PLACEMENT_3D('',#79170,#79180,#79190);
#79210=PLANE('',#79200);
#79220=CARTESIAN_POINT('',(0.800000003591338,40.4495488907442,
107.950995129136));
#79230=DIRECTION('',(-6.25476873695697E-11,-0.707106781191396,
0.707106781181699));
#79240=VECTOR('',#79230,1.);
#79250=LINE('',#79220,#79240);
#79260=CARTESIAN_POINT('',(0.800000007218758,81.4578392158032,
66.9427048046397));
#79270=VERTEX_POINT('',#79260);
#79280=EDGE_CURVE('',#79270,#72770,#79250,.T.);
#79290=ORIENTED_EDGE('',*,*,#79280,.F.);
#79300=ORIENTED_EDGE('',*,*,#72780,.F.);
#79310=ORIENTED_EDGE('',*,*,#75080,.T.);
#79320=CARTESIAN_POINT('',(0.800000006129903,70.8089759205888,
6.5499999964755));
#79330=DIRECTION('',(-1.77556719204375E-11,-0.173648177660181,
-0.984807753013398));
#79340=VECTOR('',#79330,1.);
#79350=LINE('',#79320,#79340);
#79360=EDGE_CURVE('',#75070,#79270,#79350,.T.);
#79370=ORIENTED_EDGE('',*,*,#79360,.F.);
#79380=EDGE_LOOP('',(#79370,#79310,#79300,#79290));
#79390=FACE_OUTER_BOUND('',#79380,.T.);
#79400=ADVANCED_FACE('',(#79390),#79210,.T.);
#79410=COLOUR_RGB('',0.560784339904785,0.588235318660736,
0.600000023841858);
#79420=FILL_AREA_STYLE_COLOUR('',#79410);
#79430=FILL_AREA_STYLE('',(#79420));
#79440=SURFACE_STYLE_FILL_AREA(#79430);
#79450=SURFACE_SIDE_STYLE('',(#79440));
#79460=SURFACE_STYLE_USAGE(.BOTH.,#79450);
#79470=PRESENTATION_STYLE_ASSIGNMENT((#79460));
#79480=CARTESIAN_POINT('',(0.800000007198332,81.2269215027533,
67.1736225176865));
#79490=DIRECTION('',(6.5472020477522E-11,0.707106781181699,
0.707106781191396));
#79500=DIRECTION('',(6.25476905518417E-11,0.707106781191396,
-0.707106781181699));
#79510=AXIS2_PLACEMENT_3D('',#79480,#79490,#79500);
#79520=PLANE('',#79510);
#79530=CARTESIAN_POINT('',(10.1499999999066,81.4578392149568,
66.9427048046204));
#79540=DIRECTION('',(1.,-9.05236057943912E-11,-2.06781352149602E-12));
#79550=VECTOR('',#79540,1.);
#79560=LINE('',#79530,#79550);
#79570=EDGE_CURVE('',#6850,#79270,#79560,.T.);
#79580=ORIENTED_EDGE('',*,*,#79570,.T.);
#79590=ORIENTED_EDGE('',*,*,#6860,.T.);
#79600=ORIENTED_EDGE('',*,*,#72840,.T.);
#79610=ORIENTED_EDGE('',*,*,#79280,.T.);
#79620=EDGE_LOOP('',(#79610,#79600,#79590,#79580));
#79630=FACE_OUTER_BOUND('',#79620,.T.);
#79640=ADVANCED_FACE('',(#79630),#79520,.F.);
#79650=COLOUR_RGB('',0.560784339904785,0.588235318660736,
0.600000023841858);
#79660=FILL_AREA_STYLE_COLOUR('',#79650);
#79670=FILL_AREA_STYLE('',(#79660));
#79680=SURFACE_STYLE_FILL_AREA(#79670);
#79690=SURFACE_SIDE_STYLE('',(#79680));
#79700=SURFACE_STYLE_USAGE(.BOTH.,#79690);
#79710=PRESENTATION_STYLE_ASSIGNMENT((#79700));
#79720=CARTESIAN_POINT('',(0.800000007231276,81.5802624111958,
67.637001246997));
#79730=DIRECTION('',(-8.87892767672962E-11,-0.984807753013398,
0.173648177660181));
#79740=DIRECTION('',(1.77556579691799E-11,0.173648177660181,
0.984807753013398));
#79750=AXIS2_PLACEMENT_3D('',#79720,#79730,#79740);
#79760=PLANE('',#79750);
#79770=ORIENTED_EDGE('',*,*,#79360,.T.);
#79780=ORIENTED_EDGE('',*,*,#75180,.T.);
#79790=ORIENTED_EDGE('',*,*,#6940,.T.);
#79800=ORIENTED_EDGE('',*,*,#79570,.F.);
#79810=EDGE_LOOP('',(#79800,#79790,#79780,#79770));
#79820=FACE_OUTER_BOUND('',#79810,.T.);
#79830=ADVANCED_FACE('',(#79820),#79760,.F.);
#79840=COLOUR_RGB('',0.560784339904785,0.588235318660736,
0.600000023841858);
#79850=FILL_AREA_STYLE_COLOUR('',#79840);
#79860=FILL_AREA_STYLE('',(#79850));
#79870=SURFACE_STYLE_FILL_AREA(#79860);
#79880=SURFACE_SIDE_STYLE('',(#79870));
#79890=SURFACE_STYLE_USAGE(.BOTH.,#79880);
#79900=PRESENTATION_STYLE_ASSIGNMENT((#79890));
#79910=CARTESIAN_POINT('',(0.800000007215514,81.4104156568321,
67.449747771382));
#79920=DIRECTION('',(1.,-9.05236057943912E-11,-2.067813521496E-12));
#79930=DIRECTION('',(6.54720204771764E-11,0.707106781177791,
0.707106781195304));
#79940=AXIS2_PLACEMENT_3D('',#79910,#79920,#79930);
#79950=PLANE('',#79940);
#79960=ORIENTED_EDGE('',*,*,#79050,.F.);
#79970=ORIENTED_EDGE('',*,*,#77270,.F.);
#79980=ORIENTED_EDGE('',*,*,#77600,.F.);
#79990=CARTESIAN_POINT('',(0.800000003591338,40.4495488907442,
107.950995129136));
#80000=DIRECTION('',(-6.25476873695697E-11,-0.707106781191396,
0.707106781181699));
#80010=VECTOR('',#80000,1.);
#80020=LINE('',#79990,#80010);
#80030=EDGE_CURVE('',#77530,#78960,#80020,.T.);
#80040=ORIENTED_EDGE('',*,*,#80030,.F.);
#80050=EDGE_LOOP('',(#80040,#79980,#79970,#79960));
#80060=FACE_OUTER_BOUND('',#80050,.T.);
#80070=ADVANCED_FACE('',(#80060),#79950,.T.);
#80080=COLOUR_RGB('',0.560784339904785,0.588235318660736,
0.600000023841858);
#80090=FILL_AREA_STYLE_COLOUR('',#80080);
#80100=FILL_AREA_STYLE('',(#80090));
#80110=SURFACE_STYLE_FILL_AREA(#80100);
#80120=SURFACE_SIDE_STYLE('',(#80110));
#80130=SURFACE_STYLE_USAGE(.BOTH.,#80120);
#80140=PRESENTATION_STYLE_ASSIGNMENT((#80130));
#80150=CARTESIAN_POINT('',(0.800000007796914,87.9939336327666,
60.406610387766));
#80160=DIRECTION('',(6.5472020477522E-11,0.707106781181699,
0.707106781191396));
#80170=DIRECTION('',(6.25476905518417E-11,0.707106781191396,
-0.707106781181699));
#80180=AXIS2_PLACEMENT_3D('',#80150,#80160,#80170);
#80190=PLANE('',#80180);
#80200=ORIENTED_EDGE('',*,*,#80030,.T.);
#80210=ORIENTED_EDGE('',*,*,#77540,.T.);
#80220=ORIENTED_EDGE('',*,*,#5720,.T.);
#80230=ORIENTED_EDGE('',*,*,#78970,.F.);
#80240=EDGE_LOOP('',(#80230,#80220,#80210,#80200));
#80250=FACE_OUTER_BOUND('',#80240,.T.);
#80260=ADVANCED_FACE('',(#80250),#80190,.F.);
#80270=COLOUR_RGB('',0.560784339904785,0.588235318660736,
0.600000023841858);
#80280=FILL_AREA_STYLE_COLOUR('',#80270);
#80290=FILL_AREA_STYLE('',(#80280));
#80300=SURFACE_STYLE_FILL_AREA(#80290);
#80310=SURFACE_SIDE_STYLE('',(#80300));
#80320=SURFACE_STYLE_USAGE(.BOTH.,#80310);
#80330=PRESENTATION_STYLE_ASSIGNMENT((#80320));
#80340=CARTESIAN_POINT('',(3.8056817330273,65.4603921252643,
68.4999999957151));
#80350=DIRECTION('',(0.707106781121274,-0.707106781251821,
-7.53676748546384E-11));
#80360=DIRECTION('',(-0.707106781251821,-0.707106781121274,
-7.53672656615519E-11));
#80370=AXIS2_PLACEMENT_3D('',#80340,#80350,#80360);
#80380=PLANE('',#80370);
#80390=CARTESIAN_POINT('',(2.67028908350842,64.3249994759551,
68.4999999955941));
#80400=DIRECTION('',(2.89333367272589E-16,-1.06585698600749E-10,1.));
#80410=VECTOR('',#80400,1.);
#80420=LINE('',#80390,#80410);
#80430=CARTESIAN_POINT('',(2.67028908350842,64.3249994759657,
68.3999999955941));
#80440=VERTEX_POINT('',#80430);
#80450=EDGE_CURVE('',#80440,#74140,#80420,.T.);
#80460=ORIENTED_EDGE('',*,*,#80450,.T.);
#80470=CARTESIAN_POINT('',(10.149999999925,71.8047103910014,
68.3999999963913));
#80480=DIRECTION('',(0.707106781251821,0.707106781121274,
7.53672308820746E-11));
#80490=VECTOR('',#80480,1.);
#80500=LINE('',#80470,#80490);
#80510=CARTESIAN_POINT('',(3.8056817330273,65.460392125275,
68.3999999957151));
#80520=VERTEX_POINT('',#80510);
#80530=EDGE_CURVE('',#80440,#80520,#80500,.T.);
#80540=ORIENTED_EDGE('',*,*,#80530,.F.);
#80550=CARTESIAN_POINT('',(3.8056817330273,65.4603921252643,
68.4999999957151));
#80560=DIRECTION('',(2.89333367272589E-16,-1.06585698600749E-10,1.));
#80570=VECTOR('',#80560,1.);
#80580=LINE('',#80550,#80570);
#80590=EDGE_CURVE('',#80520,#74220,#80580,.T.);
#80600=ORIENTED_EDGE('',*,*,#80590,.F.);
#80610=ORIENTED_EDGE('',*,*,#74230,.F.);
#80620=EDGE_LOOP('',(#80610,#80600,#80540,#80460));
#80630=FACE_OUTER_BOUND('',#80620,.T.);
#80640=ADVANCED_FACE('',(#80630),#80380,.F.);
#80650=COLOUR_RGB('',0.560784339904785,0.588235318660736,
0.600000023841858);
#80660=FILL_AREA_STYLE_COLOUR('',#80650);
#80670=FILL_AREA_STYLE('',(#80660));
#80680=SURFACE_STYLE_FILL_AREA(#80670);
#80690=SURFACE_SIDE_STYLE('',(#80680));
#80700=SURFACE_STYLE_USAGE(.BOTH.,#80690);
#80710=PRESENTATION_STYLE_ASSIGNMENT((#80700));
#80720=CARTESIAN_POINT('',(6.34431829485489,66.1249997740661,
68.4999999957859));
#80730=DIRECTION('',(-9.22746348583075E-11,-1.,-1.06585698600749E-10));
#80740=DIRECTION('',(-1.,9.22746348583075E-11,2.89343202428969E-16));
#80750=AXIS2_PLACEMENT_3D('',#80720,#80730,#80740);
#80760=PLANE('',#80750);
#80770=CARTESIAN_POINT('',(3.80568173308865,66.1249997742272,
68.4999999957859));
#80780=DIRECTION('',(2.89333367272589E-16,-1.06585698600749E-10,1.));
#80790=VECTOR('',#80780,1.);
#80800=LINE('',#80770,#80790);
#80810=CARTESIAN_POINT('',(3.80568173308865,66.124999774311,
68.3999999957859));
#80820=VERTEX_POINT('',#80810);
#80830=EDGE_CURVE('',#80820,#74300,#80800,.T.);
#80840=ORIENTED_EDGE('',*,*,#80830,.T.);
#80850=CARTESIAN_POINT('',(10.1499999999353,66.1249997737256,
68.3999999957859));
#80860=DIRECTION('',(1.,-9.22746348583075E-11,-2.89343202421294E-16));
#80870=VECTOR('',#80860,1.);
#80880=LINE('',#80850,#80870);
#80890=CARTESIAN_POINT('',(6.3443182948549,66.1249997740768,
68.3999999957859));
#80900=VERTEX_POINT('',#80890);
#80910=EDGE_CURVE('',#80820,#80900,#80880,.T.);
#80920=ORIENTED_EDGE('',*,*,#80910,.F.);
#80930=CARTESIAN_POINT('',(6.34431829485489,66.1249997740661,
68.4999999957859));
#80940=DIRECTION('',(2.89333367272589E-16,-1.06585698600749E-10,1.));
#80950=VECTOR('',#80940,1.);
#80960=LINE('',#80930,#80950);
#80970=EDGE_CURVE('',#80900,#74380,#80960,.T.);
#80980=ORIENTED_EDGE('',*,*,#80970,.F.);
#80990=ORIENTED_EDGE('',*,*,#74390,.F.);
#81000=EDGE_LOOP('',(#80990,#80980,#80920,#80840));
#81010=FACE_OUTER_BOUND('',#81000,.T.);
#81020=ADVANCED_FACE('',(#81010),#80760,.F.);
#81030=COLOUR_RGB('',0.560784339904785,0.588235318660736,
0.600000023841858);
#81040=FILL_AREA_STYLE_COLOUR('',#81030);
#81050=FILL_AREA_STYLE('',(#81040));
#81060=SURFACE_STYLE_FILL_AREA(#81050);
#81070=SURFACE_SIDE_STYLE('',(#81060));
#81080=SURFACE_STYLE_USAGE(.BOTH.,#81070);
#81090=PRESENTATION_STYLE_ASSIGNMENT((#81080));
#81100=CARTESIAN_POINT('',(4.87763150755535,70.0793596003959,
68.2014667331643));
#81110=DIRECTION('',(-3.51088414850189E-7,0.996194698113306,
0.0871557425005152));
#81120=DIRECTION('',(0.999999999999938,3.52429684211416E-7,
-1.92780173775615E-12));
#81130=AXIS2_PLACEMENT_3D('',#81100,#81110,#81120);
#81140=PLANE('',#81130);
#81150=CARTESIAN_POINT('',(5.15508749470415,69.7975278073376,
71.4228199952785));
#81160=DIRECTION('',(0.0360775758457571,0.0870990160640726,
-0.995546166645105));
#81170=VECTOR('',#81160,1.);
#81180=LINE('',#81150,#81170);
#81190=CARTESIAN_POINT('',(5.26463140280048,70.0619903269868,
68.3999999962055));
#81200=VERTEX_POINT('',#81190);
#81210=CARTESIAN_POINT('',(5.29890185386759,70.1447265557395,
67.4543207095785));
#81220=VERTEX_POINT('',#81210);
#81230=EDGE_CURVE('',#81200,#81220,#81180,.T.);
#81240=ORIENTED_EDGE('',*,*,#81230,.T.);
#81250=CARTESIAN_POINT('',(46.5688683180968,70.062004883819,
68.3999999962055));
#81260=DIRECTION('',(0.999999999999938,3.52429515572646E-7,
-2.51769403448587E-16));
#81270=VECTOR('',#81260,1.);
#81280=LINE('',#81250,#81270);
#81290=CARTESIAN_POINT('',(4.88536847552457,70.0619901933233,
68.3999999962055));
#81300=VERTEX_POINT('',#81290);
#81310=EDGE_CURVE('',#81300,#81200,#81280,.T.);
#81320=ORIENTED_EDGE('',*,*,#81310,.T.);
#81330=CARTESIAN_POINT('',(4.99491246082293,69.7975277508872,
71.4228199952785));
#81340=DIRECTION('',(0.0360776013185574,-0.0870989907474769,
0.995546167936912));
#81350=VECTOR('',#81340,1.);
#81360=LINE('',#81330,#81350);
#81370=CARTESIAN_POINT('',(4.85109800030499,70.1447263979201,
67.4543207095793));
#81380=VERTEX_POINT('',#81370);
#81390=EDGE_CURVE('',#81380,#81300,#81360,.T.);
#81400=ORIENTED_EDGE('',*,*,#81390,.T.);
#81410=CARTESIAN_POINT('',(46.5688683181045,70.1447411005007,
67.4543207094989));
#81420=DIRECTION('',(0.999999999999938,3.52429684211416E-7,
-1.92780173774909E-12));
#81430=VECTOR('',#81420,1.);
#81440=LINE('',#81410,#81430);
#81450=EDGE_CURVE('',#81380,#81220,#81440,.T.);
#81460=ORIENTED_EDGE('',*,*,#81450,.F.);
#81470=EDGE_LOOP('',(#81460,#81400,#81320,#81240));
#81480=FACE_OUTER_BOUND('',#81470,.T.);
#81490=ADVANCED_FACE('',(#81480),#81140,.T.);
#81500=COLOUR_RGB('',0.980392217636108,0.517647087574005,
0.168627455830574);
#81510=FILL_AREA_STYLE_COLOUR('',#81500);
#81520=FILL_AREA_STYLE('',(#81510));
#81530=SURFACE_STYLE_FILL_AREA(#81520);
#81540=SURFACE_SIDE_STYLE('',(#81530));
#81550=SURFACE_STYLE_USAGE(.BOTH.,#81540);
#81560=PRESENTATION_STYLE_ASSIGNMENT((#81550));
#81570=CARTESIAN_POINT('',(3.65436002231289,71.6973681058586,
68.2014667327652));
#81580=DIRECTION('',(0.996194698091914,-6.64631519100679E-11,
0.0871557427457378));
#81590=DIRECTION('',(-8.84218278959507E-11,-1.,2.48086971142602E-10));
#81600=AXIS2_PLACEMENT_3D('',#81570,#81580,#81590);
#81610=PLANE('',#81600);
#81620=CARTESIAN_POINT('',(3.37252813065433,71.4199111822871,
71.4228199948687));
#81630=DIRECTION('',(-0.0870990036476491,0.0360775888360728,
0.995546167260646));
#81640=VECTOR('',#81630,1.);
#81650=LINE('',#81620,#81640);
#81660=CARTESIAN_POINT('',(3.71972682933494,71.2760967714347,
67.4543207093008));
#81670=VERTEX_POINT('',#81660);
#81680=CARTESIAN_POINT('',(3.63699061239199,71.3103672348352,
68.3999999963386));
#81690=VERTEX_POINT('',#81680);
#81700=EDGE_CURVE('',#81670,#81690,#81650,.T.);
#81710=ORIENTED_EDGE('',*,*,#81700,.F.);
#81720=CARTESIAN_POINT('',(3.63699061180027,61.0003285161853,
68.3999999952397));
#81730=DIRECTION('',(-5.73919900316225E-11,-1.,-1.06585698600749E-10));
#81740=VECTOR('',#81730,1.);
#81750=LINE('',#81720,#81740);
#81760=CARTESIAN_POINT('',(3.63699061241376,71.6896311176031,
68.399999996379));
#81770=VERTEX_POINT('',#81760);
#81780=EDGE_CURVE('',#81770,#81690,#81750,.T.);
#81790=ORIENTED_EDGE('',*,*,#81780,.T.);
#81800=CARTESIAN_POINT('',(3.37252813066856,71.5800871717038,
71.4228199948282));
#81810=DIRECTION('',(-0.0870990036540305,-0.0360775883263072,
0.995546167278561));
#81820=VECTOR('',#81810,1.);
#81830=LINE('',#81800,#81820);
#81840=CARTESIAN_POINT('',(3.71972682937454,71.7239015805241,
67.4543207091897));
#81850=VERTEX_POINT('',#81840);
#81860=EDGE_CURVE('',#81850,#81770,#81830,.T.);
#81870=ORIENTED_EDGE('',*,*,#81860,.T.);
#81880=CARTESIAN_POINT('',(3.71972682842634,61.0003285159388,
67.4543207118501));
#81890=DIRECTION('',(-8.84218278959507E-11,-1.,2.48086971142602E-10));
#81900=VECTOR('',#81890,1.);
#81910=LINE('',#81880,#81900);
#81920=EDGE_CURVE('',#81850,#81670,#81910,.T.);
#81930=ORIENTED_EDGE('',*,*,#81920,.F.);
#81940=EDGE_LOOP('',(#81930,#81870,#81790,#81710));
#81950=FACE_OUTER_BOUND('',#81940,.T.);
#81960=ADVANCED_FACE('',(#81950),#81610,.T.);
#81970=COLOUR_RGB('',0.980392217636108,0.517647087574005,
0.168627455830574);
#81980=FILL_AREA_STYLE_COLOUR('',#81970);
#81990=FILL_AREA_STYLE('',(#81980));
#82000=SURFACE_STYLE_FILL_AREA(#81990);
#82010=SURFACE_SIDE_STYLE('',(#82000));
#82020=SURFACE_STYLE_USAGE(.BOTH.,#82010);
#82030=PRESENTATION_STYLE_ASSIGNMENT((#82020));
#82040=CARTESIAN_POINT('',(9.02500009599306,64.3249994753685,
68.4999999955941));
#82050=DIRECTION('',(-9.2310344987187E-11,-1.,-1.06585698600749E-10));
#82060=DIRECTION('',(-1.,9.2310344987187E-11,2.89343206235191E-16));
#82070=AXIS2_PLACEMENT_3D('',#82040,#82050,#82060);
#82080=PLANE('',#82070);
#82090=CARTESIAN_POINT('',(7.47971094414488,64.3249994755111,
68.4999999955941));
#82100=DIRECTION('',(2.89333367272589E-16,-1.06585698600749E-10,1.));
#82110=VECTOR('',#82100,1.);
#82120=LINE('',#82090,#82110);
#82130=CARTESIAN_POINT('',(7.47971094414488,64.3249994755218,
68.3999999955941));
#82140=VERTEX_POINT('',#82130);
#82150=EDGE_CURVE('',#82140,#74540,#82120,.T.);
#82160=ORIENTED_EDGE('',*,*,#82150,.T.);
#82170=CARTESIAN_POINT('',(10.1499999999386,64.3249994752753,
68.3999999955941));
#82180=DIRECTION('',(1.,-9.2310344987187E-11,-2.89343206228527E-16));
#82190=VECTOR('',#82180,1.);
#82200=LINE('',#82170,#82190);
#82210=CARTESIAN_POINT('',(9.02500009599306,64.3249994753791,
68.3999999955941));
#82220=VERTEX_POINT('',#82210);
#82230=EDGE_CURVE('',#82140,#82220,#82200,.T.);
#82240=ORIENTED_EDGE('',*,*,#82230,.F.);
#82250=CARTESIAN_POINT('',(9.02500009599306,64.3249994753685,
68.4999999955941));
#82260=DIRECTION('',(2.89333367272589E-16,-1.06585698600749E-10,1.));
#82270=VECTOR('',#82260,1.);
#82280=LINE('',#82250,#82270);
#82290=EDGE_CURVE('',#82220,#74620,#82280,.T.);
#82300=ORIENTED_EDGE('',*,*,#82290,.F.);
#82310=ORIENTED_EDGE('',*,*,#74630,.F.);
#82320=EDGE_LOOP('',(#82310,#82300,#82240,#82160));
#82330=FACE_OUTER_BOUND('',#82320,.T.);
#82340=ADVANCED_FACE('',(#82330),#82080,.F.);
#82350=COLOUR_RGB('',0.560784339904785,0.588235318660736,
0.600000023841858);
#82360=FILL_AREA_STYLE_COLOUR('',#82350);
#82370=FILL_AREA_STYLE('',(#82360));
#82380=SURFACE_STYLE_FILL_AREA(#82370);
#82390=SURFACE_SIDE_STYLE('',(#82380));
#82400=SURFACE_STYLE_USAGE(.BOTH.,#82390);
#82410=PRESENTATION_STYLE_ASSIGNMENT((#82400));
#82420=CARTESIAN_POINT('',(2.67028908350842,64.3249994759551,
68.4999999955941));
#82430=DIRECTION('',(-9.2310344987187E-11,-1.,-1.06585698600749E-10));
#82440=DIRECTION('',(-1.,9.2310344987187E-11,2.89343206235191E-16));
#82450=AXIS2_PLACEMENT_3D('',#82420,#82430,#82440);
#82460=PLANE('',#82450);
#82470=CARTESIAN_POINT('',(1.12499991496498,64.3249994760977,
68.4999999955941));
#82480=DIRECTION('',(2.89333367272589E-16,-1.06585698600749E-10,1.));
#82490=VECTOR('',#82480,1.);
#82500=LINE('',#82470,#82490);
#82510=CARTESIAN_POINT('',(1.12499991496498,64.3249994761084,
68.3999999955941));
#82520=VERTEX_POINT('',#82510);
#82530=EDGE_CURVE('',#82520,#74060,#82500,.T.);
#82540=ORIENTED_EDGE('',*,*,#82530,.T.);
#82550=CARTESIAN_POINT('',(10.1499999999386,64.3249994752753,
68.3999999955941));
#82560=DIRECTION('',(1.,-9.2310344987187E-11,-2.89343206228527E-16));
#82570=VECTOR('',#82560,1.);
#82580=LINE('',#82550,#82570);
#82590=EDGE_CURVE('',#82520,#80440,#82580,.T.);
#82600=ORIENTED_EDGE('',*,*,#82590,.F.);
#82610=ORIENTED_EDGE('',*,*,#80450,.F.);
#82620=ORIENTED_EDGE('',*,*,#74150,.F.);
#82630=EDGE_LOOP('',(#82620,#82610,#82600,#82540));
#82640=FACE_OUTER_BOUND('',#82630,.T.);
#82650=ADVANCED_FACE('',(#82640),#82460,.F.);
#82660=COLOUR_RGB('',0.560784339904785,0.588235318660736,
0.600000023841858);
#82670=FILL_AREA_STYLE_COLOUR('',#82660);
#82680=FILL_AREA_STYLE('',(#82670));
#82690=SURFACE_STYLE_FILL_AREA(#82680);
#82700=SURFACE_SIDE_STYLE('',(#82690));
#82710=SURFACE_STYLE_USAGE(.BOTH.,#82700);
#82720=PRESENTATION_STYLE_ASSIGNMENT((#82710));
#82730=CARTESIAN_POINT('',(1.1249999153493,68.488315490794,
68.4543209939293));
#82740=DIRECTION('',(-1.,9.23101508975617E-11,1.66876937360256E-16));
#82750=DIRECTION('',(9.23101508975617E-11,1.,-2.46159215977351E-10));
#82760=AXIS2_PLACEMENT_3D('',#82730,#82740,#82750);
#82770=PLANE('',#82760);
#82780=CARTESIAN_POINT('',(1.12499991628964,78.674999119487,
68.5999999971235));
#82790=DIRECTION('',(-2.89333367272589E-16,1.06585698600749E-10,-1.));
#82800=VECTOR('',#82790,1.);
#82810=LINE('',#82780,#82800);
#82820=CARTESIAN_POINT('',(1.12499991628964,78.6749991195083,
68.3999999971235));
#82830=VERTEX_POINT('',#82820);
#82840=EDGE_CURVE('',#73980,#82830,#82810,.T.);
#82850=ORIENTED_EDGE('',*,*,#82840,.F.);
#82860=CARTESIAN_POINT('',(1.12499991276104,40.44954889076,
68.3999999930493));
#82870=DIRECTION('',(-9.23101508975617E-11,-1.,-1.06585698600749E-10));
#82880=VECTOR('',#82870,1.);
#82890=LINE('',#82860,#82880);
#82900=EDGE_CURVE('',#82830,#82520,#82890,.T.);
#82910=ORIENTED_EDGE('',*,*,#82900,.F.);
#82920=ORIENTED_EDGE('',*,*,#82530,.F.);
#82930=ORIENTED_EDGE('',*,*,#74070,.F.);
#82940=EDGE_LOOP('',(#82930,#82920,#82910,#82850));
#82950=FACE_OUTER_BOUND('',#82940,.T.);
#82960=ADVANCED_FACE('',(#82950),#82770,.F.);
#82970=COLOUR_RGB('',0.560784339904785,0.588235318660736,
0.600000023841858);
#82980=FILL_AREA_STYLE_COLOUR('',#82970);
#82990=FILL_AREA_STYLE('',(#82980));
#83000=SURFACE_STYLE_FILL_AREA(#82990);
#83010=SURFACE_SIDE_STYLE('',(#83000));
#83020=SURFACE_STYLE_USAGE(.BOTH.,#83010);
#83030=PRESENTATION_STYLE_ASSIGNMENT((#83020));
#83040=CARTESIAN_POINT('',(6.34431829479355,65.4603921250721,
68.4999999957151));
#83050=DIRECTION('',(-1.,9.23106090690949E-11,2.89343206263345E-16));
#83060=DIRECTION('',(9.23106090690949E-11,1.,1.06585698600749E-10));
#83070=AXIS2_PLACEMENT_3D('',#83040,#83050,#83060);
#83080=PLANE('',#83070);
#83090=ORIENTED_EDGE('',*,*,#80970,.T.);
#83100=CARTESIAN_POINT('',(6.34431829248478,40.4495488907696,
68.3999999930493));
#83110=DIRECTION('',(-9.23106090690949E-11,-1.,-1.06585698600749E-10));
#83120=VECTOR('',#83110,1.);
#83130=LINE('',#83100,#83120);
#83140=CARTESIAN_POINT('',(6.34431829479354,65.4603921250827,
68.3999999957151));
#83150=VERTEX_POINT('',#83140);
#83160=EDGE_CURVE('',#80900,#83150,#83130,.T.);
#83170=ORIENTED_EDGE('',*,*,#83160,.F.);
#83180=CARTESIAN_POINT('',(6.34431829479355,65.4603921250721,
68.4999999957151));
#83190=DIRECTION('',(2.89333367272589E-16,-1.06585698600749E-10,1.));
#83200=VECTOR('',#83190,1.);
#83210=LINE('',#83180,#83200);
#83220=EDGE_CURVE('',#83150,#74460,#83210,.T.);
#83230=ORIENTED_EDGE('',*,*,#83220,.F.);
#83240=ORIENTED_EDGE('',*,*,#74470,.F.);
#83250=EDGE_LOOP('',(#83240,#83230,#83170,#83090));
#83260=FACE_OUTER_BOUND('',#83250,.T.);
#83270=ADVANCED_FACE('',(#83260),#83080,.F.);
#83280=COLOUR_RGB('',0.560784339904785,0.588235318660736,
0.600000023841858);
#83290=FILL_AREA_STYLE_COLOUR('',#83280);
#83300=FILL_AREA_STYLE('',(#83290));
#83310=SURFACE_STYLE_FILL_AREA(#83300);
#83320=SURFACE_SIDE_STYLE('',(#83310));
#83330=SURFACE_STYLE_USAGE(.BOTH.,#83320);
#83340=PRESENTATION_STYLE_ASSIGNMENT((#83330));
#83350=CARTESIAN_POINT('',(9.02500009692931,74.4674661264767,
68.4543209924575));
#83360=DIRECTION('',(1.,-9.23101508975769E-11,-1.66876937360256E-16));
#83370=DIRECTION('',(-9.23101508975768E-11,-1.,2.46159215977351E-10));
#83380=AXIS2_PLACEMENT_3D('',#83350,#83360,#83370);
#83390=PLANE('',#83380);
#83400=ORIENTED_EDGE('',*,*,#82290,.T.);
#83410=CARTESIAN_POINT('',(9.02500009378911,40.4495488907745,
68.3999999930493));
#83420=DIRECTION('',(9.23101508975769E-11,1.,1.06585698600749E-10));
#83430=VECTOR('',#83420,1.);
#83440=LINE('',#83410,#83430);
#83450=CARTESIAN_POINT('',(9.0250000973177,78.6749991187791,
68.3999999971235));
#83460=VERTEX_POINT('',#83450);
#83470=EDGE_CURVE('',#82220,#83460,#83440,.T.);
#83480=ORIENTED_EDGE('',*,*,#83470,.F.);
#83490=CARTESIAN_POINT('',(9.0250000973177,78.6749991187578,
68.5999999971235));
#83500=DIRECTION('',(-2.89333367272589E-16,1.06585698600749E-10,-1.));
#83510=VECTOR('',#83500,1.);
#83520=LINE('',#83490,#83510);
#83530=EDGE_CURVE('',#74700,#83460,#83520,.T.);
#83540=ORIENTED_EDGE('',*,*,#83530,.T.);
#83550=ORIENTED_EDGE('',*,*,#74710,.F.);
#83560=EDGE_LOOP('',(#83550,#83540,#83480,#83400));
#83570=FACE_OUTER_BOUND('',#83560,.T.);
#83580=ADVANCED_FACE('',(#83570),#83390,.F.);
#83590=COLOUR_RGB('',0.560784339904785,0.588235318660736,
0.600000023841858);
#83600=FILL_AREA_STYLE_COLOUR('',#83590);
#83610=FILL_AREA_STYLE('',(#83600));
#83620=SURFACE_STYLE_FILL_AREA(#83610);
#83630=SURFACE_SIDE_STYLE('',(#83620));
#83640=SURFACE_STYLE_USAGE(.BOTH.,#83630);
#83650=PRESENTATION_STYLE_ASSIGNMENT((#83640));
#83660=CARTESIAN_POINT('',(3.80568173308865,66.1249997742272,
68.4999999957859));
#83670=DIRECTION('',(1.,-9.23093105784566E-11,-2.89343206124944E-16));
#83680=DIRECTION('',(-9.23093105784567E-11,-1.,-1.06585698600749E-10));
#83690=AXIS2_PLACEMENT_3D('',#83660,#83670,#83680);
#83700=PLANE('',#83690);
#83710=ORIENTED_EDGE('',*,*,#80590,.T.);
#83720=CARTESIAN_POINT('',(3.80568173071857,40.4495488907649,
68.3999999930493));
#83730=DIRECTION('',(9.23093105784567E-11,1.,1.06585698600749E-10));
#83740=VECTOR('',#83730,1.);
#83750=LINE('',#83720,#83740);
#83760=EDGE_CURVE('',#80520,#80820,#83750,.T.);
#83770=ORIENTED_EDGE('',*,*,#83760,.F.);
#83780=ORIENTED_EDGE('',*,*,#80830,.F.);
#83790=ORIENTED_EDGE('',*,*,#74310,.F.);
#83800=EDGE_LOOP('',(#83790,#83780,#83770,#83710));
#83810=FACE_OUTER_BOUND('',#83800,.T.);
#83820=ADVANCED_FACE('',(#83810),#83700,.F.);
#83830=COLOUR_RGB('',0.560784339904785,0.588235318660736,
0.600000023841858);
#83840=FILL_AREA_STYLE_COLOUR('',#83830);
#83850=FILL_AREA_STYLE('',(#83840));
#83860=SURFACE_STYLE_FILL_AREA(#83850);
#83870=SURFACE_SIDE_STYLE('',(#83860));
#83880=SURFACE_STYLE_USAGE(.BOTH.,#83870);
#83890=PRESENTATION_STYLE_ASSIGNMENT((#83880));
#83900=CARTESIAN_POINT('',(7.47971094414488,64.3249994755111,
68.4999999955941));
#83910=DIRECTION('',(-0.70710678125182,-0.707106781121275,
-7.5367265661552E-11));
#83920=DIRECTION('',(-0.707106781121275,0.70710678125182,
7.53676748546383E-11));
#83930=AXIS2_PLACEMENT_3D('',#83900,#83910,#83920);
#83940=PLANE('',#83930);
#83950=ORIENTED_EDGE('',*,*,#83220,.T.);
#83960=CARTESIAN_POINT('',(31.3551615244436,40.4495488908152,
68.3999999930493));
#83970=DIRECTION('',(0.707106781121275,-0.70710678125182,
-7.53676477715506E-11));
#83980=VECTOR('',#83970,1.);
#83990=LINE('',#83960,#83980);
#84000=EDGE_CURVE('',#83150,#82140,#83990,.T.);
#84010=ORIENTED_EDGE('',*,*,#84000,.F.);
#84020=ORIENTED_EDGE('',*,*,#82150,.F.);
#84030=ORIENTED_EDGE('',*,*,#74550,.F.);
#84040=EDGE_LOOP('',(#84030,#84020,#84010,#83950));
#84050=FACE_OUTER_BOUND('',#84040,.T.);
#84060=ADVANCED_FACE('',(#84050),#83940,.F.);
#84070=COLOUR_RGB('',0.560784339904785,0.588235318660736,
0.600000023841858);
#84080=FILL_AREA_STYLE_COLOUR('',#84070);
#84090=FILL_AREA_STYLE('',(#84080));
#84100=SURFACE_STYLE_FILL_AREA(#84090);
#84110=SURFACE_SIDE_STYLE('',(#84100));
#84120=SURFACE_STYLE_USAGE(.BOTH.,#84110);
#84130=PRESENTATION_STYLE_ASSIGNMENT((#84120));
#84140=CARTESIAN_POINT('',(3.23714002577353,68.9614448168964,
68.4664990981543));
#84150=DIRECTION('',(9.22662412767781E-11,0.99619469811341,
0.0871557425000354));
#84160=DIRECTION('',(1.,-9.24053348327569E-11,-2.43858445691355E-12));
#84170=AXIS2_PLACEMENT_3D('',#84140,#84150,#84160);
#84180=PLANE('',#84170);
#84190=CARTESIAN_POINT('',(46.5688683180035,69.049998947079,
67.4543207097705));
#84200=DIRECTION('',(-1.,9.24500301815017E-11,1.92771428160708E-12));
#84210=VECTOR('',#84200,1.);
#84220=LINE('',#84190,#84210);
#84230=CARTESIAN_POINT('',(3.75637055322017,69.0499989510371,
67.454320709853));
#84240=VERTEX_POINT('',#84230);
#84250=CARTESIAN_POINT('',(1.49362900873536,69.0499989512462,
67.4543207098574));
#84260=VERTEX_POINT('',#84250);
#84270=EDGE_CURVE('',#84240,#84260,#84220,.T.);
#84280=ORIENTED_EDGE('',*,*,#84270,.T.);
#84290=CARTESIAN_POINT('',(3.90018496304226,68.7028002533081,
71.4228199955551));
#84300=DIRECTION('',(-0.0360775885774833,0.0870990034086251,
-0.995546167290929));
#84310=VECTOR('',#84300,1.);
#84320=LINE('',#84290,#84310);
#84330=CARTESIAN_POINT('',(3.79064101634485,68.9672627343938,
68.3999999960888));
#84340=VERTEX_POINT('',#84330);
#84350=EDGE_CURVE('',#84340,#84240,#84320,.T.);
#84360=ORIENTED_EDGE('',*,*,#84350,.T.);
#84370=CARTESIAN_POINT('',(46.5688683179958,68.9672627304318,
68.3999999960888));
#84380=DIRECTION('',(1.,-9.26186580129233E-11,-2.89343239096839E-16));
#84390=VECTOR('',#84380,1.);
#84400=LINE('',#84370,#84390);
#84410=CARTESIAN_POINT('',(1.29388611185258,68.9672627346251,
68.3999999960888));
#84420=VERTEX_POINT('',#84410);
#84430=EDGE_CURVE('',#84420,#84340,#84400,.T.);
#84440=ORIENTED_EDGE('',*,*,#84430,.T.);
#84450=CARTESIAN_POINT('',(0.655417201473142,68.7028002536086,
71.4228199955551));
#84460=DIRECTION('',(0.205903901121085,0.0852881881266405,
-0.97484845410412));
#84470=VECTOR('',#84460,1.);
#84480=LINE('',#84450,#84470);
#84490=EDGE_CURVE('',#84420,#84260,#84480,.T.);
#84500=ORIENTED_EDGE('',*,*,#84490,.F.);
#84510=EDGE_LOOP('',(#84500,#84440,#84360,#84280));
#84520=FACE_OUTER_BOUND('',#84510,.T.);
#84530=ADVANCED_FACE('',(#84520),#84180,.T.);
#84540=COLOUR_RGB('',0.980392217636108,0.517647087574005,
0.168627455830574);
#84550=FILL_AREA_STYLE_COLOUR('',#84540);
#84560=FILL_AREA_STYLE('',(#84550));
#84570=SURFACE_STYLE_FILL_AREA(#84560);
#84580=SURFACE_SIDE_STYLE('',(#84570));
#84590=SURFACE_STYLE_USAGE(.BOTH.,#84580);
#84600=PRESENTATION_STYLE_ASSIGNMENT((#84590));
#84610=CARTESIAN_POINT('',(6.9983807276305,72.2737390299482,
67.6019845034608));
#84620=DIRECTION('',(-0.704416026337591,0.704416026489297,
0.0871557425749383));
#84630=DIRECTION('',(-0.0616284167124527,0.0616284164757231,
-0.996194698106856));
#84640=AXIS2_PLACEMENT_3D('',#84610,#84620,#84630);
#84650=PLANE('',#84640);
#84660=ORIENTED_EDGE('',*,*,#81390,.F.);
#84670=CARTESIAN_POINT('',(46.5688683219432,111.745490030215,
68.4000000006484));
#84680=DIRECTION('',(0.707106781267353,0.707106781105742,
7.53672966130672E-11));
#84690=VECTOR('',#84680,1.);
#84700=LINE('',#84670,#84690);
#84710=EDGE_CURVE('',#84340,#81300,#84700,.T.);
#84720=ORIENTED_EDGE('',*,*,#84710,.T.);
#84730=ORIENTED_EDGE('',*,*,#84350,.F.);
#84740=CARTESIAN_POINT('',(-4.29329988262332,61.0003285166782,
67.4543207118655));
#84750=DIRECTION('',(-0.707106781251753,-0.707106781121342,
1.76787125303592E-10));
#84760=VECTOR('',#84750,1.);
#84770=LINE('',#84740,#84760);
#84780=EDGE_CURVE('',#81380,#84240,#84770,.T.);
#84790=ORIENTED_EDGE('',*,*,#84780,.T.);
#84800=EDGE_LOOP('',(#84790,#84730,#84720,#84660));
#84810=FACE_OUTER_BOUND('',#84800,.T.);
#84820=ADVANCED_FACE('',(#84810),#84650,.T.);
#84830=COLOUR_RGB('',0.980392217636108,0.517647087574005,
0.168627455830574);
#84840=FILL_AREA_STYLE_COLOUR('',#84830);
#84850=FILL_AREA_STYLE('',(#84840));
#84860=SURFACE_STYLE_FILL_AREA(#84850);
#84870=SURFACE_SIDE_STYLE('',(#84860));
#84880=SURFACE_STYLE_USAGE(.BOTH.,#84870);
#84890=PRESENTATION_STYLE_ASSIGNMENT((#84880));
#84900=CARTESIAN_POINT('',(3.04825777505541,72.170378615641,
69.2727663964957));
#84910=DIRECTION('',(0.70441602646801,0.704416026359381,
0.0871557425708652));
#84920=DIRECTION('',(-0.0616284167190258,-0.0616284164633898,
0.996194698107213));
#84930=AXIS2_PLACEMENT_3D('',#84900,#84910,#84920);
#84940=PLANE('',#84930);
#84950=ORIENTED_EDGE('',*,*,#81860,.F.);
#84960=CARTESIAN_POINT('',(46.5688683142855,28.7577534096769,
68.3999999918031));
#84970=DIRECTION('',(0.707106781136688,-0.707106781236407,
-7.53676724093776E-11));
#84980=VECTOR('',#84970,1.);
#84990=LINE('',#84960,#84980);
#85000=CARTESIAN_POINT('',(1.29388611198576,74.0327356183615,
68.3999999966288));
#85010=VERTEX_POINT('',#85000);
#85020=EDGE_CURVE('',#85010,#81770,#84990,.T.);
#85030=ORIENTED_EDGE('',*,*,#85020,.T.);
#85040=CARTESIAN_POINT('',(0.655417202037148,74.2971981008392,
71.4228199941418));
#85050=DIRECTION('',(-0.205903901106202,0.0852881886492577,
0.974848454061541));
#85060=VECTOR('',#85050,1.);
#85070=LINE('',#85040,#85060);
#85080=CARTESIAN_POINT('',(1.49362900923363,73.9499994010761,
67.4543207086417));
#85090=VERTEX_POINT('',#85080);
#85100=EDGE_CURVE('',#85090,#85010,#85070,.T.);
#85110=ORIENTED_EDGE('',*,*,#85100,.T.);
#85120=CARTESIAN_POINT('',(14.4432998929691,61.0003285149492,
67.4543207118294));
#85130=DIRECTION('',(0.707106781121257,-0.707106781251838,
1.74060882263393E-10));
#85140=VECTOR('',#85130,1.);
#85150=LINE('',#85120,#85140);
#85160=EDGE_CURVE('',#85090,#81850,#85150,.T.);
#85170=ORIENTED_EDGE('',*,*,#85160,.F.);
#85180=EDGE_LOOP('',(#85170,#85110,#85030,#84950));
#85190=FACE_OUTER_BOUND('',#85180,.T.);
#85200=ADVANCED_FACE('',(#85190),#84940,.T.);
#85210=COLOUR_RGB('',0.980392217636108,0.517647087574005,
0.168627455830574);
#85220=FILL_AREA_STYLE_COLOUR('',#85210);
#85230=FILL_AREA_STYLE('',(#85220));
#85240=SURFACE_STYLE_FILL_AREA(#85230);
#85250=SURFACE_SIDE_STYLE('',(#85240));
#85260=SURFACE_STYLE_USAGE(.BOTH.,#85250);
#85270=PRESENTATION_STYLE_ASSIGNMENT((#85260));
#85280=CARTESIAN_POINT('',(6.34431829601326,78.6749991190052,
68.5999999971235));
#85290=DIRECTION('',(-9.23101508975618E-11,-1.,-1.06585698600749E-10));
#85300=DIRECTION('',(-1.,9.23101508975617E-11,2.89343206214491E-16));
#85310=AXIS2_PLACEMENT_3D('',#85280,#85290,#85300);
#85320=PLANE('',#85310);
#85330=ORIENTED_EDGE('',*,*,#83530,.F.);
#85340=CARTESIAN_POINT('',(46.5688683188916,78.6749991153134,
68.3999999971235));
#85350=DIRECTION('',(-1.,9.23101508975617E-11,2.89343206214491E-16));
#85360=VECTOR('',#85350,1.);
#85370=LINE('',#85340,#85360);
#85380=CARTESIAN_POINT('',(6.34431829601326,78.6749991190265,
68.3999999971235));
#85390=VERTEX_POINT('',#85380);
#85400=EDGE_CURVE('',#83460,#85390,#85370,.T.);
#85410=ORIENTED_EDGE('',*,*,#85400,.F.);
#85420=CARTESIAN_POINT('',(6.34431829601326,78.6749991190052,
68.5999999971235));
#85430=DIRECTION('',(-2.89333367272589E-16,1.06585698600749E-10,-1.));
#85440=VECTOR('',#85430,1.);
#85450=LINE('',#85420,#85440);
#85460=EDGE_CURVE('',#74780,#85390,#85450,.T.);
#85470=ORIENTED_EDGE('',*,*,#85460,.T.);
#85480=ORIENTED_EDGE('',*,*,#74790,.T.);
#85490=EDGE_LOOP('',(#85480,#85470,#85410,#85330));
#85500=FACE_OUTER_BOUND('',#85490,.T.);
#85510=ADVANCED_FACE('',(#85500),#85320,.T.);
#85520=COLOUR_RGB('',0.560784339904785,0.588235318660736,
0.600000023841858);
#85530=FILL_AREA_STYLE_COLOUR('',#85520);
#85540=FILL_AREA_STYLE('',(#85530));
#85550=SURFACE_STYLE_FILL_AREA(#85540);
#85560=SURFACE_SIDE_STYLE('',(#85550));
#85570=SURFACE_STYLE_USAGE(.BOTH.,#85560);
#85580=PRESENTATION_STYLE_ASSIGNMENT((#85570));
#85590=CARTESIAN_POINT('',(1.12499991628964,78.674999119487,
68.5999999971235));
#85600=DIRECTION('',(-9.23101508975618E-11,-1.,-1.06585698600749E-10));
#85610=DIRECTION('',(-1.,9.23101508975617E-11,2.89343206214491E-16));
#85620=AXIS2_PLACEMENT_3D('',#85590,#85600,#85610);
#85630=PLANE('',#85620);
#85640=CARTESIAN_POINT('',(3.8056817342473,78.6749991192396,
68.5999999971235));
#85650=DIRECTION('',(-2.89333367272589E-16,1.06585698600749E-10,-1.));
#85660=VECTOR('',#85650,1.);
#85670=LINE('',#85640,#85660);
#85680=CARTESIAN_POINT('',(3.8056817342473,78.6749991192609,
68.3999999971235));
#85690=VERTEX_POINT('',#85680);
#85700=EDGE_CURVE('',#73900,#85690,#85670,.T.);
#85710=ORIENTED_EDGE('',*,*,#85700,.F.);
#85720=CARTESIAN_POINT('',(46.5688683188916,78.6749991153134,
68.3999999971235));
#85730=DIRECTION('',(-1.,9.23101508975617E-11,2.89343206214491E-16));
#85740=VECTOR('',#85730,1.);
#85750=LINE('',#85720,#85740);
#85760=EDGE_CURVE('',#85690,#82830,#85750,.T.);
#85770=ORIENTED_EDGE('',*,*,#85760,.F.);
#85780=ORIENTED_EDGE('',*,*,#82840,.T.);
#85790=ORIENTED_EDGE('',*,*,#73990,.T.);
#85800=EDGE_LOOP('',(#85790,#85780,#85770,#85710));
#85810=FACE_OUTER_BOUND('',#85800,.T.);
#85820=ADVANCED_FACE('',(#85810),#85630,.T.);
#85830=COLOUR_RGB('',0.560784339904785,0.588235318660736,
0.600000023841858);
#85840=FILL_AREA_STYLE_COLOUR('',#85830);
#85850=FILL_AREA_STYLE('',(#85840));
#85860=SURFACE_STYLE_FILL_AREA(#85850);
#85870=SURFACE_SIDE_STYLE('',(#85860));
#85880=SURFACE_STYLE_USAGE(.BOTH.,#85870);
#85890=PRESENTATION_STYLE_ASSIGNMENT((#85880));
#85900=CARTESIAN_POINT('',(3.8056817342473,78.6749991192396,
68.5999999971235));
#85910=DIRECTION('',(-1.,9.23093105784566E-11,2.89343206124944E-16));
#85920=DIRECTION('',(9.23093105784567E-11,1.,1.06585698600749E-10));
#85930=AXIS2_PLACEMENT_3D('',#85900,#85910,#85920);
#85940=PLANE('',#85930);
#85950=CARTESIAN_POINT('',(3.80568173414257,77.5404312941582,
68.5999999970026));
#85960=DIRECTION('',(-2.89333367272589E-16,1.06585698600749E-10,-1.));
#85970=VECTOR('',#85960,1.);
#85980=LINE('',#85950,#85970);
#85990=CARTESIAN_POINT('',(3.80568173414257,77.5404312941795,
68.3999999970026));
#86000=VERTEX_POINT('',#85990);
#86010=EDGE_CURVE('',#73820,#86000,#85980,.T.);
#86020=ORIENTED_EDGE('',*,*,#86010,.F.);
#86030=CARTESIAN_POINT('',(3.80568173261577,61.0003285161186,
68.3999999952397));
#86040=DIRECTION('',(-9.23093105784567E-11,-1.,-1.06585698600749E-10));
#86050=VECTOR('',#86040,1.);
#86060=LINE('',#86030,#86050);
#86070=EDGE_CURVE('',#85690,#86000,#86060,.T.);
#86080=ORIENTED_EDGE('',*,*,#86070,.T.);
#86090=ORIENTED_EDGE('',*,*,#85700,.T.);
#86100=ORIENTED_EDGE('',*,*,#73910,.T.);
#86110=EDGE_LOOP('',(#86100,#86090,#86080,#86020));
#86120=FACE_OUTER_BOUND('',#86110,.T.);
#86130=ADVANCED_FACE('',(#86120),#85940,.T.);
#86140=COLOUR_RGB('',0.560784339904785,0.588235318660736,
0.600000023841858);
#86150=FILL_AREA_STYLE_COLOUR('',#86140);
#86160=FILL_AREA_STYLE('',(#86150));
#86170=SURFACE_STYLE_FILL_AREA(#86160);
#86180=SURFACE_SIDE_STYLE('',(#86170));
#86190=SURFACE_STYLE_USAGE(.BOTH.,#86180);
#86200=PRESENTATION_STYLE_ASSIGNMENT((#86190));
#86210=CARTESIAN_POINT('',(3.80568173414257,77.5404312941582,
68.5999999970026));
#86220=DIRECTION('',(-9.2309959823802E-11,-1.,-1.06585698600749E-10));
#86230=DIRECTION('',(-1.,9.2309959823802E-11,2.89343206194094E-16));
#86240=AXIS2_PLACEMENT_3D('',#86210,#86220,#86230);
#86250=PLANE('',#86240);
#86260=CARTESIAN_POINT('',(6.34431829590852,77.540431293997,
68.5999999970026));
#86270=DIRECTION('',(-2.89333367272589E-16,1.06585698600749E-10,-1.));
#86280=VECTOR('',#86270,1.);
#86290=LINE('',#86260,#86280);
#86300=CARTESIAN_POINT('',(6.34431829590852,77.5404312940183,
68.3999999970026));
#86310=VERTEX_POINT('',#86300);
#86320=EDGE_CURVE('',#73800,#86310,#86290,.T.);
#86330=ORIENTED_EDGE('',*,*,#86320,.F.);
#86340=CARTESIAN_POINT('',(46.5688683187869,77.5404312903052,
68.3999999970026));
#86350=DIRECTION('',(1.,-9.2309959823802E-11,-2.89343206194094E-16));
#86360=VECTOR('',#86350,1.);
#86370=LINE('',#86340,#86360);
#86380=EDGE_CURVE('',#86000,#86310,#86370,.T.);
#86390=ORIENTED_EDGE('',*,*,#86380,.T.);
#86400=ORIENTED_EDGE('',*,*,#86010,.T.);
#86410=ORIENTED_EDGE('',*,*,#73830,.T.);
#86420=EDGE_LOOP('',(#86410,#86400,#86390,#86330));
#86430=FACE_OUTER_BOUND('',#86420,.T.);
#86440=ADVANCED_FACE('',(#86430),#86250,.T.);
#86450=COLOUR_RGB('',0.560784339904785,0.588235318660736,
0.600000023841858);
#86460=FILL_AREA_STYLE_COLOUR('',#86450);
#86470=FILL_AREA_STYLE('',(#86460));
#86480=SURFACE_STYLE_FILL_AREA(#86470);
#86490=SURFACE_SIDE_STYLE('',(#86480));
#86500=SURFACE_STYLE_USAGE(.BOTH.,#86490);
#86510=PRESENTATION_STYLE_ASSIGNMENT((#86500));
#86520=CARTESIAN_POINT('',(6.34431829590852,77.540431293997,
68.5999999970026));
#86530=DIRECTION('',(1.,-9.23106090690949E-11,-2.89343206263345E-16));
#86540=DIRECTION('',(-9.23106090690949E-11,-1.,-1.06585698600749E-10));
#86550=AXIS2_PLACEMENT_3D('',#86520,#86530,#86540);
#86560=PLANE('',#86550);
#86570=ORIENTED_EDGE('',*,*,#85460,.F.);
#86580=CARTESIAN_POINT('',(6.3443182943817,61.0003285158844,
68.3999999952397));
#86590=DIRECTION('',(9.23106090690949E-11,1.,1.06585698600749E-10));
#86600=VECTOR('',#86590,1.);
#86610=LINE('',#86580,#86600);
#86620=EDGE_CURVE('',#86310,#85390,#86610,.T.);
#86630=ORIENTED_EDGE('',*,*,#86620,.T.);
#86640=ORIENTED_EDGE('',*,*,#86320,.T.);
#86650=ORIENTED_EDGE('',*,*,#74850,.T.);
#86660=EDGE_LOOP('',(#86650,#86640,#86630,#86570));
#86670=FACE_OUTER_BOUND('',#86660,.T.);
#86680=ADVANCED_FACE('',(#86670),#86560,.T.);
#86690=COLOUR_RGB('',0.560784339904785,0.588235318660736,
0.600000023841858);
#86700=FILL_AREA_STYLE_COLOUR('',#86690);
#86710=FILL_AREA_STYLE('',(#86700));
#86720=SURFACE_STYLE_FILL_AREA(#86710);
#86730=SURFACE_SIDE_STYLE('',(#86720));
#86740=SURFACE_STYLE_USAGE(.BOTH.,#86730);
#86750=PRESENTATION_STYLE_ASSIGNMENT((#86740));
#86760=CARTESIAN_POINT('',(6.49563903445751,71.302631201736,
68.2014667328577));
#86770=DIRECTION('',(-0.996194698091578,1.1736460774902E-10,
0.0871557427495786));
#86780=DIRECTION('',(9.61081239400356E-11,1.,-2.48086971142617E-10));
#86790=AXIS2_PLACEMENT_3D('',#86760,#86770,#86780);
#86800=PLANE('',#86790);
#86810=CARTESIAN_POINT('',(6.77747092611579,71.4199121374954,
71.4228199948687));
#86820=DIRECTION('',(0.0870990036581387,0.0360775888219299,
0.995546167260241));
#86830=VECTOR('',#86820,1.);
#86840=LINE('',#86810,#86830);
#86850=CARTESIAN_POINT('',(6.43027222739278,71.2760977266991,
67.4543207092956));
#86860=VERTEX_POINT('',#86850);
#86870=CARTESIAN_POINT('',(6.51300844434618,71.3103681900863,
68.3999999963386));
#86880=VERTEX_POINT('',#86870);
#86890=EDGE_CURVE('',#86860,#86880,#86840,.T.);
#86900=ORIENTED_EDGE('',*,*,#86890,.T.);
#86910=CARTESIAN_POINT('',(6.43027222640519,61.0003285156886,
67.4543207118449));
#86920=DIRECTION('',(9.61081239400356E-11,1.,-2.48086971142617E-10));
#86930=VECTOR('',#86920,1.);
#86940=LINE('',#86910,#86930);
#86950=CARTESIAN_POINT('',(6.43027222743581,71.7239006247596,
67.4543207091845));
#86960=VERTEX_POINT('',#86950);
#86970=EDGE_CURVE('',#86860,#86960,#86940,.T.);
#86980=ORIENTED_EDGE('',*,*,#86970,.F.);
#86990=CARTESIAN_POINT('',(6.77747092613113,71.5800862158672,
71.4228199948282));
#87000=DIRECTION('',(0.0870990036512052,-0.0360775883443109,
0.995546167278156));
#87010=VECTOR('',#87000,1.);
#87020=LINE('',#86990,#87010);
#87030=CARTESIAN_POINT('',(6.51300844439442,71.6896301618212,
68.399999996379));
#87040=VERTEX_POINT('',#87030);
#87050=EDGE_CURVE('',#86960,#87040,#87020,.T.);
#87060=ORIENTED_EDGE('',*,*,#87050,.F.);
#87070=CARTESIAN_POINT('',(6.5130084430354,61.0003285159199,
68.3999999952397));
#87080=DIRECTION('',(1.27137961805743E-10,1.,1.06585698600749E-10));
#87090=VECTOR('',#87080,1.);
#87100=LINE('',#87070,#87090);
#87110=EDGE_CURVE('',#86880,#87040,#87100,.T.);
#87120=ORIENTED_EDGE('',*,*,#87110,.T.);
#87130=EDGE_LOOP('',(#87120,#87060,#86980,#86900));
#87140=FACE_OUTER_BOUND('',#87130,.T.);
#87150=ADVANCED_FACE('',(#87140),#86800,.T.);
#87160=COLOUR_RGB('',0.980392217636108,0.517647087574005,
0.168627455830574);
#87170=FILL_AREA_STYLE_COLOUR('',#87160);
#87180=FILL_AREA_STYLE('',(#87170));
#87190=SURFACE_STYLE_FILL_AREA(#87180);
#87200=SURFACE_SIDE_STYLE('',(#87190));
#87210=SURFACE_STYLE_USAGE(.BOTH.,#87200);
#87220=PRESENTATION_STYLE_ASSIGNMENT((#87210));
#87230=CARTESIAN_POINT('',(5.74537889815668,73.5267408600693,
69.272766396154));
#87240=DIRECTION('',(0.704416026337927,-0.70441602644622,
0.087155742920378));
#87250=DIRECTION('',(-0.0616284167086124,0.0616284169680891,
0.996194698076635));
#87260=AXIS2_PLACEMENT_3D('',#87230,#87240,#87250);
#87270=PLANE('',#87260);
#87280=CARTESIAN_POINT('',(46.5688683221628,114.12523825635,
67.4543206985879));
#87290=DIRECTION('',(0.707106781251838,0.707106781121257,
-1.76787125303571E-10));
#87300=VECTOR('',#87290,1.);
#87310=LINE('',#87280,#87300);
#87320=EDGE_CURVE('',#84260,#81670,#87310,.T.);
#87330=ORIENTED_EDGE('',*,*,#87320,.T.);
#87340=ORIENTED_EDGE('',*,*,#84490,.T.);
#87350=CARTESIAN_POINT('',(-6.67304810675556,61.0003285171367,
68.3999999952397));
#87360=DIRECTION('',(-0.707106781236238,-0.707106781136857,
-7.53672966162622E-11));
#87370=VECTOR('',#87360,1.);
#87380=LINE('',#87350,#87370);
#87390=EDGE_CURVE('',#81690,#84420,#87380,.T.);
#87400=ORIENTED_EDGE('',*,*,#87390,.T.);
#87410=ORIENTED_EDGE('',*,*,#81700,.T.);
#87420=EDGE_LOOP('',(#87410,#87400,#87340,#87330));
#87430=FACE_OUTER_BOUND('',#87420,.T.);
#87440=ADVANCED_FACE('',(#87430),#87270,.T.);
#87450=COLOUR_RGB('',0.980392217636108,0.517647087574005,
0.168627455830574);
#87460=FILL_AREA_STYLE_COLOUR('',#87450);
#87470=FILL_AREA_STYLE('',(#87460));
#87480=SURFACE_STYLE_FILL_AREA(#87470);
#87490=SURFACE_SIDE_STYLE('',(#87480));
#87500=SURFACE_STYLE_USAGE(.BOTH.,#87490);
#87510=PRESENTATION_STYLE_ASSIGNMENT((#87500));
#87520=CARTESIAN_POINT('',(5.07500000655713,76.0039487105169,
68.3999999968389));
#87530=DIRECTION('',(2.8933336727257E-16,-1.06585698600749E-10,1.));
#87540=DIRECTION('',(9.23101508975618E-11,1.,1.06585698600749E-10));
#87550=AXIS2_PLACEMENT_3D('',#87520,#87530,#87540);
#87560=PLANE('',#87550);
#87570=CARTESIAN_POINT('',(8.85611390077504,74.0327356176663,
68.3999999966288));
#87580=VERTEX_POINT('',#87570);
#87590=EDGE_CURVE('',#87040,#87580,#84700,.T.);
#87600=ORIENTED_EDGE('',*,*,#87590,.F.);
#87610=CARTESIAN_POINT('',(46.5688683184632,74.0327356141993,
68.3999999966287));
#87620=DIRECTION('',(-1.,9.19306117036373E-11,2.89343165760997E-16));
#87630=VECTOR('',#87620,1.);
#87640=LINE('',#87610,#87630);
#87650=CARTESIAN_POINT('',(6.35935899583526,74.0327356178958,
68.3999999966287));
#87660=VERTEX_POINT('',#87650);
#87670=EDGE_CURVE('',#87580,#87660,#87640,.T.);
#87680=ORIENTED_EDGE('',*,*,#87670,.F.);
#87690=CARTESIAN_POINT('',(-6.67304810675556,61.0003285171367,
68.3999999952397));
#87700=DIRECTION('',(-0.707106781236238,-0.707106781136857,
-7.53672966162622E-11));
#87710=VECTOR('',#87700,1.);
#87720=LINE('',#87690,#87710);
#87730=CARTESIAN_POINT('',(5.26463140304132,72.9380080252557,
68.3999999965121));
#87740=VERTEX_POINT('',#87730);
#87750=EDGE_CURVE('',#87660,#87740,#87720,.T.);
#87760=ORIENTED_EDGE('',*,*,#87750,.F.);
#87770=CARTESIAN_POINT('',(46.5688683183622,72.9379934609657,
68.3999999965121));
#87780=DIRECTION('',(-0.999999999999938,3.52610073223888E-7,
3.26916567001901E-16));
#87790=VECTOR('',#87780,1.);
#87800=LINE('',#87770,#87790);
#87810=CARTESIAN_POINT('',(4.88536847581602,72.9380081589877,
68.3999999965121));
#87820=VERTEX_POINT('',#87810);
#87830=EDGE_CURVE('',#87740,#87820,#87800,.T.);
#87840=ORIENTED_EDGE('',*,*,#87830,.F.);
#87850=CARTESIAN_POINT('',(16.8230481171124,61.0003285149686,
68.3999999952397));
#87860=DIRECTION('',(-0.707106781105911,0.707106781267184,
7.53676724128396E-11));
#87870=VECTOR('',#87860,1.);
#87880=LINE('',#87850,#87870);
#87890=CARTESIAN_POINT('',(3.79064101692141,74.0327356181319,
68.3999999966288));
#87900=VERTEX_POINT('',#87890);
#87910=EDGE_CURVE('',#87820,#87900,#87880,.T.);
#87920=ORIENTED_EDGE('',*,*,#87910,.F.);
#87930=EDGE_CURVE('',#87900,#85010,#87640,.T.);
#87940=ORIENTED_EDGE('',*,*,#87930,.F.);
#87950=ORIENTED_EDGE('',*,*,#85020,.F.);
#87960=ORIENTED_EDGE('',*,*,#81780,.F.);
#87970=ORIENTED_EDGE('',*,*,#87390,.F.);
#87980=ORIENTED_EDGE('',*,*,#84430,.F.);
#87990=ORIENTED_EDGE('',*,*,#84710,.F.);
#88000=ORIENTED_EDGE('',*,*,#81310,.F.);
#88010=CARTESIAN_POINT('',(6.35935899547698,68.9672627341559,
68.3999999960888));
#88020=VERTEX_POINT('',#88010);
#88030=EDGE_CURVE('',#81200,#88020,#84990,.T.);
#88040=ORIENTED_EDGE('',*,*,#88030,.F.);
#88050=CARTESIAN_POINT('',(46.5688683179958,68.9672627304318,
68.3999999960888));
#88060=DIRECTION('',(1.,-9.26186580129233E-11,-2.89343239096839E-16));
#88070=VECTOR('',#88060,1.);
#88080=LINE('',#88050,#88070);
#88090=CARTESIAN_POINT('',(8.8561138999734,68.9672627339247,
68.3999999960888));
#88100=VERTEX_POINT('',#88090);
#88110=EDGE_CURVE('',#88020,#88100,#88080,.T.);
#88120=ORIENTED_EDGE('',*,*,#88110,.F.);
#88130=EDGE_CURVE('',#88100,#86880,#87880,.T.);
#88140=ORIENTED_EDGE('',*,*,#88130,.F.);
#88150=ORIENTED_EDGE('',*,*,#87110,.F.);
#88160=EDGE_LOOP('',(#88150,#88140,#88120,#88040,#88000,#87990,#87980,
#87970,#87960,#87950,#87940,#87920,#87840,#87760,#87680,#87600));
#88170=FACE_BOUND('',#88160,.T.);
#88180=ORIENTED_EDGE('',*,*,#85760,.T.);
#88190=ORIENTED_EDGE('',*,*,#86070,.F.);
#88200=ORIENTED_EDGE('',*,*,#86380,.F.);
#88210=ORIENTED_EDGE('',*,*,#86620,.F.);
#88220=ORIENTED_EDGE('',*,*,#85400,.T.);
#88230=ORIENTED_EDGE('',*,*,#83470,.T.);
#88240=ORIENTED_EDGE('',*,*,#82230,.T.);
#88250=ORIENTED_EDGE('',*,*,#84000,.T.);
#88260=ORIENTED_EDGE('',*,*,#83160,.T.);
#88270=ORIENTED_EDGE('',*,*,#80910,.T.);
#88280=ORIENTED_EDGE('',*,*,#83760,.T.);
#88290=ORIENTED_EDGE('',*,*,#80530,.T.);
#88300=ORIENTED_EDGE('',*,*,#82590,.T.);
#88310=ORIENTED_EDGE('',*,*,#82900,.T.);
#88320=EDGE_LOOP('',(#88310,#88300,#88290,#88280,#88270,#88260,#88250,
#88240,#88230,#88220,#88210,#88200,#88190,#88180));
#88330=FACE_OUTER_BOUND('',#88320,.T.);
#88340=ADVANCED_FACE('',(#88170,#88330),#87560,.T.);
#88350=COLOUR_RGB('',0.980392217636108,0.517647087574005,
0.168627455830574);
#88360=FILL_AREA_STYLE_COLOUR('',#88350);
#88370=FILL_AREA_STYLE('',(#88360));
#88380=SURFACE_STYLE_FILL_AREA(#88370);
#88390=SURFACE_SIDE_STYLE('',(#88380));
#88400=SURFACE_STYLE_USAGE(.BOTH.,#88390);
#88410=PRESENTATION_STYLE_ASSIGNMENT((#88400));
#88420=CARTESIAN_POINT('',(4.30125960475886,73.4233804447036,
67.6019845031807));
#88430=DIRECTION('',(-0.704416026467507,-0.704416026316137,
0.0871557429244512));
#88440=DIRECTION('',(-0.0616284167247865,-0.0616284169576753,
-0.996194698076278));
#88450=AXIS2_PLACEMENT_3D('',#88420,#88430,#88440);
#88460=PLANE('',#88450);
#88470=ORIENTED_EDGE('',*,*,#88130,.T.);
#88480=CARTESIAN_POINT('',(9.49458281032229,68.7028002527899,
71.4228199955551));
#88490=DIRECTION('',(-0.205903901110984,0.0852881881646771,
-0.974848454102926));
#88500=VECTOR('',#88490,1.);
#88510=LINE('',#88480,#88500);
#88520=CARTESIAN_POINT('',(8.65637100309724,69.0499989505841,
67.4543207098436));
#88530=VERTEX_POINT('',#88520);
#88540=EDGE_CURVE('',#88100,#88530,#88510,.T.);
#88550=ORIENTED_EDGE('',*,*,#88540,.F.);
#88560=CARTESIAN_POINT('',(46.5688683145051,31.137501632184,
67.4543207191761));
#88570=DIRECTION('',(-0.707106781121342,0.707106781251754,
-1.74060882263371E-10));
#88580=VECTOR('',#88570,1.);
#88590=LINE('',#88560,#88580);
#88600=EDGE_CURVE('',#88530,#86860,#88590,.T.);
#88610=ORIENTED_EDGE('',*,*,#88600,.F.);
#88620=ORIENTED_EDGE('',*,*,#86890,.F.);
#88630=EDGE_LOOP('',(#88620,#88610,#88550,#88470));
#88640=FACE_OUTER_BOUND('',#88630,.T.);
#88650=ADVANCED_FACE('',(#88640),#88460,.T.);
#88660=COLOUR_RGB('',0.980392217636108,0.517647087574005,
0.168627455830574);
#88670=FILL_AREA_STYLE_COLOUR('',#88660);
#88680=FILL_AREA_STYLE('',(#88670));
#88690=SURFACE_STYLE_FILL_AREA(#88680);
#88700=SURFACE_SIDE_STYLE('',(#88690));
#88710=SURFACE_STYLE_USAGE(.BOTH.,#88700);
#88720=PRESENTATION_STYLE_ASSIGNMENT((#88710));
#88730=CARTESIAN_POINT('',(14.4432998929691,61.0003285149492,
67.4543207118294));
#88740=DIRECTION('',(0.707106781121257,-0.707106781251838,
1.74060882263393E-10));
#88750=VECTOR('',#88740,1.);
#88760=LINE('',#88730,#88750);
#88770=CARTESIAN_POINT('',(6.39362945861164,69.0499989507932,
67.4543207098479));
#88780=VERTEX_POINT('',#88770);
#88790=EDGE_CURVE('',#81220,#88780,#88760,.T.);
#88800=ORIENTED_EDGE('',*,*,#88790,.F.);
#88810=CARTESIAN_POINT('',(6.24981504874827,68.7028002530905,
71.4228199955551));
#88820=DIRECTION('',(0.0360775885878013,0.0870990034019605,
-0.995546167291138));
#88830=VECTOR('',#88820,1.);
#88840=LINE('',#88810,#88830);
#88850=EDGE_CURVE('',#88020,#88780,#88840,.T.);
#88860=ORIENTED_EDGE('',*,*,#88850,.T.);
#88870=ORIENTED_EDGE('',*,*,#88030,.T.);
#88880=ORIENTED_EDGE('',*,*,#81230,.F.);
#88890=EDGE_LOOP('',(#88880,#88870,#88860,#88800));
#88900=FACE_OUTER_BOUND('',#88890,.T.);
#88910=ADVANCED_FACE('',(#88900),#84940,.T.);
#88920=COLOUR_RGB('',0.980392217636108,0.517647087574005,
0.168627455830574);
#88930=FILL_AREA_STYLE_COLOUR('',#88920);
#88940=FILL_AREA_STYLE('',(#88930));
#88950=SURFACE_STYLE_FILL_AREA(#88940);
#88960=SURFACE_SIDE_STYLE('',(#88950));
#88970=SURFACE_STYLE_USAGE(.BOTH.,#88960);
#88980=PRESENTATION_STYLE_ASSIGNMENT((#88970));
#88990=CARTESIAN_POINT('',(8.29125515038957,74.0385535351428,
68.4664990968948));
#89000=DIRECTION('',(-9.15807627515842E-11,-0.996194698070081,
0.0871557429952809));
#89010=DIRECTION('',(-1.,9.21439348850373E-11,2.43858445697854E-12));
#89020=AXIS2_PLACEMENT_3D('',#88990,#89000,#89010);
#89030=PLANE('',#89020);
#89040=CARTESIAN_POINT('',(3.90018496359865,74.2971981005409,
71.4228199941418));
#89050=DIRECTION('',(-0.0360775885925832,-0.0870990038968932,
-0.995546167247664));
#89060=VECTOR('',#89050,1.);
#89070=LINE('',#89040,#89060);
#89080=CARTESIAN_POINT('',(3.75637055371728,73.9499994008677,
67.4543207086374));
#89090=VERTEX_POINT('',#89080);
#89100=EDGE_CURVE('',#87900,#89090,#89070,.T.);
#89110=ORIENTED_EDGE('',*,*,#89100,.F.);
#89120=CARTESIAN_POINT('',(46.5688683184556,73.9499993969247,
67.4543207085549));
#89130=DIRECTION('',(-1.,9.20992395360384E-11,1.92771428169411E-12));
#89140=VECTOR('',#89130,1.);
#89150=LINE('',#89120,#89140);
#89160=EDGE_CURVE('',#89090,#85090,#89150,.T.);
#89170=ORIENTED_EDGE('',*,*,#89160,.F.);
#89180=ORIENTED_EDGE('',*,*,#85100,.F.);
#89190=ORIENTED_EDGE('',*,*,#87930,.T.);
#89200=EDGE_LOOP('',(#89190,#89180,#89170,#89110));
#89210=FACE_OUTER_BOUND('',#89200,.T.);
#89220=ADVANCED_FACE('',(#89210),#89030,.T.);
#89230=COLOUR_RGB('',0.980392217636108,0.517647087574005,
0.168627455830574);
#89240=FILL_AREA_STYLE_COLOUR('',#89230);
#89250=FILL_AREA_STYLE('',(#89240));
#89260=SURFACE_STYLE_FILL_AREA(#89250);
#89270=SURFACE_SIDE_STYLE('',(#89260));
#89280=SURFACE_STYLE_USAGE(.BOTH.,#89270);
#89290=PRESENTATION_STYLE_ASSIGNMENT((#89280));
#89300=CARTESIAN_POINT('',(46.5688683145051,31.137501632184,
67.4543207191761));
#89310=DIRECTION('',(-0.707106781121342,0.707106781251754,
-1.74060882263371E-10));
#89320=VECTOR('',#89310,1.);
#89330=LINE('',#89300,#89320);
#89340=CARTESIAN_POINT('',(4.85109800054446,72.8552719538386,
67.4543207089069));
#89350=VERTEX_POINT('',#89340);
#89360=EDGE_CURVE('',#89350,#89090,#89330,.T.);
#89370=ORIENTED_EDGE('',*,*,#89360,.F.);
#89380=ORIENTED_EDGE('',*,*,#89100,.T.);
#89390=ORIENTED_EDGE('',*,*,#87910,.T.);
#89400=CARTESIAN_POINT('',(4.9949124611252,73.2024706028133,
71.4228199944183));
#89410=DIRECTION('',(0.0360776013344812,0.0870989912349262,
0.995546167893689));
#89420=VECTOR('',#89410,1.);
#89430=LINE('',#89400,#89420);
#89440=EDGE_CURVE('',#89350,#87820,#89430,.T.);
#89450=ORIENTED_EDGE('',*,*,#89440,.T.);
#89460=EDGE_LOOP('',(#89450,#89390,#89380,#89370));
#89470=FACE_OUTER_BOUND('',#89460,.T.);
#89480=ADVANCED_FACE('',(#89470),#88460,.T.);
#89490=COLOUR_RGB('',0.980392217636108,0.517647087574005,
0.168627455830574);
#89500=FILL_AREA_STYLE_COLOUR('',#89490);
#89510=FILL_AREA_STYLE('',(#89500));
#89520=SURFACE_STYLE_FILL_AREA(#89510);
#89530=SURFACE_SIDE_STYLE('',(#89520));
#89540=SURFACE_STYLE_USAGE(.BOTH.,#89530);
#89550=PRESENTATION_STYLE_ASSIGNMENT((#89540));
#89560=CARTESIAN_POINT('',(5.27236841167769,72.9206386125405,
68.2014667324586));
#89570=DIRECTION('',(-3.51268285403263E-7,-0.996194698070062,
0.0871557429948011));
#89580=DIRECTION('',(-0.999999999999938,3.52610241840782E-7,
1.92762682653563E-12));
#89590=AXIS2_PLACEMENT_3D('',#89560,#89570,#89580);
#89600=PLANE('',#89590);
#89610=ORIENTED_EDGE('',*,*,#89440,.F.);
#89620=ORIENTED_EDGE('',*,*,#87830,.T.);
#89630=CARTESIAN_POINT('',(5.1550874950309,73.202470546334,
71.4228199944183));
#89640=DIRECTION('',(-0.0360775758298213,0.0870990165645514,
0.995546166601897));
#89650=VECTOR('',#89640,1.);
#89660=LINE('',#89630,#89650);
#89670=CARTESIAN_POINT('',(5.29890185413014,72.8552717959384,
67.454320708906));
#89680=VERTEX_POINT('',#89670);
#89690=EDGE_CURVE('',#89680,#87740,#89660,.T.);
#89700=ORIENTED_EDGE('',*,*,#89690,.T.);
#89710=CARTESIAN_POINT('',(46.5688683183546,72.8552572437256,
67.4543207088264));
#89720=DIRECTION('',(0.999999999999938,-3.52610241840782E-7,
-1.92762682650182E-12));
#89730=VECTOR('',#89720,1.);
#89740=LINE('',#89710,#89730);
#89750=EDGE_CURVE('',#89350,#89680,#89740,.T.);
#89760=ORIENTED_EDGE('',*,*,#89750,.T.);
#89770=EDGE_LOOP('',(#89760,#89700,#89620,#89610));
#89780=FACE_OUTER_BOUND('',#89770,.T.);
#89790=ADVANCED_FACE('',(#89780),#89600,.T.);
#89800=COLOUR_RGB('',0.980392217636108,0.517647087574005,
0.168627455830574);
#89810=FILL_AREA_STYLE_COLOUR('',#89800);
#89820=FILL_AREA_STYLE('',(#89810));
#89830=SURFACE_STYLE_FILL_AREA(#89820);
#89840=SURFACE_SIDE_STYLE('',(#89830));
#89850=SURFACE_STYLE_USAGE(.BOTH.,#89840);
#89860=PRESENTATION_STYLE_ASSIGNMENT((#89850));
#89870=CARTESIAN_POINT('',(9.49458281079073,74.2971981000266,
71.4228199941418));
#89880=DIRECTION('',(0.205903901127581,0.0852881886112954,
0.974848454060346));
#89890=VECTOR('',#89880,1.);
#89900=LINE('',#89870,#89890);
#89910=CARTESIAN_POINT('',(8.65637100350327,73.9499994004164,
67.4543207086279));
#89920=VERTEX_POINT('',#89910);
#89930=EDGE_CURVE('',#89920,#87580,#89900,.T.);
#89940=ORIENTED_EDGE('',*,*,#89930,.T.);
#89950=CARTESIAN_POINT('',(46.5688683184556,73.9499993969247,
67.4543207085549));
#89960=DIRECTION('',(1.,-9.20992395360384E-11,-1.92771428169411E-12));
#89970=VECTOR('',#89960,1.);
#89980=LINE('',#89950,#89970);
#89990=CARTESIAN_POINT('',(6.39362945901883,73.9499994006248,
67.4543207086323));
#90000=VERTEX_POINT('',#89990);
#90010=EDGE_CURVE('',#90000,#89920,#89980,.T.);
#90020=ORIENTED_EDGE('',*,*,#90010,.T.);
#90030=CARTESIAN_POINT('',(6.24981504922433,74.2971981003249,
71.4228199941418));
#90040=DIRECTION('',(-0.0360775885707531,0.0870990039035447,
0.995546167247873));
#90050=VECTOR('',#90040,1.);
#90060=LINE('',#90030,#90050);
#90070=EDGE_CURVE('',#90000,#87660,#90060,.T.);
#90080=ORIENTED_EDGE('',*,*,#90070,.F.);
#90090=ORIENTED_EDGE('',*,*,#87670,.T.);
#90100=EDGE_LOOP('',(#90090,#90080,#90020,#89940));
#90110=FACE_OUTER_BOUND('',#90100,.T.);
#90120=ADVANCED_FACE('',(#90110),#89030,.T.);
#90130=COLOUR_RGB('',0.980392217636108,0.517647087574005,
0.168627455830574);
#90140=FILL_AREA_STYLE_COLOUR('',#90130);
#90150=FILL_AREA_STYLE('',(#90140));
#90160=SURFACE_STYLE_FILL_AREA(#90150);
#90170=SURFACE_SIDE_STYLE('',(#90160));
#90180=SURFACE_STYLE_USAGE(.BOTH.,#90170);
#90190=PRESENTATION_STYLE_ASSIGNMENT((#90180));
#90200=CARTESIAN_POINT('',(7.06989921196118,71.0720789064232,
67.454320709345));
#90210=DIRECTION('',(1.92771430454272E-12,2.48086971142432E-10,1.));
#90220=DIRECTION('',(0.7071067811213,-0.707106781251795,
1.74060879778225E-10));
#90230=AXIS2_PLACEMENT_3D('',#90200,#90210,#90220);
#90240=PLANE('',#90230);
#90250=ORIENTED_EDGE('',*,*,#81450,.T.);
#90260=ORIENTED_EDGE('',*,*,#84780,.F.);
#90270=ORIENTED_EDGE('',*,*,#84270,.F.);
#90280=ORIENTED_EDGE('',*,*,#87320,.F.);
#90290=ORIENTED_EDGE('',*,*,#81920,.T.);
#90300=ORIENTED_EDGE('',*,*,#85160,.T.);
#90310=ORIENTED_EDGE('',*,*,#89160,.T.);
#90320=ORIENTED_EDGE('',*,*,#89360,.T.);
#90330=ORIENTED_EDGE('',*,*,#89750,.F.);
#90340=CARTESIAN_POINT('',(46.5688683221628,114.12523825635,
67.4543206985879));
#90350=DIRECTION('',(0.707106781251838,0.707106781121257,
-1.76787125303571E-10));
#90360=VECTOR('',#90350,1.);
#90370=LINE('',#90340,#90360);
#90380=EDGE_CURVE('',#89680,#90000,#90370,.T.);
#90390=ORIENTED_EDGE('',*,*,#90380,.F.);
#90400=ORIENTED_EDGE('',*,*,#90010,.F.);
#90410=CARTESIAN_POINT('',(-4.29329988262332,61.0003285166782,
67.4543207118655));
#90420=DIRECTION('',(-0.707106781251753,-0.707106781121342,
1.76787125303592E-10));
#90430=VECTOR('',#90420,1.);
#90440=LINE('',#90410,#90430);
#90450=EDGE_CURVE('',#89920,#86960,#90440,.T.);
#90460=ORIENTED_EDGE('',*,*,#90450,.F.);
#90470=ORIENTED_EDGE('',*,*,#86970,.T.);
#90480=ORIENTED_EDGE('',*,*,#88600,.T.);
#90490=CARTESIAN_POINT('',(46.5688683180035,69.049998947079,
67.4543207097705));
#90500=DIRECTION('',(1.,-9.24500301815017E-11,-1.92771428160708E-12));
#90510=VECTOR('',#90500,1.);
#90520=LINE('',#90490,#90510);
#90530=EDGE_CURVE('',#88780,#88530,#90520,.T.);
#90540=ORIENTED_EDGE('',*,*,#90530,.T.);
#90550=ORIENTED_EDGE('',*,*,#88790,.T.);
#90560=EDGE_LOOP('',(#90550,#90540,#90480,#90470,#90460,#90400,#90390,
#90330,#90320,#90310,#90300,#90290,#90280,#90270,#90260,#90250));
#90570=FACE_OUTER_BOUND('',#90560,.T.);
#90580=ADVANCED_FACE('',(#90570),#90240,.T.);
#90590=COLOUR_RGB('',0.980392217636108,0.517647087574005,
0.168627455830574);
#90600=FILL_AREA_STYLE_COLOUR('',#90590);
#90610=FILL_AREA_STYLE('',(#90600));
#90620=SURFACE_STYLE_FILL_AREA(#90610);
#90630=SURFACE_SIDE_STYLE('',(#90620));
#90640=SURFACE_STYLE_USAGE(.BOTH.,#90630);
#90650=PRESENTATION_STYLE_ASSIGNMENT((#90640));
#90660=CARTESIAN_POINT('',(3.23714002577353,68.9614448168964,
68.4664990981543));
#90670=DIRECTION('',(9.22662412767781E-11,0.99619469811341,
0.0871557425000354));
#90680=DIRECTION('',(1.,-9.24053348327569E-11,-2.43858445691355E-12));
#90690=AXIS2_PLACEMENT_3D('',#90660,#90670,#90680);
#90700=PLANE('',#90690);
#90710=ORIENTED_EDGE('',*,*,#88850,.F.);
#90720=ORIENTED_EDGE('',*,*,#90530,.F.);
#90730=ORIENTED_EDGE('',*,*,#88540,.T.);
#90740=ORIENTED_EDGE('',*,*,#88110,.T.);
#90750=EDGE_LOOP('',(#90740,#90730,#90720,#90710));
#90760=FACE_OUTER_BOUND('',#90750,.T.);
#90770=ADVANCED_FACE('',(#90760),#90700,.T.);
#90780=COLOUR_RGB('',0.980392217636108,0.517647087574005,
0.168627455830574);
#90790=FILL_AREA_STYLE_COLOUR('',#90780);
#90800=FILL_AREA_STYLE('',(#90790));
#90810=SURFACE_STYLE_FILL_AREA(#90800);
#90820=SURFACE_SIDE_STYLE('',(#90810));
#90830=SURFACE_STYLE_USAGE(.BOTH.,#90820);
#90840=PRESENTATION_STYLE_ASSIGNMENT((#90830));
#90850=ORIENTED_EDGE('',*,*,#90450,.T.);
#90860=ORIENTED_EDGE('',*,*,#89930,.F.);
#90870=ORIENTED_EDGE('',*,*,#87590,.T.);
#90880=ORIENTED_EDGE('',*,*,#87050,.T.);
#90890=EDGE_LOOP('',(#90880,#90870,#90860,#90850));
#90900=FACE_OUTER_BOUND('',#90890,.T.);
#90910=ADVANCED_FACE('',(#90900),#84650,.T.);
#90920=COLOUR_RGB('',0.980392217636108,0.517647087574005,
0.168627455830574);
#90930=FILL_AREA_STYLE_COLOUR('',#90920);
#90940=FILL_AREA_STYLE('',(#90930));
#90950=SURFACE_STYLE_FILL_AREA(#90940);
#90960=SURFACE_SIDE_STYLE('',(#90950));
#90970=SURFACE_STYLE_USAGE(.BOTH.,#90960);
#90980=PRESENTATION_STYLE_ASSIGNMENT((#90970));
#90990=CARTESIAN_POINT('',(5.74537889815668,73.5267408600693,
69.272766396154));
#91000=DIRECTION('',(0.704416026337927,-0.70441602644622,
0.087155742920378));
#91010=DIRECTION('',(-0.0616284167086124,0.0616284169680891,
0.996194698076635));
#91020=AXIS2_PLACEMENT_3D('',#90990,#91000,#91010);
#91030=PLANE('',#91020);
#91040=ORIENTED_EDGE('',*,*,#89690,.F.);
#91050=ORIENTED_EDGE('',*,*,#87750,.T.);
#91060=ORIENTED_EDGE('',*,*,#90070,.T.);
#91070=ORIENTED_EDGE('',*,*,#90380,.T.);
#91080=EDGE_LOOP('',(#91070,#91060,#91050,#91040));
#91090=FACE_OUTER_BOUND('',#91080,.T.);
#91100=ADVANCED_FACE('',(#91090),#91030,.T.);
#91110=COLOUR_RGB('',0.980392217636108,0.517647087574005,
0.168627455830574);
#91120=FILL_AREA_STYLE_COLOUR('',#91110);
#91130=FILL_AREA_STYLE('',(#91120));
#91140=SURFACE_STYLE_FILL_AREA(#91130);
#91150=SURFACE_SIDE_STYLE('',(#91140));
#91160=SURFACE_STYLE_USAGE(.BOTH.,#91150);
#91170=PRESENTATION_STYLE_ASSIGNMENT((#91160));
#91180=CARTESIAN_POINT('',(7.87499996676375,79.2500014077608,
46.5000003123525));
#91190=DIRECTION('',(-0.707106781133484,0.707106781239611,
2.61364030077238E-9));
#91200=DIRECTION('',(0.707106781239611,0.707106781133484,
2.61624460277677E-9));
#91210=AXIS2_PLACEMENT_3D('',#91180,#91190,#91200);
#91220=PLANE('',#91210);
#91230=CARTESIAN_POINT('',(8.69152185838741,80.0665232782262,
52.1911152571314));
#91240=DIRECTION('',(-0.608120402438781,-0.608120400461414,
-0.510273607665873));
#91250=VECTOR('',#91240,1.);
#91260=LINE('',#91230,#91250);
#91270=CARTESIAN_POINT('',(9.24999973990891,80.6250011579317,
52.6597338436197));
#91280=VERTEX_POINT('',#91270);
#91290=CARTESIAN_POINT('',(8.4637599392301,79.8387613598094,
52.0000003139208));
#91300=VERTEX_POINT('',#91290);
#91310=EDGE_CURVE('',#91280,#91300,#91260,.T.);
#91320=ORIENTED_EDGE('',*,*,#91310,.F.);
#91330=CARTESIAN_POINT('',(10.1500000054005,81.5250014257268,
52.0000003197676));
#91340=DIRECTION('',(-0.707106781239611,-0.707106781133484,
-2.45179545403385E-9));
#91350=VECTOR('',#91340,1.);
#91360=LINE('',#91330,#91350);
#91370=CARTESIAN_POINT('',(7.87499996680069,79.2500013874684,
52.0000003118793));
#91380=VERTEX_POINT('',#91370);
#91390=EDGE_CURVE('',#91300,#91380,#91360,.T.);
#91400=ORIENTED_EDGE('',*,*,#91390,.F.);
#91410=CARTESIAN_POINT('',(7.87499996684653,79.2500014795401,
27.1028899046873));
#91420=DIRECTION('',(-1.84153143970966E-12,-3.69808706220676E-9,1.));
#91430=VECTOR('',#91420,1.);
#91440=LINE('',#91410,#91430);
#91450=CARTESIAN_POINT('',(7.87499996681081,79.2500014078079,
46.5000003123525));
#91460=VERTEX_POINT('',#91450);
#91470=EDGE_CURVE('',#91460,#91380,#91440,.T.);
#91480=ORIENTED_EDGE('',*,*,#91470,.T.);
#91490=CARTESIAN_POINT('',(10.1500000054286,81.5250014460842,
46.5000003207699));
#91500=DIRECTION('',(0.707106781239611,0.707106781133484,
2.61624456114341E-9));
#91510=VECTOR('',#91500,1.);
#91520=LINE('',#91490,#91510);
#91530=EDGE_CURVE('',#91460,#29800,#91520,.T.);
#91540=ORIENTED_EDGE('',*,*,#91530,.F.);
#91550=ORIENTED_EDGE('',*,*,#30220,.F.);
#91560=CARTESIAN_POINT('',(9.24999973995566,80.6250012518188,
27.2717186529946));
#91570=DIRECTION('',(-1.84163938356621E-12,-3.69808718710685E-9,1.));
#91580=VECTOR('',#91570,1.);
#91590=LINE('',#91560,#91580);
#91600=EDGE_CURVE('',#30150,#91280,#91590,.T.);
#91610=ORIENTED_EDGE('',*,*,#91600,.F.);
#91620=EDGE_LOOP('',(#91610,#91550,#91540,#91480,#91400,#91320));
#91630=FACE_OUTER_BOUND('',#91620,.T.);
#91640=ADVANCED_FACE('',(#91630),#91220,.T.);
#91650=COLOUR_RGB('',0.560784339904785,0.588235318660736,
0.600000023841858);
#91660=FILL_AREA_STYLE_COLOUR('',#91650);
#91670=FILL_AREA_STYLE('',(#91660));
#91680=SURFACE_STYLE_FILL_AREA(#91670);
#91690=SURFACE_SIDE_STYLE('',(#91680));
#91700=SURFACE_STYLE_USAGE(.BOTH.,#91690);
#91710=PRESENTATION_STYLE_ASSIGNMENT((#91700));
#91720=CARTESIAN_POINT('',(7.87499996847744,89.1000010997011,
50.9000003486503));
#91730=DIRECTION('',(1.,-1.70023941007385E-10,1.84151521623793E-12));
#91740=DIRECTION('',(-1.84151584289205E-12,-3.68568167992978E-9,1.));
#91750=AXIS2_PLACEMENT_3D('',#91720,#91730,#91740);
#91760=PLANE('',#91750);
#91770=CARTESIAN_POINT('',(7.8749999642843,64.1000009970572,
19.699999062225));
#91780=DIRECTION('',(1.84151584476491E-12,3.69669695195762E-9,-1.));
#91790=VECTOR('',#91780,1.);
#91800=LINE('',#91770,#91790);
#91810=CARTESIAN_POINT('',(7.87499996422482,64.1000008776539,
52.0000002593711));
#91820=VERTEX_POINT('',#91810);
#91830=CARTESIAN_POINT('',(7.87499996423495,64.1000008979857,
46.5000002563265));
#91840=VERTEX_POINT('',#91830);
#91850=EDGE_CURVE('',#91820,#91840,#91800,.T.);
#91860=ORIENTED_EDGE('',*,*,#91850,.F.);
#91870=CARTESIAN_POINT('',(7.87499996706845,80.7653043478644,
46.5000003179562));
#91880=DIRECTION('',(1.70023940791384E-10,1.,3.69808707608518E-9));
#91890=VECTOR('',#91880,1.);
#91900=LINE('',#91870,#91890);
#91910=EDGE_CURVE('',#91840,#91460,#91900,.T.);
#91920=ORIENTED_EDGE('',*,*,#91910,.F.);
#91930=ORIENTED_EDGE('',*,*,#91470,.F.);
#91940=CARTESIAN_POINT('',(7.8749999669435,80.0899892432609,
52.0000003147906));
#91950=DIRECTION('',(1.70023933853676E-10,1.,3.46588916241083E-9));
#91960=VECTOR('',#91950,1.);
#91970=LINE('',#91940,#91960);
#91980=EDGE_CURVE('',#91820,#91380,#91970,.T.);
#91990=ORIENTED_EDGE('',*,*,#91980,.T.);
#92000=EDGE_LOOP('',(#91990,#91930,#91920,#91860));
#92010=FACE_OUTER_BOUND('',#92000,.T.);
#92020=ADVANCED_FACE('',(#92010),#91760,.F.);
#92030=COLOUR_RGB('',0.560784339904785,0.588235318660736,
0.600000023841858);
#92040=FILL_AREA_STYLE_COLOUR('',#92030);
#92050=FILL_AREA_STYLE('',(#92040));
#92060=SURFACE_STYLE_FILL_AREA(#92050);
#92070=SURFACE_SIDE_STYLE('',(#92060));
#92080=SURFACE_STYLE_USAGE(.BOTH.,#92070);
#92090=PRESENTATION_STYLE_ASSIGNMENT((#92080));
#92100=CARTESIAN_POINT('',(2.27500003432925,89.1000011117103,
47.90000034864));
#92110=DIRECTION('',(-1.,1.70023941007385E-10,-1.84151521623793E-12));
#92120=DIRECTION('',(1.84151584289205E-12,3.68568167992978E-9,-1.));
#92130=AXIS2_PLACEMENT_3D('',#92100,#92110,#92120);
#92140=PLANE('',#92130);
#92150=CARTESIAN_POINT('',(2.27500003269281,79.2500014795358,
27.1028899046059));
#92160=DIRECTION('',(-1.84153143940966E-12,-3.68568167992978E-9,1.));
#92170=VECTOR('',#92160,1.);
#92180=LINE('',#92150,#92170);
#92190=CARTESIAN_POINT('',(2.27500003265709,79.2500014080442,
46.5000003123422));
#92200=VERTEX_POINT('',#92190);
#92210=CARTESIAN_POINT('',(2.27500003264696,79.250001387773,
52.0000003118711));
#92220=VERTEX_POINT('',#92210);
#92230=EDGE_CURVE('',#92200,#92220,#92180,.T.);
#92240=ORIENTED_EDGE('',*,*,#92230,.T.);
#92250=CARTESIAN_POINT('',(2.27500003291473,80.765304348288,
46.5000003179459));
#92260=DIRECTION('',(-1.70023940791384E-10,-1.,-3.69808707608518E-9));
#92270=VECTOR('',#92260,1.);
#92280=LINE('',#92250,#92270);
#92290=CARTESIAN_POINT('',(2.27500003008123,64.1000008984107,
46.5000002563162));
#92300=VERTEX_POINT('',#92290);
#92310=EDGE_CURVE('',#92200,#92300,#92280,.T.);
#92320=ORIENTED_EDGE('',*,*,#92310,.F.);
#92330=CARTESIAN_POINT('',(2.27500003013058,64.1000009974822,
19.6999990621941));
#92340=DIRECTION('',(-1.84151584476491E-12,-3.69669695195762E-9,1.));
#92350=VECTOR('',#92340,1.);
#92360=LINE('',#92330,#92350);
#92370=CARTESIAN_POINT('',(2.2750000300711,64.1000008780789,
52.0000002593628));
#92380=VERTEX_POINT('',#92370);
#92390=EDGE_CURVE('',#92300,#92380,#92360,.T.);
#92400=ORIENTED_EDGE('',*,*,#92390,.F.);
#92410=CARTESIAN_POINT('',(2.27500003278978,80.0899892436842,
52.0000003147824));
#92420=DIRECTION('',(-1.70023933853676E-10,-1.,-3.46588916241083E-9));
#92430=VECTOR('',#92420,1.);
#92440=LINE('',#92410,#92430);
#92450=EDGE_CURVE('',#92220,#92380,#92440,.T.);
#92460=ORIENTED_EDGE('',*,*,#92450,.T.);
#92470=EDGE_LOOP('',(#92460,#92400,#92320,#92240));
#92480=FACE_OUTER_BOUND('',#92470,.T.);
#92490=ADVANCED_FACE('',(#92480),#92140,.F.);
#92500=COLOUR_RGB('',0.560784339904785,0.588235318660736,
0.600000023841858);
#92510=FILL_AREA_STYLE_COLOUR('',#92500);
#92520=FILL_AREA_STYLE('',(#92510));
#92530=SURFACE_STYLE_FILL_AREA(#92520);
#92540=SURFACE_SIDE_STYLE('',(#92530));
#92550=SURFACE_STYLE_USAGE(.BOTH.,#92540);
#92560=PRESENTATION_STYLE_ASSIGNMENT((#92550));
#92570=CARTESIAN_POINT('',(7.9520577710736,46.6045276826268,
52.0000001987338));
#92580=DIRECTION('',(-1.47327708888536E-12,-3.46588916241022E-9,1.));
#92590=DIRECTION('',(7.16976998806384E-11,1.,3.46588916241033E-9));
#92600=AXIS2_PLACEMENT_3D('',#92570,#92580,#92590);
#92610=PLANE('',#92600);
#92620=ORIENTED_EDGE('',*,*,#91980,.F.);
#92630=CARTESIAN_POINT('',(10.1500000120295,79.2500013873447,
52.0000003118827));
#92640=DIRECTION('',(-1.,5.43850517598815E-11,-1.47327690039279E-12));
#92650=VECTOR('',#92640,1.);
#92660=LINE('',#92630,#92650);
#92670=EDGE_CURVE('',#91380,#92220,#92660,.T.);
#92680=ORIENTED_EDGE('',*,*,#92670,.F.);
#92690=ORIENTED_EDGE('',*,*,#92450,.F.);
#92700=CARTESIAN_POINT('',(9.52394252351496E-9,64.1000008782515,
52.0000002593595));
#92710=DIRECTION('',(1.,-7.58896151710732E-11,1.47327682586036E-12));
#92720=VECTOR('',#92710,1.);
#92730=LINE('',#92700,#92720);
#92740=EDGE_CURVE('',#92380,#91820,#92730,.T.);
#92750=ORIENTED_EDGE('',*,*,#92740,.F.);
#92760=EDGE_LOOP('',(#92750,#92690,#92680,#92620));
#92770=FACE_OUTER_BOUND('',#92760,.T.);
#92780=ADVANCED_FACE('',(#92770),#92610,.F.);
#92790=COLOUR_RGB('',0.823529481887817,0.823529481887817,
0.784313797950745);
#92800=FILL_AREA_STYLE_COLOUR('',#92790);
#92810=FILL_AREA_STYLE('',(#92800));
#92820=SURFACE_STYLE_FILL_AREA(#92810);
#92830=SURFACE_SIDE_STYLE('',(#92820));
#92840=SURFACE_STYLE_USAGE(.BOTH.,#92830);
#92850=PRESENTATION_STYLE_ASSIGNMENT((#92840));
#92860=CARTESIAN_POINT('',(2.27500003257207,78.750001462146,
46.5000003104932));
#92870=DIRECTION('',(-1.84151584500126E-12,-3.69808707608486E-9,1.));
#92880=DIRECTION('',(1.70023941000575E-10,1.,3.69808707608518E-9));
#92890=AXIS2_PLACEMENT_3D('',#92860,#92870,#92880);
#92900=PLANE('',#92890);
#92910=ORIENTED_EDGE('',*,*,#91530,.T.);
#92920=ORIENTED_EDGE('',*,*,#91910,.T.);
#92930=CARTESIAN_POINT('',(9.55427559290456E-9,64.1000008985834,
46.500000256312));
#92940=DIRECTION('',(1.,-7.58896151724345E-11,1.84151556435485E-12));
#92950=VECTOR('',#92940,1.);
#92960=LINE('',#92930,#92950);
#92970=EDGE_CURVE('',#92300,#91840,#92960,.T.);
#92980=ORIENTED_EDGE('',*,*,#92970,.T.);
#92990=ORIENTED_EDGE('',*,*,#92310,.T.);
#93000=CARTESIAN_POINT('',(10.1500000046568,71.3750014349741,
46.5000002832343));
#93010=DIRECTION('',(0.707106781138488,-0.707106781234607,
-2.61364034686274E-9));
#93020=VECTOR('',#93010,1.);
#93030=LINE('',#93000,#93020);
#93040=EDGE_CURVE('',#29820,#92200,#93030,.T.);
#93050=ORIENTED_EDGE('',*,*,#93040,.T.);
#93060=ORIENTED_EDGE('',*,*,#29830,.T.);
#93070=EDGE_LOOP('',(#93060,#93050,#92990,#92980,#92920,#92910));
#93080=FACE_OUTER_BOUND('',#93070,.T.);
#93090=ADVANCED_FACE('',(#93080),#92900,.T.);
#93100=COLOUR_RGB('',0.560784339904785,0.588235318660736,
0.600000023841858);
#93110=FILL_AREA_STYLE_COLOUR('',#93100);
#93120=FILL_AREA_STYLE('',(#93110));
#93130=SURFACE_STYLE_FILL_AREA(#93120);
#93140=SURFACE_SIDE_STYLE('',(#93130));
#93150=SURFACE_STYLE_USAGE(.BOTH.,#93140);
#93160=PRESENTATION_STYLE_ASSIGNMENT((#93150));
#93170=CARTESIAN_POINT('',(0.900000275697469,80.6250011651907,
46.5000003174013));
#93180=DIRECTION('',(0.707106781234607,0.707106781138488,
2.60747265733732E-9));
#93190=DIRECTION('',(0.707106781138488,-0.707106781234607,
-2.6048683359673E-9));
#93200=AXIS2_PLACEMENT_3D('',#93170,#93180,#93190);
#93210=PLANE('',#93200);
#93220=CARTESIAN_POINT('',(0.90000027493509,80.6250012368579,
27.271718651037));
#93230=DIRECTION('',(-1.84163938326618E-12,-3.68568156890747E-9,1.));
#93240=VECTOR('',#93230,1.);
#93250=LINE('',#93220,#93240);
#93260=CARTESIAN_POINT('',(0.900000274888335,80.6250011432857,
52.6597338301256));
#93270=VERTEX_POINT('',#93260);
#93280=EDGE_CURVE('',#29900,#93270,#93250,.T.);
#93290=ORIENTED_EDGE('',*,*,#93280,.T.);
#93300=ORIENTED_EDGE('',*,*,#29910,.F.);
#93310=ORIENTED_EDGE('',*,*,#93040,.F.);
#93320=ORIENTED_EDGE('',*,*,#92230,.F.);
#93330=CARTESIAN_POINT('',(10.1500000046287,71.3750014147208,
52.0000002845888));
#93340=DIRECTION('',(-0.707106781138488,0.707106781234607,
2.44971192047395E-9));
#93350=VECTOR('',#93340,1.);
#93360=LINE('',#93330,#93350);
#93370=CARTESIAN_POINT('',(1.68624005953717,79.8387613609628,
52.0000003139108));
#93380=VERTEX_POINT('',#93370);
#93390=EDGE_CURVE('',#92220,#93380,#93360,.T.);
#93400=ORIENTED_EDGE('',*,*,#93390,.F.);
#93410=CARTESIAN_POINT('',(1.45847814098932,80.0665232788369,
52.1911152566003));
#93420=DIRECTION('',(-0.60812040238081,0.608120400581829,
0.510273607591455));
#93430=VECTOR('',#93420,1.);
#93440=LINE('',#93410,#93430);
#93450=EDGE_CURVE('',#93380,#93270,#93440,.T.);
#93460=ORIENTED_EDGE('',*,*,#93450,.F.);
#93470=EDGE_LOOP('',(#93460,#93400,#93320,#93310,#93300,#93290));
#93480=FACE_OUTER_BOUND('',#93470,.T.);
#93490=ADVANCED_FACE('',(#93480),#93210,.T.);
#93500=COLOUR_RGB('',0.560784339904785,0.588235318660736,
0.600000023841858);
#93510=FILL_AREA_STYLE_COLOUR('',#93500);
#93520=FILL_AREA_STYLE('',(#93510));
#93530=SURFACE_STYLE_FILL_AREA(#93520);
#93540=SURFACE_SIDE_STYLE('',(#93530));
#93550=SURFACE_STYLE_USAGE(.BOTH.,#93540);
#93560=PRESENTATION_STYLE_ASSIGNMENT((#93550));
#93570=ORIENTED_EDGE('',*,*,#92670,.T.);
#93580=ORIENTED_EDGE('',*,*,#91390,.T.);
#93590=CARTESIAN_POINT('',(10.1500000052723,79.8387613595225,
52.0000003139232));
#93600=DIRECTION('',(1.,-1.70170276736182E-10,1.47327649909404E-12));
#93610=VECTOR('',#93600,1.);
#93620=LINE('',#93590,#93610);
#93630=EDGE_CURVE('',#93380,#91300,#93620,.T.);
#93640=ORIENTED_EDGE('',*,*,#93630,.T.);
#93650=ORIENTED_EDGE('',*,*,#93390,.T.);
#93660=EDGE_LOOP('',(#93650,#93640,#93580,#93570));
#93670=FACE_OUTER_BOUND('',#93660,.T.);
#93680=ADVANCED_FACE('',(#93670),#92610,.F.);
#93690=COLOUR_RGB('',0.560784339904785,0.588235318660736,
0.600000023841858);
#93700=FILL_AREA_STYLE_COLOUR('',#93690);
#93710=FILL_AREA_STYLE('',(#93700));
#93720=SURFACE_STYLE_FILL_AREA(#93710);
#93730=SURFACE_SIDE_STYLE('',(#93720));
#93740=SURFACE_STYLE_USAGE(.BOTH.,#93730);
#93750=PRESENTATION_STYLE_ASSIGNMENT((#93740));
#93760=CARTESIAN_POINT('',(5.07500001269331,83.336389794779,
54.9348590652936));
#93770=DIRECTION('',(-1.10511941177741E-10,-0.642787612524833,
0.766044440737366));
#93780=DIRECTION('',(1.23974400542909E-10,0.766044440737367,
0.642787612524834));
#93790=AXIS2_PLACEMENT_3D('',#93760,#93770,#93780);
#93800=PLANE('',#93790);
#93810=ORIENTED_EDGE('',*,*,#93450,.T.);
#93820=ORIENTED_EDGE('',*,*,#93630,.F.);
#93830=ORIENTED_EDGE('',*,*,#91310,.T.);
#93840=CARTESIAN_POINT('',(9.24999973981482,80.066523278179,
52.1911152571724));
#93850=DIRECTION('',(-1.29062104859863E-10,-0.766044440737367,
-0.642787612524834));
#93860=VECTOR('',#93850,1.);
#93870=LINE('',#93840,#93860);
#93880=CARTESIAN_POINT('',(9.24999974005464,81.4900166147997,
53.3855679999018));
#93890=VERTEX_POINT('',#93880);
#93900=EDGE_CURVE('',#93890,#91280,#93870,.T.);
#93910=ORIENTED_EDGE('',*,*,#93900,.T.);
#93920=CARTESIAN_POINT('',(5.07500000657041,75.7091668261509,
48.5348590372536));
#93930=DIRECTION('',(-1.10511941177741E-10,-0.642787612524834,
0.766044440737367));
#93940=DIRECTION('',(1.29219962860214E-10,0.766044440737367,
0.642787612524834));
#93950=AXIS2_PLACEMENT_3D('',#93920,#93930,#93940);
#93960=ELLIPSE('',#93950,9.95663249167587,6.4);
#93970=CARTESIAN_POINT('',(0.900000275034069,81.4900166162169,
53.3855679998864));
#93980=VERTEX_POINT('',#93970);
#93990=EDGE_CURVE('',#93890,#93980,#93960,.T.);
#94000=ORIENTED_EDGE('',*,*,#93990,.F.);
#94010=CARTESIAN_POINT('',(0.900000274794245,80.066523278884,
52.1911152565594));
#94020=DIRECTION('',(-1.29062104859863E-10,-0.766044440737367,
-0.642787612524834));
#94030=VECTOR('',#94020,1.);
#94040=LINE('',#94010,#94030);
#94050=EDGE_CURVE('',#93980,#93270,#94040,.T.);
#94060=ORIENTED_EDGE('',*,*,#94050,.F.);
#94070=EDGE_LOOP('',(#94060,#94000,#93910,#93830,#93820,#93810));
#94080=FACE_OUTER_BOUND('',#94070,.T.);
#94090=ADVANCED_FACE('',(#94080),#93800,.F.);
#94100=COLOUR_RGB('',0.560784339904785,0.588235318660736,
0.600000023841858);
#94110=FILL_AREA_STYLE_COLOUR('',#94100);
#94120=FILL_AREA_STYLE('',(#94110));
#94130=SURFACE_STYLE_FILL_AREA(#94120);
#94140=SURFACE_SIDE_STYLE('',(#94130));
#94150=SURFACE_STYLE_USAGE(.BOTH.,#94140);
#94160=PRESENTATION_STYLE_ASSIGNMENT((#94150));
#94170=CARTESIAN_POINT('',(5.07500000884717,89.1000011088943,
48.534859086608));
#94180=DIRECTION('',(1.70023941000598E-10,1.,3.68568167993041E-9));
#94190=DIRECTION('',(1.,-1.70023941007386E-10,1.84163837220872E-12));
#94200=AXIS2_PLACEMENT_3D('',#94170,#94180,#94190);
#94210=CYLINDRICAL_SURFACE('',#94200,6.4);
#94220=CARTESIAN_POINT('',(0.900000276327953,89.100001091726,
53.3855680279344));
#94230=DIRECTION('',(1.70023941000598E-10,1.,3.68568167993041E-9));
#94240=VECTOR('',#94230,1.);
#94250=LINE('',#94220,#94240);
#94260=EDGE_CURVE('',#93980,#23850,#94250,.T.);
#94270=ORIENTED_EDGE('',*,*,#94260,.T.);
#94280=ORIENTED_EDGE('',*,*,#93990,.T.);
#94290=CARTESIAN_POINT('',(9.24999974134852,89.1000010903063,
53.3855680279498));
#94300=DIRECTION('',(1.70023941000598E-10,1.,3.68568167993041E-9));
#94310=VECTOR('',#94300,1.);
#94320=LINE('',#94290,#94310);
#94330=EDGE_CURVE('',#93890,#23940,#94320,.T.);
#94340=ORIENTED_EDGE('',*,*,#94330,.F.);
#94350=ORIENTED_EDGE('',*,*,#23950,.F.);
#94360=EDGE_LOOP('',(#94350,#94340,#94280,#94270));
#94370=FACE_OUTER_BOUND('',#94360,.T.);
#94380=ADVANCED_FACE('',(#94370),#94210,.F.);
#94390=COLOUR_RGB('',0.560784339904785,0.588235318660736,
0.600000023841858);
#94400=FILL_AREA_STYLE_COLOUR('',#94390);
#94410=FILL_AREA_STYLE('',(#94400));
#94420=SURFACE_STYLE_FILL_AREA(#94410);
#94430=SURFACE_SIDE_STYLE('',(#94420));
#94440=SURFACE_STYLE_USAGE(.BOTH.,#94430);
#94450=PRESENTATION_STYLE_ASSIGNMENT((#94440));
#94460=CARTESIAN_POINT('',(0.900000276345818,89.1000011274823,
43.6841501452661));
#94470=DIRECTION('',(-1.,1.70023941007386E-10,-1.84163803812274E-12));
#94480=DIRECTION('',(1.84163866477687E-12,3.68568167992978E-9,-1.));
#94490=AXIS2_PLACEMENT_3D('',#94460,#94470,#94480);
#94500=PLANE('',#94490);
#94510=CARTESIAN_POINT('',(0.900000276345816,89.1000011274823,
43.6841501452661));
#94520=DIRECTION('',(1.70023941000598E-10,1.,3.68568167993041E-9));
#94530=VECTOR('',#94520,1.);
#94540=LINE('',#94510,#94530);
#94550=EDGE_CURVE('',#29980,#23750,#94540,.T.);
#94560=ORIENTED_EDGE('',*,*,#94550,.T.);
#94570=ORIENTED_EDGE('',*,*,#29990,.T.);
#94580=ORIENTED_EDGE('',*,*,#93280,.F.);
#94590=ORIENTED_EDGE('',*,*,#94050,.T.);
#94600=ORIENTED_EDGE('',*,*,#94260,.F.);
#94610=ORIENTED_EDGE('',*,*,#23860,.F.);
#94620=EDGE_LOOP('',(#94610,#94600,#94590,#94580,#94570,#94560));
#94630=FACE_OUTER_BOUND('',#94620,.T.);
#94640=ADVANCED_FACE('',(#94630),#94500,.F.);
#94650=COLOUR_RGB('',0.560784339904785,0.588235318660736,
0.600000023841858);
#94660=FILL_AREA_STYLE_COLOUR('',#94650);
#94670=FILL_AREA_STYLE('',(#94660));
#94680=SURFACE_STYLE_FILL_AREA(#94670);
#94690=SURFACE_SIDE_STYLE('',(#94680));
#94700=SURFACE_STYLE_USAGE(.BOTH.,#94690);
#94710=PRESENTATION_STYLE_ASSIGNMENT((#94700));
#94720=CARTESIAN_POINT('',(5.07500000884717,89.1000011088943,
48.534859086608));
#94730=DIRECTION('',(1.70023941000598E-10,1.,3.68568167993041E-9));
#94740=DIRECTION('',(1.,-1.70023941007386E-10,1.84163837220872E-12));
#94750=AXIS2_PLACEMENT_3D('',#94720,#94730,#94740);
#94760=CYLINDRICAL_SURFACE('',#94750,6.4);
#94770=CARTESIAN_POINT('',(9.24999974136639,89.1000011260626,
43.6841501452815));
#94780=DIRECTION('',(1.70023941000598E-10,1.,3.68568167993041E-9));
#94790=VECTOR('',#94780,1.);
#94800=LINE('',#94770,#94790);
#94810=EDGE_CURVE('',#30070,#23770,#94800,.T.);
#94820=ORIENTED_EDGE('',*,*,#94810,.T.);
#94830=ORIENTED_EDGE('',*,*,#30080,.T.);
#94840=ORIENTED_EDGE('',*,*,#94550,.F.);
#94850=ORIENTED_EDGE('',*,*,#23780,.F.);
#94860=EDGE_LOOP('',(#94850,#94840,#94830,#94820));
#94870=FACE_OUTER_BOUND('',#94860,.T.);
#94880=ADVANCED_FACE('',(#94870),#94760,.F.);
#94890=COLOUR_RGB('',0.560784339904785,0.588235318660736,
0.600000023841858);
#94900=FILL_AREA_STYLE_COLOUR('',#94890);
#94910=FILL_AREA_STYLE('',(#94900));
#94920=SURFACE_STYLE_FILL_AREA(#94910);
#94930=SURFACE_SIDE_STYLE('',(#94920));
#94940=SURFACE_STYLE_USAGE(.BOTH.,#94930);
#94950=PRESENTATION_STYLE_ASSIGNMENT((#94940));
#94960=CARTESIAN_POINT('',(9.24999974134852,89.1000010903063,
53.3855680279498));
#94970=DIRECTION('',(1.,-1.70023941007386E-10,1.84163803812274E-12));
#94980=DIRECTION('',(-1.84163866477687E-12,-3.68568167992978E-9,1.));
#94990=AXIS2_PLACEMENT_3D('',#94960,#94970,#94980);
#95000=PLANE('',#94990);
#95010=ORIENTED_EDGE('',*,*,#91600,.T.);
#95020=ORIENTED_EDGE('',*,*,#30160,.T.);
#95030=ORIENTED_EDGE('',*,*,#94810,.F.);
#95040=ORIENTED_EDGE('',*,*,#24010,.F.);
#95050=ORIENTED_EDGE('',*,*,#94330,.T.);
#95060=ORIENTED_EDGE('',*,*,#93900,.F.);
#95070=EDGE_LOOP('',(#95060,#95050,#95040,#95030,#95020,#95010));
#95080=FACE_OUTER_BOUND('',#95070,.T.);
#95090=ADVANCED_FACE('',(#95080),#95000,.F.);
#95100=COLOUR_RGB('',0.560784339904785,0.588235318660736,
0.600000023841858);
#95110=FILL_AREA_STYLE_COLOUR('',#95100);
#95120=FILL_AREA_STYLE('',(#95110));
#95130=SURFACE_STYLE_FILL_AREA(#95120);
#95140=SURFACE_SIDE_STYLE('',(#95130));
#95150=SURFACE_STYLE_USAGE(.BOTH.,#95140);
#95160=PRESENTATION_STYLE_ASSIGNMENT((#95150));
#95170=CARTESIAN_POINT('',(5.07499999715404,64.1000008880323,
49.2500002578442));
#95180=DIRECTION('',(-7.5889615165627E-11,-1.,-3.69669695195776E-9));
#95190=DIRECTION('',(1.,-7.58896151710732E-11,1.4732768253766E-12));
#95200=AXIS2_PLACEMENT_3D('',#95170,#95180,#95190);
#95210=PLANE('',#95200);
#95220=ORIENTED_EDGE('',*,*,#92970,.F.);
#95230=ORIENTED_EDGE('',*,*,#91850,.T.);
#95240=ORIENTED_EDGE('',*,*,#92740,.T.);
#95250=ORIENTED_EDGE('',*,*,#92390,.T.);
#95260=EDGE_LOOP('',(#95250,#95240,#95230,#95220));
#95270=FACE_OUTER_BOUND('',#95260,.T.);
#95280=ADVANCED_FACE('',(#95270),#95210,.F.);
#95290=COLOUR_RGB('',0.823529481887817,0.823529481887817,
0.784313797950745);
#95300=FILL_AREA_STYLE_COLOUR('',#95290);
#95310=FILL_AREA_STYLE('',(#95300));
#95320=SURFACE_STYLE_FILL_AREA(#95310);
#95330=SURFACE_SIDE_STYLE('',(#95320));
#95340=SURFACE_STYLE_USAGE(.BOTH.,#95330);
#95350=PRESENTATION_STYLE_ASSIGNMENT((#95340));
#95360=CARTESIAN_POINT('',(5.07499988601145,44.6500003064509,
36.4999999983879));
#95370=DIRECTION('',(3.67338880798945E-12,-6.85680678931178E-12,1.));
#95380=DIRECTION('',(-8.82918170334118E-11,-1.,-6.85680678898745E-12));
#95390=AXIS2_PLACEMENT_3D('',#95360,#95370,#95380);
#95400=CYLINDRICAL_SURFACE('',#95390,2.2);
#95410=ORIENTED_EDGE('',*,*,#40140,.F.);
#95420=ORIENTED_EDGE('',*,*,#40590,.F.);
#95430=ORIENTED_EDGE('',*,*,#40920,.T.);
#95440=ORIENTED_EDGE('',*,*,#40440,.T.);
#95450=EDGE_LOOP('',(#95440,#95430,#95420,#95410));
#95460=FACE_OUTER_BOUND('',#95450,.T.);
#95470=ADVANCED_FACE('',(#95460),#95400,.F.);
#95480=COLOUR_RGB('',0.560784339904785,0.588235318660736,
0.600000023841858);
#95490=FILL_AREA_STYLE_COLOUR('',#95480);
#95500=FILL_AREA_STYLE('',(#95490));
#95510=SURFACE_STYLE_FILL_AREA(#95500);
#95520=SURFACE_SIDE_STYLE('',(#95510));
#95530=SURFACE_STYLE_USAGE(.BOTH.,#95520);
#95540=PRESENTATION_STYLE_ASSIGNMENT((#95530));
#95550=CARTESIAN_POINT('',(5.07499988600454,44.650000302784,
39.8999999983879));
#95560=DIRECTION('',(3.67338880798945E-12,-6.85680678931178E-12,1.));
#95570=DIRECTION('',(-8.82918170334118E-11,-1.,-6.85680678898745E-12));
#95580=AXIS2_PLACEMENT_3D('',#95550,#95560,#95570);
#95590=CYLINDRICAL_SURFACE('',#95580,2.7);
#95600=ORIENTED_EDGE('',*,*,#27280,.T.);
#95610=ORIENTED_EDGE('',*,*,#41140,.T.);
#95620=ORIENTED_EDGE('',*,*,#40860,.F.);
#95630=ORIENTED_EDGE('',*,*,#41210,.F.);
#95640=EDGE_LOOP('',(#95630,#95620,#95610,#95600));
#95650=FACE_OUTER_BOUND('',#95640,.T.);
#95660=ADVANCED_FACE('',(#95650),#95590,.F.);
#95670=COLOUR_RGB('',0.560784339904785,0.588235318660736,
0.600000023841858);
#95680=FILL_AREA_STYLE_COLOUR('',#95670);
#95690=FILL_AREA_STYLE('',(#95680));
#95700=SURFACE_STYLE_FILL_AREA(#95690);
#95710=SURFACE_SIDE_STYLE('',(#95700));
#95720=SURFACE_STYLE_USAGE(.BOTH.,#95710);
#95730=PRESENTATION_STYLE_ASSIGNMENT((#95720));
#95740=CARTESIAN_POINT('',(5.07499988595348,44.6500003036955,
25.9999999983879));
#95750=DIRECTION('',(3.67338880798945E-12,-6.85680678931178E-12,1.));
#95760=DIRECTION('',(-8.82918170334118E-11,-1.,-6.85680678898745E-12));
#95770=AXIS2_PLACEMENT_3D('',#95740,#95750,#95760);
#95780=CYLINDRICAL_SURFACE('',#95770,1.4);
#95790=ORIENTED_EDGE('',*,*,#40200,.T.);
#95800=ORIENTED_EDGE('',*,*,#39590,.T.);
#95810=ORIENTED_EDGE('',*,*,#39340,.F.);
#95820=ORIENTED_EDGE('',*,*,#39870,.F.);
#95830=ORIENTED_EDGE('',*,*,#24590,.T.);
#95840=ORIENTED_EDGE('',*,*,#31690,.F.);
#95850=ORIENTED_EDGE('',*,*,#58240,.F.);
#95860=ORIENTED_EDGE('',*,*,#39760,.F.);
#95870=EDGE_LOOP('',(#95860,#95850,#95840,#95830,#95820,#95810,#95800,
#95790));
#95880=FACE_OUTER_BOUND('',#95870,.T.);
#95890=ADVANCED_FACE('',(#95880),#95780,.F.);
#95900=COLOUR_RGB('',0.560784339904785,0.588235318660736,
0.600000023841858);
#95910=FILL_AREA_STYLE_COLOUR('',#95900);
#95920=FILL_AREA_STYLE('',(#95910));
#95930=SURFACE_STYLE_FILL_AREA(#95920);
#95940=SURFACE_SIDE_STYLE('',(#95930));
#95950=SURFACE_STYLE_USAGE(.BOTH.,#95940);
#95960=PRESENTATION_STYLE_ASSIGNMENT((#95950));
#95970=CLOSED_SHELL('',(#11900,#12190,#12660,#12900,#13300,#13900,#14210
,#14680,#14990,#15390,#15780,#16020,#16350,#16590,#16880,#17120,#17360,
#17600,#17840,#18080,#18320,#18560,#18800,#19040,#19280,#19520,#19760,
#20000,#20240,#20480,#20720,#20960,#21200,#21440,#21680,#21920,#22160,
#23080,#24050,#24290,#24650,#25100,#25340,#25720,#25960,#26350,#26820,
#27060,#28210,#28760,#29000,#29380,#29620,#30260,#30640,#30880,#31350,
#31890,#32270,#32460,#32650,#33120,#33430,#34760,#35230,#35700,#36240,
#36600,#36840,#37220,#37670,#37980,#38220,#38410,#38600,#38790,#38980,
#39120,#39400,#39920,#40250,#40640,#40970,#41260,#41500,#41700,#44270,
#44650,#44960,#45270,#45730,#45970,#46210,#46450,#46690,#46930,#47170,
#47410,#47890,#48200,#48440,#51010,#51300,#51540,#51780,#52020,#52260,
#52500,#52740,#52980,#53220,#53460,#53700,#53940,#54180,#54370,#54750,
#55130,#55510,#55820,#56200,#56510,#56750,#56990,#57230,#57420,#57610,
#57800,#58110,#58300,#58630,#58820,#59200,#59580,#59960,#60200,#61130,
#61320,#61510,#61700,#61840,#62080,#62370,#62560,#62800,#62990,#63130,
#63510,#63890,#64270,#64510,#65440,#65630,#65820,#66010,#66150,#66390,
#66680,#66870,#67110,#67300,#67440,#67830,#68300,#68930,#69290,#69690,
#69950,#70240,#70430,#70820,#71130,#71320,#71580,#71790,#72050,#72310,
#72500,#72950,#73180,#73510,#74890,#75220,#75460,#75750,#76040,#76330,
#76620,#76910,#77310,#77640,#77830,#78020,#78210,#78400,#78590,#78780,
#79090,#79400,#79640,#79830,#80070,#80260,#80640,#81020,#81490,#81960,
#82340,#82650,#82960,#83270,#83580,#83820,#84060,#84530,#84820,#85200,
#85510,#85820,#86130,#86440,#86680,#87150,#87440,#88340,#88650,#88910,
#89220,#89480,#89790,#90120,#90580,#90770,#90910,#91100,#91640,#92020,
#92490,#92780,#93090,#93490,#93680,#94090,#94380,#94640,#94880,#95090,
#95280,#95470,#95660,#95890,#11610,#5510));
#95980=MANIFOLD_SOLID_BREP('',#95970);
#95990=CARTESIAN_POINT('',(0.,0.,0.));
#96000=DIRECTION('',(0.,0.,1.));
#96010=DIRECTION('',(1.,0.,0.));
#96020=AXIS2_PLACEMENT_3D('',#95990,#96000,#96010);
#96030=APPLICATION_CONTEXT(' ');
#96040=APPLICATION_PROTOCOL_DEFINITION(' ','automotive_design',1998,
#96030);
#96050=PRODUCT_CONTEXT('',#96030,'mechanical');
#96060=PRODUCT_DEFINITION_CONTEXT('part definition',#96030,'design');
#96070=PRODUCT('XTV_10_TWIN-Select','XTV_10_TWIN-Select','',(#96050));
#96080=PRODUCT_RELATED_PRODUCT_CATEGORY('part',' ',(#96070));
#96090=PRODUCT_DEFINITION_FORMATION_WITH_SPECIFIED_SOURCE('','',#96070,
.BOUGHT.);
#96100=PRODUCT_DEFINITION('',' ',#96090,#96060);
#96110=PRODUCT_DEFINITION_SHAPE('','',#96100);
#96120=DIMENSIONAL_EXPONENTS(1.,0.,0.,0.,0.,0.,0.);
#96130=DIMENSIONAL_EXPONENTS(0.,0.,0.,0.,0.,0.,0.);
#96140=DIMENSIONAL_EXPONENTS(0.,0.,0.,0.,0.,0.,0.);
#96150=(LENGTH_UNIT() NAMED_UNIT(*) SI_UNIT(.MILLI.,.METRE.));
#96160=(NAMED_UNIT(*) PLANE_ANGLE_UNIT() SI_UNIT($,.RADIAN.));
#96170=(NAMED_UNIT(*) SI_UNIT($,.STERADIAN.) SOLID_ANGLE_UNIT());
#96180=(GEOMETRIC_REPRESENTATION_CONTEXT(3) 
GLOBAL_UNCERTAINTY_ASSIGNED_CONTEXT((#96190)) 
GLOBAL_UNIT_ASSIGNED_CONTEXT((#96150,#96160,#96170)) 
REPRESENTATION_CONTEXT('',''));
#96190=UNCERTAINTY_MEASURE_WITH_UNIT(LENGTH_MEASURE(1.E-6),#96150,
'distance_accuracy_value','maximum gap value');
#96200=ADVANCED_BREP_SHAPE_REPRESENTATION('',(#96020,#95980),#96180);
#96210=SHAPE_DEFINITION_REPRESENTATION(#96110,#96200);
#96220=COLOUR_RGB('',0.560784339904785,0.588235318660736,
0.600000023841858);
#96230=FILL_AREA_STYLE_COLOUR('',#96220);
#96240=FILL_AREA_STYLE('',(#96230));
#96250=SURFACE_STYLE_FILL_AREA(#96240);
#96260=SURFACE_SIDE_STYLE('',(#96250));
#96270=SURFACE_STYLE_USAGE(.BOTH.,#96260);
#96280=PRESENTATION_STYLE_ASSIGNMENT((#96270));
#96290=STYLED_ITEM('',(#96280),#95980);
#96300=OVER_RIDING_STYLED_ITEM('',(#5580),#5510,#96290);
#96310=OVER_RIDING_STYLED_ITEM('',(#11680),#11610,#96290);
#96320=OVER_RIDING_STYLED_ITEM('',(#11970),#11900,#96290);
#96330=OVER_RIDING_STYLED_ITEM('',(#12260),#12190,#96290);
#96340=OVER_RIDING_STYLED_ITEM('',(#12730),#12660,#96290);
#96350=OVER_RIDING_STYLED_ITEM('',(#12970),#12900,#96290);
#96360=OVER_RIDING_STYLED_ITEM('',(#13370),#13300,#96290);
#96370=OVER_RIDING_STYLED_ITEM('',(#13970),#13900,#96290);
#96380=OVER_RIDING_STYLED_ITEM('',(#14280),#14210,#96290);
#96390=OVER_RIDING_STYLED_ITEM('',(#14750),#14680,#96290);
#96400=OVER_RIDING_STYLED_ITEM('',(#15060),#14990,#96290);
#96410=OVER_RIDING_STYLED_ITEM('',(#15460),#15390,#96290);
#96420=OVER_RIDING_STYLED_ITEM('',(#15850),#15780,#96290);
#96430=OVER_RIDING_STYLED_ITEM('',(#16090),#16020,#96290);
#96440=OVER_RIDING_STYLED_ITEM('',(#16420),#16350,#96290);
#96450=OVER_RIDING_STYLED_ITEM('',(#16660),#16590,#96290);
#96460=OVER_RIDING_STYLED_ITEM('',(#16950),#16880,#96290);
#96470=OVER_RIDING_STYLED_ITEM('',(#17190),#17120,#96290);
#96480=OVER_RIDING_STYLED_ITEM('',(#17430),#17360,#96290);
#96490=OVER_RIDING_STYLED_ITEM('',(#17670),#17600,#96290);
#96500=OVER_RIDING_STYLED_ITEM('',(#17910),#17840,#96290);
#96510=OVER_RIDING_STYLED_ITEM('',(#18150),#18080,#96290);
#96520=OVER_RIDING_STYLED_ITEM('',(#18390),#18320,#96290);
#96530=OVER_RIDING_STYLED_ITEM('',(#18630),#18560,#96290);
#96540=OVER_RIDING_STYLED_ITEM('',(#18870),#18800,#96290);
#96550=OVER_RIDING_STYLED_ITEM('',(#19110),#19040,#96290);
#96560=OVER_RIDING_STYLED_ITEM('',(#19350),#19280,#96290);
#96570=OVER_RIDING_STYLED_ITEM('',(#19590),#19520,#96290);
#96580=OVER_RIDING_STYLED_ITEM('',(#19830),#19760,#96290);
#96590=OVER_RIDING_STYLED_ITEM('',(#20070),#20000,#96290);
#96600=OVER_RIDING_STYLED_ITEM('',(#20310),#20240,#96290);
#96610=OVER_RIDING_STYLED_ITEM('',(#20550),#20480,#96290);
#96620=OVER_RIDING_STYLED_ITEM('',(#20790),#20720,#96290);
#96630=OVER_RIDING_STYLED_ITEM('',(#21030),#20960,#96290);
#96640=OVER_RIDING_STYLED_ITEM('',(#21270),#21200,#96290);
#96650=OVER_RIDING_STYLED_ITEM('',(#21510),#21440,#96290);
#96660=OVER_RIDING_STYLED_ITEM('',(#21750),#21680,#96290);
#96670=OVER_RIDING_STYLED_ITEM('',(#21990),#21920,#96290);
#96680=OVER_RIDING_STYLED_ITEM('',(#22230),#22160,#96290);
#96690=OVER_RIDING_STYLED_ITEM('',(#23150),#23080,#96290);
#96700=OVER_RIDING_STYLED_ITEM('',(#24120),#24050,#96290);
#96710=OVER_RIDING_STYLED_ITEM('',(#24360),#24290,#96290);
#96720=OVER_RIDING_STYLED_ITEM('',(#24720),#24650,#96290);
#96730=OVER_RIDING_STYLED_ITEM('',(#25170),#25100,#96290);
#96740=OVER_RIDING_STYLED_ITEM('',(#25410),#25340,#96290);
#96750=OVER_RIDING_STYLED_ITEM('',(#25790),#25720,#96290);
#96760=OVER_RIDING_STYLED_ITEM('',(#26030),#25960,#96290);
#96770=OVER_RIDING_STYLED_ITEM('',(#26420),#26350,#96290);
#96780=OVER_RIDING_STYLED_ITEM('',(#26890),#26820,#96290);
#96790=OVER_RIDING_STYLED_ITEM('',(#27130),#27060,#96290);
#96800=OVER_RIDING_STYLED_ITEM('',(#28280),#28210,#96290);
#96810=OVER_RIDING_STYLED_ITEM('',(#28830),#28760,#96290);
#96820=OVER_RIDING_STYLED_ITEM('',(#29070),#29000,#96290);
#96830=OVER_RIDING_STYLED_ITEM('',(#29450),#29380,#96290);
#96840=OVER_RIDING_STYLED_ITEM('',(#29690),#29620,#96290);
#96850=OVER_RIDING_STYLED_ITEM('',(#30330),#30260,#96290);
#96860=OVER_RIDING_STYLED_ITEM('',(#30710),#30640,#96290);
#96870=OVER_RIDING_STYLED_ITEM('',(#30950),#30880,#96290);
#96880=OVER_RIDING_STYLED_ITEM('',(#31420),#31350,#96290);
#96890=OVER_RIDING_STYLED_ITEM('',(#31960),#31890,#96290);
#96900=OVER_RIDING_STYLED_ITEM('',(#32340),#32270,#96290);
#96910=OVER_RIDING_STYLED_ITEM('',(#32530),#32460,#96290);
#96920=OVER_RIDING_STYLED_ITEM('',(#32720),#32650,#96290);
#96930=OVER_RIDING_STYLED_ITEM('',(#33190),#33120,#96290);
#96940=OVER_RIDING_STYLED_ITEM('',(#33500),#33430,#96290);
#96950=OVER_RIDING_STYLED_ITEM('',(#34830),#34760,#96290);
#96960=OVER_RIDING_STYLED_ITEM('',(#35300),#35230,#96290);
#96970=OVER_RIDING_STYLED_ITEM('',(#35770),#35700,#96290);
#96980=OVER_RIDING_STYLED_ITEM('',(#36310),#36240,#96290);
#96990=OVER_RIDING_STYLED_ITEM('',(#36670),#36600,#96290);
#97000=OVER_RIDING_STYLED_ITEM('',(#36910),#36840,#96290);
#97010=OVER_RIDING_STYLED_ITEM('',(#37290),#37220,#96290);
#97020=OVER_RIDING_STYLED_ITEM('',(#37740),#37670,#96290);
#97030=OVER_RIDING_STYLED_ITEM('',(#38050),#37980,#96290);
#97040=OVER_RIDING_STYLED_ITEM('',(#38290),#38220,#96290);
#97050=OVER_RIDING_STYLED_ITEM('',(#38480),#38410,#96290);
#97060=OVER_RIDING_STYLED_ITEM('',(#38670),#38600,#96290);
#97070=OVER_RIDING_STYLED_ITEM('',(#38860),#38790,#96290);
#97080=OVER_RIDING_STYLED_ITEM('',(#39050),#38980,#96290);
#97090=OVER_RIDING_STYLED_ITEM('',(#39190),#39120,#96290);
#97100=OVER_RIDING_STYLED_ITEM('',(#39470),#39400,#96290);
#97110=OVER_RIDING_STYLED_ITEM('',(#39990),#39920,#96290);
#97120=OVER_RIDING_STYLED_ITEM('',(#40320),#40250,#96290);
#97130=OVER_RIDING_STYLED_ITEM('',(#40710),#40640,#96290);
#97140=OVER_RIDING_STYLED_ITEM('',(#41040),#40970,#96290);
#97150=OVER_RIDING_STYLED_ITEM('',(#41330),#41260,#96290);
#97160=OVER_RIDING_STYLED_ITEM('',(#41570),#41500,#96290);
#97170=OVER_RIDING_STYLED_ITEM('',(#41770),#41700,#96290);
#97180=OVER_RIDING_STYLED_ITEM('',(#44340),#44270,#96290);
#97190=OVER_RIDING_STYLED_ITEM('',(#44720),#44650,#96290);
#97200=OVER_RIDING_STYLED_ITEM('',(#45030),#44960,#96290);
#97210=OVER_RIDING_STYLED_ITEM('',(#45340),#45270,#96290);
#97220=OVER_RIDING_STYLED_ITEM('',(#45800),#45730,#96290);
#97230=OVER_RIDING_STYLED_ITEM('',(#46040),#45970,#96290);
#97240=OVER_RIDING_STYLED_ITEM('',(#46280),#46210,#96290);
#97250=OVER_RIDING_STYLED_ITEM('',(#46520),#46450,#96290);
#97260=OVER_RIDING_STYLED_ITEM('',(#46760),#46690,#96290);
#97270=OVER_RIDING_STYLED_ITEM('',(#47000),#46930,#96290);
#97280=OVER_RIDING_STYLED_ITEM('',(#47240),#47170,#96290);
#97290=OVER_RIDING_STYLED_ITEM('',(#47480),#47410,#96290);
#97300=OVER_RIDING_STYLED_ITEM('',(#47960),#47890,#96290);
#97310=OVER_RIDING_STYLED_ITEM('',(#48270),#48200,#96290);
#97320=OVER_RIDING_STYLED_ITEM('',(#48510),#48440,#96290);
#97330=OVER_RIDING_STYLED_ITEM('',(#51080),#51010,#96290);
#97340=OVER_RIDING_STYLED_ITEM('',(#51370),#51300,#96290);
#97350=OVER_RIDING_STYLED_ITEM('',(#51610),#51540,#96290);
#97360=OVER_RIDING_STYLED_ITEM('',(#51850),#51780,#96290);
#97370=OVER_RIDING_STYLED_ITEM('',(#52090),#52020,#96290);
#97380=OVER_RIDING_STYLED_ITEM('',(#52330),#52260,#96290);
#97390=OVER_RIDING_STYLED_ITEM('',(#52570),#52500,#96290);
#97400=OVER_RIDING_STYLED_ITEM('',(#52810),#52740,#96290);
#97410=OVER_RIDING_STYLED_ITEM('',(#53050),#52980,#96290);
#97420=OVER_RIDING_STYLED_ITEM('',(#53290),#53220,#96290);
#97430=OVER_RIDING_STYLED_ITEM('',(#53530),#53460,#96290);
#97440=OVER_RIDING_STYLED_ITEM('',(#53770),#53700,#96290);
#97450=OVER_RIDING_STYLED_ITEM('',(#54010),#53940,#96290);
#97460=OVER_RIDING_STYLED_ITEM('',(#54250),#54180,#96290);
#97470=OVER_RIDING_STYLED_ITEM('',(#54440),#54370,#96290);
#97480=OVER_RIDING_STYLED_ITEM('',(#54820),#54750,#96290);
#97490=OVER_RIDING_STYLED_ITEM('',(#55200),#55130,#96290);
#97500=OVER_RIDING_STYLED_ITEM('',(#55580),#55510,#96290);
#97510=OVER_RIDING_STYLED_ITEM('',(#55890),#55820,#96290);
#97520=OVER_RIDING_STYLED_ITEM('',(#56270),#56200,#96290);
#97530=OVER_RIDING_STYLED_ITEM('',(#56580),#56510,#96290);
#97540=OVER_RIDING_STYLED_ITEM('',(#56820),#56750,#96290);
#97550=OVER_RIDING_STYLED_ITEM('',(#57060),#56990,#96290);
#97560=OVER_RIDING_STYLED_ITEM('',(#57300),#57230,#96290);
#97570=OVER_RIDING_STYLED_ITEM('',(#57490),#57420,#96290);
#97580=OVER_RIDING_STYLED_ITEM('',(#57680),#57610,#96290);
#97590=OVER_RIDING_STYLED_ITEM('',(#57870),#57800,#96290);
#97600=OVER_RIDING_STYLED_ITEM('',(#58180),#58110,#96290);
#97610=OVER_RIDING_STYLED_ITEM('',(#58370),#58300,#96290);
#97620=OVER_RIDING_STYLED_ITEM('',(#58700),#58630,#96290);
#97630=OVER_RIDING_STYLED_ITEM('',(#58890),#58820,#96290);
#97640=OVER_RIDING_STYLED_ITEM('',(#59270),#59200,#96290);
#97650=OVER_RIDING_STYLED_ITEM('',(#59650),#59580,#96290);
#97660=OVER_RIDING_STYLED_ITEM('',(#60030),#59960,#96290);
#97670=OVER_RIDING_STYLED_ITEM('',(#60270),#60200,#96290);
#97680=OVER_RIDING_STYLED_ITEM('',(#61200),#61130,#96290);
#97690=OVER_RIDING_STYLED_ITEM('',(#61390),#61320,#96290);
#97700=OVER_RIDING_STYLED_ITEM('',(#61580),#61510,#96290);
#97710=OVER_RIDING_STYLED_ITEM('',(#61770),#61700,#96290);
#97720=OVER_RIDING_STYLED_ITEM('',(#61910),#61840,#96290);
#97730=OVER_RIDING_STYLED_ITEM('',(#62150),#62080,#96290);
#97740=OVER_RIDING_STYLED_ITEM('',(#62440),#62370,#96290);
#97750=OVER_RIDING_STYLED_ITEM('',(#62630),#62560,#96290);
#97760=OVER_RIDING_STYLED_ITEM('',(#62870),#62800,#96290);
#97770=OVER_RIDING_STYLED_ITEM('',(#63060),#62990,#96290);
#97780=OVER_RIDING_STYLED_ITEM('',(#63200),#63130,#96290);
#97790=OVER_RIDING_STYLED_ITEM('',(#63580),#63510,#96290);
#97800=OVER_RIDING_STYLED_ITEM('',(#63960),#63890,#96290);
#97810=OVER_RIDING_STYLED_ITEM('',(#64340),#64270,#96290);
#97820=OVER_RIDING_STYLED_ITEM('',(#64580),#64510,#96290);
#97830=OVER_RIDING_STYLED_ITEM('',(#65510),#65440,#96290);
#97840=OVER_RIDING_STYLED_ITEM('',(#65700),#65630,#96290);
#97850=OVER_RIDING_STYLED_ITEM('',(#65890),#65820,#96290);
#97860=OVER_RIDING_STYLED_ITEM('',(#66080),#66010,#96290);
#97870=OVER_RIDING_STYLED_ITEM('',(#66220),#66150,#96290);
#97880=OVER_RIDING_STYLED_ITEM('',(#66460),#66390,#96290);
#97890=OVER_RIDING_STYLED_ITEM('',(#66750),#66680,#96290);
#97900=OVER_RIDING_STYLED_ITEM('',(#66940),#66870,#96290);
#97910=OVER_RIDING_STYLED_ITEM('',(#67180),#67110,#96290);
#97920=OVER_RIDING_STYLED_ITEM('',(#67370),#67300,#96290);
#97930=OVER_RIDING_STYLED_ITEM('',(#67510),#67440,#96290);
#97940=OVER_RIDING_STYLED_ITEM('',(#67900),#67830,#96290);
#97950=OVER_RIDING_STYLED_ITEM('',(#68370),#68300,#96290);
#97960=OVER_RIDING_STYLED_ITEM('',(#69000),#68930,#96290);
#97970=OVER_RIDING_STYLED_ITEM('',(#69360),#69290,#96290);
#97980=OVER_RIDING_STYLED_ITEM('',(#69760),#69690,#96290);
#97990=OVER_RIDING_STYLED_ITEM('',(#70020),#69950,#96290);
#98000=OVER_RIDING_STYLED_ITEM('',(#70310),#70240,#96290);
#98010=OVER_RIDING_STYLED_ITEM('',(#70500),#70430,#96290);
#98020=OVER_RIDING_STYLED_ITEM('',(#70890),#70820,#96290);
#98030=OVER_RIDING_STYLED_ITEM('',(#71200),#71130,#96290);
#98040=OVER_RIDING_STYLED_ITEM('',(#71390),#71320,#96290);
#98050=OVER_RIDING_STYLED_ITEM('',(#71650),#71580,#96290);
#98060=OVER_RIDING_STYLED_ITEM('',(#71860),#71790,#96290);
#98070=OVER_RIDING_STYLED_ITEM('',(#72120),#72050,#96290);
#98080=OVER_RIDING_STYLED_ITEM('',(#72380),#72310,#96290);
#98090=OVER_RIDING_STYLED_ITEM('',(#72570),#72500,#96290);
#98100=OVER_RIDING_STYLED_ITEM('',(#73020),#72950,#96290);
#98110=OVER_RIDING_STYLED_ITEM('',(#73250),#73180,#96290);
#98120=OVER_RIDING_STYLED_ITEM('',(#73580),#73510,#96290);
#98130=OVER_RIDING_STYLED_ITEM('',(#74960),#74890,#96290);
#98140=OVER_RIDING_STYLED_ITEM('',(#75290),#75220,#96290);
#98150=OVER_RIDING_STYLED_ITEM('',(#75530),#75460,#96290);
#98160=OVER_RIDING_STYLED_ITEM('',(#75820),#75750,#96290);
#98170=OVER_RIDING_STYLED_ITEM('',(#76110),#76040,#96290);
#98180=OVER_RIDING_STYLED_ITEM('',(#76400),#76330,#96290);
#98190=OVER_RIDING_STYLED_ITEM('',(#76690),#76620,#96290);
#98200=OVER_RIDING_STYLED_ITEM('',(#76980),#76910,#96290);
#98210=OVER_RIDING_STYLED_ITEM('',(#77380),#77310,#96290);
#98220=OVER_RIDING_STYLED_ITEM('',(#77710),#77640,#96290);
#98230=OVER_RIDING_STYLED_ITEM('',(#77900),#77830,#96290);
#98240=OVER_RIDING_STYLED_ITEM('',(#78090),#78020,#96290);
#98250=OVER_RIDING_STYLED_ITEM('',(#78280),#78210,#96290);
#98260=OVER_RIDING_STYLED_ITEM('',(#78470),#78400,#96290);
#98270=OVER_RIDING_STYLED_ITEM('',(#78660),#78590,#96290);
#98280=OVER_RIDING_STYLED_ITEM('',(#78850),#78780,#96290);
#98290=OVER_RIDING_STYLED_ITEM('',(#79160),#79090,#96290);
#98300=OVER_RIDING_STYLED_ITEM('',(#79470),#79400,#96290);
#98310=OVER_RIDING_STYLED_ITEM('',(#79710),#79640,#96290);
#98320=OVER_RIDING_STYLED_ITEM('',(#79900),#79830,#96290);
#98330=OVER_RIDING_STYLED_ITEM('',(#80140),#80070,#96290);
#98340=OVER_RIDING_STYLED_ITEM('',(#80330),#80260,#96290);
#98350=OVER_RIDING_STYLED_ITEM('',(#80710),#80640,#96290);
#98360=OVER_RIDING_STYLED_ITEM('',(#81090),#81020,#96290);
#98370=OVER_RIDING_STYLED_ITEM('',(#81560),#81490,#96290);
#98380=OVER_RIDING_STYLED_ITEM('',(#82030),#81960,#96290);
#98390=OVER_RIDING_STYLED_ITEM('',(#82410),#82340,#96290);
#98400=OVER_RIDING_STYLED_ITEM('',(#82720),#82650,#96290);
#98410=OVER_RIDING_STYLED_ITEM('',(#83030),#82960,#96290);
#98420=OVER_RIDING_STYLED_ITEM('',(#83340),#83270,#96290);
#98430=OVER_RIDING_STYLED_ITEM('',(#83650),#83580,#96290);
#98440=OVER_RIDING_STYLED_ITEM('',(#83890),#83820,#96290);
#98450=OVER_RIDING_STYLED_ITEM('',(#84130),#84060,#96290);
#98460=OVER_RIDING_STYLED_ITEM('',(#84600),#84530,#96290);
#98470=OVER_RIDING_STYLED_ITEM('',(#84890),#84820,#96290);
#98480=OVER_RIDING_STYLED_ITEM('',(#85270),#85200,#96290);
#98490=OVER_RIDING_STYLED_ITEM('',(#85580),#85510,#96290);
#98500=OVER_RIDING_STYLED_ITEM('',(#85890),#85820,#96290);
#98510=OVER_RIDING_STYLED_ITEM('',(#86200),#86130,#96290);
#98520=OVER_RIDING_STYLED_ITEM('',(#86510),#86440,#96290);
#98530=OVER_RIDING_STYLED_ITEM('',(#86750),#86680,#96290);
#98540=OVER_RIDING_STYLED_ITEM('',(#87220),#87150,#96290);
#98550=OVER_RIDING_STYLED_ITEM('',(#87510),#87440,#96290);
#98560=OVER_RIDING_STYLED_ITEM('',(#88410),#88340,#96290);
#98570=OVER_RIDING_STYLED_ITEM('',(#88720),#88650,#96290);
#98580=OVER_RIDING_STYLED_ITEM('',(#88980),#88910,#96290);
#98590=OVER_RIDING_STYLED_ITEM('',(#89290),#89220,#96290);
#98600=OVER_RIDING_STYLED_ITEM('',(#89550),#89480,#96290);
#98610=OVER_RIDING_STYLED_ITEM('',(#89860),#89790,#96290);
#98620=OVER_RIDING_STYLED_ITEM('',(#90190),#90120,#96290);
#98630=OVER_RIDING_STYLED_ITEM('',(#90650),#90580,#96290);
#98640=OVER_RIDING_STYLED_ITEM('',(#90840),#90770,#96290);
#98650=OVER_RIDING_STYLED_ITEM('',(#90980),#90910,#96290);
#98660=OVER_RIDING_STYLED_ITEM('',(#91170),#91100,#96290);
#98670=OVER_RIDING_STYLED_ITEM('',(#91710),#91640,#96290);
#98680=OVER_RIDING_STYLED_ITEM('',(#92090),#92020,#96290);
#98690=OVER_RIDING_STYLED_ITEM('',(#92560),#92490,#96290);
#98700=OVER_RIDING_STYLED_ITEM('',(#92850),#92780,#96290);
#98710=OVER_RIDING_STYLED_ITEM('',(#93160),#93090,#96290);
#98720=OVER_RIDING_STYLED_ITEM('',(#93560),#93490,#96290);
#98730=OVER_RIDING_STYLED_ITEM('',(#93750),#93680,#96290);
#98740=OVER_RIDING_STYLED_ITEM('',(#94160),#94090,#96290);
#98750=OVER_RIDING_STYLED_ITEM('',(#94450),#94380,#96290);
#98760=OVER_RIDING_STYLED_ITEM('',(#94710),#94640,#96290);
#98770=OVER_RIDING_STYLED_ITEM('',(#94950),#94880,#96290);
#98780=OVER_RIDING_STYLED_ITEM('',(#95160),#95090,#96290);
#98790=OVER_RIDING_STYLED_ITEM('',(#95350),#95280,#96290);
#98800=OVER_RIDING_STYLED_ITEM('',(#95540),#95470,#96290);
#98810=OVER_RIDING_STYLED_ITEM('',(#95730),#95660,#96290);
#98820=OVER_RIDING_STYLED_ITEM('',(#95960),#95890,#96290);
#98830=DRAUGHTING_MODEL('',(#96290,#96300,#96310,#96320,#96330,#96340,
#96350,#96360,#96370,#96380,#96390,#96400,#96410,#96420,#96430,#96440,
#96450,#96460,#96470,#96480,#96490,#96500,#96510,#96520,#96530,#96540,
#96550,#96560,#96570,#96580,#96590,#96600,#96610,#96620,#96630,#96640,
#96650,#96660,#96670,#96680,#96690,#96700,#96710,#96720,#96730,#96740,
#96750,#96760,#96770,#96780,#96790,#96800,#96810,#96820,#96830,#96840,
#96850,#96860,#96870,#96880,#96890,#96900,#96910,#96920,#96930,#96940,
#96950,#96960,#96970,#96980,#96990,#97000,#97010,#97020,#97030,#97040,
#97050,#97060,#97070,#97080,#97090,#97100,#97110,#97120,#97130,#97140,
#97150,#97160,#97170,#97180,#97190,#97200,#97210,#97220,#97230,#97240,
#97250,#97260,#97270,#97280,#97290,#97300,#97310,#97320,#97330,#97340,
#97350,#97360,#97370,#97380,#97390,#97400,#97410,#97420,#97430,#97440,
#97450,#97460,#97470,#97480,#97490,#97500,#97510,#97520,#97530,#97540,
#97550,#97560,#97570,#97580,#97590,#97600,#97610,#97620,#97630,#97640,
#97650,#97660,#97670,#97680,#97690,#97700,#97710,#97720,#97730,#97740,
#97750,#97760,#97770,#97780,#97790,#97800,#97810,#97820,#97830,#97840,
#97850,#97860,#97870,#97880,#97890,#97900,#97910,#97920,#97930,#97940,
#97950,#97960,#97970,#97980,#97990,#98000,#98010,#98020,#98030,#98040,
#98050,#98060,#98070,#98080,#98090,#98100,#98110,#98120,#98130,#98140,
#98150,#98160,#98170,#98180,#98190,#98200,#98210,#98220,#98230,#98240,
#98250,#98260,#98270,#98280,#98290,#98300,#98310,#98320,#98330,#98340,
#98350,#98360,#98370,#98380,#98390,#98400,#98410,#98420,#98430,#98440,
#98450,#98460,#98470,#98480,#98490,#98500,#98510,#98520,#98530,#98540,
#98550,#98560,#98570,#98580,#98590,#98600,#98610,#98620,#98630,#98640,
#98650,#98660,#98670,#98680,#98690,#98700,#98710,#98720,#98730,#98740,
#98750,#98760,#98770,#98780,#98790,#98800,#98810,#98820),#96180);
ENDSEC;
END-ISO-10303-21;
