ISO-10303-21;
HEADER;
FILE_DESCRIPTION(('Creo Elements/Direct Modeling STEP Export'),'2;1');
FILE_NAME(
'C:/Temp/JobServerData/JobServer Files/2957a165-aa75-4107-9884-e8490170b
e61/work/output/model.stp','2021-10-13T12:53:34',(''),(''),
'Creo Elements/Direct Modeling STEP processor for AP214 (Solid Model)',
'Creo Elements/Direct Modeling 20.1D  10-Oct-2020 (C) Parametric Technol
ogy GmbH','');
FILE_SCHEMA(('AUTOMOTIVE_DESIGN { 1 0 10303 214 1 1 1 1 }'));
ENDSEC;
DATA;
#10=CARTESIAN_POINT('',(3.59209511398569,-37.8999999915626,
111.899818895903));
#20=DIRECTION('',(1.02206957679905E-6,3.68004438717645E-13,
0.999999999999478));
#30=DIRECTION('',(0.999999999999478,2.38057825194792E-10,
-1.02206957679905E-6));
#40=AXIS2_PLACEMENT_3D('',#10,#20,#30);
#50=PLANE('',#40);
#60=CARTESIAN_POINT('',(4.03329572767123,-37.8999999914576,
111.899818444966));
#70=DIRECTION('',(0.342020144087977,0.939692620508386,
-3.49568729735988E-7));
#80=VECTOR('',#70,1.);
#90=LINE('',#60,#80);
#100=CARTESIAN_POINT('',(17.0270331249179,-2.19999998831236,
111.899805164449));
#110=VERTEX_POINT('',#100);
#120=CARTESIAN_POINT('',(22.6321747551191,13.2000000346383,
111.899799435599));
#130=VERTEX_POINT('',#120);
#140=EDGE_CURVE('',#110,#130,#90,.T.);
#150=ORIENTED_EDGE('',*,*,#140,.F.);
#160=CARTESIAN_POINT('',(3.59209510182093,13.2000000500878,
111.899818895885));
#170=DIRECTION('',(0.999999999999478,-8.11421499389157E-10,
-1.02206957679905E-6));
#180=VECTOR('',#170,1.);
#190=LINE('',#160,#180);
#200=CARTESIAN_POINT('',(36.632658626604,13.200000023278,111.89978512613
));
#210=VERTEX_POINT('',#200);
#220=EDGE_CURVE('',#130,#210,#190,.T.);
#230=ORIENTED_EDGE('',*,*,#220,.F.);
#240=CARTESIAN_POINT('',(87.7326585864385,-37.8999999715323,
111.899732898393));
#250=DIRECTION('',(0.707106780944371,-0.707106781428355,
-7.22712068133497E-7));
#260=VECTOR('',#250,1.);
#270=LINE('',#240,#260);
#280=CARTESIAN_POINT('',(37.5050932501156,12.3275653991692,
111.899784234441));
#290=VERTEX_POINT('',#280);
#300=EDGE_CURVE('',#210,#290,#270,.T.);
#310=ORIENTED_EDGE('',*,*,#300,.F.);
#320=CARTESIAN_POINT('',(3.59209511010188,-21.5854327176679,
111.899818895897));
#330=DIRECTION('',(-0.707106781427986,-0.70710678094474,
7.22712589064653E-7));
#340=VECTOR('',#330,1.);
#350=LINE('',#320,#340);
#360=CARTESIAN_POINT('',(36.4797884169815,11.3022605667358,
111.899785282375));
#370=VERTEX_POINT('',#360);
#380=EDGE_CURVE('',#290,#370,#350,.T.);
#390=ORIENTED_EDGE('',*,*,#380,.F.);
#400=CARTESIAN_POINT('',(85.6820489215172,-37.8999999720204,
111.899734994259));
#410=DIRECTION('',(0.707106780940463,-0.707106781432262,
-7.22712068129503E-7));
#420=VECTOR('',#410,1.);
#430=LINE('',#400,#420);
#440=CARTESIAN_POINT('',(37.1229612150555,10.6590877682145,
111.899784625007));
#450=VERTEX_POINT('',#440);
#460=EDGE_CURVE('',#370,#450,#430,.T.);
#470=ORIENTED_EDGE('',*,*,#460,.F.);
#480=CARTESIAN_POINT('',(37.3350932493988,10.4469557338459,
111.899784408194));
#490=DIRECTION('',(1.02204675941924E-6,5.27711028537214E-13,
0.999999999999478));
#500=DIRECTION('',(0.707106780940463,-0.707106781432262,
-7.22695820875901E-7));
#510=AXIS2_PLACEMENT_3D('',#480,#490,#500);
#520=CIRCLE('',#510,0.299999999999998);
#530=CARTESIAN_POINT('',(37.6350932493986,10.4469557337417,
111.89978410158));
#540=VERTEX_POINT('',#530);
#550=EDGE_CURVE('',#540,#450,#520,.T.);
#560=ORIENTED_EDGE('',*,*,#550,.T.);
#570=CARTESIAN_POINT('',(37.6350932443229,-4.15987651371113,
111.899784102953));
#580=DIRECTION('',(3.47493493421969E-10,1.,-5.28066183136361E-13));
#590=VECTOR('',#580,1.);
#600=LINE('',#570,#590);
#610=CARTESIAN_POINT('',(37.6350932489504,9.1570062399716,
111.899784101573));
#620=VERTEX_POINT('',#610);
#630=EDGE_CURVE('',#620,#540,#600,.T.);
#640=ORIENTED_EDGE('',*,*,#630,.T.);
#650=CARTESIAN_POINT('',(84.6920994284538,-37.8999999722561,
111.899736006056));
#660=DIRECTION('',(-0.707106780940496,0.70710678143223,
7.22712068129536E-7));
#670=VECTOR('',#660,1.);
#680=LINE('',#650,#670);
#690=CARTESIAN_POINT('',(37.2045728670956,9.58752662212593,
111.899784541595));
#700=VERTEX_POINT('',#690);
#710=EDGE_CURVE('',#620,#700,#680,.T.);
#720=ORIENTED_EDGE('',*,*,#710,.F.);
#730=CARTESIAN_POINT('',(3.59209511068262,-24.0249511109443,
111.899818895898));
#740=DIRECTION('',(-0.707106781431894,-0.707106780940832,
7.22712589068648E-7));
#750=VECTOR('',#740,1.);
#760=LINE('',#730,#750);
#770=CARTESIAN_POINT('',(36.4621107465922,8.84506450213816,
111.899785300443));
#780=VERTEX_POINT('',#770);
#790=EDGE_CURVE('',#700,#780,#760,.T.);
#800=ORIENTED_EDGE('',*,*,#790,.F.);
#810=CARTESIAN_POINT('',(83.2071751888338,-37.8999999726096,
111.899737523752));
#820=DIRECTION('',(0.707106780940504,-0.707106781432222,
-7.22712068129545E-7));
#830=VECTOR('',#820,1.);
#840=LINE('',#810,#830);
#850=CARTESIAN_POINT('',(40.9522388055645,4.35493644004353,
111.899780711222));
#860=VERTEX_POINT('',#850);
#870=EDGE_CURVE('',#780,#860,#840,.T.);
#880=ORIENTED_EDGE('',*,*,#870,.F.);
#890=CARTESIAN_POINT('',(3.59209511282044,-33.0052072267552,
111.899818895902));
#900=DIRECTION('',(0.707106781431894,0.707106780940832,
-7.22712589068648E-7));
#910=VECTOR('',#900,1.);
#920=LINE('',#890,#910);
#930=CARTESIAN_POINT('',(41.6947009260678,5.09739856003128,
111.899779952373));
#940=VERTEX_POINT('',#930);
#950=EDGE_CURVE('',#860,#940,#920,.T.);
#960=ORIENTED_EDGE('',*,*,#950,.F.);
#970=CARTESIAN_POINT('',(84.6920994284511,-37.8999999722561,
111.899736006056));
#980=DIRECTION('',(-0.707106780940472,0.707106781432254,
7.22712068129511E-7));
#990=VECTOR('',#980,1.);
#1000=LINE('',#970,#990);
#1010=CARTESIAN_POINT('',(41.2641805442135,5.52791894218507,
111.899780392395));
#1020=VERTEX_POINT('',#1010);
#1030=EDGE_CURVE('',#940,#1020,#1000,.T.);
#1040=ORIENTED_EDGE('',*,*,#1030,.F.);
#1050=CARTESIAN_POINT('',(3.59209510364733,5.52791895527584,
111.899818895887));
#1060=DIRECTION('',(0.999999999999478,-3.47493493961515E-10,
-1.02206957679905E-6));
#1070=VECTOR('',#1060,1.);
#1080=LINE('',#1050,#1070);
#1090=CARTESIAN_POINT('',(42.5541300379822,5.52791894173679,
111.899779073977));
#1100=VERTEX_POINT('',#1090);
#1110=EDGE_CURVE('',#1020,#1100,#1080,.T.);
#1120=ORIENTED_EDGE('',*,*,#1110,.F.);
#1130=CARTESIAN_POINT('',(42.5541300378781,5.22791894173679,
111.899779073977));
#1140=DIRECTION('',(-1.02204675941924E-6,-5.27711028537214E-13,
-0.999999999999478));
#1150=DIRECTION('',(-0.707106780940463,0.707106781432262,
7.22695820875901E-7));
#1160=AXIS2_PLACEMENT_3D('',#1130,#1140,#1150);
#1170=CIRCLE('',#1160,0.299999999999998);
#1180=CARTESIAN_POINT('',(42.7662620720991,5.015786907246,
111.899778857163));
#1190=VERTEX_POINT('',#1180);
#1200=EDGE_CURVE('',#1100,#1190,#1170,.T.);
#1210=ORIENTED_EDGE('',*,*,#1200,.F.);
#1220=CARTESIAN_POINT('',(85.6820489215172,-37.8999999720204,
111.899734994259));
#1230=DIRECTION('',(0.707106780940463,-0.707106781432262,
-7.22712068129503E-7));
#1240=VECTOR('',#1230,1.);
#1250=LINE('',#1220,#1240);
#1260=CARTESIAN_POINT('',(43.4094348701729,4.37261410872487,
111.899778199796));
#1270=VERTEX_POINT('',#1260);
#1280=EDGE_CURVE('',#1190,#1270,#1250,.T.);
#1290=ORIENTED_EDGE('',*,*,#1280,.F.);
#1300=CARTESIAN_POINT('',(3.59209511340119,-35.444725619955,
111.899818895903));
#1310=DIRECTION('',(0.707106781435801,0.707106780936925,
-7.22712589072641E-7));
#1320=VECTOR('',#1310,1.);
#1330=LINE('',#1300,#1320);
#1340=CARTESIAN_POINT('',(44.4347397033566,5.39791894118522,
111.899777151863));
#1350=VERTEX_POINT('',#1340);
#1360=EDGE_CURVE('',#1270,#1350,#1330,.T.);
#1370=ORIENTED_EDGE('',*,*,#1360,.F.);
#1380=CARTESIAN_POINT('',(87.7326585864385,-37.8999999715323,
111.899732898393));
#1390=DIRECTION('',(0.707106780944371,-0.707106781428355,
-7.22712068133497E-7));
#1400=VECTOR('',#1390,1.);
#1410=LINE('',#1380,#1400);
#1420=CARTESIAN_POINT('',(45.6821747540641,4.15048388962386,
111.899775876898));
#1430=VERTEX_POINT('',#1420);
#1440=EDGE_CURVE('',#1350,#1430,#1410,.T.);
#1450=ORIENTED_EDGE('',*,*,#1440,.F.);
#1460=CARTESIAN_POINT('',(45.6821747491575,-37.8999999815427,
111.899775876914));
#1470=DIRECTION('',(-1.16685564787641E-10,-1.,3.68123699483659E-13));
#1480=VECTOR('',#1470,1.);
#1490=LINE('',#1460,#1480);
#1500=CARTESIAN_POINT('',(45.6821747499563,-31.054897942817,
111.899775876911));
#1510=VERTEX_POINT('',#1500);
#1520=EDGE_CURVE('',#1430,#1510,#1490,.T.);
#1530=ORIENTED_EDGE('',*,*,#1520,.F.);
#1540=CARTESIAN_POINT('',(3.5920951178923,-54.3103559287114,
111.899818895909));
#1550=DIRECTION('',(-0.875284222321623,-0.4836088607067,
8.94601552657824E-7));
#1560=VECTOR('',#1550,1.);
#1570=LINE('',#1540,#1560);
#1580=CARTESIAN_POINT('',(21.5288594966323,-44.3999999954594,
111.899800563285));
#1590=VERTEX_POINT('',#1580);
#1600=EDGE_CURVE('',#1510,#1590,#1570,.T.);
#1610=ORIENTED_EDGE('',*,*,#1600,.F.);
#1620=CARTESIAN_POINT('',(0.679471456375848,-44.3999999909287,
111.89982187281));
#1630=DIRECTION('',(-0.999999999999478,2.17303431987044E-10,
1.02206957679905E-6));
#1640=VECTOR('',#1630,1.);
#1650=LINE('',#1620,#1640);
#1660=CARTESIAN_POINT('',(19.4911182120557,-44.3999999950166,
111.899802645998));
#1670=VERTEX_POINT('',#1660);
#1680=EDGE_CURVE('',#1590,#1670,#1650,.T.);
#1690=ORIENTED_EDGE('',*,*,#1680,.F.);
#1700=CARTESIAN_POINT('',(27.2261472394935,-38.8846282083994,
111.899794740258));
#1710=DIRECTION('',(-1.02206957679905E-6,-3.68004438717645E-13,
-0.999999999999478));
#1720=DIRECTION('',(0.999999999999478,2.2129897646266E-16,
-1.02206957679905E-6));
#1730=AXIS2_PLACEMENT_3D('',#1700,#1710,#1720);
#1740=CIRCLE('',#1730,9.499999999999);
#1750=CARTESIAN_POINT('',(17.8321745598145,-40.2999999946568,
111.899804341552));
#1760=VERTEX_POINT('',#1750);
#1770=EDGE_CURVE('',#1670,#1760,#1740,.T.);
#1780=ORIENTED_EDGE('',*,*,#1770,.F.);
#1790=CARTESIAN_POINT('',(17.8321745676907,-4.15987654153898,
111.899804341539));
#1800=DIRECTION('',(2.17935731378849E-10,1.,-3.68227184198578E-13));
#1810=VECTOR('',#1800,1.);
#1820=LINE('',#1790,#1810);
#1830=CARTESIAN_POINT('',(17.8321745599129,-39.8483339448107,
111.899804341552));
#1840=VERTEX_POINT('',#1830);
#1850=EDGE_CURVE('',#1760,#1840,#1820,.T.);
#1860=ORIENTED_EDGE('',*,*,#1850,.F.);
#1870=CARTESIAN_POINT('',(0.679471456375848,-44.444386885422,
111.89982187281));
#1880=DIRECTION('',(0.965925826344803,0.258819044892634,
-9.87243495798581E-7));
#1890=VECTOR('',#1880,1.);
#1900=LINE('',#1870,#1890);
#1910=CARTESIAN_POINT('',(19.1321745599881,-39.4999999949327,
111.899803012862));
#1920=VERTEX_POINT('',#1910);
#1930=EDGE_CURVE('',#1840,#1920,#1900,.T.);
#1940=ORIENTED_EDGE('',*,*,#1930,.F.);
#1950=CARTESIAN_POINT('',(19.1321745676656,-4.15987654153898,
111.899803012849));
#1960=DIRECTION('',(2.17245533480015E-10,1.,-3.68226478768303E-13));
#1970=VECTOR('',#1960,1.);
#1980=LINE('',#1950,#1970);
#1990=CARTESIAN_POINT('',(19.1321745602271,-38.399999994932,
111.899803012861));
#2000=VERTEX_POINT('',#1990);
#2010=EDGE_CURVE('',#1920,#2000,#1980,.T.);
#2020=ORIENTED_EDGE('',*,*,#2010,.F.);
#2030=CARTESIAN_POINT('',(0.679471456375846,-36.785597657895,
111.899821872807));
#2040=DIRECTION('',(-0.996194698072291,0.0871557429640779,
1.01818026139504E-6));
#2050=VECTOR('',#2040,1.);
#2060=LINE('',#2030,#2050);
#2070=CARTESIAN_POINT('',(16.8461640997239,-38.1999999944357,
111.899805349323));
#2080=VERTEX_POINT('',#2070);
#2090=EDGE_CURVE('',#2000,#2080,#2060,.T.);
#2100=ORIENTED_EDGE('',*,*,#2090,.F.);
#2110=CARTESIAN_POINT('',(0.679471456375846,-38.1999999909236,
111.899821872808));
#2120=DIRECTION('',(-0.999999999999478,2.17245506100734E-10,
1.02206957679905E-6));
#2130=VECTOR('',#2120,1.);
#2140=LINE('',#2110,#2130);
#2150=CARTESIAN_POINT('',(11.4321745602744,-38.1999999932596,
111.899810882797));
#2160=VERTEX_POINT('',#2150);
#2170=EDGE_CURVE('',#2080,#2160,#2140,.T.);
#2180=ORIENTED_EDGE('',*,*,#2170,.F.);
#2190=CARTESIAN_POINT('',(11.2321745602745,-38.1999999932156,
111.899811087211));
#2200=DIRECTION('',(-1.02206957679905E-6,-3.68004438717645E-13,
-0.999999999999478));
#2210=DIRECTION('',(0.999999999999478,2.2129897646266E-16,
-1.02206957679905E-6));
#2220=AXIS2_PLACEMENT_3D('',#2190,#2200,#2210);
#2230=CIRCLE('',#2220,0.2);
#2240=CARTESIAN_POINT('',(11.2321745602311,-38.3999999932156,
111.899811087211));
#2250=VERTEX_POINT('',#2240);
#2260=EDGE_CURVE('',#2160,#2250,#2230,.T.);
#2270=ORIENTED_EDGE('',*,*,#2260,.F.);
#2280=CARTESIAN_POINT('',(0.679471456375846,-38.3999999909299,
111.899821872808));
#2290=DIRECTION('',(-0.999999999999478,2.1724553385631E-10,
1.02206957679905E-6));
#2300=VECTOR('',#2290,1.);
#2310=LINE('',#2280,#2300);
#2320=CARTESIAN_POINT('',(-14.5616584512699,-38.399999987612,
111.899837450303));
#2330=VERTEX_POINT('',#2320);
#2340=EDGE_CURVE('',#2250,#2330,#2310,.T.);
#2350=ORIENTED_EDGE('',*,*,#2340,.F.);
#2360=CARTESIAN_POINT('',(-7.26782543981501,-38.6999999892033,
111.899829995498));
#2370=DIRECTION('',(1.02206957679905E-6,3.68004438717645E-13,
0.999999999999478));
#2380=DIRECTION('',(0.999999999999478,2.2129897646266E-16,
-1.02206957679905E-6));
#2390=AXIS2_PLACEMENT_3D('',#2360,#2370,#2380);
#2400=CIRCLE('',#2390,7.3);
#2410=CARTESIAN_POINT('',(-13.9885937206462,-35.8502151349862,
111.89983686459));
#2420=VERTEX_POINT('',#2410);
#2430=EDGE_CURVE('',#2420,#2330,#2400,.T.);
#2440=ORIENTED_EDGE('',*,*,#2430,.T.);
#2450=CARTESIAN_POINT('',(-14.4489203151965,-35.6550243915551,
111.899837335076));
#2460=DIRECTION('',(1.02206957679905E-6,3.68004438717645E-13,
0.999999999999478));
#2470=DIRECTION('',(0.999999999999478,2.2129897646266E-16,
-1.02206957679905E-6));
#2480=AXIS2_PLACEMENT_3D('',#2450,#2460,#2470);
#2490=CIRCLE('',#2480,0.5);
#2500=CARTESIAN_POINT('',(-14.9092469097751,-35.4598336481181,
111.899837805561));
#2510=VERTEX_POINT('',#2500);
#2520=EDGE_CURVE('',#2420,#2510,#2490,.T.);
#2530=ORIENTED_EDGE('',*,*,#2520,.F.);
#2540=CARTESIAN_POINT('',(-7.26782543981501,-38.6999999892033,
111.899829995498));
#2550=DIRECTION('',(1.02206957679905E-6,3.68004438717645E-13,
0.999999999999478));
#2560=DIRECTION('',(0.999999999999478,2.2129897646266E-16,
-1.02206957679905E-6));
#2570=AXIS2_PLACEMENT_3D('',#2540,#2550,#2560);
#2580=CIRCLE('',#2570,8.3);
#2590=CARTESIAN_POINT('',(-15.5678254398107,-38.6999999874002,
111.899838478676));
#2600=VERTEX_POINT('',#2590);
#2610=EDGE_CURVE('',#2510,#2600,#2580,.T.);
#2620=ORIENTED_EDGE('',*,*,#2610,.F.);
#2630=CARTESIAN_POINT('',(-15.5678254323071,-4.15987654153898,
111.899838478663));
#2640=DIRECTION('',(2.1724550572444E-10,1.,-3.68226478739935E-13));
#2650=VECTOR('',#2640,1.);
#2660=LINE('',#2630,#2650);
#2670=CARTESIAN_POINT('',(-15.567825440045,-39.7787397845676,
111.899838478676));
#2680=VERTEX_POINT('',#2670);
#2690=EDGE_CURVE('',#2680,#2600,#2660,.T.);
#2700=ORIENTED_EDGE('',*,*,#2690,.T.);
#2710=CARTESIAN_POINT('',(0.679471456375846,-38.3572854967467,
111.899821872808));
#2720=DIRECTION('',(-0.996194698110159,-0.0871557425312431,
1.01818032558114E-6));
#2730=VECTOR('',#2720,1.);
#2740=LINE('',#2710,#2730);
#2750=CARTESIAN_POINT('',(-14.6678254400285,-39.6999999875898,
111.899837558813));
#2760=VERTEX_POINT('',#2750);
#2770=EDGE_CURVE('',#2760,#2680,#2740,.T.);
#2780=ORIENTED_EDGE('',*,*,#2770,.T.);
#2790=CARTESIAN_POINT('',(-14.6678254323075,-4.15987654153898,
111.8998375588));
#2800=DIRECTION('',(2.1724550572444E-10,1.,-3.68226478739935E-13));
#2810=VECTOR('',#2800,1.);
#2820=LINE('',#2790,#2810);
#2830=CARTESIAN_POINT('',(-14.6678254401494,-40.2564659842209,
111.899837558814));
#2840=VERTEX_POINT('',#2830);
#2850=EDGE_CURVE('',#2840,#2760,#2820,.T.);
#2860=ORIENTED_EDGE('',*,*,#2850,.T.);
#2870=CARTESIAN_POINT('',(-21.6678254401457,-40.2564659827002,
111.899844713301));
#2880=DIRECTION('',(1.02206957679905E-6,3.68004438717645E-13,
0.999999999999478));
#2890=DIRECTION('',(0.999999999999478,2.2129897646266E-16,
-1.02206957679905E-6));
#2900=AXIS2_PLACEMENT_3D('',#2870,#2880,#2890);
#2910=CIRCLE('',#2900,7.);
#2920=CARTESIAN_POINT('',(-16.0259174336333,-44.3999999871483,
111.89983894688));
#2930=VERTEX_POINT('',#2920);
#2940=EDGE_CURVE('',#2930,#2840,#2910,.T.);
#2950=ORIENTED_EDGE('',*,*,#2940,.T.);
#2960=CARTESIAN_POINT('',(0.654471456375861,-44.4000000186406,
111.899821898362));
#2970=DIRECTION('',(-0.999999999999478,2.16982993866553E-10,
1.02206957679905E-6));
#2980=VECTOR('',#2970,1.);
#2990=LINE('',#2960,#2980);
#3000=CARTESIAN_POINT('',(-30.4678254485658,-44.3999999840146,
111.899853707514));
#3010=VERTEX_POINT('',#3000);
#3020=EDGE_CURVE('',#2930,#3010,#2990,.T.);
#3030=ORIENTED_EDGE('',*,*,#3020,.F.);
#3040=CARTESIAN_POINT('',(-30.4678254398083,-4.15987654153356,
111.8998537075));
#3050=DIRECTION('',(2.17631211080982E-10,1.,-3.68226872957646E-13));
#3060=VECTOR('',#3050,1.);
#3070=LINE('',#3040,#3060);
#3080=CARTESIAN_POINT('',(-30.4678254478915,-41.3000000120363,
111.899853707513));
#3090=VERTEX_POINT('',#3080);
#3100=EDGE_CURVE('',#3010,#3090,#3070,.T.);
#3110=ORIENTED_EDGE('',*,*,#3100,.F.);
#3120=CARTESIAN_POINT('',(-29.5678254478921,-41.3000000122319,
111.899852787651));
#3130=DIRECTION('',(1.02206957679905E-6,3.68004438717645E-13,
0.999999999999478));
#3140=DIRECTION('',(0.999999999999478,2.2129897646266E-16,
-1.02206957679905E-6));
#3150=AXIS2_PLACEMENT_3D('',#3120,#3130,#3140);
#3160=CIRCLE('',#3150,0.89999999999984);
#3170=CARTESIAN_POINT('',(-28.9678254480406,-41.9708204056141,
111.899852174409));
#3180=VERTEX_POINT('',#3170);
#3190=EDGE_CURVE('',#3180,#3090,#3160,.T.);
#3200=ORIENTED_EDGE('',*,*,#3190,.T.);
#3210=CARTESIAN_POINT('',(-28.9678254399064,-4.15987654153356,
111.899852174395));
#3220=DIRECTION('',(-2.15126367526188E-10,-1.,3.68224312833254E-13));
#3230=VECTOR('',#3220,1.);
#3240=LINE('',#3210,#3230);
#3250=CARTESIAN_POINT('',(-28.9678254482405,-42.9000000122152,
111.89985217441));
#3260=VERTEX_POINT('',#3250);
#3270=EDGE_CURVE('',#3180,#3260,#3240,.T.);
#3280=ORIENTED_EDGE('',*,*,#3270,.F.);
#3290=CARTESIAN_POINT('',(0.654471456375861,-42.9000000186432,
111.899821898361));
#3300=DIRECTION('',(0.999999999999478,-2.16998495355535E-10,
-1.02206957679905E-6));
#3310=VECTOR('',#3300,1.);
#3320=LINE('',#3290,#3310);
#3330=CARTESIAN_POINT('',(-26.8678254482417,-42.9000000126709,
111.899850028063));
#3340=VERTEX_POINT('',#3330);
#3350=EDGE_CURVE('',#3260,#3340,#3320,.T.);
#3360=ORIENTED_EDGE('',*,*,#3350,.F.);
#3370=CARTESIAN_POINT('',(-26.8678254398256,-4.15987654153356,
111.899850028049));
#3380=DIRECTION('',(2.1724550572444E-10,1.,-3.68226478739935E-13));
#3390=VECTOR('',#3380,1.);
#3400=LINE('',#3370,#3390);
#3410=CARTESIAN_POINT('',(-26.8678254463734,-34.3000000128143,
111.89985002806));
#3420=VERTEX_POINT('',#3410);
#3430=EDGE_CURVE('',#3340,#3420,#3400,.T.);
#3440=ORIENTED_EDGE('',*,*,#3430,.F.);
#3450=CARTESIAN_POINT('',(-28.0520341162259,-4.15987654153356,
111.899851238393));
#3460=DIRECTION('',(-0.0392598155419701,0.999229036249252,
4.01258953354906E-8));
#3470=VECTOR('',#3460,1.);
#3480=LINE('',#3450,#3470);
#3490=CARTESIAN_POINT('',(-26.9660507145462,-31.7999999823327,
111.899850128452));
#3500=VERTEX_POINT('',#3490);
#3510=EDGE_CURVE('',#3420,#3500,#3480,.T.);
#3520=ORIENTED_EDGE('',*,*,#3510,.F.);
#3530=CARTESIAN_POINT('',(0.679471456375845,-31.7999999883433,
111.899821872805));
#3540=DIRECTION('',(0.999999999999478,-2.17417202091491E-10,
-1.02206957679905E-6));
#3550=VECTOR('',#3540,1.);
#3560=LINE('',#3530,#3550);
#3570=CARTESIAN_POINT('',(-31.0178254719132,-31.7999999814518,
111.899854269648));
#3580=VERTEX_POINT('',#3570);
#3590=EDGE_CURVE('',#3580,#3500,#3560,.T.);
#3600=ORIENTED_EDGE('',*,*,#3590,.T.);
#3610=CARTESIAN_POINT('',(-31.0178254534818,-4.15987654153899,
111.899854269638));
#3620=DIRECTION('',(-6.66833762665414E-10,-1.,3.68685989219441E-13));
#3630=VECTOR('',#3620,1.);
#3640=LINE('',#3610,#3630);
#3650=CARTESIAN_POINT('',(-31.0178254582094,-11.2495161466784,
111.899854269641));
#3660=VERTEX_POINT('',#3650);
#3670=EDGE_CURVE('',#3660,#3580,#3640,.T.);
#3680=ORIENTED_EDGE('',*,*,#3670,.T.);
#3690=CARTESIAN_POINT('',(-23.9281858564714,-4.15987654153899,
111.899847023533));
#3700=DIRECTION('',(0.707106781016741,0.707106781355985,
-7.22712588644332E-7));
#3710=VECTOR('',#3700,1.);
#3720=LINE('',#3690,#3710);
#3730=CARTESIAN_POINT('',(-29.7703904012175,-10.002081089088,
111.899852994675));
#3740=VERTEX_POINT('',#3730);
#3750=EDGE_CURVE('',#3660,#3740,#3720,.T.);
#3760=ORIENTED_EDGE('',*,*,#3750,.F.);
#3770=CARTESIAN_POINT('',(0.679471456375846,-40.4519429314313,
111.899821872808));
#3780=DIRECTION('',(0.707106781363431,-0.707106781009295,
-7.22712068561806E-7));
#3790=VECTOR('',#3780,1.);
#3800=LINE('',#3770,#3790);
#3810=CARTESIAN_POINT('',(-28.7450855681387,-11.0273859216532,
111.899851946742));
#3820=VERTEX_POINT('',#3810);
#3830=EDGE_CURVE('',#3740,#3820,#3800,.T.);
#3840=ORIENTED_EDGE('',*,*,#3830,.F.);
#3850=CARTESIAN_POINT('',(-21.8775761913951,-4.15987654153899,
111.899844927667));
#3860=DIRECTION('',(0.707106781012833,0.707106781359893,
-7.22712588640338E-7));
#3870=VECTOR('',#3860,1.);
#3880=LINE('',#3850,#3870);
#3890=CARTESIAN_POINT('',(-28.1019127699991,-10.384213123198,
111.899851289375));
#3900=VERTEX_POINT('',#3890);
#3910=EDGE_CURVE('',#3820,#3900,#3880,.T.);
#3920=ORIENTED_EDGE('',*,*,#3910,.F.);
#3930=CARTESIAN_POINT('',(-27.8897807357564,-10.1720810887289,
111.899851072561));
#3940=DIRECTION('',(1.02206957679905E-6,3.68004438717645E-13,
0.999999999999478));
#3950=DIRECTION('',(0.999999999999478,2.2129897646266E-16,
-1.02206957679905E-6));
#3960=AXIS2_PLACEMENT_3D('',#3930,#3940,#3950);
#3970=CIRCLE('',#3960,0.299999999999998);
#3980=CARTESIAN_POINT('',(-27.8897807358299,-9.87208108872889,
111.899851072561));
#3990=VERTEX_POINT('',#3980);
#4000=EDGE_CURVE('',#3990,#3900,#3970,.T.);
#4010=ORIENTED_EDGE('',*,*,#4000,.T.);
#4020=CARTESIAN_POINT('',(0.67947145637584,-9.87208108172521,
111.899821872797));
#4030=DIRECTION('',(0.999999999999478,2.45147290609952E-10,
-1.02206957679905E-6));
#4040=VECTOR('',#4030,1.);
#4050=LINE('',#4020,#4040);
#4060=CARTESIAN_POINT('',(-26.5998312420611,-9.87208108841266,
111.899849754143));
#4070=VERTEX_POINT('',#4060);
#4080=EDGE_CURVE('',#3990,#4070,#4050,.T.);
#4090=ORIENTED_EDGE('',*,*,#4080,.F.);
#4100=CARTESIAN_POINT('',(-20.8876266979909,-4.15987654153898,
111.89984391587));
#4110=DIRECTION('',(-0.707106781012841,-0.707106781359885,
7.22712588640347E-7));
#4120=VECTOR('',#4110,1.);
#4130=LINE('',#4100,#4120);
#4140=CARTESIAN_POINT('',(-27.0303516239597,-10.3026014705223,
111.899850194164));
#4150=VERTEX_POINT('',#4140);
#4160=EDGE_CURVE('',#4070,#4150,#4130,.T.);
#4170=ORIENTED_EDGE('',*,*,#4160,.F.);
#4180=CARTESIAN_POINT('',(0.679471456375846,-38.0124245372863,
111.899821872808));
#4190=DIRECTION('',(0.707106781359525,-0.707106781013201,
-7.22712068557813E-7));
#4200=VECTOR('',#4190,1.);
#4210=LINE('',#4180,#4200);
#4220=CARTESIAN_POINT('',(-26.2878895035323,-11.045063590586,
111.899849435317));
#4230=VERTEX_POINT('',#4220);
#4240=EDGE_CURVE('',#4150,#4230,#4210,.T.);
#4250=ORIENTED_EDGE('',*,*,#4240,.F.);
#4260=CARTESIAN_POINT('',(-19.4027024578636,-4.15987654153899,
111.899842398174));
#4270=DIRECTION('',(0.707106781012874,0.707106781359852,
-7.2271258864038E-7));
#4280=VECTOR('',#4270,1.);
#4290=LINE('',#4260,#4280);
#4300=CARTESIAN_POINT('',(-21.7977614441004,-6.554935528951,
111.899844846092));
#4310=VERTEX_POINT('',#4300);
#4320=EDGE_CURVE('',#4230,#4310,#4290,.T.);
#4330=ORIENTED_EDGE('',*,*,#4320,.F.);
#4340=CARTESIAN_POINT('',(0.679471456375844,-29.0321684184185,
111.899821872804));
#4350=DIRECTION('',(-0.707106781359524,0.707106781013201,
7.22712068557813E-7));
#4360=VECTOR('',#4350,1.);
#4370=LINE('',#4340,#4360);
#4380=CARTESIAN_POINT('',(-22.5402235645277,-5.81247340888736,
111.89984560494));
#4390=VERTEX_POINT('',#4380);
#4400=EDGE_CURVE('',#4310,#4390,#4370,.T.);
#4410=ORIENTED_EDGE('',*,*,#4400,.F.);
#4420=CARTESIAN_POINT('',(-20.8876266979903,-4.15987654153898,
111.89984391587));
#4430=DIRECTION('',(0.707106781012865,0.707106781359861,
-7.22712588640371E-7));
#4440=VECTOR('',#4430,1.);
#4450=LINE('',#4420,#4440);
#4460=CARTESIAN_POINT('',(-22.9707439464266,-6.24299379099749,
111.899846044961));
#4470=VERTEX_POINT('',#4460);
#4480=EDGE_CURVE('',#4470,#4390,#4450,.T.);
#4490=ORIENTED_EDGE('',*,*,#4480,.T.);
#4500=CARTESIAN_POINT('',(-22.9707439469373,-4.15987654153898,
111.899846044961));
#4510=DIRECTION('',(-2.45147290985981E-10,1.,-3.67753881129886E-13));
#4520=VECTOR('',#4510,1.);
#4530=LINE('',#4500,#4520);
#4540=CARTESIAN_POINT('',(-22.9707439467428,-4.95304429722742,
111.899846044961));
#4550=VERTEX_POINT('',#4540);
#4560=EDGE_CURVE('',#4470,#4550,#4530,.T.);
#4570=ORIENTED_EDGE('',*,*,#4560,.F.);
#4580=CARTESIAN_POINT('',(-22.670743946743,-4.95304429715389,
111.89984573834));
#4590=DIRECTION('',(-1.02206957679905E-6,-3.68004438717645E-13,
-0.999999999999478));
#4600=DIRECTION('',(0.999999999999478,2.2129897646266E-16,
-1.02206957679905E-6));
#4610=AXIS2_PLACEMENT_3D('',#4580,#4590,#4600);
#4620=CIRCLE('',#4610,0.299999999999998);
#4630=CARTESIAN_POINT('',(-22.458611912378,-4.74091226280703,
111.899845521526));
#4640=VERTEX_POINT('',#4630);
#4650=EDGE_CURVE('',#4550,#4640,#4620,.T.);
#4660=ORIENTED_EDGE('',*,*,#4650,.F.);
#4670=CARTESIAN_POINT('',(-21.8775761913951,-4.15987654153899,
111.899844927667));
#4680=DIRECTION('',(0.707106781012833,0.707106781359893,
-7.22712588640338E-7));
#4690=VECTOR('',#4680,1.);
#4700=LINE('',#4670,#4690);
#4710=CARTESIAN_POINT('',(-21.8154391142382,-4.09773946435159,
111.899844864159));
#4720=VERTEX_POINT('',#4710);
#4730=EDGE_CURVE('',#4640,#4720,#4700,.T.);
#4740=ORIENTED_EDGE('',*,*,#4730,.F.);
#4750=CARTESIAN_POINT('',(0.679471456375843,-26.5926500241968,
111.899821872803));
#4760=DIRECTION('',(0.707106781355616,-0.70710678101711,
-7.22712068553818E-7));
#4770=VECTOR('',#4760,1.);
#4780=LINE('',#4750,#4770);
#4790=CARTESIAN_POINT('',(-22.8407439472674,-3.07243463181327,
111.899845912091));
#4800=VERTEX_POINT('',#4790);
#4810=EDGE_CURVE('',#4800,#4720,#4780,.T.);
#4820=ORIENTED_EDGE('',*,*,#4810,.T.);
#4830=CARTESIAN_POINT('',(-23.9281858564714,-4.15987654153899,
111.899847023533));
#4840=DIRECTION('',(0.707106781016741,0.707106781355985,
-7.22712588644332E-7));
#4850=VECTOR('',#4840,1.);
#4860=LINE('',#4830,#4850);
#4870=CARTESIAN_POINT('',(-21.9683093185788,-2.20000000781674,
111.899845020402));
#4880=VERTEX_POINT('',#4870);
#4890=EDGE_CURVE('',#4800,#4880,#4860,.T.);
#4900=ORIENTED_EDGE('',*,*,#4890,.F.);
#4910=CARTESIAN_POINT('',(3.59209510548702,-2.19999998969249,
111.89981889589));
#4920=DIRECTION('',(0.999999999999478,7.09075296037629E-10,
-1.02206957679905E-6));
#4930=VECTOR('',#4920,1.);
#4940=LINE('',#4910,#4930);
#4950=CARTESIAN_POINT('',(-7.78632515256084,-2.19999999475602,
111.899830525428));
#4960=VERTEX_POINT('',#4950);
#4970=EDGE_CURVE('',#4880,#4960,#4940,.T.);
#4980=ORIENTED_EDGE('',*,*,#4970,.F.);
#4990=CARTESIAN_POINT('',(-6.9579894185415,-4.15987654153898,
111.899829678811));
#5000=DIRECTION('',(0.389303996885878,-0.921109330106108,
-3.97895432371215E-7));
#5010=VECTOR('',#5000,1.);
#5020=LINE('',#4990,#5010);
#5030=CARTESIAN_POINT('',(-7.06782543232588,-3.89999999804664,
111.899829791071));
#5040=VERTEX_POINT('',#5030);
#5050=EDGE_CURVE('',#4960,#5040,#5020,.T.);
#5060=ORIENTED_EDGE('',*,*,#5050,.F.);
#5070=CARTESIAN_POINT('',(-7.06782543238232,-4.15987654153898,
111.899829791072));
#5080=DIRECTION('',(-2.17246930843209E-10,-1.,3.68226480196506E-13));
#5090=VECTOR('',#5080,1.);
#5100=LINE('',#5070,#5090);
#5110=CARTESIAN_POINT('',(-7.06782543391176,-11.199999998045,
111.899829791074));
#5120=VERTEX_POINT('',#5110);
#5130=EDGE_CURVE('',#5040,#5120,#5100,.T.);
#5140=ORIENTED_EDGE('',*,*,#5130,.F.);
#5150=CARTESIAN_POINT('',(0.67947145637584,-11.199999999728,
111.899821872798));
#5160=DIRECTION('',(-0.999999999999478,2.17246931219465E-10,
1.02206957679905E-6));
#5170=VECTOR('',#5160,1.);
#5180=LINE('',#5150,#5170);
#5190=CARTESIAN_POINT('',(0.932174566083848,-11.1999999997829,
111.899821614517));
#5200=VERTEX_POINT('',#5190);
#5210=EDGE_CURVE('',#5200,#5120,#5180,.T.);
#5220=ORIENTED_EDGE('',*,*,#5210,.T.);
#5230=CARTESIAN_POINT('',(0.932174567613293,-4.15987654153898,
111.899821614515));
#5240=DIRECTION('',(2.17246930843209E-10,1.,-3.68226480196506E-13));
#5250=VECTOR('',#5240,1.);
#5260=LINE('',#5230,#5250);
#5270=CARTESIAN_POINT('',(0.932174567669767,-3.89999999236186,
111.899821614515));
#5280=VERTEX_POINT('',#5270);
#5290=EDGE_CURVE('',#5200,#5280,#5260,.T.);
#5300=ORIENTED_EDGE('',*,*,#5290,.F.);
#5310=CARTESIAN_POINT('',(0.822338553155483,-4.15987653676322,
111.899821726775));
#5320=DIRECTION('',(0.389303997925508,0.921109329666711,
-3.97896111378433E-7));
#5330=VECTOR('',#5320,1.);
#5340=LINE('',#5310,#5330);
#5350=CARTESIAN_POINT('',(1.65067428893989,-2.19999999197283,
111.899820880157));
#5360=VERTEX_POINT('',#5350);
#5370=EDGE_CURVE('',#5280,#5360,#5340,.T.);
#5380=ORIENTED_EDGE('',*,*,#5370,.F.);
#5390=CARTESIAN_POINT('',(3.59209510548702,-2.19999999151066,
111.89981889589));
#5400=DIRECTION('',(-0.999999999999478,-2.38057825194792E-10,
1.02206957679905E-6));
#5410=VECTOR('',#5400,1.);
#5420=LINE('',#5390,#5410);
#5430=EDGE_CURVE('',#110,#5360,#5420,.T.);
#5440=ORIENTED_EDGE('',*,*,#5430,.T.);
#5450=EDGE_LOOP('',(#5440,#5380,#5300,#5220,#5140,#5060,#4980,#4900,
#4820,#4740,#4660,#4570,#4490,#4410,#4330,#4250,#4170,#4090,#4010,#3920,
#3840,#3760,#3680,#3600,#3520,#3440,#3360,#3280,#3200,#3110,#3030,#2950,
#2860,#2780,#2700,#2620,#2530,#2440,#2350,#2270,#2180,#2100,#2020,#1940,
#1860,#1780,#1690,#1610,#1530,#1450,#1370,#1290,#1210,#1120,#1040,#960,
#880,#800,#720,#640,#560,#470,#390,#310,#230,#150));
#5460=FACE_OUTER_BOUND('',#5450,.T.);
#5470=ADVANCED_FACE('',(#5460),#50,.T.);
#5480=COLOUR_RGB('',0.560784339904785,0.588235318660736,
0.600000023841858);
#5490=FILL_AREA_STYLE_COLOUR('',#5480);
#5500=FILL_AREA_STYLE('',(#5490));
#5510=SURFACE_STYLE_FILL_AREA(#5500);
#5520=SURFACE_SIDE_STYLE('',(#5510));
#5530=SURFACE_STYLE_USAGE(.BOTH.,#5520);
#5540=PRESENTATION_STYLE_ASSIGNMENT((#5530));
#5550=CARTESIAN_POINT('',(37.2081006557098,11.7053116658602,
104.549784539332));
#5560=DIRECTION('',(0.707106781431893,0.707106780940833,
-7.22697247654904E-7));
#5570=DIRECTION('',(0.707106780940463,-0.707106781432263,
-7.22698442461459E-7));
#5580=AXIS2_PLACEMENT_3D('',#5550,#5560,#5570);
#5590=PLANE('',#5580);
#5600=CARTESIAN_POINT('',(37.4390258807387,11.4743939527254,
111.899784301967));
#5610=DIRECTION('',(1.02204909397909E-6,-8.45210972199097E-13,
0.999999999999478));
#5620=VECTOR('',#5610,1.);
#5630=LINE('',#5600,#5620);
#5640=CARTESIAN_POINT('',(37.4390175510385,11.4743939527323,
103.749784301971));
#5650=VERTEX_POINT('',#5640);
#5660=CARTESIAN_POINT('',(37.4390183686778,11.4743939527316,
104.549784303322));
#5670=VERTEX_POINT('',#5660);
#5680=EDGE_CURVE('',#5650,#5670,#5630,.T.);
#5690=ORIENTED_EDGE('',*,*,#5680,.T.);
#5700=CARTESIAN_POINT('',(86.8134114411846,-37.8999999717541,
103.749733837924));
#5710=DIRECTION('',(0.707106780940463,-0.707106781432263,
-7.22712068129503E-7));
#5720=VECTOR('',#5710,1.);
#5730=LINE('',#5700,#5720);
#5740=CARTESIAN_POINT('',(37.0454655125,11.8679459915446,
103.749784704209));
#5750=VERTEX_POINT('',#5740);
#5760=EDGE_CURVE('',#5750,#5650,#5730,.T.);
#5770=ORIENTED_EDGE('',*,*,#5760,.T.);
#5780=CARTESIAN_POINT('',(37.045473842185,11.8679459915528,
111.899784704204));
#5790=DIRECTION('',(-1.02204724023817E-6,-1.0085299535564E-12,
-0.999999999999478));
#5800=VECTOR('',#5790,1.);
#5810=LINE('',#5780,#5800);
#5820=CARTESIAN_POINT('',(37.0454663301378,11.8679459915454,
104.549784705552));
#5830=VERTEX_POINT('',#5820);
#5840=EDGE_CURVE('',#5830,#5750,#5810,.T.);
#5850=ORIENTED_EDGE('',*,*,#5840,.T.);
#5860=CARTESIAN_POINT('',(86.8134122588229,-37.8999999717538,
104.549733840226));
#5870=DIRECTION('',(-0.707106780940463,0.707106781432263,
7.22698442445588E-7));
#5880=VECTOR('',#5870,1.);
#5890=LINE('',#5860,#5880);
#5900=EDGE_CURVE('',#5670,#5830,#5890,.T.);
#5910=ORIENTED_EDGE('',*,*,#5900,.T.);
#5920=EDGE_LOOP('',(#5910,#5850,#5770,#5690));
#5930=FACE_OUTER_BOUND('',#5920,.T.);
#5940=ADVANCED_FACE('',(#5930),#5590,.F.);
#5950=COLOUR_RGB('',0.560784339904785,0.588235318660736,
0.600000023841858);
#5960=FILL_AREA_STYLE_COLOUR('',#5950);
#5970=FILL_AREA_STYLE('',(#5960));
#5980=SURFACE_STYLE_FILL_AREA(#5970);
#5990=SURFACE_SIDE_STYLE('',(#5980));
#6000=SURFACE_STYLE_USAGE(.BOTH.,#5990);
#6010=PRESENTATION_STYLE_ASSIGNMENT((#6000));
#6020=CARTESIAN_POINT('',(37.3915948098868,11.9814369194902,
104.549784351792));
#6030=DIRECTION('',(1.02204909397909E-6,-8.45210972396734E-13,
0.999999999999478));
#6040=DIRECTION('',(0.707106780944371,-0.707106781428355,
-7.22698442465452E-7));
#6050=AXIS2_PLACEMENT_3D('',#6020,#6030,#6040);
#6060=PLANE('',#6050);
#6070=ORIENTED_EDGE('',*,*,#5900,.F.);
#6080=CARTESIAN_POINT('',(3.59208759789049,-21.5854327178395,
104.549818896519));
#6090=DIRECTION('',(0.707106781427986,0.70710678094474,
-7.22697247614321E-7));
#6100=VECTOR('',#6090,1.);
#6110=LINE('',#6080,#6100);
#6120=CARTESIAN_POINT('',(37.5050857380719,12.3275653991654,
104.549784235799));
#6130=VERTEX_POINT('',#6120);
#6140=EDGE_CURVE('',#5830,#6130,#6110,.T.);
#6150=ORIENTED_EDGE('',*,*,#6140,.F.);
#6160=CARTESIAN_POINT('',(87.7326510743937,-37.899999971535,
104.549732900719));
#6170=DIRECTION('',(-0.707106780944371,0.707106781428355,
7.22698442449582E-7));
#6180=VECTOR('',#6170,1.);
#6190=LINE('',#6160,#6180);
#6200=CARTESIAN_POINT('',(37.5768088026935,12.2558423344946,
104.549784162495));
#6210=VERTEX_POINT('',#6200);
#6220=EDGE_CURVE('',#6210,#6130,#6190,.T.);
#6230=ORIENTED_EDGE('',*,*,#6220,.T.);
#6240=CARTESIAN_POINT('',(28.7329805435386,-37.8999999855803,
104.549793201279));
#6250=DIRECTION('',(-0.173648178009058,-0.984807752951866,
1.77476130621472E-7));
#6260=VECTOR('',#6250,1.);
#6270=LINE('',#6240,#6260);
#6280=EDGE_CURVE('',#6210,#5670,#6270,.T.);
#6290=ORIENTED_EDGE('',*,*,#6280,.F.);
#6300=EDGE_LOOP('',(#6290,#6230,#6150,#6070));
#6310=FACE_OUTER_BOUND('',#6300,.T.);
#6320=ADVANCED_FACE('',(#6310),#6060,.T.);
#6330=COLOUR_RGB('',0.560784339904785,0.588235318660736,
0.600000023841858);
#6340=FILL_AREA_STYLE_COLOUR('',#6330);
#6350=FILL_AREA_STYLE('',(#6340));
#6360=SURFACE_STYLE_FILL_AREA(#6350);
#6370=SURFACE_SIDE_STYLE('',(#6360));
#6380=SURFACE_STYLE_USAGE(.BOTH.,#6370);
#6390=PRESENTATION_STYLE_ASSIGNMENT((#6380));
#6400=CARTESIAN_POINT('',(37.5614415643164,12.1686903950456,
104.549784178201));
#6410=DIRECTION('',(-0.984807752951351,0.173648178009149,
1.00652201841738E-6));
#6420=DIRECTION('',(0.173648178009058,0.984807752951866,
-1.77476130635051E-7));
#6430=AXIS2_PLACEMENT_3D('',#6400,#6410,#6420);
#6440=PLANE('',#6430);
#6450=ORIENTED_EDGE('',*,*,#6280,.T.);
#6460=CARTESIAN_POINT('',(37.5768163147533,12.2558423344824,
111.899784161135));
#6470=DIRECTION('',(1.0220489498332E-6,-1.66270293323949E-12,
0.999999999999478));
#6480=VECTOR('',#6470,1.);
#6490=LINE('',#6460,#6480);
#6500=CARTESIAN_POINT('',(37.5768079850544,12.255842334496,
103.74978416114));
#6510=VERTEX_POINT('',#6500);
#6520=EDGE_CURVE('',#6510,#6210,#6490,.T.);
#6530=ORIENTED_EDGE('',*,*,#6520,.T.);
#6540=CARTESIAN_POINT('',(28.7329797258991,-37.8999999855806,
103.749793200166));
#6550=DIRECTION('',(0.173648178009058,0.984807752951866,
-1.77480882223361E-7));
#6560=VECTOR('',#6550,1.);
#6570=LINE('',#6540,#6560);
#6580=EDGE_CURVE('',#5650,#6510,#6570,.T.);
#6590=ORIENTED_EDGE('',*,*,#6580,.T.);
#6600=ORIENTED_EDGE('',*,*,#5680,.F.);
#6610=EDGE_LOOP('',(#6600,#6590,#6530,#6450));
#6620=FACE_OUTER_BOUND('',#6610,.T.);
#6630=ADVANCED_FACE('',(#6620),#6440,.F.);
#6640=COLOUR_RGB('',0.560784339904785,0.588235318660736,
0.600000023841858);
#6650=FILL_AREA_STYLE_COLOUR('',#6640);
#6660=FILL_AREA_STYLE('',(#6650));
#6670=SURFACE_STYLE_FILL_AREA(#6660);
#6680=SURFACE_SIDE_STYLE('',(#6670));
#6690=SURFACE_STYLE_USAGE(.BOTH.,#6680);
#6700=PRESENTATION_STYLE_ASSIGNMENT((#6690));
#6710=CARTESIAN_POINT('',(3.59208678411864,-37.8999999915656,
103.749818895908));
#6720=DIRECTION('',(1.02206957679905E-6,3.68004438717645E-13,
0.999999999999478));
#6730=DIRECTION('',(0.999999999999478,2.38057825194792E-10,
-1.02206957679905E-6));
#6740=AXIS2_PLACEMENT_3D('',#6710,#6720,#6730);
#6750=PLANE('',#6740);
#6760=CARTESIAN_POINT('',(86.8134114411846,-37.8999999717541,
103.749733837924));
#6770=DIRECTION('',(0.707106780940463,-0.707106781432263,
-7.22712068129503E-7));
#6780=VECTOR('',#6770,1.);
#6790=LINE('',#6760,#6780);
#6800=CARTESIAN_POINT('',(43.5815599271288,5.33185157236994,
103.749778023868));
#6810=VERTEX_POINT('',#6800);
#6820=CARTESIAN_POINT('',(43.9751119656976,4.93829953352736,
103.74977762163));
#6830=VERTEX_POINT('',#6820);
#6840=EDGE_CURVE('',#6810,#6830,#6790,.T.);
#6850=ORIENTED_EDGE('',*,*,#6840,.F.);
#6860=CARTESIAN_POINT('',(3.59208678353414,-35.4447256201453,
103.749818895907));
#6870=DIRECTION('',(-0.707106781435801,-0.707106780936925,
7.22712589072641E-7));
#6880=VECTOR('',#6870,1.);
#6890=LINE('',#6860,#6880);
#6900=CARTESIAN_POINT('',(43.4094265404918,4.37261410872056,
103.749778199801));
#6910=VERTEX_POINT('',#6900);
#6920=EDGE_CURVE('',#6830,#6910,#6890,.T.);
#6930=ORIENTED_EDGE('',*,*,#6920,.F.);
#6940=CARTESIAN_POINT('',(85.6820405918348,-37.8999999720234,
103.749734994263));
#6950=DIRECTION('',(-0.707106780940463,0.707106781432262,
7.22712068129503E-7));
#6960=VECTOR('',#6950,1.);
#6970=LINE('',#6940,#6960);
#6980=CARTESIAN_POINT('',(42.766253742418,5.01578690724169,
103.749778857168));
#6990=VERTEX_POINT('',#6980);
#7000=EDGE_CURVE('',#6910,#6990,#6970,.T.);
#7010=ORIENTED_EDGE('',*,*,#7000,.F.);
#7020=CARTESIAN_POINT('',(42.554121708197,5.22791894173248,
103.7497790754));
#7030=DIRECTION('',(-1.02204675941924E-6,-5.27711028537214E-13,
-0.999999999999478));
#7040=DIRECTION('',(-0.707106780940463,0.707106781432263,
7.22695820875901E-7));
#7050=AXIS2_PLACEMENT_3D('',#7020,#7030,#7040);
#7060=CIRCLE('',#7050,0.299999999999998);
#7070=CARTESIAN_POINT('',(42.5541217083011,5.52791894173249,
103.749779073981));
#7080=VERTEX_POINT('',#7070);
#7090=EDGE_CURVE('',#7080,#6990,#7060,.T.);
#7100=ORIENTED_EDGE('',*,*,#7090,.T.);
#7110=CARTESIAN_POINT('',(3.59208677378028,5.52791895527155,
103.749818895892));
#7120=DIRECTION('',(-0.999999999999478,3.47493493961515E-10,
1.02206957679905E-6));
#7130=VECTOR('',#7120,1.);
#7140=LINE('',#7110,#7130);
#7150=CARTESIAN_POINT('',(41.2641722145323,5.52791894218081,
103.749780392399));
#7160=VERTEX_POINT('',#7150);
#7170=EDGE_CURVE('',#7080,#7160,#7140,.T.);
#7180=ORIENTED_EDGE('',*,*,#7170,.F.);
#7190=CARTESIAN_POINT('',(84.6920910987688,-37.8999999722591,
103.749736006061));
#7200=DIRECTION('',(0.707106780940472,-0.707106781432254,
-7.22712068129511E-7));
#7210=VECTOR('',#7200,1.);
#7220=LINE('',#7190,#7210);
#7230=CARTESIAN_POINT('',(41.6946925963867,5.09739856002702,
103.749779952378));
#7240=VERTEX_POINT('',#7230);
#7250=EDGE_CURVE('',#7160,#7240,#7220,.T.);
#7260=ORIENTED_EDGE('',*,*,#7250,.F.);
#7270=CARTESIAN_POINT('',(3.59208678295339,-33.0052072269455,
103.749818895906));
#7280=DIRECTION('',(-0.707106781431894,-0.707106780940832,
7.22712589068648E-7));
#7290=VECTOR('',#7280,1.);
#7300=LINE('',#7270,#7290);
#7310=CARTESIAN_POINT('',(40.9522304758834,4.35493644003926,
103.749780711226));
#7320=VERTEX_POINT('',#7310);
#7330=EDGE_CURVE('',#7240,#7320,#7300,.T.);
#7340=ORIENTED_EDGE('',*,*,#7330,.F.);
#7350=CARTESIAN_POINT('',(83.2071668591514,-37.8999999726126,
103.749737523757));
#7360=DIRECTION('',(-0.707106780940504,0.707106781432222,
7.22712068129545E-7));
#7370=VECTOR('',#7360,1.);
#7380=LINE('',#7350,#7370);
#7390=CARTESIAN_POINT('',(36.4621024169112,8.84506450213387,
103.749785300448));
#7400=VERTEX_POINT('',#7390);
#7410=EDGE_CURVE('',#7320,#7400,#7380,.T.);
#7420=ORIENTED_EDGE('',*,*,#7410,.F.);
#7430=CARTESIAN_POINT('',(3.59208678081557,-24.0249511111346,
103.749818895903));
#7440=DIRECTION('',(0.707106781431894,0.707106780940832,
-7.22712589068648E-7));
#7450=VECTOR('',#7440,1.);
#7460=LINE('',#7430,#7450);
#7470=CARTESIAN_POINT('',(37.2045645374146,9.58752662212165,
103.749784541599));
#7480=VERTEX_POINT('',#7470);
#7490=EDGE_CURVE('',#7400,#7480,#7460,.T.);
#7500=ORIENTED_EDGE('',*,*,#7490,.F.);
#7510=CARTESIAN_POINT('',(84.6920910987714,-37.8999999722591,
103.749736006061));
#7520=DIRECTION('',(0.707106780940496,-0.70710678143223,
-7.22712068129536E-7));
#7530=VECTOR('',#7520,1.);
#7540=LINE('',#7510,#7530);
#7550=CARTESIAN_POINT('',(37.6350849192693,9.1570062399673,
103.749784101578));
#7560=VERTEX_POINT('',#7550);
#7570=EDGE_CURVE('',#7480,#7560,#7540,.T.);
#7580=ORIENTED_EDGE('',*,*,#7570,.F.);
#7590=CARTESIAN_POINT('',(37.6350849131033,-8.58703700396509,
103.749784102905));
#7600=DIRECTION('',(3.47493493208852E-10,1.,-7.36586625775816E-13));
#7610=VECTOR('',#7600,1.);
#7620=LINE('',#7590,#7610);
#7630=CARTESIAN_POINT('',(37.6350849197175,10.4469557337374,
103.749784101584));
#7640=VERTEX_POINT('',#7630);
#7650=EDGE_CURVE('',#7560,#7640,#7620,.T.);
#7660=ORIENTED_EDGE('',*,*,#7650,.F.);
#7670=CARTESIAN_POINT('',(37.3350849197177,10.4469557338416,
103.749784409506));
#7680=DIRECTION('',(1.02204675941924E-6,5.27711028537214E-13,
0.999999999999478));
#7690=DIRECTION('',(0.707106780940463,-0.707106781432263,
-7.22695820875901E-7));
#7700=AXIS2_PLACEMENT_3D('',#7670,#7680,#7690);
#7710=CIRCLE('',#7700,0.299999999999998);
#7720=CARTESIAN_POINT('',(37.1229528853744,10.6590877682102,
103.749784625012));
#7730=VERTEX_POINT('',#7720);
#7740=EDGE_CURVE('',#7640,#7730,#7710,.T.);
#7750=ORIENTED_EDGE('',*,*,#7740,.F.);
#7760=CARTESIAN_POINT('',(85.6820405918348,-37.8999999720234,
103.749734994263));
#7770=DIRECTION('',(-0.707106780940463,0.707106781432262,
7.22712068129503E-7));
#7780=VECTOR('',#7770,1.);
#7790=LINE('',#7760,#7780);
#7800=CARTESIAN_POINT('',(36.4797800873004,11.3022605667315,
103.749785282379));
#7810=VERTEX_POINT('',#7800);
#7820=EDGE_CURVE('',#7730,#7810,#7790,.T.);
#7830=ORIENTED_EDGE('',*,*,#7820,.F.);
#7840=CARTESIAN_POINT('',(3.59208678023483,-21.5854327178582,
103.749818895902));
#7850=DIRECTION('',(0.707106781427986,0.70710678094474,
-7.22712589064653E-7));
#7860=VECTOR('',#7850,1.);
#7870=LINE('',#7840,#7860);
#7880=EDGE_CURVE('',#7810,#5750,#7870,.T.);
#7890=ORIENTED_EDGE('',*,*,#7880,.F.);
#7900=ORIENTED_EDGE('',*,*,#5760,.F.);
#7910=ORIENTED_EDGE('',*,*,#6580,.F.);
#7920=CARTESIAN_POINT('',(87.7326502567561,-37.8999999715353,
103.749732898398));
#7930=DIRECTION('',(-0.707106780944371,0.707106781428355,
7.22712068133497E-7));
#7940=VECTOR('',#7930,1.);
#7950=LINE('',#7920,#7940);
#7960=CARTESIAN_POINT('',(36.6326502969229,13.2000000232737,
103.749785126134));
#7970=VERTEX_POINT('',#7960);
#7980=EDGE_CURVE('',#6510,#7970,#7950,.T.);
#7990=ORIENTED_EDGE('',*,*,#7980,.F.);
#8000=CARTESIAN_POINT('',(3.59208677195388,13.2000000500835,
103.749818895889));
#8010=DIRECTION('',(-0.999999999999478,8.11421499389157E-10,
1.02206957679905E-6));
#8020=VECTOR('',#8010,1.);
#8030=LINE('',#8000,#8020);
#8040=CARTESIAN_POINT('',(22.632166425438,13.200000034634,
103.749799435603));
#8050=VERTEX_POINT('',#8040);
#8060=EDGE_CURVE('',#7970,#8050,#8030,.T.);
#8070=ORIENTED_EDGE('',*,*,#8060,.F.);
#8080=CARTESIAN_POINT('',(4.03328739799061,-37.8999999914606,
103.74981844497));
#8090=DIRECTION('',(-0.342020144087977,-0.939692620508386,
3.49568729735988E-7));
#8100=VECTOR('',#8090,1.);
#8110=LINE('',#8080,#8100);
#8120=CARTESIAN_POINT('',(17.0270247952372,-2.19999998831536,
103.749805164453));
#8130=VERTEX_POINT('',#8120);
#8140=EDGE_CURVE('',#8050,#8130,#8110,.T.);
#8150=ORIENTED_EDGE('',*,*,#8140,.F.);
#8160=CARTESIAN_POINT('',(3.59208677561997,-2.19999999151366,
103.749818895895));
#8170=DIRECTION('',(-0.999999999999478,-2.38057825194792E-10,
1.02206957679905E-6));
#8180=VECTOR('',#8170,1.);
#8190=LINE('',#8160,#8180);
#8200=CARTESIAN_POINT('',(1.65066595907286,-2.19999999197583,
103.749820880162));
#8210=VERTEX_POINT('',#8200);
#8220=EDGE_CURVE('',#8130,#8210,#8190,.T.);
#8230=ORIENTED_EDGE('',*,*,#8220,.F.);
#8240=CARTESIAN_POINT('',(0.822330223288433,-4.15987653676622,
103.749821726779));
#8250=DIRECTION('',(0.389303997925508,0.921109329666711,
-3.97896111378433E-7));
#8260=VECTOR('',#8250,1.);
#8270=LINE('',#8240,#8260);
#8280=CARTESIAN_POINT('',(0.932166237802713,-3.89999999236487,
103.749821614519));
#8290=VERTEX_POINT('',#8280);
#8300=EDGE_CURVE('',#8290,#8210,#8270,.T.);
#8310=ORIENTED_EDGE('',*,*,#8300,.T.);
#8320=CARTESIAN_POINT('',(0.932166237746242,-4.15987654154198,
103.749821614519));
#8330=DIRECTION('',(2.17246930843209E-10,1.,-3.68226480196506E-13));
#8340=VECTOR('',#8330,1.);
#8350=LINE('',#8320,#8340);
#8360=CARTESIAN_POINT('',(0.932166236216797,-11.1999999997859,
103.749821614522));
#8370=VERTEX_POINT('',#8360);
#8380=EDGE_CURVE('',#8370,#8290,#8350,.T.);
#8390=ORIENTED_EDGE('',*,*,#8380,.T.);
#8400=CARTESIAN_POINT('',(0.679463126508789,-11.199999999731,
103.749821872802));
#8410=DIRECTION('',(-0.999999999999478,2.17246931219465E-10,
1.02206957679905E-6));
#8420=VECTOR('',#8410,1.);
#8430=LINE('',#8400,#8420);
#8440=CARTESIAN_POINT('',(-7.06783376377881,-11.199999998048,
103.749829791078));
#8450=VERTEX_POINT('',#8440);
#8460=EDGE_CURVE('',#8370,#8450,#8430,.T.);
#8470=ORIENTED_EDGE('',*,*,#8460,.F.);
#8480=CARTESIAN_POINT('',(-7.06783376224937,-4.15987654154198,
103.749829791076));
#8490=DIRECTION('',(-2.17246930843209E-10,-1.,3.68226480196506E-13));
#8500=VECTOR('',#8490,1.);
#8510=LINE('',#8480,#8500);
#8520=CARTESIAN_POINT('',(-7.06783376219293,-3.89999999804964,
103.749829791076));
#8530=VERTEX_POINT('',#8520);
#8540=EDGE_CURVE('',#8530,#8450,#8510,.T.);
#8550=ORIENTED_EDGE('',*,*,#8540,.T.);
#8560=CARTESIAN_POINT('',(-6.95799774840855,-4.15987654154198,
103.749829678816));
#8570=DIRECTION('',(0.389303996885878,-0.921109330106108,
-3.97895432371215E-7));
#8580=VECTOR('',#8570,1.);
#8590=LINE('',#8560,#8580);
#8600=CARTESIAN_POINT('',(-7.78633348242789,-2.19999999475902,
103.749830525432));
#8610=VERTEX_POINT('',#8600);
#8620=EDGE_CURVE('',#8610,#8530,#8590,.T.);
#8630=ORIENTED_EDGE('',*,*,#8620,.T.);
#8640=CARTESIAN_POINT('',(3.59208677561997,-2.19999998969548,
103.749818895895));
#8650=DIRECTION('',(-0.999999999999478,-7.09075296037629E-10,
1.02206957679905E-6));
#8660=VECTOR('',#8650,1.);
#8670=LINE('',#8640,#8660);
#8680=CARTESIAN_POINT('',(-21.9683176484458,-2.20000000781974,
103.749845020406));
#8690=VERTEX_POINT('',#8680);
#8700=EDGE_CURVE('',#8610,#8690,#8670,.T.);
#8710=ORIENTED_EDGE('',*,*,#8700,.F.);
#8720=CARTESIAN_POINT('',(-57.6683176347582,-37.9000000061491,
103.749881508303));
#8730=DIRECTION('',(0.707106781016741,0.707106781355985,
-7.22712588644332E-7));
#8740=VECTOR('',#8730,1.);
#8750=LINE('',#8720,#8740);
#8760=CARTESIAN_POINT('',(-22.9124753419142,-3.14415769663032,
103.749845985402));
#8770=VERTEX_POINT('',#8760);
#8780=EDGE_CURVE('',#8770,#8690,#8750,.T.);
#8790=ORIENTED_EDGE('',*,*,#8780,.T.);
#8800=CARTESIAN_POINT('',(-16.7840825984313,-37.8999999964163,
103.749839721771));
#8810=DIRECTION('',(0.173648177908266,-0.984807752969638,
-1.77480157293096E-7));
#8820=VECTOR('',#8810,1.);
#8830=LINE('',#8800,#8820);
#8840=CARTESIAN_POINT('',(-22.7746849080058,-3.92560607825255,
103.74984584457));
#8850=VERTEX_POINT('',#8840);
#8860=EDGE_CURVE('',#8770,#8850,#8830,.T.);
#8870=ORIENTED_EDGE('',*,*,#8860,.F.);
#8880=CARTESIAN_POINT('',(-56.7490788190083,-37.9000000059303,
103.749880568777));
#8890=DIRECTION('',(0.707106781012833,0.707106781359893,
-7.22712588640339E-7));
#8900=VECTOR('',#8890,1.);
#8910=LINE('',#8880,#8900);
#8920=CARTESIAN_POINT('',(-22.3811328693385,-3.53205403939216,
103.749845442333));
#8930=VERTEX_POINT('',#8920);
#8940=EDGE_CURVE('',#8850,#8930,#8910,.T.);
#8950=ORIENTED_EDGE('',*,*,#8940,.F.);
#8960=CARTESIAN_POINT('',(0.679463126508792,-26.5926500241998,
103.749821872808));
#8970=DIRECTION('',(0.707106781355616,-0.70710678101711,
-7.22712068553818E-7));
#8980=VECTOR('',#8970,1.);
#8990=LINE('',#8960,#8980);
#9000=CARTESIAN_POINT('',(-21.8154474441053,-4.09773946435459,
103.749844864163));
#9010=VERTEX_POINT('',#9000);
#9020=EDGE_CURVE('',#8930,#9010,#8990,.T.);
#9030=ORIENTED_EDGE('',*,*,#9020,.F.);
#9040=CARTESIAN_POINT('',(-21.8775845212622,-4.15987654154199,
103.749844927671));
#9050=DIRECTION('',(0.707106781012833,0.707106781359893,
-7.22712588640338E-7));
#9060=VECTOR('',#9050,1.);
#9070=LINE('',#9040,#9060);
#9080=CARTESIAN_POINT('',(-22.458620242245,-4.74091226281003,
103.749845521531));
#9090=VERTEX_POINT('',#9080);
#9100=EDGE_CURVE('',#9090,#9010,#9070,.T.);
#9110=ORIENTED_EDGE('',*,*,#9100,.T.);
#9120=CARTESIAN_POINT('',(-22.67075227661,-4.95304429715689,
103.749845738344));
#9130=DIRECTION('',(-1.02206957679905E-6,-3.68004438717645E-13,
-0.999999999999478));
#9140=DIRECTION('',(0.999999999999478,2.2129897646266E-16,
-1.02206957679905E-6));
#9150=AXIS2_PLACEMENT_3D('',#9120,#9130,#9140);
#9160=CIRCLE('',#9150,0.299999999999998);
#9170=CARTESIAN_POINT('',(-22.9707522766099,-4.95304429723042,
103.749846044965));
#9180=VERTEX_POINT('',#9170);
#9190=EDGE_CURVE('',#9180,#9090,#9160,.T.);
#9200=ORIENTED_EDGE('',*,*,#9190,.T.);
#9210=CARTESIAN_POINT('',(-22.9707522768043,-4.15987654154198,
103.749846044965));
#9220=DIRECTION('',(-2.45147290985981E-10,1.,-3.67753881129886E-13));
#9230=VECTOR('',#9220,1.);
#9240=LINE('',#9210,#9230);
#9250=CARTESIAN_POINT('',(-22.9707522762936,-6.24299379100049,
103.749846044966));
#9260=VERTEX_POINT('',#9250);
#9270=EDGE_CURVE('',#9260,#9180,#9240,.T.);
#9280=ORIENTED_EDGE('',*,*,#9270,.T.);
#9290=CARTESIAN_POINT('',(-20.8876350278573,-4.15987654154198,
103.749843915874));
#9300=DIRECTION('',(0.707106781012865,0.707106781359861,
-7.22712588640371E-7));
#9310=VECTOR('',#9300,1.);
#9320=LINE('',#9290,#9310);
#9330=CARTESIAN_POINT('',(-22.5402318943947,-5.81247340889036,
103.749845604944));
#9340=VERTEX_POINT('',#9330);
#9350=EDGE_CURVE('',#9260,#9340,#9320,.T.);
#9360=ORIENTED_EDGE('',*,*,#9350,.F.);
#9370=CARTESIAN_POINT('',(0.679463126508793,-29.0321684184215,
103.749821872808));
#9380=DIRECTION('',(-0.707106781359524,0.707106781013201,
7.22712068557813E-7));
#9390=VECTOR('',#9380,1.);
#9400=LINE('',#9370,#9390);
#9410=CARTESIAN_POINT('',(-21.7977697739674,-6.554935528954,
103.749844846096));
#9420=VERTEX_POINT('',#9410);
#9430=EDGE_CURVE('',#9420,#9340,#9400,.T.);
#9440=ORIENTED_EDGE('',*,*,#9430,.T.);
#9450=CARTESIAN_POINT('',(-19.4027107877307,-4.15987654154199,
103.749842398178));
#9460=DIRECTION('',(0.707106781012874,0.707106781359852,
-7.2271258864038E-7));
#9470=VECTOR('',#9460,1.);
#9480=LINE('',#9450,#9470);
#9490=CARTESIAN_POINT('',(-26.2878978333994,-11.045063590589,
103.749849435321));
#9500=VERTEX_POINT('',#9490);
#9510=EDGE_CURVE('',#9500,#9420,#9480,.T.);
#9520=ORIENTED_EDGE('',*,*,#9510,.T.);
#9530=CARTESIAN_POINT('',(0.679463126508795,-38.0124245372893,
103.749821872812));
#9540=DIRECTION('',(0.707106781359525,-0.707106781013201,
-7.22712068557813E-7));
#9550=VECTOR('',#9540,1.);
#9560=LINE('',#9530,#9550);
#9570=CARTESIAN_POINT('',(-27.0303599538267,-10.3026014705253,
103.749850194169));
#9580=VERTEX_POINT('',#9570);
#9590=EDGE_CURVE('',#9580,#9500,#9560,.T.);
#9600=ORIENTED_EDGE('',*,*,#9590,.T.);
#9610=CARTESIAN_POINT('',(-20.887635027858,-4.15987654154198,
103.749843915874));
#9620=DIRECTION('',(-0.707106781012841,-0.707106781359885,
7.22712588640347E-7));
#9630=VECTOR('',#9620,1.);
#9640=LINE('',#9610,#9630);
#9650=CARTESIAN_POINT('',(-26.5998395719282,-9.87208108841566,
103.749849754147));
#9660=VERTEX_POINT('',#9650);
#9670=EDGE_CURVE('',#9660,#9580,#9640,.T.);
#9680=ORIENTED_EDGE('',*,*,#9670,.T.);
#9690=CARTESIAN_POINT('',(0.679463126508789,-9.8720810817282,
103.749821872801));
#9700=DIRECTION('',(0.999999999999478,2.45147290609952E-10,
-1.02206957679905E-6));
#9710=VECTOR('',#9700,1.);
#9720=LINE('',#9690,#9710);
#9730=CARTESIAN_POINT('',(-27.889789065697,-9.87208108873189,
103.749851072565));
#9740=VERTEX_POINT('',#9730);
#9750=EDGE_CURVE('',#9740,#9660,#9720,.T.);
#9760=ORIENTED_EDGE('',*,*,#9750,.T.);
#9770=CARTESIAN_POINT('',(-27.8897890656234,-10.1720810887319,
103.749851072565));
#9780=DIRECTION('',(1.02206957679905E-6,3.68004438717645E-13,
0.999999999999478));
#9790=DIRECTION('',(0.999999999999478,2.2129897646266E-16,
-1.02206957679905E-6));
#9800=AXIS2_PLACEMENT_3D('',#9770,#9780,#9790);
#9810=CIRCLE('',#9800,0.299999999999998);
#9820=CARTESIAN_POINT('',(-28.1019210998662,-10.384213123201,
103.749851289379));
#9830=VERTEX_POINT('',#9820);
#9840=EDGE_CURVE('',#9740,#9830,#9810,.T.);
#9850=ORIENTED_EDGE('',*,*,#9840,.F.);
#9860=CARTESIAN_POINT('',(-21.8775845212622,-4.15987654154199,
103.749844927671));
#9870=DIRECTION('',(0.707106781012833,0.707106781359893,
-7.22712588640338E-7));
#9880=VECTOR('',#9870,1.);
#9890=LINE('',#9860,#9880);
#9900=CARTESIAN_POINT('',(-28.7450938980057,-11.0273859216562,
103.749851946746));
#9910=VERTEX_POINT('',#9900);
#9920=EDGE_CURVE('',#9910,#9830,#9890,.T.);
#9930=ORIENTED_EDGE('',*,*,#9920,.T.);
#9940=CARTESIAN_POINT('',(0.679463126508796,-40.4519429314343,
103.749821872813));
#9950=DIRECTION('',(0.707106781363431,-0.707106781009295,
-7.22712068561806E-7));
#9960=VECTOR('',#9950,1.);
#9970=LINE('',#9940,#9960);
#9980=CARTESIAN_POINT('',(-29.3107793232453,-10.4617004967001,
103.749852524916));
#9990=VERTEX_POINT('',#9980);
#10000=EDGE_CURVE('',#9990,#9910,#9970,.T.);
#10010=ORIENTED_EDGE('',*,*,#10000,.T.);
#10020=CARTESIAN_POINT('',(-56.7490788190083,-37.9000000059303,
103.749880568777));
#10030=DIRECTION('',(0.707106781012833,0.707106781359893,
-7.22712588640339E-7));
#10040=VECTOR('',#10030,1.);
#10050=LINE('',#10020,#10040);
#10060=CARTESIAN_POINT('',(-28.9172272847246,-10.0681484579863,
103.749852122678));
#10070=VERTEX_POINT('',#10060);
#10080=EDGE_CURVE('',#9990,#10070,#10050,.T.);
#10090=ORIENTED_EDGE('',*,*,#10080,.F.);
#10100=CARTESIAN_POINT('',(3.59208677885766,-15.8004176435068,
103.7498188959));
#10110=DIRECTION('',(-0.984807753054262,0.173648177425511,
1.00654197948982E-6));
#10120=VECTOR('',#10110,1.);
#10130=LINE('',#10100,#10120);
#10140=CARTESIAN_POINT('',(-29.6986756664777,-9.9303580244497,
103.749852921373));
#10150=VERTEX_POINT('',#10140);
#10160=EDGE_CURVE('',#10070,#10150,#10130,.T.);
#10170=ORIENTED_EDGE('',*,*,#10160,.F.);
#10180=CARTESIAN_POINT('',(-57.6683176347582,-37.9000000061491,
103.749881508303));
#10190=DIRECTION('',(0.707106781016741,0.707106781355985,
-7.22712588644332E-7));
#10200=VECTOR('',#10190,1.);
#10210=LINE('',#10180,#10200);
#10220=CARTESIAN_POINT('',(-31.0178337880765,-11.2495161466814,
103.749854269645));
#10230=VERTEX_POINT('',#10220);
#10240=EDGE_CURVE('',#10230,#10150,#10210,.T.);
#10250=ORIENTED_EDGE('',*,*,#10240,.T.);
#10260=CARTESIAN_POINT('',(-31.0178337833489,-4.15987654154199,
103.749854269642));
#10270=DIRECTION('',(-6.66833762665414E-10,-1.,3.68685989219441E-13));
#10280=VECTOR('',#10270,1.);
#10290=LINE('',#10260,#10280);
#10300=CARTESIAN_POINT('',(-31.0178338017802,-31.7999999814548,
103.749854269652));
#10310=VERTEX_POINT('',#10300);
#10320=EDGE_CURVE('',#10230,#10310,#10290,.T.);
#10330=ORIENTED_EDGE('',*,*,#10320,.F.);
#10340=CARTESIAN_POINT('',(0.679463126508794,-31.7999999883463,
103.749821872809));
#10350=DIRECTION('',(0.999999999999478,-2.17417202091491E-10,
-1.02206957679905E-6));
#10360=VECTOR('',#10350,1.);
#10370=LINE('',#10340,#10360);
#10380=CARTESIAN_POINT('',(-26.9660590444132,-31.7999999823357,
103.749850128457));
#10390=VERTEX_POINT('',#10380);
#10400=EDGE_CURVE('',#10310,#10390,#10370,.T.);
#10410=ORIENTED_EDGE('',*,*,#10400,.F.);
#10420=CARTESIAN_POINT('',(-28.0520424460929,-4.15987654153656,
103.749851238397));
#10430=DIRECTION('',(-0.0392598155419701,0.999229036249252,
4.01258953354906E-8));
#10440=VECTOR('',#10430,1.);
#10450=LINE('',#10420,#10440);
#10460=CARTESIAN_POINT('',(-26.8678337762404,-34.3000000128173,
103.749850028065));
#10470=VERTEX_POINT('',#10460);
#10480=EDGE_CURVE('',#10470,#10390,#10450,.T.);
#10490=ORIENTED_EDGE('',*,*,#10480,.T.);
#10500=CARTESIAN_POINT('',(-26.8678337696926,-4.15987654153656,
103.749850028053));
#10510=DIRECTION('',(2.1724550572444E-10,1.,-3.68226478739935E-13));
#10520=VECTOR('',#10510,1.);
#10530=LINE('',#10500,#10520);
#10540=CARTESIAN_POINT('',(-26.8678337775656,-40.4000000128216,
103.749850028067));
#10550=VERTEX_POINT('',#10540);
#10560=EDGE_CURVE('',#10550,#10470,#10530,.T.);
#10570=ORIENTED_EDGE('',*,*,#10560,.T.);
#10580=CARTESIAN_POINT('',(-4.44089209850063E-16,-40.4000000186585,
103.749822567271));
#10590=DIRECTION('',(-0.999999999999478,2.17245506100594E-10,
1.02206957679905E-6));
#10600=VECTOR('',#10590,1.);
#10610=LINE('',#10580,#10600);
#10620=CARTESIAN_POINT('',(-29.5678337775636,-40.400000012235,
103.749852787655));
#10630=VERTEX_POINT('',#10620);
#10640=EDGE_CURVE('',#10550,#10630,#10610,.T.);
#10650=ORIENTED_EDGE('',*,*,#10640,.F.);
#10660=CARTESIAN_POINT('',(-29.5678337777592,-41.3000000122349,
103.749852787655));
#10670=DIRECTION('',(1.02206957679905E-6,3.68004438717645E-13,
0.999999999999478));
#10680=DIRECTION('',(0.999999999999478,2.2129897646266E-16,
-1.02206957679905E-6));
#10690=AXIS2_PLACEMENT_3D('',#10660,#10670,#10680);
#10700=CIRCLE('',#10690,0.89999999999984);
#10710=CARTESIAN_POINT('',(-30.4678337777585,-41.3000000120393,
103.749853707518));
#10720=VERTEX_POINT('',#10710);
#10730=EDGE_CURVE('',#10630,#10720,#10700,.T.);
#10740=ORIENTED_EDGE('',*,*,#10730,.F.);
#10750=CARTESIAN_POINT('',(-30.4678337696753,-4.15987654153656,
103.749853707504));
#10760=DIRECTION('',(2.17631211080982E-10,1.,-3.68226872957646E-13));
#10770=VECTOR('',#10760,1.);
#10780=LINE('',#10750,#10770);
#10790=CARTESIAN_POINT('',(-30.4678337784328,-44.3999999840176,
103.749853707519));
#10800=VERTEX_POINT('',#10790);
#10810=EDGE_CURVE('',#10800,#10720,#10780,.T.);
#10820=ORIENTED_EDGE('',*,*,#10810,.T.);
#10830=CARTESIAN_POINT('',(0.65446312650881,-44.4000000186436,
103.749821898366));
#10840=DIRECTION('',(-0.999999999999478,2.16982993866553E-10,
1.02206957679905E-6));
#10850=VECTOR('',#10840,1.);
#10860=LINE('',#10830,#10850);
#10870=CARTESIAN_POINT('',(-16.0259257635003,-44.3999999871513,
103.749838946884));
#10880=VERTEX_POINT('',#10870);
#10890=EDGE_CURVE('',#10880,#10800,#10860,.T.);
#10900=ORIENTED_EDGE('',*,*,#10890,.T.);
#10910=CARTESIAN_POINT('',(-21.6678337700128,-40.2564659827032,
103.749844713305));
#10920=DIRECTION('',(1.02206957679905E-6,3.68004438717645E-13,
0.999999999999478));
#10930=DIRECTION('',(0.999999999999478,2.2129897646266E-16,
-1.02206957679905E-6));
#10940=AXIS2_PLACEMENT_3D('',#10910,#10920,#10930);
#10950=CIRCLE('',#10940,7.);
#10960=CARTESIAN_POINT('',(-14.6678337700164,-40.2564659842239,
103.749837558818));
#10970=VERTEX_POINT('',#10960);
#10980=EDGE_CURVE('',#10880,#10970,#10950,.T.);
#10990=ORIENTED_EDGE('',*,*,#10980,.F.);
#11000=CARTESIAN_POINT('',(-14.6678337621746,-4.15987654154198,
103.749837558805));
#11010=DIRECTION('',(2.1724550572444E-10,1.,-3.68226478739935E-13));
#11020=VECTOR('',#11010,1.);
#11030=LINE('',#11000,#11020);
#11040=CARTESIAN_POINT('',(-14.6678337698955,-39.6999999875928,
103.749837558818));
#11050=VERTEX_POINT('',#11040);
#11060=EDGE_CURVE('',#10970,#11050,#11030,.T.);
#11070=ORIENTED_EDGE('',*,*,#11060,.F.);
#11080=CARTESIAN_POINT('',(0.679463126508795,-38.3572854967497,
103.749821872812));
#11090=DIRECTION('',(-0.996194698110159,-0.0871557425312431,
1.01818032558114E-6));
#11100=VECTOR('',#11090,1.);
#11110=LINE('',#11080,#11100);
#11120=CARTESIAN_POINT('',(-15.5678337699121,-39.7787397845706,
103.74983847868));
#11130=VERTEX_POINT('',#11120);
#11140=EDGE_CURVE('',#11050,#11130,#11110,.T.);
#11150=ORIENTED_EDGE('',*,*,#11140,.F.);
#11160=CARTESIAN_POINT('',(-15.5678337621741,-4.15987654154198,
103.749838478667));
#11170=DIRECTION('',(2.1724550572444E-10,1.,-3.68226478739935E-13));
#11180=VECTOR('',#11170,1.);
#11190=LINE('',#11160,#11180);
#11200=CARTESIAN_POINT('',(-15.5678337696777,-38.6999999874032,
103.74983847868));
#11210=VERTEX_POINT('',#11200);
#11220=EDGE_CURVE('',#11130,#11210,#11190,.T.);
#11230=ORIENTED_EDGE('',*,*,#11220,.F.);
#11240=CARTESIAN_POINT('',(-7.26783376968206,-38.6999999892063,
103.749829995502));
#11250=DIRECTION('',(1.02206957679905E-6,3.68004438717645E-13,
0.999999999999478));
#11260=DIRECTION('',(0.999999999999478,2.2129897646266E-16,
-1.02206957679905E-6));
#11270=AXIS2_PLACEMENT_3D('',#11240,#11250,#11260);
#11280=CIRCLE('',#11270,8.3);
#11290=CARTESIAN_POINT('',(-14.9092552396422,-35.4598336481211,
103.749837805566));
#11300=VERTEX_POINT('',#11290);
#11310=EDGE_CURVE('',#11300,#11210,#11280,.T.);
#11320=ORIENTED_EDGE('',*,*,#11310,.T.);
#11330=CARTESIAN_POINT('',(-14.4489286450636,-35.6550243915581,
103.74983733508));
#11340=DIRECTION('',(1.02206957679905E-6,3.68004438717645E-13,
0.999999999999478));
#11350=DIRECTION('',(0.999999999999478,2.2129897646266E-16,
-1.02206957679905E-6));
#11360=AXIS2_PLACEMENT_3D('',#11330,#11340,#11350);
#11370=CIRCLE('',#11360,0.5);
#11380=CARTESIAN_POINT('',(-13.9886020505133,-35.8502151349892,
103.749836864594));
#11390=VERTEX_POINT('',#11380);
#11400=EDGE_CURVE('',#11390,#11300,#11370,.T.);
#11410=ORIENTED_EDGE('',*,*,#11400,.T.);
#11420=CARTESIAN_POINT('',(-7.26783376968206,-38.6999999892063,
103.749829995502));
#11430=DIRECTION('',(1.02206957679905E-6,3.68004438717645E-13,
0.999999999999478));
#11440=DIRECTION('',(0.999999999999478,2.2129897646266E-16,
-1.02206957679905E-6));
#11450=AXIS2_PLACEMENT_3D('',#11420,#11430,#11440);
#11460=CIRCLE('',#11450,7.3);
#11470=CARTESIAN_POINT('',(-14.561666781137,-38.399999987615,
103.749837450307));
#11480=VERTEX_POINT('',#11470);
#11490=EDGE_CURVE('',#11390,#11480,#11460,.T.);
#11500=ORIENTED_EDGE('',*,*,#11490,.F.);
#11510=CARTESIAN_POINT('',(0.679463126508795,-38.3999999909328,
103.749821872812));
#11520=DIRECTION('',(-0.999999999999478,2.1724553385631E-10,
1.02206957679905E-6));
#11530=VECTOR('',#11520,1.);
#11540=LINE('',#11510,#11530);
#11550=CARTESIAN_POINT('',(11.232166230364,-38.3999999932186,
103.749811087215));
#11560=VERTEX_POINT('',#11550);
#11570=EDGE_CURVE('',#11560,#11480,#11540,.T.);
#11580=ORIENTED_EDGE('',*,*,#11570,.T.);
#11590=CARTESIAN_POINT('',(11.2321662304075,-38.1999999932186,
103.749811087215));
#11600=DIRECTION('',(-1.02206957679905E-6,-3.68004438717645E-13,
-0.999999999999478));
#11610=DIRECTION('',(0.999999999999478,2.2129897646266E-16,
-1.02206957679905E-6));
#11620=AXIS2_PLACEMENT_3D('',#11590,#11600,#11610);
#11630=CIRCLE('',#11620,0.2);
#11640=CARTESIAN_POINT('',(11.4321662304074,-38.1999999932626,
103.749810882801));
#11650=VERTEX_POINT('',#11640);
#11660=EDGE_CURVE('',#11650,#11560,#11630,.T.);
#11670=ORIENTED_EDGE('',*,*,#11660,.T.);
#11680=CARTESIAN_POINT('',(0.679463126508796,-38.1999999909266,
103.749821872812));
#11690=DIRECTION('',(-0.999999999999478,2.17245506100734E-10,
1.02206957679905E-6));
#11700=VECTOR('',#11690,1.);
#11710=LINE('',#11680,#11700);
#11720=CARTESIAN_POINT('',(16.8461557698569,-38.1999999944387,
103.749805349327));
#11730=VERTEX_POINT('',#11720);
#11740=EDGE_CURVE('',#11730,#11650,#11710,.T.);
#11750=ORIENTED_EDGE('',*,*,#11740,.T.);
#11760=CARTESIAN_POINT('',(0.679463126508795,-36.785597657898,
103.749821872811));
#11770=DIRECTION('',(-0.996194698072291,0.0871557429640779,
1.01818026139504E-6));
#11780=VECTOR('',#11770,1.);
#11790=LINE('',#11760,#11780);
#11800=CARTESIAN_POINT('',(19.13216623036,-38.399999994935,
103.749803012865));
#11810=VERTEX_POINT('',#11800);
#11820=EDGE_CURVE('',#11810,#11730,#11790,.T.);
#11830=ORIENTED_EDGE('',*,*,#11820,.T.);
#11840=CARTESIAN_POINT('',(19.1321662377985,-4.15987654154198,
103.749803012853));
#11850=DIRECTION('',(2.17245533480015E-10,1.,-3.68226478768303E-13));
#11860=VECTOR('',#11850,1.);
#11870=LINE('',#11840,#11860);
#11880=CARTESIAN_POINT('',(19.132166230121,-39.4999999949357,
103.749803012866));
#11890=VERTEX_POINT('',#11880);
#11900=EDGE_CURVE('',#11890,#11810,#11870,.T.);
#11910=ORIENTED_EDGE('',*,*,#11900,.T.);
#11920=CARTESIAN_POINT('',(0.679463126508797,-44.444386885425,
103.749821872814));
#11930=DIRECTION('',(0.965925826344803,0.258819044892634,
-9.87243495798581E-7));
#11940=VECTOR('',#11930,1.);
#11950=LINE('',#11920,#11940);
#11960=CARTESIAN_POINT('',(17.8321662300459,-39.8483339448137,
103.749804341556));
#11970=VERTEX_POINT('',#11960);
#11980=EDGE_CURVE('',#11970,#11890,#11950,.T.);
#11990=ORIENTED_EDGE('',*,*,#11980,.T.);
#12000=CARTESIAN_POINT('',(17.8321662378237,-4.15987654154198,
103.749804341543));
#12010=DIRECTION('',(2.17935731378849E-10,1.,-3.68227184198578E-13));
#12020=VECTOR('',#12010,1.);
#12030=LINE('',#12000,#12020);
#12040=CARTESIAN_POINT('',(17.8321662299474,-40.2999999946598,
103.749804341557));
#12050=VERTEX_POINT('',#12040);
#12060=EDGE_CURVE('',#12050,#11970,#12030,.T.);
#12070=ORIENTED_EDGE('',*,*,#12060,.T.);
#12080=CARTESIAN_POINT('',(27.2261389096264,-38.8846282084024,
103.749794740262));
#12090=DIRECTION('',(-1.02206957679905E-6,-3.68004438717645E-13,
-0.999999999999478));
#12100=DIRECTION('',(0.999999999999478,2.2129897646266E-16,
-1.02206957679905E-6));
#12110=AXIS2_PLACEMENT_3D('',#12080,#12090,#12100);
#12120=CIRCLE('',#12110,9.499999999999);
#12130=CARTESIAN_POINT('',(19.4911098821886,-44.3999999950196,
103.749802646002));
#12140=VERTEX_POINT('',#12130);
#12150=EDGE_CURVE('',#12140,#12050,#12120,.T.);
#12160=ORIENTED_EDGE('',*,*,#12150,.T.);
#12170=CARTESIAN_POINT('',(0.679463126508797,-44.3999999909317,
103.749821872814));
#12180=DIRECTION('',(-0.999999999999478,2.17303431987044E-10,
1.02206957679905E-6));
#12190=VECTOR('',#12180,1.);
#12200=LINE('',#12170,#12190);
#12210=CARTESIAN_POINT('',(21.5288511669536,-44.3999999954624,
103.749800563289));
#12220=VERTEX_POINT('',#12210);
#12230=EDGE_CURVE('',#12220,#12140,#12200,.T.);
#12240=ORIENTED_EDGE('',*,*,#12230,.T.);
#12250=CARTESIAN_POINT('',(3.59208678802525,-54.3103559288184,
103.749818895914));
#12260=DIRECTION('',(-0.875284222321623,-0.4836088607067,
8.94601552657824E-7));
#12270=VECTOR('',#12260,1.);
#12280=LINE('',#12250,#12270);
#12290=CARTESIAN_POINT('',(45.6821664202752,-31.0548979428213,
103.749775876915));
#12300=VERTEX_POINT('',#12290);
#12310=EDGE_CURVE('',#12300,#12220,#12280,.T.);
#12320=ORIENTED_EDGE('',*,*,#12310,.T.);
#12330=CARTESIAN_POINT('',(45.6821664193535,-37.8999999815457,
103.749775876918));
#12340=DIRECTION('',(-1.16685564787641E-10,-1.,3.68123699483659E-13));
#12350=VECTOR('',#12340,1.);
#12360=LINE('',#12330,#12350);
#12370=CARTESIAN_POINT('',(45.6821664242602,4.15048388974242,
103.749775876902));
#12380=VERTEX_POINT('',#12370);
#12390=EDGE_CURVE('',#12380,#12300,#12360,.T.);
#12400=ORIENTED_EDGE('',*,*,#12390,.T.);
#12410=CARTESIAN_POINT('',(87.7326502567561,-37.8999999715353,
103.749732898398));
#12420=DIRECTION('',(-0.707106780944371,0.707106781428355,
7.22712068133497E-7));
#12430=VECTOR('',#12420,1.);
#12440=LINE('',#12410,#12430);
#12450=CARTESIAN_POINT('',(44.3630083090515,5.46964200585398,
103.749777225173));
#12460=VERTEX_POINT('',#12450);
#12470=EDGE_CURVE('',#12380,#12460,#12440,.T.);
#12480=ORIENTED_EDGE('',*,*,#12470,.F.);
#12490=CARTESIAN_POINT('',(3.59208677550555,-1.71937147425371,
103.749818895894));
#12500=DIRECTION('',(-0.984807753072035,-0.173648177324719,
1.00654210731459E-6));
#12510=VECTOR('',#12500,1.);
#12520=LINE('',#12490,#12510);
#12530=EDGE_CURVE('',#12460,#6810,#12520,.T.);
#12540=ORIENTED_EDGE('',*,*,#12530,.F.);
#12550=EDGE_LOOP('',(#12540,#12480,#12400,#12320,#12240,#12160,#12070,
#11990,#11910,#11830,#11750,#11670,#11580,#11500,#11410,#11320,#11230,
#11150,#11070,#10990,#10900,#10820,#10740,#10650,#10570,#10490,#10410,
#10330,#10250,#10170,#10090,#10010,#9930,#9850,#9760,#9680,#9600,#9520,
#9440,#9360,#9280,#9200,#9110,#9030,#8950,#8870,#8790,#8710,#8630,#8550,
#8470,#8390,#8310,#8230,#8150,#8070,#7990,#7910,#7900,#7890,#7830,#7750,
#7660,#7580,#7500,#7420,#7340,#7260,#7180,#7100,#7010,#6930,#6850));
#12560=FACE_OUTER_BOUND('',#12550,.T.);
#12570=ADVANCED_FACE('',(#12560),#6750,.F.);
#12580=COLOUR_RGB('',0.560784339904785,0.588235318660736,
0.600000023841858);
#12590=FILL_AREA_STYLE_COLOUR('',#12580);
#12600=FILL_AREA_STYLE('',(#12590));
#12610=SURFACE_STYLE_FILL_AREA(#12600);
#12620=SURFACE_SIDE_STYLE('',(#12610));
#12630=SURFACE_STYLE_USAGE(.BOTH.,#12620);
#12640=PRESENTATION_STYLE_ASSIGNMENT((#12630));
#12650=CARTESIAN_POINT('',(-29.6115229095032,-9.94572526274898,
104.549852833236));
#12660=DIRECTION('',(-0.173648177425421,-0.984807753054777,
1.77482598788023E-7));
#12670=DIRECTION('',(-0.984807753054263,0.173648177425511,
1.00656174493721E-6));
#12680=AXIS2_PLACEMENT_3D('',#12650,#12660,#12670);
#12690=PLANE('',#12680);
#12700=CARTESIAN_POINT('',(3.59208759651332,-15.8004176435051,
104.549818896171));
#12710=DIRECTION('',(-0.984807753054262,0.173648177425511,
1.00656174495686E-6));
#12720=VECTOR('',#12710,1.);
#12730=LINE('',#12700,#12720);
#12740=CARTESIAN_POINT('',(-28.9172264670532,-10.0681484579874,
104.549852123602));
#12750=VERTEX_POINT('',#12740);
#12760=CARTESIAN_POINT('',(-29.6986748488208,-9.93035802444824,
104.549852922313));
#12770=VERTEX_POINT('',#12760);
#12780=EDGE_CURVE('',#12750,#12770,#12730,.T.);
#12790=ORIENTED_EDGE('',*,*,#12780,.F.);
#12800=CARTESIAN_POINT('',(-29.6986673365986,-9.93035802443464,
111.899852921369));
#12810=DIRECTION('',(1.02207105908347E-6,1.85028886104593E-12,
0.999999999999478));
#12820=VECTOR('',#12810,1.);
#12830=LINE('',#12800,#12820);
#12840=EDGE_CURVE('',#10150,#12770,#12830,.T.);
#12850=ORIENTED_EDGE('',*,*,#12840,.T.);
#12860=ORIENTED_EDGE('',*,*,#10160,.T.);
#12870=CARTESIAN_POINT('',(-28.9172189546965,-10.0681484579975,
111.899852122674));
#12880=DIRECTION('',(1.02208934014679E-6,-1.37315583280755E-12,
0.999999999999478));
#12890=VECTOR('',#12880,1.);
#12900=LINE('',#12870,#12890);
#12910=EDGE_CURVE('',#10070,#12750,#12900,.T.);
#12920=ORIENTED_EDGE('',*,*,#12910,.F.);
#12930=EDGE_LOOP('',(#12920,#12860,#12850,#12790));
#12940=FACE_OUTER_BOUND('',#12930,.T.);
#12950=ADVANCED_FACE('',(#12940),#12690,.F.);
#12960=COLOUR_RGB('',0.560784339904785,0.588235318660736,
0.600000023841858);
#12970=FILL_AREA_STYLE_COLOUR('',#12960);
#12980=FILL_AREA_STYLE('',(#12970));
#12990=SURFACE_STYLE_FILL_AREA(#12980);
#13000=SURFACE_SIDE_STYLE('',(#12990));
#13010=SURFACE_STYLE_USAGE(.BOTH.,#13000);
#13020=PRESENTATION_STYLE_ASSIGNMENT((#13010));
#13030=CARTESIAN_POINT('',(-29.4242694338069,-10.1155720170666,
104.549852641846));
#13040=DIRECTION('',(1.02208934014679E-6,-1.3731558328907E-12,
0.999999999999478));
#13050=DIRECTION('',(0.707106781355616,-0.70710678101711,
-7.2272727453726E-7));
#13060=AXIS2_PLACEMENT_3D('',#13030,#13040,#13050);
#13070=PLANE('',#13060);
#13080=CARTESIAN_POINT('',(-56.7490780013355,-37.90000000593,
104.549880570203));
#13090=DIRECTION('',(0.707106781012833,0.707106781359893,
-7.2272533225206E-7));
#13100=VECTOR('',#13090,1.);
#13110=LINE('',#13080,#13100);
#13120=CARTESIAN_POINT('',(-29.310778505581,-10.4617004967084,
104.549852525847));
#13130=VERTEX_POINT('',#13120);
#13140=EDGE_CURVE('',#13130,#12750,#13110,.T.);
#13150=ORIENTED_EDGE('',*,*,#13140,.T.);
#13160=CARTESIAN_POINT('',(3.59208760307518,-43.364566588886,
104.549818896133));
#13170=DIRECTION('',(-0.707106781363431,0.707106781009295,
7.22727274481663E-7));
#13180=VECTOR('',#13170,1.);
#13190=LINE('',#13160,#13180);
#13200=CARTESIAN_POINT('',(-29.7703979134289,-10.0020810890907,
104.54985299562));
#13210=VERTEX_POINT('',#13200);
#13220=EDGE_CURVE('',#13130,#13210,#13190,.T.);
#13230=ORIENTED_EDGE('',*,*,#13220,.F.);
#13240=CARTESIAN_POINT('',(-57.6683168171026,-37.9000000061488,
104.549881509747));
#13250=DIRECTION('',(0.707106781016741,0.707106781355985,
-7.22725332256054E-7));
#13260=VECTOR('',#13250,1.);
#13270=LINE('',#13240,#13260);
#13280=EDGE_CURVE('',#13210,#12770,#13270,.T.);
#13290=ORIENTED_EDGE('',*,*,#13280,.F.);
#13300=ORIENTED_EDGE('',*,*,#12780,.T.);
#13310=EDGE_LOOP('',(#13300,#13290,#13230,#13150));
#13320=FACE_OUTER_BOUND('',#13310,.T.);
#13330=ADVANCED_FACE('',(#13320),#13070,.T.);
#13340=COLOUR_RGB('',0.560784339904785,0.588235318660736,
0.600000023841858);
#13350=FILL_AREA_STYLE_COLOUR('',#13340);
#13360=FILL_AREA_STYLE('',(#13350));
#13370=SURFACE_STYLE_FILL_AREA(#13360);
#13380=SURFACE_SIDE_STYLE('',(#13370));
#13390=SURFACE_STYLE_USAGE(.BOTH.,#13380);
#13400=PRESENTATION_STYLE_ASSIGNMENT((#13390));
#13410=CARTESIAN_POINT('',(-29.1481441800447,-10.2990661710923,
104.549852359621));
#13420=DIRECTION('',(-0.707106781359523,0.707106781013202,
7.22727274541253E-7));
#13430=DIRECTION('',(0.707106781012833,0.707106781359893,
-7.22725332251303E-7));
#13440=AXIS2_PLACEMENT_3D('',#13410,#13420,#13430);
#13450=PLANE('',#13440);
#13460=ORIENTED_EDGE('',*,*,#12910,.T.);
#13470=ORIENTED_EDGE('',*,*,#10080,.T.);
#13480=CARTESIAN_POINT('',(-29.3107709932906,-10.4617004967847,
111.899852524912));
#13490=DIRECTION('',(-1.02208032905306E-6,1.03842495648678E-11,
-0.999999999999478));
#13500=VECTOR('',#13490,1.);
#13510=LINE('',#13480,#13500);
#13520=EDGE_CURVE('',#13130,#9990,#13510,.T.);
#13530=ORIENTED_EDGE('',*,*,#13520,.T.);
#13540=ORIENTED_EDGE('',*,*,#13140,.F.);
#13550=EDGE_LOOP('',(#13540,#13530,#13470,#13460));
#13560=FACE_OUTER_BOUND('',#13550,.T.);
#13570=ADVANCED_FACE('',(#13560),#13450,.F.);
#13580=COLOUR_RGB('',0.560784339904785,0.588235318660736,
0.600000023841858);
#13590=FILL_AREA_STYLE_COLOUR('',#13580);
#13600=FILL_AREA_STYLE('',(#13590));
#13610=SURFACE_STYLE_FILL_AREA(#13600);
#13620=SURFACE_SIDE_STYLE('',(#13610));
#13630=SURFACE_STYLE_USAGE(.BOTH.,#13620);
#13640=PRESENTATION_STYLE_ASSIGNMENT((#13630));
#13650=CARTESIAN_POINT('',(0.932174566083848,-11.1999999997829,
111.899821614517));
#13660=DIRECTION('',(0.999999999999478,-2.17246931219448E-10,
-1.02206957679905E-6));
#13670=DIRECTION('',(-2.17246930843209E-10,-1.,3.68226480196506E-13));
#13680=AXIS2_PLACEMENT_3D('',#13650,#13660,#13670);
#13690=PLANE('',#13680);
#13700=CARTESIAN_POINT('',(0.932174566519378,-3.89999999508373,
111.899821614515));
#13710=DIRECTION('',(1.02209434417407E-6,5.89686361420778E-11,
0.999999999999478));
#13720=VECTOR('',#13710,1.);
#13730=LINE('',#13700,#13720);
#13740=CARTESIAN_POINT('',(0.932166824154721,-3.89999999553041,
104.324821614877));
#13750=VERTEX_POINT('',#13740);
#13760=CARTESIAN_POINT('',(0.932173979979749,-3.8999999923621,
111.324821614874));
#13770=VERTEX_POINT('',#13760);
#13780=EDGE_CURVE('',#13750,#13770,#13730,.T.);
#13790=ORIENTED_EDGE('',*,*,#13780,.F.);
#13800=CARTESIAN_POINT('',(0.932174567669751,-3.8999999923619,
111.899821614515));
#13810=DIRECTION('',(-1.02206957679905E-6,-3.68004438717645E-13,
-0.999999999999478));
#13820=VECTOR('',#13810,1.);
#13830=LINE('',#13800,#13820);
#13840=EDGE_CURVE('',#5280,#13770,#13830,.T.);
#13850=ORIENTED_EDGE('',*,*,#13840,.T.);
#13860=ORIENTED_EDGE('',*,*,#5290,.T.);
#13870=CARTESIAN_POINT('',(0.932174566083848,-11.1999999997829,
111.899821614517));
#13880=DIRECTION('',(-1.02206957679905E-6,-3.68004438717645E-13,
-0.999999999999478));
#13890=VECTOR('',#13880,1.);
#13900=LINE('',#13870,#13890);
#13910=CARTESIAN_POINT('',(0.932173978393841,-11.1999999997832,
111.324821614872));
#13920=VERTEX_POINT('',#13910);
#13930=EDGE_CURVE('',#5200,#13920,#13900,.T.);
#13940=ORIENTED_EDGE('',*,*,#13930,.F.);
#13950=CARTESIAN_POINT('',(0.932173994672832,-26.7000000014927,
111.324821614869));
#13960=DIRECTION('',(-6.95513259454266E-10,1.,2.08409403968275E-13));
#13970=VECTOR('',#13960,1.);
#13980=LINE('',#13950,#13970);
#13990=CARTESIAN_POINT('',(0.932173994672832,-26.7000000014927,
111.324821614869));
#14000=VERTEX_POINT('',#13990);
#14010=EDGE_CURVE('',#14000,#13920,#13980,.T.);
#14020=ORIENTED_EDGE('',*,*,#14010,.T.);
#14030=CARTESIAN_POINT('',(0.932136414892641,-26.7000000014851,
74.5573936313971));
#14040=DIRECTION('',(-1.02209434417412E-6,2.0769852379938E-13,
-0.999999999999478));
#14050=VECTOR('',#14040,1.);
#14060=LINE('',#14030,#14050);
#14070=CARTESIAN_POINT('',(0.932166840012423,-26.7000000014912,
104.324821614872));
#14080=VERTEX_POINT('',#14070);
#14090=EDGE_CURVE('',#14000,#14080,#14060,.T.);
#14100=ORIENTED_EDGE('',*,*,#14090,.F.);
#14110=CARTESIAN_POINT('',(0.932166840012423,-26.7000000014912,
104.324821614872));
#14120=DIRECTION('',(-6.95513259454266E-10,1.,2.08409403968275E-13));
#14130=VECTOR('',#14120,1.);
#14140=LINE('',#14110,#14130);
#14150=CARTESIAN_POINT('',(0.932166829231967,-11.1999999997857,
104.324821614876));
#14160=VERTEX_POINT('',#14150);
#14170=EDGE_CURVE('',#14080,#14160,#14140,.T.);
#14180=ORIENTED_EDGE('',*,*,#14170,.F.);
#14190=EDGE_CURVE('',#14160,#8370,#13900,.T.);
#14200=ORIENTED_EDGE('',*,*,#14190,.F.);
#14210=ORIENTED_EDGE('',*,*,#8380,.F.);
#14220=EDGE_CURVE('',#13750,#8290,#13830,.T.);
#14230=ORIENTED_EDGE('',*,*,#14220,.T.);
#14240=EDGE_LOOP('',(#14230,#14210,#14200,#14180,#14100,#14020,#13940,
#13860,#13850,#13790));
#14250=FACE_OUTER_BOUND('',#14240,.T.);
#14260=ADVANCED_FACE('',(#14250),#13690,.F.);
#14270=COLOUR_RGB('',0.560784339904785,0.588235318660736,
0.600000023841858);
#14280=FILL_AREA_STYLE_COLOUR('',#14270);
#14290=FILL_AREA_STYLE('',(#14280));
#14300=SURFACE_STYLE_FILL_AREA(#14290);
#14310=SURFACE_SIDE_STYLE('',(#14300));
#14320=SURFACE_STYLE_USAGE(.BOTH.,#14310);
#14330=PRESENTATION_STYLE_ASSIGNMENT((#14320));
#14340=CARTESIAN_POINT('',(-27.4467914403435,-31.7999999822282,
111.899850619803));
#14350=DIRECTION('',(2.17417201715252E-10,1.,-3.68226654225183E-13));
#14360=DIRECTION('',(0.999999999999478,-2.17417202091491E-10,
-1.02206957679905E-6));
#14370=AXIS2_PLACEMENT_3D('',#14340,#14350,#14360);
#14380=PLANE('',#14370);
#14390=ORIENTED_EDGE('',*,*,#3590,.F.);
#14400=CARTESIAN_POINT('',(-26.9660507145462,-31.7999999823327,
111.899850128452));
#14410=DIRECTION('',(-1.02206957679905E-6,-3.68004438717645E-13,
-0.999999999999478));
#14420=VECTOR('',#14410,1.);
#14430=LINE('',#14400,#14420);
#14440=EDGE_CURVE('',#3500,#10390,#14430,.T.);
#14450=ORIENTED_EDGE('',*,*,#14440,.F.);
#14460=ORIENTED_EDGE('',*,*,#10400,.T.);
#14470=CARTESIAN_POINT('',(-31.0178254719132,-31.7999999814518,
111.899854269648));
#14480=DIRECTION('',(1.02206957679905E-6,3.68004438717645E-13,
0.999999999999478));
#14490=VECTOR('',#14480,1.);
#14500=LINE('',#14470,#14490);
#14510=EDGE_CURVE('',#10310,#3580,#14500,.T.);
#14520=ORIENTED_EDGE('',*,*,#14510,.F.);
#14530=EDGE_LOOP('',(#14520,#14460,#14450,#14390));
#14540=FACE_OUTER_BOUND('',#14530,.T.);
#14550=ADVANCED_FACE('',(#14540),#14380,.F.);
#14560=COLOUR_RGB('',0.560784339904785,0.588235318660736,
0.600000023841858);
#14570=FILL_AREA_STYLE_COLOUR('',#14560);
#14580=FILL_AREA_STYLE('',(#14570));
#14590=SURFACE_STYLE_FILL_AREA(#14580);
#14600=SURFACE_SIDE_STYLE('',(#14590));
#14610=SURFACE_STYLE_USAGE(.BOTH.,#14600);
#14620=PRESENTATION_STYLE_ASSIGNMENT((#14610));
#14630=CARTESIAN_POINT('',(0.932174567669751,-3.8999999923619,
111.899821614515));
#14640=DIRECTION('',(0.92110932966623,-0.389303997925711,
-9.41437679492515E-7));
#14650=DIRECTION('',(-0.389303997925508,-0.921109329666711,
3.97896111378433E-7));
#14660=AXIS2_PLACEMENT_3D('',#14630,#14640,#14650);
#14670=PLANE('',#14660);
#14680=ORIENTED_EDGE('',*,*,#5370,.T.);
#14690=ORIENTED_EDGE('',*,*,#13840,.F.);
#14700=ORIENTED_EDGE('',*,*,#13780,.T.);
#14710=ORIENTED_EDGE('',*,*,#14220,.F.);
#14720=ORIENTED_EDGE('',*,*,#8300,.F.);
#14730=CARTESIAN_POINT('',(1.65067428893986,-2.19999999197283,
111.899820880157));
#14740=DIRECTION('',(1.02206957679905E-6,3.68004438717645E-13,
0.999999999999478));
#14750=VECTOR('',#14740,1.);
#14760=LINE('',#14730,#14750);
#14770=EDGE_CURVE('',#8210,#5360,#14760,.T.);
#14780=ORIENTED_EDGE('',*,*,#14770,.F.);
#14790=EDGE_LOOP('',(#14780,#14720,#14710,#14700,#14690,#14680));
#14800=FACE_OUTER_BOUND('',#14790,.T.);
#14810=ADVANCED_FACE('',(#14800),#14670,.F.);
#14820=COLOUR_RGB('',0.560784339904785,0.588235318660736,
0.600000023841858);
#14830=FILL_AREA_STYLE_COLOUR('',#14820);
#14840=FILL_AREA_STYLE('',(#14830));
#14850=SURFACE_STYLE_FILL_AREA(#14840);
#14860=SURFACE_SIDE_STYLE('',(#14850));
#14870=SURFACE_STYLE_USAGE(.BOTH.,#14860);
#14880=PRESENTATION_STYLE_ASSIGNMENT((#14870));
#14890=CARTESIAN_POINT('',(-26.8678254463734,-34.3000000128141,
111.89985002806));
#14900=DIRECTION('',(0.99922903624873,0.0392598155419906,
-1.02128161265238E-6));
#14910=DIRECTION('',(0.0392598155419701,-0.999229036249252,
-4.01258953354906E-8));
#14920=AXIS2_PLACEMENT_3D('',#14890,#14900,#14910);
#14930=PLANE('',#14920);
#14940=ORIENTED_EDGE('',*,*,#3510,.T.);
#14950=CARTESIAN_POINT('',(-26.8678254463734,-34.3000000128141,
111.89985002806));
#14960=DIRECTION('',(-1.02206957679905E-6,-3.68004438717645E-13,
-0.999999999999478));
#14970=VECTOR('',#14960,1.);
#14980=LINE('',#14950,#14970);
#14990=EDGE_CURVE('',#3420,#10470,#14980,.T.);
#15000=ORIENTED_EDGE('',*,*,#14990,.F.);
#15010=ORIENTED_EDGE('',*,*,#10480,.F.);
#15020=ORIENTED_EDGE('',*,*,#14440,.T.);
#15030=EDGE_LOOP('',(#15020,#15010,#15000,#14940));
#15040=FACE_OUTER_BOUND('',#15030,.T.);
#15050=ADVANCED_FACE('',(#15040),#14930,.F.);
#15060=COLOUR_RGB('',0.560784339904785,0.588235318660736,
0.600000023841858);
#15070=FILL_AREA_STYLE_COLOUR('',#15060);
#15080=FILL_AREA_STYLE('',(#15070));
#15090=SURFACE_STYLE_FILL_AREA(#15080);
#15100=SURFACE_SIDE_STYLE('',(#15090));
#15110=SURFACE_STYLE_USAGE(.BOTH.,#15100);
#15120=PRESENTATION_STYLE_ASSIGNMENT((#15110));
#15130=CARTESIAN_POINT('',(-26.8678254480245,-41.9000000126712,
111.899850028063));
#15140=DIRECTION('',(0.999999999999478,-2.17245506100679E-10,
-1.02206957679905E-6));
#15150=DIRECTION('',(-2.1724550572444E-10,-1.,3.68226478739935E-13));
#15160=AXIS2_PLACEMENT_3D('',#15130,#15140,#15150);
#15170=PLANE('',#15160);
#15180=ORIENTED_EDGE('',*,*,#3430,.T.);
#15190=CARTESIAN_POINT('',(-26.8678254482417,-42.9000000126709,
111.899850028063));
#15200=DIRECTION('',(-1.02206957679905E-6,-3.68004438717645E-13,
-0.999999999999478));
#15210=VECTOR('',#15200,1.);
#15220=LINE('',#15190,#15210);
#15230=CARTESIAN_POINT('',(-26.8678327560392,-42.9000000126736,
104.749850030061));
#15240=VERTEX_POINT('',#15230);
#15250=EDGE_CURVE('',#3340,#15240,#15220,.T.);
#15260=ORIENTED_EDGE('',*,*,#15250,.F.);
#15270=CARTESIAN_POINT('',(-26.867832754953,-37.8999999988165,
104.74985003006));
#15280=DIRECTION('',(-2.17245505887671E-10,-1.,2.08520439479544E-13));
#15290=VECTOR('',#15280,1.);
#15300=LINE('',#15270,#15290);
#15310=CARTESIAN_POINT('',(-26.8678327554961,-40.40000001282,
104.749850030061));
#15320=VERTEX_POINT('',#15310);
#15330=EDGE_CURVE('',#15320,#15240,#15300,.T.);
#15340=ORIENTED_EDGE('',*,*,#15330,.T.);
#15350=CARTESIAN_POINT('',(-26.8678254476986,-40.4000000128199,
111.899850028062));
#15360=DIRECTION('',(-1.02206957679905E-6,-2.08298399457191E-13,
-0.999999999999478));
#15370=VECTOR('',#15360,1.);
#15380=LINE('',#15350,#15370);
#15390=EDGE_CURVE('',#15320,#10550,#15380,.T.);
#15400=ORIENTED_EDGE('',*,*,#15390,.F.);
#15410=ORIENTED_EDGE('',*,*,#10560,.F.);
#15420=ORIENTED_EDGE('',*,*,#14990,.T.);
#15430=EDGE_LOOP('',(#15420,#15410,#15400,#15340,#15260,#15180));
#15440=FACE_OUTER_BOUND('',#15430,.T.);
#15450=ADVANCED_FACE('',(#15440),#15170,.F.);
#15460=COLOUR_RGB('',0.560784339904785,0.588235318660736,
0.600000023841858);
#15470=FILL_AREA_STYLE_COLOUR('',#15460);
#15480=FILL_AREA_STYLE('',(#15470));
#15490=SURFACE_STYLE_FILL_AREA(#15480);
#15500=SURFACE_SIDE_STYLE('',(#15490));
#15510=SURFACE_STYLE_USAGE(.BOTH.,#15500);
#15520=PRESENTATION_STYLE_ASSIGNMENT((#15510));
#15530=CARTESIAN_POINT('',(-30.7249322398418,-10.9566229281702,
111.899853970283));
#15540=DIRECTION('',(0.707106781355616,-0.70710678101711,
-7.22712068553818E-7));
#15550=DIRECTION('',(-0.707106781016741,-0.707106781355985,
7.22712588644332E-7));
#15560=AXIS2_PLACEMENT_3D('',#15530,#15540,#15550);
#15570=PLANE('',#15560);
#15580=ORIENTED_EDGE('',*,*,#13280,.T.);
#15590=CARTESIAN_POINT('',(-29.7703904012175,-10.002081089088,
111.899852994675));
#15600=DIRECTION('',(-1.02206957679905E-6,-3.68004438717645E-13,
-0.999999999999478));
#15610=VECTOR('',#15600,1.);
#15620=LINE('',#15590,#15610);
#15630=EDGE_CURVE('',#3740,#13210,#15620,.T.);
#15640=ORIENTED_EDGE('',*,*,#15630,.T.);
#15650=ORIENTED_EDGE('',*,*,#3750,.T.);
#15660=CARTESIAN_POINT('',(-31.0178254582094,-11.2495161466784,
111.899854269641));
#15670=DIRECTION('',(1.02206957679905E-6,3.68004438717645E-13,
0.999999999999478));
#15680=VECTOR('',#15670,1.);
#15690=LINE('',#15660,#15680);
#15700=EDGE_CURVE('',#10230,#3660,#15690,.T.);
#15710=ORIENTED_EDGE('',*,*,#15700,.T.);
#15720=ORIENTED_EDGE('',*,*,#10240,.F.);
#15730=ORIENTED_EDGE('',*,*,#12840,.F.);
#15740=EDGE_LOOP('',(#15730,#15720,#15710,#15650,#15640,#15580));
#15750=FACE_OUTER_BOUND('',#15740,.T.);
#15760=ADVANCED_FACE('',(#15750),#15570,.F.);
#15770=COLOUR_RGB('',0.560784339904785,0.588235318660736,
0.600000023841858);
#15780=FILL_AREA_STYLE_COLOUR('',#15770);
#15790=FILL_AREA_STYLE('',(#15780));
#15800=SURFACE_STYLE_FILL_AREA(#15790);
#15810=SURFACE_SIDE_STYLE('',(#15800));
#15820=SURFACE_STYLE_USAGE(.BOTH.,#15810);
#15830=PRESENTATION_STYLE_ASSIGNMENT((#15820));
#15840=CARTESIAN_POINT('',(-28.9678254480826,-42.1660254161497,
111.899852174409));
#15850=DIRECTION('',(-0.999999999999478,2.15126367902426E-10,
1.02206957679905E-6));
#15860=DIRECTION('',(2.15126367526188E-10,1.,-3.68224312833254E-13));
#15870=AXIS2_PLACEMENT_3D('',#15840,#15850,#15860);
#15880=PLANE('',#15870);
#15890=CARTESIAN_POINT('',(-28.9678254482405,-42.9000000122152,
111.89985217441));
#15900=DIRECTION('',(-1.02206957679905E-6,-3.68004438717645E-13,
-0.999999999999478));
#15910=VECTOR('',#15900,1.);
#15920=LINE('',#15890,#15910);
#15930=CARTESIAN_POINT('',(-28.9678327560151,-42.9000000122179,
104.749852176455));
#15940=VERTEX_POINT('',#15930);
#15950=EDGE_CURVE('',#3260,#15940,#15920,.T.);
#15960=ORIENTED_EDGE('',*,*,#15950,.T.);
#15970=ORIENTED_EDGE('',*,*,#3270,.T.);
#15980=CARTESIAN_POINT('',(-28.9678254480406,-41.9708204056141,
111.899852174409));
#15990=DIRECTION('',(1.02206957679905E-6,3.68004438717645E-13,
0.999999999999478));
#16000=VECTOR('',#15990,1.);
#16010=LINE('',#15980,#16000);
#16020=CARTESIAN_POINT('',(-28.967832755838,-41.9708204056167,
104.749852176469));
#16030=VERTEX_POINT('',#16020);
#16040=EDGE_CURVE('',#16030,#3180,#16010,.T.);
#16050=ORIENTED_EDGE('',*,*,#16040,.T.);
#16060=CARTESIAN_POINT('',(-28.9678327549623,-37.8999999993164,
104.749852176454));
#16070=DIRECTION('',(2.15126367689418E-10,1.,-2.08518273524524E-13));
#16080=VECTOR('',#16070,1.);
#16090=LINE('',#16060,#16080);
#16100=EDGE_CURVE('',#15940,#16030,#16090,.T.);
#16110=ORIENTED_EDGE('',*,*,#16100,.T.);
#16120=EDGE_LOOP('',(#16110,#16050,#15970,#15960));
#16130=FACE_OUTER_BOUND('',#16120,.T.);
#16140=ADVANCED_FACE('',(#16130),#15880,.F.);
#16150=COLOUR_RGB('',0.560784339904785,0.588235318660736,
0.600000023841858);
#16160=FILL_AREA_STYLE_COLOUR('',#16150);
#16170=FILL_AREA_STYLE('',(#16160));
#16180=SURFACE_STYLE_FILL_AREA(#16170);
#16190=SURFACE_SIDE_STYLE('',(#16180));
#16200=SURFACE_STYLE_USAGE(.BOTH.,#16190);
#16210=PRESENTATION_STYLE_ASSIGNMENT((#16200));
#16220=CARTESIAN_POINT('',(-31.0178254705795,-29.7999999805529,
111.899854269647));
#16230=DIRECTION('',(0.999999999999478,-6.66833763041889E-10,
-1.02206957679905E-6));
#16240=DIRECTION('',(-6.66833762665414E-10,-1.,3.68685989219441E-13));
#16250=AXIS2_PLACEMENT_3D('',#16220,#16230,#16240);
#16260=PLANE('',#16250);
#16270=CARTESIAN_POINT('',(-31.0178296293782,-20.6000000054031,
107.824854270673));
#16280=DIRECTION('',(0.999999999999478,2.41520387018918E-10,
-1.02209778703316E-6));
#16290=DIRECTION('',(1.02209778703316E-6,-2.00097621760324E-13,
0.999999999999478));
#16300=AXIS2_PLACEMENT_3D('',#16270,#16280,#16290);
#16310=CIRCLE('',#16300,5.6);
#16320=CARTESIAN_POINT('',(-31.0178262851294,-25.1425075728259,
111.099854270655));
#16330=VERTEX_POINT('',#16320);
#16340=CARTESIAN_POINT('',(-31.0178329796851,-25.1425075728662,
104.549854270742));
#16350=VERTEX_POINT('',#16340);
#16360=EDGE_CURVE('',#16330,#16350,#16310,.T.);
#16370=ORIENTED_EDGE('',*,*,#16360,.T.);
#16380=CARTESIAN_POINT('',(-31.0178262936365,-37.8999999998021,
111.099854270655));
#16390=DIRECTION('',(6.6683376304178E-10,1.,-4.47731596972849E-16));
#16400=VECTOR('',#16390,1.);
#16410=LINE('',#16380,#16400);
#16420=CARTESIAN_POINT('',(-31.0178262829717,-15.8574924142372,
111.099854270657));
#16430=VERTEX_POINT('',#16420);
#16440=EDGE_CURVE('',#16330,#16430,#16410,.T.);
#16450=ORIENTED_EDGE('',*,*,#16440,.F.);
#16460=CARTESIAN_POINT('',(-31.0178296292448,-20.3999999816823,
107.824854270704));
#16470=DIRECTION('',(-0.999999999999478,-2.41520387018918E-10,
1.02209778703316E-6));
#16480=DIRECTION('',(1.02209778703316E-6,-2.00097621760324E-13,
0.999999999999478));
#16490=AXIS2_PLACEMENT_3D('',#16460,#16470,#16480);
#16500=CIRCLE('',#16490,5.6);
#16510=CARTESIAN_POINT('',(-31.0178329777122,-15.8574924142432,
104.549854270742));
#16520=VERTEX_POINT('',#16510);
#16530=EDGE_CURVE('',#16430,#16520,#16500,.T.);
#16540=ORIENTED_EDGE('',*,*,#16530,.F.);
#16550=CARTESIAN_POINT('',(-31.0178329881923,-37.8999999998045,
104.549854270742));
#16560=DIRECTION('',(6.66833763041654E-10,1.,-5.7054246838121E-16));
#16570=VECTOR('',#16560,1.);
#16580=LINE('',#16550,#16570);
#16590=EDGE_CURVE('',#16350,#16520,#16580,.T.);
#16600=ORIENTED_EDGE('',*,*,#16590,.T.);
#16610=EDGE_LOOP('',(#16600,#16540,#16450,#16370));
#16620=FACE_BOUND('',#16610,.T.);
#16630=ORIENTED_EDGE('',*,*,#3670,.F.);
#16640=ORIENTED_EDGE('',*,*,#14510,.T.);
#16650=ORIENTED_EDGE('',*,*,#10320,.T.);
#16660=ORIENTED_EDGE('',*,*,#15700,.F.);
#16670=EDGE_LOOP('',(#16660,#16650,#16640,#16630));
#16680=FACE_OUTER_BOUND('',#16670,.T.);
#16690=ADVANCED_FACE('',(#16620,#16680),#16260,.F.);
#16700=COLOUR_RGB('',0.560784339904785,0.588235318660736,
0.600000023841858);
#16710=FILL_AREA_STYLE_COLOUR('',#16700);
#16720=FILL_AREA_STYLE('',(#16710));
#16730=SURFACE_STYLE_FILL_AREA(#16720);
#16740=SURFACE_SIDE_STYLE('',(#16730));
#16750=SURFACE_STYLE_USAGE(.BOTH.,#16740);
#16760=PRESENTATION_STYLE_ASSIGNMENT((#16750));
#16770=CARTESIAN_POINT('',(-28.4678254482425,-42.9000000123237,
111.899851663375));
#16780=DIRECTION('',(-2.16998494979295E-10,-1.,3.68226226277767E-13));
#16790=DIRECTION('',(-0.999999999999478,2.16998495355535E-10,
1.02206957679905E-6));
#16800=AXIS2_PLACEMENT_3D('',#16770,#16780,#16790);
#16810=PLANE('',#16800);
#16820=ORIENTED_EDGE('',*,*,#15250,.T.);
#16830=ORIENTED_EDGE('',*,*,#3350,.T.);
#16840=ORIENTED_EDGE('',*,*,#15950,.F.);
#16850=CARTESIAN_POINT('',(3.5920878073785,-42.9000000192833,
104.749818897208));
#16860=DIRECTION('',(-0.999999999999478,2.16998495355543E-10,
1.02209239417887E-6));
#16870=VECTOR('',#16860,1.);
#16880=LINE('',#16850,#16870);
#16890=EDGE_CURVE('',#15240,#15940,#16880,.T.);
#16900=ORIENTED_EDGE('',*,*,#16890,.T.);
#16910=EDGE_LOOP('',(#16900,#16840,#16830,#16820));
#16920=FACE_OUTER_BOUND('',#16910,.T.);
#16930=ADVANCED_FACE('',(#16920),#16810,.F.);
#16940=COLOUR_RGB('',0.560784339904785,0.588235318660736,
0.600000023841858);
#16950=FILL_AREA_STYLE_COLOUR('',#16940);
#16960=FILL_AREA_STYLE('',(#16950));
#16970=SURFACE_STYLE_FILL_AREA(#16960);
#16980=SURFACE_SIDE_STYLE('',(#16970));
#16990=SURFACE_STYLE_USAGE(.BOTH.,#16980);
#17000=PRESENTATION_STYLE_ASSIGNMENT((#16990));
#17010=CARTESIAN_POINT('',(-7.06782543391176,-11.199999998045,
111.899829791074));
#17020=DIRECTION('',(-2.17246930843225E-10,-1.,3.68226480196505E-13));
#17030=DIRECTION('',(-0.999999999999478,2.17246931219465E-10,
1.02206957679905E-6));
#17040=AXIS2_PLACEMENT_3D('',#17010,#17020,#17030);
#17050=PLANE('',#17040);
#17060=CARTESIAN_POINT('',(3.5920873654525,-11.2000000003636,
104.324818896191));
#17070=DIRECTION('',(0.999999999999478,-2.17246931219473E-10,
-1.0220924741578E-6));
#17080=VECTOR('',#17070,1.);
#17090=LINE('',#17060,#17080);
#17100=CARTESIAN_POINT('',(-2.21783317692257,-11.1999999991014,
104.324824834467));
#17110=VERTEX_POINT('',#17100);
#17120=EDGE_CURVE('',#17110,#14160,#17090,.T.);
#17130=ORIENTED_EDGE('',*,*,#17120,.T.);
#17140=CARTESIAN_POINT('',(-2.21782543457208,-11.1999999990986,
111.899824834037));
#17150=DIRECTION('',(-1.0220924741578E-6,-3.68004433743265E-13,
-0.999999999999478));
#17160=VECTOR('',#17150,1.);
#17170=LINE('',#17140,#17160);
#17180=CARTESIAN_POINT('',(-2.21782602227525,-11.1999999990988,
111.324824834463));
#17190=VERTEX_POINT('',#17180);
#17200=EDGE_CURVE('',#17190,#17110,#17170,.T.);
#17210=ORIENTED_EDGE('',*,*,#17200,.T.);
#17220=CARTESIAN_POINT('',(3.59209451993954,-11.200000000361,
111.324818896187));
#17230=DIRECTION('',(-0.999999999999478,2.17246931219473E-10,
1.0220924741578E-6));
#17240=VECTOR('',#17230,1.);
#17250=LINE('',#17220,#17240);
#17260=EDGE_CURVE('',#13920,#17190,#17250,.T.);
#17270=ORIENTED_EDGE('',*,*,#17260,.T.);
#17280=ORIENTED_EDGE('',*,*,#13930,.T.);
#17290=ORIENTED_EDGE('',*,*,#5210,.F.);
#17300=CARTESIAN_POINT('',(-7.06782543391176,-11.199999998045,
111.899829791074));
#17310=DIRECTION('',(-1.02206957679905E-6,-3.68004438717645E-13,
-0.999999999999478));
#17320=VECTOR('',#17310,1.);
#17330=LINE('',#17300,#17320);
#17340=CARTESIAN_POINT('',(-7.06782602188873,-11.1999999980452,
111.324829791612));
#17350=VERTEX_POINT('',#17340);
#17360=EDGE_CURVE('',#5120,#17350,#17330,.T.);
#17370=ORIENTED_EDGE('',*,*,#17360,.F.);
#17380=CARTESIAN_POINT('',(3.59209451993954,-11.200000000361,
111.324818896187));
#17390=DIRECTION('',(-0.999999999999478,2.17246931219473E-10,
1.0220924741578E-6));
#17400=VECTOR('',#17390,1.);
#17410=LINE('',#17380,#17400);
#17420=CARTESIAN_POINT('',(-3.91782602223603,-11.1999999987295,
111.324826572021));
#17430=VERTEX_POINT('',#17420);
#17440=EDGE_CURVE('',#17430,#17350,#17410,.T.);
#17450=ORIENTED_EDGE('',*,*,#17440,.T.);
#17460=CARTESIAN_POINT('',(-3.91782543453287,-11.1999999987293,
111.899826571555));
#17470=DIRECTION('',(1.0220924741578E-6,3.68004433743265E-13,
0.999999999999478));
#17480=VECTOR('',#17470,1.);
#17490=LINE('',#17460,#17480);
#17500=CARTESIAN_POINT('',(-3.91783317688336,-11.1999999987321,
104.324826572024));
#17510=VERTEX_POINT('',#17500);
#17520=EDGE_CURVE('',#17510,#17430,#17490,.T.);
#17530=ORIENTED_EDGE('',*,*,#17520,.T.);
#17540=CARTESIAN_POINT('',(3.5920873654525,-11.2000000003636,
104.324818896191));
#17550=DIRECTION('',(0.999999999999478,-2.17246931219473E-10,
-1.0220924741578E-6));
#17560=VECTOR('',#17550,1.);
#17570=LINE('',#17540,#17560);
#17580=CARTESIAN_POINT('',(-7.06783317653605,-11.1999999980478,
104.324829791615));
#17590=VERTEX_POINT('',#17580);
#17600=EDGE_CURVE('',#17590,#17510,#17570,.T.);
#17610=ORIENTED_EDGE('',*,*,#17600,.T.);
#17620=EDGE_CURVE('',#17590,#8450,#17330,.T.);
#17630=ORIENTED_EDGE('',*,*,#17620,.F.);
#17640=ORIENTED_EDGE('',*,*,#8460,.T.);
#17650=ORIENTED_EDGE('',*,*,#14190,.T.);
#17660=EDGE_LOOP('',(#17650,#17640,#17630,#17610,#17530,#17450,#17370,
#17290,#17280,#17270,#17210,#17130));
#17670=FACE_OUTER_BOUND('',#17660,.T.);
#17680=ADVANCED_FACE('',(#17670),#17050,.F.);
#17690=COLOUR_RGB('',0.560784339904785,0.588235318660736,
0.600000023841858);
#17700=FILL_AREA_STYLE_COLOUR('',#17690);
#17710=FILL_AREA_STYLE('',(#17700));
#17720=SURFACE_STYLE_FILL_AREA(#17710);
#17730=SURFACE_SIDE_STYLE('',(#17720));
#17740=SURFACE_STYLE_USAGE(.BOTH.,#17730);
#17750=PRESENTATION_STYLE_ASSIGNMENT((#17740));
#17760=CARTESIAN_POINT('',(-29.5678254478921,-41.3000000122319,
111.899852787651));
#17770=DIRECTION('',(1.02206957679905E-6,3.68004438717645E-13,
0.999999999999478));
#17780=DIRECTION('',(0.999999999999478,2.2129897646266E-16,
-1.02206957679905E-6));
#17790=AXIS2_PLACEMENT_3D('',#17760,#17770,#17780);
#17800=CYLINDRICAL_SURFACE('',#17790,0.89999999999984);
#17810=ORIENTED_EDGE('',*,*,#3190,.F.);
#17820=CARTESIAN_POINT('',(-30.4678254478911,-41.3000000120363,
111.899853707513));
#17830=DIRECTION('',(-1.02206957679905E-6,-3.68004438717645E-13,
-0.999999999999478));
#17840=VECTOR('',#17830,1.);
#17850=LINE('',#17820,#17840);
#17860=EDGE_CURVE('',#3090,#10720,#17850,.T.);
#17870=ORIENTED_EDGE('',*,*,#17860,.F.);
#17880=ORIENTED_EDGE('',*,*,#10730,.T.);
#17890=CARTESIAN_POINT('',(-29.5678254476966,-40.400000012232,
111.89985278765));
#17900=DIRECTION('',(1.02206957679905E-6,2.88151419087418E-13,
0.999999999999478));
#17910=VECTOR('',#17900,1.);
#17920=LINE('',#17890,#17910);
#17930=CARTESIAN_POINT('',(-29.5678327554712,-40.4000000122346,
104.74985278971));
#17940=VERTEX_POINT('',#17930);
#17950=EDGE_CURVE('',#10630,#17940,#17920,.T.);
#17960=ORIENTED_EDGE('',*,*,#17950,.F.);
#17970=CARTESIAN_POINT('',(-29.5678327556896,-41.3000000122345,
104.74985278971));
#17980=DIRECTION('',(1.02206957679905E-6,3.68004438717645E-13,
0.999999999999478));
#17990=DIRECTION('',(0.999999999999478,2.2129897646266E-16,
-1.02206957679905E-6));
#18000=AXIS2_PLACEMENT_3D('',#17970,#17980,#17990);
#18010=CIRCLE('',#18000,0.89999999999984);
#18020=EDGE_CURVE('',#16030,#17940,#18010,.T.);
#18030=ORIENTED_EDGE('',*,*,#18020,.T.);
#18040=ORIENTED_EDGE('',*,*,#16040,.F.);
#18050=EDGE_LOOP('',(#18040,#18030,#17960,#17880,#17870,#17810));
#18060=FACE_OUTER_BOUND('',#18050,.T.);
#18070=ADVANCED_FACE('',(#18060),#17800,.T.);
#18080=COLOUR_RGB('',0.560784339904785,0.588235318660736,
0.600000023841858);
#18090=FILL_AREA_STYLE_COLOUR('',#18080);
#18100=FILL_AREA_STYLE('',(#18090));
#18110=SURFACE_STYLE_FILL_AREA(#18100);
#18120=SURFACE_SIDE_STYLE('',(#18110));
#18130=SURFACE_STYLE_USAGE(.BOTH.,#18120);
#18140=PRESENTATION_STYLE_ASSIGNMENT((#18130));
#18150=CARTESIAN_POINT('',(-30.4678254483481,-43.4000000118869,
111.899853707514));
#18160=DIRECTION('',(0.999999999999478,-2.17631211457222E-10,
-1.02206957679905E-6));
#18170=DIRECTION('',(-2.17631211080982E-10,-1.,3.68226872957646E-13));
#18180=AXIS2_PLACEMENT_3D('',#18150,#18160,#18170);
#18190=PLANE('',#18180);
#18200=ORIENTED_EDGE('',*,*,#3100,.T.);
#18210=CARTESIAN_POINT('',(-30.4678254485658,-44.3999999840146,
111.899853707514));
#18220=DIRECTION('',(1.02206957679905E-6,3.68004438717645E-13,
0.999999999999478));
#18230=VECTOR('',#18220,1.);
#18240=LINE('',#18210,#18230);
#18250=EDGE_CURVE('',#10800,#3010,#18240,.T.);
#18260=ORIENTED_EDGE('',*,*,#18250,.T.);
#18270=ORIENTED_EDGE('',*,*,#10810,.F.);
#18280=ORIENTED_EDGE('',*,*,#17860,.T.);
#18290=EDGE_LOOP('',(#18280,#18270,#18260,#18200));
#18300=FACE_OUTER_BOUND('',#18290,.T.);
#18310=ADVANCED_FACE('',(#18300),#18190,.F.);
#18320=COLOUR_RGB('',0.560784339904785,0.588235318660736,
0.600000023841858);
#18330=FILL_AREA_STYLE_COLOUR('',#18320);
#18340=FILL_AREA_STYLE('',(#18330));
#18350=SURFACE_STYLE_FILL_AREA(#18340);
#18360=SURFACE_SIDE_STYLE('',(#18350));
#18370=SURFACE_STYLE_USAGE(.BOTH.,#18360);
#18380=PRESENTATION_STYLE_ASSIGNMENT((#18370));
#18390=CARTESIAN_POINT('',(-29.7703904012175,-10.002081089088,
111.899852994675));
#18400=DIRECTION('',(-0.707106781008925,-0.707106781363801,
7.22712588636344E-7));
#18410=DIRECTION('',(-0.707106781363431,0.707106781009295,
7.22712068561806E-7));
#18420=AXIS2_PLACEMENT_3D('',#18390,#18400,#18410);
#18430=PLANE('',#18420);
#18440=ORIENTED_EDGE('',*,*,#3830,.T.);
#18450=ORIENTED_EDGE('',*,*,#15630,.F.);
#18460=ORIENTED_EDGE('',*,*,#13220,.T.);
#18470=ORIENTED_EDGE('',*,*,#13520,.F.);
#18480=ORIENTED_EDGE('',*,*,#10000,.F.);
#18490=CARTESIAN_POINT('',(-28.7450855681387,-11.0273859216533,
111.899851946742));
#18500=DIRECTION('',(-1.02206957679905E-6,-3.68004438717645E-13,
-0.999999999999478));
#18510=VECTOR('',#18500,1.);
#18520=LINE('',#18490,#18510);
#18530=EDGE_CURVE('',#3820,#9910,#18520,.T.);
#18540=ORIENTED_EDGE('',*,*,#18530,.T.);
#18550=EDGE_LOOP('',(#18540,#18480,#18470,#18460,#18450,#18440));
#18560=FACE_OUTER_BOUND('',#18550,.T.);
#18570=ADVANCED_FACE('',(#18560),#18430,.F.);
#18580=COLOUR_RGB('',0.560784339904785,0.588235318660736,
0.600000023841858);
#18590=FILL_AREA_STYLE_COLOUR('',#18580);
#18600=FILL_AREA_STYLE('',(#18590));
#18610=SURFACE_STYLE_FILL_AREA(#18600);
#18620=SURFACE_SIDE_STYLE('',(#18610));
#18630=SURFACE_STYLE_USAGE(.BOTH.,#18620);
#18640=PRESENTATION_STYLE_ASSIGNMENT((#18630));
#18650=CARTESIAN_POINT('',(-17.1506070517042,-44.3999999869042,
111.899840096391));
#18660=DIRECTION('',(2.16982993490314E-10,1.,-3.68226210434167E-13));
#18670=DIRECTION('',(0.999999999999478,-2.16982993866553E-10,
-1.02206957679905E-6));
#18680=AXIS2_PLACEMENT_3D('',#18650,#18660,#18670);
#18690=PLANE('',#18680);
#18700=ORIENTED_EDGE('',*,*,#3020,.T.);
#18710=CARTESIAN_POINT('',(-16.0259174336333,-44.3999999871483,
111.89983894688));
#18720=DIRECTION('',(1.02206957679905E-6,3.68004438717645E-13,
0.999999999999478));
#18730=VECTOR('',#18720,1.);
#18740=LINE('',#18710,#18730);
#18750=EDGE_CURVE('',#10880,#2930,#18740,.T.);
#18760=ORIENTED_EDGE('',*,*,#18750,.T.);
#18770=ORIENTED_EDGE('',*,*,#10890,.F.);
#18780=ORIENTED_EDGE('',*,*,#18250,.F.);
#18790=EDGE_LOOP('',(#18780,#18770,#18760,#18700));
#18800=FACE_OUTER_BOUND('',#18790,.T.);
#18810=ADVANCED_FACE('',(#18800),#18690,.F.);
#18820=COLOUR_RGB('',0.560784339904785,0.588235318660736,
0.600000023841858);
#18830=FILL_AREA_STYLE_COLOUR('',#18820);
#18840=FILL_AREA_STYLE('',(#18830));
#18850=SURFACE_STYLE_FILL_AREA(#18840);
#18860=SURFACE_SIDE_STYLE('',(#18850));
#18870=SURFACE_STYLE_USAGE(.BOTH.,#18860);
#18880=PRESENTATION_STYLE_ASSIGNMENT((#18870));
#18890=CARTESIAN_POINT('',(-7.06782543232586,-3.89999999804669,
111.899829791071));
#18900=DIRECTION('',(-0.999999999999478,2.17246931219448E-10,
1.02206957679905E-6));
#18910=DIRECTION('',(2.17246930843209E-10,1.,-3.68226480196506E-13));
#18920=AXIS2_PLACEMENT_3D('',#18890,#18900,#18910);
#18930=PLANE('',#18920);
#18940=CARTESIAN_POINT('',(-7.06783316575558,-26.7000000070553,
104.324829791612));
#18950=DIRECTION('',(-6.95513259454266E-10,1.,2.08409403968275E-13));
#18960=VECTOR('',#18950,1.);
#18970=LINE('',#18940,#18960);
#18980=CARTESIAN_POINT('',(-7.06783316575558,-26.7000000070553,
104.324829791612));
#18990=VERTEX_POINT('',#18980);
#19000=EDGE_CURVE('',#18990,#17590,#18970,.T.);
#19010=ORIENTED_EDGE('',*,*,#19000,.T.);
#19020=CARTESIAN_POINT('',(-7.06786358388276,-26.7000000070492,
74.5574018081159));
#19030=DIRECTION('',(1.0220924741578E-6,-2.07698525100001E-13,
0.999999999999478));
#19040=VECTOR('',#19030,1.);
#19050=LINE('',#19020,#19040);
#19060=CARTESIAN_POINT('',(-7.06782601110827,-26.7000000070568,
111.324829791609));
#19070=VERTEX_POINT('',#19060);
#19080=EDGE_CURVE('',#18990,#19070,#19050,.T.);
#19090=ORIENTED_EDGE('',*,*,#19080,.F.);
#19100=CARTESIAN_POINT('',(-7.06782601110827,-26.7000000070568,
111.324829791609));
#19110=DIRECTION('',(-6.95513259454266E-10,1.,2.08409403968275E-13));
#19120=VECTOR('',#19110,1.);
#19130=LINE('',#19100,#19120);
#19140=EDGE_CURVE('',#19070,#17350,#19130,.T.);
#19150=ORIENTED_EDGE('',*,*,#19140,.F.);
#19160=ORIENTED_EDGE('',*,*,#17360,.T.);
#19170=ORIENTED_EDGE('',*,*,#5130,.T.);
#19180=CARTESIAN_POINT('',(-7.06782543232586,-3.89999999804669,
111.899829791071));
#19190=DIRECTION('',(-1.02206957679905E-6,-3.68004438717645E-13,
-0.999999999999478));
#19200=VECTOR('',#19190,1.);
#19210=LINE('',#19180,#19200);
#19220=CARTESIAN_POINT('',(-7.06782602696597,-3.89999998160267,
111.324829791613));
#19230=VERTEX_POINT('',#19220);
#19240=EDGE_CURVE('',#5040,#19230,#19210,.T.);
#19250=ORIENTED_EDGE('',*,*,#19240,.F.);
#19260=CARTESIAN_POINT('',(-7.0678254392628,-3.89999998163361,
111.899829791071));
#19270=DIRECTION('',(-1.02209247415784E-6,5.38080918258695E-11,
-0.999999999999478));
#19280=VECTOR('',#19270,1.);
#19290=LINE('',#19260,#19280);
#19300=CARTESIAN_POINT('',(-7.06783318161329,-3.89999998122601,
104.324829791617));
#19310=VERTEX_POINT('',#19300);
#19320=EDGE_CURVE('',#19230,#19310,#19290,.T.);
#19330=ORIENTED_EDGE('',*,*,#19320,.F.);
#19340=EDGE_CURVE('',#19310,#8530,#19210,.T.);
#19350=ORIENTED_EDGE('',*,*,#19340,.F.);
#19360=ORIENTED_EDGE('',*,*,#8540,.F.);
#19370=ORIENTED_EDGE('',*,*,#17620,.T.);
#19380=EDGE_LOOP('',(#19370,#19360,#19350,#19330,#19250,#19170,#19160,
#19150,#19090,#19010));
#19390=FACE_OUTER_BOUND('',#19380,.T.);
#19400=ADVANCED_FACE('',(#19390),#18930,.F.);
#19410=COLOUR_RGB('',0.560784339904785,0.588235318660736,
0.600000023841858);
#19420=FILL_AREA_STYLE_COLOUR('',#19410);
#19430=FILL_AREA_STYLE('',(#19420));
#19440=SURFACE_STYLE_FILL_AREA(#19430);
#19450=SURFACE_SIDE_STYLE('',(#19440));
#19460=SURFACE_STYLE_USAGE(.BOTH.,#19450);
#19470=PRESENTATION_STYLE_ASSIGNMENT((#19460));
#19480=CARTESIAN_POINT('',(-21.6678254401457,-40.2564659827002,
111.899844713301));
#19490=DIRECTION('',(1.02206957679905E-6,3.68004438717645E-13,
0.999999999999478));
#19500=DIRECTION('',(0.999999999999478,2.2129897646266E-16,
-1.02206957679905E-6));
#19510=AXIS2_PLACEMENT_3D('',#19480,#19490,#19500);
#19520=CYLINDRICAL_SURFACE('',#19510,7.);
#19530=ORIENTED_EDGE('',*,*,#2940,.F.);
#19540=CARTESIAN_POINT('',(-14.6678254401494,-40.2564659842209,
111.899837558814));
#19550=DIRECTION('',(-1.02206957679905E-6,-3.68004438717645E-13,
-0.999999999999478));
#19560=VECTOR('',#19550,1.);
#19570=LINE('',#19540,#19560);
#19580=EDGE_CURVE('',#2840,#10970,#19570,.T.);
#19590=ORIENTED_EDGE('',*,*,#19580,.F.);
#19600=ORIENTED_EDGE('',*,*,#10980,.T.);
#19610=ORIENTED_EDGE('',*,*,#18750,.F.);
#19620=EDGE_LOOP('',(#19610,#19600,#19590,#19530));
#19630=FACE_OUTER_BOUND('',#19620,.T.);
#19640=ADVANCED_FACE('',(#19630),#19520,.T.);
#19650=COLOUR_RGB('',0.560784339904785,0.588235318660736,
0.600000023841858);
#19660=FILL_AREA_STYLE_COLOUR('',#19650);
#19670=FILL_AREA_STYLE('',(#19660));
#19680=SURFACE_STYLE_FILL_AREA(#19670);
#19690=SURFACE_SIDE_STYLE('',(#19680));
#19700=SURFACE_STYLE_USAGE(.BOTH.,#19690);
#19710=PRESENTATION_STYLE_ASSIGNMENT((#19700));
#19720=CARTESIAN_POINT('',(-14.667825440064,-39.8636962627502,
111.899837558813));
#19730=DIRECTION('',(-0.999999999999478,2.17245506100679E-10,
1.02206957679905E-6));
#19740=DIRECTION('',(2.1724550572444E-10,1.,-3.68226478739935E-13));
#19750=AXIS2_PLACEMENT_3D('',#19720,#19730,#19740);
#19760=PLANE('',#19750);
#19770=ORIENTED_EDGE('',*,*,#2850,.F.);
#19780=CARTESIAN_POINT('',(-14.6678254400285,-39.6999999875898,
111.899837558813));
#19790=DIRECTION('',(1.02206957679905E-6,3.68004438717645E-13,
0.999999999999478));
#19800=VECTOR('',#19790,1.);
#19810=LINE('',#19780,#19800);
#19820=EDGE_CURVE('',#11050,#2760,#19810,.T.);
#19830=ORIENTED_EDGE('',*,*,#19820,.T.);
#19840=ORIENTED_EDGE('',*,*,#11060,.T.);
#19850=ORIENTED_EDGE('',*,*,#19580,.T.);
#19860=EDGE_LOOP('',(#19850,#19840,#19830,#19770));
#19870=FACE_OUTER_BOUND('',#19860,.T.);
#19880=ADVANCED_FACE('',(#19870),#19760,.F.);
#19890=COLOUR_RGB('',0.560784339904785,0.588235318660736,
0.600000023841858);
#19900=FILL_AREA_STYLE_COLOUR('',#19890);
#19910=FILL_AREA_STYLE('',(#19900));
#19920=SURFACE_STYLE_FILL_AREA(#19910);
#19930=SURFACE_SIDE_STYLE('',(#19920));
#19940=SURFACE_STYLE_USAGE(.BOTH.,#19930);
#19950=PRESENTATION_STYLE_ASSIGNMENT((#19940));
#19960=CARTESIAN_POINT('',(-27.8897807357564,-10.1720810887289,
111.899851072561));
#19970=DIRECTION('',(1.02206957679905E-6,3.68004438717645E-13,
0.999999999999478));
#19980=DIRECTION('',(0.999999999999478,2.2129897646266E-16,
-1.02206957679905E-6));
#19990=AXIS2_PLACEMENT_3D('',#19960,#19970,#19980);
#20000=CYLINDRICAL_SURFACE('',#19990,0.299999999999998);
#20010=ORIENTED_EDGE('',*,*,#4000,.F.);
#20020=CARTESIAN_POINT('',(-28.1019127699991,-10.384213123198,
111.899851289375));
#20030=DIRECTION('',(1.02206957679905E-6,3.68004438717645E-13,
0.999999999999478));
#20040=VECTOR('',#20030,1.);
#20050=LINE('',#20020,#20040);
#20060=EDGE_CURVE('',#9830,#3900,#20050,.T.);
#20070=ORIENTED_EDGE('',*,*,#20060,.T.);
#20080=ORIENTED_EDGE('',*,*,#9840,.T.);
#20090=CARTESIAN_POINT('',(-27.8897807358299,-9.87208108872889,
111.899851072561));
#20100=DIRECTION('',(-1.02206957679905E-6,-3.68004438717645E-13,
-0.999999999999478));
#20110=VECTOR('',#20100,1.);
#20120=LINE('',#20090,#20110);
#20130=EDGE_CURVE('',#3990,#9740,#20120,.T.);
#20140=ORIENTED_EDGE('',*,*,#20130,.T.);
#20150=EDGE_LOOP('',(#20140,#20080,#20070,#20010));
#20160=FACE_OUTER_BOUND('',#20150,.T.);
#20170=ADVANCED_FACE('',(#20160),#20000,.T.);
#20180=COLOUR_RGB('',0.560784339904785,0.588235318660736,
0.600000023841858);
#20190=FILL_AREA_STYLE_COLOUR('',#20180);
#20200=FILL_AREA_STYLE('',(#20190));
#20210=SURFACE_STYLE_FILL_AREA(#20200);
#20220=SURFACE_SIDE_STYLE('',(#20210));
#20230=SURFACE_STYLE_USAGE(.BOTH.,#20220);
#20240=PRESENTATION_STYLE_ASSIGNMENT((#20230));
#20250=CARTESIAN_POINT('',(-15.3503942914916,-39.7597170240193,
111.899838256446));
#20260=DIRECTION('',(0.0871557425311975,-0.996194698110679,
-8.9078866280444E-8));
#20270=DIRECTION('',(-0.996194698110159,-0.0871557425312431,
1.01818032558114E-6));
#20280=AXIS2_PLACEMENT_3D('',#20250,#20260,#20270);
#20290=PLANE('',#20280);
#20300=ORIENTED_EDGE('',*,*,#11140,.T.);
#20310=ORIENTED_EDGE('',*,*,#19820,.F.);
#20320=ORIENTED_EDGE('',*,*,#2770,.F.);
#20330=CARTESIAN_POINT('',(-15.567825440045,-39.7787397845676,
111.899838478676));
#20340=DIRECTION('',(-1.02206957679905E-6,-3.68004438717645E-13,
-0.999999999999478));
#20350=VECTOR('',#20340,1.);
#20360=LINE('',#20330,#20350);
#20370=EDGE_CURVE('',#2680,#11130,#20360,.T.);
#20380=ORIENTED_EDGE('',*,*,#20370,.F.);
#20390=EDGE_LOOP('',(#20380,#20320,#20310,#20300));
#20400=FACE_OUTER_BOUND('',#20390,.T.);
#20410=ADVANCED_FACE('',(#20400),#20290,.F.);
#20420=COLOUR_RGB('',0.560784339904785,0.588235318660736,
0.600000023841858);
#20430=FILL_AREA_STYLE_COLOUR('',#20420);
#20440=FILL_AREA_STYLE('',(#20430));
#20450=SURFACE_STYLE_FILL_AREA(#20440);
#20460=SURFACE_SIDE_STYLE('',(#20450));
#20470=SURFACE_STYLE_USAGE(.BOTH.,#20460);
#20480=PRESENTATION_STYLE_ASSIGNMENT((#20470));
#20490=CARTESIAN_POINT('',(-7.65727076699237,-2.50534799937225,
111.899830393525));
#20500=DIRECTION('',(-0.921109330105626,-0.389303996886081,
9.41437966472807E-7));
#20510=DIRECTION('',(-0.389303996885878,0.921109330106108,
3.97895432371215E-7));
#20520=AXIS2_PLACEMENT_3D('',#20490,#20500,#20510);
#20530=PLANE('',#20520);
#20540=ORIENTED_EDGE('',*,*,#19320,.T.);
#20550=ORIENTED_EDGE('',*,*,#19240,.T.);
#20560=ORIENTED_EDGE('',*,*,#5050,.T.);
#20570=CARTESIAN_POINT('',(-7.78632515129094,-2.19999999776064,
111.899830525428));
#20580=DIRECTION('',(1.02206957679905E-6,3.68004438717645E-13,
0.999999999999478));
#20590=VECTOR('',#20580,1.);
#20600=LINE('',#20570,#20590);
#20610=EDGE_CURVE('',#8610,#4960,#20600,.T.);
#20620=ORIENTED_EDGE('',*,*,#20610,.T.);
#20630=ORIENTED_EDGE('',*,*,#8620,.F.);
#20640=ORIENTED_EDGE('',*,*,#19340,.T.);
#20650=EDGE_LOOP('',(#20640,#20630,#20620,#20560,#20550,#20540));
#20660=FACE_OUTER_BOUND('',#20650,.T.);
#20670=ADVANCED_FACE('',(#20660),#20530,.F.);
#20680=COLOUR_RGB('',0.560784339904785,0.588235318660736,
0.600000023841858);
#20690=FILL_AREA_STYLE_COLOUR('',#20680);
#20700=FILL_AREA_STYLE('',(#20690));
#20710=SURFACE_STYLE_FILL_AREA(#20700);
#20720=SURFACE_SIDE_STYLE('',(#20710));
#20730=SURFACE_STYLE_USAGE(.BOTH.,#20720);
#20740=PRESENTATION_STYLE_ASSIGNMENT((#20730));
#20750=CARTESIAN_POINT('',(-15.5678254398107,-38.6999999874002,
111.899838478676));
#20760=DIRECTION('',(-0.999999999999478,2.17245506100679E-10,
1.02206957679905E-6));
#20770=DIRECTION('',(2.1724550572444E-10,1.,-3.68226478739935E-13));
#20780=AXIS2_PLACEMENT_3D('',#20750,#20760,#20770);
#20790=PLANE('',#20780);
#20800=ORIENTED_EDGE('',*,*,#11220,.T.);
#20810=ORIENTED_EDGE('',*,*,#20370,.T.);
#20820=ORIENTED_EDGE('',*,*,#2690,.F.);
#20830=CARTESIAN_POINT('',(-15.5678254398107,-38.6999999874002,
111.899838478676));
#20840=DIRECTION('',(-1.02206957679905E-6,-3.68004438717645E-13,
-0.999999999999478));
#20850=VECTOR('',#20840,1.);
#20860=LINE('',#20830,#20850);
#20870=EDGE_CURVE('',#2600,#11210,#20860,.T.);
#20880=ORIENTED_EDGE('',*,*,#20870,.F.);
#20890=EDGE_LOOP('',(#20880,#20820,#20810,#20800));
#20900=FACE_OUTER_BOUND('',#20890,.T.);
#20910=ADVANCED_FACE('',(#20900),#20790,.F.);
#20920=COLOUR_RGB('',0.560784339904785,0.588235318660736,
0.600000023841858);
#20930=FILL_AREA_STYLE_COLOUR('',#20920);
#20940=FILL_AREA_STYLE('',(#20930));
#20950=SURFACE_STYLE_FILL_AREA(#20940);
#20960=SURFACE_SIDE_STYLE('',(#20950));
#20970=SURFACE_STYLE_USAGE(.BOTH.,#20960);
#20980=PRESENTATION_STYLE_ASSIGNMENT((#20970));
#20990=CARTESIAN_POINT('',(-7.26782543981501,-38.6999999892033,
111.899829995498));
#21000=DIRECTION('',(1.02206957679905E-6,3.68004438717645E-13,
0.999999999999478));
#21010=DIRECTION('',(0.999999999999478,2.2129897646266E-16,
-1.02206957679905E-6));
#21020=AXIS2_PLACEMENT_3D('',#20990,#21000,#21010);
#21030=CYLINDRICAL_SURFACE('',#21020,8.3);
#21040=ORIENTED_EDGE('',*,*,#2610,.T.);
#21050=CARTESIAN_POINT('',(-14.9092469097751,-35.4598336481181,
111.899837805561));
#21060=DIRECTION('',(-1.02206957679905E-6,-3.68004438717645E-13,
-0.999999999999478));
#21070=VECTOR('',#21060,1.);
#21080=LINE('',#21050,#21070);
#21090=EDGE_CURVE('',#2510,#11300,#21080,.T.);
#21100=ORIENTED_EDGE('',*,*,#21090,.F.);
#21110=ORIENTED_EDGE('',*,*,#11310,.F.);
#21120=ORIENTED_EDGE('',*,*,#20870,.T.);
#21130=EDGE_LOOP('',(#21120,#21110,#21100,#21040));
#21140=FACE_OUTER_BOUND('',#21130,.T.);
#21150=ADVANCED_FACE('',(#21140),#21030,.F.);
#21160=COLOUR_RGB('',0.560784339904785,0.588235318660736,
0.600000023841858);
#21170=FILL_AREA_STYLE_COLOUR('',#21160);
#21180=FILL_AREA_STYLE('',(#21170));
#21190=SURFACE_STYLE_FILL_AREA(#21180);
#21200=SURFACE_SIDE_STYLE('',(#21190));
#21210=SURFACE_STYLE_USAGE(.BOTH.,#21200);
#21220=PRESENTATION_STYLE_ASSIGNMENT((#21210));
#21230=CARTESIAN_POINT('',(-14.4489203151965,-35.6550243915551,
111.899837335076));
#21240=DIRECTION('',(1.02206957679905E-6,3.68004438717645E-13,
0.999999999999478));
#21250=DIRECTION('',(0.999999999999478,2.2129897646266E-16,
-1.02206957679905E-6));
#21260=AXIS2_PLACEMENT_3D('',#21230,#21240,#21250);
#21270=CYLINDRICAL_SURFACE('',#21260,0.5);
#21280=ORIENTED_EDGE('',*,*,#11400,.F.);
#21290=ORIENTED_EDGE('',*,*,#21090,.T.);
#21300=ORIENTED_EDGE('',*,*,#2520,.T.);
#21310=CARTESIAN_POINT('',(-13.9885937206462,-35.8502151349862,
111.89983686459));
#21320=DIRECTION('',(-1.02206957679905E-6,-3.68004438717645E-13,
-0.999999999999478));
#21330=VECTOR('',#21320,1.);
#21340=LINE('',#21310,#21330);
#21350=EDGE_CURVE('',#2420,#11390,#21340,.T.);
#21360=ORIENTED_EDGE('',*,*,#21350,.F.);
#21370=EDGE_LOOP('',(#21360,#21300,#21290,#21280));
#21380=FACE_OUTER_BOUND('',#21370,.T.);
#21390=ADVANCED_FACE('',(#21380),#21270,.F.);
#21400=COLOUR_RGB('',0.560784339904785,0.588235318660736,
0.600000023841858);
#21410=FILL_AREA_STYLE_COLOUR('',#21400);
#21420=FILL_AREA_STYLE('',(#21410));
#21430=SURFACE_STYLE_FILL_AREA(#21420);
#21440=SURFACE_SIDE_STYLE('',(#21430));
#21450=SURFACE_STYLE_USAGE(.BOTH.,#21440);
#21460=PRESENTATION_STYLE_ASSIGNMENT((#21450));
#21470=CARTESIAN_POINT('',(-7.26782543981501,-38.6999999892033,
111.899829995498));
#21480=DIRECTION('',(1.02206957679905E-6,3.68004438717645E-13,
0.999999999999478));
#21490=DIRECTION('',(0.999999999999478,2.2129897646266E-16,
-1.02206957679905E-6));
#21500=AXIS2_PLACEMENT_3D('',#21470,#21480,#21490);
#21510=CYLINDRICAL_SURFACE('',#21500,7.3);
#21520=ORIENTED_EDGE('',*,*,#2430,.F.);
#21530=CARTESIAN_POINT('',(-14.5616584512699,-38.399999987612,
111.899837450303));
#21540=DIRECTION('',(1.02206957679905E-6,3.68004438717645E-13,
0.999999999999478));
#21550=VECTOR('',#21540,1.);
#21560=LINE('',#21530,#21550);
#21570=EDGE_CURVE('',#11480,#2330,#21560,.T.);
#21580=ORIENTED_EDGE('',*,*,#21570,.T.);
#21590=ORIENTED_EDGE('',*,*,#11490,.T.);
#21600=ORIENTED_EDGE('',*,*,#21350,.T.);
#21610=EDGE_LOOP('',(#21600,#21590,#21580,#21520));
#21620=FACE_OUTER_BOUND('',#21610,.T.);
#21630=ADVANCED_FACE('',(#21620),#21510,.T.);
#21640=COLOUR_RGB('',0.560784339904785,0.588235318660736,
0.600000023841858);
#21650=FILL_AREA_STYLE_COLOUR('',#21640);
#21660=FILL_AREA_STYLE('',(#21650));
#21670=SURFACE_STYLE_FILL_AREA(#21660);
#21680=SURFACE_SIDE_STYLE('',(#21670));
#21690=SURFACE_STYLE_USAGE(.BOTH.,#21680);
#21700=PRESENTATION_STYLE_ASSIGNMENT((#21690));
#21710=CARTESIAN_POINT('',(-28.6036642119369,-10.8859645653821,
111.8998518022));
#21720=DIRECTION('',(0.707106781359524,-0.707106781013202,
-7.22712068557812E-7));
#21730=DIRECTION('',(-0.707106781012833,-0.707106781359893,
7.22712588640338E-7));
#21740=AXIS2_PLACEMENT_3D('',#21710,#21720,#21730);
#21750=PLANE('',#21740);
#21760=ORIENTED_EDGE('',*,*,#3910,.T.);
#21770=ORIENTED_EDGE('',*,*,#18530,.F.);
#21780=ORIENTED_EDGE('',*,*,#9920,.F.);
#21790=ORIENTED_EDGE('',*,*,#20060,.F.);
#21800=EDGE_LOOP('',(#21790,#21780,#21770,#21760));
#21810=FACE_OUTER_BOUND('',#21800,.T.);
#21820=ADVANCED_FACE('',(#21810),#21750,.F.);
#21830=COLOUR_RGB('',0.560784339904785,0.588235318660736,
0.600000023841858);
#21840=FILL_AREA_STYLE_COLOUR('',#21830);
#21850=FILL_AREA_STYLE('',(#21840));
#21860=SURFACE_STYLE_FILL_AREA(#21850);
#21870=SURFACE_SIDE_STYLE('',(#21860));
#21880=SURFACE_STYLE_USAGE(.BOTH.,#21870);
#21890=PRESENTATION_STYLE_ASSIGNMENT((#21880));
#21900=CARTESIAN_POINT('',(11.2321745602311,-38.3999999932156,
111.899811087211));
#21910=DIRECTION('',(2.1724553348007E-10,1.,-3.68226478768303E-13));
#21920=DIRECTION('',(0.999999999999478,-2.1724553385631E-10,
-1.02206957679905E-6));
#21930=AXIS2_PLACEMENT_3D('',#21900,#21910,#21920);
#21940=PLANE('',#21930);
#21950=ORIENTED_EDGE('',*,*,#2340,.T.);
#21960=CARTESIAN_POINT('',(11.2321745602311,-38.3999999932156,
111.899811087211));
#21970=DIRECTION('',(-1.02206957679905E-6,-3.68004438717645E-13,
-0.999999999999478));
#21980=VECTOR('',#21970,1.);
#21990=LINE('',#21960,#21980);
#22000=EDGE_CURVE('',#2250,#11560,#21990,.T.);
#22010=ORIENTED_EDGE('',*,*,#22000,.F.);
#22020=ORIENTED_EDGE('',*,*,#11570,.F.);
#22030=ORIENTED_EDGE('',*,*,#21570,.F.);
#22040=EDGE_LOOP('',(#22030,#22020,#22010,#21950));
#22050=FACE_OUTER_BOUND('',#22040,.T.);
#22060=ADVANCED_FACE('',(#22050),#21940,.F.);
#22070=COLOUR_RGB('',0.560784339904785,0.588235318660736,
0.600000023841858);
#22080=FILL_AREA_STYLE_COLOUR('',#22070);
#22090=FILL_AREA_STYLE('',(#22080));
#22100=SURFACE_STYLE_FILL_AREA(#22090);
#22110=SURFACE_SIDE_STYLE('',(#22100));
#22120=SURFACE_STYLE_USAGE(.BOTH.,#22110);
#22130=PRESENTATION_STYLE_ASSIGNMENT((#22120));
#22140=CARTESIAN_POINT('',(11.2321745602745,-38.1999999932156,
111.899811087211));
#22150=DIRECTION('',(-1.02206957679905E-6,-3.68004438717645E-13,
-0.999999999999478));
#22160=DIRECTION('',(0.999999999999478,2.2129897646266E-16,
-1.02206957679905E-6));
#22170=AXIS2_PLACEMENT_3D('',#22140,#22150,#22160);
#22180=CYLINDRICAL_SURFACE('',#22170,0.2);
#22190=ORIENTED_EDGE('',*,*,#2260,.T.);
#22200=CARTESIAN_POINT('',(11.4321745602744,-38.1999999932596,
111.899810882797));
#22210=DIRECTION('',(-1.02206957679905E-6,-3.68004438717645E-13,
-0.999999999999478));
#22220=VECTOR('',#22210,1.);
#22230=LINE('',#22200,#22220);
#22240=EDGE_CURVE('',#2160,#11650,#22230,.T.);
#22250=ORIENTED_EDGE('',*,*,#22240,.F.);
#22260=ORIENTED_EDGE('',*,*,#11660,.F.);
#22270=ORIENTED_EDGE('',*,*,#22000,.T.);
#22280=EDGE_LOOP('',(#22270,#22260,#22250,#22190));
#22290=FACE_OUTER_BOUND('',#22280,.T.);
#22300=ADVANCED_FACE('',(#22290),#22180,.T.);
#22310=COLOUR_RGB('',0.560784339904785,0.588235318660736,
0.600000023841858);
#22320=FILL_AREA_STYLE_COLOUR('',#22310);
#22330=FILL_AREA_STYLE('',(#22320));
#22340=SURFACE_STYLE_FILL_AREA(#22330);
#22350=SURFACE_SIDE_STYLE('',(#22340));
#22360=SURFACE_STYLE_USAGE(.BOTH.,#22350);
#22370=PRESENTATION_STYLE_ASSIGNMENT((#22360));
#22380=CARTESIAN_POINT('',(16.8461640997239,-38.1999999944357,
111.899805349323));
#22390=DIRECTION('',(2.17245505724495E-10,1.,-3.68226478739935E-13));
#22400=DIRECTION('',(0.999999999999478,-2.17245506100734E-10,
-1.02206957679905E-6));
#22410=AXIS2_PLACEMENT_3D('',#22380,#22390,#22400);
#22420=PLANE('',#22410);
#22430=ORIENTED_EDGE('',*,*,#11740,.F.);
#22440=ORIENTED_EDGE('',*,*,#22240,.T.);
#22450=ORIENTED_EDGE('',*,*,#2170,.T.);
#22460=CARTESIAN_POINT('',(16.8461640997239,-38.1999999944357,
111.899805349323));
#22470=DIRECTION('',(1.02206957679905E-6,3.68004438717645E-13,
0.999999999999478));
#22480=VECTOR('',#22470,1.);
#22490=LINE('',#22460,#22480);
#22500=EDGE_CURVE('',#11730,#2080,#22490,.T.);
#22510=ORIENTED_EDGE('',*,*,#22500,.T.);
#22520=EDGE_LOOP('',(#22510,#22450,#22440,#22430));
#22530=FACE_OUTER_BOUND('',#22520,.T.);
#22540=ADVANCED_FACE('',(#22530),#22420,.F.);
#22550=COLOUR_RGB('',0.560784339904785,0.588235318660736,
0.600000023841858);
#22560=FILL_AREA_STYLE_COLOUR('',#22550);
#22570=FILL_AREA_STYLE('',(#22560));
#22580=SURFACE_STYLE_FILL_AREA(#22570);
#22590=SURFACE_SIDE_STYLE('',(#22580));
#22600=SURFACE_STYLE_USAGE(.BOTH.,#22590);
#22610=PRESENTATION_STYLE_ASSIGNMENT((#22600));
#22620=CARTESIAN_POINT('',(19.1321745602271,-38.399999994932,
111.899803012861));
#22630=DIRECTION('',(0.0871557429640324,0.996194698072811,
-8.90795999309728E-8));
#22640=DIRECTION('',(0.996194698072291,-0.0871557429640779,
-1.01818026139504E-6));
#22650=AXIS2_PLACEMENT_3D('',#22620,#22630,#22640);
#22660=PLANE('',#22650);
#22670=ORIENTED_EDGE('',*,*,#11820,.F.);
#22680=ORIENTED_EDGE('',*,*,#22500,.F.);
#22690=ORIENTED_EDGE('',*,*,#2090,.T.);
#22700=CARTESIAN_POINT('',(19.1321745602271,-38.399999994932,
111.899803012861));
#22710=DIRECTION('',(-1.02206957679905E-6,-3.68004438717645E-13,
-0.999999999999478));
#22720=VECTOR('',#22710,1.);
#22730=LINE('',#22700,#22720);
#22740=EDGE_CURVE('',#2000,#11810,#22730,.T.);
#22750=ORIENTED_EDGE('',*,*,#22740,.F.);
#22760=EDGE_LOOP('',(#22750,#22690,#22680,#22670));
#22770=FACE_OUTER_BOUND('',#22760,.T.);
#22780=ADVANCED_FACE('',(#22770),#22660,.F.);
#22790=COLOUR_RGB('',0.560784339904785,0.588235318660736,
0.600000023841858);
#22800=FILL_AREA_STYLE_COLOUR('',#22790);
#22810=FILL_AREA_STYLE('',(#22800));
#22820=SURFACE_STYLE_FILL_AREA(#22810);
#22830=SURFACE_SIDE_STYLE('',(#22820));
#22840=SURFACE_STYLE_USAGE(.BOTH.,#22830);
#22850=PRESENTATION_STYLE_ASSIGNMENT((#22840));
#22860=CARTESIAN_POINT('',(43.5508562264597,4.51403546491194,
111.899778056762));
#22870=DIRECTION('',(0.707106780936556,-0.70710678143617,
-7.22695820871907E-7));
#22880=DIRECTION('',(-0.707106781435801,-0.707106780936925,
7.22696567678253E-7));
#22890=AXIS2_PLACEMENT_3D('',#22860,#22870,#22880);
#22900=PLANE('',#22890);
#22910=CARTESIAN_POINT('',(44.4347022232195,5.39791894116586,
75.2281310623143));
#22920=DIRECTION('',(-1.02204675941924E-6,-5.27711028537216E-13,
-0.999999999999478));
#22930=VECTOR('',#22920,1.);
#22940=LINE('',#22910,#22930);
#22950=CARTESIAN_POINT('',(44.4347321913129,5.39791894118135,
104.549777153354));
#22960=VERTEX_POINT('',#22950);
#22970=EDGE_CURVE('',#1350,#22960,#22940,.T.);
#22980=ORIENTED_EDGE('',*,*,#22970,.T.);
#22990=ORIENTED_EDGE('',*,*,#1360,.T.);
#23000=CARTESIAN_POINT('',(43.4094348701729,4.37261410872487,
111.899778199796));
#23010=DIRECTION('',(-1.02204675941924E-6,-5.27711028537213E-13,
-0.999999999999478));
#23020=VECTOR('',#23010,1.);
#23030=LINE('',#23000,#23020);
#23040=EDGE_CURVE('',#1270,#6910,#23030,.T.);
#23050=ORIENTED_EDGE('',*,*,#23040,.F.);
#23060=ORIENTED_EDGE('',*,*,#6920,.T.);
#23070=CARTESIAN_POINT('',(43.9751202953827,4.93829953353556,
111.899777621626));
#23080=DIRECTION('',(1.02204724023817E-6,1.00852995355108E-12,
0.999999999999478));
#23090=VECTOR('',#23080,1.);
#23100=LINE('',#23070,#23090);
#23110=CARTESIAN_POINT('',(43.9751127833354,4.93829953352813,
104.549777623108));
#23120=VERTEX_POINT('',#23110);
#23130=EDGE_CURVE('',#6830,#23120,#23100,.T.);
#23140=ORIENTED_EDGE('',*,*,#23130,.F.);
#23150=CARTESIAN_POINT('',(3.5920876011898,-35.4447256201266,
104.549818896508));
#23160=DIRECTION('',(-0.707106781435801,-0.707106780936925,
7.22697247622308E-7));
#23170=VECTOR('',#23160,1.);
#23180=LINE('',#23150,#23170);
#23190=EDGE_CURVE('',#22960,#23120,#23180,.T.);
#23200=ORIENTED_EDGE('',*,*,#23190,.T.);
#23210=EDGE_LOOP('',(#23200,#23140,#23060,#23050,#22990,#22980));
#23220=FACE_OUTER_BOUND('',#23210,.T.);
#23230=ADVANCED_FACE('',(#23220),#22900,.F.);
#23240=COLOUR_RGB('',0.560784339904785,0.588235318660736,
0.600000023841858);
#23250=FILL_AREA_STYLE_COLOUR('',#23240);
#23260=FILL_AREA_STYLE('',(#23250));
#23270=SURFACE_STYLE_FILL_AREA(#23260);
#23280=SURFACE_SIDE_STYLE('',(#23270));
#23290=SURFACE_STYLE_USAGE(.BOTH.,#23280);
#23300=PRESENTATION_STYLE_ASSIGNMENT((#23290));
#23310=CARTESIAN_POINT('',(36.4621107465922,8.84506450213816,
111.899785301789));
#23320=DIRECTION('',(-0.707106781431852,-0.707106780940874,
7.22696567674217E-7));
#23330=DIRECTION('',(-0.707106780940504,0.707106781432222,
7.22695820875943E-7));
#23340=AXIS2_PLACEMENT_3D('',#23310,#23320,#23330);
#23350=PLANE('',#23340);
#23360=ORIENTED_EDGE('',*,*,#870,.T.);
#23370=CARTESIAN_POINT('',(36.4620732664552,8.8450645021188,
75.2281392108881));
#23380=DIRECTION('',(-1.02204675941924E-6,-5.27711028537214E-13,
-0.999999999999478));
#23390=VECTOR('',#23380,1.);
#23400=LINE('',#23370,#23390);
#23410=EDGE_CURVE('',#780,#7400,#23400,.T.);
#23420=ORIENTED_EDGE('',*,*,#23410,.F.);
#23430=ORIENTED_EDGE('',*,*,#7410,.T.);
#23440=CARTESIAN_POINT('',(40.9522013254275,4.35493644002413,
75.2281346216695));
#23450=DIRECTION('',(-1.02204675941924E-6,-5.27711028537213E-13,
-0.999999999999478));
#23460=VECTOR('',#23450,1.);
#23470=LINE('',#23440,#23460);
#23480=EDGE_CURVE('',#860,#7320,#23470,.T.);
#23490=ORIENTED_EDGE('',*,*,#23480,.T.);
#23500=EDGE_LOOP('',(#23490,#23430,#23420,#23360));
#23510=FACE_OUTER_BOUND('',#23500,.T.);
#23520=ADVANCED_FACE('',(#23510),#23350,.F.);
#23530=COLOUR_RGB('',0.560784339904785,0.588235318660736,
0.600000023841858);
#23540=FILL_AREA_STYLE_COLOUR('',#23530);
#23550=FILL_AREA_STYLE('',(#23540));
#23560=SURFACE_STYLE_FILL_AREA(#23550);
#23570=SURFACE_SIDE_STYLE('',(#23560));
#23580=SURFACE_STYLE_USAGE(.BOTH.,#23570);
#23590=PRESENTATION_STYLE_ASSIGNMENT((#23580));
#23600=CARTESIAN_POINT('',(17.8321745598145,-40.2999999946568,
111.899804341552));
#23610=DIRECTION('',(0.999999999999478,-2.17935731755089E-10,
-1.02206957679905E-6));
#23620=DIRECTION('',(-2.17935731378849E-10,-1.,3.68227184198578E-13));
#23630=AXIS2_PLACEMENT_3D('',#23600,#23610,#23620);
#23640=PLANE('',#23630);
#23650=ORIENTED_EDGE('',*,*,#1850,.T.);
#23660=CARTESIAN_POINT('',(17.8321745598145,-40.2999999946568,
111.899804341552));
#23670=DIRECTION('',(-1.02206957679905E-6,-3.68004438717645E-13,
-0.999999999999478));
#23680=VECTOR('',#23670,1.);
#23690=LINE('',#23660,#23680);
#23700=EDGE_CURVE('',#1760,#12050,#23690,.T.);
#23710=ORIENTED_EDGE('',*,*,#23700,.F.);
#23720=ORIENTED_EDGE('',*,*,#12060,.F.);
#23730=CARTESIAN_POINT('',(17.8321745599129,-39.8483339448107,
111.899804341552));
#23740=DIRECTION('',(1.02206957679905E-6,3.68004438717645E-13,
0.999999999999478));
#23750=VECTOR('',#23740,1.);
#23760=LINE('',#23730,#23750);
#23770=EDGE_CURVE('',#11970,#1840,#23760,.T.);
#23780=ORIENTED_EDGE('',*,*,#23770,.F.);
#23790=EDGE_LOOP('',(#23780,#23720,#23710,#23650));
#23800=FACE_OUTER_BOUND('',#23790,.T.);
#23810=ADVANCED_FACE('',(#23800),#23640,.F.);
#23820=COLOUR_RGB('',0.560784339904785,0.588235318660736,
0.600000023841858);
#23830=FILL_AREA_STYLE_COLOUR('',#23820);
#23840=FILL_AREA_STYLE('',(#23830));
#23850=SURFACE_STYLE_FILL_AREA(#23840);
#23860=SURFACE_SIDE_STYLE('',(#23850));
#23870=SURFACE_STYLE_USAGE(.BOTH.,#23860);
#23880=PRESENTATION_STYLE_ASSIGNMENT((#23870));
#23890=CARTESIAN_POINT('',(27.2261472394935,-38.8846282083994,
111.899794740258));
#23900=DIRECTION('',(-1.02206957679905E-6,-3.68004438717645E-13,
-0.999999999999478));
#23910=DIRECTION('',(0.999999999999478,2.2129897646266E-16,
-1.02206957679905E-6));
#23920=AXIS2_PLACEMENT_3D('',#23890,#23900,#23910);
#23930=CYLINDRICAL_SURFACE('',#23920,9.499999999999);
#23940=ORIENTED_EDGE('',*,*,#1770,.T.);
#23950=CARTESIAN_POINT('',(19.4911182120557,-44.3999999950166,
111.899802645998));
#23960=DIRECTION('',(-1.02206957679905E-6,-3.68004438717645E-13,
-0.999999999999478));
#23970=VECTOR('',#23960,1.);
#23980=LINE('',#23950,#23970);
#23990=EDGE_CURVE('',#1670,#12140,#23980,.T.);
#24000=ORIENTED_EDGE('',*,*,#23990,.F.);
#24010=ORIENTED_EDGE('',*,*,#12150,.F.);
#24020=ORIENTED_EDGE('',*,*,#23700,.T.);
#24030=EDGE_LOOP('',(#24020,#24010,#24000,#23940));
#24040=FACE_OUTER_BOUND('',#24030,.T.);
#24050=ADVANCED_FACE('',(#24040),#23930,.T.);
#24060=COLOUR_RGB('',0.560784339904785,0.588235318660736,
0.600000023841858);
#24070=FILL_AREA_STYLE_COLOUR('',#24060);
#24080=FILL_AREA_STYLE('',(#24070));
#24090=SURFACE_STYLE_FILL_AREA(#24080);
#24100=SURFACE_SIDE_STYLE('',(#24090));
#24110=SURFACE_STYLE_USAGE(.BOTH.,#24100);
#24120=PRESENTATION_STYLE_ASSIGNMENT((#24110));
#24130=CARTESIAN_POINT('',(-22.8407439472673,-3.07243463181321,
111.899845912091));
#24140=DIRECTION('',(0.707106781355616,-0.70710678101711,
-7.22712068553818E-7));
#24150=DIRECTION('',(-0.707106781016741,-0.707106781355985,
7.22712588644332E-7));
#24160=AXIS2_PLACEMENT_3D('',#24130,#24140,#24150);
#24170=PLANE('',#24160);
#24180=CARTESIAN_POINT('',(-22.9124670119123,-3.14415769649265,
111.899845985397));
#24190=DIRECTION('',(1.02208611670209E-6,1.69079074805102E-11,
0.999999999999478));
#24200=VECTOR('',#24190,1.);
#24210=LINE('',#24180,#24200);
#24220=CARTESIAN_POINT('',(-22.9124745242453,-3.14415769661691,
104.549845986219));
#24230=VERTEX_POINT('',#24220);
#24240=EDGE_CURVE('',#8770,#24230,#24210,.T.);
#24250=ORIENTED_EDGE('',*,*,#24240,.T.);
#24260=ORIENTED_EDGE('',*,*,#8780,.F.);
#24270=CARTESIAN_POINT('',(-21.9683093236894,-2.20000000781674,
111.899845020402));
#24280=DIRECTION('',(1.02206957679905E-6,3.68004438717645E-13,
0.999999999999478));
#24290=VECTOR('',#24280,1.);
#24300=LINE('',#24270,#24290);
#24310=EDGE_CURVE('',#8690,#4880,#24300,.T.);
#24320=ORIENTED_EDGE('',*,*,#24310,.F.);
#24330=ORIENTED_EDGE('',*,*,#4890,.T.);
#24340=CARTESIAN_POINT('',(-22.8407439472673,-3.07243463181321,
111.899845912091));
#24350=DIRECTION('',(-1.02206957679905E-6,-3.68004438717645E-13,
-0.999999999999478));
#24360=VECTOR('',#24350,1.);
#24370=LINE('',#24340,#24360);
#24380=CARTESIAN_POINT('',(-22.8407514594788,-3.07243463181599,
104.549845912912));
#24390=VERTEX_POINT('',#24380);
#24400=EDGE_CURVE('',#4800,#24390,#24370,.T.);
#24410=ORIENTED_EDGE('',*,*,#24400,.F.);
#24420=CARTESIAN_POINT('',(-57.6683168171026,-37.9000000061488,
104.549881509747));
#24430=DIRECTION('',(0.707106781016741,0.707106781355985,
-7.22725332256054E-7));
#24440=VECTOR('',#24430,1.);
#24450=LINE('',#24420,#24440);
#24460=EDGE_CURVE('',#24230,#24390,#24450,.T.);
#24470=ORIENTED_EDGE('',*,*,#24460,.T.);
#24480=EDGE_LOOP('',(#24470,#24410,#24330,#24320,#24260,#24250));
#24490=FACE_OUTER_BOUND('',#24480,.T.);
#24500=ADVANCED_FACE('',(#24490),#24170,.F.);
#24510=COLOUR_RGB('',0.560784339904785,0.588235318660736,
0.600000023841858);
#24520=FILL_AREA_STYLE_COLOUR('',#24510);
#24530=FILL_AREA_STYLE('',(#24520));
#24540=SURFACE_STYLE_FILL_AREA(#24530);
#24550=SURFACE_SIDE_STYLE('',(#24540));
#24560=SURFACE_STYLE_USAGE(.BOTH.,#24550);
#24570=PRESENTATION_STYLE_ASSIGNMENT((#24560));
#24580=CARTESIAN_POINT('',(20.9428581659507,-44.399999995332,
111.899801162219));
#24590=DIRECTION('',(2.17303431610805E-10,1.,-3.68226537944221E-13));
#24600=DIRECTION('',(0.999999999999478,-2.17303431987044E-10,
-1.02206957679905E-6));
#24610=AXIS2_PLACEMENT_3D('',#24580,#24590,#24600);
#24620=PLANE('',#24610);
#24630=ORIENTED_EDGE('',*,*,#1680,.T.);
#24640=CARTESIAN_POINT('',(21.5288594966322,-44.3999999954594,
111.899800563285));
#24650=DIRECTION('',(1.02204647036611E-6,3.68004443738752E-13,
0.999999999999478));
#24660=VECTOR('',#24650,1.);
#24670=LINE('',#24640,#24660);
#24680=EDGE_CURVE('',#12220,#1590,#24670,.T.);
#24690=ORIENTED_EDGE('',*,*,#24680,.T.);
#24700=ORIENTED_EDGE('',*,*,#12230,.F.);
#24710=ORIENTED_EDGE('',*,*,#23990,.T.);
#24720=EDGE_LOOP('',(#24710,#24700,#24690,#24630));
#24730=FACE_OUTER_BOUND('',#24720,.T.);
#24740=ADVANCED_FACE('',(#24730),#24620,.F.);
#24750=COLOUR_RGB('',0.560784339904785,0.588235318660736,
0.600000023841858);
#24760=FILL_AREA_STYLE_COLOUR('',#24750);
#24770=FILL_AREA_STYLE('',(#24760));
#24780=SURFACE_STYLE_FILL_AREA(#24770);
#24790=SURFACE_SIDE_STYLE('',(#24780));
#24800=SURFACE_STYLE_USAGE(.BOTH.,#24790);
#24810=PRESENTATION_STYLE_ASSIGNMENT((#24800));
#24820=CARTESIAN_POINT('',(-27.8897807358299,-9.87208108872889,
111.899851072561));
#24830=DIRECTION('',(2.4514729098595E-10,-1.,3.67753881129886E-13));
#24840=DIRECTION('',(-0.999999999999478,-2.45147290609952E-10,
1.02206957679905E-6));
#24850=AXIS2_PLACEMENT_3D('',#24820,#24830,#24840);
#24860=PLANE('',#24850);
#24870=ORIENTED_EDGE('',*,*,#4080,.T.);
#24880=ORIENTED_EDGE('',*,*,#20130,.F.);
#24890=ORIENTED_EDGE('',*,*,#9750,.F.);
#24900=CARTESIAN_POINT('',(-26.5998312420611,-9.87208108841266,
111.899849754143));
#24910=DIRECTION('',(1.02206957679905E-6,3.68004438717645E-13,
0.999999999999478));
#24920=VECTOR('',#24910,1.);
#24930=LINE('',#24900,#24920);
#24940=EDGE_CURVE('',#9660,#4070,#24930,.T.);
#24950=ORIENTED_EDGE('',*,*,#24940,.F.);
#24960=EDGE_LOOP('',(#24950,#24890,#24880,#24870));
#24970=FACE_OUTER_BOUND('',#24960,.T.);
#24980=ADVANCED_FACE('',(#24970),#24860,.F.);
#24990=COLOUR_RGB('',0.560784339904785,0.588235318660736,
0.600000023841858);
#25000=FILL_AREA_STYLE_COLOUR('',#24990);
#25010=FILL_AREA_STYLE('',(#25000));
#25020=SURFACE_STYLE_FILL_AREA(#25010);
#25030=SURFACE_SIDE_STYLE('',(#25020));
#25040=SURFACE_STYLE_USAGE(.BOTH.,#25030);
#25050=PRESENTATION_STYLE_ASSIGNMENT((#25040));
#25060=CARTESIAN_POINT('',(21.4629982705005,-2.29999999330148,
111.199800631468));
#25070=DIRECTION('',(0.642787609596817,-0.766044443193982,
-6.56972448765193E-7));
#25080=DIRECTION('',(0.766044443193582,0.642787609597153,
-7.82949524332439E-7));
#25090=AXIS2_PLACEMENT_3D('',#25060,#25070,#25080);
#25100=PLANE('',#25090);
#25110=CARTESIAN_POINT('',(3.59209002428447,-17.2954688416476,
106.924818897877));
#25120=DIRECTION('',(0.766044443193582,0.642787609597153,
-7.82956442691331E-7));
#25130=VECTOR('',#25120,1.);
#25140=LINE('',#25110,#25130);
#25150=CARTESIAN_POINT('',(21.4629939011206,-2.29999999333547,
106.924800632436));
#25160=VERTEX_POINT('',#25150);
#25170=CARTESIAN_POINT('',(21.5821692812324,-2.19999997586186,
106.92480051063));
#25180=VERTEX_POINT('',#25170);
#25190=EDGE_CURVE('',#25160,#25180,#25140,.T.);
#25200=ORIENTED_EDGE('',*,*,#25190,.T.);
#25210=CARTESIAN_POINT('',(21.4629989859565,-2.29999999329426,
111.899800630583));
#25220=DIRECTION('',(-1.0220775637332E-6,-8.28313527702265E-12,
-0.999999999999478));
#25230=VECTOR('',#25220,1.);
#25240=LINE('',#25210,#25230);
#25250=CARTESIAN_POINT('',(21.4629913714786,-2.29999999335597,
104.449800631512));
#25260=VERTEX_POINT('',#25250);
#25270=EDGE_CURVE('',#25160,#25260,#25240,.T.);
#25280=ORIENTED_EDGE('',*,*,#25270,.F.);
#25290=CARTESIAN_POINT('',(3.59208749466227,-17.2954688416515,
104.449818896805));
#25300=DIRECTION('',(0.766044443193582,0.642787609597153,
-7.82950136791085E-7));
#25310=VECTOR('',#25300,1.);
#25320=LINE('',#25290,#25310);
#25330=CARTESIAN_POINT('',(23.4821671390732,-0.605710351885897,
104.449798567775));
#25340=VERTEX_POINT('',#25330);
#25350=EDGE_CURVE('',#25260,#25340,#25320,.T.);
#25360=ORIENTED_EDGE('',*,*,#25350,.F.);
#25370=CARTESIAN_POINT('',(23.4821747534789,-0.60571035188471,
111.899798566844));
#25380=DIRECTION('',(-1.0220678823292E-6,-1.59472756829113E-13,
-0.999999999999478));
#25390=VECTOR('',#25380,1.);
#25400=LINE('',#25370,#25390);
#25410=CARTESIAN_POINT('',(23.4821740380314,-0.605710351884817,
111.199798567733));
#25420=VERTEX_POINT('',#25410);
#25430=EDGE_CURVE('',#25420,#25340,#25400,.T.);
#25440=ORIENTED_EDGE('',*,*,#25430,.T.);
#25450=CARTESIAN_POINT('',(0.808028262847009,-19.6315777046032,
111.199821742252));
#25460=DIRECTION('',(0.766044443193582,0.642787609597153,
-7.82949524332439E-7));
#25470=VECTOR('',#25460,1.);
#25480=LINE('',#25450,#25470);
#25490=CARTESIAN_POINT('',(21.4629982705022,-2.29999999330006,
111.199800631468));
#25500=VERTEX_POINT('',#25490);
#25510=EDGE_CURVE('',#25500,#25420,#25480,.T.);
#25520=ORIENTED_EDGE('',*,*,#25510,.T.);
#25530=CARTESIAN_POINT('',(21.4629989859565,-2.29999999329426,
111.899800630583));
#25540=DIRECTION('',(-1.0220775637332E-6,-8.28313527702265E-12,
-0.999999999999478));
#25550=VECTOR('',#25540,1.);
#25560=LINE('',#25530,#25550);
#25570=CARTESIAN_POINT('',(21.4629957408602,-2.29999999332055,
108.724800632574));
#25580=VERTEX_POINT('',#25570);
#25590=EDGE_CURVE('',#25500,#25580,#25560,.T.);
#25600=ORIENTED_EDGE('',*,*,#25590,.F.);
#25610=CARTESIAN_POINT('',(3.59209186400971,-17.2954688416448,
108.724818897749));
#25620=DIRECTION('',(0.766044443193582,0.642787609597153,
-7.82945027211659E-7));
#25630=VECTOR('',#25620,1.);
#25640=LINE('',#25610,#25630);
#25650=CARTESIAN_POINT('',(21.5821711209551,-2.1999999758612,
108.72480051077));
#25660=VERTEX_POINT('',#25650);
#25670=EDGE_CURVE('',#25580,#25660,#25640,.T.);
#25680=ORIENTED_EDGE('',*,*,#25670,.F.);
#25690=CARTESIAN_POINT('',(21.5821743660214,-2.19999997586003,
111.899800508778));
#25700=DIRECTION('',(1.02206813085443E-6,3.68010183500859E-13,
0.999999999999478));
#25710=VECTOR('',#25700,1.);
#25720=LINE('',#25690,#25710);
#25730=EDGE_CURVE('',#25180,#25660,#25720,.T.);
#25740=ORIENTED_EDGE('',*,*,#25730,.T.);
#25750=EDGE_LOOP('',(#25740,#25680,#25600,#25520,#25440,#25360,#25280,
#25200));
#25760=FACE_OUTER_BOUND('',#25750,.T.);
#25770=ADVANCED_FACE('',(#25760),#25100,.F.);
#25780=COLOUR_RGB('',0.560784339904785,0.588235318660736,
0.600000023841858);
#25790=FILL_AREA_STYLE_COLOUR('',#25780);
#25800=FILL_AREA_STYLE('',(#25790));
#25810=SURFACE_STYLE_FILL_AREA(#25800);
#25820=SURFACE_SIDE_STYLE('',(#25810));
#25830=SURFACE_STYLE_USAGE(.BOTH.,#25820);
#25840=PRESENTATION_STYLE_ASSIGNMENT((#25830));
#25850=CARTESIAN_POINT('',(-26.8217551235608,-10.0940049700213,
111.899849980964));
#25860=DIRECTION('',(-0.707106781359515,0.70710678101321,
7.22712068557804E-7));
#25870=DIRECTION('',(0.707106781012841,0.707106781359885,
-7.22712588640347E-7));
#25880=AXIS2_PLACEMENT_3D('',#25850,#25860,#25870);
#25890=PLANE('',#25880);
#25900=ORIENTED_EDGE('',*,*,#4160,.T.);
#25910=ORIENTED_EDGE('',*,*,#24940,.T.);
#25920=ORIENTED_EDGE('',*,*,#9670,.F.);
#25930=CARTESIAN_POINT('',(-27.0303516239596,-10.3026014705224,
111.899850194164));
#25940=DIRECTION('',(-1.02206957679905E-6,-3.68004438717645E-13,
-0.999999999999478));
#25950=VECTOR('',#25940,1.);
#25960=LINE('',#25930,#25950);
#25970=EDGE_CURVE('',#4150,#9580,#25960,.T.);
#25980=ORIENTED_EDGE('',*,*,#25970,.T.);
#25990=EDGE_LOOP('',(#25980,#25920,#25910,#25900));
#26000=FACE_OUTER_BOUND('',#25990,.T.);
#26010=ADVANCED_FACE('',(#26000),#25890,.F.);
#26020=COLOUR_RGB('',0.560784339904785,0.588235318660736,
0.600000023841858);
#26030=FILL_AREA_STYLE_COLOUR('',#26020);
#26040=FILL_AREA_STYLE('',(#26030));
#26050=SURFACE_STYLE_FILL_AREA(#26040);
#26060=SURFACE_SIDE_STYLE('',(#26050));
#26070=SURFACE_STYLE_USAGE(.BOTH.,#26060);
#26080=PRESENTATION_STYLE_ASSIGNMENT((#26070));
#26090=CARTESIAN_POINT('',(37.4131693674734,9.37893012160293,
111.899784329763));
#26100=DIRECTION('',(0.707106781431861,0.707106780940865,
-7.22696567674226E-7));
#26110=DIRECTION('',(0.707106780940496,-0.70710678143223,
-7.22695820875934E-7));
#26120=AXIS2_PLACEMENT_3D('',#26090,#26100,#26110);
#26130=PLANE('',#26120);
#26140=ORIENTED_EDGE('',*,*,#710,.T.);
#26150=CARTESIAN_POINT('',(37.6350932489504,9.1570062399716,
111.899784101573));
#26160=DIRECTION('',(1.02204675941924E-6,5.27711028537211E-13,
0.999999999999478));
#26170=VECTOR('',#26160,1.);
#26180=LINE('',#26150,#26170);
#26190=EDGE_CURVE('',#7560,#620,#26180,.T.);
#26200=ORIENTED_EDGE('',*,*,#26190,.T.);
#26210=ORIENTED_EDGE('',*,*,#7570,.T.);
#26220=CARTESIAN_POINT('',(37.2045353869585,9.58752662210647,
75.2281384520407));
#26230=DIRECTION('',(-1.02204675941924E-6,-5.27711028537213E-13,
-0.999999999999478));
#26240=VECTOR('',#26230,1.);
#26250=LINE('',#26220,#26240);
#26260=EDGE_CURVE('',#700,#7480,#26250,.T.);
#26270=ORIENTED_EDGE('',*,*,#26260,.T.);
#26280=EDGE_LOOP('',(#26270,#26210,#26200,#26140));
#26290=FACE_OUTER_BOUND('',#26280,.T.);
#26300=ADVANCED_FACE('',(#26290),#26130,.F.);
#26310=COLOUR_RGB('',0.560784339904785,0.588235318660736,
0.600000023841858);
#26320=FILL_AREA_STYLE_COLOUR('',#26310);
#26330=FILL_AREA_STYLE('',(#26320));
#26340=SURFACE_STYLE_FILL_AREA(#26330);
#26350=SURFACE_SIDE_STYLE('',(#26340));
#26360=SURFACE_STYLE_USAGE(.BOTH.,#26350);
#26370=PRESENTATION_STYLE_ASSIGNMENT((#26360));
#26380=CARTESIAN_POINT('',(-27.0303516239596,-10.3026014705224,
111.899850194164));
#26390=DIRECTION('',(-0.707106781012832,-0.707106781359894,
7.22712588640337E-7));
#26400=DIRECTION('',(-0.707106781359525,0.707106781013201,
7.22712068557813E-7));
#26410=AXIS2_PLACEMENT_3D('',#26380,#26390,#26400);
#26420=PLANE('',#26410);
#26430=ORIENTED_EDGE('',*,*,#4240,.T.);
#26440=ORIENTED_EDGE('',*,*,#25970,.F.);
#26450=ORIENTED_EDGE('',*,*,#9590,.F.);
#26460=CARTESIAN_POINT('',(-26.2878895035322,-11.0450635905861,
111.899849435317));
#26470=DIRECTION('',(-1.02206957679905E-6,-3.68004438717645E-13,
-0.999999999999478));
#26480=VECTOR('',#26470,1.);
#26490=LINE('',#26460,#26480);
#26500=EDGE_CURVE('',#4230,#9500,#26490,.T.);
#26510=ORIENTED_EDGE('',*,*,#26500,.T.);
#26520=EDGE_LOOP('',(#26510,#26450,#26440,#26430));
#26530=FACE_OUTER_BOUND('',#26520,.T.);
#26540=ADVANCED_FACE('',(#26530),#26420,.F.);
#26550=COLOUR_RGB('',0.560784339904785,0.588235318660736,
0.600000023841858);
#26560=FILL_AREA_STYLE_COLOUR('',#26550);
#26570=FILL_AREA_STYLE('',(#26560));
#26580=SURFACE_STYLE_FILL_AREA(#26570);
#26590=SURFACE_SIDE_STYLE('',(#26580));
#26600=SURFACE_STYLE_USAGE(.BOTH.,#26590);
#26610=PRESENTATION_STYLE_ASSIGNMENT((#26600));
#26620=CARTESIAN_POINT('',(41.6947009260679,5.09739856003122,
111.899779953839));
#26630=DIRECTION('',(0.707106781431885,0.707106780940841,
-7.22696567674251E-7));
#26640=DIRECTION('',(0.707106780940472,-0.707106781432254,
-7.2269582087591E-7));
#26650=AXIS2_PLACEMENT_3D('',#26620,#26630,#26640);
#26660=PLANE('',#26650);
#26670=ORIENTED_EDGE('',*,*,#1030,.T.);
#26680=CARTESIAN_POINT('',(41.6946634459308,5.09739856001188,
75.2281338628221));
#26690=DIRECTION('',(-1.02204675941924E-6,-5.27711028537213E-13,
-0.999999999999478));
#26700=VECTOR('',#26690,1.);
#26710=LINE('',#26680,#26700);
#26720=EDGE_CURVE('',#940,#7240,#26710,.T.);
#26730=ORIENTED_EDGE('',*,*,#26720,.F.);
#26740=ORIENTED_EDGE('',*,*,#7250,.T.);
#26750=CARTESIAN_POINT('',(41.2641805442135,5.52791894218504,
111.899780392395));
#26760=DIRECTION('',(1.02204675941924E-6,5.27711028537213E-13,
0.999999999999478));
#26770=VECTOR('',#26760,1.);
#26780=LINE('',#26750,#26770);
#26790=EDGE_CURVE('',#7160,#1020,#26780,.T.);
#26800=ORIENTED_EDGE('',*,*,#26790,.F.);
#26810=EDGE_LOOP('',(#26800,#26740,#26730,#26670));
#26820=FACE_OUTER_BOUND('',#26810,.T.);
#26830=ADVANCED_FACE('',(#26820),#26660,.F.);
#26840=COLOUR_RGB('',0.560784339904785,0.588235318660736,
0.600000023841858);
#26850=FILL_AREA_STYLE_COLOUR('',#26840);
#26860=FILL_AREA_STYLE('',(#26850));
#26870=SURFACE_STYLE_FILL_AREA(#26860);
#26880=SURFACE_SIDE_STYLE('',(#26870));
#26890=SURFACE_STYLE_USAGE(.BOTH.,#26880);
#26900=PRESENTATION_STYLE_ASSIGNMENT((#26890));
#26910=CARTESIAN_POINT('',(21.7186481693545,5.3815207780676,
111.199800370175));
#26920=DIRECTION('',(-1.0220678823292E-6,-1.59472756829112E-13,
-0.999999999999478));
#26930=DIRECTION('',(0.999999999999478,1.21990401449937E-10,
-1.0220678823292E-6));
#26940=AXIS2_PLACEMENT_3D('',#26910,#26920,#26930);
#26950=PLANE('',#26940);
#26960=CARTESIAN_POINT('',(3.59209439003832,-2.19999999151091,
111.199818896745));
#26970=DIRECTION('',(0.999999999999478,2.38057825194792E-10,
-1.0220678823292E-6));
#26980=VECTOR('',#26970,1.);
#26990=LINE('',#26960,#26980);
#27000=CARTESIAN_POINT('',(10.7821670025784,-2.19999998979926,
111.199811548003));
#27010=VERTEX_POINT('',#27000);
#27020=CARTESIAN_POINT('',(17.0270324094852,-2.19999998831262,
111.199805165326));
#27030=VERTEX_POINT('',#27020);
#27040=EDGE_CURVE('',#27010,#27030,#26990,.T.);
#27050=ORIENTED_EDGE('',*,*,#27040,.T.);
#27060=CARTESIAN_POINT('',(10.7821670150247,-37.8999999898512,
111.199811548008));
#27070=DIRECTION('',(-3.48637443389128E-10,1.,-1.59116425695732E-13));
#27080=VECTOR('',#27070,1.);
#27090=LINE('',#27060,#27080);
#27100=CARTESIAN_POINT('',(10.7821670026132,-2.29999999702379,
111.199811548003));
#27110=VERTEX_POINT('',#27100);
#27120=EDGE_CURVE('',#27110,#27010,#27090,.T.);
#27130=ORIENTED_EDGE('',*,*,#27120,.T.);
#27140=CARTESIAN_POINT('',(3.59209439006213,-2.29999999953052,
111.199818896745));
#27150=DIRECTION('',(-0.999999999999478,-3.48637434923434E-10,
1.0220678823292E-6));
#27160=VECTOR('',#27150,1.);
#27170=LINE('',#27140,#27160);
#27180=EDGE_CURVE('',#25500,#27110,#27170,.T.);
#27190=ORIENTED_EDGE('',*,*,#27180,.T.);
#27200=ORIENTED_EDGE('',*,*,#25510,.F.);
#27210=CARTESIAN_POINT('',(23.4821740376167,-4.15987651368818,
111.199798567734));
#27220=DIRECTION('',(1.16685781796561E-10,1.,-1.59592017619095E-13));
#27230=VECTOR('',#27220,1.);
#27240=LINE('',#27210,#27230);
#27250=CARTESIAN_POINT('',(23.4821740396423,13.2000000339482,
111.199798567731));
#27260=VERTEX_POINT('',#27250);
#27270=EDGE_CURVE('',#25420,#27260,#27240,.T.);
#27280=ORIENTED_EDGE('',*,*,#27270,.F.);
#27290=CARTESIAN_POINT('',(3.59209438637223,13.2000000500874,
111.199818896742));
#27300=DIRECTION('',(0.999999999999478,-8.11421499389157E-10,
-1.0220678823292E-6));
#27310=VECTOR('',#27300,1.);
#27320=LINE('',#27290,#27310);
#27330=CARTESIAN_POINT('',(22.6321740396863,13.2000000346379,
111.199799436489));
#27340=VERTEX_POINT('',#27330);
#27350=EDGE_CURVE('',#27340,#27260,#27320,.T.);
#27360=ORIENTED_EDGE('',*,*,#27350,.T.);
#27370=CARTESIAN_POINT('',(4.03329501223854,-37.8999999914578,
111.199818445814));
#27380=DIRECTION('',(0.342020144087977,0.939692620508386,
-3.49567954245205E-7));
#27390=VECTOR('',#27380,1.);
#27400=LINE('',#27370,#27390);
#27410=EDGE_CURVE('',#27030,#27340,#27400,.T.);
#27420=ORIENTED_EDGE('',*,*,#27410,.T.);
#27430=EDGE_LOOP('',(#27420,#27360,#27280,#27200,#27190,#27130,#27050));
#27440=FACE_OUTER_BOUND('',#27430,.T.);
#27450=ADVANCED_FACE('',(#27440),#26950,.T.);
#27460=COLOUR_RGB('',0.560784339904785,0.588235318660736,
0.600000023841858);
#27470=FILL_AREA_STYLE_COLOUR('',#27460);
#27480=FILL_AREA_STYLE('',(#27470));
#27490=SURFACE_STYLE_FILL_AREA(#27480);
#27500=SURFACE_SIDE_STYLE('',(#27490));
#27510=SURFACE_STYLE_USAGE(.BOTH.,#27500);
#27520=PRESENTATION_STYLE_ASSIGNMENT((#27510));
#27530=CARTESIAN_POINT('',(-26.2878895035322,-11.0450635905861,
111.899849435317));
#27540=DIRECTION('',(0.707106781359483,-0.707106781013243,
-7.2271206855777E-7));
#27550=DIRECTION('',(-0.707106781012874,-0.707106781359852,
7.2271258864038E-7));
#27560=AXIS2_PLACEMENT_3D('',#27530,#27540,#27550);
#27570=PLANE('',#27560);
#27580=ORIENTED_EDGE('',*,*,#4320,.T.);
#27590=ORIENTED_EDGE('',*,*,#26500,.F.);
#27600=ORIENTED_EDGE('',*,*,#9510,.F.);
#27610=CARTESIAN_POINT('',(-21.7977614441004,-6.55493552895102,
111.899844846092));
#27620=DIRECTION('',(-1.02206957679905E-6,-3.68004438717645E-13,
-0.999999999999478));
#27630=VECTOR('',#27620,1.);
#27640=LINE('',#27610,#27630);
#27650=EDGE_CURVE('',#4310,#9420,#27640,.T.);
#27660=ORIENTED_EDGE('',*,*,#27650,.T.);
#27670=EDGE_LOOP('',(#27660,#27600,#27590,#27580));
#27680=FACE_OUTER_BOUND('',#27670,.T.);
#27690=ADVANCED_FACE('',(#27680),#27570,.F.);
#27700=COLOUR_RGB('',0.560784339904785,0.588235318660736,
0.600000023841858);
#27710=FILL_AREA_STYLE_COLOUR('',#27700);
#27720=FILL_AREA_STYLE('',(#27710));
#27730=SURFACE_STYLE_FILL_AREA(#27720);
#27740=SURFACE_SIDE_STYLE('',(#27730));
#27750=SURFACE_STYLE_USAGE(.BOTH.,#27740);
#27760=PRESENTATION_STYLE_ASSIGNMENT((#27750));
#27770=CARTESIAN_POINT('',(44.4347397033566,5.3979189411852,
111.899777153392));
#27780=DIRECTION('',(-0.707106781427986,-0.70710678094474,
7.22696567670265E-7));
#27790=DIRECTION('',(-0.707106780944371,0.707106781428355,
7.22695820879895E-7));
#27800=AXIS2_PLACEMENT_3D('',#27770,#27780,#27790);
#27810=PLANE('',#27800);
#27820=CARTESIAN_POINT('',(44.363016638745,5.46964200584591,
111.899777225169));
#27830=DIRECTION('',(1.02204827648713E-6,-9.89356861168667E-13,
0.999999999999478));
#27840=VECTOR('',#27830,1.);
#27850=LINE('',#27820,#27840);
#27860=CARTESIAN_POINT('',(44.3630091266901,5.46964200585318,
104.549777226659));
#27870=VERTEX_POINT('',#27860);
#27880=EDGE_CURVE('',#12460,#27870,#27850,.T.);
#27890=ORIENTED_EDGE('',*,*,#27880,.T.);
#27900=ORIENTED_EDGE('',*,*,#12470,.T.);
#27910=CARTESIAN_POINT('',(45.6821747540641,4.15048388962384,
111.899775876898));
#27920=DIRECTION('',(-1.02206183645547E-6,1.45493252121681E-11,
-0.999999999999478));
#27930=VECTOR('',#27920,1.);
#27940=LINE('',#27910,#27930);
#27950=EDGE_CURVE('',#1430,#12380,#27940,.T.);
#27960=ORIENTED_EDGE('',*,*,#27950,.T.);
#27970=ORIENTED_EDGE('',*,*,#1440,.T.);
#27980=ORIENTED_EDGE('',*,*,#22970,.F.);
#27990=CARTESIAN_POINT('',(87.7326510743937,-37.899999971535,
104.549732900719));
#28000=DIRECTION('',(-0.707106780944371,0.707106781428355,
7.22698442449582E-7));
#28010=VECTOR('',#28000,1.);
#28020=LINE('',#27990,#28010);
#28030=EDGE_CURVE('',#22960,#27870,#28020,.T.);
#28040=ORIENTED_EDGE('',*,*,#28030,.F.);
#28050=EDGE_LOOP('',(#28040,#27980,#27970,#27960,#27900,#27890));
#28060=FACE_OUTER_BOUND('',#28050,.T.);
#28070=ADVANCED_FACE('',(#28060),#27810,.F.);
#28080=COLOUR_RGB('',0.560784339904785,0.588235318660736,
0.600000023841858);
#28090=FILL_AREA_STYLE_COLOUR('',#28080);
#28100=FILL_AREA_STYLE('',(#28090));
#28110=SURFACE_STYLE_FILL_AREA(#28100);
#28120=SURFACE_SIDE_STYLE('',(#28110));
#28130=SURFACE_STYLE_USAGE(.BOTH.,#28120);
#28140=PRESENTATION_STYLE_ASSIGNMENT((#28130));
#28150=CARTESIAN_POINT('',(-21.7977614441004,-6.55493552895102,
111.899844846092));
#28160=DIRECTION('',(0.707106781012832,0.707106781359894,
-7.22712588640338E-7));
#28170=DIRECTION('',(0.707106781359524,-0.707106781013201,
-7.22712068557813E-7));
#28180=AXIS2_PLACEMENT_3D('',#28150,#28160,#28170);
#28190=PLANE('',#28180);
#28200=ORIENTED_EDGE('',*,*,#4400,.T.);
#28210=ORIENTED_EDGE('',*,*,#27650,.F.);
#28220=ORIENTED_EDGE('',*,*,#9430,.F.);
#28230=CARTESIAN_POINT('',(-22.5402235645277,-5.81247340888736,
111.89984560494));
#28240=DIRECTION('',(-1.02206957679905E-6,-3.68004438717645E-13,
-0.999999999999478));
#28250=VECTOR('',#28240,1.);
#28260=LINE('',#28230,#28250);
#28270=EDGE_CURVE('',#4390,#9340,#28260,.T.);
#28280=ORIENTED_EDGE('',*,*,#28270,.T.);
#28290=EDGE_LOOP('',(#28280,#28220,#28210,#28200));
#28300=FACE_OUTER_BOUND('',#28290,.T.);
#28310=ADVANCED_FACE('',(#28300),#28190,.F.);
#28320=COLOUR_RGB('',0.560784339904785,0.588235318660736,
0.600000023841858);
#28330=FILL_AREA_STYLE_COLOUR('',#28320);
#28340=FILL_AREA_STYLE('',(#28330));
#28350=SURFACE_STYLE_FILL_AREA(#28340);
#28360=SURFACE_SIDE_STYLE('',(#28350));
#28370=SURFACE_STYLE_USAGE(.BOTH.,#28360);
#28380=PRESENTATION_STYLE_ASSIGNMENT((#28370));
#28390=CARTESIAN_POINT('',(37.3350932493988,10.4469557338459,
111.89978440956));
#28400=DIRECTION('',(1.02204675941924E-6,5.27711028537214E-13,
0.999999999999478));
#28410=DIRECTION('',(0.707106780940463,-0.707106781432263,
-7.22695820875901E-7));
#28420=AXIS2_PLACEMENT_3D('',#28390,#28400,#28410);
#28430=CYLINDRICAL_SURFACE('',#28420,0.299999999999998);
#28440=ORIENTED_EDGE('',*,*,#550,.F.);
#28450=CARTESIAN_POINT('',(37.1229612150555,10.6590877682145,
111.899784626368));
#28460=DIRECTION('',(1.02204675941924E-6,5.27711028537214E-13,
0.999999999999478));
#28470=VECTOR('',#28460,1.);
#28480=LINE('',#28450,#28470);
#28490=EDGE_CURVE('',#7730,#450,#28480,.T.);
#28500=ORIENTED_EDGE('',*,*,#28490,.T.);
#28510=ORIENTED_EDGE('',*,*,#7740,.T.);
#28520=CARTESIAN_POINT('',(37.6350932493986,10.4469557337417,
111.899784102945));
#28530=DIRECTION('',(-1.02204675941924E-6,-5.27711028537214E-13,
-0.999999999999478));
#28540=VECTOR('',#28530,1.);
#28550=LINE('',#28520,#28540);
#28560=EDGE_CURVE('',#540,#7640,#28550,.T.);
#28570=ORIENTED_EDGE('',*,*,#28560,.T.);
#28580=EDGE_LOOP('',(#28570,#28510,#28500,#28440));
#28590=FACE_OUTER_BOUND('',#28580,.T.);
#28600=ADVANCED_FACE('',(#28590),#28430,.T.);
#28610=COLOUR_RGB('',0.560784339904785,0.588235318660736,
0.600000023841858);
#28620=FILL_AREA_STYLE_COLOUR('',#28610);
#28630=FILL_AREA_STYLE('',(#28620));
#28640=SURFACE_STYLE_FILL_AREA(#28630);
#28650=SURFACE_SIDE_STYLE('',(#28640));
#28660=SURFACE_STYLE_USAGE(.BOTH.,#28650);
#28670=PRESENTATION_STYLE_ASSIGNMENT((#28660));
#28680=CARTESIAN_POINT('',(28.2822046445344,13.2000000300753,
141.142530287909));
#28690=DIRECTION('',(0.996194698161945,0.0871557419393244,
-1.01817610315714E-6));
#28700=DIRECTION('',(-0.0871557419392789,0.996194698162466,
8.90862496852368E-8));
#28710=AXIS2_PLACEMENT_3D('',#28680,#28690,#28700);
#28720=PLANE('',#28710);
#28730=CARTESIAN_POINT('',(28.0943424834142,15.3468949112126,
108.660269298921));
#28740=DIRECTION('',(-0.0870985003013648,0.995539999774606,
-0.0362485874763499));
#28750=VECTOR('',#28740,1.);
#28760=LINE('',#28730,#28750);
#28770=CARTESIAN_POINT('',(28.3696602255122,12.2000000283175,
108.774850826954));
#28780=VERTEX_POINT('',#28770);
#28790=CARTESIAN_POINT('',(28.2909203954306,13.1000000300443,
108.742080944529));
#28800=VERTEX_POINT('',#28790);
#28810=EDGE_CURVE('',#28780,#28800,#28760,.T.);
#28820=ORIENTED_EDGE('',*,*,#28810,.T.);
#28830=CARTESIAN_POINT('',(28.3696634194101,12.2000000282926,
111.899793571486));
#28840=DIRECTION('',(-1.02206606710301E-6,7.96347579514659E-12,
-0.999999999999478));
#28850=VECTOR('',#28840,1.);
#28860=LINE('',#28830,#28850);
#28870=CARTESIAN_POINT('',(28.3696619341868,12.2000000283042,
110.446832315602));
#28880=VERTEX_POINT('',#28870);
#28890=EDGE_CURVE('',#28880,#28780,#28860,.T.);
#28900=ORIENTED_EDGE('',*,*,#28890,.T.);
#28910=CARTESIAN_POINT('',(28.0943449911011,15.3468949111944,
111.113816173854));
#28920=DIRECTION('',(0.0852754014941022,-0.974704721746019,
-0.206588507197364));
#28930=VECTOR('',#28920,1.);
#28940=LINE('',#28910,#28930);
#28950=CARTESIAN_POINT('',(28.2909223327618,13.1000000300457,
110.637587169346));
#28960=VERTEX_POINT('',#28950);
#28970=EDGE_CURVE('',#28960,#28880,#28940,.T.);
#28980=ORIENTED_EDGE('',*,*,#28970,.T.);
#28990=CARTESIAN_POINT('',(28.2909535108058,13.1000000300682,
141.142530278965));
#29000=DIRECTION('',(-1.02206530597623E-6,-7.36243229331824E-13,
-0.999999999999478));
#29010=VECTOR('',#29000,1.);
#29020=LINE('',#28990,#29010);
#29030=EDGE_CURVE('',#28960,#28800,#29020,.T.);
#29040=ORIENTED_EDGE('',*,*,#29030,.F.);
#29050=EDGE_LOOP('',(#29040,#28980,#28900,#28820));
#29060=FACE_OUTER_BOUND('',#29050,.T.);
#29070=ADVANCED_FACE('',(#29060),#28720,.T.);
#29080=COLOUR_RGB('',0.980392217636108,0.517647087574005,
0.168627455830574);
#29090=FILL_AREA_STYLE_COLOUR('',#29080);
#29100=FILL_AREA_STYLE('',(#29090));
#29110=SURFACE_STYLE_FILL_AREA(#29100);
#29120=SURFACE_SIDE_STYLE('',(#29110));
#29130=SURFACE_STYLE_USAGE(.BOTH.,#29120);
#29140=PRESENTATION_STYLE_ASSIGNMENT((#29130));
#29150=CARTESIAN_POINT('',(-22.5402235645277,-5.81247340888736,
111.89984560494));
#29160=DIRECTION('',(-0.707106781359491,0.707106781013234,
7.22712068557779E-7));
#29170=DIRECTION('',(0.707106781012865,0.707106781359861,
-7.22712588640371E-7));
#29180=AXIS2_PLACEMENT_3D('',#29150,#29160,#29170);
#29190=PLANE('',#29180);
#29200=ORIENTED_EDGE('',*,*,#4480,.F.);
#29210=ORIENTED_EDGE('',*,*,#28270,.F.);
#29220=ORIENTED_EDGE('',*,*,#9350,.T.);
#29230=CARTESIAN_POINT('',(-22.9707439464266,-6.24299379099753,
111.899846044961));
#29240=DIRECTION('',(1.02206957679905E-6,3.68004438717645E-13,
0.999999999999478));
#29250=VECTOR('',#29240,1.);
#29260=LINE('',#29230,#29250);
#29270=EDGE_CURVE('',#9260,#4470,#29260,.T.);
#29280=ORIENTED_EDGE('',*,*,#29270,.F.);
#29290=EDGE_LOOP('',(#29280,#29220,#29210,#29200));
#29300=FACE_OUTER_BOUND('',#29290,.T.);
#29310=ADVANCED_FACE('',(#29300),#29190,.F.);
#29320=COLOUR_RGB('',0.560784339904785,0.588235318660736,
0.600000023841858);
#29330=FILL_AREA_STYLE_COLOUR('',#29320);
#29340=FILL_AREA_STYLE('',(#29330));
#29350=SURFACE_STYLE_FILL_AREA(#29340);
#29360=SURFACE_SIDE_STYLE('',(#29350));
#29370=SURFACE_STYLE_USAGE(.BOTH.,#29360);
#29380=PRESENTATION_STYLE_ASSIGNMENT((#29370));
#29390=CARTESIAN_POINT('',(42.5541300378781,5.22791894173679,
111.899779075463));
#29400=DIRECTION('',(-1.02204675941924E-6,-5.27711028537214E-13,
-0.999999999999478));
#29410=DIRECTION('',(-0.707106780940463,0.707106781432263,
7.22695820875901E-7));
#29420=AXIS2_PLACEMENT_3D('',#29390,#29400,#29410);
#29430=CYLINDRICAL_SURFACE('',#29420,0.299999999999998);
#29440=ORIENTED_EDGE('',*,*,#1200,.T.);
#29450=CARTESIAN_POINT('',(42.5541300379822,5.5279189417368,
111.899779075462));
#29460=DIRECTION('',(-1.02204675941924E-6,-5.27711028537214E-13,
-0.999999999999478));
#29470=VECTOR('',#29460,1.);
#29480=LINE('',#29450,#29470);
#29490=EDGE_CURVE('',#1100,#7080,#29480,.T.);
#29500=ORIENTED_EDGE('',*,*,#29490,.F.);
#29510=ORIENTED_EDGE('',*,*,#7090,.F.);
#29520=CARTESIAN_POINT('',(42.7662620720991,5.01578690724599,
111.899778858654));
#29530=DIRECTION('',(-1.02204675941924E-6,-5.27711028537214E-13,
-0.999999999999478));
#29540=VECTOR('',#29530,1.);
#29550=LINE('',#29520,#29540);
#29560=EDGE_CURVE('',#1190,#6990,#29550,.T.);
#29570=ORIENTED_EDGE('',*,*,#29560,.T.);
#29580=EDGE_LOOP('',(#29570,#29510,#29500,#29440));
#29590=FACE_OUTER_BOUND('',#29580,.T.);
#29600=ADVANCED_FACE('',(#29590),#29430,.T.);
#29610=COLOUR_RGB('',0.560784339904785,0.588235318660736,
0.600000023841858);
#29620=FILL_AREA_STYLE_COLOUR('',#29610);
#29630=FILL_AREA_STYLE('',(#29620));
#29640=SURFACE_STYLE_FILL_AREA(#29630);
#29650=SURFACE_SIDE_STYLE('',(#29640));
#29660=SURFACE_STYLE_USAGE(.BOTH.,#29650);
#29670=PRESENTATION_STYLE_ASSIGNMENT((#29660));
#29680=CARTESIAN_POINT('',(17.0270331249179,-2.19999998831236,
111.899805165353));
#29690=DIRECTION('',(0.939692620507895,-0.342020144088156,
-9.60409617152967E-7));
#29700=DIRECTION('',(-0.342020144087977,-0.939692620508386,
3.4956107580756E-7));
#29710=AXIS2_PLACEMENT_3D('',#29680,#29690,#29700);
#29720=PLANE('',#29710);
#29730=CARTESIAN_POINT('',(17.0270331249179,-2.19999998831236,
111.899805164449));
#29740=DIRECTION('',(1.02204670129079E-6,3.68004433271952E-13,
0.999999999999478));
#29750=VECTOR('',#29740,1.);
#29760=LINE('',#29730,#29750);
#29770=CARTESIAN_POINT('',(17.0270255106699,-2.19999998831511,
104.449805165373));
#29780=VERTEX_POINT('',#29770);
#29790=EDGE_CURVE('',#8130,#29780,#29760,.T.);
#29800=ORIENTED_EDGE('',*,*,#29790,.T.);
#29810=ORIENTED_EDGE('',*,*,#8140,.T.);
#29820=CARTESIAN_POINT('',(22.6321747551191,13.2000000346383,
111.899799435599));
#29830=DIRECTION('',(1.02204675941924E-6,5.27711028537214E-13,
0.999999999999478));
#29840=VECTOR('',#29830,1.);
#29850=LINE('',#29820,#29840);
#29860=CARTESIAN_POINT('',(22.6321671408707,13.2000000346343,
104.449799436531));
#29870=VERTEX_POINT('',#29860);
#29880=EDGE_CURVE('',#8050,#29870,#29850,.T.);
#29890=ORIENTED_EDGE('',*,*,#29880,.F.);
#29900=CARTESIAN_POINT('',(4.03328811342331,-37.8999999914603,
104.449818445871));
#29910=DIRECTION('',(0.342020144087977,0.939692620508386,
-3.49568227804158E-7));
#29920=VECTOR('',#29910,1.);
#29930=LINE('',#29900,#29920);
#29940=EDGE_CURVE('',#29780,#29870,#29930,.T.);
#29950=ORIENTED_EDGE('',*,*,#29940,.T.);
#29960=EDGE_LOOP('',(#29950,#29890,#29810,#29800));
#29970=FACE_OUTER_BOUND('',#29960,.T.);
#29980=ADVANCED_FACE('',(#29970),#29720,.F.);
#29990=COLOUR_RGB('',0.560784339904785,0.588235318660736,
0.600000023841858);
#30000=FILL_AREA_STYLE_COLOUR('',#29990);
#30010=FILL_AREA_STYLE('',(#30000));
#30020=SURFACE_STYLE_FILL_AREA(#30010);
#30030=SURFACE_SIDE_STYLE('',(#30020));
#30040=SURFACE_STYLE_USAGE(.BOTH.,#30030);
#30050=PRESENTATION_STYLE_ASSIGNMENT((#30040));
#30060=CARTESIAN_POINT('',(-2.05265266520085,13.2000000546896,
141.142561292463));
#30070=DIRECTION('',(-0.70613911860513,0.0871557433201167,
-0.702688708876049));
#30080=DIRECTION('',(-0.705372865597259,4.14483889040269E-10,
0.708836455382419));
#30090=AXIS2_PLACEMENT_3D('',#30060,#30070,#30080);
#30100=PLANE('',#30090);
#30110=CARTESIAN_POINT('',(-2.06499525175966,13.1000000546996,
141.142561305075));
#30120=DIRECTION('',(-0.705372865587436,5.72877152525278E-10,
0.708836455392194));
#30130=VECTOR('',#30120,1.);
#30140=LINE('',#30110,#30130);
#30150=CARTESIAN_POINT('',(30.1877326626983,13.1000000285052,
108.731462938577));
#30160=VERTEX_POINT('',#30150);
#30170=EDGE_CURVE('',#30160,#28960,#30140,.T.);
#30180=ORIENTED_EDGE('',*,*,#30170,.F.);
#30190=ORIENTED_EDGE('',*,*,#28970,.F.);
#30200=CARTESIAN_POINT('',(26.923798816746,12.2000000281461,
111.89979504926));
#30210=DIRECTION('',(-0.705372865627746,-7.71261257631997E-11,
0.708836455352081));
#30220=VECTOR('',#30210,1.);
#30230=LINE('',#30200,#30220);
#30240=CARTESIAN_POINT('',(30.1874046482778,12.200000028503,
108.620163946311));
#30250=VERTEX_POINT('',#30240);
#30260=EDGE_CURVE('',#30250,#28880,#30230,.T.);
#30270=ORIENTED_EDGE('',*,*,#30260,.T.);
#30280=CARTESIAN_POINT('',(30.1885515670449,15.3468949099657,
109.00932642307));
#30290=DIRECTION('',(-0.0003617051240252,-0.992439953700621,
-0.12273062970633));
#30300=VECTOR('',#30290,1.);
#30310=LINE('',#30280,#30300);
#30320=EDGE_CURVE('',#30160,#30250,#30310,.T.);
#30330=ORIENTED_EDGE('',*,*,#30320,.T.);
#30340=EDGE_LOOP('',(#30330,#30270,#30190,#30180));
#30350=FACE_OUTER_BOUND('',#30340,.T.);
#30360=ADVANCED_FACE('',(#30350),#30100,.T.);
#30370=COLOUR_RGB('',0.980392217636108,0.517647087574005,
0.168627455830574);
#30380=FILL_AREA_STYLE_COLOUR('',#30370);
#30390=FILL_AREA_STYLE('',(#30380));
#30400=SURFACE_STYLE_FILL_AREA(#30390);
#30410=SURFACE_SIDE_STYLE('',(#30400));
#30420=SURFACE_STYLE_USAGE(.BOTH.,#30410);
#30430=PRESENTATION_STYLE_ASSIGNMENT((#30420));
#30440=CARTESIAN_POINT('',(64.3262619078224,13.2000000008283,
141.142493448116));
#30450=DIRECTION('',(-0.706040285409352,0.0871557433210724,
0.702788013404634));
#30460=DIRECTION('',(0.705472549452428,-4.24969892056569E-10,
0.708737244660595));
#30470=AXIS2_PLACEMENT_3D('',#30440,#30450,#30460);
#30480=PLANE('',#30470);
#30490=CARTESIAN_POINT('',(35.0948144239857,12.2000000289742,
111.899786697914));
#30500=DIRECTION('',(0.705472549482862,6.58473079405054E-11,
0.708737244630301));
#30510=VECTOR('',#30500,1.);
#30520=LINE('',#30490,#30510);
#30530=CARTESIAN_POINT('',(28.3696565138384,12.2000000283464,
105.143506966781));
#30540=VERTEX_POINT('',#30530);
#30550=CARTESIAN_POINT('',(30.1872010185141,12.2000000285161,
106.969462470197));
#30560=VERTEX_POINT('',#30550);
#30570=EDGE_CURVE('',#30540,#30560,#30520,.T.);
#30580=ORIENTED_EDGE('',*,*,#30570,.T.);
#30590=CARTESIAN_POINT('',(28.0943382074839,15.3468949112435,
104.476654702186));
#30600=DIRECTION('',(-0.0852765386691952,0.974712893331244,
-0.206549479608243));
#30610=VECTOR('',#30600,1.);
#30620=LINE('',#30590,#30610);
#30630=CARTESIAN_POINT('',(28.2909165225276,13.1000000300415,
104.952789748334));
#30640=VERTEX_POINT('',#30630);
#30650=EDGE_CURVE('',#30540,#30640,#30620,.T.);
#30660=ORIENTED_EDGE('',*,*,#30650,.F.);
#30670=CARTESIAN_POINT('',(64.3139176186281,13.1000000008383,
141.14249346073));
#30680=DIRECTION('',(0.705472549443317,-5.71913181413256E-10,
0.708737244669664));
#30690=VECTOR('',#30680,1.);
#30700=LINE('',#30670,#30690);
#30710=CARTESIAN_POINT('',(30.1875161437707,13.100000028504,
106.858166209632));
#30720=VERTEX_POINT('',#30710);
#30730=EDGE_CURVE('',#30640,#30720,#30700,.T.);
#30740=ORIENTED_EDGE('',*,*,#30730,.F.);
#30750=CARTESIAN_POINT('',(30.188302869677,15.3468949099837,
106.58030954496));
#30760=DIRECTION('',(-0.000347492230726988,-0.992440325601608,
0.122727663421595));
#30770=VECTOR('',#30760,1.);
#30780=LINE('',#30750,#30770);
#30790=EDGE_CURVE('',#30720,#30560,#30780,.T.);
#30800=ORIENTED_EDGE('',*,*,#30790,.F.);
#30810=EDGE_LOOP('',(#30800,#30740,#30660,#30580));
#30820=FACE_OUTER_BOUND('',#30810,.T.);
#30830=ADVANCED_FACE('',(#30820),#30480,.T.);
#30840=COLOUR_RGB('',0.980392217636108,0.517647087574005,
0.168627455830574);
#30850=FILL_AREA_STYLE_COLOUR('',#30840);
#30860=FILL_AREA_STYLE('',(#30850));
#30870=SURFACE_STYLE_FILL_AREA(#30860);
#30880=SURFACE_SIDE_STYLE('',(#30870));
#30890=SURFACE_STYLE_USAGE(.BOTH.,#30880);
#30900=PRESENTATION_STYLE_ASSIGNMENT((#30890));
#30910=CARTESIAN_POINT('',(42.8781670726512,4.90388190661601,
111.899778744282));
#30920=DIRECTION('',(-0.707106781431893,-0.707106780940833,
7.22696567674259E-7));
#30930=DIRECTION('',(-0.707106780940463,0.707106781432263,
7.22695820875901E-7));
#30940=AXIS2_PLACEMENT_3D('',#30910,#30920,#30930);
#30950=PLANE('',#30940);
#30960=ORIENTED_EDGE('',*,*,#1280,.T.);
#30970=ORIENTED_EDGE('',*,*,#29560,.F.);
#30980=ORIENTED_EDGE('',*,*,#7000,.T.);
#30990=ORIENTED_EDGE('',*,*,#23040,.T.);
#31000=EDGE_LOOP('',(#30990,#30980,#30970,#30960));
#31010=FACE_OUTER_BOUND('',#31000,.T.);
#31020=ADVANCED_FACE('',(#31010),#30950,.F.);
#31030=COLOUR_RGB('',0.560784339904785,0.588235318660736,
0.600000023841858);
#31040=FILL_AREA_STYLE_COLOUR('',#31030);
#31050=FILL_AREA_STYLE('',(#31040));
#31060=SURFACE_STYLE_FILL_AREA(#31050);
#31070=SURFACE_SIDE_STYLE('',(#31060));
#31080=SURFACE_STYLE_USAGE(.BOTH.,#31070);
#31090=PRESENTATION_STYLE_ASSIGNMENT((#31080));
#31100=CARTESIAN_POINT('',(-21.5540957615915,-2.20000000752302,
111.899844597047));
#31110=DIRECTION('',(7.09075296413385E-10,-1.,3.67279714429713E-13));
#31120=DIRECTION('',(-0.999999999999478,-7.09075296037629E-10,
1.02206957679905E-6));
#31130=AXIS2_PLACEMENT_3D('',#31100,#31110,#31120);
#31140=PLANE('',#31130);
#31150=CARTESIAN_POINT('',(-19.8178328197486,-2.20000000629189,
111.899842822465));
#31160=DIRECTION('',(-3.46920350473194E-12,3.67279711984865E-13,1.));
#31170=VECTOR('',#31160,1.);
#31180=LINE('',#31150,#31170);
#31190=CARTESIAN_POINT('',(-19.8178328197313,-2.20000000629371,
106.924835390147));
#31200=VERTEX_POINT('',#31190);
#31210=CARTESIAN_POINT('',(-19.8178328197376,-2.20000000629305,
108.724835390273));
#31220=VERTEX_POINT('',#31210);
#31230=EDGE_CURVE('',#31200,#31220,#31180,.T.);
#31240=ORIENTED_EDGE('',*,*,#31230,.F.);
#31250=CARTESIAN_POINT('',(3.59209186043297,-2.19999998969365,
108.724835390006));
#31260=DIRECTION('',(-1.,-7.09075296413257E-10,1.143260229333E-11));
#31270=VECTOR('',#31260,1.);
#31280=LINE('',#31250,#31270);
#31290=CARTESIAN_POINT('',(-20.6178328197376,-2.20000000686031,
108.724835390282));
#31300=VERTEX_POINT('',#31290);
#31310=EDGE_CURVE('',#31220,#31300,#31280,.T.);
#31320=ORIENTED_EDGE('',*,*,#31310,.F.);
#31330=CARTESIAN_POINT('',(-20.6178328197486,-2.20000000685915,
111.899843640121));
#31340=DIRECTION('',(-3.46920350473194E-12,3.67279711984865E-13,1.));
#31350=VECTOR('',#31340,1.);
#31360=LINE('',#31330,#31350);
#31370=CARTESIAN_POINT('',(-20.6178328197462,-2.2000000068594,
111.199843640934));
#31380=VERTEX_POINT('',#31370);
#31390=EDGE_CURVE('',#31300,#31380,#31360,.T.);
#31400=ORIENTED_EDGE('',*,*,#31390,.F.);
#31410=CARTESIAN_POINT('',(3.59209439003832,-2.19999998969274,
111.199818896745));
#31420=DIRECTION('',(0.999999999999478,7.0907529603763E-10,
-1.0220678823292E-6));
#31430=VECTOR('',#31420,1.);
#31440=LINE('',#31410,#31430);
#31450=CARTESIAN_POINT('',(-10.0178328196959,-2.19999999934321,
111.199832807014));
#31460=VERTEX_POINT('',#31450);
#31470=EDGE_CURVE('',#31380,#31460,#31440,.T.);
#31480=ORIENTED_EDGE('',*,*,#31470,.F.);
#31490=CARTESIAN_POINT('',(-10.0178328196879,-2.19999999934295,
111.899832806184));
#31500=DIRECTION('',(-1.14326022998945E-11,-3.67279722520379E-13,-1.));
#31510=VECTOR('',#31500,1.);
#31520=LINE('',#31490,#31510);
#31530=CARTESIAN_POINT('',(-10.0178328197163,-2.19999999934386,
109.413510524741));
#31540=VERTEX_POINT('',#31530);
#31550=EDGE_CURVE('',#31460,#31540,#31520,.T.);
#31560=ORIENTED_EDGE('',*,*,#31550,.F.);
#31570=CARTESIAN_POINT('',(-7.53151307940866,-2.19999999757997,
111.899830264992));
#31580=DIRECTION('',(-0.707106781194632,-5.01651623768605E-10,
-0.707106781178464));
#31590=VECTOR('',#31580,1.);
#31600=LINE('',#31570,#31590);
#31610=CARTESIAN_POINT('',(-10.7065079543052,-2.19999999983244,
108.724835390168));
#31620=VERTEX_POINT('',#31610);
#31630=EDGE_CURVE('',#31540,#31620,#31600,.T.);
#31640=ORIENTED_EDGE('',*,*,#31630,.F.);
#31650=CARTESIAN_POINT('',(3.59209186043297,-2.19999998969365,
108.724835390004));
#31660=DIRECTION('',(-1.,-7.09075296413257E-10,1.14681183341981E-11));
#31670=VECTOR('',#31660,1.);
#31680=LINE('',#31650,#31670);
#31690=CARTESIAN_POINT('',(-11.3178328197242,-2.20000000026591,
108.724835390175));
#31700=VERTEX_POINT('',#31690);
#31710=EDGE_CURVE('',#31620,#31700,#31680,.T.);
#31720=ORIENTED_EDGE('',*,*,#31710,.F.);
#31730=CARTESIAN_POINT('',(-11.3178328196879,-2.20000000026474,
111.899834134874));
#31740=DIRECTION('',(-1.14326022998945E-11,-3.67279722520379E-13,-1.));
#31750=VECTOR('',#31740,1.);
#31760=LINE('',#31730,#31750);
#31770=CARTESIAN_POINT('',(-11.3178328197447,-2.20000000026658,
106.924835390044));
#31780=VERTEX_POINT('',#31770);
#31790=EDGE_CURVE('',#31700,#31780,#31760,.T.);
#31800=ORIENTED_EDGE('',*,*,#31790,.F.);
#31810=CARTESIAN_POINT('',(3.59209002070774,-2.19999998969432,
106.924835389873));
#31820=DIRECTION('',(1.,7.09075296413257E-10,-1.14681183341981E-11));
#31830=VECTOR('',#31820,1.);
#31840=LINE('',#31810,#31830);
#31850=CARTESIAN_POINT('',(-10.7065079541931,-2.1999999998331,
106.924835390037));
#31860=VERTEX_POINT('',#31850);
#31870=EDGE_CURVE('',#31780,#31860,#31840,.T.);
#31880=ORIENTED_EDGE('',*,*,#31870,.F.);
#31890=CARTESIAN_POINT('',(3.59207540656069,-2.19999998969958,
92.626252028956));
#31900=DIRECTION('',(0.707106781178464,5.01132224880549E-10,
-0.707106781194632));
#31910=VECTOR('',#31900,1.);
#31920=LINE('',#31890,#31910);
#31930=CARTESIAN_POINT('',(-10.0178328197526,-2.19999999934502,
106.236160255581));
#31940=VERTEX_POINT('',#31930);
#31950=EDGE_CURVE('',#31860,#31940,#31920,.T.);
#31960=ORIENTED_EDGE('',*,*,#31950,.F.);
#31970=CARTESIAN_POINT('',(-10.0178328196879,-2.19999999934295,
111.899832806184));
#31980=DIRECTION('',(-1.14326022998945E-11,-3.67279722520379E-13,-1.));
#31990=VECTOR('',#31980,1.);
#32000=LINE('',#31970,#31990);
#32010=CARTESIAN_POINT('',(-10.017832819773,-2.19999999934569,
104.449832807076));
#32020=VERTEX_POINT('',#32010);
#32030=EDGE_CURVE('',#31940,#32020,#32000,.T.);
#32040=ORIENTED_EDGE('',*,*,#32030,.F.);
#32050=CARTESIAN_POINT('',(3.59208749106868,-2.19999998969523,
104.449818896803));
#32060=DIRECTION('',(0.999999999999478,7.0907529603763E-10,
-1.02206868178036E-6));
#32070=VECTOR('',#32060,1.);
#32080=LINE('',#32050,#32070);
#32090=CARTESIAN_POINT('',(-20.6178328197228,-2.20000000686188,
104.449843641004));
#32100=VERTEX_POINT('',#32090);
#32110=EDGE_CURVE('',#32100,#32020,#32080,.T.);
#32120=ORIENTED_EDGE('',*,*,#32110,.T.);
#32130=CARTESIAN_POINT('',(-20.6178328197486,-2.20000000685915,
111.899843640121));
#32140=DIRECTION('',(-3.46920350473194E-12,3.67279711984865E-13,1.));
#32150=VECTOR('',#32140,1.);
#32160=LINE('',#32130,#32150);
#32170=CARTESIAN_POINT('',(-20.6178328197313,-2.20000000686098,
106.924835390144));
#32180=VERTEX_POINT('',#32170);
#32190=EDGE_CURVE('',#32100,#32180,#32160,.T.);
#32200=ORIENTED_EDGE('',*,*,#32190,.F.);
#32210=CARTESIAN_POINT('',(3.59209002070774,-2.19999998969432,
106.924835390228));
#32220=DIRECTION('',(1.,7.09075296413368E-10,3.46920350981413E-12));
#32230=VECTOR('',#32220,1.);
#32240=LINE('',#32210,#32230);
#32250=EDGE_CURVE('',#32180,#31200,#32240,.T.);
#32260=ORIENTED_EDGE('',*,*,#32250,.F.);
#32270=EDGE_LOOP('',(#32260,#32200,#32120,#32040,#31960,#31880,#31800,
#31720,#31640,#31560,#31480,#31400,#31320,#31240));
#32280=FACE_BOUND('',#32270,.T.);
#32290=ORIENTED_EDGE('',*,*,#4970,.T.);
#32300=ORIENTED_EDGE('',*,*,#24310,.T.);
#32310=ORIENTED_EDGE('',*,*,#8700,.T.);
#32320=ORIENTED_EDGE('',*,*,#20610,.F.);
#32330=EDGE_LOOP('',(#32320,#32310,#32300,#32290));
#32340=FACE_OUTER_BOUND('',#32330,.T.);
#32350=ADVANCED_FACE('',(#32280,#32340),#31140,.F.);
#32360=COLOUR_RGB('',0.560784339904785,0.588235318660736,
0.600000023841858);
#32370=FILL_AREA_STYLE_COLOUR('',#32360);
#32380=FILL_AREA_STYLE('',(#32370));
#32390=SURFACE_STYLE_FILL_AREA(#32380);
#32400=SURFACE_SIDE_STYLE('',(#32390));
#32410=SURFACE_STYLE_USAGE(.BOTH.,#32400);
#32420=PRESENTATION_STYLE_ASSIGNMENT((#32410));
#32430=CARTESIAN_POINT('',(37.5050932501156,12.3275653991692,
111.899784235811));
#32440=DIRECTION('',(-0.707106780944371,0.707106781428355,
7.22695820879895E-7));
#32450=DIRECTION('',(0.707106781427986,0.70710678094474,
-7.22696567670266E-7));
#32460=AXIS2_PLACEMENT_3D('',#32430,#32440,#32450);
#32470=PLANE('',#32460);
#32480=ORIENTED_EDGE('',*,*,#380,.T.);
#32490=CARTESIAN_POINT('',(37.5050557699786,12.3275653991499,
75.2281381448878));
#32500=DIRECTION('',(-1.02204675941924E-6,-5.27711028537216E-13,
-0.999999999999478));
#32510=VECTOR('',#32500,1.);
#32520=LINE('',#32490,#32510);
#32530=EDGE_CURVE('',#290,#6130,#32520,.T.);
#32540=ORIENTED_EDGE('',*,*,#32530,.F.);
#32550=ORIENTED_EDGE('',*,*,#6140,.T.);
#32560=ORIENTED_EDGE('',*,*,#5840,.F.);
#32570=ORIENTED_EDGE('',*,*,#7880,.T.);
#32580=CARTESIAN_POINT('',(36.4797884169815,11.3022605667358,
111.899785282375));
#32590=DIRECTION('',(-1.02204675941924E-6,-5.27711028537213E-13,
-0.999999999999478));
#32600=VECTOR('',#32590,1.);
#32610=LINE('',#32580,#32600);
#32620=EDGE_CURVE('',#370,#7810,#32610,.T.);
#32630=ORIENTED_EDGE('',*,*,#32620,.T.);
#32640=EDGE_LOOP('',(#32630,#32570,#32560,#32550,#32540,#32480));
#32650=FACE_OUTER_BOUND('',#32640,.T.);
#32660=ADVANCED_FACE('',(#32650),#32470,.F.);
#32670=COLOUR_RGB('',0.560784339904785,0.588235318660736,
0.600000023841858);
#32680=FILL_AREA_STYLE_COLOUR('',#32670);
#32690=FILL_AREA_STYLE('',(#32680));
#32700=SURFACE_STYLE_FILL_AREA(#32690);
#32710=SURFACE_SIDE_STYLE('',(#32700));
#32720=SURFACE_STYLE_USAGE(.BOTH.,#32710);
#32730=PRESENTATION_STYLE_ASSIGNMENT((#32720));
#32740=CARTESIAN_POINT('',(37.2045728670955,9.58752662212583,
111.899784542958));
#32750=DIRECTION('',(-0.707106780940463,0.707106781432263,
7.226958208759E-7));
#32760=DIRECTION('',(0.707106781431894,0.707106780940832,
-7.2269656767426E-7));
#32770=AXIS2_PLACEMENT_3D('',#32740,#32750,#32760);
#32780=PLANE('',#32770);
#32790=ORIENTED_EDGE('',*,*,#790,.T.);
#32800=ORIENTED_EDGE('',*,*,#26260,.F.);
#32810=ORIENTED_EDGE('',*,*,#7490,.T.);
#32820=ORIENTED_EDGE('',*,*,#23410,.T.);
#32830=EDGE_LOOP('',(#32820,#32810,#32800,#32790));
#32840=FACE_OUTER_BOUND('',#32830,.T.);
#32850=ADVANCED_FACE('',(#32840),#32780,.F.);
#32860=COLOUR_RGB('',0.560784339904785,0.588235318660736,
0.600000023841858);
#32870=FILL_AREA_STYLE_COLOUR('',#32860);
#32880=FILL_AREA_STYLE('',(#32870));
#32890=SURFACE_STYLE_FILL_AREA(#32880);
#32900=SURFACE_SIDE_STYLE('',(#32890));
#32910=SURFACE_STYLE_USAGE(.BOTH.,#32900);
#32920=PRESENTATION_STYLE_ASSIGNMENT((#32910));
#32930=CARTESIAN_POINT('',(-22.9707439465035,-5.92914602788905,
111.899846044961));
#32940=DIRECTION('',(0.999999999999478,2.45147290609983E-10,
-1.02206957679905E-6));
#32950=DIRECTION('',(2.45147290985981E-10,-1.,3.67753881129886E-13));
#32960=AXIS2_PLACEMENT_3D('',#32930,#32940,#32950);
#32970=PLANE('',#32960);
#32980=ORIENTED_EDGE('',*,*,#4560,.T.);
#32990=ORIENTED_EDGE('',*,*,#29270,.T.);
#33000=ORIENTED_EDGE('',*,*,#9270,.F.);
#33010=CARTESIAN_POINT('',(-22.9707439467428,-4.95304429722742,
111.899846044961));
#33020=DIRECTION('',(-1.02206957679905E-6,-3.68004438717645E-13,
-0.999999999999478));
#33030=VECTOR('',#33020,1.);
#33040=LINE('',#33010,#33030);
#33050=EDGE_CURVE('',#4550,#9180,#33040,.T.);
#33060=ORIENTED_EDGE('',*,*,#33050,.T.);
#33070=EDGE_LOOP('',(#33060,#33000,#32990,#32980));
#33080=FACE_OUTER_BOUND('',#33070,.T.);
#33090=ADVANCED_FACE('',(#33080),#32970,.F.);
#33100=COLOUR_RGB('',0.560784339904785,0.588235318660736,
0.600000023841858);
#33110=FILL_AREA_STYLE_COLOUR('',#33100);
#33120=FILL_AREA_STYLE('',(#33110));
#33130=SURFACE_STYLE_FILL_AREA(#33120);
#33140=SURFACE_SIDE_STYLE('',(#33130));
#33150=SURFACE_STYLE_USAGE(.BOTH.,#33140);
#33160=PRESENTATION_STYLE_ASSIGNMENT((#33150));
#33170=CARTESIAN_POINT('',(37.6350932493986,10.4469557337417,
111.899784102945));
#33180=DIRECTION('',(-0.999999999999478,3.47493493961496E-10,
1.02204675941924E-6));
#33190=DIRECTION('',(3.47493493421969E-10,1.,-5.28066183136361E-13));
#33200=AXIS2_PLACEMENT_3D('',#33170,#33180,#33190);
#33210=PLANE('',#33200);
#33220=ORIENTED_EDGE('',*,*,#630,.F.);
#33230=ORIENTED_EDGE('',*,*,#28560,.F.);
#33240=ORIENTED_EDGE('',*,*,#7650,.T.);
#33250=ORIENTED_EDGE('',*,*,#26190,.F.);
#33260=EDGE_LOOP('',(#33250,#33240,#33230,#33220));
#33270=FACE_OUTER_BOUND('',#33260,.T.);
#33280=ADVANCED_FACE('',(#33270),#33210,.F.);
#33290=COLOUR_RGB('',0.560784339904785,0.588235318660736,
0.600000023841858);
#33300=FILL_AREA_STYLE_COLOUR('',#33290);
#33310=FILL_AREA_STYLE('',(#33300));
#33320=SURFACE_STYLE_FILL_AREA(#33310);
#33330=SURFACE_SIDE_STYLE('',(#33320));
#33340=SURFACE_STYLE_USAGE(.BOTH.,#33330);
#33350=PRESENTATION_STYLE_ASSIGNMENT((#33340));
#33360=CARTESIAN_POINT('',(-22.670743946743,-4.95304429715389,
111.89984573834));
#33370=DIRECTION('',(-1.02206957679905E-6,-3.68004438717645E-13,
-0.999999999999478));
#33380=DIRECTION('',(0.999999999999478,2.2129897646266E-16,
-1.02206957679905E-6));
#33390=AXIS2_PLACEMENT_3D('',#33360,#33370,#33380);
#33400=CYLINDRICAL_SURFACE('',#33390,0.299999999999998);
#33410=ORIENTED_EDGE('',*,*,#4650,.T.);
#33420=ORIENTED_EDGE('',*,*,#33050,.F.);
#33430=ORIENTED_EDGE('',*,*,#9190,.F.);
#33440=CARTESIAN_POINT('',(-22.458611912378,-4.74091226280704,
111.899845521526));
#33450=DIRECTION('',(-1.02206957679905E-6,-3.68004438717645E-13,
-0.999999999999478));
#33460=VECTOR('',#33450,1.);
#33470=LINE('',#33440,#33460);
#33480=EDGE_CURVE('',#4640,#9090,#33470,.T.);
#33490=ORIENTED_EDGE('',*,*,#33480,.T.);
#33500=EDGE_LOOP('',(#33490,#33430,#33420,#33410));
#33510=FACE_OUTER_BOUND('',#33500,.T.);
#33520=ADVANCED_FACE('',(#33510),#33400,.T.);
#33530=COLOUR_RGB('',0.560784339904785,0.588235318660736,
0.600000023841858);
#33540=FILL_AREA_STYLE_COLOUR('',#33530);
#33550=FILL_AREA_STYLE('',(#33540));
#33560=SURFACE_STYLE_FILL_AREA(#33550);
#33570=SURFACE_SIDE_STYLE('',(#33560));
#33580=SURFACE_STYLE_USAGE(.BOTH.,#33570);
#33590=PRESENTATION_STYLE_ASSIGNMENT((#33580));
#33600=CARTESIAN_POINT('',(31.7821701989471,-20.5999999261551,
107.824856315025));
#33610=DIRECTION('',(0.999999999999478,2.3805887011058E-10,
-1.02206957679905E-6));
#33620=DIRECTION('',(2.38058870486581E-10,-1.,3.67761125988826E-13));
#33630=AXIS2_PLACEMENT_3D('',#33600,#33610,#33620);
#33640=CYLINDRICAL_SURFACE('',#33630,5.6);
#33650=CARTESIAN_POINT('',(20.3782520844949,-20.5999999288699,
107.824867970623));
#33660=DIRECTION('',(-0.642787611332777,-0.766044441735085,
1.97094216663262E-6));
#33670=DIRECTION('',(-0.766044441736939,0.64278761133351,
-3.19599774684772E-7));
#33680=AXIS2_PLACEMENT_3D('',#33650,#33660,#33670);
#33690=ELLIPSE('',#33680,8.71205340561152,5.6);
#33700=CARTESIAN_POINT('',(25.7917917281794,-25.1425074932928,
104.549862437597));
#33710=VERTEX_POINT('',#33700);
#33720=CARTESIAN_POINT('',(25.7918118119488,-25.1425074931975,
111.099862437501));
#33730=VERTEX_POINT('',#33720);
#33740=EDGE_CURVE('',#33710,#33730,#33690,.T.);
#33750=ORIENTED_EDGE('',*,*,#33740,.T.);
#33760=CARTESIAN_POINT('',(31.7821668527506,-25.1425074936818,
104.549856315185));
#33770=DIRECTION('',(0.999999999999478,2.3805887011058E-10,
-1.02206957679905E-6));
#33780=VECTOR('',#33770,1.);
#33790=LINE('',#33760,#33780);
#33800=CARTESIAN_POINT('',(45.6821672401454,-25.1425074903446,
104.549842108379));
#33810=VERTEX_POINT('',#33800);
#33820=EDGE_CURVE('',#33710,#33810,#33790,.T.);
#33830=ORIENTED_EDGE('',*,*,#33820,.F.);
#33840=CARTESIAN_POINT('',(45.6821705863418,-20.5999999228461,
107.824842108258));
#33850=DIRECTION('',(0.999999999999478,2.3805887011058E-10,
-1.02206957679905E-6));
#33860=DIRECTION('',(2.38058870486581E-10,-1.,3.67761125988826E-13));
#33870=AXIS2_PLACEMENT_3D('',#33840,#33850,#33860);
#33880=CIRCLE('',#33870,5.6);
#33890=CARTESIAN_POINT('',(45.6821739330643,-25.1425074902349,
111.099842108411));
#33900=VERTEX_POINT('',#33890);
#33910=EDGE_CURVE('',#33900,#33810,#33880,.T.);
#33920=ORIENTED_EDGE('',*,*,#33910,.T.);
#33930=CARTESIAN_POINT('',(31.7821735473063,-25.1425074935175,
111.099856315093));
#33940=DIRECTION('',(0.999999999999478,2.3805887011058E-10,
-1.02206957679905E-6));
#33950=VECTOR('',#33940,1.);
#33960=LINE('',#33930,#33950);
#33970=EDGE_CURVE('',#33730,#33900,#33960,.T.);
#33980=ORIENTED_EDGE('',*,*,#33970,.T.);
#33990=EDGE_LOOP('',(#33980,#33920,#33830,#33750));
#34000=FACE_OUTER_BOUND('',#33990,.T.);
#34010=ADVANCED_FACE('',(#34000),#33640,.F.);
#34020=COLOUR_RGB('',0.560784339904785,0.588235318660736,
0.600000023841858);
#34030=FILL_AREA_STYLE_COLOUR('',#34020);
#34040=FILL_AREA_STYLE('',(#34030));
#34050=SURFACE_STYLE_FILL_AREA(#34040);
#34060=SURFACE_SIDE_STYLE('',(#34050));
#34070=SURFACE_STYLE_USAGE(.BOTH.,#34060);
#34080=PRESENTATION_STYLE_ASSIGNMENT((#34070));
#34090=CARTESIAN_POINT('',(-2.05265266520086,13.2000000546896,
141.142561292463));
#34100=DIRECTION('',(-0.706139118605129,0.0871557433201167,
-0.702688708876049));
#34110=DIRECTION('',(-0.705372865597259,4.14483882101376E-10,
0.708836455382419));
#34120=AXIS2_PLACEMENT_3D('',#34090,#34100,#34110);
#34130=PLANE('',#34120);
#34140=CARTESIAN_POINT('',(31.3971711944185,15.3468949092565,
107.79477211519));
#34150=DIRECTION('',(-0.122504662186551,-0.992467937854089,
8.6145348536184E-6));
#34160=VECTOR('',#34150,1.);
#34170=LINE('',#34140,#34160);
#34180=CARTESIAN_POINT('',(31.1198271232105,13.1000000277482,
107.794791618041));
#34190=VERTEX_POINT('',#34180);
#34200=CARTESIAN_POINT('',(31.0087361834537,12.2000000285928,
107.794799429993));
#34210=VERTEX_POINT('',#34200);
#34220=EDGE_CURVE('',#34190,#34210,#34170,.T.);
#34230=ORIENTED_EDGE('',*,*,#34220,.F.);
#34240=CARTESIAN_POINT('',(26.923798816746,12.2000000281461,
111.89979504926));
#34250=DIRECTION('',(-0.705372865627746,-7.71261257631998E-11,
0.708836455352081));
#34260=VECTOR('',#34250,1.);
#34270=LINE('',#34240,#34260);
#34280=CARTESIAN_POINT('',(31.9366696841934,12.2000000286942,
106.862309500881));
#34290=VERTEX_POINT('',#34280);
#34300=EDGE_CURVE('',#34290,#34210,#34270,.T.);
#34310=ORIENTED_EDGE('',*,*,#34300,.T.);
#34320=CARTESIAN_POINT('',(32.1929646614343,15.1294637602107,
106.968102690352));
#34330=DIRECTION('',(-0.0870994328266303,-0.995550643434571,
-0.0359528185027567));
#34340=VECTOR('',#34330,1.);
#34350=LINE('',#34320,#34340);
#34360=CARTESIAN_POINT('',(32.0154095151755,13.1000000270208,
106.894811651128));
#34370=VERTEX_POINT('',#34360);
#34380=EDGE_CURVE('',#34370,#34290,#34350,.T.);
#34390=ORIENTED_EDGE('',*,*,#34380,.T.);
#34400=CARTESIAN_POINT('',(-2.06499525175968,13.1000000546996,
141.142561305075));
#34410=DIRECTION('',(-0.705372865587436,5.72877124663681E-10,
0.708836455392194));
#34420=VECTOR('',#34410,1.);
#34430=LINE('',#34400,#34420);
#34440=EDGE_CURVE('',#34370,#34190,#34430,.T.);
#34450=ORIENTED_EDGE('',*,*,#34440,.F.);
#34460=EDGE_LOOP('',(#34450,#34390,#34310,#34230));
#34470=FACE_OUTER_BOUND('',#34460,.T.);
#34480=ADVANCED_FACE('',(#34470),#34130,.T.);
#34490=COLOUR_RGB('',0.980392217636108,0.517647087574005,
0.168627455830574);
#34500=FILL_AREA_STYLE_COLOUR('',#34490);
#34510=FILL_AREA_STYLE('',(#34500));
#34520=SURFACE_STYLE_FILL_AREA(#34510);
#34530=SURFACE_SIDE_STYLE('',(#34520));
#34540=SURFACE_STYLE_USAGE(.BOTH.,#34530);
#34550=PRESENTATION_STYLE_ASSIGNMENT((#34540));
#34560=CARTESIAN_POINT('',(-21.9568604705086,-3.95631810814897,
111.899845008701));
#34570=DIRECTION('',(0.70710678101674,0.707106781355985,
-7.22712588644332E-7));
#34580=DIRECTION('',(0.707106781355616,-0.70710678101711,
-7.22712068553818E-7));
#34590=AXIS2_PLACEMENT_3D('',#34560,#34570,#34580);
#34600=PLANE('',#34590);
#34610=ORIENTED_EDGE('',*,*,#24400,.T.);
#34620=ORIENTED_EDGE('',*,*,#4810,.F.);
#34630=CARTESIAN_POINT('',(-21.8154391142382,-4.09773946435161,
111.899844864159));
#34640=DIRECTION('',(-1.02206957679905E-6,-3.68004438717645E-13,
-0.999999999999478));
#34650=VECTOR('',#34640,1.);
#34660=LINE('',#34630,#34650);
#34670=EDGE_CURVE('',#4720,#9010,#34660,.T.);
#34680=ORIENTED_EDGE('',*,*,#34670,.F.);
#34690=ORIENTED_EDGE('',*,*,#9020,.T.);
#34700=CARTESIAN_POINT('',(-22.3811245393839,-3.5320540394768,
111.899845442328));
#34710=DIRECTION('',(1.02208032905306E-6,-1.03842495649866E-11,
0.999999999999478));
#34720=VECTOR('',#34710,1.);
#34730=LINE('',#34700,#34720);
#34740=CARTESIAN_POINT('',(-22.3811320516743,-3.53205403940048,
104.549845443139));
#34750=VERTEX_POINT('',#34740);
#34760=EDGE_CURVE('',#8930,#34750,#34730,.T.);
#34770=ORIENTED_EDGE('',*,*,#34760,.F.);
#34780=CARTESIAN_POINT('',(3.59208759977587,-29.5052736784167,
104.549818896152));
#34790=DIRECTION('',(0.707106781355616,-0.70710678101711,
-7.22727274529186E-7));
#34800=VECTOR('',#34790,1.);
#34810=LINE('',#34780,#34800);
#34820=EDGE_CURVE('',#24390,#34750,#34810,.T.);
#34830=ORIENTED_EDGE('',*,*,#34820,.T.);
#34840=EDGE_LOOP('',(#34830,#34770,#34690,#34680,#34620,#34610));
#34850=FACE_OUTER_BOUND('',#34840,.T.);
#34860=ADVANCED_FACE('',(#34850),#34600,.F.);
#34870=COLOUR_RGB('',0.560784339904785,0.588235318660736,
0.600000023841858);
#34880=FILL_AREA_STYLE_COLOUR('',#34870);
#34890=FILL_AREA_STYLE('',(#34880));
#34900=SURFACE_STYLE_FILL_AREA(#34890);
#34910=SURFACE_SIDE_STYLE('',(#34900));
#34920=SURFACE_STYLE_USAGE(.BOTH.,#34910);
#34930=PRESENTATION_STYLE_ASSIGNMENT((#34920));
#34940=CARTESIAN_POINT('',(19.1321745599881,-39.4999999949327,
111.899803012862));
#34950=DIRECTION('',(0.999999999999478,-2.17245533856255E-10,
-1.02206957679905E-6));
#34960=DIRECTION('',(-2.17245533480015E-10,-1.,3.68226478768303E-13));
#34970=AXIS2_PLACEMENT_3D('',#34940,#34950,#34960);
#34980=PLANE('',#34970);
#34990=ORIENTED_EDGE('',*,*,#2010,.T.);
#35000=CARTESIAN_POINT('',(19.1321745599881,-39.4999999949327,
111.899803012862));
#35010=DIRECTION('',(-1.02206957679905E-6,-3.68004438717645E-13,
-0.999999999999478));
#35020=VECTOR('',#35010,1.);
#35030=LINE('',#35000,#35020);
#35040=EDGE_CURVE('',#1920,#11890,#35030,.T.);
#35050=ORIENTED_EDGE('',*,*,#35040,.F.);
#35060=ORIENTED_EDGE('',*,*,#11900,.F.);
#35070=ORIENTED_EDGE('',*,*,#22740,.T.);
#35080=EDGE_LOOP('',(#35070,#35060,#35050,#34990));
#35090=FACE_OUTER_BOUND('',#35080,.T.);
#35100=ADVANCED_FACE('',(#35090),#34980,.F.);
#35110=COLOUR_RGB('',0.560784339904785,0.588235318660736,
0.600000023841858);
#35120=FILL_AREA_STYLE_COLOUR('',#35110);
#35130=FILL_AREA_STYLE('',(#35120));
#35140=SURFACE_STYLE_FILL_AREA(#35130);
#35150=SURFACE_SIDE_STYLE('',(#35140));
#35160=SURFACE_STYLE_USAGE(.BOTH.,#35150);
#35170=PRESENTATION_STYLE_ASSIGNMENT((#35160));
#35180=CARTESIAN_POINT('',(-22.3467069118144,-4.6290072621885,
111.899845407152));
#35190=DIRECTION('',(0.707106781359524,-0.707106781013202,
-7.22712068557812E-7));
#35200=DIRECTION('',(-0.707106781012833,-0.707106781359893,
7.22712588640338E-7));
#35210=AXIS2_PLACEMENT_3D('',#35180,#35190,#35200);
#35220=PLANE('',#35210);
#35230=ORIENTED_EDGE('',*,*,#4730,.T.);
#35240=ORIENTED_EDGE('',*,*,#33480,.F.);
#35250=ORIENTED_EDGE('',*,*,#9100,.F.);
#35260=ORIENTED_EDGE('',*,*,#34670,.T.);
#35270=EDGE_LOOP('',(#35260,#35250,#35240,#35230));
#35280=FACE_OUTER_BOUND('',#35270,.T.);
#35290=ADVANCED_FACE('',(#35280),#35220,.F.);
#35300=COLOUR_RGB('',0.560784339904785,0.588235318660736,
0.600000023841858);
#35310=FILL_AREA_STYLE_COLOUR('',#35300);
#35320=FILL_AREA_STYLE('',(#35310));
#35330=SURFACE_STYLE_FILL_AREA(#35320);
#35340=SURFACE_SIDE_STYLE('',(#35330));
#35350=SURFACE_STYLE_USAGE(.BOTH.,#35340);
#35360=PRESENTATION_STYLE_ASSIGNMENT((#35350));
#35370=CARTESIAN_POINT('',(-2.21783316614212,-26.7000000036821,
104.324824834464));
#35380=DIRECTION('',(-1.0220924741578E-6,2.07698525100001E-13,
-0.999999999999478));
#35390=DIRECTION('',(0.999999999999478,6.95513259666917E-10,
-1.0220924741578E-6));
#35400=AXIS2_PLACEMENT_3D('',#35370,#35380,#35390);
#35410=PLANE('',#35400);
#35420=ORIENTED_EDGE('',*,*,#14170,.T.);
#35430=CARTESIAN_POINT('',(-42.23775276574,-26.7000000315165,
104.324865738522));
#35440=DIRECTION('',(0.999999999999478,6.95513259666917E-10,
-1.0220924741578E-6));
#35450=VECTOR('',#35440,1.);
#35460=LINE('',#35430,#35450);
#35470=CARTESIAN_POINT('',(-2.21783316614212,-26.7000000036821,
104.324824834464));
#35480=VERTEX_POINT('',#35470);
#35490=EDGE_CURVE('',#35480,#14080,#35460,.T.);
#35500=ORIENTED_EDGE('',*,*,#35490,.T.);
#35510=CARTESIAN_POINT('',(-2.21783316614212,-26.7000000036821,
104.324824834464));
#35520=DIRECTION('',(-6.95513259454266E-10,1.,2.08409403968275E-13));
#35530=VECTOR('',#35520,1.);
#35540=LINE('',#35510,#35530);
#35550=EDGE_CURVE('',#35480,#17110,#35540,.T.);
#35560=ORIENTED_EDGE('',*,*,#35550,.F.);
#35570=ORIENTED_EDGE('',*,*,#17120,.F.);
#35580=EDGE_LOOP('',(#35570,#35560,#35500,#35420));
#35590=FACE_OUTER_BOUND('',#35580,.T.);
#35600=ADVANCED_FACE('',(#35590),#35410,.F.);
#35610=COLOUR_RGB('',0.560784339904785,0.588235318660736,
0.600000023841858);
#35620=FILL_AREA_STYLE_COLOUR('',#35610);
#35630=FILL_AREA_STYLE('',(#35620));
#35640=SURFACE_STYLE_FILL_AREA(#35630);
#35650=SURFACE_SIDE_STYLE('',(#35640));
#35660=SURFACE_STYLE_USAGE(.BOTH.,#35650);
#35670=PRESENTATION_STYLE_ASSIGNMENT((#35660));
#35680=CARTESIAN_POINT('',(0.932173994672832,-26.7000000014927,
111.324821614869));
#35690=DIRECTION('',(1.0220924741578E-6,-2.07698525100001E-13,
0.999999999999478));
#35700=DIRECTION('',(-0.999999999999478,-6.95513259666917E-10,
1.0220924741578E-6));
#35710=AXIS2_PLACEMENT_3D('',#35680,#35690,#35700);
#35720=PLANE('',#35710);
#35730=CARTESIAN_POINT('',(-2.2178260114948,-26.7000000036836,
111.32482483446));
#35740=DIRECTION('',(-6.95513259454266E-10,1.,2.08409403968275E-13));
#35750=VECTOR('',#35740,1.);
#35760=LINE('',#35730,#35750);
#35770=CARTESIAN_POINT('',(-2.2178260114948,-26.7000000036836,
111.32482483446));
#35780=VERTEX_POINT('',#35770);
#35790=EDGE_CURVE('',#35780,#17190,#35760,.T.);
#35800=ORIENTED_EDGE('',*,*,#35790,.T.);
#35810=CARTESIAN_POINT('',(-42.2377456110927,-26.7000000315179,
111.324865738519));
#35820=DIRECTION('',(0.999999999999478,6.95513259666917E-10,
-1.0220924741578E-6));
#35830=VECTOR('',#35820,1.);
#35840=LINE('',#35810,#35830);
#35850=EDGE_CURVE('',#35780,#14000,#35840,.T.);
#35860=ORIENTED_EDGE('',*,*,#35850,.F.);
#35870=ORIENTED_EDGE('',*,*,#14010,.F.);
#35880=ORIENTED_EDGE('',*,*,#17260,.F.);
#35890=EDGE_LOOP('',(#35880,#35870,#35860,#35800));
#35900=FACE_OUTER_BOUND('',#35890,.T.);
#35910=ADVANCED_FACE('',(#35900),#35720,.F.);
#35920=COLOUR_RGB('',0.560784339904785,0.588235318660736,
0.600000023841858);
#35930=FILL_AREA_STYLE_COLOUR('',#35920);
#35940=FILL_AREA_STYLE('',(#35930));
#35950=SURFACE_STYLE_FILL_AREA(#35940);
#35960=SURFACE_SIDE_STYLE('',(#35950));
#35970=SURFACE_STYLE_USAGE(.BOTH.,#35960);
#35980=PRESENTATION_STYLE_ASSIGNMENT((#35970));
#35990=CARTESIAN_POINT('',(-2.2178260114948,-26.7000000036836,
111.32482483446));
#36000=DIRECTION('',(-0.999999999999478,-6.95513259666917E-10,
1.0220924741578E-6));
#36010=DIRECTION('',(-1.0220924741578E-6,2.07698525100001E-13,
-0.999999999999478));
#36020=AXIS2_PLACEMENT_3D('',#35990,#36000,#36010);
#36030=PLANE('',#36020);
#36040=ORIENTED_EDGE('',*,*,#35550,.T.);
#36050=CARTESIAN_POINT('',(-2.21782849006905,-26.7000000036831,
108.899824834461));
#36060=DIRECTION('',(-1.0220924741578E-6,2.07698525100001E-13,
-0.999999999999478));
#36070=VECTOR('',#36060,1.);
#36080=LINE('',#36050,#36070);
#36090=EDGE_CURVE('',#35780,#35480,#36080,.T.);
#36100=ORIENTED_EDGE('',*,*,#36090,.T.);
#36110=ORIENTED_EDGE('',*,*,#35790,.F.);
#36120=ORIENTED_EDGE('',*,*,#17200,.F.);
#36130=EDGE_LOOP('',(#36120,#36110,#36100,#36040));
#36140=FACE_OUTER_BOUND('',#36130,.T.);
#36150=ADVANCED_FACE('',(#36140),#36030,.F.);
#36160=COLOUR_RGB('',0.560784339904785,0.588235318660736,
0.600000023841858);
#36170=FILL_AREA_STYLE_COLOUR('',#36160);
#36180=FILL_AREA_STYLE('',(#36170));
#36190=SURFACE_STYLE_FILL_AREA(#36180);
#36200=SURFACE_SIDE_STYLE('',(#36190));
#36210=SURFACE_STYLE_USAGE(.BOTH.,#36200);
#36220=PRESENTATION_STYLE_ASSIGNMENT((#36210));
#36230=CARTESIAN_POINT('',(0.382167200828935,-26.700000001874,
105.25947569868));
#36240=DIRECTION('',(-6.95513259454266E-10,1.,2.08409403968275E-13));
#36250=DIRECTION('',(1.,6.95513259454285E-10,-8.75996004709953E-11));
#36260=AXIS2_PLACEMENT_3D('',#36230,#36240,#36250);
#36270=PLANE('',#36260);
#36280=ORIENTED_EDGE('',*,*,#35490,.F.);
#36290=ORIENTED_EDGE('',*,*,#14090,.T.);
#36300=ORIENTED_EDGE('',*,*,#35850,.T.);
#36310=ORIENTED_EDGE('',*,*,#36090,.F.);
#36320=EDGE_LOOP('',(#36310,#36300,#36290,#36280));
#36330=FACE_OUTER_BOUND('',#36320,.T.);
#36340=ADVANCED_FACE('',(#36330),#36270,.T.);
#36350=COLOUR_RGB('',0.823529481887817,0.823529481887817,
0.784313797950745);
#36360=FILL_AREA_STYLE_COLOUR('',#36350);
#36370=FILL_AREA_STYLE('',(#36360));
#36380=SURFACE_STYLE_FILL_AREA(#36370);
#36390=SURFACE_SIDE_STYLE('',(#36380));
#36400=SURFACE_STYLE_USAGE(.BOTH.,#36390);
#36410=PRESENTATION_STYLE_ASSIGNMENT((#36400));
#36420=CARTESIAN_POINT('',(-7.06783316575558,-26.7000000070553,
104.324829791612));
#36430=DIRECTION('',(-1.0220924741578E-6,2.07698525100001E-13,
-0.999999999999478));
#36440=DIRECTION('',(0.999999999999478,6.95513259666917E-10,
-1.0220924741578E-6));
#36450=AXIS2_PLACEMENT_3D('',#36420,#36430,#36440);
#36460=PLANE('',#36450);
#36470=CARTESIAN_POINT('',(-3.9178331661029,-26.7000000048645,
104.324826572021));
#36480=DIRECTION('',(-6.95513259454266E-10,1.,2.08409403968275E-13));
#36490=VECTOR('',#36480,1.);
#36500=LINE('',#36470,#36490);
#36510=CARTESIAN_POINT('',(-3.9178331661029,-26.7000000048645,
104.324826572021));
#36520=VERTEX_POINT('',#36510);
#36530=EDGE_CURVE('',#36520,#17510,#36500,.T.);
#36540=ORIENTED_EDGE('',*,*,#36530,.T.);
#36550=CARTESIAN_POINT('',(-42.23775276574,-26.7000000315165,
104.324865738522));
#36560=DIRECTION('',(-0.999999999999478,-6.95513259666917E-10,
1.0220924741578E-6));
#36570=VECTOR('',#36560,1.);
#36580=LINE('',#36550,#36570);
#36590=EDGE_CURVE('',#36520,#18990,#36580,.T.);
#36600=ORIENTED_EDGE('',*,*,#36590,.F.);
#36610=ORIENTED_EDGE('',*,*,#19000,.F.);
#36620=ORIENTED_EDGE('',*,*,#17600,.F.);
#36630=EDGE_LOOP('',(#36620,#36610,#36600,#36540));
#36640=FACE_OUTER_BOUND('',#36630,.T.);
#36650=ADVANCED_FACE('',(#36640),#36460,.F.);
#36660=COLOUR_RGB('',0.560784339904785,0.588235318660736,
0.600000023841858);
#36670=FILL_AREA_STYLE_COLOUR('',#36660);
#36680=FILL_AREA_STYLE('',(#36670));
#36690=SURFACE_STYLE_FILL_AREA(#36680);
#36700=SURFACE_SIDE_STYLE('',(#36690));
#36710=SURFACE_STYLE_USAGE(.BOTH.,#36700);
#36720=PRESENTATION_STYLE_ASSIGNMENT((#36710));
#36730=CARTESIAN_POINT('',(0.382167200828935,-26.700000001874,
105.25947569868));
#36740=DIRECTION('',(-6.95513259454266E-10,1.,2.08409403968275E-13));
#36750=DIRECTION('',(1.,6.95513259454285E-10,-8.75996004709953E-11));
#36760=AXIS2_PLACEMENT_3D('',#36730,#36740,#36750);
#36770=PLANE('',#36760);
#36780=ORIENTED_EDGE('',*,*,#36590,.T.);
#36790=CARTESIAN_POINT('',(-3.91782849002983,-26.7000000048654,
108.899826572019));
#36800=DIRECTION('',(-1.0220924741578E-6,2.07698525100001E-13,
-0.999999999999478));
#36810=VECTOR('',#36800,1.);
#36820=LINE('',#36790,#36810);
#36830=CARTESIAN_POINT('',(-3.91782601145558,-26.7000000048659,
111.324826572017));
#36840=VERTEX_POINT('',#36830);
#36850=EDGE_CURVE('',#36840,#36520,#36820,.T.);
#36860=ORIENTED_EDGE('',*,*,#36850,.T.);
#36870=CARTESIAN_POINT('',(-42.2377456110927,-26.7000000315179,
111.324865738519));
#36880=DIRECTION('',(0.999999999999478,6.95513259666917E-10,
-1.0220924741578E-6));
#36890=VECTOR('',#36880,1.);
#36900=LINE('',#36870,#36890);
#36910=EDGE_CURVE('',#19070,#36840,#36900,.T.);
#36920=ORIENTED_EDGE('',*,*,#36910,.T.);
#36930=ORIENTED_EDGE('',*,*,#19080,.T.);
#36940=EDGE_LOOP('',(#36930,#36920,#36860,#36780));
#36950=FACE_OUTER_BOUND('',#36940,.T.);
#36960=ADVANCED_FACE('',(#36950),#36770,.T.);
#36970=COLOUR_RGB('',0.823529481887817,0.823529481887817,
0.784313797950745);
#36980=FILL_AREA_STYLE_COLOUR('',#36970);
#36990=FILL_AREA_STYLE('',(#36980));
#37000=SURFACE_STYLE_FILL_AREA(#36990);
#37010=SURFACE_SIDE_STYLE('',(#37000));
#37020=SURFACE_STYLE_USAGE(.BOTH.,#37010);
#37030=PRESENTATION_STYLE_ASSIGNMENT((#37020));
#37040=CARTESIAN_POINT('',(-3.9178331661029,-26.7000000048645,
104.324826572021));
#37050=DIRECTION('',(0.999999999999478,6.95513259666917E-10,
-1.0220924741578E-6));
#37060=DIRECTION('',(1.0220924741578E-6,-2.07698525100001E-13,
0.999999999999478));
#37070=AXIS2_PLACEMENT_3D('',#37040,#37050,#37060);
#37080=PLANE('',#37070);
#37090=CARTESIAN_POINT('',(-3.91782601145558,-26.7000000048659,
111.324826572017));
#37100=DIRECTION('',(-6.95513259454266E-10,1.,2.08409403968275E-13));
#37110=VECTOR('',#37100,1.);
#37120=LINE('',#37090,#37110);
#37130=EDGE_CURVE('',#36840,#17430,#37120,.T.);
#37140=ORIENTED_EDGE('',*,*,#37130,.T.);
#37150=ORIENTED_EDGE('',*,*,#36850,.F.);
#37160=ORIENTED_EDGE('',*,*,#36530,.F.);
#37170=ORIENTED_EDGE('',*,*,#17520,.F.);
#37180=EDGE_LOOP('',(#37170,#37160,#37150,#37140));
#37190=FACE_OUTER_BOUND('',#37180,.T.);
#37200=ADVANCED_FACE('',(#37190),#37080,.F.);
#37210=COLOUR_RGB('',0.560784339904785,0.588235318660736,
0.600000023841858);
#37220=FILL_AREA_STYLE_COLOUR('',#37210);
#37230=FILL_AREA_STYLE('',(#37220));
#37240=SURFACE_STYLE_FILL_AREA(#37230);
#37250=SURFACE_SIDE_STYLE('',(#37240));
#37260=SURFACE_STYLE_USAGE(.BOTH.,#37250);
#37270=PRESENTATION_STYLE_ASSIGNMENT((#37260));
#37280=CARTESIAN_POINT('',(-3.91782601145558,-26.7000000048659,
111.324826572017));
#37290=DIRECTION('',(1.0220924741578E-6,-2.07698525100001E-13,
0.999999999999478));
#37300=DIRECTION('',(-0.999999999999478,-6.95513259666917E-10,
1.0220924741578E-6));
#37310=AXIS2_PLACEMENT_3D('',#37280,#37290,#37300);
#37320=PLANE('',#37310);
#37330=ORIENTED_EDGE('',*,*,#19140,.T.);
#37340=ORIENTED_EDGE('',*,*,#36910,.F.);
#37350=ORIENTED_EDGE('',*,*,#37130,.F.);
#37360=ORIENTED_EDGE('',*,*,#17440,.F.);
#37370=EDGE_LOOP('',(#37360,#37350,#37340,#37330));
#37380=FACE_OUTER_BOUND('',#37370,.T.);
#37390=ADVANCED_FACE('',(#37380),#37320,.F.);
#37400=COLOUR_RGB('',0.560784339904785,0.588235318660736,
0.600000023841858);
#37410=FILL_AREA_STYLE_COLOUR('',#37400);
#37420=FILL_AREA_STYLE('',(#37410));
#37430=SURFACE_STYLE_FILL_AREA(#37420);
#37440=SURFACE_SIDE_STYLE('',(#37430));
#37450=SURFACE_STYLE_USAGE(.BOTH.,#37440);
#37460=PRESENTATION_STYLE_ASSIGNMENT((#37450));
#37470=CARTESIAN_POINT('',(7.83151158210471,-22.8999999968939,
107.824814563089));
#37480=DIRECTION('',(3.40404028546385E-10,1.,-1.14091741837902E-16));
#37490=DIRECTION('',(0.999999999999478,-3.40404028546324E-10,
-1.02209167470664E-6));
#37500=AXIS2_PLACEMENT_3D('',#37470,#37480,#37490);
#37510=PLANE('',#37500);
#37520=CARTESIAN_POINT('',(3.59209196755087,-22.8999999954508,
108.824818896015));
#37530=DIRECTION('',(0.999999999999478,-3.40404028546324E-10,
-1.02206160401231E-6));
#37540=VECTOR('',#37530,1.);
#37550=LINE('',#37520,#37540);
#37560=CARTESIAN_POINT('',(7.88217142782497,-22.8999999969112,
108.82481451129));
#37570=VERTEX_POINT('',#37560);
#37580=CARTESIAN_POINT('',(9.03216719876225,-22.8999999973026,
108.824813335923));
#37590=VERTEX_POINT('',#37580);
#37600=EDGE_CURVE('',#37570,#37590,#37550,.T.);
#37610=ORIENTED_EDGE('',*,*,#37600,.T.);
#37620=CARTESIAN_POINT('',(7.8821704057639,-22.8999999969112,
107.824814511324));
#37630=DIRECTION('',(3.40404028546385E-10,1.,-1.14091741837741E-16));
#37640=DIRECTION('',(-0.999999999999478,3.40404028546324E-10,
1.02209149916018E-6));
#37650=AXIS2_PLACEMENT_3D('',#37620,#37630,#37640);
#37660=CIRCLE('',#37650,1.);
#37670=CARTESIAN_POINT('',(7.88216938367267,-22.8999999969112,
106.824814511327));
#37680=VERTEX_POINT('',#37670);
#37690=EDGE_CURVE('',#37680,#37570,#37660,.T.);
#37700=ORIENTED_EDGE('',*,*,#37690,.T.);
#37710=CARTESIAN_POINT('',(3.59208992341172,-22.8999999954508,
106.82481889618));
#37720=DIRECTION('',(-0.999999999999478,3.40404028546324E-10,
1.02209147214486E-6));
#37730=VECTOR('',#37720,1.);
#37740=LINE('',#37710,#37730);
#37750=CARTESIAN_POINT('',(9.03216719876599,-22.8999999973026,
106.824813335924));
#37760=VERTEX_POINT('',#37750);
#37770=EDGE_CURVE('',#37760,#37680,#37740,.T.);
#37780=ORIENTED_EDGE('',*,*,#37770,.T.);
#37790=CARTESIAN_POINT('',(9.0321671987565,-22.8999999973026,
111.899813335766));
#37800=DIRECTION('',(1.87001631449699E-12,-1.14092270284276E-16,-1.));
#37810=VECTOR('',#37800,1.);
#37820=LINE('',#37790,#37810);
#37830=EDGE_CURVE('',#37590,#37760,#37820,.T.);
#37840=ORIENTED_EDGE('',*,*,#37830,.T.);
#37850=EDGE_LOOP('',(#37840,#37780,#37700,#37610));
#37860=FACE_OUTER_BOUND('',#37850,.T.);
#37870=ADVANCED_FACE('',(#37860),#37510,.T.);
#37880=COLOUR_RGB('',0.560784339904785,0.588235318660736,
0.600000023841858);
#37890=FILL_AREA_STYLE_COLOUR('',#37880);
#37900=FILL_AREA_STYLE('',(#37890));
#37910=SURFACE_STYLE_FILL_AREA(#37900);
#37920=SURFACE_SIDE_STYLE('',(#37910));
#37930=SURFACE_STYLE_USAGE(.BOTH.,#37920);
#37940=PRESENTATION_STYLE_ASSIGNMENT((#37930));
#37950=CARTESIAN_POINT('',(9.13216962694996,-11.1999999912432,
107.089966257854));
#37960=DIRECTION('',(-0.999999999999478,-7.09075296037625E-10,
1.02209149916018E-6));
#37970=DIRECTION('',(-1.02209149916018E-6,-2.08298383337439E-13,
-0.999999999999478));
#37980=AXIS2_PLACEMENT_3D('',#37950,#37960,#37970);
#37990=PLANE('',#37980);
#38000=CARTESIAN_POINT('',(9.13217141905462,-37.8999999902449,
108.824813233713));
#38010=DIRECTION('',(7.09075296037016E-10,-1.,-9.58540780023758E-16));
#38020=VECTOR('',#38010,1.);
#38030=LINE('',#38000,#38020);
#38040=CARTESIAN_POINT('',(9.13217140012231,-11.1999999912428,
108.824813233713));
#38050=VERTEX_POINT('',#38040);
#38060=CARTESIAN_POINT('',(9.13217140409313,-16.7999999993861,
108.824813233713));
#38070=VERTEX_POINT('',#38060);
#38080=EDGE_CURVE('',#38050,#38070,#38030,.T.);
#38090=ORIENTED_EDGE('',*,*,#38080,.F.);
#38100=CARTESIAN_POINT('',(9.13217454702449,-16.7999999993879,
111.899813233549));
#38110=DIRECTION('',(-1.02209149916018E-6,5.76531543341136E-13,
-0.999999999999478));
#38120=VECTOR('',#38110,1.);
#38130=LINE('',#38100,#38120);
#38140=CARTESIAN_POINT('',(9.13216935991013,-16.799999999385,
106.824813233712));
#38150=VERTEX_POINT('',#38140);
#38160=EDGE_CURVE('',#38070,#38150,#38130,.T.);
#38170=ORIENTED_EDGE('',*,*,#38160,.F.);
#38180=CARTESIAN_POINT('',(9.13216937487162,-37.8999999902456,
106.824813233712));
#38190=DIRECTION('',(-7.09075296037016E-10,1.,9.58572126033071E-16));
#38200=VECTOR('',#38190,1.);
#38210=LINE('',#38180,#38200);
#38220=CARTESIAN_POINT('',(9.13216935593931,-11.1999999912432,
106.824813233712));
#38230=VERTEX_POINT('',#38220);
#38240=EDGE_CURVE('',#38150,#38230,#38210,.T.);
#38250=ORIENTED_EDGE('',*,*,#38240,.F.);
#38260=CARTESIAN_POINT('',(9.13217454305367,-11.1999999912422,
111.899813233547));
#38270=DIRECTION('',(-1.02209149916018E-6,-2.08298383337438E-13,
-0.999999999999478));
#38280=VECTOR('',#38270,1.);
#38290=LINE('',#38260,#38280);
#38300=EDGE_CURVE('',#38050,#38230,#38290,.T.);
#38310=ORIENTED_EDGE('',*,*,#38300,.T.);
#38320=EDGE_LOOP('',(#38310,#38250,#38170,#38090));
#38330=FACE_OUTER_BOUND('',#38320,.T.);
#38340=ADVANCED_FACE('',(#38330),#37990,.T.);
#38350=COLOUR_RGB('',0.560784339904785,0.588235318660736,
0.600000023841858);
#38360=FILL_AREA_STYLE_COLOUR('',#38350);
#38370=FILL_AREA_STYLE('',(#38360));
#38380=SURFACE_STYLE_FILL_AREA(#38370);
#38390=SURFACE_SIDE_STYLE('',(#38380));
#38400=SURFACE_STYLE_USAGE(.BOTH.,#38390);
#38410=PRESENTATION_STYLE_ASSIGNMENT((#38400));
#38420=CARTESIAN_POINT('',(8.78085376880919,-22.8999999972171,
108.824813592781));
#38430=DIRECTION('',(1.02206160401231E-6,-2.33822145590688E-16,
0.999999999999478));
#38440=DIRECTION('',(-0.999999999999478,3.40404028546324E-10,
1.02206160401231E-6));
#38450=AXIS2_PLACEMENT_3D('',#38420,#38430,#38440);
#38460=PLANE('',#38450);
#38470=CARTESIAN_POINT('',(7.88217142782497,-22.8999999969112,
108.82481451129));
#38480=DIRECTION('',(3.40404028546385E-10,1.,-1.14091741837741E-16));
#38490=VECTOR('',#38480,1.);
#38500=LINE('',#38470,#38490);
#38510=CARTESIAN_POINT('',(7.8821714318077,-11.1999999921292,
108.82481451129));
#38520=VERTEX_POINT('',#38510);
#38530=EDGE_CURVE('',#37570,#38520,#38500,.T.);
#38540=ORIENTED_EDGE('',*,*,#38530,.T.);
#38550=ORIENTED_EDGE('',*,*,#37600,.F.);
#38560=CARTESIAN_POINT('',(9.03216720919495,-37.8999999902687,
108.824813335923));
#38570=DIRECTION('',(6.95513259454266E-10,-1.,-9.44679543172502E-16));
#38580=VECTOR('',#38570,1.);
#38590=LINE('',#38560,#38580);
#38600=CARTESIAN_POINT('',(9.03216719451962,-16.7999999994095,
108.824813335923));
#38610=VERTEX_POINT('',#38600);
#38620=EDGE_CURVE('',#38610,#37590,#38590,.T.);
#38630=ORIENTED_EDGE('',*,*,#38620,.T.);
#38640=CARTESIAN_POINT('',(3.59209196609872,-16.8000000006819,
108.824818896015));
#38650=DIRECTION('',(-0.999999999999478,-2.33897992285949E-10,
1.02206160401231E-6));
#38660=VECTOR('',#38650,1.);
#38670=LINE('',#38640,#38660);
#38680=EDGE_CURVE('',#38070,#38610,#38670,.T.);
#38690=ORIENTED_EDGE('',*,*,#38680,.T.);
#38700=ORIENTED_EDGE('',*,*,#38080,.T.);
#38710=CARTESIAN_POINT('',(3.59209196476559,-11.1999999951712,
108.824818896015));
#38720=DIRECTION('',(-0.999999999999478,-7.09075296037632E-10,
1.02206160401231E-6));
#38730=VECTOR('',#38720,1.);
#38740=LINE('',#38710,#38730);
#38750=EDGE_CURVE('',#38050,#38520,#38740,.T.);
#38760=ORIENTED_EDGE('',*,*,#38750,.F.);
#38770=EDGE_LOOP('',(#38760,#38700,#38690,#38630,#38550,#38540));
#38780=FACE_OUTER_BOUND('',#38770,.T.);
#38790=ADVANCED_FACE('',(#38780),#38460,.F.);
#38800=COLOUR_RGB('',0.560784339904785,0.588235318660736,
0.600000023841858);
#38810=FILL_AREA_STYLE_COLOUR('',#38800);
#38820=FILL_AREA_STYLE('',(#38810));
#38830=SURFACE_STYLE_FILL_AREA(#38820);
#38840=SURFACE_SIDE_STYLE('',(#38830));
#38850=SURFACE_STYLE_USAGE(.BOTH.,#38840);
#38860=PRESENTATION_STYLE_ASSIGNMENT((#38850));
#38870=CARTESIAN_POINT('',(7.8821704057639,-22.8999999969112,
107.824814511324));
#38880=DIRECTION('',(3.40404028546385E-10,1.,-1.14091741837741E-16));
#38890=DIRECTION('',(-0.999999999999478,3.40404028546324E-10,
1.02209149916018E-6));
#38900=AXIS2_PLACEMENT_3D('',#38870,#38880,#38890);
#38910=CYLINDRICAL_SURFACE('',#38900,1.);
#38920=CARTESIAN_POINT('',(7.88216938367267,-22.8999999969112,
106.824814511327));
#38930=DIRECTION('',(3.40404028546385E-10,1.,-1.14091741837741E-16));
#38940=VECTOR('',#38930,1.);
#38950=LINE('',#38920,#38940);
#38960=CARTESIAN_POINT('',(7.88216938765539,-11.1999999921296,
106.824814511327));
#38970=VERTEX_POINT('',#38960);
#38980=EDGE_CURVE('',#37680,#38970,#38950,.T.);
#38990=ORIENTED_EDGE('',*,*,#38980,.T.);
#39000=ORIENTED_EDGE('',*,*,#37690,.F.);
#39010=ORIENTED_EDGE('',*,*,#38530,.F.);
#39020=CARTESIAN_POINT('',(7.88217040974663,-11.1999999921294,
107.824814511324));
#39030=DIRECTION('',(-7.09075296250155E-10,1.,-2.07573643504986E-13));
#39040=DIRECTION('',(0.999999999999478,7.0907529603763E-10,
-1.02206957679905E-6));
#39050=AXIS2_PLACEMENT_3D('',#39020,#39030,#39040);
#39060=CIRCLE('',#39050,1.);
#39070=EDGE_CURVE('',#38970,#38520,#39060,.T.);
#39080=ORIENTED_EDGE('',*,*,#39070,.T.);
#39090=EDGE_LOOP('',(#39080,#39010,#39000,#38990));
#39100=FACE_OUTER_BOUND('',#39090,.T.);
#39110=ADVANCED_FACE('',(#39100),#38910,.F.);
#39120=COLOUR_RGB('',0.560784339904785,0.588235318660736,
0.600000023841858);
#39130=FILL_AREA_STYLE_COLOUR('',#39120);
#39140=FILL_AREA_STYLE('',(#39130));
#39150=SURFACE_STYLE_FILL_AREA(#39140);
#39160=SURFACE_SIDE_STYLE('',(#39150));
#39170=SURFACE_STYLE_USAGE(.BOTH.,#39160);
#39180=PRESENTATION_STYLE_ASSIGNMENT((#39170));
#39190=CARTESIAN_POINT('',(7.88216938367267,-22.8999999969112,
106.824814511327));
#39200=DIRECTION('',(-1.02209147214486E-6,2.33832312823335E-16,
-0.999999999999478));
#39210=DIRECTION('',(0.999999999999478,-3.40404028546324E-10,
-1.02209147214486E-6));
#39220=AXIS2_PLACEMENT_3D('',#39190,#39200,#39210);
#39230=PLANE('',#39220);
#39240=ORIENTED_EDGE('',*,*,#38240,.T.);
#39250=CARTESIAN_POINT('',(3.59208992195957,-16.8000000006808,
106.82481889618));
#39260=DIRECTION('',(0.999999999999478,2.33897992285967E-10,
-1.02209147214486E-6));
#39270=VECTOR('',#39260,1.);
#39280=LINE('',#39250,#39270);
#39290=CARTESIAN_POINT('',(9.03216719452336,-16.7999999994084,
106.824813335924));
#39300=VERTEX_POINT('',#39290);
#39310=EDGE_CURVE('',#39300,#38150,#39280,.T.);
#39320=ORIENTED_EDGE('',*,*,#39310,.T.);
#39330=CARTESIAN_POINT('',(9.03216720919869,-37.8999999902694,
106.824813335924));
#39340=DIRECTION('',(-6.95513259454266E-10,1.,9.4471048407011E-16));
#39350=VECTOR('',#39340,1.);
#39360=LINE('',#39330,#39350);
#39370=EDGE_CURVE('',#37760,#39300,#39360,.T.);
#39380=ORIENTED_EDGE('',*,*,#39370,.T.);
#39390=ORIENTED_EDGE('',*,*,#37770,.F.);
#39400=ORIENTED_EDGE('',*,*,#38980,.F.);
#39410=CARTESIAN_POINT('',(3.59208992062644,-11.1999999951716,
106.82481889618));
#39420=DIRECTION('',(0.999999999999478,7.09075296037625E-10,
-1.02209147214486E-6));
#39430=VECTOR('',#39420,1.);
#39440=LINE('',#39410,#39430);
#39450=EDGE_CURVE('',#38970,#38230,#39440,.T.);
#39460=ORIENTED_EDGE('',*,*,#39450,.F.);
#39470=EDGE_LOOP('',(#39460,#39400,#39390,#39380,#39320,#39240));
#39480=FACE_OUTER_BOUND('',#39470,.T.);
#39490=ADVANCED_FACE('',(#39480),#39230,.F.);
#39500=COLOUR_RGB('',0.560784339904785,0.588235318660736,
0.600000023841858);
#39510=FILL_AREA_STYLE_COLOUR('',#39500);
#39520=FILL_AREA_STYLE('',(#39510));
#39530=SURFACE_STYLE_FILL_AREA(#39520);
#39540=SURFACE_SIDE_STYLE('',(#39530));
#39550=SURFACE_STYLE_USAGE(.BOTH.,#39540);
#39560=PRESENTATION_STYLE_ASSIGNMENT((#39550));
#39570=CARTESIAN_POINT('',(-29.5678327554712,-40.4000000122348,
104.74985278971));
#39580=DIRECTION('',(-2.17245505887725E-10,-1.,2.08520439479564E-13));
#39590=DIRECTION('',(-0.999999999999478,2.17245506100739E-10,
1.02209239417887E-6));
#39600=AXIS2_PLACEMENT_3D('',#39570,#39580,#39590);
#39610=PLANE('',#39600);
#39620=CARTESIAN_POINT('',(0.654464148422548,-40.4000000187991,
104.74982189973));
#39630=DIRECTION('',(-0.999999999999478,2.17245506100739E-10,
1.02209239417887E-6));
#39640=VECTOR('',#39630,1.);
#39650=LINE('',#39620,#39640);
#39660=EDGE_CURVE('',#15320,#17940,#39650,.T.);
#39670=ORIENTED_EDGE('',*,*,#39660,.F.);
#39680=ORIENTED_EDGE('',*,*,#17950,.T.);
#39690=ORIENTED_EDGE('',*,*,#10640,.T.);
#39700=ORIENTED_EDGE('',*,*,#15390,.T.);
#39710=EDGE_LOOP('',(#39700,#39690,#39680,#39670));
#39720=FACE_OUTER_BOUND('',#39710,.T.);
#39730=ADVANCED_FACE('',(#39720),#39610,.F.);
#39740=COLOUR_RGB('',0.560784339904785,0.588235318660736,
0.600000023841858);
#39750=FILL_AREA_STYLE_COLOUR('',#39740);
#39760=FILL_AREA_STYLE('',(#39750));
#39770=SURFACE_STYLE_FILL_AREA(#39760);
#39780=SURFACE_SIDE_STYLE('',(#39770));
#39790=SURFACE_STYLE_USAGE(.BOTH.,#39780);
#39800=PRESENTATION_STYLE_ASSIGNMENT((#39790));
#39810=CARTESIAN_POINT('',(-28.0721741773749,-41.4500000124859,
104.749851261009));
#39820=DIRECTION('',(1.02209239417887E-6,2.08298394500218E-13,
0.999999999999478));
#39830=DIRECTION('',(0.999999999999478,-2.17245506100688E-10,
-1.02209239417887E-6));
#39840=AXIS2_PLACEMENT_3D('',#39810,#39820,#39830);
#39850=PLANE('',#39840);
#39860=ORIENTED_EDGE('',*,*,#39660,.T.);
#39870=ORIENTED_EDGE('',*,*,#15330,.F.);
#39880=ORIENTED_EDGE('',*,*,#16890,.F.);
#39890=ORIENTED_EDGE('',*,*,#16100,.F.);
#39900=ORIENTED_EDGE('',*,*,#18020,.F.);
#39910=EDGE_LOOP('',(#39900,#39890,#39880,#39870,#39860));
#39920=FACE_OUTER_BOUND('',#39910,.T.);
#39930=ADVANCED_FACE('',(#39920),#39850,.T.);
#39940=COLOUR_RGB('',0.560784339904785,0.588235318660736,
0.600000023841858);
#39950=FILL_AREA_STYLE_COLOUR('',#39940);
#39960=FILL_AREA_STYLE('',(#39950));
#39970=SURFACE_STYLE_FILL_AREA(#39960);
#39980=SURFACE_SIDE_STYLE('',(#39970));
#39990=SURFACE_STYLE_USAGE(.BOTH.,#39980);
#40000=PRESENTATION_STYLE_ASSIGNMENT((#39990));
#40010=CARTESIAN_POINT('',(41.5780283073218,5.52791894207598,
111.899780073084));
#40020=DIRECTION('',(-3.47493493421976E-10,-1.,5.28066183136361E-13));
#40030=DIRECTION('',(-0.999999999999478,3.47493493961503E-10,
1.02204675941924E-6));
#40040=AXIS2_PLACEMENT_3D('',#40010,#40020,#40030);
#40050=PLANE('',#40040);
#40060=ORIENTED_EDGE('',*,*,#1110,.T.);
#40070=ORIENTED_EDGE('',*,*,#26790,.T.);
#40080=ORIENTED_EDGE('',*,*,#7170,.T.);
#40090=ORIENTED_EDGE('',*,*,#29490,.T.);
#40100=EDGE_LOOP('',(#40090,#40080,#40070,#40060));
#40110=FACE_OUTER_BOUND('',#40100,.T.);
#40120=ADVANCED_FACE('',(#40110),#40050,.F.);
#40130=COLOUR_RGB('',0.560784339904785,0.588235318660736,
0.600000023841858);
#40140=FILL_AREA_STYLE_COLOUR('',#40130);
#40150=FILL_AREA_STYLE('',(#40140));
#40160=SURFACE_STYLE_FILL_AREA(#40150);
#40170=SURFACE_SIDE_STYLE('',(#40160));
#40180=SURFACE_STYLE_USAGE(.BOTH.,#40170);
#40190=PRESENTATION_STYLE_ASSIGNMENT((#40180));
#40200=CARTESIAN_POINT('',(-29.4242694338069,-10.1155720170666,
104.549852641846));
#40210=DIRECTION('',(1.02208934014679E-6,-1.3731558328907E-12,
0.999999999999478));
#40220=DIRECTION('',(0.707106781355616,-0.70710678101711,
-7.2272727453726E-7));
#40230=AXIS2_PLACEMENT_3D('',#40200,#40210,#40220);
#40240=PLANE('',#40230);
#40250=CARTESIAN_POINT('',(-16.78408178076,-37.899999996416,
104.549839722406));
#40260=DIRECTION('',(0.173648177908266,-0.984807752969638,
-1.77485303870705E-7));
#40270=VECTOR('',#40260,1.);
#40280=LINE('',#40250,#40270);
#40290=CARTESIAN_POINT('',(-22.7746840903343,-3.92560607825367,
104.549845845384));
#40300=VERTEX_POINT('',#40290);
#40310=EDGE_CURVE('',#24230,#40300,#40280,.T.);
#40320=ORIENTED_EDGE('',*,*,#40310,.T.);
#40330=ORIENTED_EDGE('',*,*,#24460,.F.);
#40340=ORIENTED_EDGE('',*,*,#34820,.F.);
#40350=CARTESIAN_POINT('',(-56.7490780013355,-37.90000000593,
104.549880570203));
#40360=DIRECTION('',(0.707106781012833,0.707106781359893,
-7.2272533225206E-7));
#40370=VECTOR('',#40360,1.);
#40380=LINE('',#40350,#40370);
#40390=EDGE_CURVE('',#40300,#34750,#40380,.T.);
#40400=ORIENTED_EDGE('',*,*,#40390,.T.);
#40410=EDGE_LOOP('',(#40400,#40340,#40330,#40320));
#40420=FACE_OUTER_BOUND('',#40410,.T.);
#40430=ADVANCED_FACE('',(#40420),#40240,.T.);
#40440=COLOUR_RGB('',0.560784339904785,0.588235318660736,
0.600000023841858);
#40450=FILL_AREA_STYLE_COLOUR('',#40440);
#40460=FILL_AREA_STYLE('',(#40450));
#40470=SURFACE_STYLE_FILL_AREA(#40460);
#40480=SURFACE_SIDE_STYLE('',(#40470));
#40490=SURFACE_STYLE_USAGE(.BOTH.,#40480);
#40500=PRESENTATION_STYLE_ASSIGNMENT((#40490));
#40510=CARTESIAN_POINT('',(-22.3811320517403,-3.53205403946649,
104.549845443139));
#40520=DIRECTION('',(-0.707106781359523,0.707106781013202,
7.22727274541253E-7));
#40530=DIRECTION('',(0.707106781012833,0.707106781359893,
-7.22725332251303E-7));
#40540=AXIS2_PLACEMENT_3D('',#40510,#40520,#40530);
#40550=PLANE('',#40540);
#40560=ORIENTED_EDGE('',*,*,#40390,.F.);
#40570=ORIENTED_EDGE('',*,*,#34760,.T.);
#40580=ORIENTED_EDGE('',*,*,#8940,.T.);
#40590=CARTESIAN_POINT('',(-22.7746765779777,-3.92560607826376,
111.899845844566));
#40600=DIRECTION('',(1.02208934014679E-6,-1.37315583276824E-12,
0.999999999999478));
#40610=VECTOR('',#40600,1.);
#40620=LINE('',#40590,#40610);
#40630=EDGE_CURVE('',#8850,#40300,#40620,.T.);
#40640=ORIENTED_EDGE('',*,*,#40630,.F.);
#40650=EDGE_LOOP('',(#40640,#40580,#40570,#40560));
#40660=FACE_OUTER_BOUND('',#40650,.T.);
#40670=ADVANCED_FACE('',(#40660),#40550,.F.);
#40680=COLOUR_RGB('',0.560784339904785,0.588235318660736,
0.600000023841858);
#40690=FILL_AREA_STYLE_COLOUR('',#40680);
#40700=FILL_AREA_STYLE('',(#40690));
#40710=SURFACE_STYLE_FILL_AREA(#40700);
#40720=SURFACE_SIDE_STYLE('',(#40710));
#40730=SURFACE_STYLE_USAGE(.BOTH.,#40720);
#40740=PRESENTATION_STYLE_ASSIGNMENT((#40730));
#40750=CARTESIAN_POINT('',(36.6212097731688,11.1608392104502,
111.899785139181));
#40760=DIRECTION('',(-0.707106781431893,-0.707106780940833,
7.22696567674259E-7));
#40770=DIRECTION('',(-0.707106780940463,0.707106781432263,
7.22695820875901E-7));
#40780=AXIS2_PLACEMENT_3D('',#40750,#40760,#40770);
#40790=PLANE('',#40780);
#40800=ORIENTED_EDGE('',*,*,#460,.T.);
#40810=ORIENTED_EDGE('',*,*,#32620,.F.);
#40820=ORIENTED_EDGE('',*,*,#7820,.T.);
#40830=ORIENTED_EDGE('',*,*,#28490,.F.);
#40840=EDGE_LOOP('',(#40830,#40820,#40810,#40800));
#40850=FACE_OUTER_BOUND('',#40840,.T.);
#40860=ADVANCED_FACE('',(#40850),#40790,.F.);
#40870=COLOUR_RGB('',0.560784339904785,0.588235318660736,
0.600000023841858);
#40880=FILL_AREA_STYLE_COLOUR('',#40870);
#40890=FILL_AREA_STYLE('',(#40880));
#40900=SURFACE_STYLE_FILL_AREA(#40890);
#40910=SURFACE_SIDE_STYLE('',(#40900));
#40920=SURFACE_STYLE_USAGE(.BOTH.,#40910);
#40930=PRESENTATION_STYLE_ASSIGNMENT((#40920));
#40940=CARTESIAN_POINT('',(31.7821701988995,-20.3999999024343,
107.824856315056));
#40950=DIRECTION('',(-0.999999999999478,-2.3805887011058E-10,
1.02206957679905E-6));
#40960=DIRECTION('',(2.38058870486581E-10,-1.,3.67761125988826E-13));
#40970=AXIS2_PLACEMENT_3D('',#40940,#40950,#40960);
#40980=CYLINDRICAL_SURFACE('',#40970,5.6);
#40990=CARTESIAN_POINT('',(31.7821735450959,-15.8574923350496,
111.099856315093));
#41000=DIRECTION('',(-0.999999999999478,-2.3805887011058E-10,
1.02206957679905E-6));
#41010=VECTOR('',#41000,1.);
#41020=LINE('',#40990,#41010);
#41030=CARTESIAN_POINT('',(45.6821739341477,-15.8574923317136,
111.099842108411));
#41040=VERTEX_POINT('',#41030);
#41050=CARTESIAN_POINT('',(25.6568168942762,-15.8574923337874,
111.099862575474));
#41060=VERTEX_POINT('',#41050);
#41070=EDGE_CURVE('',#41040,#41060,#41020,.T.);
#41080=ORIENTED_EDGE('',*,*,#41070,.T.);
#41090=CARTESIAN_POINT('',(45.6821705863652,-20.3999998991253,
107.824842108289));
#41100=DIRECTION('',(-0.999999999999478,-2.3805887011058E-10,
1.02206957679905E-6));
#41110=DIRECTION('',(2.38058870486581E-10,-1.,3.67761125988826E-13));
#41120=AXIS2_PLACEMENT_3D('',#41090,#41100,#41110);
#41130=CIRCLE('',#41120,5.6);
#41140=CARTESIAN_POINT('',(45.6821672380059,-15.8574923316497,
104.549842108378));
#41150=VERTEX_POINT('',#41140);
#41160=EDGE_CURVE('',#41040,#41150,#41130,.T.);
#41170=ORIENTED_EDGE('',*,*,#41160,.F.);
#41180=CARTESIAN_POINT('',(31.7821668505402,-15.85749233493,
104.549856315185));
#41190=DIRECTION('',(-0.999999999999478,-2.3805887011058E-10,
1.02206957679905E-6));
#41200=VECTOR('',#41190,1.);
#41210=LINE('',#41180,#41200);
#41220=CARTESIAN_POINT('',(25.6568101998351,-15.8574923336864,
104.549862579473));
#41230=VERTEX_POINT('',#41220);
#41240=EDGE_CURVE('',#41150,#41230,#41210,.T.);
#41250=ORIENTED_EDGE('',*,*,#41240,.F.);
#41260=CARTESIAN_POINT('',(21.2701649751756,-20.3999999049368,
107.824867059057));
#41270=DIRECTION('',(0.71933980026718,-0.694658370532619,
-7.352134540847E-7));
#41280=DIRECTION('',(0.694658370532256,0.719339800267555,
-7.09991124422196E-7));
#41290=AXIS2_PLACEMENT_3D('',#41260,#41270,#41280);
#41300=ELLIPSE('',#41290,7.7849161122525,5.6);
#41310=EDGE_CURVE('',#41230,#41060,#41300,.T.);
#41320=ORIENTED_EDGE('',*,*,#41310,.F.);
#41330=EDGE_LOOP('',(#41320,#41250,#41170,#41080));
#41340=FACE_OUTER_BOUND('',#41330,.T.);
#41350=ADVANCED_FACE('',(#41340),#40980,.F.);
#41360=COLOUR_RGB('',0.560784339904785,0.588235318660736,
0.600000023841858);
#41370=FILL_AREA_STYLE_COLOUR('',#41360);
#41380=FILL_AREA_STYLE('',(#41370));
#41390=SURFACE_STYLE_FILL_AREA(#41380);
#41400=SURFACE_SIDE_STYLE('',(#41390));
#41410=SURFACE_STYLE_USAGE(.BOTH.,#41400);
#41420=PRESENTATION_STYLE_ASSIGNMENT((#41410));
#41430=CARTESIAN_POINT('',(-22.8313918481786,-3.60400040262093,
104.549845903345));
#41440=DIRECTION('',(0.984807752969124,0.173648177908357,
-1.00656126795817E-6));
#41450=DIRECTION('',(0.173648177908266,-0.984807752969638,
-1.77485303870555E-7));
#41460=AXIS2_PLACEMENT_3D('',#41430,#41440,#41450);
#41470=PLANE('',#41460);
#41480=ORIENTED_EDGE('',*,*,#40630,.T.);
#41490=ORIENTED_EDGE('',*,*,#8860,.T.);
#41500=ORIENTED_EDGE('',*,*,#24240,.F.);
#41510=ORIENTED_EDGE('',*,*,#40310,.F.);
#41520=EDGE_LOOP('',(#41510,#41500,#41490,#41480));
#41530=FACE_OUTER_BOUND('',#41520,.T.);
#41540=ADVANCED_FACE('',(#41530),#41470,.F.);
#41550=COLOUR_RGB('',0.560784339904785,0.588235318660736,
0.600000023841858);
#41560=FILL_AREA_STYLE_COLOUR('',#41550);
#41570=FILL_AREA_STYLE('',(#41560));
#41580=SURFACE_STYLE_FILL_AREA(#41570);
#41590=SURFACE_SIDE_STYLE('',(#41580));
#41600=SURFACE_STYLE_USAGE(.BOTH.,#41590);
#41610=PRESENTATION_STYLE_ASSIGNMENT((#41600));
#41620=CARTESIAN_POINT('',(28.2822046445343,13.2000000300753,
141.142530287909));
#41630=DIRECTION('',(0.996194698161945,0.0871557419393244,
-1.01817610269624E-6));
#41640=DIRECTION('',(-0.0871557419392789,0.996194698162466,
8.90862496449133E-8));
#41650=AXIS2_PLACEMENT_3D('',#41620,#41630,#41640);
#41660=PLANE('',#41650);
#41670=CARTESIAN_POINT('',(28.2909535108058,13.1000000300682,
141.142530278965));
#41680=DIRECTION('',(-1.02206530551357E-6,-7.362432293322E-13,
-0.999999999999478));
#41690=VECTOR('',#41680,1.);
#41700=LINE('',#41670,#41690);
#41710=CARTESIAN_POINT('',(28.2909184592225,13.1000000300429,
106.847673465981));
#41720=VERTEX_POINT('',#41710);
#41730=EDGE_CURVE('',#41720,#30640,#41700,.T.);
#41740=ORIENTED_EDGE('',*,*,#41730,.F.);
#41750=ORIENTED_EDGE('',*,*,#30650,.T.);
#41760=CARTESIAN_POINT('',(28.3696634194101,12.2000000282926,
111.899793571486));
#41770=DIRECTION('',(-1.02206606664035E-6,7.96347579514664E-12,
-0.999999999999478));
#41780=VECTOR('',#41770,1.);
#41790=LINE('',#41760,#41780);
#41800=CARTESIAN_POINT('',(28.3696582223122,12.2000000283331,
106.81489932149));
#41810=VERTEX_POINT('',#41800);
#41820=EDGE_CURVE('',#41810,#30540,#41790,.T.);
#41830=ORIENTED_EDGE('',*,*,#41820,.T.);
#41840=CARTESIAN_POINT('',(28.0943407144493,15.3468949112253,
106.929495752049));
#41850=DIRECTION('',(-0.0870984118762563,0.99553983605689,
0.0362532960219535));
#41860=VECTOR('',#41850,1.);
#41870=LINE('',#41840,#41860);
#41880=EDGE_CURVE('',#41810,#41720,#41870,.T.);
#41890=ORIENTED_EDGE('',*,*,#41880,.F.);
#41900=EDGE_LOOP('',(#41890,#41830,#41750,#41740));
#41910=FACE_OUTER_BOUND('',#41900,.T.);
#41920=ADVANCED_FACE('',(#41910),#41660,.T.);
#41930=COLOUR_RGB('',0.980392217636108,0.517647087574005,
0.168627455830574);
#41940=FILL_AREA_STYLE_COLOUR('',#41930);
#41950=FILL_AREA_STYLE('',(#41940));
#41960=SURFACE_STYLE_FILL_AREA(#41950);
#41970=SURFACE_SIDE_STYLE('',(#41960));
#41980=SURFACE_STYLE_USAGE(.BOTH.,#41970);
#41990=PRESENTATION_STYLE_ASSIGNMENT((#41980));
#42000=CARTESIAN_POINT('',(45.6821727221159,3.38465778731715,
109.911775878344));
#42010=DIRECTION('',(0.999999999999478,-1.16685565163826E-10,
-1.02206183645547E-6));
#42020=DIRECTION('',(-1.16685564787641E-10,-1.,3.6812423280146E-13));
#42030=AXIS2_PLACEMENT_3D('',#42000,#42010,#42020);
#42040=PLANE('',#42030);
#42050=ORIENTED_EDGE('',*,*,#33910,.F.);
#42060=CARTESIAN_POINT('',(45.6821672404911,-8.58703700396496,
104.549842108327));
#42070=DIRECTION('',(1.16685565162933E-10,1.,-9.3315704157376E-16));
#42080=VECTOR('',#42070,1.);
#42090=LINE('',#42060,#42080);
#42100=EDGE_CURVE('',#33810,#41150,#42090,.T.);
#42110=ORIENTED_EDGE('',*,*,#42100,.F.);
#42120=ORIENTED_EDGE('',*,*,#41160,.T.);
#42130=CARTESIAN_POINT('',(45.6821739349961,-8.58703700396391,
111.099842108264));
#42140=DIRECTION('',(-1.16685565163058E-10,-1.,8.10346170242998E-16));
#42150=VECTOR('',#42140,1.);
#42160=LINE('',#42130,#42150);
#42170=EDGE_CURVE('',#41040,#33900,#42160,.T.);
#42180=ORIENTED_EDGE('',*,*,#42170,.F.);
#42190=EDGE_LOOP('',(#42180,#42120,#42110,#42050));
#42200=FACE_BOUND('',#42190,.T.);
#42210=CARTESIAN_POINT('',(45.6821705880711,-5.19999995015344,
107.82477587848));
#42220=DIRECTION('',(0.999999999999478,4.68332512653937E-10,
-1.02204064687446E-6));
#42230=DIRECTION('',(1.02204064687446E-6,-6.17161614834667E-13,
0.999999999999478));
#42240=AXIS2_PLACEMENT_3D('',#42210,#42220,#42230);
#42250=CIRCLE('',#42240,5.6);
#42260=CARTESIAN_POINT('',(45.6821739373816,-9.74250751757391,
111.099775878467));
#42270=VERTEX_POINT('',#42260);
#42280=CARTESIAN_POINT('',(45.6821672430154,-9.74250751762522,
104.549775878564));
#42290=VERTEX_POINT('',#42280);
#42300=EDGE_CURVE('',#42270,#42290,#42250,.T.);
#42310=ORIENTED_EDGE('',*,*,#42300,.F.);
#42320=CARTESIAN_POINT('',(45.682167237003,-37.8999999815454,
104.549775878536));
#42330=DIRECTION('',(-1.16685565590143E-10,-1.,-4.17055753138713E-13));
#42340=VECTOR('',#42330,1.);
#42350=LINE('',#42320,#42340);
#42360=CARTESIAN_POINT('',(45.6821672387839,-0.457492358977319,
104.549775878572));
#42370=VERTEX_POINT('',#42360);
#42380=EDGE_CURVE('',#42370,#42290,#42350,.T.);
#42390=ORIENTED_EDGE('',*,*,#42380,.T.);
#42400=CARTESIAN_POINT('',(45.6821705880944,-4.9999999264326,
107.824775878511));
#42410=DIRECTION('',(-0.999999999999478,-4.68332512653937E-10,
1.02204064687446E-6));
#42420=DIRECTION('',(1.02204064687446E-6,-6.17161614834667E-13,
0.999999999999478));
#42430=AXIS2_PLACEMENT_3D('',#42400,#42410,#42420);
#42440=CIRCLE('',#42430,5.6);
#42450=CARTESIAN_POINT('',(45.6821739331502,-0.45749235900476,
111.099775878488));
#42460=VERTEX_POINT('',#42450);
#42470=EDGE_CURVE('',#42460,#42370,#42440,.T.);
#42480=ORIENTED_EDGE('',*,*,#42470,.T.);
#42490=CARTESIAN_POINT('',(45.682173931508,-37.899999981543,
111.099775878449));
#42500=DIRECTION('',(-1.16685565590269E-10,-1.,-4.17178562816138E-13));
#42510=VECTOR('',#42500,1.);
#42520=LINE('',#42490,#42510);
#42530=EDGE_CURVE('',#42460,#42270,#42520,.T.);
#42540=ORIENTED_EDGE('',*,*,#42530,.F.);
#42550=EDGE_LOOP('',(#42540,#42480,#42390,#42310));
#42560=FACE_BOUND('',#42550,.T.);
#42570=CARTESIAN_POINT('',(45.6821747499562,-31.054897942817,
111.899775876911));
#42580=DIRECTION('',(-1.02206183645547E-6,-8.85802034931022E-12,
-0.999999999999478));
#42590=VECTOR('',#42580,1.);
#42600=LINE('',#42570,#42590);
#42610=EDGE_CURVE('',#1510,#12300,#42600,.T.);
#42620=ORIENTED_EDGE('',*,*,#42610,.T.);
#42630=ORIENTED_EDGE('',*,*,#1520,.T.);
#42640=ORIENTED_EDGE('',*,*,#27950,.F.);
#42650=ORIENTED_EDGE('',*,*,#12390,.F.);
#42660=EDGE_LOOP('',(#42650,#42640,#42630,#42620));
#42670=FACE_OUTER_BOUND('',#42660,.T.);
#42680=ADVANCED_FACE('',(#42200,#42560,#42670),#42040,.T.);
#42690=COLOUR_RGB('',0.560784339904785,0.588235318660736,
0.600000023841858);
#42700=FILL_AREA_STYLE_COLOUR('',#42690);
#42710=FILL_AREA_STYLE('',(#42700));
#42720=SURFACE_STYLE_FILL_AREA(#42710);
#42730=SURFACE_SIDE_STYLE('',(#42720));
#42740=SURFACE_STYLE_USAGE(.BOTH.,#42730);
#42750=PRESENTATION_STYLE_ASSIGNMENT((#42740));
#42760=CARTESIAN_POINT('',(1.98217456956591,-2.19999999189391,
111.899820541341));
#42770=DIRECTION('',(2.38057825570793E-10,-1.,3.67761127056802E-13));
#42780=DIRECTION('',(-0.999999999999478,-2.38057825194792E-10,
1.02206957679905E-6));
#42790=AXIS2_PLACEMENT_3D('',#42760,#42770,#42780);
#42800=PLANE('',#42790);
#42810=CARTESIAN_POINT('',(7.88217040281963,-2.19999999049087,
107.824814511322));
#42820=DIRECTION('',(2.38057825570793E-10,-1.,3.67761127056803E-13));
#42830=DIRECTION('',(-0.999999999999478,-2.38057825194792E-10,
1.02206957679905E-6));
#42840=AXIS2_PLACEMENT_3D('',#42810,#42820,#42830);
#42850=CIRCLE('',#42840,2.7);
#42860=CARTESIAN_POINT('',(10.5821704028182,-2.19999998984812,
107.82481175167));
#42870=VERTEX_POINT('',#42860);
#42880=CARTESIAN_POINT('',(5.18217040282104,-2.19999999113363,
107.824817270974));
#42890=VERTEX_POINT('',#42880);
#42900=EDGE_CURVE('',#42870,#42890,#42850,.T.);
#42910=ORIENTED_EDGE('',*,*,#42900,.T.);
#42920=CARTESIAN_POINT('',(5.33658507005854,-2.1999999910972,
106.924817114863));
#42930=VERTEX_POINT('',#42920);
#42940=EDGE_CURVE('',#42930,#42870,#42850,.T.);
#42950=ORIENTED_EDGE('',*,*,#42940,.T.);
#42960=EDGE_CURVE('',#42890,#42930,#42850,.T.);
#42970=ORIENTED_EDGE('',*,*,#42960,.T.);
#42980=EDGE_LOOP('',(#42970,#42950,#42910));
#42990=FACE_BOUND('',#42980,.T.);
#43000=ORIENTED_EDGE('',*,*,#8220,.T.);
#43010=ORIENTED_EDGE('',*,*,#29790,.F.);
#43020=CARTESIAN_POINT('',(3.59208749106868,-2.1999999915134,
104.449818896803));
#43030=DIRECTION('',(0.999999999999478,2.38057825194792E-10,
-1.02206868178036E-6));
#43040=VECTOR('',#43030,1.);
#43050=LINE('',#43020,#43040);
#43060=CARTESIAN_POINT('',(10.7821670025366,-2.19999998980175,
104.449811548048));
#43070=VERTEX_POINT('',#43060);
#43080=EDGE_CURVE('',#43070,#29780,#43050,.T.);
#43090=ORIENTED_EDGE('',*,*,#43080,.T.);
#43100=CARTESIAN_POINT('',(10.7821670025827,-2.199999989799,
111.899811547137));
#43110=DIRECTION('',(6.18678185417878E-12,3.67761128529615E-13,1.));
#43120=VECTOR('',#43110,1.);
#43130=LINE('',#43100,#43120);
#43140=CARTESIAN_POINT('',(10.7821670025477,-2.19999998980109,
106.236160256586));
#43150=VERTEX_POINT('',#43140);
#43160=EDGE_CURVE('',#43070,#43150,#43130,.T.);
#43170=ORIENTED_EDGE('',*,*,#43160,.F.);
#43180=CARTESIAN_POINT('',(16.4458125045288,-2.19999998845073,
111.899805758497));
#43190=DIRECTION('',(0.707106781190922,1.68592349163471E-10,
0.707106781182173));
#43200=VECTOR('',#43190,1.);
#43210=LINE('',#43180,#43200);
#43220=CARTESIAN_POINT('',(11.470842137133,-2.19999998963689,
106.924835391163));
#43230=VERTEX_POINT('',#43220);
#43240=EDGE_CURVE('',#43150,#43230,#43210,.T.);
#43250=ORIENTED_EDGE('',*,*,#43240,.F.);
#43260=CARTESIAN_POINT('',(3.59209002070774,-2.19999999151249,
106.924835391212));
#43270=DIRECTION('',(1.,2.38057825570791E-10,-6.2222978941999E-12));
#43280=VECTOR('',#43270,1.);
#43290=LINE('',#43260,#43280);
#43300=CARTESIAN_POINT('',(12.0821670025519,-2.19999998949136,
106.924835391159));
#43310=VERTEX_POINT('',#43300);
#43320=EDGE_CURVE('',#43230,#43310,#43290,.T.);
#43330=ORIENTED_EDGE('',*,*,#43320,.F.);
#43340=CARTESIAN_POINT('',(12.0821670025827,-2.19999998948953,
111.899810218446));
#43350=DIRECTION('',(6.18678185417878E-12,3.67761128529615E-13,1.));
#43360=VECTOR('',#43350,1.);
#43370=LINE('',#43340,#43360);
#43380=CARTESIAN_POINT('',(12.0821670025631,-2.19999998949069,
108.72483539129));
#43390=VERTEX_POINT('',#43380);
#43400=EDGE_CURVE('',#43310,#43390,#43370,.T.);
#43410=ORIENTED_EDGE('',*,*,#43400,.F.);
#43420=CARTESIAN_POINT('',(3.59209186043298,-2.19999999151182,
108.724835391343));
#43430=DIRECTION('',(-1.,-2.38057825570791E-10,6.2222978941999E-12));
#43440=VECTOR('',#43430,1.);
#43450=LINE('',#43420,#43440);
#43460=CARTESIAN_POINT('',(11.4708421370114,-2.19999998963623,
108.724835391294));
#43470=VERTEX_POINT('',#43460);
#43480=EDGE_CURVE('',#43390,#43470,#43450,.T.);
#43490=ORIENTED_EDGE('',*,*,#43480,.F.);
#43500=CARTESIAN_POINT('',(3.59209991305571,-2.19999999150892,
116.603577615347));
#43510=DIRECTION('',(-0.707106781182173,-1.68072256387791E-10,
0.707106781190922));
#43520=VECTOR('',#43510,1.);
#43530=LINE('',#43500,#43520);
#43540=CARTESIAN_POINT('',(10.7821670025673,-2.19999998979992,
109.413510525746));
#43550=VERTEX_POINT('',#43540);
#43560=EDGE_CURVE('',#43470,#43550,#43530,.T.);
#43570=ORIENTED_EDGE('',*,*,#43560,.F.);
#43580=CARTESIAN_POINT('',(10.7821670025827,-2.199999989799,
111.899811547137));
#43590=DIRECTION('',(6.18678185417878E-12,3.67761128529615E-13,1.));
#43600=VECTOR('',#43590,1.);
#43610=LINE('',#43580,#43600);
#43620=EDGE_CURVE('',#43550,#27010,#43610,.T.);
#43630=ORIENTED_EDGE('',*,*,#43620,.F.);
#43640=ORIENTED_EDGE('',*,*,#27040,.F.);
#43650=CARTESIAN_POINT('',(17.0270331249179,-2.19999998831236,
111.899805164449));
#43660=DIRECTION('',(1.02204670129079E-6,3.68004433271952E-13,
0.999999999999478));
#43670=VECTOR('',#43660,1.);
#43680=LINE('',#43650,#43670);
#43690=EDGE_CURVE('',#27030,#110,#43680,.T.);
#43700=ORIENTED_EDGE('',*,*,#43690,.F.);
#43710=ORIENTED_EDGE('',*,*,#5430,.F.);
#43720=ORIENTED_EDGE('',*,*,#14770,.T.);
#43730=EDGE_LOOP('',(#43720,#43710,#43700,#43640,#43630,#43570,#43490,
#43410,#43330,#43250,#43170,#43090,#43010,#43000));
#43740=FACE_OUTER_BOUND('',#43730,.T.);
#43750=ADVANCED_FACE('',(#42990,#43740),#42800,.F.);
#43760=COLOUR_RGB('',0.560784339904785,0.588235318660736,
0.600000023841858);
#43770=FILL_AREA_STYLE_COLOUR('',#43760);
#43780=FILL_AREA_STYLE('',(#43770));
#43790=SURFACE_STYLE_FILL_AREA(#43780);
#43800=SURFACE_SIDE_STYLE('',(#43790));
#43810=SURFACE_STYLE_USAGE(.BOTH.,#43800);
#43820=PRESENTATION_STYLE_ASSIGNMENT((#43810));
#43830=CARTESIAN_POINT('',(0.154362896195302,-34.6469134821858,
104.549888640499));
#43840=DIRECTION('',(1.02205654500956E-6,8.13893173038757E-16,
0.999999999999478));
#43850=DIRECTION('',(0.999999999999478,-4.35246160151648E-10,
-1.02205654500956E-6));
#43860=AXIS2_PLACEMENT_3D('',#43830,#43840,#43850);
#43870=PLANE('',#43860);
#43880=ORIENTED_EDGE('',*,*,#41240,.T.);
#43890=ORIENTED_EDGE('',*,*,#42100,.T.);
#43900=ORIENTED_EDGE('',*,*,#33820,.T.);
#43910=CARTESIAN_POINT('',(3.59208759437048,-6.51474386095143,
104.54988512695));
#43920=DIRECTION('',(0.766044441735347,-0.64278761133501,
-7.82940734899938E-7));
#43930=VECTOR('',#43920,1.);
#43940=LINE('',#43910,#43930);
#43950=CARTESIAN_POINT('',(22.9821668374108,-22.7849522733981,
104.549865309192));
#43960=VERTEX_POINT('',#43950);
#43970=EDGE_CURVE('',#43960,#33710,#43940,.T.);
#43980=ORIENTED_EDGE('',*,*,#43970,.T.);
#43990=CARTESIAN_POINT('',(22.9821668307162,-37.8999999869493,
104.549865309192));
#44000=DIRECTION('',(4.4290606213183E-10,1.,-1.26656821266182E-15));
#44010=VECTOR('',#44000,1.);
#44020=LINE('',#43990,#44010);
#44030=CARTESIAN_POINT('',(22.9821668392523,-18.6271666115828,
104.549865309192));
#44040=VERTEX_POINT('',#44030);
#44050=EDGE_CURVE('',#43960,#44040,#44020,.T.);
#44060=ORIENTED_EDGE('',*,*,#44050,.F.);
#44070=CARTESIAN_POINT('',(4.37060798185277,-37.89999999138,
104.549884331258));
#44080=DIRECTION('',(-0.694658370532256,-0.719339800267555,
7.09980134768611E-7));
#44090=VECTOR('',#44080,1.);
#44100=LINE('',#44070,#44090);
#44110=EDGE_CURVE('',#41230,#44040,#44100,.T.);
#44120=ORIENTED_EDGE('',*,*,#44110,.T.);
#44130=EDGE_LOOP('',(#44120,#44060,#43980,#43900,#43890,#43880));
#44140=FACE_OUTER_BOUND('',#44130,.T.);
#44150=ADVANCED_FACE('',(#44140),#43870,.T.);
#44160=COLOUR_RGB('',0.560784339904785,0.588235318660736,
0.600000023841858);
#44170=FILL_AREA_STYLE_COLOUR('',#44160);
#44180=FILL_AREA_STYLE('',(#44170));
#44190=SURFACE_STYLE_FILL_AREA(#44180);
#44200=SURFACE_SIDE_STYLE('',(#44190));
#44210=SURFACE_STYLE_USAGE(.BOTH.,#44200);
#44220=PRESENTATION_STYLE_ASSIGNMENT((#44210));
#44230=CARTESIAN_POINT('',(21.9821678684909,-4.15987645808899,
105.54986633047));
#44240=DIRECTION('',(-0.70710750388781,3.13181304452761E-10,
-0.707106058484546));
#44250=DIRECTION('',(-4.42967103771335E-10,-1.,6.23083324940142E-14));
#44260=AXIS2_PLACEMENT_3D('',#44230,#44240,#44250);
#44270=PLANE('',#44260);
#44280=CARTESIAN_POINT('',(4.37062700411904,-37.8999999913731,
123.161443179843));
#44290=DIRECTION('',(0.570513752831643,0.590784889192617,
-0.570514918763412));
#44300=VECTOR('',#44290,1.);
#44310=LINE('',#44280,#44300);
#44320=CARTESIAN_POINT('',(21.9821678616214,-19.6626969248489,
105.549866330473));
#44330=VERTEX_POINT('',#44320);
#44340=EDGE_CURVE('',#44330,#44040,#44310,.T.);
#44350=ORIENTED_EDGE('',*,*,#44340,.F.);
#44360=ORIENTED_EDGE('',*,*,#44050,.T.);
#44370=CARTESIAN_POINT('',(-16.4615855269161,10.312387416652,
143.993698315586));
#44380=DIRECTION('',(-0.608119456423109,0.510274378448014,
0.608120699712775));
#44390=VECTOR('',#44380,1.);
#44400=LINE('',#44370,#44390);
#44410=CARTESIAN_POINT('',(21.9821678606097,-21.9458509242369,
105.549866330474));
#44420=VERTEX_POINT('',#44410);
#44430=EDGE_CURVE('',#43960,#44420,#44400,.T.);
#44440=ORIENTED_EDGE('',*,*,#44430,.F.);
#44450=CARTESIAN_POINT('',(21.9821678535402,-37.899999987187,
105.549866330477));
#44460=DIRECTION('',(4.43114471325298E-10,1.,-2.09676187692165E-13));
#44470=VECTOR('',#44460,1.);
#44480=LINE('',#44450,#44470);
#44490=EDGE_CURVE('',#44420,#44330,#44480,.T.);
#44500=ORIENTED_EDGE('',*,*,#44490,.F.);
#44510=EDGE_LOOP('',(#44500,#44440,#44360,#44350));
#44520=FACE_OUTER_BOUND('',#44510,.T.);
#44530=ADVANCED_FACE('',(#44520),#44270,.F.);
#44540=COLOUR_RGB('',0.560784339904785,0.588235318660736,
0.600000023841858);
#44550=FILL_AREA_STYLE_COLOUR('',#44540);
#44560=FILL_AREA_STYLE('',(#44550));
#44570=SURFACE_STYLE_FILL_AREA(#44560);
#44580=SURFACE_SIDE_STYLE('',(#44570));
#44590=SURFACE_STYLE_USAGE(.BOTH.,#44580);
#44600=PRESENTATION_STYLE_ASSIGNMENT((#44590));
#44610=CARTESIAN_POINT('',(29.478710372436,-11.899802315614,
107.824792440038));
#44620=DIRECTION('',(-0.71933980026718,0.694658370532619,
7.352134540847E-7));
#44630=DIRECTION('',(0.694658370532256,0.719339800267556,
-7.09987567199578E-7));
#44640=AXIS2_PLACEMENT_3D('',#44610,#44620,#44630);
#44650=PLANE('',#44640);
#44660=ORIENTED_EDGE('',*,*,#41310,.T.);
#44670=ORIENTED_EDGE('',*,*,#44110,.F.);
#44680=ORIENTED_EDGE('',*,*,#44340,.T.);
#44690=CARTESIAN_POINT('',(4.3706090039201,-37.8999999913796,
105.549884330449));
#44700=DIRECTION('',(0.694658370532256,0.719339800267555,
-7.09978828646733E-7));
#44710=VECTOR('',#44700,1.);
#44720=LINE('',#44690,#44710);
#44730=CARTESIAN_POINT('',(23.3946779259172,-18.1999999350351,
105.549864886811));
#44740=VERTEX_POINT('',#44730);
#44750=EDGE_CURVE('',#44330,#44740,#44720,.T.);
#44760=ORIENTED_EDGE('',*,*,#44750,.F.);
#44770=CARTESIAN_POINT('',(23.3946844159761,-18.1999999350338,
111.899798656272));
#44780=DIRECTION('',(1.02206717763976E-6,2.09223286264613E-13,
0.999999999999478));
#44790=VECTOR('',#44780,1.);
#44800=LINE('',#44770,#44790);
#44810=CARTESIAN_POINT('',(23.3946825763229,-18.1999999350342,
110.099864887474));
#44820=VERTEX_POINT('',#44810);
#44830=EDGE_CURVE('',#44740,#44820,#44800,.T.);
#44840=ORIENTED_EDGE('',*,*,#44830,.F.);
#44850=CARTESIAN_POINT('',(4.37061365432645,-37.8999999913779,
110.099884331164));
#44860=DIRECTION('',(-0.694658370532256,-0.719339800267555,
7.09980690046657E-7));
#44870=VECTOR('',#44860,1.);
#44880=LINE('',#44850,#44870);
#44890=CARTESIAN_POINT('',(21.9821725120464,-19.6626969248279,
110.099866331141));
#44900=VERTEX_POINT('',#44890);
#44910=EDGE_CURVE('',#44820,#44900,#44880,.T.);
#44920=ORIENTED_EDGE('',*,*,#44910,.F.);
#44930=CARTESIAN_POINT('',(4.3705956541275,-37.8999999913844,
92.4883254813492));
#44940=DIRECTION('',(-0.570514919031178,-0.590784889184137,
-0.570513752572658));
#44950=VECTOR('',#44940,1.);
#44960=LINE('',#44930,#44950);
#44970=CARTESIAN_POINT('',(22.982173534592,-18.6271666107532,
111.099865309113));
#44980=VERTEX_POINT('',#44970);
#44990=EDGE_CURVE('',#44980,#44900,#44960,.T.);
#45000=ORIENTED_EDGE('',*,*,#44990,.T.);
#45010=CARTESIAN_POINT('',(4.37061467639378,-37.8999999913776,
111.099884331193));
#45020=DIRECTION('',(-0.694658370532256,-0.719339800267555,
7.09980690046657E-7));
#45030=VECTOR('',#45020,1.);
#45040=LINE('',#45010,#45030);
#45050=EDGE_CURVE('',#41060,#44980,#45040,.T.);
#45060=ORIENTED_EDGE('',*,*,#45050,.T.);
#45070=EDGE_LOOP('',(#45060,#45000,#44920,#44840,#44760,#44680,#44670,
#44660));
#45080=FACE_OUTER_BOUND('',#45070,.T.);
#45090=ADVANCED_FACE('',(#45080),#44650,.F.);
#45100=COLOUR_RGB('',0.560784339904785,0.588235318660736,
0.600000023841858);
#45110=FILL_AREA_STYLE_COLOUR('',#45100);
#45120=FILL_AREA_STYLE('',(#45110));
#45130=SURFACE_STYLE_FILL_AREA(#45120);
#45140=SURFACE_SIDE_STYLE('',(#45130));
#45150=SURFACE_STYLE_USAGE(.BOTH.,#45140);
#45160=PRESENTATION_STYLE_ASSIGNMENT((#45150));
#45170=CARTESIAN_POINT('',(-24.9807407725492,-21.4863332023254,
111.099914329962));
#45180=DIRECTION('',(1.02205734446072E-6,6.91082492020162E-16,
0.999999999999478));
#45190=DIRECTION('',(0.999999999999478,-5.50765294381269E-10,
-1.02205734446073E-6));
#45200=AXIS2_PLACEMENT_3D('',#45170,#45180,#45190);
#45210=PLANE('',#45200);
#45220=ORIENTED_EDGE('',*,*,#45050,.F.);
#45230=CARTESIAN_POINT('',(22.9821735260519,-37.8999999869469,
111.099865309113));
#45240=DIRECTION('',(-4.43114471538433E-10,-1.,1.14397089204509E-15));
#45250=VECTOR('',#45240,1.);
#45260=LINE('',#45230,#45250);
#45270=CARTESIAN_POINT('',(22.9821735327496,-22.7849410390756,
111.099865309113));
#45280=VERTEX_POINT('',#45270);
#45290=EDGE_CURVE('',#44980,#45280,#45260,.T.);
#45300=ORIENTED_EDGE('',*,*,#45290,.F.);
#45310=CARTESIAN_POINT('',(3.59209428892621,-6.51473262597179,
111.099885126886));
#45320=DIRECTION('',(0.766044441735347,-0.64278761133501,
-7.82941347382226E-7));
#45330=VECTOR('',#45320,1.);
#45340=LINE('',#45310,#45330);
#45350=EDGE_CURVE('',#45280,#33730,#45340,.T.);
#45360=ORIENTED_EDGE('',*,*,#45350,.F.);
#45370=ORIENTED_EDGE('',*,*,#33970,.F.);
#45380=ORIENTED_EDGE('',*,*,#42170,.T.);
#45390=ORIENTED_EDGE('',*,*,#41070,.F.);
#45400=EDGE_LOOP('',(#45390,#45380,#45370,#45360,#45300,#45220));
#45410=FACE_OUTER_BOUND('',#45400,.T.);
#45420=ADVANCED_FACE('',(#45410),#45210,.F.);
#45430=COLOUR_RGB('',0.560784339904785,0.588235318660736,
0.600000023841858);
#45440=FILL_AREA_STYLE_COLOUR('',#45430);
#45450=FILL_AREA_STYLE('',(#45440));
#45460=SURFACE_STYLE_FILL_AREA(#45450);
#45470=SURFACE_SIDE_STYLE('',(#45460));
#45480=SURFACE_STYLE_USAGE(.BOTH.,#45470);
#45490=PRESENTATION_STYLE_ASSIGNMENT((#45480));
#45500=CARTESIAN_POINT('',(-0.890029129308801,-34.6469135499418,
104.449823477839));
#45510=DIRECTION('',(-1.02206868178036E-6,-1.59595567167346E-13,
-0.999999999999478));
#45520=DIRECTION('',(-0.999999999999478,-6.47126722031512E-12,
1.02206868178036E-6));
#45530=AXIS2_PLACEMENT_3D('',#45500,#45510,#45520);
#45540=PLANE('',#45530);
#45550=CARTESIAN_POINT('',(3.59208749109248,-2.29999999958643,
104.449818896803));
#45560=DIRECTION('',(-0.999999999999478,-3.48637434923428E-10,
1.02206868178036E-6));
#45570=VECTOR('',#45560,1.);
#45580=LINE('',#45550,#45570);
#45590=CARTESIAN_POINT('',(10.7821670025715,-2.2999999970797,
104.449811548048));
#45600=VERTEX_POINT('',#45590);
#45610=EDGE_CURVE('',#25260,#45600,#45580,.T.);
#45620=ORIENTED_EDGE('',*,*,#45610,.F.);
#45630=CARTESIAN_POINT('',(10.782167014983,-37.8999999898537,
104.449811548053));
#45640=DIRECTION('',(-3.48637443389128E-10,1.,-1.5923923575525E-13));
#45650=VECTOR('',#45640,1.);
#45660=LINE('',#45630,#45650);
#45670=EDGE_CURVE('',#45600,#43070,#45660,.T.);
#45680=ORIENTED_EDGE('',*,*,#45670,.F.);
#45690=ORIENTED_EDGE('',*,*,#43080,.F.);
#45700=ORIENTED_EDGE('',*,*,#29940,.F.);
#45710=CARTESIAN_POINT('',(3.59208748740259,13.2000000500839,
104.4498188968));
#45720=DIRECTION('',(0.999999999999478,-8.11421499389157E-10,
-1.02206868178036E-6));
#45730=VECTOR('',#45720,1.);
#45740=LINE('',#45710,#45730);
#45750=CARTESIAN_POINT('',(23.4821671406841,13.2000000339446,
104.449798567773));
#45760=VERTEX_POINT('',#45750);
#45770=EDGE_CURVE('',#29870,#45760,#45740,.T.);
#45780=ORIENTED_EDGE('',*,*,#45770,.F.);
#45790=CARTESIAN_POINT('',(23.4821671347215,-37.8999999868304,
104.449798567781));
#45800=DIRECTION('',(1.16685781796436E-10,1.,-1.59714828050617E-13));
#45810=VECTOR('',#45800,1.);
#45820=LINE('',#45790,#45810);
#45830=EDGE_CURVE('',#25340,#45760,#45820,.T.);
#45840=ORIENTED_EDGE('',*,*,#45830,.T.);
#45850=ORIENTED_EDGE('',*,*,#25350,.T.);
#45860=EDGE_LOOP('',(#45850,#45840,#45780,#45700,#45690,#45680,#45620));
#45870=FACE_OUTER_BOUND('',#45860,.T.);
#45880=ADVANCED_FACE('',(#45870),#45540,.F.);
#45890=COLOUR_RGB('',0.560784339904785,0.588235318660736,
0.600000023841858);
#45900=FILL_AREA_STYLE_COLOUR('',#45890);
#45910=FILL_AREA_STYLE('',(#45900));
#45920=SURFACE_STYLE_FILL_AREA(#45910);
#45930=SURFACE_SIDE_STYLE('',(#45920));
#45940=SURFACE_STYLE_USAGE(.BOTH.,#45930);
#45950=PRESENTATION_STYLE_ASSIGNMENT((#45940));
#45960=CARTESIAN_POINT('',(24.018596123511,-23.654611282842,
107.824815933642));
#45970=DIRECTION('',(-0.642787611332776,-0.766044441735086,
1.97094216663262E-6));
#45980=DIRECTION('',(-0.766044441731485,0.642787611335798,
2.34887740027791E-6));
#45990=AXIS2_PLACEMENT_3D('',#45960,#45970,#45980);
#46000=PLANE('',#45990);
#46010=ORIENTED_EDGE('',*,*,#45350,.T.);
#46020=CARTESIAN_POINT('',(67.6823282383689,-60.292709521948,
155.799928659203));
#46030=DIRECTION('',(0.608121346849579,-0.510272835459767,
0.608120104007181));
#46040=VECTOR('',#46030,1.);
#46050=LINE('',#46020,#46040);
#46060=CARTESIAN_POINT('',(21.9821725110347,-21.9458431197925,
110.099866331141));
#46070=VERTEX_POINT('',#46060);
#46080=EDGE_CURVE('',#46070,#45280,#46050,.T.);
#46090=ORIENTED_EDGE('',*,*,#46080,.T.);
#46100=CARTESIAN_POINT('',(-16.4616548108462,10.312358348034,
110.099905622937));
#46110=DIRECTION('',(0.766044441735347,-0.64278761133501,
-7.82941347387075E-7));
#46120=VECTOR('',#46110,1.);
#46130=LINE('',#46100,#46120);
#46140=CARTESIAN_POINT('',(23.4768183775464,-23.1999999206047,
110.099864803527));
#46150=VERTEX_POINT('',#46140);
#46160=EDGE_CURVE('',#46070,#46150,#46130,.T.);
#46170=ORIENTED_EDGE('',*,*,#46160,.F.);
#46180=CARTESIAN_POINT('',(23.4769585052529,-23.1999999205952,
155.800019021523));
#46190=DIRECTION('',(-3.06624143434921E-6,-2.07910179244815E-13,
-0.999999999995299));
#46200=VECTOR('',#46190,1.);
#46210=LINE('',#46180,#46200);
#46220=CARTESIAN_POINT('',(23.4768044261479,-23.1999999206056,
105.549864802874));
#46230=VERTEX_POINT('',#46220);
#46240=EDGE_CURVE('',#46150,#46230,#46210,.T.);
#46250=ORIENTED_EDGE('',*,*,#46240,.F.);
#46260=CARTESIAN_POINT('',(-16.4616641117198,10.3123544457792,
105.549905622157));
#46270=DIRECTION('',(-0.766044441735347,0.64278761133501,
7.82938995407353E-7));
#46280=VECTOR('',#46270,1.);
#46290=LINE('',#46260,#46280);
#46300=EDGE_CURVE('',#46230,#44420,#46290,.T.);
#46310=ORIENTED_EDGE('',*,*,#46300,.F.);
#46320=ORIENTED_EDGE('',*,*,#44430,.T.);
#46330=ORIENTED_EDGE('',*,*,#43970,.F.);
#46340=ORIENTED_EDGE('',*,*,#33740,.F.);
#46350=EDGE_LOOP('',(#46340,#46330,#46320,#46310,#46250,#46170,#46090,
#46010));
#46360=FACE_OUTER_BOUND('',#46350,.T.);
#46370=ADVANCED_FACE('',(#46360),#46000,.F.);
#46380=COLOUR_RGB('',0.560784339904785,0.588235318660736,
0.600000023841858);
#46390=FILL_AREA_STYLE_COLOUR('',#46380);
#46400=FILL_AREA_STYLE('',(#46390));
#46410=SURFACE_STYLE_FILL_AREA(#46400);
#46420=SURFACE_SIDE_STYLE('',(#46410));
#46430=SURFACE_STYLE_USAGE(.BOTH.,#46420);
#46440=PRESENTATION_STYLE_ASSIGNMENT((#46430));
#46450=CARTESIAN_POINT('',(-25.980741794606,-21.4863332018888,
110.09991535199));
#46460=DIRECTION('',(1.02205734446072E-6,6.91082492020162E-16,
0.999999999999478));
#46470=DIRECTION('',(0.999999999999478,-5.50765294381269E-10,
-1.02205734446073E-6));
#46480=AXIS2_PLACEMENT_3D('',#46450,#46460,#46470);
#46490=PLANE('',#46480);
#46500=ORIENTED_EDGE('',*,*,#44910,.T.);
#46510=CARTESIAN_POINT('',(3.5920932696384,-18.1999999127704,
110.099885126856));
#46520=DIRECTION('',(0.999999999999478,-1.12428815259826E-9,
-1.02205734446072E-6));
#46530=VECTOR('',#46520,1.);
#46540=LINE('',#46510,#46530);
#46550=CARTESIAN_POINT('',(22.3321671915656,-18.1999999338396,
110.099865973426));
#46560=VERTEX_POINT('',#46550);
#46570=EDGE_CURVE('',#46560,#44820,#46540,.T.);
#46580=ORIENTED_EDGE('',*,*,#46570,.T.);
#46590=CARTESIAN_POINT('',(-16.4616548005841,-18.1999998902242,
110.099905622937));
#46600=DIRECTION('',(0.999999999999478,-1.1242881525983E-9,
-1.02205734446072E-6));
#46610=VECTOR('',#46600,1.);
#46620=LINE('',#46590,#46610);
#46630=CARTESIAN_POINT('',(10.4321780255076,-18.1999999204606,
110.099878135897));
#46640=VERTEX_POINT('',#46630);
#46650=EDGE_CURVE('',#46640,#46560,#46620,.T.);
#46660=ORIENTED_EDGE('',*,*,#46650,.T.);
#46670=CARTESIAN_POINT('',(10.4321779977851,-42.8578186946028,
110.099878135898));
#46680=DIRECTION('',(-1.12428784153929E-9,-1.,1.8401691377478E-15));
#46690=VECTOR('',#46680,1.);
#46700=LINE('',#46670,#46690);
#46710=CARTESIAN_POINT('',(10.4321780198862,-23.1999999118609,
110.099878135897));
#46720=VERTEX_POINT('',#46710);
#46730=EDGE_CURVE('',#46640,#46720,#46700,.T.);
#46740=ORIENTED_EDGE('',*,*,#46730,.F.);
#46750=CARTESIAN_POINT('',(-16.4616548252154,-23.1999998938341,
110.099905622937));
#46760=DIRECTION('',(0.999999999999478,-6.70295279950292E-10,
-1.02205734446072E-6));
#46770=VECTOR('',#46760,1.);
#46780=LINE('',#46750,#46770);
#46790=EDGE_CURVE('',#46720,#46150,#46780,.T.);
#46800=ORIENTED_EDGE('',*,*,#46790,.F.);
#46810=ORIENTED_EDGE('',*,*,#46160,.T.);
#46820=CARTESIAN_POINT('',(21.9821725039652,-37.8999999871854,
110.099866331141));
#46830=DIRECTION('',(4.43114471538433E-10,1.,-1.14397089204509E-15));
#46840=VECTOR('',#46830,1.);
#46850=LINE('',#46820,#46840);
#46860=EDGE_CURVE('',#46070,#44900,#46850,.T.);
#46870=ORIENTED_EDGE('',*,*,#46860,.F.);
#46880=EDGE_LOOP('',(#46870,#46810,#46800,#46740,#46660,#46580,#46500));
#46890=FACE_OUTER_BOUND('',#46880,.T.);
#46900=ADVANCED_FACE('',(#46890),#46490,.F.);
#46910=COLOUR_RGB('',0.560784339904785,0.588235318660736,
0.600000023841858);
#46920=FILL_AREA_STYLE_COLOUR('',#46910);
#46930=FILL_AREA_STYLE('',(#46920));
#46940=SURFACE_STYLE_FILL_AREA(#46930);
#46950=SURFACE_SIDE_STYLE('',(#46940));
#46960=SURFACE_STYLE_USAGE(.BOTH.,#46950);
#46970=PRESENTATION_STYLE_ASSIGNMENT((#46960));
#46980=CARTESIAN_POINT('',(28.2821727036647,-23.1999999238257,
110.099859892224));
#46990=DIRECTION('',(-6.70295279736014E-10,-1.,2.09965466343924E-13));
#47000=DIRECTION('',(1.02205025713658E-6,2.09280390880803E-13,
0.999999999999478));
#47010=AXIS2_PLACEMENT_3D('',#46980,#46990,#47000);
#47020=PLANE('',#47010);
#47030=ORIENTED_EDGE('',*,*,#46240,.T.);
#47040=ORIENTED_EDGE('',*,*,#46790,.T.);
#47050=CARTESIAN_POINT('',(10.4322714378797,-23.1999999143617,
155.800045686799));
#47060=DIRECTION('',(2.04414991418499E-6,2.08827478917411E-13,
0.999999999997911));
#47070=VECTOR('',#47060,1.);
#47080=LINE('',#47050,#47070);
#47090=CARTESIAN_POINT('',(10.432168719004,-23.1999999118619,
105.549878135202));
#47100=VERTEX_POINT('',#47090);
#47110=EDGE_CURVE('',#47100,#46720,#47080,.T.);
#47120=ORIENTED_EDGE('',*,*,#47110,.T.);
#47130=CARTESIAN_POINT('',(-16.461664126089,-23.1999998938351,
105.549905622164));
#47140=DIRECTION('',(0.999999999999478,-6.70295279950292E-10,
-1.0220544490519E-6));
#47150=VECTOR('',#47140,1.);
#47160=LINE('',#47130,#47150);
#47170=EDGE_CURVE('',#47100,#46230,#47160,.T.);
#47180=ORIENTED_EDGE('',*,*,#47170,.F.);
#47190=EDGE_LOOP('',(#47180,#47120,#47040,#47030));
#47200=FACE_OUTER_BOUND('',#47190,.T.);
#47210=ADVANCED_FACE('',(#47200),#47020,.F.);
#47220=COLOUR_RGB('',0.560784339904785,0.588235318660736,
0.600000023841858);
#47230=FILL_AREA_STYLE_COLOUR('',#47220);
#47240=FILL_AREA_STYLE('',(#47230));
#47250=SURFACE_STYLE_FILL_AREA(#47240);
#47260=SURFACE_SIDE_STYLE('',(#47250));
#47270=SURFACE_STYLE_USAGE(.BOTH.,#47260);
#47280=PRESENTATION_STYLE_ASSIGNMENT((#47270));
#47290=CARTESIAN_POINT('',(10.432168372292,-16.4016462254959,
105.376527167589));
#47300=DIRECTION('',(-0.999999999997911,1.1242878415407E-9,
2.04414991418499E-6));
#47310=DIRECTION('',(2.04414991418499E-6,-5.762839418367E-13,
0.999999999997911));
#47320=AXIS2_PLACEMENT_3D('',#47290,#47300,#47310);
#47330=PLANE('',#47320);
#47340=CARTESIAN_POINT('',(10.432181704842,-18.2000000028131,
111.899811904852));
#47350=DIRECTION('',(-2.04414991418499E-6,-5.78192343876605E-13,
-0.999999999997911));
#47360=VECTOR('',#47350,1.);
#47370=LINE('',#47340,#47360);
#47380=CARTESIAN_POINT('',(10.4321687246255,-18.1999999204616,
105.549878135201));
#47390=VERTEX_POINT('',#47380);
#47400=EDGE_CURVE('',#46640,#47390,#47370,.T.);
#47410=ORIENTED_EDGE('',*,*,#47400,.F.);
#47420=CARTESIAN_POINT('',(10.432168696903,-42.8578186946019,
105.54987813541));
#47430=DIRECTION('',(-1.12428784111302E-9,-1.,2.10372395543758E-13));
#47440=VECTOR('',#47430,1.);
#47450=LINE('',#47420,#47440);
#47460=EDGE_CURVE('',#47390,#47100,#47450,.T.);
#47470=ORIENTED_EDGE('',*,*,#47460,.F.);
#47480=ORIENTED_EDGE('',*,*,#47110,.F.);
#47490=ORIENTED_EDGE('',*,*,#46730,.T.);
#47500=EDGE_LOOP('',(#47490,#47480,#47470,#47410));
#47510=FACE_OUTER_BOUND('',#47500,.T.);
#47520=ADVANCED_FACE('',(#47510),#47330,.F.);
#47530=COLOUR_RGB('',0.823529481887817,0.823529481887817,
0.784313797950745);
#47540=FILL_AREA_STYLE_COLOUR('',#47530);
#47550=FILL_AREA_STYLE('',(#47540));
#47560=SURFACE_STYLE_FILL_AREA(#47550);
#47570=SURFACE_SIDE_STYLE('',(#47560));
#47580=SURFACE_STYLE_USAGE(.BOTH.,#47570);
#47590=PRESENTATION_STYLE_ASSIGNMENT((#47580));
#47600=CARTESIAN_POINT('',(21.982172518916,-4.15987645808899,
110.099866331141));
#47610=DIRECTION('',(-0.707106058482499,3.13329736336499E-10,
0.707107503889857));
#47620=DIRECTION('',(-4.43114384698329E-10,-1.,1.23081081819904E-15));
#47630=AXIS2_PLACEMENT_3D('',#47600,#47610,#47620);
#47640=PLANE('',#47630);
#47650=ORIENTED_EDGE('',*,*,#46860,.T.);
#47660=ORIENTED_EDGE('',*,*,#46080,.F.);
#47670=ORIENTED_EDGE('',*,*,#45290,.T.);
#47680=ORIENTED_EDGE('',*,*,#44990,.F.);
#47690=EDGE_LOOP('',(#47680,#47670,#47660,#47650));
#47700=FACE_OUTER_BOUND('',#47690,.T.);
#47710=ADVANCED_FACE('',(#47700),#47640,.F.);
#47720=COLOUR_RGB('',0.560784339904785,0.588235318660736,
0.600000023841858);
#47730=FILL_AREA_STYLE_COLOUR('',#47720);
#47740=FILL_AREA_STYLE('',(#47730));
#47750=SURFACE_STYLE_FILL_AREA(#47740);
#47760=SURFACE_SIDE_STYLE('',(#47750));
#47770=SURFACE_STYLE_USAGE(.BOTH.,#47760);
#47780=PRESENTATION_STYLE_ASSIGNMENT((#47770));
#47790=CARTESIAN_POINT('',(10.4321675236663,-18.1999999204616,
105.549878135202));
#47800=DIRECTION('',(1.12428815238383E-9,1.,-2.10372384283484E-13));
#47810=DIRECTION('',(0.999999999999478,-1.12428815259826E-9,
-1.0220544490519E-6));
#47820=AXIS2_PLACEMENT_3D('',#47790,#47800,#47810);
#47830=PLANE('',#47820);
#47840=CARTESIAN_POINT('',(3.59208861922183,-18.1999999127713,
105.549885126135));
#47850=DIRECTION('',(0.999999999999478,-1.12428815259826E-9,
-1.0220544490519E-6));
#47860=VECTOR('',#47850,1.);
#47870=LINE('',#47840,#47860);
#47880=CARTESIAN_POINT('',(22.3321671915741,-18.1999999338406,
105.549865972755));
#47890=VERTEX_POINT('',#47880);
#47900=EDGE_CURVE('',#47890,#44740,#47870,.T.);
#47910=ORIENTED_EDGE('',*,*,#47900,.T.);
#47920=CARTESIAN_POINT('',(22.3321671915622,-18.1999999338392,
111.899799742239));
#47930=DIRECTION('',(-1.87069718414395E-12,2.10372386411799E-13,1.));
#47940=VECTOR('',#47930,1.);
#47950=LINE('',#47920,#47940);
#47960=EDGE_CURVE('',#47890,#46560,#47950,.T.);
#47970=ORIENTED_EDGE('',*,*,#47960,.F.);
#47980=ORIENTED_EDGE('',*,*,#46570,.F.);
#47990=ORIENTED_EDGE('',*,*,#44830,.T.);
#48000=EDGE_LOOP('',(#47990,#47980,#47970,#47910));
#48010=FACE_OUTER_BOUND('',#48000,.T.);
#48020=ADVANCED_FACE('',(#48010),#47830,.F.);
#48030=COLOUR_RGB('',0.560784339904785,0.588235318660736,
0.600000023841858);
#48040=FILL_AREA_STYLE_COLOUR('',#48030);
#48050=FILL_AREA_STYLE('',(#48040));
#48060=SURFACE_STYLE_FILL_AREA(#48050);
#48070=SURFACE_SIDE_STYLE('',(#48060));
#48080=SURFACE_STYLE_USAGE(.BOTH.,#48070);
#48090=PRESENTATION_STYLE_ASSIGNMENT((#48080));
#48100=CARTESIAN_POINT('',(7.27937382939565,-13.7816949048282,
105.549881357528));
#48110=DIRECTION('',(-1.0220544490519E-6,-2.09223300575213E-13,
-0.999999999999478));
#48120=DIRECTION('',(-0.999999999999478,6.73922390014088E-10,
1.0220544490519E-6));
#48130=AXIS2_PLACEMENT_3D('',#48100,#48110,#48120);
#48140=PLANE('',#48130);
#48150=ORIENTED_EDGE('',*,*,#44750,.T.);
#48160=ORIENTED_EDGE('',*,*,#44490,.T.);
#48170=ORIENTED_EDGE('',*,*,#46300,.T.);
#48180=ORIENTED_EDGE('',*,*,#47170,.T.);
#48190=ORIENTED_EDGE('',*,*,#47460,.T.);
#48200=CARTESIAN_POINT('',(-16.4616641239452,-18.1999998902251,
105.549905622163));
#48210=DIRECTION('',(0.999999999999478,-1.12428815259827E-9,
-1.0220544490519E-6));
#48220=VECTOR('',#48210,1.);
#48230=LINE('',#48200,#48220);
#48240=EDGE_CURVE('',#47390,#47890,#48230,.T.);
#48250=ORIENTED_EDGE('',*,*,#48240,.F.);
#48260=ORIENTED_EDGE('',*,*,#47900,.F.);
#48270=EDGE_LOOP('',(#48260,#48250,#48190,#48180,#48170,#48160,#48150));
#48280=FACE_OUTER_BOUND('',#48270,.T.);
#48290=ADVANCED_FACE('',(#48280),#48140,.F.);
#48300=COLOUR_RGB('',0.560784339904785,0.588235318660736,
0.600000023841858);
#48310=FILL_AREA_STYLE_COLOUR('',#48300);
#48320=FILL_AREA_STYLE('',(#48310));
#48330=SURFACE_STYLE_FILL_AREA(#48320);
#48340=SURFACE_SIDE_STYLE('',(#48330));
#48350=SURFACE_STYLE_USAGE(.BOTH.,#48340);
#48360=PRESENTATION_STYLE_ASSIGNMENT((#48350));
#48370=CARTESIAN_POINT('',(45.6821747499562,-31.054897942817,
111.899775878474));
#48380=DIRECTION('',(-0.483608860706447,0.87528422232208,
4.94270407014575E-7));
#48390=DIRECTION('',(0.875284222321623,0.4836088607067,
-8.94581658200801E-7));
#48400=AXIS2_PLACEMENT_3D('',#48370,#48380,#48390);
#48410=PLANE('',#48400);
#48420=ORIENTED_EDGE('',*,*,#24680,.F.);
#48430=ORIENTED_EDGE('',*,*,#1600,.T.);
#48440=ORIENTED_EDGE('',*,*,#42610,.F.);
#48450=ORIENTED_EDGE('',*,*,#12310,.F.);
#48460=EDGE_LOOP('',(#48450,#48440,#48430,#48420));
#48470=FACE_OUTER_BOUND('',#48460,.T.);
#48480=ADVANCED_FACE('',(#48470),#48410,.F.);
#48490=COLOUR_RGB('',0.560784339904785,0.588235318660736,
0.600000023841858);
#48500=FILL_AREA_STYLE_COLOUR('',#48490);
#48510=FILL_AREA_STYLE('',(#48500));
#48520=SURFACE_STYLE_FILL_AREA(#48510);
#48530=SURFACE_SIDE_STYLE('',(#48520));
#48540=SURFACE_STYLE_USAGE(.BOTH.,#48530);
#48550=PRESENTATION_STYLE_ASSIGNMENT((#48540));
#48560=CARTESIAN_POINT('',(-30.5178298107572,-20.3999999815615,
107.824853759655));
#48570=DIRECTION('',(-0.999999999999478,-2.41520387018918E-10,
1.02209778703316E-6));
#48580=DIRECTION('',(1.02209778703316E-6,-2.00097621760324E-13,
0.999999999999478));
#48590=AXIS2_PLACEMENT_3D('',#48560,#48570,#48580);
#48600=CYLINDRICAL_SURFACE('',#48590,5.6);
#48610=CARTESIAN_POINT('',(-19.0372039766054,-20.3999999787887,
107.824842025333));
#48620=DIRECTION('',(-0.642787609686204,-0.766044443118978,
6.56987751541053E-7));
#48630=DIRECTION('',(-0.766044443118578,0.642787609686539,
7.82975721597391E-7));
#48640=AXIS2_PLACEMENT_3D('',#48610,#48620,#48630);
#48650=ELLIPSE('',#48640,8.71205342791069,5.6);
#48660=CARTESIAN_POINT('',(-24.4507503405697,-15.8574924126629,
111.099847558508));
#48670=VERTEX_POINT('',#48660);
#48680=CARTESIAN_POINT('',(-24.4507570352996,-15.8574924126373,
104.54984755859));
#48690=VERTEX_POINT('',#48680);
#48700=EDGE_CURVE('',#48670,#48690,#48650,.T.);
#48710=ORIENTED_EDGE('',*,*,#48700,.F.);
#48720=CARTESIAN_POINT('',(-30.5178331592246,-15.8574924141202,
104.549853759697));
#48730=DIRECTION('',(-0.999999999999478,-2.41520387018918E-10,
1.02209778703316E-6));
#48740=VECTOR('',#48730,1.);
#48750=LINE('',#48720,#48740);
#48760=EDGE_CURVE('',#48690,#16520,#48750,.T.);
#48770=ORIENTED_EDGE('',*,*,#48760,.F.);
#48780=ORIENTED_EDGE('',*,*,#16530,.T.);
#48790=CARTESIAN_POINT('',(-30.517826464484,-15.8574924141181,
111.09985375961));
#48800=DIRECTION('',(-0.999999999999478,-2.41520387018918E-10,
1.02209778703316E-6));
#48810=VECTOR('',#48800,1.);
#48820=LINE('',#48790,#48810);
#48830=EDGE_CURVE('',#48670,#16430,#48820,.T.);
#48840=ORIENTED_EDGE('',*,*,#48830,.T.);
#48850=EDGE_LOOP('',(#48840,#48780,#48770,#48710));
#48860=FACE_OUTER_BOUND('',#48850,.T.);
#48870=ADVANCED_FACE('',(#48860),#48600,.F.);
#48880=COLOUR_RGB('',0.560784339904785,0.588235318660736,
0.600000023841858);
#48890=FILL_AREA_STYLE_COLOUR('',#48880);
#48900=FILL_AREA_STYLE('',(#48890));
#48910=SURFACE_STYLE_FILL_AREA(#48900);
#48920=SURFACE_SIDE_STYLE('',(#48910));
#48930=SURFACE_STYLE_USAGE(.BOTH.,#48920);
#48940=PRESENTATION_STYLE_ASSIGNMENT((#48930));
#48950=CARTESIAN_POINT('',(25.7450880362867,-21.4863333059119,
111.099796253809));
#48960=DIRECTION('',(-1.02209069970902E-6,2.33832990456611E-16,
-0.999999999999478));
#48970=DIRECTION('',(-0.999999999999478,-1.21990401449928E-10,
1.02209069970902E-6));
#48980=AXIS2_PLACEMENT_3D('',#48950,#48960,#48970);
#48990=PLANE('',#48980);
#49000=CARTESIAN_POINT('',(0.679470638702627,-3.73965840738596,
111.099821873143));
#49010=DIRECTION('',(-0.766044443118579,-0.642787609686539,
7.82966900709393E-7));
#49020=VECTOR('',#49010,1.);
#49030=LINE('',#49000,#49020);
#49040=CARTESIAN_POINT('',(-22.2178262695666,-22.9527717980814,
111.099845276257));
#49050=VERTEX_POINT('',#49040);
#49060=CARTESIAN_POINT('',(-24.827451744151,-25.1425075713171,
111.099847943508));
#49070=VERTEX_POINT('',#49060);
#49080=EDGE_CURVE('',#49050,#49070,#49030,.T.);
#49090=ORIENTED_EDGE('',*,*,#49080,.T.);
#49100=CARTESIAN_POINT('',(-22.2178262698361,-4.15987654153899,
111.099845276257));
#49110=DIRECTION('',(1.4339578607783E-11,-1.,-2.48489340388873E-16));
#49120=VECTOR('',#49110,1.);
#49130=LINE('',#49100,#49120);
#49140=CARTESIAN_POINT('',(-22.2178262696414,-17.7311381770267,
111.099845276257));
#49150=VERTEX_POINT('',#49140);
#49160=EDGE_CURVE('',#49150,#49050,#49130,.T.);
#49170=ORIENTED_EDGE('',*,*,#49160,.T.);
#49180=CARTESIAN_POINT('',(0.679470638702634,-36.9442515677849,
111.099821873143));
#49190=DIRECTION('',(-0.766044443118578,0.642787609686539,
7.82966901018654E-7));
#49200=VECTOR('',#49190,1.);
#49210=LINE('',#49180,#49200);
#49220=EDGE_CURVE('',#49150,#48670,#49210,.T.);
#49230=ORIENTED_EDGE('',*,*,#49220,.F.);
#49240=ORIENTED_EDGE('',*,*,#48830,.F.);
#49250=ORIENTED_EDGE('',*,*,#16440,.T.);
#49260=CARTESIAN_POINT('',(-30.5178264622415,-25.1425075727035,
111.09985375961));
#49270=DIRECTION('',(0.999999999999478,2.41520387018918E-10,
-1.02209778703316E-6));
#49280=VECTOR('',#49270,1.);
#49290=LINE('',#49260,#49280);
#49300=EDGE_CURVE('',#16330,#49070,#49290,.T.);
#49310=ORIENTED_EDGE('',*,*,#49300,.F.);
#49320=EDGE_LOOP('',(#49310,#49250,#49240,#49230,#49170,#49090));
#49330=FACE_OUTER_BOUND('',#49320,.T.);
#49340=ADVANCED_FACE('',(#49330),#48990,.T.);
#49350=COLOUR_RGB('',0.560784339904785,0.588235318660736,
0.600000023841858);
#49360=FILL_AREA_STYLE_COLOUR('',#49350);
#49370=FILL_AREA_STYLE('',(#49360));
#49380=SURFACE_STYLE_FILL_AREA(#49370);
#49390=SURFACE_SIDE_STYLE('',(#49380));
#49400=SURFACE_STYLE_USAGE(.BOTH.,#49390);
#49410=PRESENTATION_STYLE_ASSIGNMENT((#49400));
#49420=CARTESIAN_POINT('',(0.609970972729537,-34.646913574995,
104.549821944233));
#49430=DIRECTION('',(-1.02209149916018E-6,1.11022652222521E-16,
-0.999999999999478));
#49440=DIRECTION('',(-0.999999999999478,-6.47126722030657E-12,
1.02209149916018E-6));
#49450=AXIS2_PLACEMENT_3D('',#49420,#49430,#49440);
#49460=PLANE('',#49450);
#49470=CARTESIAN_POINT('',(-30.517833156982,-25.1425075727551,
104.549853759709));
#49480=DIRECTION('',(0.999999999999478,2.41520387018918E-10,
-1.02209778703316E-6));
#49490=VECTOR('',#49480,1.);
#49500=LINE('',#49470,#49490);
#49510=CARTESIAN_POINT('',(-24.8274584389366,-25.1425075713895,
104.549847943602));
#49520=VERTEX_POINT('',#49510);
#49530=EDGE_CURVE('',#16350,#49520,#49500,.T.);
#49540=ORIENTED_EDGE('',*,*,#49530,.T.);
#49550=ORIENTED_EDGE('',*,*,#16590,.F.);
#49560=ORIENTED_EDGE('',*,*,#48760,.T.);
#49570=CARTESIAN_POINT('',(0.679463944003316,-36.9442515677849,
104.549821873204));
#49580=DIRECTION('',(-0.766044443118578,0.642787609686539,
7.82967513362163E-7));
#49590=VECTOR('',#49580,1.);
#49600=LINE('',#49570,#49590);
#49610=CARTESIAN_POINT('',(-22.2178329634712,-17.7311381777564,
104.549845276337));
#49620=VERTEX_POINT('',#49610);
#49630=EDGE_CURVE('',#49620,#48690,#49600,.T.);
#49640=ORIENTED_EDGE('',*,*,#49630,.T.);
#49650=CARTESIAN_POINT('',(-22.217832963663,-4.159876541539,
104.549845276337));
#49660=DIRECTION('',(-1.41311692014311E-11,1.,1.25466000136635E-16));
#49670=VECTOR('',#49660,1.);
#49680=LINE('',#49650,#49670);
#49690=CARTESIAN_POINT('',(-22.2178329633974,-22.9527717973526,
104.549845276337));
#49700=VERTEX_POINT('',#49690);
#49710=EDGE_CURVE('',#49700,#49620,#49680,.T.);
#49720=ORIENTED_EDGE('',*,*,#49710,.T.);
#49730=CARTESIAN_POINT('',(0.679463944003309,-3.73965840738597,
104.549821873204));
#49740=DIRECTION('',(-0.766044443118579,-0.642787609686539,
7.82967513219435E-7));
#49750=VECTOR('',#49740,1.);
#49760=LINE('',#49730,#49750);
#49770=EDGE_CURVE('',#49700,#49520,#49760,.T.);
#49780=ORIENTED_EDGE('',*,*,#49770,.F.);
#49790=EDGE_LOOP('',(#49780,#49720,#49640,#49560,#49550,#49540));
#49800=FACE_OUTER_BOUND('',#49790,.T.);
#49810=ADVANCED_FACE('',(#49800),#49460,.F.);
#49820=COLOUR_RGB('',0.560784339904785,0.588235318660736,
0.600000023841858);
#49830=FILL_AREA_STYLE_COLOUR('',#49820);
#49840=FILL_AREA_STYLE('',(#49830));
#49850=SURFACE_STYLE_FILL_AREA(#49840);
#49860=SURFACE_SIDE_STYLE('',(#49850));
#49870=SURFACE_STYLE_USAGE(.BOTH.,#49860);
#49880=PRESENTATION_STYLE_ASSIGNMENT((#49870));
#49890=CARTESIAN_POINT('',(-28.5205048322749,-12.4425657284491,
107.824851718248));
#49900=DIRECTION('',(-0.642787609686203,-0.766044443118978,
6.56987751541053E-7));
#49910=DIRECTION('',(-0.766044443118578,0.642787609686539,
7.82967513362163E-7));
#49920=AXIS2_PLACEMENT_3D('',#49890,#49900,#49910);
#49930=PLANE('',#49920);
#49940=CARTESIAN_POINT('',(-21.6590127995439,-18.2000000171935,
155.799999999993));
#49950=DIRECTION('',(1.02209125078752E-6,2.08298382204502E-13,
0.999999999999478));
#49960=VECTOR('',#49950,1.);
#49970=LINE('',#49940,#49960);
#49980=CARTESIAN_POINT('',(-21.659064159788,-18.200000017204,
105.54984470445));
#49990=VERTEX_POINT('',#49980);
#50000=CARTESIAN_POINT('',(-21.6590595092728,-18.200000017203,
110.099844705117));
#50010=VERTEX_POINT('',#50000);
#50020=EDGE_CURVE('',#49990,#50010,#49970,.T.);
#50030=ORIENTED_EDGE('',*,*,#50020,.T.);
#50040=CARTESIAN_POINT('',(17.2260000513391,-50.8284430550826,
105.549804960282));
#50050=DIRECTION('',(-0.766044443118578,0.642787609686539,
7.82968984967134E-7));
#50060=VECTOR('',#50050,1.);
#50070=LINE('',#50040,#50060);
#50080=CARTESIAN_POINT('',(-21.2178319421393,-18.5702378082967,
105.54984425347));
#50090=VERTEX_POINT('',#50080);
#50100=EDGE_CURVE('',#50090,#49990,#50070,.T.);
#50110=ORIENTED_EDGE('',*,*,#50100,.T.);
#50120=CARTESIAN_POINT('',(0.679487347135838,-36.9442515677849,
127.447118780311));
#50130=DIRECTION('',(0.608121023969329,-0.510273605377765,
0.608119780850181));
#50140=VECTOR('',#50130,1.);
#50150=LINE('',#50120,#50140);
#50160=EDGE_CURVE('',#49620,#50090,#50150,.T.);
#50170=ORIENTED_EDGE('',*,*,#50160,.T.);
#50180=ORIENTED_EDGE('',*,*,#49630,.F.);
#50190=ORIENTED_EDGE('',*,*,#48700,.T.);
#50200=ORIENTED_EDGE('',*,*,#49220,.T.);
#50210=CARTESIAN_POINT('',(0.67944723557011,-36.9442515677849,
88.2025249650928));
#50220=DIRECTION('',(-0.608119780859397,0.510273605377309,
0.608121023960496));
#50230=VECTOR('',#50220,1.);
#50240=LINE('',#50210,#50230);
#50250=CARTESIAN_POINT('',(-21.2178272916908,-18.5702378082398,
110.099844254137));
#50260=VERTEX_POINT('',#50250);
#50270=EDGE_CURVE('',#50260,#49150,#50240,.T.);
#50280=ORIENTED_EDGE('',*,*,#50270,.T.);
#50290=CARTESIAN_POINT('',(17.2260000513391,-50.8284391528361,
110.099804961059));
#50300=DIRECTION('',(0.766044443118578,-0.642787609686539,
-7.82966901023005E-7));
#50310=VECTOR('',#50300,1.);
#50320=LINE('',#50290,#50310);
#50330=EDGE_CURVE('',#50010,#50260,#50320,.T.);
#50340=ORIENTED_EDGE('',*,*,#50330,.T.);
#50350=EDGE_LOOP('',(#50340,#50280,#50200,#50190,#50180,#50170,#50110,
#50030));
#50360=FACE_OUTER_BOUND('',#50350,.T.);
#50370=ADVANCED_FACE('',(#50360),#49930,.T.);
#50380=COLOUR_RGB('',0.560784339904785,0.588235318660736,
0.600000023841858);
#50390=FILL_AREA_STYLE_COLOUR('',#50380);
#50400=FILL_AREA_STYLE('',(#50390));
#50410=SURFACE_STYLE_FILL_AREA(#50400);
#50420=SURFACE_SIDE_STYLE('',(#50410));
#50430=SURFACE_STYLE_USAGE(.BOTH.,#50420);
#50440=PRESENTATION_STYLE_ASSIGNMENT((#50430));
#50450=CARTESIAN_POINT('',(-6.51503790737629,-13.7816949945824,
105.549829225837));
#50460=DIRECTION('',(1.02209359511784E-6,2.08298383851258E-13,
0.999999999999478));
#50470=DIRECTION('',(0.999999999999478,2.45147497082747E-10,
-1.02209359511784E-6));
#50480=AXIS2_PLACEMENT_3D('',#50450,#50460,#50470);
#50490=PLANE('',#50480);
#50500=CARTESIAN_POINT('',(17.2260000215826,-18.1999999901589,
105.549804960275));
#50510=DIRECTION('',(0.999999999999478,6.95513259666963E-10,
-1.02209359511784E-6));
#50520=VECTOR('',#50510,1.);
#50530=LINE('',#50500,#50520);
#50540=CARTESIAN_POINT('',(-21.5678328042047,-18.2000000171405,
105.549844611203));
#50550=VERTEX_POINT('',#50540);
#50560=EDGE_CURVE('',#49990,#50550,#50530,.T.);
#50570=ORIENTED_EDGE('',*,*,#50560,.F.);
#50580=CARTESIAN_POINT('',(-9.66783280450056,-18.2000000088639,
105.549832448289));
#50590=VERTEX_POINT('',#50580);
#50600=EDGE_CURVE('',#50550,#50590,#50530,.T.);
#50610=ORIENTED_EDGE('',*,*,#50600,.F.);
#50620=CARTESIAN_POINT('',(-9.66783278735073,-42.8578187830042,
105.549832448499));
#50630=DIRECTION('',(6.95512948608639E-10,-1.,2.07587516099682E-13));
#50640=VECTOR('',#50630,1.);
#50650=LINE('',#50620,#50640);
#50660=CARTESIAN_POINT('',(-9.667832801023,-23.2000000002642,
105.549832448291));
#50670=VERTEX_POINT('',#50660);
#50680=EDGE_CURVE('',#50590,#50670,#50650,.T.);
#50690=ORIENTED_EDGE('',*,*,#50680,.F.);
#50700=CARTESIAN_POINT('',(0.679464966094813,-23.1999999977652,
105.549821872384));
#50710=DIRECTION('',(-0.999999999999478,-2.41520387018919E-10,
1.02209359511784E-6));
#50720=VECTOR('',#50710,1.);
#50730=LINE('',#50700,#50720);
#50740=CARTESIAN_POINT('',(-22.5124670440134,-23.2000000033665,
105.549845576709));
#50750=VERTEX_POINT('',#50740);
#50760=EDGE_CURVE('',#50670,#50750,#50730,.T.);
#50770=ORIENTED_EDGE('',*,*,#50760,.F.);
#50780=CARTESIAN_POINT('',(0.679464966094808,-3.73965840738596,
105.54982187238));
#50790=DIRECTION('',(-0.766044443118579,-0.642787609686539,
7.82969252772381E-7));
#50800=VECTOR('',#50790,1.);
#50810=LINE('',#50780,#50800);
#50820=CARTESIAN_POINT('',(-21.2178319420885,-22.1136721668316,
105.54984425347));
#50830=VERTEX_POINT('',#50820);
#50840=EDGE_CURVE('',#50830,#50750,#50810,.T.);
#50850=ORIENTED_EDGE('',*,*,#50840,.T.);
#50860=CARTESIAN_POINT('',(-21.217831942346,-4.15987654153898,
105.549844253467));
#50870=DIRECTION('',(-1.43395788209189E-11,1.,-2.08283727459696E-13));
#50880=VECTOR('',#50870,1.);
#50890=LINE('',#50860,#50880);
#50900=EDGE_CURVE('',#50830,#50090,#50890,.T.);
#50910=ORIENTED_EDGE('',*,*,#50900,.F.);
#50920=ORIENTED_EDGE('',*,*,#50100,.F.);
#50930=EDGE_LOOP('',(#50920,#50910,#50850,#50770,#50690,#50610,#50570));
#50940=FACE_OUTER_BOUND('',#50930,.T.);
#50950=ADVANCED_FACE('',(#50940),#50490,.T.);
#50960=COLOUR_RGB('',0.560784339904785,0.588235318660736,
0.600000023841858);
#50970=FILL_AREA_STYLE_COLOUR('',#50960);
#50980=FILL_AREA_STYLE('',(#50970));
#50990=SURFACE_STYLE_FILL_AREA(#50980);
#51000=SURFACE_SIDE_STYLE('',(#50990));
#51010=SURFACE_STYLE_USAGE(.BOTH.,#51000);
#51020=PRESENTATION_STYLE_ASSIGNMENT((#51010));
#51030=CARTESIAN_POINT('',(-27.51782748481,-23.2000000045744,
110.099850693354));
#51040=DIRECTION('',(-2.41520387231752E-10,1.,-2.08108614906255E-13));
#51050=DIRECTION('',(1.02209778703316E-6,2.0835547235946E-13,
0.999999999999478));
#51060=AXIS2_PLACEMENT_3D('',#51030,#51040,#51050);
#51070=PLANE('',#51060);
#51080=ORIENTED_EDGE('',*,*,#50760,.T.);
#51090=CARTESIAN_POINT('',(-9.66783280111696,-23.2000000027641,
155.799999999992));
#51100=DIRECTION('',(-1.87001631492051E-12,2.08340811067085E-13,1.));
#51110=VECTOR('',#51100,1.);
#51120=LINE('',#51090,#51110);
#51130=CARTESIAN_POINT('',(-9.6678328010315,-23.2000000002633,
110.099832448995));
#51140=VERTEX_POINT('',#51130);
#51150=EDGE_CURVE('',#50670,#51140,#51120,.T.);
#51160=ORIENTED_EDGE('',*,*,#51150,.F.);
#51170=CARTESIAN_POINT('',(0.679469616611135,-23.1999999977642,
110.099821873114));
#51180=DIRECTION('',(-0.999999999999478,-2.4152038701892E-10,
1.02209069970902E-6));
#51190=VECTOR('',#51180,1.);
#51200=LINE('',#51170,#51190);
#51210=CARTESIAN_POINT('',(-22.512462393496,-23.2000000033655,
110.099845577372));
#51220=VERTEX_POINT('',#51210);
#51230=EDGE_CURVE('',#51140,#51220,#51200,.T.);
#51240=ORIENTED_EDGE('',*,*,#51230,.F.);
#51250=CARTESIAN_POINT('',(-22.5124987211183,-23.2000000033729,
74.5574175939534));
#51260=DIRECTION('',(-1.02209174760087E-6,-2.08355470900814E-13,
-0.999999999999478));
#51270=VECTOR('',#51260,1.);
#51280=LINE('',#51250,#51270);
#51290=EDGE_CURVE('',#51220,#50750,#51280,.T.);
#51300=ORIENTED_EDGE('',*,*,#51290,.F.);
#51310=EDGE_LOOP('',(#51300,#51240,#51160,#51080));
#51320=FACE_OUTER_BOUND('',#51310,.T.);
#51330=ADVANCED_FACE('',(#51320),#51070,.T.);
#51340=COLOUR_RGB('',0.560784339904785,0.588235318660736,
0.600000023841858);
#51350=FILL_AREA_STYLE_COLOUR('',#51340);
#51360=FILL_AREA_STYLE('',(#51350));
#51370=SURFACE_STYLE_FILL_AREA(#51360);
#51380=SURFACE_SIDE_STYLE('',(#51370));
#51390=SURFACE_STYLE_USAGE(.BOTH.,#51380);
#51400=PRESENTATION_STYLE_ASSIGNMENT((#51390));
#51410=CARTESIAN_POINT('',(26.7450870141954,-21.4863333059041,
110.099795231689));
#51420=DIRECTION('',(-1.02209069970902E-6,2.33832990456611E-16,
-0.999999999999478));
#51430=DIRECTION('',(-0.999999999999478,-1.21990401449928E-10,
1.02209069970902E-6));
#51440=AXIS2_PLACEMENT_3D('',#51410,#51420,#51430);
#51450=PLANE('',#51440);
#51460=CARTESIAN_POINT('',(-21.2178272918974,-4.15987654153899,
110.099844254137));
#51470=DIRECTION('',(-1.4339578607783E-11,1.,2.48489340388873E-16));
#51480=VECTOR('',#51470,1.);
#51490=LINE('',#51460,#51480);
#51500=CARTESIAN_POINT('',(-21.21782729164,-22.1136721668884,
110.099844254137));
#51510=VERTEX_POINT('',#51500);
#51520=EDGE_CURVE('',#51510,#50260,#51490,.T.);
#51530=ORIENTED_EDGE('',*,*,#51520,.T.);
#51540=CARTESIAN_POINT('',(0.67946961661113,-3.73965840738597,
110.099821873114));
#51550=DIRECTION('',(0.766044443118579,0.642787609686539,
-7.82966900709393E-7));
#51560=VECTOR('',#51550,1.);
#51570=LINE('',#51540,#51560);
#51580=EDGE_CURVE('',#51220,#51510,#51570,.T.);
#51590=ORIENTED_EDGE('',*,*,#51580,.T.);
#51600=ORIENTED_EDGE('',*,*,#51230,.T.);
#51610=CARTESIAN_POINT('',(-9.66783278735923,-42.8578187830052,
110.099832448995));
#51620=DIRECTION('',(6.95512948608639E-10,-1.,-9.44710306763612E-16));
#51630=VECTOR('',#51620,1.);
#51640=LINE('',#51610,#51630);
#51650=CARTESIAN_POINT('',(-9.66783280450907,-18.200000008863,
110.099832448995));
#51660=VERTEX_POINT('',#51650);
#51670=EDGE_CURVE('',#51660,#51140,#51640,.T.);
#51680=ORIENTED_EDGE('',*,*,#51670,.T.);
#51690=CARTESIAN_POINT('',(17.2260000215826,-18.1999999901579,
110.099804961059));
#51700=DIRECTION('',(-0.999999999999478,-6.95513259666963E-10,
1.02209069970902E-6));
#51710=VECTOR('',#51700,1.);
#51720=LINE('',#51690,#51710);
#51730=CARTESIAN_POINT('',(-21.5678328042323,-18.2000000171396,
110.099844611875));
#51740=VERTEX_POINT('',#51730);
#51750=EDGE_CURVE('',#51660,#51740,#51720,.T.);
#51760=ORIENTED_EDGE('',*,*,#51750,.F.);
#51770=EDGE_CURVE('',#51740,#50010,#51720,.T.);
#51780=ORIENTED_EDGE('',*,*,#51770,.F.);
#51790=ORIENTED_EDGE('',*,*,#50330,.F.);
#51800=EDGE_LOOP('',(#51790,#51780,#51760,#51680,#51600,#51590,#51530));
#51810=FACE_OUTER_BOUND('',#51800,.T.);
#51820=ADVANCED_FACE('',(#51810),#51450,.T.);
#51830=COLOUR_RGB('',0.560784339904785,0.588235318660736,
0.600000023841858);
#51840=FILL_AREA_STYLE_COLOUR('',#51830);
#51850=FILL_AREA_STYLE('',(#51840));
#51860=SURFACE_STYLE_FILL_AREA(#51850);
#51870=SURFACE_SIDE_STYLE('',(#51860));
#51880=SURFACE_STYLE_USAGE(.BOTH.,#51870);
#51890=PRESENTATION_STYLE_ASSIGNMENT((#51880));
#51900=CARTESIAN_POINT('',(-9.6678316035414,-18.2000000088639,
105.549832448288));
#51910=DIRECTION('',(6.95513259879454E-10,-1.,2.07587504203124E-13));
#51920=DIRECTION('',(-0.999999999999478,-6.95513259666917E-10,
1.02209359511784E-6));
#51930=AXIS2_PLACEMENT_3D('',#51900,#51910,#51920);
#51940=PLANE('',#51930);
#51950=ORIENTED_EDGE('',*,*,#50600,.T.);
#51960=CARTESIAN_POINT('',(-21.5678328042432,-18.2000000171392,
111.899844611093));
#51970=DIRECTION('',(6.0621185081349E-12,-2.07587500113862E-13,-1.));
#51980=VECTOR('',#51970,1.);
#51990=LINE('',#51960,#51980);
#52000=EDGE_CURVE('',#51740,#50550,#51990,.T.);
#52010=ORIENTED_EDGE('',*,*,#52000,.T.);
#52020=ORIENTED_EDGE('',*,*,#51750,.T.);
#52030=CARTESIAN_POINT('',(-9.66783280459453,-18.2000000088535,
155.799999999993));
#52040=DIRECTION('',(-1.87001631492051E-12,2.07587502902504E-13,1.));
#52050=VECTOR('',#52040,1.);
#52060=LINE('',#52030,#52050);
#52070=EDGE_CURVE('',#50590,#51660,#52060,.T.);
#52080=ORIENTED_EDGE('',*,*,#52070,.T.);
#52090=EDGE_LOOP('',(#52080,#52020,#52010,#51950));
#52100=FACE_OUTER_BOUND('',#52090,.T.);
#52110=ADVANCED_FACE('',(#52100),#51940,.T.);
#52120=COLOUR_RGB('',0.823529481887817,0.823529481887817,
0.784313797950745);
#52130=FILL_AREA_STYLE_COLOUR('',#52120);
#52140=FILL_AREA_STYLE('',(#52130));
#52150=SURFACE_STYLE_FILL_AREA(#52140);
#52160=SURFACE_SIDE_STYLE('',(#52150));
#52170=SURFACE_STYLE_USAGE(.BOTH.,#52160);
#52180=PRESENTATION_STYLE_ASSIGNMENT((#52170));
#52190=CARTESIAN_POINT('',(-23.0542493698346,-23.6546113042649,
107.824846131231));
#52200=DIRECTION('',(-0.642787609686203,0.766044443118978,
6.56987751711149E-7));
#52210=DIRECTION('',(0.766044443118579,0.642787609686539,
-7.82967513219435E-7));
#52220=AXIS2_PLACEMENT_3D('',#52190,#52200,#52210);
#52230=PLANE('',#52220);
#52240=ORIENTED_EDGE('',*,*,#49770,.T.);
#52250=CARTESIAN_POINT('',(-52.2102916017006,-48.1194070562618,
74.5574479478151));
#52260=DIRECTION('',(-0.608121023963996,-0.51027360537329,
-0.60811978085927));
#52270=VECTOR('',#52260,1.);
#52280=LINE('',#52250,#52270);
#52290=EDGE_CURVE('',#50830,#49700,#52280,.T.);
#52300=ORIENTED_EDGE('',*,*,#52290,.T.);
#52310=ORIENTED_EDGE('',*,*,#50840,.F.);
#52320=ORIENTED_EDGE('',*,*,#51290,.T.);
#52330=ORIENTED_EDGE('',*,*,#51580,.F.);
#52340=CARTESIAN_POINT('',(14.324564363795,7.70996604484814,
74.5573799431044));
#52350=DIRECTION('',(0.608119780853986,0.510273605372768,
-0.608121023969718));
#52360=VECTOR('',#52350,1.);
#52370=LINE('',#52340,#52360);
#52380=EDGE_CURVE('',#49050,#51510,#52370,.T.);
#52390=ORIENTED_EDGE('',*,*,#52380,.T.);
#52400=ORIENTED_EDGE('',*,*,#49080,.F.);
#52410=CARTESIAN_POINT('',(-19.4139053770991,-20.6000000026006,
107.824842410327));
#52420=DIRECTION('',(-0.642787609686204,0.766044443118978,
6.5698775171115E-7));
#52430=DIRECTION('',(0.766044443118579,0.642787609686539,
-7.82975721454659E-7));
#52440=AXIS2_PLACEMENT_3D('',#52410,#52420,#52430);
#52450=ELLIPSE('',#52440,8.71205343292592,5.6);
#52460=EDGE_CURVE('',#49520,#49070,#52450,.T.);
#52470=ORIENTED_EDGE('',*,*,#52460,.T.);
#52480=EDGE_LOOP('',(#52470,#52400,#52390,#52330,#52320,#52310,#52300,
#52240));
#52490=FACE_OUTER_BOUND('',#52480,.T.);
#52500=ADVANCED_FACE('',(#52490),#52230,.T.);
#52510=COLOUR_RGB('',0.560784339904785,0.588235318660736,
0.600000023841858);
#52520=FILL_AREA_STYLE_COLOUR('',#52510);
#52530=FILL_AREA_STYLE('',(#52520));
#52540=SURFACE_STYLE_FILL_AREA(#52530);
#52550=SURFACE_SIDE_STYLE('',(#52540));
#52560=SURFACE_STYLE_USAGE(.BOTH.,#52550);
#52570=PRESENTATION_STYLE_ASSIGNMENT((#52560));
#52580=CARTESIAN_POINT('',(-21.2178272918974,-4.15987654153899,
110.099844254137));
#52590=DIRECTION('',(-0.707107503913443,-1.01394479282019E-11,
-0.707106058458914));
#52600=DIRECTION('',(1.43394917678568E-11,-1.,-1.61649236770046E-16));
#52610=AXIS2_PLACEMENT_3D('',#52580,#52590,#52600);
#52620=PLANE('',#52610);
#52630=ORIENTED_EDGE('',*,*,#50270,.F.);
#52640=ORIENTED_EDGE('',*,*,#49160,.F.);
#52650=ORIENTED_EDGE('',*,*,#52380,.F.);
#52660=ORIENTED_EDGE('',*,*,#51520,.F.);
#52670=EDGE_LOOP('',(#52660,#52650,#52640,#52630));
#52680=FACE_OUTER_BOUND('',#52670,.T.);
#52690=ADVANCED_FACE('',(#52680),#52620,.T.);
#52700=COLOUR_RGB('',0.560784339904785,0.588235318660736,
0.600000023841858);
#52710=FILL_AREA_STYLE_COLOUR('',#52700);
#52720=FILL_AREA_STYLE('',(#52710));
#52730=SURFACE_STYLE_FILL_AREA(#52720);
#52740=SURFACE_SIDE_STYLE('',(#52730));
#52750=SURFACE_STYLE_USAGE(.BOTH.,#52740);
#52760=PRESENTATION_STYLE_ASSIGNMENT((#52750));
#52770=CARTESIAN_POINT('',(-9.66783280575101,-16.4016463138982,
105.376481480677));
#52780=DIRECTION('',(-1.,-6.95512948608639E-10,-1.87001631468638E-12));
#52790=DIRECTION('',(-1.87001631428523E-12,-5.76770609687026E-13,1.));
#52800=AXIS2_PLACEMENT_3D('',#52770,#52780,#52790);
#52810=PLANE('',#52800);
#52820=ORIENTED_EDGE('',*,*,#51670,.F.);
#52830=ORIENTED_EDGE('',*,*,#51150,.T.);
#52840=ORIENTED_EDGE('',*,*,#50680,.T.);
#52850=ORIENTED_EDGE('',*,*,#52070,.F.);
#52860=EDGE_LOOP('',(#52850,#52840,#52830,#52820));
#52870=FACE_OUTER_BOUND('',#52860,.T.);
#52880=ADVANCED_FACE('',(#52870),#52810,.T.);
#52890=COLOUR_RGB('',0.823529481887817,0.823529481887817,
0.784313797950745);
#52900=FILL_AREA_STYLE_COLOUR('',#52890);
#52910=FILL_AREA_STYLE('',(#52900));
#52920=SURFACE_STYLE_FILL_AREA(#52910);
#52930=SURFACE_SIDE_STYLE('',(#52920));
#52940=SURFACE_STYLE_USAGE(.BOTH.,#52930);
#52950=PRESENTATION_STYLE_ASSIGNMENT((#52940));
#52960=CARTESIAN_POINT('',(-30.5178298107089,-20.6000000052824,
107.824853759624));
#52970=DIRECTION('',(0.999999999999478,2.41520387018918E-10,
-1.02209778703316E-6));
#52980=DIRECTION('',(1.02209778703316E-6,-2.00097621760324E-13,
0.999999999999478));
#52990=AXIS2_PLACEMENT_3D('',#52960,#52970,#52980);
#53000=CYLINDRICAL_SURFACE('',#52990,5.6);
#53010=ORIENTED_EDGE('',*,*,#49300,.T.);
#53020=ORIENTED_EDGE('',*,*,#16360,.F.);
#53030=ORIENTED_EDGE('',*,*,#49530,.F.);
#53040=ORIENTED_EDGE('',*,*,#52460,.F.);
#53050=EDGE_LOOP('',(#53040,#53030,#53020,#53010));
#53060=FACE_OUTER_BOUND('',#53050,.T.);
#53070=ADVANCED_FACE('',(#53060),#53000,.F.);
#53080=COLOUR_RGB('',0.560784339904785,0.588235318660736,
0.600000023841858);
#53090=FILL_AREA_STYLE_COLOUR('',#53080);
#53100=FILL_AREA_STYLE('',(#53090));
#53110=SURFACE_STYLE_FILL_AREA(#53100);
#53120=SURFACE_SIDE_STYLE('',(#53110));
#53130=SURFACE_STYLE_USAGE(.BOTH.,#53120);
#53140=PRESENTATION_STYLE_ASSIGNMENT((#53130));
#53150=CARTESIAN_POINT('',(-21.2178319423459,-4.15987654153898,
105.549844253467));
#53160=DIRECTION('',(-0.707106058456866,-9.99232407336128E-12,
0.70710750391549));
#53170=DIRECTION('',(1.4192210965715E-11,-1.,6.09161735029363E-14));
#53180=AXIS2_PLACEMENT_3D('',#53150,#53160,#53170);
#53190=PLANE('',#53180);
#53200=ORIENTED_EDGE('',*,*,#50900,.T.);
#53210=ORIENTED_EDGE('',*,*,#52290,.F.);
#53220=ORIENTED_EDGE('',*,*,#49710,.F.);
#53230=ORIENTED_EDGE('',*,*,#50160,.F.);
#53240=EDGE_LOOP('',(#53230,#53220,#53210,#53200));
#53250=FACE_OUTER_BOUND('',#53240,.T.);
#53260=ADVANCED_FACE('',(#53250),#53190,.T.);
#53270=COLOUR_RGB('',0.560784339904785,0.588235318660736,
0.600000023841858);
#53280=FILL_AREA_STYLE_COLOUR('',#53270);
#53290=FILL_AREA_STYLE('',(#53280));
#53300=SURFACE_STYLE_FILL_AREA(#53290);
#53310=SURFACE_SIDE_STYLE('',(#53300));
#53320=SURFACE_STYLE_USAGE(.BOTH.,#53310);
#53330=PRESENTATION_STYLE_ASSIGNMENT((#53320));
#53340=ORIENTED_EDGE('',*,*,#50560,.T.);
#53350=ORIENTED_EDGE('',*,*,#50020,.F.);
#53360=ORIENTED_EDGE('',*,*,#51770,.T.);
#53370=ORIENTED_EDGE('',*,*,#52000,.F.);
#53380=EDGE_LOOP('',(#53370,#53360,#53350,#53340));
#53390=FACE_OUTER_BOUND('',#53380,.T.);
#53400=ADVANCED_FACE('',(#53390),#51940,.T.);
#53410=COLOUR_RGB('',0.560784339904785,0.588235318660736,
0.600000023841858);
#53420=FILL_AREA_STYLE_COLOUR('',#53410);
#53430=FILL_AREA_STYLE('',(#53420));
#53440=SURFACE_STYLE_FILL_AREA(#53430);
#53450=SURFACE_SIDE_STYLE('',(#53440));
#53460=SURFACE_STYLE_USAGE(.BOTH.,#53450);
#53470=PRESENTATION_STYLE_ASSIGNMENT((#53460));
#53480=ORIENTED_EDGE('',*,*,#48240,.T.);
#53490=ORIENTED_EDGE('',*,*,#47400,.T.);
#53500=ORIENTED_EDGE('',*,*,#46650,.F.);
#53510=ORIENTED_EDGE('',*,*,#47960,.T.);
#53520=EDGE_LOOP('',(#53510,#53500,#53490,#53480));
#53530=FACE_OUTER_BOUND('',#53520,.T.);
#53540=ADVANCED_FACE('',(#53530),#47830,.F.);
#53550=COLOUR_RGB('',0.823529481887817,0.823529481887817,
0.784313797950745);
#53560=FILL_AREA_STYLE_COLOUR('',#53550);
#53570=FILL_AREA_STYLE('',(#53560));
#53580=SURFACE_STYLE_FILL_AREA(#53570);
#53590=SURFACE_SIDE_STYLE('',(#53580));
#53600=SURFACE_STYLE_USAGE(.BOTH.,#53590);
#53610=PRESENTATION_STYLE_ASSIGNMENT((#53600));
#53620=CARTESIAN_POINT('',(23.4821740380314,-0.605710351884809,
111.199798567733));
#53630=DIRECTION('',(0.999999999999478,-1.16685781959614E-10,
-1.0220678823292E-6));
#53640=DIRECTION('',(1.16685781796561E-10,1.,-1.59592017619095E-13));
#53650=AXIS2_PLACEMENT_3D('',#53620,#53630,#53640);
#53660=PLANE('',#53650);
#53670=ORIENTED_EDGE('',*,*,#27270,.T.);
#53680=ORIENTED_EDGE('',*,*,#25430,.F.);
#53690=ORIENTED_EDGE('',*,*,#45830,.F.);
#53700=CARTESIAN_POINT('',(23.4821747550898,13.2000000339486,
111.899798566839));
#53710=DIRECTION('',(1.0220678823292E-6,5.27711011397631E-13,
0.999999999999478));
#53720=VECTOR('',#53710,1.);
#53730=LINE('',#53700,#53720);
#53740=EDGE_CURVE('',#45760,#27260,#53730,.T.);
#53750=ORIENTED_EDGE('',*,*,#53740,.F.);
#53760=EDGE_LOOP('',(#53750,#53690,#53680,#53670));
#53770=FACE_OUTER_BOUND('',#53760,.T.);
#53780=ADVANCED_FACE('',(#53770),#53660,.F.);
#53790=COLOUR_RGB('',0.560784339904785,0.588235318660736,
0.600000023841858);
#53800=FILL_AREA_STYLE_COLOUR('',#53790);
#53810=FILL_AREA_STYLE('',(#53800));
#53820=SURFACE_STYLE_FILL_AREA(#53810);
#53830=SURFACE_SIDE_STYLE('',(#53820));
#53840=SURFACE_STYLE_USAGE(.BOTH.,#53830);
#53850=PRESENTATION_STYLE_ASSIGNMENT((#53840));
#53860=CARTESIAN_POINT('',(16.0821670026436,-2.29999999522205,
105.642112993942));
#53870=DIRECTION('',(-3.48637443389179E-10,1.,-8.28277894251821E-12));
#53880=DIRECTION('',(-1.,-3.48637443389127E-10,6.18678185396702E-12));
#53890=AXIS2_PLACEMENT_3D('',#53860,#53870,#53880);
#53900=PLANE('',#53890);
#53910=CARTESIAN_POINT('',(3.5921028922066,-2.29999999946161,
119.518376325562));
#53920=DIRECTION('',(0.70947536727759,2.41512593004779E-10,
-0.70473023436371));
#53930=VECTOR('',#53920,1.);
#53940=LINE('',#53910,#53930);
#53950=CARTESIAN_POINT('',(14.4409158690301,-2.29999999576857,
108.742122681885));
#53960=VERTEX_POINT('',#53950);
#53970=CARTESIAN_POINT('',(15.3945820471247,-2.29999999544393,
107.794834840487));
#53980=VERTEX_POINT('',#53970);
#53990=EDGE_CURVE('',#53960,#53980,#53940,.T.);
#54000=ORIENTED_EDGE('',*,*,#53990,.T.);
#54010=CARTESIAN_POINT('',(14.4409158691924,-2.29999999574242,
111.899807807641));
#54020=DIRECTION('',(5.2458204516449E-12,-8.28277894063961E-12,-1.));
#54030=VECTOR('',#54020,1.);
#54040=LINE('',#54010,#54030);
#54050=CARTESIAN_POINT('',(14.4409158681684,-2.29999999575288,
110.637628907561));
#54060=VERTEX_POINT('',#54050);
#54070=EDGE_CURVE('',#54060,#53960,#54040,.T.);
#54080=ORIENTED_EDGE('',*,*,#54070,.T.);
#54090=CARTESIAN_POINT('',(13.1849005118609,-2.29999999618032,
111.899809091376));
#54100=DIRECTION('',(-0.705373590067934,-2.40048549569598E-10,
0.70883573445099));
#54110=VECTOR('',#54100,1.);
#54120=LINE('',#54090,#54110);
#54130=CARTESIAN_POINT('',(16.3377281468343,-2.29999999510737,
108.731506614927));
#54140=VERTEX_POINT('',#54130);
#54150=EDGE_CURVE('',#54140,#54060,#54120,.T.);
#54160=ORIENTED_EDGE('',*,*,#54150,.T.);
#54170=CARTESIAN_POINT('',(3.59207892975973,-2.29999999965582,
96.0733512427832));
#54180=DIRECTION('',(-0.709537936170166,-2.53208112837333E-10,
-0.704667238585264));
#54190=VECTOR('',#54180,1.);
#54200=LINE('',#54170,#54190);
#54210=CARTESIAN_POINT('',(18.223418137844,-2.29999999443443,
110.604252088221));
#54220=VERTEX_POINT('',#54210);
#54230=EDGE_CURVE('',#54220,#54140,#54200,.T.);
#54240=ORIENTED_EDGE('',*,*,#54230,.T.);
#54250=CARTESIAN_POINT('',(18.2234181364872,-2.29999999442369,
111.89980394166));
#54260=DIRECTION('',(-5.2458204516449E-12,8.28277894053332E-12,1.));
#54270=VECTOR('',#54260,1.);
#54280=LINE('',#54250,#54270);
#54290=CARTESIAN_POINT('',(18.2234181365037,-2.29999999444976,
108.75284569832));
#54300=VERTEX_POINT('',#54290);
#54310=EDGE_CURVE('',#54300,#54220,#54280,.T.);
#54320=ORIENTED_EDGE('',*,*,#54310,.T.);
#54330=CARTESIAN_POINT('',(21.3558707831438,-2.2999999933316,
111.899800740076));
#54340=DIRECTION('',(0.705471825063481,2.51824217871614E-10,
0.708737965712013));
#54350=VECTOR('',#54340,1.);
#54360=LINE('',#54330,#54350);
#54370=CARTESIAN_POINT('',(17.2698235651855,-2.29999999479016,
107.79483624656));
#54380=VERTEX_POINT('',#54370);
#54390=EDGE_CURVE('',#54380,#54300,#54360,.T.);
#54400=ORIENTED_EDGE('',*,*,#54390,.T.);
#54410=CARTESIAN_POINT('',(13.1849005118609,-2.29999999618031,
111.899809091376));
#54420=DIRECTION('',(-0.705373590067934,-2.40048577431196E-10,
0.70883573445099));
#54430=VECTOR('',#54420,1.);
#54440=LINE('',#54410,#54430);
#54450=CARTESIAN_POINT('',(18.2234181366319,-2.29999999446563,
106.836561202048));
#54460=VERTEX_POINT('',#54450);
#54470=EDGE_CURVE('',#54460,#54380,#54440,.T.);
#54480=ORIENTED_EDGE('',*,*,#54470,.T.);
#54490=CARTESIAN_POINT('',(18.2234181364872,-2.29999999442369,
111.89980394166));
#54500=DIRECTION('',(-5.2458204516449E-12,8.28277894053332E-12,1.));
#54510=VECTOR('',#54500,1.);
#54520=LINE('',#54490,#54510);
#54530=CARTESIAN_POINT('',(18.2234181365235,-2.29999999448097,
104.984918649495));
#54540=VERTEX_POINT('',#54530);
#54550=EDGE_CURVE('',#54540,#54460,#54520,.T.);
#54560=ORIENTED_EDGE('',*,*,#54550,.T.);
#54570=CARTESIAN_POINT('',(3.5921028922066,-2.29999999946161,
119.518376325562));
#54580=DIRECTION('',(0.70947536727759,2.41512593004778E-10,
-0.70473023436371));
#54590=VECTOR('',#54580,1.);
#54600=LINE('',#54570,#54590);
#54610=CARTESIAN_POINT('',(16.3375135435404,-2.29999999512295,
106.858209884771));
#54620=VERTEX_POINT('',#54610);
#54630=EDGE_CURVE('',#54620,#54540,#54600,.T.);
#54640=ORIENTED_EDGE('',*,*,#54630,.T.);
#54650=CARTESIAN_POINT('',(21.3558707831438,-2.2999999933316,
111.899800740076));
#54660=DIRECTION('',(0.705471825063481,2.51824217871614E-10,
0.708737965712012));
#54670=VECTOR('',#54660,1.);
#54680=LINE('',#54650,#54670);
#54690=CARTESIAN_POINT('',(14.4409158692288,-2.29999999579996,
104.952831484029));
#54700=VERTEX_POINT('',#54690);
#54710=EDGE_CURVE('',#54700,#54620,#54680,.T.);
#54720=ORIENTED_EDGE('',*,*,#54710,.T.);
#54730=CARTESIAN_POINT('',(14.4409158691924,-2.29999999574242,
111.899807807641));
#54740=DIRECTION('',(5.24628311311091E-12,-8.28277894053321E-12,-1.));
#54750=VECTOR('',#54740,1.);
#54760=LINE('',#54730,#54750);
#54770=CARTESIAN_POINT('',(14.4409158692189,-2.29999999578427,
106.847715203411));
#54780=VERTEX_POINT('',#54770);
#54790=EDGE_CURVE('',#54780,#54700,#54760,.T.);
#54800=ORIENTED_EDGE('',*,*,#54790,.T.);
#54810=CARTESIAN_POINT('',(3.59207892975973,-2.29999999965582,
96.0733512427832));
#54820=DIRECTION('',(-0.709537936170165,-2.53208112837332E-10,
-0.704667238585265));
#54830=VECTOR('',#54820,1.);
#54840=LINE('',#54810,#54830);
#54850=EDGE_CURVE('',#53980,#54780,#54840,.T.);
#54860=ORIENTED_EDGE('',*,*,#54850,.T.);
#54870=EDGE_LOOP('',(#54860,#54800,#54720,#54640,#54560,#54480,#54400,
#54320,#54240,#54160,#54080,#54000));
#54880=FACE_BOUND('',#54870,.T.);
#54890=CARTESIAN_POINT('',(10.7821670026176,-2.29999999701799,
111.899811547137));
#54900=DIRECTION('',(6.18678185121417E-12,8.28277894461548E-12,1.));
#54910=VECTOR('',#54900,1.);
#54920=LINE('',#54890,#54910);
#54930=CARTESIAN_POINT('',(10.7821670025771,-2.29999999706491,
106.236160256581));
#54940=VERTEX_POINT('',#54930);
#54950=EDGE_CURVE('',#45600,#54940,#54920,.T.);
#54960=ORIENTED_EDGE('',*,*,#54950,.T.);
#54970=ORIENTED_EDGE('',*,*,#45610,.T.);
#54980=ORIENTED_EDGE('',*,*,#25270,.T.);
#54990=CARTESIAN_POINT('',(3.59209002071469,-2.29999999956593,
106.924818897871));
#55000=DIRECTION('',(-0.999999999999478,-3.48637434923361E-10,
1.02207673857853E-6));
#55010=VECTOR('',#55000,1.);
#55020=LINE('',#54990,#55010);
#55030=CARTESIAN_POINT('',(20.5821692813143,-2.29999999364256,
106.924801532706));
#55040=VERTEX_POINT('',#55030);
#55050=EDGE_CURVE('',#25160,#55040,#55020,.T.);
#55060=ORIENTED_EDGE('',*,*,#55050,.F.);
#55070=CARTESIAN_POINT('',(20.582174366072,-2.29999999360135,
111.899801530847));
#55080=DIRECTION('',(-1.02206183677273E-6,-8.28313527153964E-12,
-0.999999999999478));
#55090=VECTOR('',#55080,1.);
#55100=LINE('',#55070,#55090);
#55110=CARTESIAN_POINT('',(20.5821711210256,-2.29999999362764,
108.724801532832));
#55120=VERTEX_POINT('',#55110);
#55130=EDGE_CURVE('',#55120,#55040,#55100,.T.);
#55140=ORIENTED_EDGE('',*,*,#55130,.T.);
#55150=CARTESIAN_POINT('',(3.59209186043992,-2.29999999955102,
108.724818897743));
#55160=DIRECTION('',(-0.999999999999478,-3.48637434923484E-10,
1.02206183677273E-6));
#55170=VECTOR('',#55160,1.);
#55180=LINE('',#55150,#55170);
#55190=EDGE_CURVE('',#25580,#55120,#55180,.T.);
#55200=ORIENTED_EDGE('',*,*,#55190,.T.);
#55210=ORIENTED_EDGE('',*,*,#25590,.T.);
#55220=ORIENTED_EDGE('',*,*,#27180,.F.);
#55230=CARTESIAN_POINT('',(10.7821670026176,-2.29999999701799,
111.899811547137));
#55240=DIRECTION('',(6.18678185121417E-12,8.28277894461548E-12,1.));
#55250=VECTOR('',#55240,1.);
#55260=LINE('',#55230,#55250);
#55270=CARTESIAN_POINT('',(10.7821670026022,-2.29999999703859,
109.413510525768));
#55280=VERTEX_POINT('',#55270);
#55290=EDGE_CURVE('',#55280,#27110,#55260,.T.);
#55300=ORIENTED_EDGE('',*,*,#55290,.T.);
#55310=CARTESIAN_POINT('',(3.59209991307951,-2.29999999948576,
116.60357761538));
#55320=DIRECTION('',(-0.707106781182173,-2.40667130943922E-10,
0.707106781190923));
#55330=VECTOR('',#55320,1.);
#55340=LINE('',#55310,#55330);
#55350=CARTESIAN_POINT('',(11.470842137067,-2.29999999680419,
108.724835391295));
#55360=VERTEX_POINT('',#55350);
#55370=EDGE_CURVE('',#55360,#55280,#55340,.T.);
#55380=ORIENTED_EDGE('',*,*,#55370,.T.);
#55390=CARTESIAN_POINT('',(3.59209186045678,-2.29999999955102,
108.724835391343));
#55400=DIRECTION('',(-1.,-3.48637443389054E-10,6.22229789504694E-12));
#55410=VECTOR('',#55400,1.);
#55420=LINE('',#55390,#55410);
#55430=CARTESIAN_POINT('',(12.0821670026195,-2.29999999659106,
108.724835391291));
#55440=VERTEX_POINT('',#55430);
#55450=EDGE_CURVE('',#55440,#55360,#55420,.T.);
#55460=ORIENTED_EDGE('',*,*,#55450,.T.);
#55470=CARTESIAN_POINT('',(12.0821670026391,-2.29999999656477,
111.899810218446));
#55480=DIRECTION('',(6.18678185163768E-12,8.28277894461548E-12,1.));
#55490=VECTOR('',#55480,1.);
#55500=LINE('',#55470,#55490);
#55510=CARTESIAN_POINT('',(12.0821670026084,-2.29999999660597,
106.92483539116));
#55520=VERTEX_POINT('',#55510);
#55530=EDGE_CURVE('',#55520,#55440,#55500,.T.);
#55540=ORIENTED_EDGE('',*,*,#55530,.T.);
#55550=CARTESIAN_POINT('',(3.59209002073154,-2.29999999956593,
106.924835391211));
#55560=DIRECTION('',(-1.,-3.48637443389054E-10,6.18678185396702E-12));
#55570=VECTOR('',#55560,1.);
#55580=LINE('',#55550,#55570);
#55590=CARTESIAN_POINT('',(11.4708421371673,-2.29999999681911,
106.924835391163));
#55600=VERTEX_POINT('',#55590);
#55610=EDGE_CURVE('',#55520,#55600,#55580,.T.);
#55620=ORIENTED_EDGE('',*,*,#55610,.F.);
#55630=CARTESIAN_POINT('',(16.4458125045844,-2.29999999504344,
111.899805758497));
#55640=DIRECTION('',(0.707106781190923,2.52380714298478E-10,
0.707106781182173));
#55650=VECTOR('',#55640,1.);
#55660=LINE('',#55630,#55650);
#55670=EDGE_CURVE('',#54940,#55600,#55660,.T.);
#55680=ORIENTED_EDGE('',*,*,#55670,.T.);
#55690=EDGE_LOOP('',(#55680,#55620,#55540,#55460,#55380,#55300,#55220,
#55210,#55200,#55140,#55060,#54980,#54970,#54960));
#55700=FACE_OUTER_BOUND('',#55690,.T.);
#55710=ADVANCED_FACE('',(#54880,#55700),#53900,.T.);
#55720=COLOUR_RGB('',0.980392217636108,0.517647087574005,
0.168627455830574);
#55730=FILL_AREA_STYLE_COLOUR('',#55720);
#55740=FILL_AREA_STYLE('',(#55730));
#55750=SURFACE_STYLE_FILL_AREA(#55740);
#55760=SURFACE_SIDE_STYLE('',(#55750));
#55770=SURFACE_STYLE_USAGE(.BOTH.,#55760);
#55780=PRESENTATION_STYLE_ASSIGNMENT((#55770));
#55790=CARTESIAN_POINT('',(20.5821711211068,-2.19999997504978,
108.724801532831));
#55800=DIRECTION('',(0.999999999999478,-8.11421499389147E-10,
-1.02206183677273E-6));
#55810=DIRECTION('',(1.02206183677273E-6,3.68010188608013E-13,
0.999999999999478));
#55820=AXIS2_PLACEMENT_3D('',#55790,#55800,#55810);
#55830=PLANE('',#55820);
#55840=CARTESIAN_POINT('',(20.5822042540382,-2.19999997503785,
141.142538157707));
#55850=DIRECTION('',(-1.02206183677273E-6,-3.68010188608013E-13,
-0.999999999999478));
#55860=VECTOR('',#55850,1.);
#55870=LINE('',#55840,#55860);
#55880=CARTESIAN_POINT('',(20.5821711211068,-2.19999997504978,
108.724801532831));
#55890=VERTEX_POINT('',#55880);
#55900=CARTESIAN_POINT('',(20.5821692813955,-2.19999997505045,
106.924801532706));
#55910=VERTEX_POINT('',#55900);
#55920=EDGE_CURVE('',#55890,#55910,#55870,.T.);
#55930=ORIENTED_EDGE('',*,*,#55920,.T.);
#55940=CARTESIAN_POINT('',(20.5821711228919,7.105427357601E-15,
108.724801532831));
#55950=DIRECTION('',(-8.11421499012594E-10,-1.,3.68839511555868E-13));
#55960=VECTOR('',#55950,1.);
#55970=LINE('',#55940,#55960);
#55980=EDGE_CURVE('',#55890,#55120,#55970,.T.);
#55990=ORIENTED_EDGE('',*,*,#55980,.F.);
#56000=ORIENTED_EDGE('',*,*,#55130,.F.);
#56010=CARTESIAN_POINT('',(20.5821692831806,0.,106.924801532706));
#56020=DIRECTION('',(-8.11421499012594E-10,-1.,3.6883951155592E-13));
#56030=VECTOR('',#56020,1.);
#56040=LINE('',#56010,#56030);
#56050=EDGE_CURVE('',#55910,#55040,#56040,.T.);
#56060=ORIENTED_EDGE('',*,*,#56050,.T.);
#56070=EDGE_LOOP('',(#56060,#56000,#55990,#55930));
#56080=FACE_OUTER_BOUND('',#56070,.T.);
#56090=ADVANCED_FACE('',(#56080),#55830,.F.);
#56100=COLOUR_RGB('',0.560784339904785,0.588235318660736,
0.600000023841858);
#56110=FILL_AREA_STYLE_COLOUR('',#56100);
#56120=FILL_AREA_STYLE('',(#56110));
#56130=SURFACE_STYLE_FILL_AREA(#56120);
#56140=SURFACE_SIDE_STYLE('',(#56130));
#56150=SURFACE_STYLE_USAGE(.BOTH.,#56140);
#56160=PRESENTATION_STYLE_ASSIGNMENT((#56150));
#56170=CARTESIAN_POINT('',(22.6321747551191,13.2000000346383,
111.899799435599));
#56180=DIRECTION('',(1.02204675941924E-6,5.27711028537214E-13,
0.999999999999478));
#56190=VECTOR('',#56180,1.);
#56200=LINE('',#56170,#56190);
#56210=EDGE_CURVE('',#27340,#130,#56200,.T.);
#56220=ORIENTED_EDGE('',*,*,#56210,.F.);
#56230=ORIENTED_EDGE('',*,*,#140,.T.);
#56240=ORIENTED_EDGE('',*,*,#43690,.T.);
#56250=ORIENTED_EDGE('',*,*,#27410,.F.);
#56260=EDGE_LOOP('',(#56250,#56240,#56230,#56220));
#56270=FACE_OUTER_BOUND('',#56260,.T.);
#56280=ADVANCED_FACE('',(#56270),#29720,.F.);
#56290=COLOUR_RGB('',0.560784339904785,0.588235318660736,
0.600000023841858);
#56300=FILL_AREA_STYLE_COLOUR('',#56290);
#56310=FILL_AREA_STYLE('',(#56300));
#56320=SURFACE_STYLE_FILL_AREA(#56310);
#56330=SURFACE_SIDE_STYLE('',(#56320));
#56340=SURFACE_STYLE_USAGE(.BOTH.,#56330);
#56350=PRESENTATION_STYLE_ASSIGNMENT((#56340));
#56360=CARTESIAN_POINT('',(10.7821670025477,-2.19999999706491,
106.236160256586));
#56370=DIRECTION('',(1.,3.48637443389127E-10,-6.18678185431361E-12));
#56380=DIRECTION('',(6.18678185142593E-12,8.28277894467515E-12,1.));
#56390=AXIS2_PLACEMENT_3D('',#56360,#56370,#56380);
#56400=PLANE('',#56390);
#56410=ORIENTED_EDGE('',*,*,#45670,.T.);
#56420=ORIENTED_EDGE('',*,*,#54950,.F.);
#56430=CARTESIAN_POINT('',(10.7821670025477,-2.19999999706491,
106.236160256586));
#56440=DIRECTION('',(3.48637443389179E-10,-1.,8.28277894251821E-12));
#56450=VECTOR('',#56440,1.);
#56460=LINE('',#56430,#56450);
#56470=EDGE_CURVE('',#43150,#54940,#56460,.T.);
#56480=ORIENTED_EDGE('',*,*,#56470,.T.);
#56490=ORIENTED_EDGE('',*,*,#43160,.T.);
#56500=EDGE_LOOP('',(#56490,#56480,#56420,#56410));
#56510=FACE_OUTER_BOUND('',#56500,.T.);
#56520=ADVANCED_FACE('',(#56510),#56400,.T.);
#56530=COLOUR_RGB('',0.560784339904785,0.588235318660736,
0.600000023841858);
#56540=FILL_AREA_STYLE_COLOUR('',#56530);
#56550=FILL_AREA_STYLE('',(#56540));
#56560=SURFACE_STYLE_FILL_AREA(#56550);
#56570=SURFACE_SIDE_STYLE('',(#56560));
#56580=SURFACE_STYLE_USAGE(.BOTH.,#56570);
#56590=PRESENTATION_STYLE_ASSIGNMENT((#56580));
#56600=CARTESIAN_POINT('',(11.470842137133,-2.19999999681911,
106.924835391163));
#56610=DIRECTION('',(0.707106781182173,2.40667091237144E-10,
-0.707106781190922));
#56620=DIRECTION('',(0.707106781190922,2.52380709554842E-10,
0.707106781182173));
#56630=AXIS2_PLACEMENT_3D('',#56600,#56610,#56620);
#56640=PLANE('',#56630);
#56650=ORIENTED_EDGE('',*,*,#56470,.F.);
#56660=ORIENTED_EDGE('',*,*,#55670,.F.);
#56670=CARTESIAN_POINT('',(11.470842137133,-2.19999999681911,
106.924835391163));
#56680=DIRECTION('',(3.48637443389179E-10,-1.,8.28277894251821E-12));
#56690=VECTOR('',#56680,1.);
#56700=LINE('',#56670,#56690);
#56710=EDGE_CURVE('',#43230,#55600,#56700,.T.);
#56720=ORIENTED_EDGE('',*,*,#56710,.T.);
#56730=ORIENTED_EDGE('',*,*,#43240,.T.);
#56740=EDGE_LOOP('',(#56730,#56720,#56660,#56650));
#56750=FACE_OUTER_BOUND('',#56740,.T.);
#56760=ADVANCED_FACE('',(#56750),#56640,.T.);
#56770=COLOUR_RGB('',0.560784339904785,0.588235318660736,
0.600000023841858);
#56780=FILL_AREA_STYLE_COLOUR('',#56770);
#56790=FILL_AREA_STYLE('',(#56780));
#56800=SURFACE_STYLE_FILL_AREA(#56790);
#56810=SURFACE_SIDE_STYLE('',(#56800));
#56820=SURFACE_STYLE_USAGE(.BOTH.,#56810);
#56830=PRESENTATION_STYLE_ASSIGNMENT((#56820));
#56840=CARTESIAN_POINT('',(12.0821670025519,-2.19999999660597,
106.924835391159));
#56850=DIRECTION('',(-6.22229789215925E-12,-8.28277894468753E-12,-1.));
#56860=DIRECTION('',(1.,3.48637443389127E-10,-6.22229789504694E-12));
#56870=AXIS2_PLACEMENT_3D('',#56840,#56850,#56860);
#56880=PLANE('',#56870);
#56890=ORIENTED_EDGE('',*,*,#56710,.F.);
#56900=ORIENTED_EDGE('',*,*,#55610,.T.);
#56910=CARTESIAN_POINT('',(12.0821670025519,-2.19999999660597,
106.924835391159));
#56920=DIRECTION('',(3.48637443389179E-10,-1.,8.28277894251821E-12));
#56930=VECTOR('',#56920,1.);
#56940=LINE('',#56910,#56930);
#56950=EDGE_CURVE('',#43310,#55520,#56940,.T.);
#56960=ORIENTED_EDGE('',*,*,#56950,.T.);
#56970=ORIENTED_EDGE('',*,*,#43320,.T.);
#56980=EDGE_LOOP('',(#56970,#56960,#56900,#56890));
#56990=FACE_OUTER_BOUND('',#56980,.T.);
#57000=ADVANCED_FACE('',(#56990),#56880,.T.);
#57010=COLOUR_RGB('',0.560784339904785,0.588235318660736,
0.600000023841858);
#57020=FILL_AREA_STYLE_COLOUR('',#57010);
#57030=FILL_AREA_STYLE('',(#57020));
#57040=SURFACE_STYLE_FILL_AREA(#57030);
#57050=SURFACE_SIDE_STYLE('',(#57040));
#57060=SURFACE_STYLE_USAGE(.BOTH.,#57050);
#57070=PRESENTATION_STYLE_ASSIGNMENT((#57060));
#57080=CARTESIAN_POINT('',(12.082167002563,-2.19999999659106,
108.72483539129));
#57090=DIRECTION('',(1.,3.48637443389127E-10,-6.18678185431361E-12));
#57100=DIRECTION('',(6.18678185142593E-12,8.28277894467515E-12,1.));
#57110=AXIS2_PLACEMENT_3D('',#57080,#57090,#57100);
#57120=PLANE('',#57110);
#57130=ORIENTED_EDGE('',*,*,#56950,.F.);
#57140=ORIENTED_EDGE('',*,*,#55530,.F.);
#57150=CARTESIAN_POINT('',(12.082167002563,-2.19999999659106,
108.72483539129));
#57160=DIRECTION('',(3.48637443389179E-10,-1.,8.28277894251821E-12));
#57170=VECTOR('',#57160,1.);
#57180=LINE('',#57150,#57170);
#57190=EDGE_CURVE('',#43390,#55440,#57180,.T.);
#57200=ORIENTED_EDGE('',*,*,#57190,.T.);
#57210=ORIENTED_EDGE('',*,*,#43400,.T.);
#57220=EDGE_LOOP('',(#57210,#57200,#57140,#57130));
#57230=FACE_OUTER_BOUND('',#57220,.T.);
#57240=ADVANCED_FACE('',(#57230),#57120,.T.);
#57250=COLOUR_RGB('',0.560784339904785,0.588235318660736,
0.600000023841858);
#57260=FILL_AREA_STYLE_COLOUR('',#57250);
#57270=FILL_AREA_STYLE('',(#57260));
#57280=SURFACE_STYLE_FILL_AREA(#57270);
#57290=SURFACE_SIDE_STYLE('',(#57280));
#57300=SURFACE_STYLE_USAGE(.BOTH.,#57290);
#57310=PRESENTATION_STYLE_ASSIGNMENT((#57300));
#57320=CARTESIAN_POINT('',(11.4708421370114,-2.19999999680419,
108.724835391294));
#57330=DIRECTION('',(6.22229789215925E-12,8.28277894468753E-12,1.));
#57340=DIRECTION('',(-1.,-3.48637443389127E-10,6.22229789504694E-12));
#57350=AXIS2_PLACEMENT_3D('',#57320,#57330,#57340);
#57360=PLANE('',#57350);
#57370=ORIENTED_EDGE('',*,*,#57190,.F.);
#57380=ORIENTED_EDGE('',*,*,#55450,.F.);
#57390=CARTESIAN_POINT('',(11.4708421370114,-2.19999999680419,
108.724835391294));
#57400=DIRECTION('',(3.48637443389179E-10,-1.,8.28277894251821E-12));
#57410=VECTOR('',#57400,1.);
#57420=LINE('',#57390,#57410);
#57430=EDGE_CURVE('',#43470,#55360,#57420,.T.);
#57440=ORIENTED_EDGE('',*,*,#57430,.T.);
#57450=ORIENTED_EDGE('',*,*,#43480,.T.);
#57460=EDGE_LOOP('',(#57450,#57440,#57380,#57370));
#57470=FACE_OUTER_BOUND('',#57460,.T.);
#57480=ADVANCED_FACE('',(#57470),#57360,.T.);
#57490=COLOUR_RGB('',0.560784339904785,0.588235318660736,
0.600000023841858);
#57500=FILL_AREA_STYLE_COLOUR('',#57490);
#57510=FILL_AREA_STYLE('',(#57500));
#57520=SURFACE_STYLE_FILL_AREA(#57510);
#57530=SURFACE_SIDE_STYLE('',(#57520));
#57540=SURFACE_STYLE_USAGE(.BOTH.,#57530);
#57550=PRESENTATION_STYLE_ASSIGNMENT((#57540));
#57560=CARTESIAN_POINT('',(10.7821670025673,-2.19999999703859,
109.413510525746));
#57570=DIRECTION('',(0.707106781190922,2.52380709554842E-10,
0.707106781182173));
#57580=DIRECTION('',(-0.707106781182173,-2.40667091237144E-10,
0.707106781190922));
#57590=AXIS2_PLACEMENT_3D('',#57560,#57570,#57580);
#57600=PLANE('',#57590);
#57610=ORIENTED_EDGE('',*,*,#57430,.F.);
#57620=ORIENTED_EDGE('',*,*,#55370,.F.);
#57630=CARTESIAN_POINT('',(10.7821670025673,-2.19999999703859,
109.413510525746));
#57640=DIRECTION('',(3.48637443389179E-10,-1.,8.28277894251821E-12));
#57650=VECTOR('',#57640,1.);
#57660=LINE('',#57630,#57650);
#57670=EDGE_CURVE('',#43550,#55280,#57660,.T.);
#57680=ORIENTED_EDGE('',*,*,#57670,.T.);
#57690=ORIENTED_EDGE('',*,*,#43560,.T.);
#57700=EDGE_LOOP('',(#57690,#57680,#57620,#57610));
#57710=FACE_OUTER_BOUND('',#57700,.T.);
#57720=ADVANCED_FACE('',(#57710),#57600,.T.);
#57730=COLOUR_RGB('',0.560784339904785,0.588235318660736,
0.600000023841858);
#57740=FILL_AREA_STYLE_COLOUR('',#57730);
#57750=FILL_AREA_STYLE('',(#57740));
#57760=SURFACE_STYLE_FILL_AREA(#57750);
#57770=SURFACE_SIDE_STYLE('',(#57760));
#57780=SURFACE_STYLE_USAGE(.BOTH.,#57770);
#57790=PRESENTATION_STYLE_ASSIGNMENT((#57780));
#57800=CARTESIAN_POINT('',(10.7821670025773,-2.19999999702524,
111.024835391144));
#57810=DIRECTION('',(1.,3.48637443389127E-10,-6.18678185431361E-12));
#57820=DIRECTION('',(6.18678185142593E-12,8.28277894467515E-12,1.));
#57830=AXIS2_PLACEMENT_3D('',#57800,#57810,#57820);
#57840=PLANE('',#57830);
#57850=ORIENTED_EDGE('',*,*,#57670,.F.);
#57860=ORIENTED_EDGE('',*,*,#55290,.F.);
#57870=ORIENTED_EDGE('',*,*,#27120,.F.);
#57880=ORIENTED_EDGE('',*,*,#43620,.T.);
#57890=EDGE_LOOP('',(#57880,#57870,#57860,#57850));
#57900=FACE_OUTER_BOUND('',#57890,.T.);
#57910=ADVANCED_FACE('',(#57900),#57840,.T.);
#57920=COLOUR_RGB('',0.560784339904785,0.588235318660736,
0.600000023841858);
#57930=FILL_AREA_STYLE_COLOUR('',#57920);
#57940=FILL_AREA_STYLE('',(#57930));
#57950=SURFACE_STYLE_FILL_AREA(#57940);
#57960=SURFACE_SIDE_STYLE('',(#57950));
#57970=SURFACE_STYLE_USAGE(.BOTH.,#57960);
#57980=PRESENTATION_STYLE_ASSIGNMENT((#57970));
#57990=CARTESIAN_POINT('',(21.4629957409636,-2.1999999757645,
108.724800632574));
#58000=DIRECTION('',(-1.02206183677273E-6,-3.68010188608013E-13,
-0.999999999999478));
#58010=DIRECTION('',(0.999999999999478,-8.11421499389147E-10,
-1.02206183677273E-6));
#58020=AXIS2_PLACEMENT_3D('',#57990,#58000,#58010);
#58030=PLANE('',#58020);
#58040=ORIENTED_EDGE('',*,*,#55190,.F.);
#58050=ORIENTED_EDGE('',*,*,#55980,.T.);
#58060=CARTESIAN_POINT('',(3.59209186041612,-2.19999996126366,
108.724818897743));
#58070=DIRECTION('',(-0.999999999999478,8.11421499389147E-10,
1.02206183677273E-6));
#58080=VECTOR('',#58070,1.);
#58090=LINE('',#58060,#58080);
#58100=EDGE_CURVE('',#25660,#55890,#58090,.T.);
#58110=ORIENTED_EDGE('',*,*,#58100,.T.);
#58120=ORIENTED_EDGE('',*,*,#25670,.T.);
#58130=EDGE_LOOP('',(#58120,#58110,#58050,#58040));
#58140=FACE_OUTER_BOUND('',#58130,.T.);
#58150=ADVANCED_FACE('',(#58140),#58030,.F.);
#58160=COLOUR_RGB('',0.560784339904785,0.588235318660736,
0.600000023841858);
#58170=FILL_AREA_STYLE_COLOUR('',#58160);
#58180=FILL_AREA_STYLE('',(#58170));
#58190=SURFACE_STYLE_FILL_AREA(#58180);
#58200=SURFACE_SIDE_STYLE('',(#58190));
#58210=SURFACE_STYLE_USAGE(.BOTH.,#58200);
#58220=PRESENTATION_STYLE_ASSIGNMENT((#58210));
#58230=CARTESIAN_POINT('',(20.5821692813955,-2.19999997505045,
106.924801532706));
#58240=DIRECTION('',(1.02207673857853E-6,3.68010176516367E-13,
0.999999999999478));
#58250=DIRECTION('',(-0.999999999999478,8.11421499389152E-10,
1.02207673857853E-6));
#58260=AXIS2_PLACEMENT_3D('',#58230,#58240,#58250);
#58270=PLANE('',#58260);
#58280=ORIENTED_EDGE('',*,*,#25190,.F.);
#58290=CARTESIAN_POINT('',(3.59209002069088,-2.19999996126433,
106.924818897871));
#58300=DIRECTION('',(-0.999999999999478,8.11421499389152E-10,
1.02207673857853E-6));
#58310=VECTOR('',#58300,1.);
#58320=LINE('',#58290,#58310);
#58330=EDGE_CURVE('',#25180,#55910,#58320,.T.);
#58340=ORIENTED_EDGE('',*,*,#58330,.F.);
#58350=ORIENTED_EDGE('',*,*,#56050,.F.);
#58360=ORIENTED_EDGE('',*,*,#55050,.T.);
#58370=EDGE_LOOP('',(#58360,#58350,#58340,#58280));
#58380=FACE_OUTER_BOUND('',#58370,.T.);
#58390=ADVANCED_FACE('',(#58380),#58270,.F.);
#58400=COLOUR_RGB('',0.560784339904785,0.588235318660736,
0.600000023841858);
#58410=FILL_AREA_STYLE_COLOUR('',#58400);
#58420=FILL_AREA_STYLE('',(#58410));
#58430=SURFACE_STYLE_FILL_AREA(#58420);
#58440=SURFACE_SIDE_STYLE('',(#58430));
#58450=SURFACE_STYLE_USAGE(.BOTH.,#58440);
#58460=PRESENTATION_STYLE_ASSIGNMENT((#58450));
#58470=CARTESIAN_POINT('',(21.6006689534094,13.2000000354778,
115.375268573801));
#58480=DIRECTION('',(0.702049245502961,0.0871557421785213,
0.706774881765074));
#58490=DIRECTION('',(0.709474646983381,-4.16954640814551E-10,
-0.704730959507107));
#58500=AXIS2_PLACEMENT_3D('',#58470,#58480,#58490);
#58510=PLANE('',#58500);
#58520=CARTESIAN_POINT('',(21.600668965954,13.1000000354778,
115.387600032708));
#58530=DIRECTION('',(0.709474646993199,-5.76202369246259E-10,
-0.704730959497222));
#58540=VECTOR('',#58530,1.);
#58550=LINE('',#58520,#58540);
#58560=CARTESIAN_POINT('',(32.0734188226156,13.1000000269723,
104.984873048258));
#58570=VERTEX_POINT('',#58560);
#58580=EDGE_CURVE('',#30720,#58570,#58550,.T.);
#58590=ORIENTED_EDGE('',*,*,#58580,.F.);
#58600=CARTESIAN_POINT('',(32.2699961719834,15.3468949087621,
104.512534854812));
#58610=DIRECTION('',(0.0853050332420302,0.975043377066756,
-0.204971861829451));
#58620=VECTOR('',#58610,1.);
#58630=LINE('',#58600,#58620);
#58640=CARTESIAN_POINT('',(31.994679218053,12.2000000287136,
105.174069426388));
#58650=VERTEX_POINT('',#58640);
#58660=EDGE_CURVE('',#58650,#58570,#58630,.T.);
#58670=ORIENTED_EDGE('',*,*,#58660,.T.);
#58680=CARTESIAN_POINT('',(3.5921170631735,12.2000000256106,
133.386726449027));
#58690=DIRECTION('',(0.709474646952894,7.75090844841647E-11,
-0.704730959537799));
#58700=VECTOR('',#58690,1.);
#58710=LINE('',#58680,#58700);
#58720=EDGE_CURVE('',#30560,#58650,#58710,.T.);
#58730=ORIENTED_EDGE('',*,*,#58720,.T.);
#58740=ORIENTED_EDGE('',*,*,#30790,.T.);
#58750=EDGE_LOOP('',(#58740,#58730,#58670,#58590));
#58760=FACE_OUTER_BOUND('',#58750,.T.);
#58770=ADVANCED_FACE('',(#58760),#58510,.T.);
#58780=COLOUR_RGB('',0.980392217636108,0.517647087574005,
0.168627455830574);
#58790=FILL_AREA_STYLE_COLOUR('',#58780);
#58800=FILL_AREA_STYLE('',(#58790));
#58810=SURFACE_STYLE_FILL_AREA(#58800);
#58820=SURFACE_SIDE_STYLE('',(#58810));
#58830=SURFACE_STYLE_USAGE(.BOTH.,#58820);
#58840=PRESENTATION_STYLE_ASSIGNMENT((#58830));
#58850=CARTESIAN_POINT('',(16.0821679704085,-2.19999997139952,
105.642083734861));
#58860=DIRECTION('',(8.11421499012593E-10,1.,-3.68839511555883E-13));
#58870=DIRECTION('',(0.999999999999478,-8.11421499389152E-10,
-1.02207673857853E-6));
#58880=AXIS2_PLACEMENT_3D('',#58850,#58860,#58870);
#58890=PLANE('',#58880);
#58900=ORIENTED_EDGE('',*,*,#25730,.F.);
#58910=ORIENTED_EDGE('',*,*,#58100,.F.);
#58920=ORIENTED_EDGE('',*,*,#55920,.F.);
#58930=ORIENTED_EDGE('',*,*,#58330,.T.);
#58940=EDGE_LOOP('',(#58930,#58920,#58910,#58900));
#58950=FACE_OUTER_BOUND('',#58940,.T.);
#58960=ADVANCED_FACE('',(#58950),#58890,.T.);
#58970=COLOUR_RGB('',0.560784339904785,0.588235318660736,
0.600000023841858);
#58980=FILL_AREA_STYLE_COLOUR('',#58970);
#58990=FILL_AREA_STYLE('',(#58980));
#59000=SURFACE_STYLE_FILL_AREA(#58990);
#59010=SURFACE_SIDE_STYLE('',(#59000));
#59020=SURFACE_STYLE_USAGE(.BOTH.,#59010);
#59030=PRESENTATION_STYLE_ASSIGNMENT((#59020));
#59040=CARTESIAN_POINT('',(16.0821670026436,-2.29999999522205,
105.642112993942));
#59050=DIRECTION('',(-3.48637443389179E-10,1.,-8.28277894251821E-12));
#59060=DIRECTION('',(-1.,-3.48637443389127E-10,6.18678185396702E-12));
#59070=AXIS2_PLACEMENT_3D('',#59040,#59050,#59060);
#59080=PLANE('',#59070);
#59090=CARTESIAN_POINT('',(3.59207247134234,-2.29999999970816,
89.7543906354782));
#59100=DIRECTION('',(-0.709475367248196,-2.41512592995283E-10,
0.704730234393302));
#59110=VECTOR('',#59100,1.);
#59120=LINE('',#59090,#59110);
#59130=CARTESIAN_POINT('',(-13.676581685469,-2.30000000558659,
106.907548099639));
#59140=VERTEX_POINT('',#59130);
#59150=CARTESIAN_POINT('',(-14.6302478640478,-2.30000000591122,
107.854835941928));
#59160=VERTEX_POINT('',#59150);
#59170=EDGE_CURVE('',#59140,#59160,#59120,.T.);
#59180=ORIENTED_EDGE('',*,*,#59170,.T.);
#59190=CARTESIAN_POINT('',(-13.6765816854615,-2.30000000554524,
111.89983654568));
#59200=DIRECTION('',(1.48578677924554E-12,8.28277894301612E-12,1.));
#59210=VECTOR('',#59200,1.);
#59220=LINE('',#59190,#59210);
#59230=CARTESIAN_POINT('',(-13.6765816854718,-2.30000000560229,
105.012041874821));
#59240=VERTEX_POINT('',#59230);
#59250=EDGE_CURVE('',#59240,#59140,#59220,.T.);
#59260=ORIENTED_EDGE('',*,*,#59250,.T.);
#59270=CARTESIAN_POINT('',(-20.5307414880906,-2.30000000793485,
111.899843551108));
#59280=DIRECTION('',(0.705373590089922,2.40048577438924E-10,
-0.708835734429109));
#59290=VECTOR('',#59280,1.);
#59300=LINE('',#59270,#59290);
#59310=CARTESIAN_POINT('',(-15.573393963756,-2.3000000062478,
106.918164166294));
#59320=VERTEX_POINT('',#59310);
#59330=EDGE_CURVE('',#59320,#59240,#59300,.T.);
#59340=ORIENTED_EDGE('',*,*,#59330,.T.);
#59350=CARTESIAN_POINT('',(3.59210946792391,-2.29999999940833,
125.952103990543));
#59360=DIRECTION('',(0.709537936149641,2.53208112829409E-10,
0.704667238605931));
#59370=VECTOR('',#59360,1.);
#59380=LINE('',#59350,#59370);
#59390=CARTESIAN_POINT('',(-17.4590839528674,-2.30000000692073,
105.04541869379));
#59400=VERTEX_POINT('',#59390);
#59410=EDGE_CURVE('',#59400,#59320,#59380,.T.);
#59420=ORIENTED_EDGE('',*,*,#59410,.T.);
#59430=CARTESIAN_POINT('',(-17.45908395455,-2.30000000686395,
111.89984041166));
#59440=DIRECTION('',(1.48578681058576E-12,-8.28277894192983E-12,-1.));
#59450=VECTOR('',#59440,1.);
#59460=LINE('',#59430,#59450);
#59470=CARTESIAN_POINT('',(-17.4590839545426,-2.30000000690539,
106.896825082718));
#59480=VERTEX_POINT('',#59470);
#59490=EDGE_CURVE('',#59480,#59400,#59460,.T.);
#59500=ORIENTED_EDGE('',*,*,#59490,.T.);
#59510=CARTESIAN_POINT('',(-12.4791295356731,-2.30000000512775,
111.8998353218));
#59520=DIRECTION('',(-0.705471825091412,-2.51824217881299E-10,
-0.70873796568421));
#59530=VECTOR('',#59520,1.);
#59540=LINE('',#59510,#59530);
#59550=CARTESIAN_POINT('',(-16.5054893828985,-2.30000000656499,
107.854834534138));
#59560=VERTEX_POINT('',#59550);
#59570=EDGE_CURVE('',#59560,#59480,#59540,.T.);
#59580=ORIENTED_EDGE('',*,*,#59570,.T.);
#59590=CARTESIAN_POINT('',(-20.5307414880906,-2.30000000793484,
111.899843551108));
#59600=DIRECTION('',(0.705373590089922,2.40048549577326E-10,
-0.708835734429109));
#59610=VECTOR('',#59600,1.);
#59620=LINE('',#59590,#59610);
#59630=CARTESIAN_POINT('',(-17.4590839542581,-2.30000000688951,
108.813109578503));
#59640=VERTEX_POINT('',#59630);
#59650=EDGE_CURVE('',#59640,#59560,#59620,.T.);
#59660=ORIENTED_EDGE('',*,*,#59650,.T.);
#59670=CARTESIAN_POINT('',(-17.45908395455,-2.30000000686395,
111.89984041166));
#59680=DIRECTION('',(1.48578681058576E-12,-8.28277894192983E-12,-1.));
#59690=VECTOR('',#59680,1.);
#59700=LINE('',#59670,#59690);
#59710=CARTESIAN_POINT('',(-17.4590839528615,-2.30000000687419,
110.66475213065));
#59720=VERTEX_POINT('',#59710);
#59730=EDGE_CURVE('',#59720,#59640,#59700,.T.);
#59740=ORIENTED_EDGE('',*,*,#59730,.T.);
#59750=CARTESIAN_POINT('',(3.59207247134234,-2.29999999970816,
89.7543906354781));
#59760=DIRECTION('',(-0.709475367248195,-2.41512592995283E-10,
0.704730234393303));
#59770=VECTOR('',#59760,1.);
#59780=LINE('',#59750,#59770);
#59790=CARTESIAN_POINT('',(-15.5731793607195,-2.3000000062322,
108.79146089672));
#59800=VERTEX_POINT('',#59790);
#59810=EDGE_CURVE('',#59800,#59720,#59780,.T.);
#59820=ORIENTED_EDGE('',*,*,#59810,.T.);
#59830=CARTESIAN_POINT('',(-12.4791295356731,-2.30000000512776,
111.8998353218));
#59840=DIRECTION('',(-0.705471825091413,-2.51824217881299E-10,
-0.708737965684209));
#59850=VECTOR('',#59840,1.);
#59860=LINE('',#59830,#59850);
#59870=CARTESIAN_POINT('',(-13.6765816868314,-2.3000000055552,
110.696839296401));
#59880=VERTEX_POINT('',#59870);
#59890=EDGE_CURVE('',#59880,#59800,#59860,.T.);
#59900=ORIENTED_EDGE('',*,*,#59890,.T.);
#59910=CARTESIAN_POINT('',(-13.6765816854615,-2.30000000554524,
111.89983654568));
#59920=DIRECTION('',(1.48532411799129E-12,8.28277894290972E-12,1.));
#59930=VECTOR('',#59920,1.);
#59940=LINE('',#59910,#59930);
#59950=CARTESIAN_POINT('',(-13.6765816854661,-2.30000000557089,
108.801955578188));
#59960=VERTEX_POINT('',#59950);
#59970=EDGE_CURVE('',#59960,#59880,#59940,.T.);
#59980=ORIENTED_EDGE('',*,*,#59970,.T.);
#59990=CARTESIAN_POINT('',(3.59210946792391,-2.29999999940832,
125.952103990543));
#60000=DIRECTION('',(0.70953793614964,2.53208112829409E-10,
0.704667238605932));
#60010=VECTOR('',#60000,1.);
#60020=LINE('',#59990,#60010);
#60030=EDGE_CURVE('',#59160,#59960,#60020,.T.);
#60040=ORIENTED_EDGE('',*,*,#60030,.T.);
#60050=EDGE_LOOP('',(#60040,#59980,#59900,#59820,#59740,#59660,#59580,
#59500,#59420,#59340,#59260,#59180));
#60060=FACE_BOUND('',#60050,.T.);
#60070=CARTESIAN_POINT('',(3.59209439006213,-2.29999999953052,
111.199818896745));
#60080=DIRECTION('',(-0.999999999999478,-3.48637434923434E-10,
1.0220678823292E-6));
#60090=VECTOR('',#60080,1.);
#60100=LINE('',#60070,#60090);
#60110=CARTESIAN_POINT('',(-10.017832819661,-2.30000000427545,
111.199832807014));
#60120=VERTEX_POINT('',#60110);
#60130=CARTESIAN_POINT('',(-20.6178328197113,-2.30000000797101,
111.199843640934));
#60140=VERTEX_POINT('',#60130);
#60150=EDGE_CURVE('',#60120,#60140,#60100,.T.);
#60160=ORIENTED_EDGE('',*,*,#60150,.F.);
#60170=CARTESIAN_POINT('',(-20.6178328197137,-2.30000000796521,
111.899843640121));
#60180=DIRECTION('',(-3.46920350769655E-12,8.28277894125801E-12,1.));
#60190=VECTOR('',#60180,1.);
#60200=LINE('',#60170,#60190);
#60210=CARTESIAN_POINT('',(-20.6178328197027,-2.30000000799151,
108.724835390283));
#60220=VERTEX_POINT('',#60210);
#60230=EDGE_CURVE('',#60220,#60140,#60200,.T.);
#60240=ORIENTED_EDGE('',*,*,#60230,.T.);
#60250=CARTESIAN_POINT('',(3.59209186045678,-2.29999999955102,
108.724835390005));
#60260=DIRECTION('',(-1.,-3.48637443389052E-10,1.14326023001062E-11));
#60270=VECTOR('',#60260,1.);
#60280=LINE('',#60250,#60270);
#60290=CARTESIAN_POINT('',(-19.8178328196673,-2.3000000077126,
108.724835390274));
#60300=VERTEX_POINT('',#60290);
#60310=EDGE_CURVE('',#60300,#60220,#60280,.T.);
#60320=ORIENTED_EDGE('',*,*,#60310,.T.);
#60330=CARTESIAN_POINT('',(-19.8178328196783,-2.3000000076863,
111.899842822465));
#60340=DIRECTION('',(-3.46920351362578E-12,8.28277894125801E-12,1.));
#60350=VECTOR('',#60340,1.);
#60360=LINE('',#60330,#60350);
#60370=CARTESIAN_POINT('',(-19.817832819661,-2.30000000772751,
106.924835390148));
#60380=VERTEX_POINT('',#60370);
#60390=EDGE_CURVE('',#60380,#60300,#60360,.T.);
#60400=ORIENTED_EDGE('',*,*,#60390,.T.);
#60410=CARTESIAN_POINT('',(3.59209002073154,-2.29999999956593,
106.92483539023));
#60420=DIRECTION('',(1.,3.48637443389164E-10,3.46920350748479E-12));
#60430=VECTOR('',#60420,1.);
#60440=LINE('',#60410,#60430);
#60450=CARTESIAN_POINT('',(-20.6178328196965,-2.30000000800642,
106.924835390145));
#60460=VERTEX_POINT('',#60450);
#60470=EDGE_CURVE('',#60460,#60380,#60440,.T.);
#60480=ORIENTED_EDGE('',*,*,#60470,.T.);
#60490=CARTESIAN_POINT('',(-20.6178328197137,-2.30000000796521,
111.899843640121));
#60500=DIRECTION('',(-3.46920350769655E-12,8.28277894125801E-12,1.));
#60510=VECTOR('',#60500,1.);
#60520=LINE('',#60490,#60510);
#60530=CARTESIAN_POINT('',(-20.6178328196879,-2.30000000802692,
104.449843641004));
#60540=VERTEX_POINT('',#60530);
#60550=EDGE_CURVE('',#60540,#60460,#60520,.T.);
#60560=ORIENTED_EDGE('',*,*,#60550,.T.);
#60570=CARTESIAN_POINT('',(3.59208749109248,-2.29999999958643,
104.449818896803));
#60580=DIRECTION('',(-0.999999999999478,-3.48637434923428E-10,
1.02206868178036E-6));
#60590=VECTOR('',#60580,1.);
#60600=LINE('',#60570,#60590);
#60610=CARTESIAN_POINT('',(-10.0178328197382,-2.30000000433136,
104.449832807076));
#60620=VERTEX_POINT('',#60610);
#60630=EDGE_CURVE('',#60620,#60540,#60600,.T.);
#60640=ORIENTED_EDGE('',*,*,#60630,.T.);
#60650=CARTESIAN_POINT('',(-10.017832819653,-2.30000000426965,
111.899832806184));
#60660=DIRECTION('',(-1.14326022969298E-11,-8.28277894649957E-12,-1.));
#60670=VECTOR('',#60660,1.);
#60680=LINE('',#60650,#60670);
#60690=CARTESIAN_POINT('',(-10.0178328197178,-2.30000000431656,
106.236160255599));
#60700=VERTEX_POINT('',#60690);
#60710=EDGE_CURVE('',#60700,#60620,#60680,.T.);
#60720=ORIENTED_EDGE('',*,*,#60710,.T.);
#60730=CARTESIAN_POINT('',(3.5920754065845,-2.29999999968437,
92.6262520290025));
#60740=DIRECTION('',(0.707106781178464,2.40667130943037E-10,
-0.707106781194632));
#60750=VECTOR('',#60740,1.);
#60760=LINE('',#60730,#60750);
#60770=CARTESIAN_POINT('',(-10.7065079541578,-2.30000000455096,
106.924835390037));
#60780=VERTEX_POINT('',#60770);
#60790=EDGE_CURVE('',#60780,#60700,#60760,.T.);
#60800=ORIENTED_EDGE('',*,*,#60790,.T.);
#60810=CARTESIAN_POINT('',(3.59209002073154,-2.29999999956593,
106.924835389873));
#60820=DIRECTION('',(1.,3.48637443389052E-10,-1.14681183365274E-11));
#60830=VECTOR('',#60820,1.);
#60840=LINE('',#60810,#60830);
#60850=CARTESIAN_POINT('',(-11.3178328196744,-2.30000000476409,
106.924835390045));
#60860=VERTEX_POINT('',#60850);
#60870=EDGE_CURVE('',#60860,#60780,#60840,.T.);
#60880=ORIENTED_EDGE('',*,*,#60870,.T.);
#60890=CARTESIAN_POINT('',(-11.3178328196175,-2.30000000472288,
111.899834134874));
#60900=DIRECTION('',(-1.14326022914241E-11,-8.28277894649956E-12,-1.));
#60910=VECTOR('',#60900,1.);
#60920=LINE('',#60890,#60910);
#60930=CARTESIAN_POINT('',(-11.3178328196538,-2.30000000474918,
108.724835390176));
#60940=VERTEX_POINT('',#60930);
#60950=EDGE_CURVE('',#60940,#60860,#60920,.T.);
#60960=ORIENTED_EDGE('',*,*,#60950,.T.);
#60970=CARTESIAN_POINT('',(3.59209186045678,-2.29999999955102,
108.724835390004));
#60980=DIRECTION('',(-1.,-3.48637443389052E-10,1.14681183365274E-11));
#60990=VECTOR('',#60980,1.);
#61000=LINE('',#60970,#60990);
#61010=CARTESIAN_POINT('',(-10.7065079542712,-2.30000000453605,
108.724835390169));
#61020=VERTEX_POINT('',#61010);
#61030=EDGE_CURVE('',#61020,#60940,#61000,.T.);
#61040=ORIENTED_EDGE('',*,*,#61030,.T.);
#61050=CARTESIAN_POINT('',(-7.53151307933742,-2.30000000340283,
111.899830264992));
#61060=DIRECTION('',(-0.707106781194632,-2.52380714299359E-10,
-0.707106781178464));
#61070=VECTOR('',#61060,1.);
#61080=LINE('',#61050,#61070);
#61090=CARTESIAN_POINT('',(-10.0178328197,-2.30000000429024,
109.413510524723));
#61100=VERTEX_POINT('',#61090);
#61110=EDGE_CURVE('',#61100,#61020,#61080,.T.);
#61120=ORIENTED_EDGE('',*,*,#61110,.T.);
#61130=CARTESIAN_POINT('',(-10.017832819653,-2.30000000426965,
111.899832806184));
#61140=DIRECTION('',(-1.14326022969298E-11,-8.28277894649957E-12,-1.));
#61150=VECTOR('',#61140,1.);
#61160=LINE('',#61130,#61150);
#61170=EDGE_CURVE('',#60120,#61100,#61160,.T.);
#61180=ORIENTED_EDGE('',*,*,#61170,.T.);
#61190=EDGE_LOOP('',(#61180,#61120,#61040,#60960,#60880,#60800,#60720,
#60640,#60560,#60480,#60400,#60320,#60240,#60160));
#61200=FACE_OUTER_BOUND('',#61190,.T.);
#61210=ADVANCED_FACE('',(#60060,#61200),#59080,.T.);
#61220=COLOUR_RGB('',0.980392217636108,0.517647087574005,
0.168627455830574);
#61230=FILL_AREA_STYLE_COLOUR('',#61220);
#61240=FILL_AREA_STYLE('',(#61230));
#61250=SURFACE_STYLE_FILL_AREA(#61240);
#61260=SURFACE_SIDE_STYLE('',(#61250));
#61270=SURFACE_STYLE_USAGE(.BOTH.,#61260);
#61280=PRESENTATION_STYLE_ASSIGNMENT((#61270));
#61290=CARTESIAN_POINT('',(-19.8178328197376,-2.2000000077126,
108.724835390273));
#61300=DIRECTION('',(1.,3.48637443389207E-10,3.46920350459711E-12));
#61310=DIRECTION('',(-3.46920350748479E-12,8.28277894130871E-12,1.));
#61320=AXIS2_PLACEMENT_3D('',#61290,#61300,#61310);
#61330=PLANE('',#61320);
#61340=CARTESIAN_POINT('',(-19.8178328197313,-2.20000000772751,
106.924835390147));
#61350=DIRECTION('',(3.48637443389179E-10,-1.,8.28277894251821E-12));
#61360=VECTOR('',#61350,1.);
#61370=LINE('',#61340,#61360);
#61380=EDGE_CURVE('',#31200,#60380,#61370,.T.);
#61390=ORIENTED_EDGE('',*,*,#61380,.F.);
#61400=ORIENTED_EDGE('',*,*,#60390,.F.);
#61410=CARTESIAN_POINT('',(-19.8178328197376,-2.2000000077126,
108.724835390273));
#61420=DIRECTION('',(3.48637443389179E-10,-1.,8.28277894251821E-12));
#61430=VECTOR('',#61420,1.);
#61440=LINE('',#61410,#61430);
#61450=EDGE_CURVE('',#31220,#60300,#61440,.T.);
#61460=ORIENTED_EDGE('',*,*,#61450,.T.);
#61470=ORIENTED_EDGE('',*,*,#31230,.T.);
#61480=EDGE_LOOP('',(#61470,#61460,#61400,#61390));
#61490=FACE_OUTER_BOUND('',#61480,.T.);
#61500=ADVANCED_FACE('',(#61490),#61330,.T.);
#61510=COLOUR_RGB('',0.560784339904785,0.588235318660736,
0.600000023841858);
#61520=FILL_AREA_STYLE_COLOUR('',#61510);
#61530=FILL_AREA_STYLE('',(#61520));
#61540=SURFACE_STYLE_FILL_AREA(#61530);
#61550=SURFACE_SIDE_STYLE('',(#61540));
#61560=SURFACE_STYLE_USAGE(.BOTH.,#61550);
#61570=PRESENTATION_STYLE_ASSIGNMENT((#61560));
#61580=CARTESIAN_POINT('',(-20.6178328197376,-2.20000000799151,
108.724835390282));
#61590=DIRECTION('',(1.14326022872659E-11,8.28277894650404E-12,1.));
#61600=DIRECTION('',(-1.,-3.48637443389084E-10,1.14326022901536E-11));
#61610=AXIS2_PLACEMENT_3D('',#61580,#61590,#61600);
#61620=PLANE('',#61610);
#61630=ORIENTED_EDGE('',*,*,#61450,.F.);
#61640=ORIENTED_EDGE('',*,*,#60310,.F.);
#61650=CARTESIAN_POINT('',(-20.6178328197376,-2.20000000799151,
108.724835390282));
#61660=DIRECTION('',(3.48637443389179E-10,-1.,8.28277894251821E-12));
#61670=VECTOR('',#61660,1.);
#61680=LINE('',#61650,#61670);
#61690=EDGE_CURVE('',#31300,#60220,#61680,.T.);
#61700=ORIENTED_EDGE('',*,*,#61690,.T.);
#61710=ORIENTED_EDGE('',*,*,#31310,.T.);
#61720=EDGE_LOOP('',(#61710,#61700,#61640,#61630));
#61730=FACE_OUTER_BOUND('',#61720,.T.);
#61740=ADVANCED_FACE('',(#61730),#61620,.T.);
#61750=COLOUR_RGB('',0.560784339904785,0.588235318660736,
0.600000023841858);
#61760=FILL_AREA_STYLE_COLOUR('',#61750);
#61770=FILL_AREA_STYLE('',(#61760));
#61780=SURFACE_STYLE_FILL_AREA(#61770);
#61790=SURFACE_SIDE_STYLE('',(#61780));
#61800=SURFACE_STYLE_USAGE(.BOTH.,#61790);
#61810=PRESENTATION_STYLE_ASSIGNMENT((#61800));
#61820=CARTESIAN_POINT('',(-20.6178328197456,-2.20000000797246,
111.024835390275));
#61830=DIRECTION('',(1.,3.48637443389207E-10,3.46920350459711E-12));
#61840=DIRECTION('',(-3.46920350748479E-12,8.28277894130871E-12,1.));
#61850=AXIS2_PLACEMENT_3D('',#61820,#61830,#61840);
#61860=PLANE('',#61850);
#61870=ORIENTED_EDGE('',*,*,#61690,.F.);
#61880=ORIENTED_EDGE('',*,*,#60230,.F.);
#61890=CARTESIAN_POINT('',(-20.6178328072998,-37.8999999973262,
111.19984364094));
#61900=DIRECTION('',(-3.48637443389207E-10,1.,-1.59116425695732E-13));
#61910=VECTOR('',#61900,1.);
#61920=LINE('',#61890,#61910);
#61930=EDGE_CURVE('',#60140,#31380,#61920,.T.);
#61940=ORIENTED_EDGE('',*,*,#61930,.F.);
#61950=ORIENTED_EDGE('',*,*,#31390,.T.);
#61960=EDGE_LOOP('',(#61950,#61940,#61880,#61870));
#61970=FACE_OUTER_BOUND('',#61960,.T.);
#61980=ADVANCED_FACE('',(#61970),#61860,.T.);
#61990=COLOUR_RGB('',0.560784339904785,0.588235318660736,
0.600000023841858);
#62000=FILL_AREA_STYLE_COLOUR('',#61990);
#62010=FILL_AREA_STYLE('',(#62000));
#62020=SURFACE_STYLE_FILL_AREA(#62010);
#62030=SURFACE_SIDE_STYLE('',(#62020));
#62040=SURFACE_STYLE_USAGE(.BOTH.,#62030);
#62050=PRESENTATION_STYLE_ASSIGNMENT((#62040));
#62060=ORIENTED_EDGE('',*,*,#61930,.T.);
#62070=ORIENTED_EDGE('',*,*,#60150,.T.);
#62080=CARTESIAN_POINT('',(-10.0178328072495,-37.8999999948028,
111.19983280702));
#62090=DIRECTION('',(3.48637443389086E-10,-1.,1.59116425695732E-13));
#62100=VECTOR('',#62090,1.);
#62110=LINE('',#62080,#62100);
#62120=EDGE_CURVE('',#31460,#60120,#62110,.T.);
#62130=ORIENTED_EDGE('',*,*,#62120,.T.);
#62140=ORIENTED_EDGE('',*,*,#31470,.T.);
#62150=EDGE_LOOP('',(#62140,#62130,#62070,#62060));
#62160=FACE_OUTER_BOUND('',#62150,.T.);
#62170=ADVANCED_FACE('',(#62160),#26950,.T.);
#62180=COLOUR_RGB('',0.560784339904785,0.588235318660736,
0.600000023841858);
#62190=FILL_AREA_STYLE_COLOUR('',#62180);
#62200=FILL_AREA_STYLE('',(#62190));
#62210=SURFACE_STYLE_FILL_AREA(#62200);
#62220=SURFACE_SIDE_STYLE('',(#62210));
#62230=SURFACE_STYLE_USAGE(.BOTH.,#62220);
#62240=PRESENTATION_STYLE_ASSIGNMENT((#62230));
#62250=CARTESIAN_POINT('',(-10.0178328197163,-2.20000000429025,
109.413510524741));
#62260=DIRECTION('',(-1.,-3.48637443389084E-10,1.14326023000293E-11));
#62270=DIRECTION('',(-1.14326022971416E-11,-8.28277894650404E-12,-1.));
#62280=AXIS2_PLACEMENT_3D('',#62250,#62260,#62270);
#62290=PLANE('',#62280);
#62300=ORIENTED_EDGE('',*,*,#62120,.F.);
#62310=ORIENTED_EDGE('',*,*,#61170,.F.);
#62320=CARTESIAN_POINT('',(-10.0178328197163,-2.20000000429025,
109.413510524741));
#62330=DIRECTION('',(3.48637443389179E-10,-1.,8.28277894251821E-12));
#62340=VECTOR('',#62330,1.);
#62350=LINE('',#62320,#62340);
#62360=EDGE_CURVE('',#31540,#61100,#62350,.T.);
#62370=ORIENTED_EDGE('',*,*,#62360,.T.);
#62380=ORIENTED_EDGE('',*,*,#31550,.T.);
#62390=EDGE_LOOP('',(#62380,#62370,#62310,#62300));
#62400=FACE_OUTER_BOUND('',#62390,.T.);
#62410=ADVANCED_FACE('',(#62400),#62290,.T.);
#62420=COLOUR_RGB('',0.560784339904785,0.588235318660736,
0.600000023841858);
#62430=FILL_AREA_STYLE_COLOUR('',#62420);
#62440=FILL_AREA_STYLE('',(#62430));
#62450=SURFACE_STYLE_FILL_AREA(#62440);
#62460=SURFACE_SIDE_STYLE('',(#62450));
#62470=SURFACE_STYLE_USAGE(.BOTH.,#62460);
#62480=PRESENTATION_STYLE_ASSIGNMENT((#62470));
#62490=CARTESIAN_POINT('',(-10.7065079543052,-2.20000000453604,
108.724835390168));
#62500=DIRECTION('',(-0.707106781178463,-2.4066709123582E-10,
0.707106781194632));
#62510=DIRECTION('',(-0.707106781194632,-2.52380709556105E-10,
-0.707106781178464));
#62520=AXIS2_PLACEMENT_3D('',#62490,#62500,#62510);
#62530=PLANE('',#62520);
#62540=ORIENTED_EDGE('',*,*,#62360,.F.);
#62550=ORIENTED_EDGE('',*,*,#61110,.F.);
#62560=CARTESIAN_POINT('',(-10.7065079543052,-2.20000000453604,
108.724835390168));
#62570=DIRECTION('',(3.48637443389179E-10,-1.,8.28277894251821E-12));
#62580=VECTOR('',#62570,1.);
#62590=LINE('',#62560,#62580);
#62600=EDGE_CURVE('',#31620,#61020,#62590,.T.);
#62610=ORIENTED_EDGE('',*,*,#62600,.T.);
#62620=ORIENTED_EDGE('',*,*,#31630,.T.);
#62630=EDGE_LOOP('',(#62620,#62610,#62550,#62540));
#62640=FACE_OUTER_BOUND('',#62630,.T.);
#62650=ADVANCED_FACE('',(#62640),#62530,.T.);
#62660=COLOUR_RGB('',0.560784339904785,0.588235318660736,
0.600000023841858);
#62670=FILL_AREA_STYLE_COLOUR('',#62660);
#62680=FILL_AREA_STYLE('',(#62670));
#62690=SURFACE_STYLE_FILL_AREA(#62680);
#62700=SURFACE_SIDE_STYLE('',(#62690));
#62710=SURFACE_STYLE_USAGE(.BOTH.,#62700);
#62720=PRESENTATION_STYLE_ASSIGNMENT((#62710));
#62730=CARTESIAN_POINT('',(-11.3178328197242,-2.20000000474918,
108.724835390175));
#62740=DIRECTION('',(1.1468118328134E-11,8.28277894651642E-12,1.));
#62750=DIRECTION('',(-1.,-3.48637443389084E-10,1.14681183310217E-11));
#62760=AXIS2_PLACEMENT_3D('',#62730,#62740,#62750);
#62770=PLANE('',#62760);
#62780=ORIENTED_EDGE('',*,*,#62600,.F.);
#62790=ORIENTED_EDGE('',*,*,#61030,.F.);
#62800=CARTESIAN_POINT('',(-11.3178328197242,-2.20000000474918,
108.724835390175));
#62810=DIRECTION('',(3.48637443389179E-10,-1.,8.28277894251821E-12));
#62820=VECTOR('',#62810,1.);
#62830=LINE('',#62800,#62820);
#62840=EDGE_CURVE('',#31700,#60940,#62830,.T.);
#62850=ORIENTED_EDGE('',*,*,#62840,.T.);
#62860=ORIENTED_EDGE('',*,*,#31710,.T.);
#62870=EDGE_LOOP('',(#62860,#62850,#62790,#62780));
#62880=FACE_OUTER_BOUND('',#62870,.T.);
#62890=ADVANCED_FACE('',(#62880),#62770,.T.);
#62900=COLOUR_RGB('',0.560784339904785,0.588235318660736,
0.600000023841858);
#62910=FILL_AREA_STYLE_COLOUR('',#62900);
#62920=FILL_AREA_STYLE('',(#62910));
#62930=SURFACE_STYLE_FILL_AREA(#62920);
#62940=SURFACE_SIDE_STYLE('',(#62930));
#62950=SURFACE_STYLE_USAGE(.BOTH.,#62940);
#62960=PRESENTATION_STYLE_ASSIGNMENT((#62950));
#62970=CARTESIAN_POINT('',(-11.3178328197447,-2.20000000476409,
106.924835390044));
#62980=DIRECTION('',(-1.,-3.48637443389084E-10,1.14326023000293E-11));
#62990=DIRECTION('',(-1.14326022971416E-11,-8.28277894650404E-12,-1.));
#63000=AXIS2_PLACEMENT_3D('',#62970,#62980,#62990);
#63010=PLANE('',#63000);
#63020=ORIENTED_EDGE('',*,*,#62840,.F.);
#63030=ORIENTED_EDGE('',*,*,#60950,.F.);
#63040=CARTESIAN_POINT('',(-11.3178328197447,-2.20000000476409,
106.924835390044));
#63050=DIRECTION('',(3.48637443389179E-10,-1.,8.28277894251821E-12));
#63060=VECTOR('',#63050,1.);
#63070=LINE('',#63040,#63060);
#63080=EDGE_CURVE('',#31780,#60860,#63070,.T.);
#63090=ORIENTED_EDGE('',*,*,#63080,.T.);
#63100=ORIENTED_EDGE('',*,*,#31790,.T.);
#63110=EDGE_LOOP('',(#63100,#63090,#63030,#63020));
#63120=FACE_OUTER_BOUND('',#63110,.T.);
#63130=ADVANCED_FACE('',(#63120),#63010,.T.);
#63140=COLOUR_RGB('',0.560784339904785,0.588235318660736,
0.600000023841858);
#63150=FILL_AREA_STYLE_COLOUR('',#63140);
#63160=FILL_AREA_STYLE('',(#63150));
#63170=SURFACE_STYLE_FILL_AREA(#63160);
#63180=SURFACE_SIDE_STYLE('',(#63170));
#63190=SURFACE_STYLE_USAGE(.BOTH.,#63180);
#63200=PRESENTATION_STYLE_ASSIGNMENT((#63190));
#63210=CARTESIAN_POINT('',(-10.7065079541931,-2.20000000455096,
106.924835390037));
#63220=DIRECTION('',(-1.1468118328134E-11,-8.28277894651642E-12,-1.));
#63230=DIRECTION('',(1.,3.48637443389084E-10,-1.14681183310217E-11));
#63240=AXIS2_PLACEMENT_3D('',#63210,#63220,#63230);
#63250=PLANE('',#63240);
#63260=ORIENTED_EDGE('',*,*,#63080,.F.);
#63270=ORIENTED_EDGE('',*,*,#60870,.F.);
#63280=CARTESIAN_POINT('',(-10.7065079541931,-2.20000000455096,
106.924835390037));
#63290=DIRECTION('',(3.48637443389179E-10,-1.,8.28277894251821E-12));
#63300=VECTOR('',#63290,1.);
#63310=LINE('',#63280,#63300);
#63320=EDGE_CURVE('',#31860,#60780,#63310,.T.);
#63330=ORIENTED_EDGE('',*,*,#63320,.T.);
#63340=ORIENTED_EDGE('',*,*,#31870,.T.);
#63350=EDGE_LOOP('',(#63340,#63330,#63270,#63260));
#63360=FACE_OUTER_BOUND('',#63350,.T.);
#63370=ADVANCED_FACE('',(#63360),#63250,.T.);
#63380=COLOUR_RGB('',0.560784339904785,0.588235318660736,
0.600000023841858);
#63390=FILL_AREA_STYLE_COLOUR('',#63380);
#63400=FILL_AREA_STYLE('',(#63390));
#63410=SURFACE_STYLE_FILL_AREA(#63400);
#63420=SURFACE_SIDE_STYLE('',(#63410));
#63430=SURFACE_STYLE_USAGE(.BOTH.,#63420);
#63440=PRESENTATION_STYLE_ASSIGNMENT((#63430));
#63450=CARTESIAN_POINT('',(-10.0178328197526,-2.20000000431656,
106.236160255581));
#63460=DIRECTION('',(-0.707106781194632,-2.52380709556104E-10,
-0.707106781178464));
#63470=DIRECTION('',(0.707106781178464,2.4066709123582E-10,
-0.707106781194632));
#63480=AXIS2_PLACEMENT_3D('',#63450,#63460,#63470);
#63490=PLANE('',#63480);
#63500=ORIENTED_EDGE('',*,*,#63320,.F.);
#63510=ORIENTED_EDGE('',*,*,#60790,.F.);
#63520=CARTESIAN_POINT('',(-10.0178328197526,-2.20000000431656,
106.236160255581));
#63530=DIRECTION('',(3.48637443389179E-10,-1.,8.28277894251821E-12));
#63540=VECTOR('',#63530,1.);
#63550=LINE('',#63520,#63540);
#63560=EDGE_CURVE('',#31940,#60700,#63550,.T.);
#63570=ORIENTED_EDGE('',*,*,#63560,.T.);
#63580=ORIENTED_EDGE('',*,*,#31950,.T.);
#63590=EDGE_LOOP('',(#63580,#63570,#63510,#63500));
#63600=FACE_OUTER_BOUND('',#63590,.T.);
#63610=ADVANCED_FACE('',(#63600),#63490,.T.);
#63620=COLOUR_RGB('',0.560784339904785,0.588235318660736,
0.600000023841858);
#63630=FILL_AREA_STYLE_COLOUR('',#63620);
#63640=FILL_AREA_STYLE('',(#63630));
#63650=SURFACE_STYLE_FILL_AREA(#63640);
#63660=SURFACE_SIDE_STYLE('',(#63650));
#63670=SURFACE_STYLE_USAGE(.BOTH.,#63660);
#63680=PRESENTATION_STYLE_ASSIGNMENT((#63670));
#63690=CARTESIAN_POINT('',(-10.017832819771,-2.20000000432992,
104.624835390183));
#63700=DIRECTION('',(-1.,-3.48637443389084E-10,1.14326023000293E-11));
#63710=DIRECTION('',(-1.14326022971416E-11,-8.28277894650404E-12,-1.));
#63720=AXIS2_PLACEMENT_3D('',#63690,#63700,#63710);
#63730=PLANE('',#63720);
#63740=ORIENTED_EDGE('',*,*,#63560,.F.);
#63750=ORIENTED_EDGE('',*,*,#60710,.F.);
#63760=CARTESIAN_POINT('',(-10.0178328073267,-37.8999999948053,
104.449832807082));
#63770=DIRECTION('',(3.48637443389086E-10,-1.,1.5923923575525E-13));
#63780=VECTOR('',#63770,1.);
#63790=LINE('',#63760,#63780);
#63800=EDGE_CURVE('',#32020,#60620,#63790,.T.);
#63810=ORIENTED_EDGE('',*,*,#63800,.T.);
#63820=ORIENTED_EDGE('',*,*,#32030,.T.);
#63830=EDGE_LOOP('',(#63820,#63810,#63750,#63740));
#63840=FACE_OUTER_BOUND('',#63830,.T.);
#63850=ADVANCED_FACE('',(#63840),#63730,.T.);
#63860=COLOUR_RGB('',0.560784339904785,0.588235318660736,
0.600000023841858);
#63870=FILL_AREA_STYLE_COLOUR('',#63860);
#63880=FILL_AREA_STYLE('',(#63870));
#63890=SURFACE_STYLE_FILL_AREA(#63880);
#63900=SURFACE_SIDE_STYLE('',(#63890));
#63910=SURFACE_STYLE_USAGE(.BOTH.,#63900);
#63920=PRESENTATION_STYLE_ASSIGNMENT((#63910));
#63930=ORIENTED_EDGE('',*,*,#63800,.F.);
#63940=ORIENTED_EDGE('',*,*,#60630,.F.);
#63950=CARTESIAN_POINT('',(-20.6178328072764,-37.8999999973287,
104.44984364101));
#63960=DIRECTION('',(-3.48637443389207E-10,1.,-1.5923923575525E-13));
#63970=VECTOR('',#63960,1.);
#63980=LINE('',#63950,#63970);
#63990=EDGE_CURVE('',#60540,#32100,#63980,.T.);
#64000=ORIENTED_EDGE('',*,*,#63990,.F.);
#64010=ORIENTED_EDGE('',*,*,#32110,.F.);
#64020=EDGE_LOOP('',(#64010,#64000,#63940,#63930));
#64030=FACE_OUTER_BOUND('',#64020,.T.);
#64040=ADVANCED_FACE('',(#64030),#45540,.F.);
#64050=COLOUR_RGB('',0.560784339904785,0.588235318660736,
0.600000023841858);
#64060=FILL_AREA_STYLE_COLOUR('',#64050);
#64070=FILL_AREA_STYLE('',(#64060));
#64080=SURFACE_STYLE_FILL_AREA(#64070);
#64090=SURFACE_SIDE_STYLE('',(#64080));
#64100=SURFACE_STYLE_USAGE(.BOTH.,#64090);
#64110=PRESENTATION_STYLE_ASSIGNMENT((#64100));
#64120=CARTESIAN_POINT('',(-20.6178328197313,-2.20000000800642,
106.924835390144));
#64130=DIRECTION('',(1.,3.48637443389207E-10,3.46920350459711E-12));
#64140=DIRECTION('',(-3.46920350748479E-12,8.28277894130871E-12,1.));
#64150=AXIS2_PLACEMENT_3D('',#64120,#64130,#64140);
#64160=PLANE('',#64150);
#64170=ORIENTED_EDGE('',*,*,#63990,.T.);
#64180=ORIENTED_EDGE('',*,*,#60550,.F.);
#64190=CARTESIAN_POINT('',(-20.6178328197313,-2.20000000800642,
106.924835390144));
#64200=DIRECTION('',(3.48637443389179E-10,-1.,8.28277894251821E-12));
#64210=VECTOR('',#64200,1.);
#64220=LINE('',#64190,#64210);
#64230=EDGE_CURVE('',#32180,#60460,#64220,.T.);
#64240=ORIENTED_EDGE('',*,*,#64230,.T.);
#64250=ORIENTED_EDGE('',*,*,#32190,.T.);
#64260=EDGE_LOOP('',(#64250,#64240,#64180,#64170));
#64270=FACE_OUTER_BOUND('',#64260,.T.);
#64280=ADVANCED_FACE('',(#64270),#64160,.T.);
#64290=COLOUR_RGB('',0.560784339904785,0.588235318660736,
0.600000023841858);
#64300=FILL_AREA_STYLE_COLOUR('',#64290);
#64310=FILL_AREA_STYLE('',(#64300));
#64320=SURFACE_STYLE_FILL_AREA(#64310);
#64330=SURFACE_SIDE_STYLE('',(#64320));
#64340=SURFACE_STYLE_USAGE(.BOTH.,#64330);
#64350=PRESENTATION_STYLE_ASSIGNMENT((#64340));
#64360=CARTESIAN_POINT('',(-19.8178328197313,-2.20000000772751,
106.924835390147));
#64370=DIRECTION('',(3.46920351587819E-12,-8.28277894130871E-12,-1.));
#64380=DIRECTION('',(1.,3.48637443389207E-10,3.46920351299051E-12));
#64390=AXIS2_PLACEMENT_3D('',#64360,#64370,#64380);
#64400=PLANE('',#64390);
#64410=ORIENTED_EDGE('',*,*,#64230,.F.);
#64420=ORIENTED_EDGE('',*,*,#60470,.F.);
#64430=ORIENTED_EDGE('',*,*,#61380,.T.);
#64440=ORIENTED_EDGE('',*,*,#32250,.T.);
#64450=EDGE_LOOP('',(#64440,#64430,#64420,#64410));
#64460=FACE_OUTER_BOUND('',#64450,.T.);
#64470=ADVANCED_FACE('',(#64460),#64400,.T.);
#64480=COLOUR_RGB('',0.560784339904785,0.588235318660736,
0.600000023841858);
#64490=FILL_AREA_STYLE_COLOUR('',#64480);
#64500=FILL_AREA_STYLE('',(#64490));
#64510=SURFACE_STYLE_FILL_AREA(#64500);
#64520=SURFACE_SIDE_STYLE('',(#64510));
#64530=SURFACE_STYLE_USAGE(.BOTH.,#64520);
#64540=PRESENTATION_STYLE_ASSIGNMENT((#64530));
#64550=CARTESIAN_POINT('',(16.0821670029574,-3.19999999522205,
105.64211299395));
#64560=DIRECTION('',(-3.48637443389179E-10,1.,-8.28277894251821E-12));
#64570=DIRECTION('',(-1.,-3.48637443389127E-10,6.18678185396702E-12));
#64580=AXIS2_PLACEMENT_3D('',#64550,#64560,#64570);
#64590=PLANE('',#64580);
#64600=CARTESIAN_POINT('',(18.1446783396276,-3.19999999445115,
111.899804022138));
#64610=DIRECTION('',(-5.2458204516449E-12,8.28277894053332E-12,1.));
#64620=VECTOR('',#64610,1.);
#64630=LINE('',#64600,#64620);
#64640=CARTESIAN_POINT('',(18.1446783396859,-3.19999999447693,
108.785354315894));
#64650=VERTEX_POINT('',#64640);
#64660=CARTESIAN_POINT('',(18.1446783398788,-3.19999999446345,
110.415079463974));
#64670=VERTEX_POINT('',#64660);
#64680=EDGE_CURVE('',#64650,#64670,#64630,.T.);
#64690=ORIENTED_EDGE('',*,*,#64680,.F.);
#64700=CARTESIAN_POINT('',(3.59207881655139,-3.19999999965674,
95.9623777864683));
#64710=DIRECTION('',(-0.709537936170166,-2.53208112837333E-10,
-0.704667238585264));
#64720=VECTOR('',#64710,1.);
#64730=LINE('',#64700,#64720);
#64740=CARTESIAN_POINT('',(16.3374002477115,-3.19999999510841,
108.620207621832));
#64750=VERTEX_POINT('',#64740);
#64760=EDGE_CURVE('',#64670,#64750,#64730,.T.);
#64770=ORIENTED_EDGE('',*,*,#64760,.F.);
#64780=CARTESIAN_POINT('',(13.0738171208811,-3.19999999621904,
111.899809204911));
#64790=DIRECTION('',(-0.705373590067934,-2.40048549569598E-10,
0.70883573445099));
#64800=VECTOR('',#64790,1.);
#64810=LINE('',#64780,#64800);
#64820=CARTESIAN_POINT('',(14.5196556666871,-3.19999999572699,
110.446874133064));
#64830=VERTEX_POINT('',#64820);
#64840=EDGE_CURVE('',#64750,#64830,#64810,.T.);
#64850=ORIENTED_EDGE('',*,*,#64840,.F.);
#64860=CARTESIAN_POINT('',(14.5196556666795,-3.19999999571496,
111.899807727163));
#64870=DIRECTION('',(5.2458204516449E-12,-8.28277894063961E-12,-1.));
#64880=VECTOR('',#64870,1.);
#64890=LINE('',#64860,#64880);
#64900=CARTESIAN_POINT('',(14.5196556666959,-3.19999999574085,
108.774892644666));
#64910=VERTEX_POINT('',#64900);
#64920=EDGE_CURVE('',#64830,#64910,#64890,.T.);
#64930=ORIENTED_EDGE('',*,*,#64920,.F.);
#64940=CARTESIAN_POINT('',(3.59210300585321,-3.19999999946069,
119.629359343354));
#64950=DIRECTION('',(0.70947536727759,2.41512593004779E-10,
-0.70473023436371));
#64960=VECTOR('',#64950,1.);
#64970=LINE('',#64940,#64960);
#64980=CARTESIAN_POINT('',(15.5063174505342,-3.19999999540499,
107.794829879687));
#64990=VERTEX_POINT('',#64980);
#65000=EDGE_CURVE('',#64910,#64990,#64970,.T.);
#65010=ORIENTED_EDGE('',*,*,#65000,.F.);
#65020=CARTESIAN_POINT('',(3.59207881655139,-3.19999999965674,
95.9623777864683));
#65030=DIRECTION('',(-0.709537936170165,-2.53208112837332E-10,
-0.704667238585265));
#65040=VECTOR('',#65030,1.);
#65050=LINE('',#65020,#65040);
#65060=CARTESIAN_POINT('',(14.5196556667487,-3.19999999575709,
106.814941139205));
#65070=VERTEX_POINT('',#65060);
#65080=EDGE_CURVE('',#64990,#65070,#65050,.T.);
#65090=ORIENTED_EDGE('',*,*,#65080,.F.);
#65100=CARTESIAN_POINT('',(14.5196556666795,-3.19999999571496,
111.899807727163));
#65110=DIRECTION('',(5.24628311311091E-12,-8.28277894053321E-12,-1.));
#65120=VECTOR('',#65110,1.);
#65130=LINE('',#65100,#65120);
#65140=CARTESIAN_POINT('',(14.5196556667149,-3.19999999577092,
105.143548784644));
#65150=VERTEX_POINT('',#65140);
#65160=EDGE_CURVE('',#65070,#65150,#65130,.T.);
#65170=ORIENTED_EDGE('',*,*,#65160,.F.);
#65180=CARTESIAN_POINT('',(21.2447722944799,-3.19999999337034,
111.899800853626));
#65190=DIRECTION('',(0.705471825063481,2.51824217871614E-10,
0.708737965712012));
#65200=VECTOR('',#65190,1.);
#65210=LINE('',#65180,#65200);
#65220=CARTESIAN_POINT('',(16.337198305082,-3.19999999512213,
106.969506145521));
#65230=VERTEX_POINT('',#65220);
#65240=EDGE_CURVE('',#65150,#65230,#65210,.T.);
#65250=ORIENTED_EDGE('',*,*,#65240,.F.);
#65260=CARTESIAN_POINT('',(3.59210300585321,-3.1999999994607,
119.629359343354));
#65270=DIRECTION('',(0.70947536727759,2.41512593004778E-10,
-0.70473023436371));
#65280=VECTOR('',#65270,1.);
#65290=LINE('',#65260,#65280);
#65300=CARTESIAN_POINT('',(18.1446783396629,-3.19999999450685,
105.174114948902));
#65310=VERTEX_POINT('',#65300);
#65320=EDGE_CURVE('',#65230,#65310,#65290,.T.);
#65330=ORIENTED_EDGE('',*,*,#65320,.F.);
#65340=CARTESIAN_POINT('',(18.1446783396276,-3.19999999445115,
111.899804022138));
#65350=DIRECTION('',(-5.2458204516449E-12,8.28277894053332E-12,1.));
#65360=VECTOR('',#65350,1.);
#65370=LINE('',#65340,#65360);
#65380=CARTESIAN_POINT('',(18.1446783396967,-3.19999999449335,
106.804058971348));
#65390=VERTEX_POINT('',#65380);
#65400=EDGE_CURVE('',#65310,#65390,#65370,.T.);
#65410=ORIENTED_EDGE('',*,*,#65400,.F.);
#65420=CARTESIAN_POINT('',(13.0738171208811,-3.19999999621904,
111.899809204911));
#65430=DIRECTION('',(-0.705373590067934,-2.40048577431196E-10,
0.70883573445099));
#65440=VECTOR('',#65430,1.);
#65450=LINE('',#65420,#65440);
#65460=CARTESIAN_POINT('',(17.1587326264469,-3.19999999482889,
107.7948439449));
#65470=VERTEX_POINT('',#65460);
#65480=EDGE_CURVE('',#65390,#65470,#65450,.T.);
#65490=ORIENTED_EDGE('',*,*,#65480,.F.);
#65500=CARTESIAN_POINT('',(21.2447722944799,-3.19999999337033,
111.899800853626));
#65510=DIRECTION('',(0.705471825063481,2.51824217871614E-10,
0.708737965712013));
#65520=VECTOR('',#65510,1.);
#65530=LINE('',#65500,#65520);
#65540=EDGE_CURVE('',#65470,#64650,#65530,.T.);
#65550=ORIENTED_EDGE('',*,*,#65540,.F.);
#65560=EDGE_LOOP('',(#65550,#65490,#65410,#65330,#65250,#65170,#65090,
#65010,#64930,#64850,#64770,#64690));
#65570=FACE_OUTER_BOUND('',#65560,.T.);
#65580=ADVANCED_FACE('',(#65570),#64590,.T.);
#65590=COLOUR_RGB('',0.980392217636108,0.517647087574005,
0.168627455830574);
#65600=FILL_AREA_STYLE_COLOUR('',#65590);
#65610=FILL_AREA_STYLE('',(#65600));
#65620=SURFACE_STYLE_FILL_AREA(#65610);
#65630=SURFACE_SIDE_STYLE('',(#65620));
#65640=SURFACE_STYLE_USAGE(.BOTH.,#65630);
#65650=PRESENTATION_STYLE_ASSIGNMENT((#65640));
#65660=CARTESIAN_POINT('',(-6.98632346470602,-2.20000000846586,
100.274367308245));
#65670=DIRECTION('',(-0.702048523141905,0.0871557421084623,
-0.706775599304187));
#65680=DIRECTION('',(-0.709475367264074,-4.99054975932946E-10,
0.704730234377317));
#65690=AXIS2_PLACEMENT_3D('',#65660,#65670,#65680);
#65700=PLANE('',#65690);
#65710=ORIENTED_EDGE('',*,*,#59810,.F.);
#65720=CARTESIAN_POINT('',(-17.6556617859292,-0.0531051364183028,
111.137090122497));
#65730=DIRECTION('',(-0.0853052428417332,0.975043377055927,
0.204971774649794));
#65740=VECTOR('',#65730,1.);
#65750=LINE('',#65720,#65740);
#65760=CARTESIAN_POINT('',(-17.3803441565433,-3.20000000684829,
110.475555832463));
#65770=VERTEX_POINT('',#65760);
#65780=EDGE_CURVE('',#65770,#59720,#65750,.T.);
#65790=ORIENTED_EDGE('',*,*,#65780,.T.);
#65800=CARTESIAN_POINT('',(3.59207235812423,-3.19999999970908,
89.6434076183928));
#65810=DIRECTION('',(-0.709475367248195,-2.41512592995283E-10,
0.704730234393303));
#65820=VECTOR('',#65810,1.);
#65830=LINE('',#65800,#65820);
#65840=CARTESIAN_POINT('',(-15.5728641203578,-3.20000000623301,
108.680164636468));
#65850=VERTEX_POINT('',#65840);
#65860=EDGE_CURVE('',#65850,#65770,#65830,.T.);
#65870=ORIENTED_EDGE('',*,*,#65860,.T.);
#65880=CARTESIAN_POINT('',(-15.5739663702231,-0.0531051349557927,
109.069317559976));
#65890=DIRECTION('',(0.000347617773408115,-0.992440325600593,
-0.122727663074274));
#65900=VECTOR('',#65890,1.);
#65910=LINE('',#65880,#65900);
#65920=EDGE_CURVE('',#59800,#65850,#65910,.T.);
#65930=ORIENTED_EDGE('',*,*,#65920,.T.);
#65940=EDGE_LOOP('',(#65930,#65870,#65790,#65710));
#65950=FACE_OUTER_BOUND('',#65940,.T.);
#65960=ADVANCED_FACE('',(#65950),#65700,.T.);
#65970=COLOUR_RGB('',0.980392217636108,0.517647087574005,
0.168627455830574);
#65980=FILL_AREA_STYLE_COLOUR('',#65970);
#65990=FILL_AREA_STYLE('',(#65980));
#66000=SURFACE_STYLE_FILL_AREA(#65990);
#66010=SURFACE_SIDE_STYLE('',(#66000));
#66020=SURFACE_STYLE_USAGE(.BOTH.,#66010);
#66030=PRESENTATION_STYLE_ASSIGNMENT((#66020));
#66040=CARTESIAN_POINT('',(-13.6678328200033,-2.20000001438354,
74.5070987651841));
#66050=DIRECTION('',(-0.996194698171862,0.0871557418319252,
7.57780268423463E-13));
#66060=DIRECTION('',(0.0871557418319252,0.996194698171862,
5.43702596794175E-13));
#66070=AXIS2_PLACEMENT_3D('',#66040,#66050,#66060);
#66080=PLANE('',#66070);
#66090=CARTESIAN_POINT('',(-13.4800038581037,-0.0531051334870796,
111.172974542917));
#66100=DIRECTION('',(0.0852763274570103,0.974712893338793,
0.206549566774089));
#66110=VECTOR('',#66100,1.);
#66120=LINE('',#66090,#66110);
#66130=CARTESIAN_POINT('',(-13.7553214818057,-3.20000000558423,
110.506121996703));
#66140=VERTEX_POINT('',#66130);
#66150=EDGE_CURVE('',#66140,#59880,#66120,.T.);
#66160=ORIENTED_EDGE('',*,*,#66150,.T.);
#66170=CARTESIAN_POINT('',(-13.7553214818036,-3.20000000557268,
111.899836626157));
#66180=DIRECTION('',(1.48532411799129E-12,8.28277894290972E-12,1.));
#66190=VECTOR('',#66180,1.);
#66200=LINE('',#66170,#66190);
#66210=CARTESIAN_POINT('',(-13.7553214818082,-3.20000000559807,
108.834729642243));
#66220=VERTEX_POINT('',#66210);
#66230=EDGE_CURVE('',#66220,#66140,#66200,.T.);
#66240=ORIENTED_EDGE('',*,*,#66230,.T.);
#66250=CARTESIAN_POINT('',(-13.4800038581054,-0.0531051334856656,
108.720133493054));
#66260=DIRECTION('',(0.0870984488221183,0.995539836066568,
-0.0362532069937415));
#66270=VECTOR('',#66260,1.);
#66280=LINE('',#66250,#66270);
#66290=EDGE_CURVE('',#66220,#59960,#66280,.T.);
#66300=ORIENTED_EDGE('',*,*,#66290,.F.);
#66310=ORIENTED_EDGE('',*,*,#59970,.F.);
#66320=EDGE_LOOP('',(#66310,#66300,#66240,#66160));
#66330=FACE_OUTER_BOUND('',#66320,.T.);
#66340=ADVANCED_FACE('',(#66330),#66080,.T.);
#66350=COLOUR_RGB('',0.980392217636108,0.517647087574005,
0.168627455830574);
#66360=FILL_AREA_STYLE_COLOUR('',#66350);
#66370=FILL_AREA_STYLE('',(#66360));
#66380=SURFACE_STYLE_FILL_AREA(#66370);
#66390=SURFACE_SIDE_STYLE('',(#66380));
#66400=SURFACE_STYLE_USAGE(.BOTH.,#66390);
#66410=PRESENTATION_STYLE_ASSIGNMENT((#66400));
#66420=CARTESIAN_POINT('',(-17.4678328200033,-2.20000001787662,
74.5070987652277));
#66430=DIRECTION('',(0.996194698011629,0.0871557436633911,
7.58241184780621E-13));
#66440=DIRECTION('',(0.0871557436633911,-0.996194698011629,
-5.43662271831957E-13));
#66450=AXIS2_PLACEMENT_3D('',#66420,#66430,#66440);
#66460=PLANE('',#66450);
#66470=CARTESIAN_POINT('',(-17.6556617859275,-0.0531051364169173,
108.731966139219));
#66480=DIRECTION('',(-0.0870993961877861,0.995550643425467,
-0.0359529075161183));
#66490=VECTOR('',#66480,1.);
#66500=LINE('',#66470,#66490);
#66510=CARTESIAN_POINT('',(-17.3803441562971,-3.20000000686179,
108.845611809324));
#66520=VERTEX_POINT('',#66510);
#66530=EDGE_CURVE('',#66520,#59640,#66500,.T.);
#66540=ORIENTED_EDGE('',*,*,#66530,.T.);
#66550=CARTESIAN_POINT('',(-17.3803441565454,-3.20000000683649,
111.899840331183));
#66560=DIRECTION('',(1.48578681058576E-12,-8.28277894192983E-12,-1.));
#66570=VECTOR('',#66560,1.);
#66580=LINE('',#66550,#66570);
#66590=EDGE_CURVE('',#65770,#66520,#66580,.T.);
#66600=ORIENTED_EDGE('',*,*,#66590,.T.);
#66610=ORIENTED_EDGE('',*,*,#65780,.F.);
#66620=ORIENTED_EDGE('',*,*,#59730,.F.);
#66630=EDGE_LOOP('',(#66620,#66610,#66600,#66540));
#66640=FACE_OUTER_BOUND('',#66630,.T.);
#66650=ADVANCED_FACE('',(#66640),#66460,.T.);
#66660=COLOUR_RGB('',0.980392217636108,0.517647087574005,
0.168627455830574);
#66670=FILL_AREA_STYLE_COLOUR('',#66660);
#66680=FILL_AREA_STYLE('',(#66670));
#66690=SURFACE_STYLE_FILL_AREA(#66680);
#66700=SURFACE_SIDE_STYLE('',(#66690));
#66710=SURFACE_STYLE_USAGE(.BOTH.,#66700);
#66720=PRESENTATION_STYLE_ASSIGNMENT((#66710));
#66730=CARTESIAN_POINT('',(-49.7118900833102,-2.20000004751635,
74.5070987655975));
#66740=DIRECTION('',(0.706041003694833,0.087155743402787,
-0.702787291784293));
#66750=DIRECTION('',(-0.705471825076311,-4.95382314121918E-10,
-0.708737965699242));
#66760=AXIS2_PLACEMENT_3D('',#66730,#66740,#66750);
#66770=PLANE('',#66760);
#66780=ORIENTED_EDGE('',*,*,#65920,.F.);
#66790=CARTESIAN_POINT('',(-12.3680310458586,-3.20000000508902,
111.89983520825));
#66800=DIRECTION('',(-0.705471825091413,-2.51824217881299E-10,
-0.708737965684209));
#66810=VECTOR('',#66800,1.);
#66820=LINE('',#66790,#66810);
#66830=EDGE_CURVE('',#66140,#65850,#66820,.T.);
#66840=ORIENTED_EDGE('',*,*,#66830,.T.);
#66850=ORIENTED_EDGE('',*,*,#66150,.F.);
#66860=ORIENTED_EDGE('',*,*,#59890,.F.);
#66870=EDGE_LOOP('',(#66860,#66850,#66840,#66780));
#66880=FACE_OUTER_BOUND('',#66870,.T.);
#66890=ADVANCED_FACE('',(#66880),#66770,.T.);
#66900=COLOUR_RGB('',0.980392217636108,0.517647087574005,
0.168627455830574);
#66910=FILL_AREA_STYLE_COLOUR('',#66900);
#66920=FILL_AREA_STYLE('',(#66910));
#66930=SURFACE_STYLE_FILL_AREA(#66920);
#66940=SURFACE_SIDE_STYLE('',(#66930));
#66950=SURFACE_STYLE_USAGE(.BOTH.,#66940);
#66960=PRESENTATION_STYLE_ASSIGNMENT((#66950));
#66970=CARTESIAN_POINT('',(7.88217040297867,-7.89999999214569,
107.824814511324));
#66980=DIRECTION('',(-2.79019548137134E-11,1.,-4.16790291991449E-13));
#66990=DIRECTION('',(-0.999999999999478,-2.79019543877003E-11,
1.02209336917649E-6));
#67000=AXIS2_PLACEMENT_3D('',#66970,#66980,#66990);
#67010=CYLINDRICAL_SURFACE('',#67000,2.7);
#67020=CARTESIAN_POINT('',(7.88217040297867,-7.89999999214569,
107.824814511324));
#67030=DIRECTION('',(-2.79019548137134E-11,1.,-4.16790291991449E-13));
#67040=DIRECTION('',(-0.999999999999478,-2.79019543877003E-11,
1.02209336917649E-6));
#67050=AXIS2_PLACEMENT_3D('',#67020,#67030,#67040);
#67060=CIRCLE('',#67050,2.7);
#67070=CARTESIAN_POINT('',(9.16645278433424,-7.89999999210887,
110.199813198679));
#67080=VERTEX_POINT('',#67070);
#67090=CARTESIAN_POINT('',(10.5821704029773,-7.89999999207036,
107.824811751672));
#67100=VERTEX_POINT('',#67090);
#67110=EDGE_CURVE('',#67080,#67100,#67060,.T.);
#67120=ORIENTED_EDGE('',*,*,#67110,.F.);
#67130=CARTESIAN_POINT('',(10.5821704029773,-7.89999999207036,
107.824811751672));
#67140=DIRECTION('',(-2.79019548137134E-11,1.,-4.16790291991449E-13));
#67150=VECTOR('',#67140,1.);
#67160=LINE('',#67130,#67150);
#67170=EDGE_CURVE('',#67100,#42870,#67160,.T.);
#67180=ORIENTED_EDGE('',*,*,#67170,.F.);
#67190=ORIENTED_EDGE('',*,*,#42900,.F.);
#67200=CARTESIAN_POINT('',(5.18217040298008,-7.89999999222103,
107.824817270976));
#67210=DIRECTION('',(-2.79019548137134E-11,1.,-4.16790291991449E-13));
#67220=VECTOR('',#67210,1.);
#67230=LINE('',#67200,#67220);
#67240=CARTESIAN_POINT('',(5.18217040298008,-7.89999999222103,
107.824817270976));
#67250=VERTEX_POINT('',#67240);
#67260=EDGE_CURVE('',#67250,#42890,#67230,.T.);
#67270=ORIENTED_EDGE('',*,*,#67260,.T.);
#67280=EDGE_CURVE('',#67250,#67080,#67060,.T.);
#67290=ORIENTED_EDGE('',*,*,#67280,.F.);
#67300=EDGE_LOOP('',(#67290,#67270,#67190,#67180,#67120));
#67310=FACE_OUTER_BOUND('',#67300,.T.);
#67320=ADVANCED_FACE('',(#67310),#67010,.F.);
#67330=COLOUR_RGB('',0.560784339904785,0.588235318660736,
0.600000023841858);
#67340=FILL_AREA_STYLE_COLOUR('',#67330);
#67350=FILL_AREA_STYLE('',(#67340));
#67360=SURFACE_STYLE_FILL_AREA(#67350);
#67370=SURFACE_SIDE_STYLE('',(#67360));
#67380=SURFACE_STYLE_USAGE(.BOTH.,#67370);
#67390=PRESENTATION_STYLE_ASSIGNMENT((#67380));
#67400=CARTESIAN_POINT('',(9.03216719541548,-18.0780606854316,
105.106697699327));
#67410=DIRECTION('',(-1.,-6.95513259454266E-10,-1.8700163144598E-12));
#67420=DIRECTION('',(6.95513259454099E-10,-1.,8.92612073815824E-11));
#67430=AXIS2_PLACEMENT_3D('',#67400,#67410,#67420);
#67440=PLANE('',#67430);
#67450=CARTESIAN_POINT('',(9.03216719452317,-16.7999999994084,
106.920123456824));
#67460=DIRECTION('',(1.87001631407347E-12,5.76770608927815E-13,-1.));
#67470=VECTOR('',#67460,1.);
#67480=LINE('',#67450,#67470);
#67490=EDGE_CURVE('',#38610,#39300,#67480,.T.);
#67500=ORIENTED_EDGE('',*,*,#67490,.T.);
#67510=ORIENTED_EDGE('',*,*,#38620,.F.);
#67520=ORIENTED_EDGE('',*,*,#37830,.F.);
#67530=ORIENTED_EDGE('',*,*,#39370,.F.);
#67540=EDGE_LOOP('',(#67530,#67520,#67510,#67500));
#67550=FACE_OUTER_BOUND('',#67540,.T.);
#67560=ADVANCED_FACE('',(#67550),#67440,.T.);
#67570=COLOUR_RGB('',0.823529481887817,0.823529481887817,
0.784313797950745);
#67580=FILL_AREA_STYLE_COLOUR('',#67570);
#67590=FILL_AREA_STYLE('',(#67580));
#67600=SURFACE_STYLE_FILL_AREA(#67590);
#67610=SURFACE_SIDE_STYLE('',(#67600));
#67620=SURFACE_STYLE_USAGE(.BOTH.,#67610);
#67630=PRESENTATION_STYLE_ASSIGNMENT((#67620));
#67640=CARTESIAN_POINT('',(6.59789269895714,-7.89999999218061,
110.026049640133));
#67650=DIRECTION('',(-2.79019548137135E-11,1.,-4.16790291991449E-13));
#67660=DIRECTION('',(0.999999999999478,2.79019543877003E-11,
-1.02209336917649E-6));
#67670=AXIS2_PLACEMENT_3D('',#67640,#67650,#67660);
#67680=PLANE('',#67670);
#67690=EDGE_CURVE('',#67100,#67250,#67060,.T.);
#67700=ORIENTED_EDGE('',*,*,#67690,.T.);
#67710=ORIENTED_EDGE('',*,*,#67110,.T.);
#67720=ORIENTED_EDGE('',*,*,#67280,.T.);
#67730=EDGE_LOOP('',(#67720,#67710,#67700));
#67740=FACE_OUTER_BOUND('',#67730,.T.);
#67750=CARTESIAN_POINT('',(7.88217040262473,-7.89999999214569,
107.824814511324));
#67760=DIRECTION('',(-7.09075296250155E-10,1.,-2.07573643504986E-13));
#67770=DIRECTION('',(-0.999999999999478,-7.09075296037625E-10,
1.02209149916018E-6));
#67780=AXIS2_PLACEMENT_3D('',#67750,#67760,#67770);
#67790=CIRCLE('',#67780,2.1);
#67800=CARTESIAN_POINT('',(5.78217040262582,-7.89999999363475,
107.824816657716));
#67810=VERTEX_POINT('',#67800);
#67820=CARTESIAN_POINT('',(9.98217040262363,-7.89999999065663,
107.824812364932));
#67830=VERTEX_POINT('',#67820);
#67840=EDGE_CURVE('',#67810,#67830,#67790,.T.);
#67850=ORIENTED_EDGE('',*,*,#67840,.F.);
#67860=EDGE_CURVE('',#67830,#67810,#67790,.T.);
#67870=ORIENTED_EDGE('',*,*,#67860,.F.);
#67880=EDGE_LOOP('',(#67870,#67850));
#67890=FACE_BOUND('',#67880,.T.);
#67900=ADVANCED_FACE('',(#67740,#67890),#67680,.T.);
#67910=COLOUR_RGB('',0.560784339904785,0.588235318660736,
0.600000023841858);
#67920=FILL_AREA_STYLE_COLOUR('',#67910);
#67930=FILL_AREA_STYLE('',(#67920));
#67940=SURFACE_STYLE_FILL_AREA(#67930);
#67950=SURFACE_SIDE_STYLE('',(#67940));
#67960=SURFACE_STYLE_USAGE(.BOTH.,#67950);
#67970=PRESENTATION_STYLE_ASSIGNMENT((#67960));
#67980=CARTESIAN_POINT('',(16.0821670029574,-3.19999999522205,
105.64211299395));
#67990=DIRECTION('',(-3.48637443389179E-10,1.,-8.28277894251821E-12));
#68000=DIRECTION('',(-1.,-3.48637443389127E-10,6.18678185396702E-12));
#68010=AXIS2_PLACEMENT_3D('',#67980,#67990,#68000);
#68020=PLANE('',#68010);
#68030=ORIENTED_EDGE('',*,*,#66830,.F.);
#68040=ORIENTED_EDGE('',*,*,#65860,.F.);
#68050=ORIENTED_EDGE('',*,*,#66590,.F.);
#68060=CARTESIAN_POINT('',(-20.4196580959635,-3.20000000789612,
111.899843437573));
#68070=DIRECTION('',(0.705373590089922,2.40048549577326E-10,
-0.708835734429109));
#68080=VECTOR('',#68070,1.);
#68090=LINE('',#68060,#68080);
#68100=CARTESIAN_POINT('',(-16.3943984430166,-3.20000000652626,
107.854826835802));
#68110=VERTEX_POINT('',#68100);
#68120=EDGE_CURVE('',#66520,#68110,#68090,.T.);
#68130=ORIENTED_EDGE('',*,*,#68120,.F.);
#68140=CARTESIAN_POINT('',(-12.3680310458586,-3.20000000508902,
111.89983520825));
#68150=DIRECTION('',(-0.705471825091412,-2.51824217881299E-10,
-0.70873796568421));
#68160=VECTOR('',#68150,1.);
#68170=LINE('',#68140,#68160);
#68180=CARTESIAN_POINT('',(-17.380344156538,-3.2000000068782,
106.864316465573));
#68190=VERTEX_POINT('',#68180);
#68200=EDGE_CURVE('',#68110,#68190,#68170,.T.);
#68210=ORIENTED_EDGE('',*,*,#68200,.F.);
#68220=CARTESIAN_POINT('',(-17.3803441565454,-3.20000000683649,
111.899840331183));
#68230=DIRECTION('',(1.48578681058576E-12,-8.28277894192983E-12,-1.));
#68240=VECTOR('',#68230,1.);
#68250=LINE('',#68220,#68240);
#68260=CARTESIAN_POINT('',(-17.3803441565355,-3.2000000068917,
105.23459131729));
#68270=VERTEX_POINT('',#68260);
#68280=EDGE_CURVE('',#68190,#68270,#68250,.T.);
#68290=ORIENTED_EDGE('',*,*,#68280,.F.);
#68300=CARTESIAN_POINT('',(3.59210958156075,-3.1999999994074,
126.063077446149));
#68310=DIRECTION('',(0.709537936149641,2.53208112829409E-10,
0.704667238605931));
#68320=VECTOR('',#68310,1.);
#68330=LINE('',#68300,#68320);
#68340=CARTESIAN_POINT('',(-15.5730660642558,-3.20000000624675,
107.029463158896));
#68350=VERTEX_POINT('',#68340);
#68360=EDGE_CURVE('',#68270,#68350,#68330,.T.);
#68370=ORIENTED_EDGE('',*,*,#68360,.F.);
#68380=CARTESIAN_POINT('',(-20.4196580959635,-3.20000000789612,
111.899843437573));
#68390=DIRECTION('',(0.705373590089922,2.40048577438924E-10,
-0.708835734429109));
#68400=VECTOR('',#68390,1.);
#68410=LINE('',#68380,#68400);
#68420=CARTESIAN_POINT('',(-13.7553214834253,-3.20000000562816,
105.202796647617));
#68430=VERTEX_POINT('',#68420);
#68440=EDGE_CURVE('',#68350,#68430,#68410,.T.);
#68450=ORIENTED_EDGE('',*,*,#68440,.F.);
#68460=CARTESIAN_POINT('',(-13.7553214818036,-3.20000000557268,
111.899836626157));
#68470=DIRECTION('',(1.48578677924554E-12,8.28277894301612E-12,1.));
#68480=VECTOR('',#68470,1.);
#68490=LINE('',#68460,#68480);
#68500=CARTESIAN_POINT('',(-13.7553214818111,-3.20000000561431,
106.87477813668));
#68510=VERTEX_POINT('',#68500);
#68520=EDGE_CURVE('',#68430,#68510,#68490,.T.);
#68530=ORIENTED_EDGE('',*,*,#68520,.F.);
#68540=CARTESIAN_POINT('',(3.59207235812423,-3.19999999970909,
89.6434076183928));
#68550=DIRECTION('',(-0.709475367248196,-2.41512592995283E-10,
0.704730234393302));
#68560=VECTOR('',#68550,1.);
#68570=LINE('',#68540,#68560);
#68580=CARTESIAN_POINT('',(-14.7419832658445,-3.20000000595017,
107.854840901062));
#68590=VERTEX_POINT('',#68580);
#68600=EDGE_CURVE('',#68510,#68590,#68570,.T.);
#68610=ORIENTED_EDGE('',*,*,#68600,.F.);
#68620=CARTESIAN_POINT('',(3.59210958156075,-3.1999999994074,
126.063077446149));
#68630=DIRECTION('',(0.70953793614964,2.53208112829409E-10,
0.704667238605932));
#68640=VECTOR('',#68630,1.);
#68650=LINE('',#68620,#68640);
#68660=EDGE_CURVE('',#68590,#66220,#68650,.T.);
#68670=ORIENTED_EDGE('',*,*,#68660,.F.);
#68680=ORIENTED_EDGE('',*,*,#66230,.F.);
#68690=EDGE_LOOP('',(#68680,#68670,#68610,#68530,#68450,#68370,#68290,
#68210,#68130,#68050,#68040,#68030));
#68700=FACE_OUTER_BOUND('',#68690,.T.);
#68710=ADVANCED_FACE('',(#68700),#68020,.T.);
#68720=COLOUR_RGB('',0.980392217636108,0.517647087574005,
0.168627455830574);
#68730=FILL_AREA_STYLE_COLOUR('',#68720);
#68740=FILL_AREA_STYLE('',(#68730));
#68750=SURFACE_STYLE_FILL_AREA(#68740);
#68760=SURFACE_SIDE_STYLE('',(#68750));
#68770=SURFACE_STYLE_USAGE(.BOTH.,#68760);
#68780=PRESENTATION_STYLE_ASSIGNMENT((#68770));
#68790=CARTESIAN_POINT('',(30.6962970950222,-16.7999999943431,
110.139032921062));
#68800=DIRECTION('',(-2.33897991696576E-10,1.,5.76770608490422E-13));
#68810=DIRECTION('',(1.,2.33897991696575E-10,1.87002056427304E-12));
#68820=AXIS2_PLACEMENT_3D('',#68790,#68800,#68810);
#68830=PLANE('',#68820);
#68840=ORIENTED_EDGE('',*,*,#38160,.T.);
#68850=ORIENTED_EDGE('',*,*,#38680,.F.);
#68860=ORIENTED_EDGE('',*,*,#67490,.F.);
#68870=ORIENTED_EDGE('',*,*,#39310,.F.);
#68880=EDGE_LOOP('',(#68870,#68860,#68850,#68840));
#68890=FACE_OUTER_BOUND('',#68880,.T.);
#68900=ADVANCED_FACE('',(#68890),#68830,.T.);
#68910=COLOUR_RGB('',0.823529481887817,0.823529481887817,
0.784313797950745);
#68920=FILL_AREA_STYLE_COLOUR('',#68910);
#68930=FILL_AREA_STYLE('',(#68920));
#68940=SURFACE_STYLE_FILL_AREA(#68930);
#68950=SURFACE_SIDE_STYLE('',(#68940));
#68960=SURFACE_STYLE_USAGE(.BOTH.,#68950);
#68970=PRESENTATION_STYLE_ASSIGNMENT((#68960));
#68980=CARTESIAN_POINT('',(6.1821704092022,-11.1999999933348,
107.824816248879));
#68990=DIRECTION('',(-7.09075296250155E-10,1.,-2.07573643504986E-13));
#69000=DIRECTION('',(0.999999999999478,7.09075296037626E-10,
-1.02209149916018E-6));
#69010=AXIS2_PLACEMENT_3D('',#68980,#68990,#69000);
#69020=PLANE('',#69010);
#69030=ORIENTED_EDGE('',*,*,#38750,.T.);
#69040=ORIENTED_EDGE('',*,*,#38300,.F.);
#69050=ORIENTED_EDGE('',*,*,#39450,.T.);
#69060=ORIENTED_EDGE('',*,*,#39070,.F.);
#69070=EDGE_LOOP('',(#69060,#69050,#69040,#69030));
#69080=FACE_BOUND('',#69070,.T.);
#69090=CARTESIAN_POINT('',(7.88217040496468,-11.1999999921294,
107.824814511325));
#69100=DIRECTION('',(-7.09075296250155E-10,1.,-2.07573643504986E-13));
#69110=DIRECTION('',(-0.999999999999478,-7.09075296037626E-10,
1.02209149916018E-6));
#69120=AXIS2_PLACEMENT_3D('',#69090,#69100,#69110);
#69130=CIRCLE('',#69120,2.1);
#69140=CARTESIAN_POINT('',(9.98217040496358,-11.1999999906403,
107.824812364933));
#69150=VERTEX_POINT('',#69140);
#69160=CARTESIAN_POINT('',(5.78217040496577,-11.1999999936184,
107.824816657717));
#69170=VERTEX_POINT('',#69160);
#69180=EDGE_CURVE('',#69150,#69170,#69130,.T.);
#69190=ORIENTED_EDGE('',*,*,#69180,.T.);
#69200=EDGE_CURVE('',#69170,#69150,#69130,.T.);
#69210=ORIENTED_EDGE('',*,*,#69200,.T.);
#69220=EDGE_LOOP('',(#69210,#69190));
#69230=FACE_OUTER_BOUND('',#69220,.T.);
#69240=ADVANCED_FACE('',(#69080,#69230),#69020,.T.);
#69250=COLOUR_RGB('',0.560784339904785,0.588235318660736,
0.600000023841858);
#69260=FILL_AREA_STYLE_COLOUR('',#69250);
#69270=FILL_AREA_STYLE('',(#69260));
#69280=SURFACE_STYLE_FILL_AREA(#69270);
#69290=SURFACE_SIDE_STYLE('',(#69280));
#69300=SURFACE_STYLE_USAGE(.BOTH.,#69290);
#69310=PRESENTATION_STYLE_ASSIGNMENT((#69300));
#69320=CARTESIAN_POINT('',(7.88217040496468,-11.1999999921294,
107.824814511325));
#69330=DIRECTION('',(-7.09075296250155E-10,1.,-2.07573643504986E-13));
#69340=DIRECTION('',(-0.999999999999478,-7.09075296037626E-10,
1.02209149916018E-6));
#69350=AXIS2_PLACEMENT_3D('',#69320,#69330,#69340);
#69360=CYLINDRICAL_SURFACE('',#69350,2.1);
#69370=CARTESIAN_POINT('',(9.98217040496358,-11.1999999906403,
107.824812364933));
#69380=DIRECTION('',(-7.09075296250155E-10,1.,-2.07573643504986E-13));
#69390=VECTOR('',#69380,1.);
#69400=LINE('',#69370,#69390);
#69410=EDGE_CURVE('',#69150,#67830,#69400,.T.);
#69420=ORIENTED_EDGE('',*,*,#69410,.F.);
#69430=ORIENTED_EDGE('',*,*,#67840,.T.);
#69440=CARTESIAN_POINT('',(5.78217040496577,-11.1999999936184,
107.824816657717));
#69450=DIRECTION('',(-7.09075296250155E-10,1.,-2.07573643504986E-13));
#69460=VECTOR('',#69450,1.);
#69470=LINE('',#69440,#69460);
#69480=EDGE_CURVE('',#69170,#67810,#69470,.T.);
#69490=ORIENTED_EDGE('',*,*,#69480,.T.);
#69500=ORIENTED_EDGE('',*,*,#69200,.F.);
#69510=EDGE_LOOP('',(#69500,#69490,#69430,#69420));
#69520=FACE_OUTER_BOUND('',#69510,.T.);
#69530=ADVANCED_FACE('',(#69520),#69360,.F.);
#69540=COLOUR_RGB('',0.560784339904785,0.588235318660736,
0.600000023841858);
#69550=FILL_AREA_STYLE_COLOUR('',#69540);
#69560=FILL_AREA_STYLE('',(#69550));
#69570=SURFACE_STYLE_FILL_AREA(#69560);
#69580=SURFACE_SIDE_STYLE('',(#69570));
#69590=SURFACE_STYLE_USAGE(.BOTH.,#69580);
#69600=PRESENTATION_STYLE_ASSIGNMENT((#69590));
#69610=CARTESIAN_POINT('',(-6.98632346453217,-2.20000000859775,
115.433957449142));
#69620=DIRECTION('',(-0.701985767074,0.0871557420962217,
0.706837930112118));
#69630=DIRECTION('',(0.709537936164746,4.98242489411299E-10,
0.704667238590721));
#69640=AXIS2_PLACEMENT_3D('',#69610,#69620,#69630);
#69650=PLANE('',#69640);
#69660=ORIENTED_EDGE('',*,*,#60030,.F.);
#69670=ORIENTED_EDGE('',*,*,#66290,.T.);
#69680=ORIENTED_EDGE('',*,*,#68660,.T.);
#69690=CARTESIAN_POINT('',(-14.3512948621433,-0.0531051340967892,
107.854823557487));
#69700=DIRECTION('',(-0.123204580541695,-0.99238129330597,
5.4695450449325E-6));
#69710=VECTOR('',#69700,1.);
#69720=LINE('',#69690,#69710);
#69730=EDGE_CURVE('',#59160,#68590,#69720,.T.);
#69740=ORIENTED_EDGE('',*,*,#69730,.T.);
#69750=EDGE_LOOP('',(#69740,#69680,#69670,#69660));
#69760=FACE_OUTER_BOUND('',#69750,.T.);
#69770=ADVANCED_FACE('',(#69760),#69650,.T.);
#69780=COLOUR_RGB('',0.980392217636108,0.517647087574005,
0.168627455830574);
#69790=FILL_AREA_STYLE_COLOUR('',#69780);
#69800=FILL_AREA_STYLE('',(#69790));
#69810=SURFACE_STYLE_FILL_AREA(#69800);
#69820=SURFACE_SIDE_STYLE('',(#69810));
#69830=SURFACE_STYLE_USAGE(.BOTH.,#69820);
#69840=PRESENTATION_STYLE_ASSIGNMENT((#69830));
#69850=CARTESIAN_POINT('',(-6.98632346470602,-2.20000000846586,
100.274367308245));
#69860=DIRECTION('',(-0.702048523141905,0.0871557421084623,
-0.706775599304188));
#69870=DIRECTION('',(-0.709475367264075,-4.99054968994053E-10,
0.704730234377316));
#69880=AXIS2_PLACEMENT_3D('',#69850,#69860,#69870);
#69890=PLANE('',#69880);
#69900=ORIENTED_EDGE('',*,*,#69730,.F.);
#69910=ORIENTED_EDGE('',*,*,#68600,.T.);
#69920=CARTESIAN_POINT('',(-13.4800038581067,-0.0531051334846637,
106.989359946181));
#69930=DIRECTION('',(0.087098463145567,0.995539999783707,
0.0362486765046144));
#69940=VECTOR('',#69930,1.);
#69950=LINE('',#69920,#69940);
#69960=EDGE_CURVE('',#68510,#59140,#69950,.T.);
#69970=ORIENTED_EDGE('',*,*,#69960,.F.);
#69980=ORIENTED_EDGE('',*,*,#59170,.F.);
#69990=EDGE_LOOP('',(#69980,#69970,#69910,#69900));
#70000=FACE_OUTER_BOUND('',#69990,.T.);
#70010=ADVANCED_FACE('',(#70000),#69890,.T.);
#70020=COLOUR_RGB('',0.980392217636108,0.517647087574005,
0.168627455830574);
#70030=FILL_AREA_STYLE_COLOUR('',#70020);
#70040=FILL_AREA_STYLE('',(#70030));
#70050=SURFACE_STYLE_FILL_AREA(#70040);
#70060=SURFACE_SIDE_STYLE('',(#70050));
#70070=SURFACE_STYLE_USAGE(.BOTH.,#70060);
#70080=PRESENTATION_STYLE_ASSIGNMENT((#70070));
#70090=CARTESIAN_POINT('',(-13.6678328200033,-2.20000001438354,
74.5070987651841));
#70100=DIRECTION('',(-0.996194698171862,0.0871557418319252,
7.5824116911196E-13));
#70110=DIRECTION('',(0.0871557418319252,0.996194698171862,
5.43662273208386E-13));
#70120=AXIS2_PLACEMENT_3D('',#70090,#70100,#70110);
#70130=PLANE('',#70120);
#70140=ORIENTED_EDGE('',*,*,#69960,.T.);
#70150=ORIENTED_EDGE('',*,*,#68520,.T.);
#70160=CARTESIAN_POINT('',(-13.4800038581084,-0.0531051334832497,
104.535813071246));
#70170=DIRECTION('',(-0.0852756125359211,-0.974704721756858,
0.206588420032464));
#70180=VECTOR('',#70170,1.);
#70190=LINE('',#70160,#70180);
#70200=EDGE_CURVE('',#59240,#68430,#70190,.T.);
#70210=ORIENTED_EDGE('',*,*,#70200,.T.);
#70220=ORIENTED_EDGE('',*,*,#59250,.F.);
#70230=EDGE_LOOP('',(#70220,#70210,#70150,#70140));
#70240=FACE_OUTER_BOUND('',#70230,.T.);
#70250=ADVANCED_FACE('',(#70240),#70130,.T.);
#70260=COLOUR_RGB('',0.980392217636108,0.517647087574005,
0.168627455830574);
#70270=FILL_AREA_STYLE_COLOUR('',#70260);
#70280=FILL_AREA_STYLE('',(#70270));
#70290=SURFACE_STYLE_FILL_AREA(#70280);
#70300=SURFACE_SIDE_STYLE('',(#70290));
#70310=SURFACE_STYLE_USAGE(.BOTH.,#70300);
#70320=PRESENTATION_STYLE_ASSIGNMENT((#70310));
#70330=CARTESIAN_POINT('',(16.6670244897478,-2.19999998649881,
74.5070987648362));
#70340=DIRECTION('',(0.706138400401614,0.0871557433906492,
0.70268943059667));
#70350=DIRECTION('',(0.705373590074039,4.96174708386162E-10,
-0.708835734444915));
#70360=AXIS2_PLACEMENT_3D('',#70330,#70340,#70350);
#70370=PLANE('',#70360);
#70380=ORIENTED_EDGE('',*,*,#59330,.F.);
#70390=ORIENTED_EDGE('',*,*,#70200,.F.);
#70400=ORIENTED_EDGE('',*,*,#68440,.T.);
#70410=CARTESIAN_POINT('',(-15.5742125849771,-0.0531051349545564,
106.640300681613));
#70420=DIRECTION('',(0.000361579792300809,-0.992439953701559,
0.122730630068049));
#70430=VECTOR('',#70420,1.);
#70440=LINE('',#70410,#70430);
#70450=EDGE_CURVE('',#59320,#68350,#70440,.T.);
#70460=ORIENTED_EDGE('',*,*,#70450,.T.);
#70470=EDGE_LOOP('',(#70460,#70400,#70390,#70380));
#70480=FACE_OUTER_BOUND('',#70470,.T.);
#70490=ADVANCED_FACE('',(#70480),#70370,.T.);
#70500=COLOUR_RGB('',0.980392217636108,0.517647087574005,
0.168627455830574);
#70510=FILL_AREA_STYLE_COLOUR('',#70500);
#70520=FILL_AREA_STYLE('',(#70510));
#70530=SURFACE_STYLE_FILL_AREA(#70520);
#70540=SURFACE_SIDE_STYLE('',(#70530));
#70550=SURFACE_STYLE_USAGE(.BOTH.,#70540);
#70560=PRESENTATION_STYLE_ASSIGNMENT((#70550));
#70570=CARTESIAN_POINT('',(-6.98632346453217,-2.20000000859775,
115.433957449142));
#70580=DIRECTION('',(-0.701985767073999,0.0871557420962218,
0.70683793011212));
#70590=DIRECTION('',(0.709537936164748,4.982424894113E-10,
0.70466723859072));
#70600=AXIS2_PLACEMENT_3D('',#70570,#70580,#70590);
#70610=PLANE('',#70600);
#70620=ORIENTED_EDGE('',*,*,#70450,.F.);
#70630=ORIENTED_EDGE('',*,*,#68360,.T.);
#70640=CARTESIAN_POINT('',(-17.6556617859245,-0.0531051364145085,
104.573139806992));
#70650=DIRECTION('',(-0.0853056912891009,0.975048502836307,
-0.204947203324087));
#70660=VECTOR('',#70650,1.);
#70670=LINE('',#70640,#70660);
#70680=EDGE_CURVE('',#68270,#59400,#70670,.T.);
#70690=ORIENTED_EDGE('',*,*,#70680,.F.);
#70700=ORIENTED_EDGE('',*,*,#59410,.F.);
#70710=EDGE_LOOP('',(#70700,#70690,#70630,#70620));
#70720=FACE_OUTER_BOUND('',#70710,.T.);
#70730=ADVANCED_FACE('',(#70720),#70610,.T.);
#70740=COLOUR_RGB('',0.980392217636108,0.517647087574005,
0.168627455830574);
#70750=FILL_AREA_STYLE_COLOUR('',#70740);
#70760=FILL_AREA_STYLE('',(#70750));
#70770=SURFACE_STYLE_FILL_AREA(#70760);
#70780=SURFACE_SIDE_STYLE('',(#70770));
#70790=SURFACE_STYLE_USAGE(.BOTH.,#70780);
#70800=PRESENTATION_STYLE_ASSIGNMENT((#70790));
#70810=CARTESIAN_POINT('',(-17.4678328200033,-2.20000001787662,
74.5070987652277));
#70820=DIRECTION('',(0.996194698011629,0.0871557436633911,
7.58241184780621E-13));
#70830=DIRECTION('',(0.0871557436633911,-0.996194698011629,
-5.43662271831957E-13));
#70840=AXIS2_PLACEMENT_3D('',#70810,#70820,#70830);
#70850=PLANE('',#70840);
#70860=ORIENTED_EDGE('',*,*,#70680,.T.);
#70870=ORIENTED_EDGE('',*,*,#68280,.T.);
#70880=CARTESIAN_POINT('',(-17.6556617859262,-0.0531051364158941,
106.977984466736));
#70890=DIRECTION('',(-0.0870993740634871,0.995550390542949,
0.035959962841056));
#70900=VECTOR('',#70890,1.);
#70910=LINE('',#70880,#70900);
#70920=EDGE_CURVE('',#68190,#59480,#70910,.T.);
#70930=ORIENTED_EDGE('',*,*,#70920,.F.);
#70940=ORIENTED_EDGE('',*,*,#59490,.F.);
#70950=EDGE_LOOP('',(#70940,#70930,#70870,#70860));
#70960=FACE_OUTER_BOUND('',#70950,.T.);
#70970=ADVANCED_FACE('',(#70960),#70850,.T.);
#70980=COLOUR_RGB('',0.980392217636108,0.517647087574005,
0.168627455830574);
#70990=FILL_AREA_STYLE_COLOUR('',#70980);
#71000=FILL_AREA_STYLE('',(#70990));
#71010=SURFACE_STYLE_FILL_AREA(#71000);
#71020=SURFACE_SIDE_STYLE('',(#71010));
#71030=SURFACE_STYLE_USAGE(.BOTH.,#71020);
#71040=PRESENTATION_STYLE_ASSIGNMENT((#71030));
#71050=CARTESIAN_POINT('',(-49.7118900833101,-2.20000004751635,
74.5070987655975));
#71060=DIRECTION('',(0.706041003694833,0.0871557434027871,
-0.702787291784292));
#71070=DIRECTION('',(-0.70547182507631,-4.95382314121918E-10,
-0.708737965699243));
#71080=AXIS2_PLACEMENT_3D('',#71050,#71060,#71070);
#71090=PLANE('',#71080);
#71100=ORIENTED_EDGE('',*,*,#59570,.F.);
#71110=ORIENTED_EDGE('',*,*,#70920,.T.);
#71120=ORIENTED_EDGE('',*,*,#68200,.T.);
#71130=CARTESIAN_POINT('',(-16.7828334537039,-0.0531051358036905,
107.854853754204));
#71140=DIRECTION('',(0.122504662302289,-0.992467937840882,
-8.48933499218897E-6));
#71150=VECTOR('',#71140,1.);
#71160=LINE('',#71130,#71150);
#71170=EDGE_CURVE('',#59560,#68110,#71160,.T.);
#71180=ORIENTED_EDGE('',*,*,#71170,.T.);
#71190=EDGE_LOOP('',(#71180,#71120,#71110,#71100));
#71200=FACE_OUTER_BOUND('',#71190,.T.);
#71210=ADVANCED_FACE('',(#71200),#71090,.T.);
#71220=COLOUR_RGB('',0.980392217636108,0.517647087574005,
0.168627455830574);
#71230=FILL_AREA_STYLE_COLOUR('',#71220);
#71240=FILL_AREA_STYLE('',(#71230));
#71250=SURFACE_STYLE_FILL_AREA(#71240);
#71260=SURFACE_SIDE_STYLE('',(#71250));
#71270=SURFACE_STYLE_USAGE(.BOTH.,#71260);
#71280=PRESENTATION_STYLE_ASSIGNMENT((#71270));
#71290=CARTESIAN_POINT('',(16.6670244897478,-2.19999998649881,
74.5070987648362));
#71300=DIRECTION('',(0.706138400401614,0.0871557433906492,
0.70268943059667));
#71310=DIRECTION('',(0.705373590074039,4.96174701447268E-10,
-0.708835734444915));
#71320=AXIS2_PLACEMENT_3D('',#71290,#71300,#71310);
#71330=PLANE('',#71320);
#71340=ORIENTED_EDGE('',*,*,#71170,.F.);
#71350=ORIENTED_EDGE('',*,*,#68120,.T.);
#71360=ORIENTED_EDGE('',*,*,#66530,.F.);
#71370=ORIENTED_EDGE('',*,*,#59650,.F.);
#71380=EDGE_LOOP('',(#71370,#71360,#71350,#71340));
#71390=FACE_OUTER_BOUND('',#71380,.T.);
#71400=ADVANCED_FACE('',(#71390),#71330,.T.);
#71410=COLOUR_RGB('',0.980392217636108,0.517647087574005,
0.168627455830574);
#71420=FILL_AREA_STYLE_COLOUR('',#71410);
#71430=FILL_AREA_STYLE('',(#71420));
#71440=SURFACE_STYLE_FILL_AREA(#71430);
#71450=SURFACE_SIDE_STYLE('',(#71440));
#71460=SURFACE_STYLE_USAGE(.BOTH.,#71450);
#71470=PRESENTATION_STYLE_ASSIGNMENT((#71460));
#71480=CARTESIAN_POINT('',(14.4321670026515,-2.19999999550325,
141.142572016162));
#71490=DIRECTION('',(0.99619469806136,0.087155743094969,
4.5039667673659E-12));
#71500=DIRECTION('',(-0.087155743094969,0.99619469806136,
-5.8538980792849E-13));
#71510=AXIS2_PLACEMENT_3D('',#71480,#71490,#71500);
#71520=PLANE('',#71510);
#71530=CARTESIAN_POINT('',(14.2443380382033,-0.0531051148289734,
108.660310835165));
#71540=DIRECTION('',(-0.0870984644075905,0.995539999673293,
-0.0362486765046561));
#71550=VECTOR('',#71540,1.);
#71560=LINE('',#71530,#71550);
#71570=EDGE_CURVE('',#64910,#53960,#71560,.T.);
#71580=ORIENTED_EDGE('',*,*,#71570,.T.);
#71590=ORIENTED_EDGE('',*,*,#64920,.T.);
#71600=CARTESIAN_POINT('',(14.2443380381922,-0.0531051148285755,
111.1138577101));
#71610=DIRECTION('',(0.0852756137728021,-0.974704721648654,
-0.206588420032423));
#71620=VECTOR('',#71610,1.);
#71630=LINE('',#71600,#71620);
#71640=EDGE_CURVE('',#54060,#64830,#71630,.T.);
#71650=ORIENTED_EDGE('',*,*,#71640,.T.);
#71660=ORIENTED_EDGE('',*,*,#54070,.F.);
#71670=EDGE_LOOP('',(#71660,#71650,#71590,#71580));
#71680=FACE_OUTER_BOUND('',#71670,.T.);
#71690=ADVANCED_FACE('',(#71680),#71520,.T.);
#71700=COLOUR_RGB('',0.980392217636108,0.517647087574005,
0.168627455830574);
#71710=FILL_AREA_STYLE_COLOUR('',#71700);
#71720=FILL_AREA_STYLE('',(#71710));
#71730=SURFACE_STYLE_FILL_AREA(#71720);
#71740=SURFACE_SIDE_STYLE('',(#71730));
#71750=SURFACE_STYLE_USAGE(.BOTH.,#71740);
#71760=PRESENTATION_STYLE_ASSIGNMENT((#71750));
#71770=CARTESIAN_POINT('',(7.75065764748945,-2.1999999980461,
115.375303473066));
#71780=DIRECTION('',(0.702048523027695,0.0871557429982727,
0.706775599307907));
#71790=DIRECTION('',(0.709475367267772,4.00760338719407E-10,
-0.704730234373594));
#71800=AXIS2_PLACEMENT_3D('',#71770,#71780,#71790);
#71810=PLANE('',#71800);
#71820=CARTESIAN_POINT('',(15.1156290422445,-0.0531051143360557,
107.794847223863));
#71830=DIRECTION('',(0.123204581799903,-0.992381293149763,
-5.4695448125088E-6));
#71840=VECTOR('',#71830,1.);
#71850=LINE('',#71820,#71840);
#71860=EDGE_CURVE('',#53980,#64990,#71850,.T.);
#71870=ORIENTED_EDGE('',*,*,#71860,.F.);
#71880=ORIENTED_EDGE('',*,*,#65000,.T.);
#71890=ORIENTED_EDGE('',*,*,#71570,.F.);
#71900=ORIENTED_EDGE('',*,*,#53990,.F.);
#71910=EDGE_LOOP('',(#71900,#71890,#71880,#71870));
#71920=FACE_OUTER_BOUND('',#71910,.T.);
#71930=ADVANCED_FACE('',(#71920),#71810,.T.);
#71940=COLOUR_RGB('',0.980392217636108,0.517647087574005,
0.168627455830574);
#71950=FILL_AREA_STYLE_COLOUR('',#71940);
#71960=FILL_AREA_STYLE('',(#71950));
#71970=SURFACE_STYLE_FILL_AREA(#71960);
#71980=SURFACE_SIDE_STYLE('',(#71970));
#71990=SURFACE_STYLE_USAGE(.BOTH.,#71980);
#72000=PRESENTATION_STYLE_ASSIGNMENT((#71990));
#72010=CARTESIAN_POINT('',(7.75065764739512,-2.19999999817167,
100.215713332169));
#72020=DIRECTION('',(0.701985766967206,0.0871557429865421,
-0.7068379301084));
#72030=DIRECTION('',(-0.70953793616105,-4.0106434004431E-10,
-0.704667238594443));
#72040=AXIS2_PLACEMENT_3D('',#72010,#72020,#72030);
#72050=PLANE('',#72040);
#72060=ORIENTED_EDGE('',*,*,#54850,.F.);
#72070=CARTESIAN_POINT('',(14.2443380382112,-0.0531051148292434,
106.929537288292));
#72080=DIRECTION('',(-0.0870984500845219,0.995539835956124,
0.0362532069936998));
#72090=VECTOR('',#72080,1.);
#72100=LINE('',#72070,#72090);
#72110=EDGE_CURVE('',#65070,#54780,#72100,.T.);
#72120=ORIENTED_EDGE('',*,*,#72110,.T.);
#72130=ORIENTED_EDGE('',*,*,#65080,.T.);
#72140=ORIENTED_EDGE('',*,*,#71860,.T.);
#72150=EDGE_LOOP('',(#72140,#72130,#72120,#72060));
#72160=FACE_OUTER_BOUND('',#72150,.T.);
#72170=ADVANCED_FACE('',(#72160),#72050,.T.);
#72180=COLOUR_RGB('',0.980392217636108,0.517647087574005,
0.168627455830574);
#72190=FILL_AREA_STYLE_COLOUR('',#72180);
#72200=FILL_AREA_STYLE('',(#72190));
#72210=SURFACE_STYLE_FILL_AREA(#72200);
#72220=SURFACE_SIDE_STYLE('',(#72210));
#72230=SURFACE_STYLE_USAGE(.BOTH.,#72220);
#72240=PRESENTATION_STYLE_ASSIGNMENT((#72230));
#72250=CARTESIAN_POINT('',(14.4321670026515,-2.19999999550325,
141.142572016162));
#72260=DIRECTION('',(0.99619469806136,0.087155743094969,
4.50442766826535E-12));
#72270=DIRECTION('',(-0.087155743094969,0.99619469806136,
-5.85430131514279E-13));
#72280=AXIS2_PLACEMENT_3D('',#72250,#72260,#72270);
#72290=PLANE('',#72280);
#72300=CARTESIAN_POINT('',(14.2443380382223,-0.0531051148296342,
104.476696238429));
#72310=DIRECTION('',(-0.0852763286917344,0.97471289323076,
-0.20654956677413));
#72320=VECTOR('',#72310,1.);
#72330=LINE('',#72300,#72320);
#72340=EDGE_CURVE('',#65150,#54700,#72330,.T.);
#72350=ORIENTED_EDGE('',*,*,#72340,.T.);
#72360=ORIENTED_EDGE('',*,*,#65160,.T.);
#72370=ORIENTED_EDGE('',*,*,#72110,.F.);
#72380=ORIENTED_EDGE('',*,*,#54790,.F.);
#72390=EDGE_LOOP('',(#72380,#72370,#72360,#72350));
#72400=FACE_OUTER_BOUND('',#72390,.T.);
#72410=ADVANCED_FACE('',(#72400),#72290,.T.);
#72420=COLOUR_RGB('',0.980392217636108,0.517647087574005,
0.168627455830574);
#72430=FILL_AREA_STYLE_COLOUR('',#72420);
#72440=FILL_AREA_STYLE('',(#72430));
#72450=SURFACE_STYLE_FILL_AREA(#72440);
#72460=SURFACE_SIDE_STYLE('',(#72450));
#72470=SURFACE_STYLE_USAGE(.BOTH.,#72460);
#72480=PRESENTATION_STYLE_ASSIGNMENT((#72470));
#72490=CARTESIAN_POINT('',(50.4762242659584,-2.19999998293694,
141.142572015938));
#72500=DIRECTION('',(-0.706041003809021,0.0871557425073269,
0.702787291780625));
#72510=DIRECTION('',(0.705471825072593,3.98767523869535E-10,
0.708737965702942));
#72520=AXIS2_PLACEMENT_3D('',#72490,#72500,#72510);
#72530=PLANE('',#72520);
#72540=CARTESIAN_POINT('',(16.3383005503307,-0.0531051136443566,
106.580353221381));
#72550=DIRECTION('',(-0.000347616515768206,-0.992440325601085,
0.122727663073859));
#72560=VECTOR('',#72550,1.);
#72570=LINE('',#72540,#72560);
#72580=EDGE_CURVE('',#54620,#65230,#72570,.T.);
#72590=ORIENTED_EDGE('',*,*,#72580,.F.);
#72600=ORIENTED_EDGE('',*,*,#65240,.T.);
#72610=ORIENTED_EDGE('',*,*,#72340,.F.);
#72620=ORIENTED_EDGE('',*,*,#54710,.F.);
#72630=EDGE_LOOP('',(#72620,#72610,#72600,#72590));
#72640=FACE_OUTER_BOUND('',#72630,.T.);
#72650=ADVANCED_FACE('',(#72640),#72530,.T.);
#72660=COLOUR_RGB('',0.980392217636108,0.517647087574005,
0.168627455830574);
#72670=FILL_AREA_STYLE_COLOUR('',#72660);
#72680=FILL_AREA_STYLE('',(#72670));
#72690=SURFACE_STYLE_FILL_AREA(#72680);
#72700=SURFACE_SIDE_STYLE('',(#72690));
#72710=SURFACE_STYLE_USAGE(.BOTH.,#72700);
#72720=PRESENTATION_STYLE_ASSIGNMENT((#72710));
#72730=CARTESIAN_POINT('',(7.75065764748945,-2.1999999980461,
115.375303473066));
#72740=DIRECTION('',(0.702048523027695,0.0871557429982727,
0.706775599307907));
#72750=DIRECTION('',(0.709475367267771,4.00760331780513E-10,
-0.704730234373595));
#72760=AXIS2_PLACEMENT_3D('',#72730,#72740,#72750);
#72770=PLANE('',#72760);
#72780=ORIENTED_EDGE('',*,*,#54630,.F.);
#72790=CARTESIAN_POINT('',(18.4199959660476,-0.0531051124666959,
104.512580658871));
#72800=DIRECTION('',(0.0853052416065817,0.975043377164169,
-0.20497177464894));
#72810=VECTOR('',#72800,1.);
#72820=LINE('',#72790,#72810);
#72830=EDGE_CURVE('',#65310,#54540,#72820,.T.);
#72840=ORIENTED_EDGE('',*,*,#72830,.T.);
#72850=ORIENTED_EDGE('',*,*,#65320,.T.);
#72860=ORIENTED_EDGE('',*,*,#72580,.T.);
#72870=EDGE_LOOP('',(#72860,#72850,#72840,#72780));
#72880=FACE_OUTER_BOUND('',#72870,.T.);
#72890=ADVANCED_FACE('',(#72880),#72770,.T.);
#72900=COLOUR_RGB('',0.980392217636108,0.517647087574005,
0.168627455830574);
#72910=FILL_AREA_STYLE_COLOUR('',#72900);
#72920=FILL_AREA_STYLE('',(#72910));
#72930=SURFACE_STYLE_FILL_AREA(#72920);
#72940=SURFACE_SIDE_STYLE('',(#72930));
#72950=SURFACE_STYLE_USAGE(.BOTH.,#72940);
#72960=PRESENTATION_STYLE_ASSIGNMENT((#72950));
#72970=CARTESIAN_POINT('',(18.2321670026515,-2.19999999417843,
141.142572016138));
#72980=DIRECTION('',(-0.996194698122131,0.0871557424003474,
-5.94775026894577E-12));
#72990=DIRECTION('',(-0.0871557424003474,-0.996194698122131,
-3.29016947172816E-13));
#73000=AXIS2_PLACEMENT_3D('',#72970,#72980,#72990);
#73010=PLANE('',#73000);
#73020=CARTESIAN_POINT('',(18.4199959660333,-0.0531051124663051,
106.917704642149));
#73030=DIRECTION('',(0.0870993949253703,0.995550643535882,
0.0359529075169904));
#73040=VECTOR('',#73030,1.);
#73050=LINE('',#73020,#73040);
#73060=EDGE_CURVE('',#65390,#54460,#73050,.T.);
#73070=ORIENTED_EDGE('',*,*,#73060,.T.);
#73080=ORIENTED_EDGE('',*,*,#65400,.T.);
#73090=ORIENTED_EDGE('',*,*,#72830,.F.);
#73100=ORIENTED_EDGE('',*,*,#54550,.F.);
#73110=EDGE_LOOP('',(#73100,#73090,#73080,#73070));
#73120=FACE_OUTER_BOUND('',#73110,.T.);
#73130=ADVANCED_FACE('',(#73120),#73010,.T.);
#73140=COLOUR_RGB('',0.980392217636108,0.517647087574005,
0.168627455830574);
#73150=FILL_AREA_STYLE_COLOUR('',#73140);
#73160=FILL_AREA_STYLE('',(#73150));
#73170=SURFACE_STYLE_FILL_AREA(#73160);
#73180=SURFACE_SIDE_STYLE('',(#73170));
#73190=SURFACE_STYLE_USAGE(.BOTH.,#73180);
#73200=PRESENTATION_STYLE_ASSIGNMENT((#73190));
#73210=CARTESIAN_POINT('',(-15.9026903070995,-2.20000000607912,
141.142572016351));
#73220=DIRECTION('',(-0.70613840050843,0.0871557424956517,
-0.702689430600338));
#73230=DIRECTION('',(-0.705373590077757,-3.9844180488023E-10,
0.708835734441215));
#73240=AXIS2_PLACEMENT_3D('',#73210,#73220,#73230);
#73250=PLANE('',#73240);
#73260=CARTESIAN_POINT('',(17.5471676338052,-0.0531051129600897,
107.794817027159));
#73270=DIRECTION('',(-0.122504661043971,-0.992467937996202,
8.48933393562997E-6));
#73280=VECTOR('',#73270,1.);
#73290=LINE('',#73260,#73280);
#73300=EDGE_CURVE('',#54380,#65470,#73290,.T.);
#73310=ORIENTED_EDGE('',*,*,#73300,.F.);
#73320=ORIENTED_EDGE('',*,*,#65480,.T.);
#73330=ORIENTED_EDGE('',*,*,#73060,.F.);
#73340=ORIENTED_EDGE('',*,*,#54470,.F.);
#73350=EDGE_LOOP('',(#73340,#73330,#73320,#73310));
#73360=FACE_OUTER_BOUND('',#73350,.T.);
#73370=ADVANCED_FACE('',(#73360),#73250,.T.);
#73380=COLOUR_RGB('',0.980392217636108,0.517647087574005,
0.168627455830574);
#73390=FILL_AREA_STYLE_COLOUR('',#73380);
#73400=FILL_AREA_STYLE('',(#73390));
#73410=SURFACE_STYLE_FILL_AREA(#73400);
#73420=SURFACE_SIDE_STYLE('',(#73410));
#73430=SURFACE_STYLE_USAGE(.BOTH.,#73420);
#73440=PRESENTATION_STYLE_ASSIGNMENT((#73430));
#73450=CARTESIAN_POINT('',(50.4762242659584,-2.19999998293694,
141.142572015938));
#73460=DIRECTION('',(-0.706041003809022,0.0871557425073269,
0.702787291780625));
#73470=DIRECTION('',(0.705471825072592,3.98767523869535E-10,
0.708737965702943));
#73480=AXIS2_PLACEMENT_3D('',#73450,#73460,#73470);
#73490=PLANE('',#73480);
#73500=ORIENTED_EDGE('',*,*,#54390,.F.);
#73510=CARTESIAN_POINT('',(18.4199959660228,-0.0531051124660209,
108.671686314632));
#73520=DIRECTION('',(0.0870993728014489,0.995550390653395,
-0.0359599628401839));
#73530=VECTOR('',#73520,1.);
#73540=LINE('',#73510,#73530);
#73550=EDGE_CURVE('',#64650,#54300,#73540,.T.);
#73560=ORIENTED_EDGE('',*,*,#73550,.T.);
#73570=ORIENTED_EDGE('',*,*,#65540,.T.);
#73580=ORIENTED_EDGE('',*,*,#73300,.T.);
#73590=EDGE_LOOP('',(#73580,#73570,#73560,#73500));
#73600=FACE_OUTER_BOUND('',#73590,.T.);
#73610=ADVANCED_FACE('',(#73600),#73490,.T.);
#73620=COLOUR_RGB('',0.980392217636108,0.517647087574005,
0.168627455830574);
#73630=FILL_AREA_STYLE_COLOUR('',#73620);
#73640=FILL_AREA_STYLE('',(#73630));
#73650=SURFACE_STYLE_FILL_AREA(#73640);
#73660=SURFACE_SIDE_STYLE('',(#73650));
#73670=SURFACE_STYLE_USAGE(.BOTH.,#73660);
#73680=PRESENTATION_STYLE_ASSIGNMENT((#73670));
#73690=CARTESIAN_POINT('',(18.2321670026515,-2.19999999417843,
141.142572016138));
#73700=DIRECTION('',(-0.996194698122131,0.0871557424003474,
-5.94775026894577E-12));
#73710=DIRECTION('',(-0.0871557424003474,-0.996194698122131,
-3.29016947172816E-13));
#73720=AXIS2_PLACEMENT_3D('',#73690,#73700,#73710);
#73730=PLANE('',#73720);
#73740=CARTESIAN_POINT('',(18.4199959660085,-0.0531051124656443,
111.076530974375));
#73750=DIRECTION('',(0.0853056900517926,0.975048502944378,
0.204947203324941));
#73760=VECTOR('',#73750,1.);
#73770=LINE('',#73740,#73760);
#73780=EDGE_CURVE('',#64670,#54220,#73770,.T.);
#73790=ORIENTED_EDGE('',*,*,#73780,.T.);
#73800=ORIENTED_EDGE('',*,*,#64680,.T.);
#73810=ORIENTED_EDGE('',*,*,#73550,.F.);
#73820=ORIENTED_EDGE('',*,*,#54310,.F.);
#73830=EDGE_LOOP('',(#73820,#73810,#73800,#73790));
#73840=FACE_OUTER_BOUND('',#73830,.T.);
#73850=ADVANCED_FACE('',(#73840),#73730,.T.);
#73860=COLOUR_RGB('',0.980392217636108,0.517647087574005,
0.168627455830574);
#73870=FILL_AREA_STYLE_COLOUR('',#73860);
#73880=FILL_AREA_STYLE('',(#73870));
#73890=SURFACE_STYLE_FILL_AREA(#73880);
#73900=SURFACE_SIDE_STYLE('',(#73890));
#73910=SURFACE_STYLE_USAGE(.BOTH.,#73900);
#73920=PRESENTATION_STYLE_ASSIGNMENT((#73910));
#73930=CARTESIAN_POINT('',(7.75065764739512,-2.19999999817167,
100.215713332169));
#73940=DIRECTION('',(0.701985766967205,0.0871557429865421,
-0.706837930108401));
#73950=DIRECTION('',(-0.709537936161051,-4.01064340044311E-10,
-0.704667238594442));
#73960=AXIS2_PLACEMENT_3D('',#73930,#73940,#73950);
#73970=PLANE('',#73960);
#73980=CARTESIAN_POINT('',(16.3385467650719,-0.0531051136438307,
109.009370099744));
#73990=DIRECTION('',(-0.000361578533373741,-0.992439953701967,
-0.122730630068465));
#74000=VECTOR('',#73990,1.);
#74010=LINE('',#73980,#74000);
#74020=EDGE_CURVE('',#54140,#64750,#74010,.T.);
#74030=ORIENTED_EDGE('',*,*,#74020,.F.);
#74040=ORIENTED_EDGE('',*,*,#64760,.T.);
#74050=ORIENTED_EDGE('',*,*,#73780,.F.);
#74060=ORIENTED_EDGE('',*,*,#54230,.F.);
#74070=EDGE_LOOP('',(#74060,#74050,#74040,#74030));
#74080=FACE_OUTER_BOUND('',#74070,.T.);
#74090=ADVANCED_FACE('',(#74080),#73970,.T.);
#74100=COLOUR_RGB('',0.980392217636108,0.517647087574005,
0.168627455830574);
#74110=FILL_AREA_STYLE_COLOUR('',#74100);
#74120=FILL_AREA_STYLE('',(#74110));
#74130=SURFACE_STYLE_FILL_AREA(#74120);
#74140=SURFACE_SIDE_STYLE('',(#74130));
#74150=SURFACE_STYLE_USAGE(.BOTH.,#74140);
#74160=PRESENTATION_STYLE_ASSIGNMENT((#74150));
#74170=CARTESIAN_POINT('',(-15.9026903070995,-2.20000000607912,
141.142572016351));
#74180=DIRECTION('',(-0.70613840050843,0.0871557424956517,
-0.702689430600338));
#74190=DIRECTION('',(-0.705373590077757,-3.98441797941336E-10,
0.708835734441215));
#74200=AXIS2_PLACEMENT_3D('',#74170,#74180,#74190);
#74210=PLANE('',#74200);
#74220=ORIENTED_EDGE('',*,*,#54150,.F.);
#74230=ORIENTED_EDGE('',*,*,#71640,.F.);
#74240=ORIENTED_EDGE('',*,*,#64840,.T.);
#74250=ORIENTED_EDGE('',*,*,#74020,.T.);
#74260=EDGE_LOOP('',(#74250,#74240,#74230,#74220));
#74270=FACE_OUTER_BOUND('',#74260,.T.);
#74280=ADVANCED_FACE('',(#74270),#74210,.T.);
#74290=COLOUR_RGB('',0.980392217636108,0.517647087574005,
0.168627455830574);
#74300=FILL_AREA_STYLE_COLOUR('',#74290);
#74310=FILL_AREA_STYLE('',(#74300));
#74320=SURFACE_STYLE_FILL_AREA(#74310);
#74330=SURFACE_SIDE_STYLE('',(#74320));
#74340=SURFACE_STYLE_USAGE(.BOTH.,#74330);
#74350=PRESENTATION_STYLE_ASSIGNMENT((#74340));
#74360=CARTESIAN_POINT('',(17.8321745599129,-39.8483339448107,
111.899804341552));
#74370=DIRECTION('',(0.258819044892499,-0.965925826345307,
-2.64530716215958E-7));
#74380=DIRECTION('',(-0.965925826344803,-0.258819044892634,
9.87243495798581E-7));
#74390=AXIS2_PLACEMENT_3D('',#74360,#74370,#74380);
#74400=PLANE('',#74390);
#74410=ORIENTED_EDGE('',*,*,#11980,.F.);
#74420=ORIENTED_EDGE('',*,*,#35040,.T.);
#74430=ORIENTED_EDGE('',*,*,#1930,.T.);
#74440=ORIENTED_EDGE('',*,*,#23770,.T.);
#74450=EDGE_LOOP('',(#74440,#74430,#74420,#74410));
#74460=FACE_OUTER_BOUND('',#74450,.T.);
#74470=ADVANCED_FACE('',(#74460),#74400,.F.);
#74480=COLOUR_RGB('',0.560784339904785,0.588235318660736,
0.600000023841858);
#74490=FILL_AREA_STYLE_COLOUR('',#74480);
#74500=FILL_AREA_STYLE('',(#74490));
#74510=SURFACE_STYLE_FILL_AREA(#74500);
#74520=SURFACE_SIDE_STYLE('',(#74510));
#74530=SURFACE_STYLE_USAGE(.BOTH.,#74520);
#74540=PRESENTATION_STYLE_ASSIGNMENT((#74530));
#74550=CARTESIAN_POINT('',(32.0822046445324,13.2000000269919,
141.142526404018));
#74560=DIRECTION('',(-0.996194698020505,0.087155743555992,
1.01817597467693E-6));
#74570=DIRECTION('',(-0.0871557435559465,-0.996194698021025,
8.90714720727046E-8));
#74580=AXIS2_PLACEMENT_3D('',#74550,#74560,#74570);
#74590=PLANE('',#74580);
#74600=CARTESIAN_POINT('',(32.0734557780986,13.1000000269989,
141.142526412957));
#74610=DIRECTION('',(1.02206530597623E-6,7.36243229331826E-13,
0.999999999999478));
#74620=VECTOR('',#74610,1.);
#74630=LINE('',#74600,#74620);
#74640=CARTESIAN_POINT('',(32.0734226736831,13.1000000269751,
108.752800095485));
#74650=VERTEX_POINT('',#74640);
#74660=CARTESIAN_POINT('',(32.0734245659413,13.1000000269765,
110.604206483717));
#74670=VERTEX_POINT('',#74660);
#74680=EDGE_CURVE('',#74650,#74670,#74630,.T.);
#74690=ORIENTED_EDGE('',*,*,#74680,.F.);
#74700=CARTESIAN_POINT('',(32.2700028807646,15.3468949087136,
111.076485170312));
#74710=DIRECTION('',(0.085305900653363,0.975048502843872,
0.204947116143758));
#74720=VECTOR('',#74710,1.);
#74730=LINE('',#74700,#74720);
#74740=CARTESIAN_POINT('',(31.9946845746574,12.2000000286718,
110.415033941208));
#74750=VERTEX_POINT('',#74740);
#74760=EDGE_CURVE('',#74750,#74670,#74730,.T.);
#74770=ORIENTED_EDGE('',*,*,#74760,.T.);
#74780=CARTESIAN_POINT('',(31.9946860923501,12.20000002866,
111.899789866461));
#74790=DIRECTION('',(1.02206454484943E-6,-7.96347579530086E-12,
0.999999999999478));
#74800=VECTOR('',#74790,1.);
#74810=LINE('',#74780,#74800);
#74820=CARTESIAN_POINT('',(31.9946829091495,12.2000000286848,
108.785308793144));
#74830=VERTEX_POINT('',#74820);
#74840=EDGE_CURVE('',#74830,#74750,#74810,.T.);
#74850=ORIENTED_EDGE('',*,*,#74840,.T.);
#74860=CARTESIAN_POINT('',(32.270000422858,15.3468949087314,
108.67164051057));
#74870=DIRECTION('',(0.0870993372026815,0.995550390552626,
-0.0359600518543573));
#74880=VECTOR('',#74870,1.);
#74890=LINE('',#74860,#74880);
#74900=EDGE_CURVE('',#74830,#74650,#74890,.T.);
#74910=ORIENTED_EDGE('',*,*,#74900,.F.);
#74920=EDGE_LOOP('',(#74910,#74850,#74770,#74690));
#74930=FACE_OUTER_BOUND('',#74920,.T.);
#74940=ADVANCED_FACE('',(#74930),#74590,.T.);
#74950=COLOUR_RGB('',0.980392217636108,0.517647087574005,
0.168627455830574);
#74960=FILL_AREA_STYLE_COLOUR('',#74950);
#74970=FILL_AREA_STYLE('',(#74960));
#74980=SURFACE_STYLE_FILL_AREA(#74970);
#74990=SURFACE_SIDE_STYLE('',(#74980));
#75000=SURFACE_STYLE_USAGE(.BOTH.,#74990);
#75010=PRESENTATION_STYLE_ASSIGNMENT((#75000));
#75020=CARTESIAN_POINT('',(36.9255518451227,12.9071068045588,
111.899784828129));
#75030=DIRECTION('',(-0.707106781427986,-0.70710678094474,
7.22696567670265E-7));
#75040=DIRECTION('',(-0.707106780944371,0.707106781428355,
7.22695820879895E-7));
#75050=AXIS2_PLACEMENT_3D('',#75020,#75030,#75040);
#75060=PLANE('',#75050);
#75070=ORIENTED_EDGE('',*,*,#6220,.F.);
#75080=ORIENTED_EDGE('',*,*,#32530,.T.);
#75090=ORIENTED_EDGE('',*,*,#300,.T.);
#75100=CARTESIAN_POINT('',(36.632658626604,13.200000023278,
111.89978512613));
#75110=DIRECTION('',(1.02204675941924E-6,5.27711028537214E-13,
0.999999999999478));
#75120=VECTOR('',#75110,1.);
#75130=LINE('',#75100,#75120);
#75140=EDGE_CURVE('',#7970,#210,#75130,.T.);
#75150=ORIENTED_EDGE('',*,*,#75140,.T.);
#75160=ORIENTED_EDGE('',*,*,#7980,.T.);
#75170=ORIENTED_EDGE('',*,*,#6520,.F.);
#75180=EDGE_LOOP('',(#75170,#75160,#75150,#75090,#75080,#75070));
#75190=FACE_OUTER_BOUND('',#75180,.T.);
#75200=ADVANCED_FACE('',(#75190),#75060,.F.);
#75210=COLOUR_RGB('',0.560784339904785,0.588235318660736,
0.600000023841858);
#75220=FILL_AREA_STYLE_COLOUR('',#75210);
#75230=FILL_AREA_STYLE('',(#75220));
#75240=SURFACE_STYLE_FILL_AREA(#75230);
#75250=SURFACE_SIDE_STYLE('',(#75240));
#75260=SURFACE_STYLE_USAGE(.BOTH.,#75250);
#75270=PRESENTATION_STYLE_ASSIGNMENT((#75260));
#75280=CARTESIAN_POINT('',(40.9522388055645,4.3549364400435,
111.899780712671));
#75290=DIRECTION('',(0.707106780940462,-0.707106781432263,
-7.226958208759E-7));
#75300=DIRECTION('',(-0.707106781431894,-0.707106780940832,
7.2269656767426E-7));
#75310=AXIS2_PLACEMENT_3D('',#75280,#75290,#75300);
#75320=PLANE('',#75310);
#75330=ORIENTED_EDGE('',*,*,#950,.T.);
#75340=ORIENTED_EDGE('',*,*,#23480,.F.);
#75350=ORIENTED_EDGE('',*,*,#7330,.T.);
#75360=ORIENTED_EDGE('',*,*,#26720,.T.);
#75370=EDGE_LOOP('',(#75360,#75350,#75340,#75330));
#75380=FACE_OUTER_BOUND('',#75370,.T.);
#75390=ADVANCED_FACE('',(#75380),#75320,.F.);
#75400=COLOUR_RGB('',0.560784339904785,0.588235318660736,
0.600000023841858);
#75410=FILL_AREA_STYLE_COLOUR('',#75400);
#75420=FILL_AREA_STYLE('',(#75410));
#75430=SURFACE_STYLE_FILL_AREA(#75420);
#75440=SURFACE_SIDE_STYLE('',(#75430));
#75450=SURFACE_STYLE_USAGE(.BOTH.,#75440);
#75460=PRESENTATION_STYLE_ASSIGNMENT((#75450));
#75470=CARTESIAN_POINT('',(24.3321678960591,-2.79999996876861,
105.549797698453));
#75480=DIRECTION('',(-1.43396397925657E-11,1.,2.08780262002391E-13));
#75490=DIRECTION('',(0.999999999999478,1.4339640005941E-11,
-1.02204483878979E-6));
#75500=AXIS2_PLACEMENT_3D('',#75470,#75480,#75490);
#75510=PLANE('',#75500);
#75520=CARTESIAN_POINT('',(-2.5616637515524,-2.79999996915426,
105.549825185154));
#75530=DIRECTION('',(0.999999999999478,1.43396400059323E-11,
-1.02204483878978E-6));
#75540=VECTOR('',#75530,1.);
#75550=LINE('',#75520,#75540);
#75560=CARTESIAN_POINT('',(24.3321690970182,-2.79999996876861,
105.549797698451));
#75570=VERTEX_POINT('',#75560);
#75580=CARTESIAN_POINT('',(36.2321680655095,-2.79999996859797,
105.549785536119));
#75590=VERTEX_POINT('',#75580);
#75600=EDGE_CURVE('',#75570,#75590,#75550,.T.);
#75610=ORIENTED_EDGE('',*,*,#75600,.T.);
#75620=CARTESIAN_POINT('',(24.332271815411,-2.7999999687791,
155.79996525005));
#75630=DIRECTION('',(2.04414030392287E-6,-2.08750949766311E-13,
0.999999999997911));
#75640=VECTOR('',#75630,1.);
#75650=LINE('',#75620,#75640);
#75660=CARTESIAN_POINT('',(24.3321783978566,-2.79999996876956,
110.099797699148));
#75670=VERTEX_POINT('',#75660);
#75680=EDGE_CURVE('',#75570,#75670,#75650,.T.);
#75690=ORIENTED_EDGE('',*,*,#75680,.F.);
#75700=CARTESIAN_POINT('',(-2.56165442823505,-2.79999996915521,
110.099825185929));
#75710=DIRECTION('',(0.999999999999478,1.43396400058961E-11,
-1.02204773419861E-6));
#75720=VECTOR('',#75710,1.);
#75730=LINE('',#75700,#75720);
#75740=CARTESIAN_POINT('',(36.2321727158223,-2.79999996859891,
110.099785536785));
#75750=VERTEX_POINT('',#75740);
#75760=EDGE_CURVE('',#75670,#75750,#75730,.T.);
#75770=ORIENTED_EDGE('',*,*,#75760,.F.);
#75780=CARTESIAN_POINT('',(36.2321745555064,-2.79999996859929,
111.899785535458));
#75790=DIRECTION('',(1.02204676134989E-6,-2.08765606219874E-13,
0.999999999999478));
#75800=VECTOR('',#75790,1.);
#75810=LINE('',#75780,#75800);
#75820=EDGE_CURVE('',#75590,#75750,#75810,.T.);
#75830=ORIENTED_EDGE('',*,*,#75820,.T.);
#75840=EDGE_LOOP('',(#75830,#75770,#75690,#75610));
#75850=FACE_OUTER_BOUND('',#75840,.T.);
#75860=ADVANCED_FACE('',(#75850),#75510,.F.);
#75870=COLOUR_RGB('',0.823529481887817,0.823529481887817,
0.784313797950745);
#75880=FILL_AREA_STYLE_COLOUR('',#75870);
#75890=FILL_AREA_STYLE('',(#75880));
#75900=SURFACE_STYLE_FILL_AREA(#75890);
#75910=SURFACE_SIDE_STYLE('',(#75900));
#75920=SURFACE_STYLE_USAGE(.BOTH.,#75910);
#75930=PRESENTATION_STYLE_ASSIGNMENT((#75920));
#75940=CARTESIAN_POINT('',(21.6006534591444,13.2000000354666,
100.215678432912));
#75950=DIRECTION('',(0.701985044629712,0.0871557421775315,
-0.706838647586353));
#75960=DIRECTION('',(-0.709538656380313,4.27359284524768E-10,
-0.704666513396246));
#75970=AXIS2_PLACEMENT_3D('',#75940,#75950,#75960);
#75980=PLANE('',#75970);
#75990=CARTESIAN_POINT('',(21.6006534464827,13.1000000354666,
100.203348061425));
#76000=DIRECTION('',(-0.709538656389428,5.75215514229269E-10,
-0.704666513387067));
#76010=VECTOR('',#76000,1.);
#76020=LINE('',#75990,#76010);
#76030=CARTESIAN_POINT('',(29.2445856056187,13.1000000292698,
107.79479212813));
#76040=VERTEX_POINT('',#76030);
#76050=EDGE_CURVE('',#76040,#41720,#76020,.T.);
#76060=ORIENTED_EDGE('',*,*,#76050,.F.);
#76070=ORIENTED_EDGE('',*,*,#41880,.T.);
#76080=CARTESIAN_POINT('',(3.5920647543865,12.2000000260182,
82.2074445423426));
#76090=DIRECTION('',(-0.709538656349879,-6.62917924274132E-11,
-0.70466651342689));
#76100=VECTOR('',#76090,1.);
#76110=LINE('',#76080,#76100);
#76120=CARTESIAN_POINT('',(29.3563210075167,12.2000000284253,
107.794787053499));
#76130=VERTEX_POINT('',#76120);
#76140=EDGE_CURVE('',#76130,#41810,#76110,.T.);
#76150=ORIENTED_EDGE('',*,*,#76140,.T.);
#76160=CARTESIAN_POINT('',(28.9656326028901,15.3468949107013,
107.794804797098));
#76170=DIRECTION('',(0.123204580643028,-0.992381293292687,
-5.59547607527429E-6));
#76180=VECTOR('',#76170,1.);
#76190=LINE('',#76160,#76180);
#76200=EDGE_CURVE('',#76040,#76130,#76190,.T.);
#76210=ORIENTED_EDGE('',*,*,#76200,.T.);
#76220=EDGE_LOOP('',(#76210,#76150,#76070,#76060));
#76230=FACE_OUTER_BOUND('',#76220,.T.);
#76240=ADVANCED_FACE('',(#76230),#75980,.T.);
#76250=COLOUR_RGB('',0.980392217636108,0.517647087574005,
0.168627455830574);
#76260=FILL_AREA_STYLE_COLOUR('',#76250);
#76270=FILL_AREA_STYLE('',(#76260));
#76280=SURFACE_STYLE_FILL_AREA(#76270);
#76290=SURFACE_SIDE_STYLE('',(#76280));
#76300=SURFACE_STYLE_USAGE(.BOTH.,#76290);
#76310=PRESENTATION_STYLE_ASSIGNMENT((#76300));
#76320=CARTESIAN_POINT('',(23.3323822933284,13.2000000340701,
111.899798720983));
#76330=DIRECTION('',(-8.11421498849376E-10,-1.,5.28540339250912E-13));
#76340=DIRECTION('',(-0.999999999999478,8.11421499389145E-10,
1.02204675941924E-6));
#76350=AXIS2_PLACEMENT_3D('',#76320,#76330,#76340);
#76360=PLANE('',#76350);
#76370=CARTESIAN_POINT('',(24.6321747563706,13.2000000330154,
111.899797391459));
#76380=DIRECTION('',(-1.02207673857853E-6,-5.27711004211479E-13,
-0.999999999999478));
#76390=VECTOR('',#76380,1.);
#76400=LINE('',#76370,#76390);
#76410=CARTESIAN_POINT('',(24.63216896766,13.2000000330124,
106.236122258909));
#76420=VERTEX_POINT('',#76410);
#76430=CARTESIAN_POINT('',(24.6321671418989,13.2000000330115,
104.449797392394));
#76440=VERTEX_POINT('',#76430);
#76450=EDGE_CURVE('',#76420,#76440,#76400,.T.);
#76460=ORIENTED_EDGE('',*,*,#76450,.T.);
#76470=CARTESIAN_POINT('',(-4.44089209850063E-16,13.2000000529865,
81.6040036431314));
#76480=DIRECTION('',(-0.707107503903571,5.73388475588743E-10,
-0.707106058468785));
#76490=VECTOR('',#76480,1.);
#76500=LINE('',#76470,#76490);
#76510=CARTESIAN_POINT('',(25.320844806118,13.200000032454,
106.924796689609));
#76520=VERTEX_POINT('',#76510);
#76530=EDGE_CURVE('',#76520,#76420,#76500,.T.);
#76540=ORIENTED_EDGE('',*,*,#76530,.T.);
#76550=CARTESIAN_POINT('',(-4.44089209850063E-16,13.2000000529999,
106.924822569457));
#76560=DIRECTION('',(-0.999999999999478,8.11421499389117E-10,
1.02207677409457E-6));
#76570=VECTOR('',#76560,1.);
#76580=LINE('',#76550,#76570);
#76590=CARTESIAN_POINT('',(25.932169671495,13.2000000319579,
106.924796064788));
#76600=VERTEX_POINT('',#76590);
#76610=EDGE_CURVE('',#76600,#76520,#76580,.T.);
#76620=ORIENTED_EDGE('',*,*,#76610,.T.);
#76630=CARTESIAN_POINT('',(25.9320603861482,13.2000000319015,
-2.8421709430404E-14));
#76640=DIRECTION('',(-1.02207673857853E-6,-5.27711004120472E-13,
-0.999999999999478));
#76650=VECTOR('',#76640,1.);
#76660=LINE('',#76630,#76650);
#76670=CARTESIAN_POINT('',(25.9321715112332,13.2000000319589,
108.724796064919));
#76680=VERTEX_POINT('',#76670);
#76690=EDGE_CURVE('',#76680,#76600,#76660,.T.);
#76700=ORIENTED_EDGE('',*,*,#76690,.T.);
#76710=CARTESIAN_POINT('',(-4.44089209850063E-16,13.2000000530008,
108.724822569589));
#76720=DIRECTION('',(0.999999999999478,-8.11421499389117E-10,
-1.02207677409457E-6));
#76730=VECTOR('',#76720,1.);
#76740=LINE('',#76710,#76730);
#76750=CARTESIAN_POINT('',(25.3208466457266,13.200000032455,
108.72479668974));
#76760=VERTEX_POINT('',#76750);
#76770=EDGE_CURVE('',#76760,#76680,#76740,.T.);
#76780=ORIENTED_EDGE('',*,*,#76770,.T.);
#76790=CARTESIAN_POINT('',(134.045421085522,13.199999944176,
-2.8421709430404E-14));
#76800=DIRECTION('',(0.707106058468786,-5.74134795261472E-10,
-0.707107503903571));
#76810=VECTOR('',#76800,1.);
#76820=LINE('',#76790,#76810);
#76830=CARTESIAN_POINT('',(24.6321722151558,13.2000000330141,
109.413472528068));
#76840=VERTEX_POINT('',#76830);
#76850=EDGE_CURVE('',#76840,#76760,#76820,.T.);
#76860=ORIENTED_EDGE('',*,*,#76850,.T.);
#76870=CARTESIAN_POINT('',(24.6320603861907,13.2000000329564,
-4.2632564145606E-14));
#76880=DIRECTION('',(-1.02207673857853E-6,-5.27711004120472E-13,
-0.999999999999478));
#76890=VECTOR('',#76880,1.);
#76900=LINE('',#76870,#76890);
#76910=CARTESIAN_POINT('',(24.6321740409169,13.2000000330151,
111.19979739256));
#76920=VERTEX_POINT('',#76910);
#76930=EDGE_CURVE('',#76920,#76840,#76900,.T.);
#76940=ORIENTED_EDGE('',*,*,#76930,.T.);
#76950=CARTESIAN_POINT('',(3.59209438637223,13.2000000500874,
111.199818896742));
#76960=DIRECTION('',(-0.999999999999478,8.11421499389157E-10,
1.0220678823292E-6));
#76970=VECTOR('',#76960,1.);
#76980=LINE('',#76950,#76970);
#76990=CARTESIAN_POINT('',(35.2321740408611,13.200000024414,
111.199786558433));
#77000=VERTEX_POINT('',#76990);
#77010=EDGE_CURVE('',#77000,#76920,#76980,.T.);
#77020=ORIENTED_EDGE('',*,*,#77010,.T.);
#77030=CARTESIAN_POINT('',(35.232060387803,13.2000000243553,
-2.8421709430404E-14));
#77040=DIRECTION('',(1.02206183677273E-6,5.27711016190691E-13,
0.999999999999478));
#77050=VECTOR('',#77040,1.);
#77060=LINE('',#77030,#77050);
#77070=CARTESIAN_POINT('',(35.2321715112581,13.2000000244127,
108.724786559612));
#77080=VERTEX_POINT('',#77070);
#77090=EDGE_CURVE('',#77080,#77000,#77060,.T.);
#77100=ORIENTED_EDGE('',*,*,#77090,.T.);
#77110=CARTESIAN_POINT('',(-4.44089209850063E-16,13.2000000530008,
108.72482256907));
#77120=DIRECTION('',(0.999999999999478,-8.11421499389117E-10,
-1.02206183677273E-6));
#77130=VECTOR('',#77120,1.);
#77140=LINE('',#77110,#77130);
#77150=CARTESIAN_POINT('',(34.4321715112153,13.2000000250618,
108.724787377262));
#77160=VERTEX_POINT('',#77150);
#77170=EDGE_CURVE('',#77160,#77080,#77140,.T.);
#77180=ORIENTED_EDGE('',*,*,#77170,.T.);
#77190=CARTESIAN_POINT('',(34.4320603877594,13.2000000250044,
-2.8421709430404E-14));
#77200=DIRECTION('',(1.02206183677273E-6,5.27711016190691E-13,
0.999999999999478));
#77210=VECTOR('',#77200,1.);
#77220=LINE('',#77190,#77210);
#77230=CARTESIAN_POINT('',(34.432169671504,13.2000000250609,
106.924787377137));
#77240=VERTEX_POINT('',#77230);
#77250=EDGE_CURVE('',#77240,#77160,#77220,.T.);
#77260=ORIENTED_EDGE('',*,*,#77250,.T.);
#77270=CARTESIAN_POINT('',(-4.44089209850063E-16,13.2000000529999,
106.924822569456));
#77280=DIRECTION('',(-0.999999999999478,8.11421499389117E-10,
1.02207673857853E-6));
#77290=VECTOR('',#77280,1.);
#77300=LINE('',#77270,#77290);
#77310=CARTESIAN_POINT('',(35.2321696715467,13.2000000244117,
106.924786559475));
#77320=VERTEX_POINT('',#77310);
#77330=EDGE_CURVE('',#77320,#77240,#77300,.T.);
#77340=ORIENTED_EDGE('',*,*,#77330,.T.);
#77350=CARTESIAN_POINT('',(35.2321747563044,13.2000000244144,
111.899786557522));
#77360=DIRECTION('',(1.02206183677273E-6,5.27711016303125E-13,
0.999999999999478));
#77370=VECTOR('',#77360,1.);
#77380=LINE('',#77350,#77370);
#77390=CARTESIAN_POINT('',(35.2321671419437,13.2000000244104,
104.449786558466));
#77400=VERTEX_POINT('',#77390);
#77410=EDGE_CURVE('',#77400,#77320,#77380,.T.);
#77420=ORIENTED_EDGE('',*,*,#77410,.T.);
#77430=CARTESIAN_POINT('',(3.59208748740259,13.2000000500839,
104.4498188968));
#77440=DIRECTION('',(0.999999999999478,-8.11421499389157E-10,
-1.02206868178036E-6));
#77450=VECTOR('',#77440,1.);
#77460=LINE('',#77430,#77450);
#77470=EDGE_CURVE('',#76440,#77400,#77460,.T.);
#77480=ORIENTED_EDGE('',*,*,#77470,.T.);
#77490=EDGE_LOOP('',(#77480,#77420,#77340,#77260,#77180,#77100,#77020,
#76940,#76860,#76780,#76700,#76620,#76540,#76460));
#77500=FACE_BOUND('',#77490,.T.);
#77510=ORIENTED_EDGE('',*,*,#220,.T.);
#77520=ORIENTED_EDGE('',*,*,#56210,.T.);
#77530=ORIENTED_EDGE('',*,*,#27350,.F.);
#77540=ORIENTED_EDGE('',*,*,#53740,.T.);
#77550=ORIENTED_EDGE('',*,*,#45770,.T.);
#77560=ORIENTED_EDGE('',*,*,#29880,.T.);
#77570=ORIENTED_EDGE('',*,*,#8060,.T.);
#77580=ORIENTED_EDGE('',*,*,#75140,.F.);
#77590=EDGE_LOOP('',(#77580,#77570,#77560,#77550,#77540,#77530,#77520,
#77510));
#77600=FACE_OUTER_BOUND('',#77590,.T.);
#77610=ADVANCED_FACE('',(#77500,#77600),#76360,.F.);
#77620=COLOUR_RGB('',0.560784339904785,0.588235318660736,
0.600000023841858);
#77630=FILL_AREA_STYLE_COLOUR('',#77620);
#77640=FILL_AREA_STYLE('',(#77630));
#77650=SURFACE_STYLE_FILL_AREA(#77640);
#77660=SURFACE_SIDE_STYLE('',(#77650));
#77670=SURFACE_STYLE_USAGE(.BOTH.,#77660);
#77680=PRESENTATION_STYLE_ASSIGNMENT((#77670));
#77690=CARTESIAN_POINT('',(32.0517368377133,15.1468949088747,
106.827564948577));
#77700=DIRECTION('',(0.0870994328266303,0.995550643434571,
0.0359528185027567));
#77710=DIRECTION('',(-0.996194698020543,0.0871557435555572,
1.01818810712821E-6));
#77720=AXIS2_PLACEMENT_3D('',#77690,#77700,#77710);
#77730=CYLINDRICAL_SURFACE('',#77720,0.2);
#77740=ORIENTED_EDGE('',*,*,#34380,.F.);
#77750=CARTESIAN_POINT('',(31.7939168319132,12.2000000286809,
106.721142259312));
#77760=DIRECTION('',(-1.01338281073905E-10,1.,7.96357936956914E-12));
#77770=DIRECTION('',(-0.924347656901799,-9.06332884511393E-11,
-0.38155131919593));
#77780=AXIS2_PLACEMENT_3D('',#77750,#77760,#77770);
#77790=ELLIPSE('',#77780,0.200893848364892,0.2);
#77800=CARTESIAN_POINT('',(31.9946808000812,12.2000000287012,
106.721771555472));
#77810=VERTEX_POINT('',#77800);
#77820=EDGE_CURVE('',#34290,#77810,#77790,.T.);
#77830=ORIENTED_EDGE('',*,*,#77820,.F.);
#77840=CARTESIAN_POINT('',(32.2509757773174,15.1294637601635,
106.827564744942));
#77850=DIRECTION('',(-0.0870994328266303,-0.995550643434571,
-0.0359528185027567));
#77860=VECTOR('',#77850,1.);
#77870=LINE('',#77840,#77860);
#77880=CARTESIAN_POINT('',(32.0734206310586,13.1000000269736,
106.754273705718));
#77890=VERTEX_POINT('',#77880);
#77900=EDGE_CURVE('',#77890,#77810,#77870,.T.);
#77910=ORIENTED_EDGE('',*,*,#77900,.T.);
#77920=CARTESIAN_POINT('',(31.8726566629067,13.1000000271365,
106.753644409564));
#77930=DIRECTION('',(-8.11421498636247E-10,-1.,7.37072555094492E-13));
#77940=DIRECTION('',(0.924347655465451,-7.49754328850372E-10,
0.381551322675633));
#77950=AXIS2_PLACEMENT_3D('',#77920,#77930,#77940);
#77960=ELLIPSE('',#77950,0.200893848348913,0.2);
#77970=EDGE_CURVE('',#77890,#34370,#77960,.T.);
#77980=ORIENTED_EDGE('',*,*,#77970,.F.);
#77990=EDGE_LOOP('',(#77980,#77910,#77830,#77740));
#78000=FACE_OUTER_BOUND('',#77990,.T.);
#78010=ADVANCED_FACE('',(#78000),#77730,.F.);
#78020=COLOUR_RGB('',0.980392217636108,0.517647087574005,
0.168627455830574);
#78030=FILL_AREA_STYLE_COLOUR('',#78020);
#78040=FILL_AREA_STYLE('',(#78030));
#78050=SURFACE_STYLE_FILL_AREA(#78040);
#78060=SURFACE_SIDE_STYLE('',(#78050));
#78070=SURFACE_STYLE_USAGE(.BOTH.,#78060);
#78080=PRESENTATION_STYLE_ASSIGNMENT((#78070));
#78090=CARTESIAN_POINT('',(14.0543632873246,-19.246913542195,
104.549808203643));
#78100=DIRECTION('',(1.02204693474745E-6,-4.17175011263102E-13,
0.999999999999478));
#78110=DIRECTION('',(0.999999999999478,7.03381632452552E-10,
-1.02204693474745E-6));
#78120=AXIS2_PLACEMENT_3D('',#78090,#78100,#78110);
#78130=PLANE('',#78120);
#78140=CARTESIAN_POINT('',(-2.56166581581128,25.5445340097624,
104.549825186024));
#78150=DIRECTION('',(0.766044443052791,-0.642787609764941,
-7.8293364300227E-7));
#78160=VECTOR('',#78150,1.);
#78170=LINE('',#78140,#78160);
#78180=CARTESIAN_POINT('',(36.8821672151504,-7.55277174563231,
104.549784872561));
#78190=VERTEX_POINT('',#78180);
#78200=CARTESIAN_POINT('',(39.4917926911663,-9.74250752052482,
104.549782205379));
#78210=VERTEX_POINT('',#78200);
#78220=EDGE_CURVE('',#78190,#78210,#78170,.T.);
#78230=ORIENTED_EDGE('',*,*,#78220,.T.);
#78240=CARTESIAN_POINT('',(36.8821672289988,-27.4578187094837,
104.549784872553));
#78250=DIRECTION('',(-6.9572173004457E-10,1.,4.1788607152495E-13));
#78260=VECTOR('',#78250,1.);
#78270=LINE('',#78240,#78260);
#78280=CARTESIAN_POINT('',(36.8821672115176,-2.33113812875199,
104.549784872563));
#78290=VERTEX_POINT('',#78280);
#78300=EDGE_CURVE('',#78190,#78290,#78270,.T.);
#78310=ORIENTED_EDGE('',*,*,#78300,.F.);
#78320=CARTESIAN_POINT('',(13.9848703176816,-21.5442515350343,
104.549808274668));
#78330=DIRECTION('',(0.766044442662294,0.642787610230318,
-7.82933106348793E-7));
#78340=VECTOR('',#78330,1.);
#78350=LINE('',#78320,#78340);
#78360=CARTESIAN_POINT('',(39.1150912820127,-0.457492362050687,
104.549782590411));
#78370=VERTEX_POINT('',#78360);
#78380=EDGE_CURVE('',#78290,#78370,#78350,.T.);
#78390=ORIENTED_EDGE('',*,*,#78380,.F.);
#78400=CARTESIAN_POINT('',(45.182167405941,-0.457492359211479,
104.549776389592));
#78410=DIRECTION('',(0.999999999999478,4.68332512653938E-10,
-1.02204064687446E-6));
#78420=VECTOR('',#78410,1.);
#78430=LINE('',#78400,#78420);
#78440=EDGE_CURVE('',#78370,#42370,#78430,.T.);
#78450=ORIENTED_EDGE('',*,*,#78440,.F.);
#78460=ORIENTED_EDGE('',*,*,#42380,.F.);
#78470=CARTESIAN_POINT('',(45.1821674102894,-9.74250751785938,
104.549776389584));
#78480=DIRECTION('',(-0.999999999999478,-4.68332512653938E-10,
1.02204064687446E-6));
#78490=VECTOR('',#78480,1.);
#78500=LINE('',#78470,#78490);
#78510=EDGE_CURVE('',#42290,#78210,#78500,.T.);
#78520=ORIENTED_EDGE('',*,*,#78510,.F.);
#78530=EDGE_LOOP('',(#78520,#78460,#78450,#78390,#78310,#78230));
#78540=FACE_OUTER_BOUND('',#78530,.T.);
#78550=ADVANCED_FACE('',(#78540),#78130,.T.);
#78560=COLOUR_RGB('',0.560784339904785,0.588235318660736,
0.600000023841858);
#78570=FILL_AREA_STYLE_COLOUR('',#78560);
#78580=FILL_AREA_STYLE('',(#78570));
#78590=SURFACE_STYLE_FILL_AREA(#78580);
#78600=SURFACE_SIDE_STYLE('',(#78590));
#78610=SURFACE_STYLE_USAGE(.BOTH.,#78600);
#78620=PRESENTATION_STYLE_ASSIGNMENT((#78610));
#78630=CARTESIAN_POINT('',(45.1821707553451,-5.19999995038761,
107.8247763895));
#78640=DIRECTION('',(-0.999999999999478,-4.68332512653938E-10,
1.02204064687446E-6));
#78650=DIRECTION('',(1.02204064687446E-6,-6.17161614834667E-13,
0.999999999999478));
#78660=AXIS2_PLACEMENT_3D('',#78630,#78640,#78650);
#78670=CYLINDRICAL_SURFACE('',#78660,5.6);
#78680=CARTESIAN_POINT('',(34.0782463296008,-5.19999995558793,
107.824787738162));
#78690=DIRECTION('',(-0.642787609764605,-0.766044443053191,
6.56959510738366E-7));
#78700=DIRECTION('',(-0.766044443052791,0.642787609764941,
7.82924827264828E-7));
#78710=AXIS2_PLACEMENT_3D('',#78680,#78690,#78700);
#78720=ELLIPSE('',#78710,8.71205342449317,5.6);
#78730=CARTESIAN_POINT('',(39.4917993855063,-9.74250752046433,
111.099782205293));
#78740=VERTEX_POINT('',#78730);
#78750=EDGE_CURVE('',#78210,#78740,#78720,.T.);
#78760=ORIENTED_EDGE('',*,*,#78750,.T.);
#78770=ORIENTED_EDGE('',*,*,#78510,.T.);
#78780=ORIENTED_EDGE('',*,*,#42300,.T.);
#78790=CARTESIAN_POINT('',(45.1821741046557,-9.74250751779935,
111.099776389499));
#78800=DIRECTION('',(-0.999999999999478,-4.68332512653938E-10,
1.02204064687446E-6));
#78810=VECTOR('',#78800,1.);
#78820=LINE('',#78790,#78810);
#78830=EDGE_CURVE('',#42270,#78740,#78820,.T.);
#78840=ORIENTED_EDGE('',*,*,#78830,.F.);
#78850=EDGE_LOOP('',(#78840,#78780,#78770,#78760));
#78860=FACE_OUTER_BOUND('',#78850,.T.);
#78870=ADVANCED_FACE('',(#78860),#78670,.F.);
#78880=COLOUR_RGB('',0.560784339904785,0.588235318660736,
0.600000023841858);
#78890=FILL_AREA_STYLE_COLOUR('',#78880);
#78900=FILL_AREA_STYLE('',(#78890));
#78910=SURFACE_STYLE_FILL_AREA(#78900);
#78920=SURFACE_SIDE_STYLE('',(#78910));
#78930=SURFACE_STYLE_USAGE(.BOTH.,#78920);
#78940=PRESENTATION_STYLE_ASSIGNMENT((#78930));
#78950=CARTESIAN_POINT('',(45.1821707552515,-4.99999992666677,
107.824776389531));
#78960=DIRECTION('',(0.999999999999478,4.68332512653938E-10,
-1.02204064687446E-6));
#78970=DIRECTION('',(1.02204064687446E-6,-6.17161614834667E-13,
0.999999999999478));
#78980=AXIS2_PLACEMENT_3D('',#78950,#78960,#78970);
#78990=CYLINDRICAL_SURFACE('',#78980,5.6);
#79000=CARTESIAN_POINT('',(45.1821741003072,-0.457492359238927,
111.099776389508));
#79010=DIRECTION('',(0.999999999999478,4.68332512653938E-10,
-1.02204064687446E-6));
#79020=VECTOR('',#79010,1.);
#79030=LINE('',#79000,#79020);
#79040=CARTESIAN_POINT('',(39.1150979763919,-0.457492362077097,
111.09978259033));
#79050=VERTEX_POINT('',#79040);
#79060=EDGE_CURVE('',#79050,#42460,#79030,.T.);
#79070=ORIENTED_EDGE('',*,*,#79060,.F.);
#79080=ORIENTED_EDGE('',*,*,#42470,.F.);
#79090=ORIENTED_EDGE('',*,*,#78440,.T.);
#79100=CARTESIAN_POINT('',(33.7015449210997,-4.99999993204352,
107.824788123197));
#79110=DIRECTION('',(-0.642787610229983,0.766044442662693,
6.56959426304132E-7));
#79120=DIRECTION('',(0.766044442662294,0.642787610230318,
-7.82924898113565E-7));
#79130=AXIS2_PLACEMENT_3D('',#79100,#79110,#79120);
#79140=ELLIPSE('',#79130,8.71205342791069,5.6);
#79150=EDGE_CURVE('',#79050,#78370,#79140,.T.);
#79160=ORIENTED_EDGE('',*,*,#79150,.T.);
#79170=EDGE_LOOP('',(#79160,#79090,#79080,#79070));
#79180=FACE_OUTER_BOUND('',#79170,.T.);
#79190=ADVANCED_FACE('',(#79180),#78990,.F.);
#79200=COLOUR_RGB('',0.560784339904785,0.588235318660736,
0.600000023841858);
#79210=FILL_AREA_STYLE_COLOUR('',#79200);
#79220=FILL_AREA_STYLE('',(#79210));
#79230=SURFACE_STYLE_FILL_AREA(#79220);
#79240=SURFACE_SIDE_STYLE('',(#79230));
#79250=SURFACE_STYLE_USAGE(.BOTH.,#79240);
#79260=PRESENTATION_STYLE_ASSIGNMENT((#79250));
#79270=CARTESIAN_POINT('',(-11.0807403964679,-6.08633329095691,
111.09983389287));
#79280=DIRECTION('',(1.02204773419861E-6,-4.17297821033843E-13,
0.999999999999478));
#79290=DIRECTION('',(0.999999999999478,5.87862498222931E-10,
-1.02204773419861E-6));
#79300=AXIS2_PLACEMENT_3D('',#79270,#79280,#79290);
#79310=PLANE('',#79300);
#79320=ORIENTED_EDGE('',*,*,#78830,.T.);
#79330=ORIENTED_EDGE('',*,*,#42530,.T.);
#79340=ORIENTED_EDGE('',*,*,#79060,.T.);
#79350=CARTESIAN_POINT('',(13.984877012089,-21.544251535037,
111.099808274606));
#79360=DIRECTION('',(0.766044442662294,0.642787610230318,
-7.82933718692302E-7));
#79370=VECTOR('',#79360,1.);
#79380=LINE('',#79350,#79370);
#79390=CARTESIAN_POINT('',(36.8821739067946,-2.33113812802505,
111.099784872484));
#79400=VERTEX_POINT('',#79390);
#79410=EDGE_CURVE('',#79400,#79050,#79380,.T.);
#79420=ORIENTED_EDGE('',*,*,#79410,.T.);
#79430=CARTESIAN_POINT('',(36.8821739242706,-27.4578187094864,
111.099784872473));
#79440=DIRECTION('',(6.95513320637968E-10,-1.,-4.18008668847525E-13));
#79450=VECTOR('',#79440,1.);
#79460=LINE('',#79430,#79450);
#79470=CARTESIAN_POINT('',(36.8821739104263,-7.55277174635759,
111.099784872482));
#79480=VERTEX_POINT('',#79470);
#79490=EDGE_CURVE('',#79400,#79480,#79460,.T.);
#79500=ORIENTED_EDGE('',*,*,#79490,.F.);
#79510=CARTESIAN_POINT('',(-2.56165242670453,25.5445283922462,
111.099825185969));
#79520=DIRECTION('',(0.766044443052791,-0.642787609764941,
-7.82934255512312E-7));
#79530=VECTOR('',#79520,1.);
#79540=LINE('',#79510,#79530);
#79550=EDGE_CURVE('',#79480,#78740,#79540,.T.);
#79560=ORIENTED_EDGE('',*,*,#79550,.F.);
#79570=EDGE_LOOP('',(#79560,#79500,#79420,#79340,#79330,#79320));
#79580=FACE_OUTER_BOUND('',#79570,.T.);
#79590=ADVANCED_FACE('',(#79580),#79310,.F.);
#79600=COLOUR_RGB('',0.560784339904785,0.588235318660736,
0.600000023841858);
#79610=FILL_AREA_STYLE_COLOUR('',#79600);
#79620=FILL_AREA_STYLE('',(#79610));
#79630=SURFACE_STYLE_FILL_AREA(#79620);
#79640=SURFACE_SIDE_STYLE('',(#79630));
#79650=SURFACE_STYLE_USAGE(.BOTH.,#79640);
#79660=PRESENTATION_STYLE_ASSIGNMENT((#79650));
#79670=CARTESIAN_POINT('',(-12.0807414185151,-6.08633329165848,
110.099834914889));
#79680=DIRECTION('',(1.02204773419861E-6,-4.17297821033843E-13,
0.999999999999478));
#79690=DIRECTION('',(0.999999999999478,5.87862498222931E-10,
-1.02204773419861E-6));
#79700=AXIS2_PLACEMENT_3D('',#79670,#79680,#79690);
#79710=PLANE('',#79700);
#79720=CARTESIAN_POINT('',(-2.56165442756113,-35.4284391257339,
110.099825185915));
#79730=DIRECTION('',(-0.766044442662294,-0.642787610230318,
7.82933718647014E-7));
#79740=VECTOR('',#79730,1.);
#79750=LINE('',#79720,#79740);
#79760=CARTESIAN_POINT('',(36.3234051026203,-2.79999996859761,
110.099785443542));
#79770=VERTEX_POINT('',#79760);
#79780=CARTESIAN_POINT('',(35.8821728853011,-3.17023775994762,
110.099785894502));
#79790=VERTEX_POINT('',#79780);
#79800=EDGE_CURVE('',#79770,#79790,#79750,.T.);
#79810=ORIENTED_EDGE('',*,*,#79800,.T.);
#79820=EDGE_CURVE('',#75750,#79770,#75730,.T.);
#79830=ORIENTED_EDGE('',*,*,#79820,.T.);
#79840=ORIENTED_EDGE('',*,*,#75760,.T.);
#79850=CARTESIAN_POINT('',(24.3321783982102,-27.4578187429118,
110.099797699137));
#79860=DIRECTION('',(1.43399506371112E-11,-1.,-4.17312477148124E-13));
#79870=VECTOR('',#79860,1.);
#79880=LINE('',#79850,#79870);
#79890=CARTESIAN_POINT('',(24.3321783979283,-7.79999996016989,
110.099797699146));
#79900=VERTEX_POINT('',#79890);
#79910=EDGE_CURVE('',#75670,#79900,#79880,.T.);
#79920=ORIENTED_EDGE('',*,*,#79910,.F.);
#79930=CARTESIAN_POINT('',(-2.56165444717326,-7.79999997276515,
110.099825185927));
#79940=DIRECTION('',(0.999999999999478,4.68332512653908E-10,
-1.02204773419861E-6));
#79950=VECTOR('',#79940,1.);
#79960=LINE('',#79930,#79950);
#79970=CARTESIAN_POINT('',(37.1768079931498,-7.79999995415433,
110.099784571321));
#79980=VERTEX_POINT('',#79970);
#79990=EDGE_CURVE('',#79900,#79980,#79960,.T.);
#80000=ORIENTED_EDGE('',*,*,#79990,.F.);
#80010=CARTESIAN_POINT('',(-2.56165447084297,25.5445292498822,
110.09982518594));
#80020=DIRECTION('',(0.766044443052791,-0.642787609764941,
-7.82934255512312E-7));
#80030=VECTOR('',#80020,1.);
#80040=LINE('',#80010,#80030);
#80050=CARTESIAN_POINT('',(35.8821728877656,-6.71367211449098,
110.0997858945));
#80060=VERTEX_POINT('',#80050);
#80070=EDGE_CURVE('',#80060,#79980,#80040,.T.);
#80080=ORIENTED_EDGE('',*,*,#80070,.T.);
#80090=CARTESIAN_POINT('',(35.8821729021935,-27.4578187101958,
110.099785894492));
#80100=DIRECTION('',(-6.95513320637968E-10,1.,4.18008668847525E-13));
#80110=VECTOR('',#80100,1.);
#80120=LINE('',#80090,#80110);
#80130=EDGE_CURVE('',#80060,#79790,#80120,.T.);
#80140=ORIENTED_EDGE('',*,*,#80130,.F.);
#80150=EDGE_LOOP('',(#80140,#80080,#80000,#79920,#79840,#79830,#79810));
#80160=FACE_OUTER_BOUND('',#80150,.T.);
#80170=ADVANCED_FACE('',(#80160),#79710,.F.);
#80180=COLOUR_RGB('',0.560784339904785,0.588235318660736,
0.600000023841858);
#80190=FILL_AREA_STYLE_COLOUR('',#80180);
#80200=FILL_AREA_STYLE('',(#80190));
#80210=SURFACE_STYLE_FILL_AREA(#80200);
#80220=SURFACE_SIDE_STYLE('',(#80210));
#80230=SURFACE_STYLE_USAGE(.BOTH.,#80220);
#80240=PRESENTATION_STYLE_ASSIGNMENT((#80230));
#80250=CARTESIAN_POINT('',(21.1793741967576,1.61830504327483,
105.54980092075));
#80260=DIRECTION('',(-1.02204483878978E-6,2.08765606247443E-13,
-0.999999999999478));
#80270=DIRECTION('',(-0.999999999999478,-4.64705402590111E-10,
1.02204483878978E-6));
#80280=AXIS2_PLACEMENT_3D('',#80250,#80260,#80270);
#80290=PLANE('',#80280);
#80300=CARTESIAN_POINT('',(-2.561663728391,-35.4284430279785,
105.549825185148));
#80310=DIRECTION('',(0.766044442662294,0.642787610230318,
-7.82931634702886E-7));
#80320=VECTOR('',#80310,1.);
#80330=LINE('',#80300,#80320);
#80340=CARTESIAN_POINT('',(35.8821682349198,-3.17023776000257,
105.549785893834));
#80350=VERTEX_POINT('',#80340);
#80360=CARTESIAN_POINT('',(36.3234004523056,-2.79999996859666,
105.549785442875));
#80370=VERTEX_POINT('',#80360);
#80380=EDGE_CURVE('',#80350,#80370,#80330,.T.);
#80390=ORIENTED_EDGE('',*,*,#80380,.T.);
#80400=CARTESIAN_POINT('',(35.8821682518122,-27.4578187101939,
105.549785893829));
#80410=DIRECTION('',(-6.95513320851101E-10,1.,2.09476452047437E-13));
#80420=VECTOR('',#80410,1.);
#80430=LINE('',#80400,#80420);
#80440=CARTESIAN_POINT('',(35.8821682373843,-6.71367211443653,
105.549785893834));
#80450=VERTEX_POINT('',#80440);
#80460=EDGE_CURVE('',#80450,#80350,#80430,.T.);
#80470=ORIENTED_EDGE('',*,*,#80460,.T.);
#80480=CARTESIAN_POINT('',(-2.56166377167285,25.5445331521264,
105.54982518516));
#80490=DIRECTION('',(-0.766044443052791,0.642787609764941,
7.8293190353259E-7));
#80500=VECTOR('',#80490,1.);
#80510=LINE('',#80480,#80500);
#80520=CARTESIAN_POINT('',(37.1768033428322,-7.79999995415339,
105.549784570658));
#80530=VERTEX_POINT('',#80520);
#80540=EDGE_CURVE('',#80530,#80450,#80510,.T.);
#80550=ORIENTED_EDGE('',*,*,#80540,.T.);
#80560=CARTESIAN_POINT('',(-2.56166374800313,-7.7999999727642,
105.549825185153));
#80570=DIRECTION('',(0.999999999999478,4.68332512653906E-10,
-1.02204483878978E-6));
#80580=VECTOR('',#80570,1.);
#80590=LINE('',#80560,#80580);
#80600=CARTESIAN_POINT('',(24.33216909709,-7.79999996016895,
105.54979769845));
#80610=VERTEX_POINT('',#80600);
#80620=EDGE_CURVE('',#80610,#80530,#80590,.T.);
#80630=ORIENTED_EDGE('',*,*,#80620,.T.);
#80640=CARTESIAN_POINT('',(24.3321690973718,-27.4578187429089,
105.54979769865));
#80650=DIRECTION('',(1.43399510633803E-11,-1.,-2.08780250742115E-13));
#80660=VECTOR('',#80650,1.);
#80670=LINE('',#80640,#80660);
#80680=EDGE_CURVE('',#75570,#80610,#80670,.T.);
#80690=ORIENTED_EDGE('',*,*,#80680,.T.);
#80700=ORIENTED_EDGE('',*,*,#75600,.F.);
#80710=EDGE_CURVE('',#75590,#80370,#75550,.T.);
#80720=ORIENTED_EDGE('',*,*,#80710,.F.);
#80730=EDGE_LOOP('',(#80720,#80700,#80690,#80630,#80550,#80470,#80390));
#80740=FACE_OUTER_BOUND('',#80730,.T.);
#80750=ADVANCED_FACE('',(#80740),#80290,.F.);
#80760=COLOUR_RGB('',0.560784339904785,0.588235318660736,
0.600000023841858);
#80770=FILL_AREA_STYLE_COLOUR('',#80760);
#80780=FILL_AREA_STYLE('',(#80770));
#80790=SURFACE_STYLE_FILL_AREA(#80780);
#80800=SURFACE_SIDE_STYLE('',(#80790));
#80810=SURFACE_STYLE_USAGE(.BOTH.,#80800);
#80820=PRESENTATION_STYLE_ASSIGNMENT((#80810));
#80830=CARTESIAN_POINT('',(37.7185903407122,-8.25461127330649,
107.824784017703));
#80840=DIRECTION('',(-0.642787609764605,-0.766044443053191,
6.56959510738366E-7));
#80850=DIRECTION('',(-0.766044443052792,0.642787609764941,
7.82933035784971E-7));
#80860=AXIS2_PLACEMENT_3D('',#80830,#80840,#80850);
#80870=PLANE('',#80860);
#80880=ORIENTED_EDGE('',*,*,#78750,.F.);
#80890=ORIENTED_EDGE('',*,*,#79550,.T.);
#80900=CARTESIAN_POINT('',(81.5823286583235,-45.0606167818994,
155.799848222986));
#80910=DIRECTION('',(0.608121024037491,-0.51027360556344,
0.608119780626218));
#80920=VECTOR('',#80910,1.);
#80930=LINE('',#80900,#80920);
#80940=EDGE_CURVE('',#80060,#79480,#80930,.T.);
#80950=ORIENTED_EDGE('',*,*,#80940,.T.);
#80960=ORIENTED_EDGE('',*,*,#80070,.F.);
#80970=CARTESIAN_POINT('',(37.1768547008927,-7.79999995416388,
155.799938993937));
#80980=DIRECTION('',(-1.0220478127427E-6,2.08708517347504E-13,
-0.999999999999478));
#80990=VECTOR('',#80980,1.);
#81000=LINE('',#80970,#80990);
#81010=EDGE_CURVE('',#79980,#80530,#81000,.T.);
#81020=ORIENTED_EDGE('',*,*,#81010,.F.);
#81030=ORIENTED_EDGE('',*,*,#80540,.F.);
#81040=CARTESIAN_POINT('',(-2.56158518723863,25.544500181343,
143.993617878587));
#81050=DIRECTION('',(-0.608119780982571,0.510273605564305,
0.608121023680413));
#81060=VECTOR('',#81050,1.);
#81070=LINE('',#81040,#81060);
#81080=EDGE_CURVE('',#78190,#80450,#81070,.T.);
#81090=ORIENTED_EDGE('',*,*,#81080,.T.);
#81100=ORIENTED_EDGE('',*,*,#78220,.F.);
#81110=EDGE_LOOP('',(#81100,#81090,#81030,#81020,#80960,#80950,#80890,
#80880));
#81120=FACE_OUTER_BOUND('',#81110,.T.);
#81130=ADVANCED_FACE('',(#81120),#80870,.F.);
#81140=COLOUR_RGB('',0.560784339904785,0.588235318660736,
0.600000023841858);
#81150=FILL_AREA_STYLE_COLOUR('',#81140);
#81160=FILL_AREA_STYLE('',(#81150));
#81170=SURFACE_STYLE_FILL_AREA(#81160);
#81180=SURFACE_SIDE_STYLE('',(#81170));
#81190=SURFACE_STYLE_USAGE(.BOTH.,#81180);
#81200=PRESENTATION_STYLE_ASSIGNMENT((#81190));
#81210=CARTESIAN_POINT('',(35.8821728752786,11.2401235067532,
110.099785894508));
#81220=DIRECTION('',(-0.707106058489295,-4.92097259849545E-10,
0.707107503883062));
#81230=DIRECTION('',(6.95513407478071E-10,-1.,-4.17921828921418E-13));
#81240=AXIS2_PLACEMENT_3D('',#81210,#81220,#81230);
#81250=PLANE('',#81240);
#81260=ORIENTED_EDGE('',*,*,#80130,.T.);
#81270=ORIENTED_EDGE('',*,*,#80940,.F.);
#81280=ORIENTED_EDGE('',*,*,#79490,.T.);
#81290=CARTESIAN_POINT('',(13.9848536099769,-21.5442515350275,
88.202511366556));
#81300=DIRECTION('',(0.608121023579465,0.510273605808732,
0.608119780878422));
#81310=VECTOR('',#81300,1.);
#81320=LINE('',#81290,#81310);
#81330=EDGE_CURVE('',#79790,#79400,#81320,.T.);
#81340=ORIENTED_EDGE('',*,*,#81330,.T.);
#81350=EDGE_LOOP('',(#81340,#81280,#81270,#81260));
#81360=FACE_OUTER_BOUND('',#81350,.T.);
#81370=ADVANCED_FACE('',(#81360),#81250,.F.);
#81380=COLOUR_RGB('',0.560784339904785,0.588235318660736,
0.600000023841858);
#81390=FILL_AREA_STYLE_COLOUR('',#81380);
#81400=FILL_AREA_STYLE('',(#81390));
#81410=SURFACE_STYLE_FILL_AREA(#81400);
#81420=SURFACE_SIDE_STYLE('',(#81410));
#81430=SURFACE_STYLE_USAGE(.BOTH.,#81420);
#81440=PRESENTATION_STYLE_ASSIGNMENT((#81430));
#81450=CARTESIAN_POINT('',(43.1848457711206,2.95743432502784,
107.824778430936));
#81460=DIRECTION('',(-0.642787610229982,0.766044442662694,
6.56959426304131E-7));
#81470=DIRECTION('',(0.766044442662294,0.642787610230318,
-7.82933106348793E-7));
#81480=AXIS2_PLACEMENT_3D('',#81450,#81460,#81470);
#81490=PLANE('',#81480);
#81500=ORIENTED_EDGE('',*,*,#79800,.F.);
#81510=ORIENTED_EDGE('',*,*,#81330,.F.);
#81520=ORIENTED_EDGE('',*,*,#79410,.F.);
#81530=ORIENTED_EDGE('',*,*,#79150,.F.);
#81540=ORIENTED_EDGE('',*,*,#78380,.T.);
#81550=CARTESIAN_POINT('',(13.9848937197937,-21.5442515350438,
127.447105181775));
#81560=DIRECTION('',(-0.608119780524823,-0.510273605809695,
0.608121023932255));
#81570=VECTOR('',#81560,1.);
#81580=LINE('',#81550,#81570);
#81590=EDGE_CURVE('',#78290,#80350,#81580,.T.);
#81600=ORIENTED_EDGE('',*,*,#81590,.F.);
#81610=ORIENTED_EDGE('',*,*,#80380,.F.);
#81620=CARTESIAN_POINT('',(36.3234518103353,-2.79999996860715,
155.799940738413));
#81630=DIRECTION('',(-1.0220471831201E-6,2.08765606185816E-13,
-0.999999999999478));
#81640=VECTOR('',#81630,1.);
#81650=LINE('',#81620,#81640);
#81660=EDGE_CURVE('',#79770,#80370,#81650,.T.);
#81670=ORIENTED_EDGE('',*,*,#81660,.T.);
#81680=EDGE_LOOP('',(#81670,#81610,#81600,#81540,#81530,#81520,#81510,
#81500));
#81690=FACE_OUTER_BOUND('',#81680,.T.);
#81700=ADVANCED_FACE('',(#81690),#81490,.F.);
#81710=COLOUR_RGB('',0.560784339904785,0.588235318660736,
0.600000023841858);
#81720=FILL_AREA_STYLE_COLOUR('',#81710);
#81730=FILL_AREA_STYLE('',(#81720));
#81740=SURFACE_STYLE_FILL_AREA(#81730);
#81750=SURFACE_SIDE_STYLE('',(#81740));
#81760=SURFACE_STYLE_USAGE(.BOTH.,#81750);
#81770=PRESENTATION_STYLE_ASSIGNMENT((#81760));
#81780=CARTESIAN_POINT('',(42.1821730817069,-7.79999995181016,
110.099779455644));
#81790=DIRECTION('',(4.68332512440384E-10,-1.,-2.0918717557896E-13));
#81800=DIRECTION('',(1.02204064687446E-6,-2.08708520714884E-13,
0.999999999999478));
#81810=AXIS2_PLACEMENT_3D('',#81780,#81790,#81800);
#81820=PLANE('',#81810);
#81830=ORIENTED_EDGE('',*,*,#81010,.T.);
#81840=ORIENTED_EDGE('',*,*,#79990,.T.);
#81850=CARTESIAN_POINT('',(24.3322718154827,-7.79999996268975,
155.799965250047));
#81860=DIRECTION('',(2.04414030392287E-6,-2.0799764160173E-13,
0.999999999997911));
#81870=VECTOR('',#81860,1.);
#81880=LINE('',#81850,#81870);
#81890=EDGE_CURVE('',#80610,#79900,#81880,.T.);
#81900=ORIENTED_EDGE('',*,*,#81890,.T.);
#81910=ORIENTED_EDGE('',*,*,#80620,.F.);
#81920=EDGE_LOOP('',(#81910,#81900,#81840,#81830));
#81930=FACE_OUTER_BOUND('',#81920,.T.);
#81940=ADVANCED_FACE('',(#81930),#81820,.F.);
#81950=COLOUR_RGB('',0.560784339904785,0.588235318660736,
0.600000023841858);
#81960=FILL_AREA_STYLE_COLOUR('',#81950);
#81970=FILL_AREA_STYLE('',(#81960));
#81980=SURFACE_STYLE_FILL_AREA(#81970);
#81990=SURFACE_SIDE_STYLE('',(#81980));
#82000=SURFACE_STYLE_USAGE(.BOTH.,#81990);
#82010=PRESENTATION_STYLE_ASSIGNMENT((#82000));
#82020=ORIENTED_EDGE('',*,*,#80710,.T.);
#82030=ORIENTED_EDGE('',*,*,#75820,.F.);
#82040=ORIENTED_EDGE('',*,*,#79820,.F.);
#82050=ORIENTED_EDGE('',*,*,#81660,.F.);
#82060=EDGE_LOOP('',(#82050,#82040,#82030,#82020));
#82070=FACE_OUTER_BOUND('',#82060,.T.);
#82080=ADVANCED_FACE('',(#82070),#75510,.F.);
#82090=COLOUR_RGB('',0.560784339904785,0.588235318660736,
0.600000023841858);
#82100=FILL_AREA_STYLE_COLOUR('',#82090);
#82110=FILL_AREA_STYLE('',(#82100));
#82120=SURFACE_STYLE_FILL_AREA(#82110);
#82130=SURFACE_SIDE_STYLE('',(#82120));
#82140=SURFACE_STYLE_USAGE(.BOTH.,#82130);
#82150=PRESENTATION_STYLE_ASSIGNMENT((#82140));
#82160=CARTESIAN_POINT('',(24.3321687426388,-1.00164627380286,
105.37644673084));
#82170=DIRECTION('',(-0.999999999997911,-1.43399514901264E-11,
2.04414030392287E-6));
#82180=DIRECTION('',(2.04414030392287E-6,-9.93109062355841E-13,
0.999999999997911));
#82190=AXIS2_PLACEMENT_3D('',#82160,#82170,#82180);
#82200=PLANE('',#82190);
#82210=ORIENTED_EDGE('',*,*,#75680,.T.);
#82220=ORIENTED_EDGE('',*,*,#80680,.F.);
#82230=ORIENTED_EDGE('',*,*,#81890,.F.);
#82240=ORIENTED_EDGE('',*,*,#79910,.T.);
#82250=EDGE_LOOP('',(#82240,#82230,#82220,#82210));
#82260=FACE_OUTER_BOUND('',#82250,.T.);
#82270=ADVANCED_FACE('',(#82260),#82200,.F.);
#82280=COLOUR_RGB('',0.823529481887817,0.823529481887817,
0.784313797950745);
#82290=FILL_AREA_STYLE_COLOUR('',#82280);
#82300=FILL_AREA_STYLE('',(#82290));
#82310=SURFACE_STYLE_FILL_AREA(#82300);
#82320=SURFACE_SIDE_STYLE('',(#82310));
#82330=SURFACE_STYLE_USAGE(.BOTH.,#82320);
#82340=PRESENTATION_STYLE_ASSIGNMENT((#82330));
#82350=CARTESIAN_POINT('',(35.8821682248972,11.2401235067551,
105.549785893837));
#82360=DIRECTION('',(-0.707107503881015,-4.91654566154663E-10,
-0.707106058491342));
#82370=DIRECTION('',(6.95660688405064E-10,-1.,-3.56844307244187E-13));
#82380=AXIS2_PLACEMENT_3D('',#82350,#82360,#82370);
#82390=PLANE('',#82380);
#82400=ORIENTED_EDGE('',*,*,#81590,.T.);
#82410=ORIENTED_EDGE('',*,*,#78300,.T.);
#82420=ORIENTED_EDGE('',*,*,#81080,.F.);
#82430=ORIENTED_EDGE('',*,*,#80460,.F.);
#82440=EDGE_LOOP('',(#82430,#82420,#82410,#82400));
#82450=FACE_OUTER_BOUND('',#82440,.T.);
#82460=ADVANCED_FACE('',(#82450),#82390,.F.);
#82470=COLOUR_RGB('',0.560784339904785,0.588235318660736,
0.600000023841858);
#82480=FILL_AREA_STYLE_COLOUR('',#82470);
#82490=FILL_AREA_STYLE('',(#82480));
#82500=SURFACE_STYLE_FILL_AREA(#82490);
#82510=SURFACE_SIDE_STYLE('',(#82500));
#82520=SURFACE_STYLE_USAGE(.BOTH.,#82510);
#82530=PRESENTATION_STYLE_ASSIGNMENT((#82520));
#82540=CARTESIAN_POINT('',(3.59209438639604,13.1000000500873,
111.199818896743));
#82550=DIRECTION('',(-0.999999999999478,8.1142149938916E-10,
1.0220678823292E-6));
#82560=VECTOR('',#82550,1.);
#82570=LINE('',#82540,#82560);
#82580=CARTESIAN_POINT('',(35.23217404078,13.1000000244138,
111.199786558433));
#82590=VERTEX_POINT('',#82580);
#82600=CARTESIAN_POINT('',(24.6321740408358,13.1000000330149,
111.199797392561));
#82610=VERTEX_POINT('',#82600);
#82620=EDGE_CURVE('',#82590,#82610,#82570,.T.);
#82630=ORIENTED_EDGE('',*,*,#82620,.T.);
#82640=CARTESIAN_POINT('',(35.2321739993975,-37.8999999840307,
111.199786558892));
#82650=DIRECTION('',(8.11421498636247E-10,1.,-7.37072555094436E-13));
#82660=VECTOR('',#82650,1.);
#82670=LINE('',#82640,#82660);
#82680=EDGE_CURVE('',#82590,#77000,#82670,.T.);
#82690=ORIENTED_EDGE('',*,*,#82680,.F.);
#82700=ORIENTED_EDGE('',*,*,#77010,.F.);
#82710=CARTESIAN_POINT('',(24.6321739994533,-37.8999999865541,
111.199797392598));
#82720=DIRECTION('',(-8.11421498636247E-10,-1.,7.37072555094436E-13));
#82730=VECTOR('',#82720,1.);
#82740=LINE('',#82710,#82730);
#82750=EDGE_CURVE('',#76920,#82610,#82740,.T.);
#82760=ORIENTED_EDGE('',*,*,#82750,.F.);
#82770=EDGE_LOOP('',(#82760,#82700,#82690,#82630));
#82780=FACE_OUTER_BOUND('',#82770,.T.);
#82790=ADVANCED_FACE('',(#82780),#26950,.T.);
#82800=COLOUR_RGB('',0.560784339904785,0.588235318660736,
0.600000023841858);
#82810=FILL_AREA_STYLE_COLOUR('',#82800);
#82820=FILL_AREA_STYLE('',(#82810));
#82830=SURFACE_STYLE_FILL_AREA(#82820);
#82840=SURFACE_SIDE_STYLE('',(#82830));
#82850=SURFACE_STYLE_USAGE(.BOTH.,#82840);
#82860=PRESENTATION_STYLE_ASSIGNMENT((#82850));
#82870=ORIENTED_EDGE('',*,*,#77470,.F.);
#82880=CARTESIAN_POINT('',(35.2321671004801,-37.8999999840332,
104.449786558474));
#82890=DIRECTION('',(-8.11421499225616E-10,-1.,1.6042489566951E-13));
#82900=VECTOR('',#82890,1.);
#82910=LINE('',#82880,#82900);
#82920=CARTESIAN_POINT('',(35.2321671418626,13.1000000244089,
104.449786558466));
#82930=VERTEX_POINT('',#82920);
#82940=EDGE_CURVE('',#77400,#82930,#82910,.T.);
#82950=ORIENTED_EDGE('',*,*,#82940,.F.);
#82960=CARTESIAN_POINT('',(3.59208748742639,13.1000000500823,
104.4498188968));
#82970=DIRECTION('',(-0.999999999999478,8.11421499389161E-10,
1.02206868178036E-6));
#82980=VECTOR('',#82970,1.);
#82990=LINE('',#82960,#82980);
#83000=CARTESIAN_POINT('',(24.6321671418178,13.1000000330099,
104.449797392394));
#83010=VERTEX_POINT('',#83000);
#83020=EDGE_CURVE('',#82930,#83010,#82990,.T.);
#83030=ORIENTED_EDGE('',*,*,#83020,.F.);
#83040=CARTESIAN_POINT('',(24.6321671004353,-37.8999999865566,
104.449797392402));
#83050=DIRECTION('',(8.11421499225625E-10,1.,-1.6042489566951E-13));
#83060=VECTOR('',#83050,1.);
#83070=LINE('',#83040,#83060);
#83080=EDGE_CURVE('',#83010,#76440,#83070,.T.);
#83090=ORIENTED_EDGE('',*,*,#83080,.F.);
#83100=EDGE_LOOP('',(#83090,#83030,#82950,#82870));
#83110=FACE_OUTER_BOUND('',#83100,.T.);
#83120=ADVANCED_FACE('',(#83110),#45540,.F.);
#83130=COLOUR_RGB('',0.560784339904785,0.588235318660736,
0.600000023841858);
#83140=FILL_AREA_STYLE_COLOUR('',#83130);
#83150=FILL_AREA_STYLE('',(#83140));
#83160=SURFACE_STYLE_FILL_AREA(#83150);
#83170=SURFACE_SIDE_STYLE('',(#83160));
#83180=SURFACE_STYLE_USAGE(.BOTH.,#83170);
#83190=PRESENTATION_STYLE_ASSIGNMENT((#83180));
#83200=CARTESIAN_POINT('',(21.6515844290144,12.2000000276001,
113.36980043871));
#83210=DIRECTION('',(-1.01338281073905E-10,1.,7.96357936956913E-12));
#83220=DIRECTION('',(-1.02206530597623E-6,7.96347579522372E-12,
-0.999999999999478));
#83230=AXIS2_PLACEMENT_3D('',#83200,#83210,#83220);
#83240=PLANE('',#83230);
#83250=ORIENTED_EDGE('',*,*,#77820,.T.);
#83260=ORIENTED_EDGE('',*,*,#34300,.F.);
#83270=CARTESIAN_POINT('',(35.0948144239857,12.2000000289742,
111.899786697914));
#83280=DIRECTION('',(0.705472549482861,6.58473079405052E-11,
0.708737244630302));
#83290=VECTOR('',#83280,1.);
#83300=LINE('',#83270,#83290);
#83310=EDGE_CURVE('',#34210,#74830,#83300,.T.);
#83320=ORIENTED_EDGE('',*,*,#83310,.F.);
#83330=ORIENTED_EDGE('',*,*,#74840,.F.);
#83340=CARTESIAN_POINT('',(3.5920647543865,12.2000000260182,
82.2074445423427));
#83350=DIRECTION('',(-0.70953865634988,-6.62917924274135E-11,
-0.704666513426888));
#83360=VECTOR('',#83350,1.);
#83370=LINE('',#83340,#83360);
#83380=EDGE_CURVE('',#74750,#30250,#83370,.T.);
#83390=ORIENTED_EDGE('',*,*,#83380,.F.);
#83400=ORIENTED_EDGE('',*,*,#30260,.F.);
#83410=ORIENTED_EDGE('',*,*,#28890,.F.);
#83420=CARTESIAN_POINT('',(21.6006690788525,12.2000000336424,
115.4985831631));
#83430=DIRECTION('',(-0.709474646983405,4.1733788120893E-10,
0.704730959507083));
#83440=VECTOR('',#83430,1.);
#83450=LINE('',#83420,#83440);
#83460=EDGE_CURVE('',#76130,#28780,#83450,.T.);
#83470=ORIENTED_EDGE('',*,*,#83460,.T.);
#83480=ORIENTED_EDGE('',*,*,#76140,.F.);
#83490=ORIENTED_EDGE('',*,*,#41820,.F.);
#83500=ORIENTED_EDGE('',*,*,#30570,.F.);
#83510=ORIENTED_EDGE('',*,*,#58720,.F.);
#83520=CARTESIAN_POINT('',(31.9946860923501,12.20000002866,
111.899789866461));
#83530=DIRECTION('',(1.02206454484943E-6,-7.96347579530086E-12,
0.999999999999478));
#83540=VECTOR('',#83530,1.);
#83550=LINE('',#83520,#83540);
#83560=EDGE_CURVE('',#58650,#77810,#83550,.T.);
#83570=ORIENTED_EDGE('',*,*,#83560,.F.);
#83580=EDGE_LOOP('',(#83570,#83510,#83500,#83490,#83480,#83470,#83410,
#83400,#83390,#83330,#83320,#83260,#83250));
#83590=FACE_OUTER_BOUND('',#83580,.T.);
#83600=ADVANCED_FACE('',(#83590),#83240,.T.);
#83610=COLOUR_RGB('',0.980392217636108,0.517647087574005,
0.168627455830574);
#83620=FILL_AREA_STYLE_COLOUR('',#83610);
#83630=FILL_AREA_STYLE('',(#83620));
#83640=SURFACE_STYLE_FILL_AREA(#83630);
#83650=SURFACE_SIDE_STYLE('',(#83640));
#83660=SURFACE_STYLE_USAGE(.BOTH.,#83650);
#83670=PRESENTATION_STYLE_ASSIGNMENT((#83660));
#83680=CARTESIAN_POINT('',(64.3262619078224,13.2000000008283,
141.142493448116));
#83690=DIRECTION('',(-0.706040285409353,0.0871557433210725,
0.702788013404634));
#83700=DIRECTION('',(0.705472549452427,-4.24969892056568E-10,
0.708737244660596));
#83710=AXIS2_PLACEMENT_3D('',#83680,#83690,#83700);
#83720=PLANE('',#83710);
#83730=CARTESIAN_POINT('',(64.313917618628,13.1000000008383,
141.14249346073));
#83740=DIRECTION('',(0.705472549443316,-5.71913181413256E-10,
0.708737244669665));
#83750=VECTOR('',#83740,1.);
#83760=LINE('',#83730,#83750);
#83770=EDGE_CURVE('',#34190,#74650,#83760,.T.);
#83780=ORIENTED_EDGE('',*,*,#83770,.F.);
#83790=ORIENTED_EDGE('',*,*,#74900,.T.);
#83800=ORIENTED_EDGE('',*,*,#83310,.T.);
#83810=ORIENTED_EDGE('',*,*,#34220,.T.);
#83820=EDGE_LOOP('',(#83810,#83800,#83790,#83780));
#83830=FACE_OUTER_BOUND('',#83820,.T.);
#83840=ADVANCED_FACE('',(#83830),#83720,.T.);
#83850=COLOUR_RGB('',0.980392217636108,0.517647087574005,
0.168627455830574);
#83860=FILL_AREA_STYLE_COLOUR('',#83850);
#83870=FILL_AREA_STYLE('',(#83860));
#83880=SURFACE_STYLE_FILL_AREA(#83870);
#83890=SURFACE_SIDE_STYLE('',(#83880));
#83900=SURFACE_STYLE_USAGE(.BOTH.,#83890);
#83910=PRESENTATION_STYLE_ASSIGNMENT((#83900));
#83920=CARTESIAN_POINT('',(21.6006689534094,13.2000000354778,
115.375268573801));
#83930=DIRECTION('',(0.702049245502961,0.0871557421785213,
0.706774881765074));
#83940=DIRECTION('',(0.709474646983381,-4.16954633875657E-10,
-0.704730959507106));
#83950=AXIS2_PLACEMENT_3D('',#83920,#83930,#83940);
#83960=PLANE('',#83950);
#83970=ORIENTED_EDGE('',*,*,#76200,.F.);
#83980=ORIENTED_EDGE('',*,*,#83460,.F.);
#83990=ORIENTED_EDGE('',*,*,#28810,.F.);
#84000=CARTESIAN_POINT('',(21.600668965954,13.1000000354778,
115.387600032708));
#84010=DIRECTION('',(0.7094746469932,-5.7620236924626E-10,
-0.704730959497222));
#84020=VECTOR('',#84010,1.);
#84030=LINE('',#84000,#84020);
#84040=EDGE_CURVE('',#28800,#76040,#84030,.T.);
#84050=ORIENTED_EDGE('',*,*,#84040,.F.);
#84060=EDGE_LOOP('',(#84050,#83990,#83980,#83970));
#84070=FACE_OUTER_BOUND('',#84060,.T.);
#84080=ADVANCED_FACE('',(#84070),#83960,.T.);
#84090=COLOUR_RGB('',0.980392217636108,0.517647087574005,
0.168627455830574);
#84100=FILL_AREA_STYLE_COLOUR('',#84090);
#84110=FILL_AREA_STYLE('',(#84100));
#84120=SURFACE_STYLE_FILL_AREA(#84110);
#84130=SURFACE_SIDE_STYLE('',(#84120));
#84140=SURFACE_STYLE_USAGE(.BOTH.,#84130);
#84150=PRESENTATION_STYLE_ASSIGNMENT((#84140));
#84160=CARTESIAN_POINT('',(37.3915948098868,11.9814369194902,
104.549784351792));
#84170=DIRECTION('',(1.02204909397909E-6,-8.45210972396734E-13,
0.999999999999478));
#84180=DIRECTION('',(0.707106780944371,-0.707106781428355,
-7.22698442465452E-7));
#84190=AXIS2_PLACEMENT_3D('',#84160,#84170,#84180);
#84200=PLANE('',#84190);
#84210=CARTESIAN_POINT('',(3.59208759316122,-1.7193714742515,
104.549818896536));
#84220=DIRECTION('',(0.984807753072035,0.173648177324719,
-1.00652172500763E-6));
#84230=VECTOR('',#84220,1.);
#84240=LINE('',#84210,#84230);
#84250=CARTESIAN_POINT('',(43.581560744768,5.33185157236926,
104.549778025337));
#84260=VERTEX_POINT('',#84250);
#84270=EDGE_CURVE('',#84260,#27870,#84240,.T.);
#84280=ORIENTED_EDGE('',*,*,#84270,.F.);
#84290=ORIENTED_EDGE('',*,*,#28030,.T.);
#84300=ORIENTED_EDGE('',*,*,#23190,.F.);
#84310=CARTESIAN_POINT('',(86.813412258823,-37.8999999717538,
104.549733840226));
#84320=DIRECTION('',(-0.707106780940463,0.707106781432263,
7.22698442445588E-7));
#84330=VECTOR('',#84320,1.);
#84340=LINE('',#84310,#84330);
#84350=EDGE_CURVE('',#23120,#84260,#84340,.T.);
#84360=ORIENTED_EDGE('',*,*,#84350,.F.);
#84370=EDGE_LOOP('',(#84360,#84300,#84290,#84280));
#84380=FACE_OUTER_BOUND('',#84370,.T.);
#84390=ADVANCED_FACE('',(#84380),#84200,.T.);
#84400=COLOUR_RGB('',0.560784339904785,0.588235318660736,
0.600000023841858);
#84410=FILL_AREA_STYLE_COLOUR('',#84400);
#84420=FILL_AREA_STYLE('',(#84410));
#84430=SURFACE_STYLE_FILL_AREA(#84420);
#84440=SURFACE_SIDE_STYLE('',(#84430));
#84450=SURFACE_STYLE_USAGE(.BOTH.,#84440);
#84460=PRESENTATION_STYLE_ASSIGNMENT((#84450));
#84470=CARTESIAN_POINT('',(29.9321683604358,13.1000000287103,
105.642069579291));
#84480=DIRECTION('',(8.11421498636246E-10,1.,-7.37072555094499E-13));
#84490=DIRECTION('',(0.999999999999478,-8.11421499389167E-10,
-1.02207673857853E-6));
#84500=AXIS2_PLACEMENT_3D('',#84470,#84480,#84490);
#84510=PLANE('',#84500);
#84520=ORIENTED_EDGE('',*,*,#34440,.T.);
#84530=ORIENTED_EDGE('',*,*,#77970,.T.);
#84540=CARTESIAN_POINT('',(32.0734557780986,13.1000000269989,
141.142526412957));
#84550=DIRECTION('',(1.02206530597623E-6,7.36243229331826E-13,
0.999999999999478));
#84560=VECTOR('',#84550,1.);
#84570=LINE('',#84540,#84560);
#84580=EDGE_CURVE('',#58570,#77890,#84570,.T.);
#84590=ORIENTED_EDGE('',*,*,#84580,.T.);
#84600=ORIENTED_EDGE('',*,*,#58580,.T.);
#84610=ORIENTED_EDGE('',*,*,#30730,.T.);
#84620=ORIENTED_EDGE('',*,*,#41730,.T.);
#84630=ORIENTED_EDGE('',*,*,#76050,.T.);
#84640=ORIENTED_EDGE('',*,*,#84040,.T.);
#84650=ORIENTED_EDGE('',*,*,#29030,.T.);
#84660=ORIENTED_EDGE('',*,*,#30170,.T.);
#84670=CARTESIAN_POINT('',(21.6006534464827,13.1000000354666,
100.203348061425));
#84680=DIRECTION('',(-0.70953865638943,5.7521551422927E-10,
-0.704666513387066));
#84690=VECTOR('',#84680,1.);
#84700=LINE('',#84670,#84690);
#84710=EDGE_CURVE('',#74670,#30160,#84700,.T.);
#84720=ORIENTED_EDGE('',*,*,#84710,.T.);
#84730=ORIENTED_EDGE('',*,*,#74680,.T.);
#84740=ORIENTED_EDGE('',*,*,#83770,.T.);
#84750=EDGE_LOOP('',(#84740,#84730,#84720,#84660,#84650,#84640,#84630,
#84620,#84610,#84600,#84590,#84530,#84520));
#84760=FACE_BOUND('',#84750,.T.);
#84770=CARTESIAN_POINT('',(35.2321747562232,13.1000000244143,
111.899786557522));
#84780=DIRECTION('',(1.02206183677273E-6,7.36243232146821E-13,
0.999999999999478));
#84790=VECTOR('',#84780,1.);
#84800=LINE('',#84770,#84790);
#84810=CARTESIAN_POINT('',(35.2321715111769,13.100000024412,
108.724786559612));
#84820=VERTEX_POINT('',#84810);
#84830=EDGE_CURVE('',#84820,#82590,#84800,.T.);
#84840=ORIENTED_EDGE('',*,*,#84830,.F.);
#84850=ORIENTED_EDGE('',*,*,#82620,.F.);
#84860=CARTESIAN_POINT('',(24.6321747562895,13.1000000330154,
111.899797391459));
#84870=DIRECTION('',(-1.02207673857853E-6,-7.36243220055176E-13,
-0.999999999999478));
#84880=VECTOR('',#84870,1.);
#84890=LINE('',#84860,#84880);
#84900=CARTESIAN_POINT('',(24.6321722150747,13.1000000330136,
109.413472528046));
#84910=VERTEX_POINT('',#84900);
#84920=EDGE_CURVE('',#82610,#84910,#84890,.T.);
#84930=ORIENTED_EDGE('',*,*,#84920,.F.);
#84940=CARTESIAN_POINT('',(22.1458498928936,13.1000000350329,
111.899799932656));
#84950=DIRECTION('',(-0.707106058468785,5.7428223283274E-10,
0.707107503903571));
#84960=VECTOR('',#84950,1.);
#84970=LINE('',#84940,#84960);
#84980=CARTESIAN_POINT('',(25.3208466456343,13.1000000324543,
108.72479668974));
#84990=VERTEX_POINT('',#84980);
#85000=EDGE_CURVE('',#84990,#84910,#84970,.T.);
#85010=ORIENTED_EDGE('',*,*,#85000,.T.);
#85020=CARTESIAN_POINT('',(3.59209185677383,13.1000000500854,
108.724818898196));
#85030=DIRECTION('',(-0.999999999999478,8.11421499389167E-10,
1.02207677409457E-6));
#85040=VECTOR('',#85030,1.);
#85050=LINE('',#85020,#85040);
#85060=CARTESIAN_POINT('',(25.932171511152,13.1000000319582,
108.724796064919));
#85070=VERTEX_POINT('',#85060);
#85080=EDGE_CURVE('',#85070,#84990,#85050,.T.);
#85090=ORIENTED_EDGE('',*,*,#85080,.T.);
#85100=CARTESIAN_POINT('',(25.9321747562672,13.1000000319606,
111.899796062769));
#85110=DIRECTION('',(1.02207673857853E-6,7.36243220055176E-13,
0.999999999999478));
#85120=VECTOR('',#85110,1.);
#85130=LINE('',#85100,#85120);
#85140=CARTESIAN_POINT('',(25.9321696714139,13.1000000319569,
106.924796064788));
#85150=VERTEX_POINT('',#85140);
#85160=EDGE_CURVE('',#85150,#85070,#85130,.T.);
#85170=ORIENTED_EDGE('',*,*,#85160,.T.);
#85180=CARTESIAN_POINT('',(3.5920900170486,13.1000000500841,
106.924818898066));
#85190=DIRECTION('',(0.999999999999478,-8.11421499389167E-10,
-1.02207677409457E-6));
#85200=VECTOR('',#85190,1.);
#85210=LINE('',#85180,#85200);
#85220=CARTESIAN_POINT('',(25.3208448060377,13.1000000324529,
106.92479668961));
#85230=VERTEX_POINT('',#85220);
#85240=EDGE_CURVE('',#85230,#85150,#85210,.T.);
#85250=ORIENTED_EDGE('',*,*,#85240,.T.);
#85260=CARTESIAN_POINT('',(3.59206780874938,13.1000000500681,
85.1960641092316));
#85270=DIRECTION('',(-0.707107503903571,5.73240990341229E-10,
-0.707106058468785));
#85280=VECTOR('',#85270,1.);
#85290=LINE('',#85260,#85280);
#85300=CARTESIAN_POINT('',(24.6321689675789,13.1000000330112,
106.236122258909));
#85310=VERTEX_POINT('',#85300);
#85320=EDGE_CURVE('',#85230,#85310,#85290,.T.);
#85330=ORIENTED_EDGE('',*,*,#85320,.F.);
#85340=CARTESIAN_POINT('',(24.6321747562895,13.1000000330154,
111.899797391459));
#85350=DIRECTION('',(-1.02207673857853E-6,-7.36243220055176E-13,
-0.999999999999478));
#85360=VECTOR('',#85350,1.);
#85370=LINE('',#85340,#85360);
#85380=EDGE_CURVE('',#85310,#83010,#85370,.T.);
#85390=ORIENTED_EDGE('',*,*,#85380,.F.);
#85400=ORIENTED_EDGE('',*,*,#83020,.T.);
#85410=CARTESIAN_POINT('',(35.2321747562232,13.1000000244143,
111.899786557522));
#85420=DIRECTION('',(1.02206183677273E-6,7.36243232146821E-13,
0.999999999999478));
#85430=VECTOR('',#85420,1.);
#85440=LINE('',#85410,#85430);
#85450=CARTESIAN_POINT('',(35.2321696714656,13.1000000244107,
106.924786559475));
#85460=VERTEX_POINT('',#85450);
#85470=EDGE_CURVE('',#82930,#85460,#85440,.T.);
#85480=ORIENTED_EDGE('',*,*,#85470,.F.);
#85490=CARTESIAN_POINT('',(3.5920900170486,13.1000000500841,
106.924818898065));
#85500=DIRECTION('',(-0.999999999999478,8.11421499389167E-10,
1.02207673857853E-6));
#85510=VECTOR('',#85500,1.);
#85520=LINE('',#85490,#85510);
#85530=CARTESIAN_POINT('',(34.4321696714229,13.1000000250598,
106.924787377137));
#85540=VERTEX_POINT('',#85530);
#85550=EDGE_CURVE('',#85460,#85540,#85520,.T.);
#85560=ORIENTED_EDGE('',*,*,#85550,.F.);
#85570=CARTESIAN_POINT('',(34.4321747561805,13.1000000250635,
111.899787375178));
#85580=DIRECTION('',(1.02206183677273E-6,7.36243232146811E-13,
0.999999999999478));
#85590=VECTOR('',#85580,1.);
#85600=LINE('',#85570,#85590);
#85610=CARTESIAN_POINT('',(34.4321715111342,13.1000000250611,
108.724787377259));
#85620=VERTEX_POINT('',#85610);
#85630=EDGE_CURVE('',#85540,#85620,#85600,.T.);
#85640=ORIENTED_EDGE('',*,*,#85630,.F.);
#85650=CARTESIAN_POINT('',(3.59209185677383,13.1000000500854,
108.724818897728));
#85660=DIRECTION('',(-0.999999999999478,8.11421499389156E-10,
1.02206183677273E-6));
#85670=VECTOR('',#85660,1.);
#85680=LINE('',#85650,#85670);
#85690=EDGE_CURVE('',#84820,#85620,#85680,.T.);
#85700=ORIENTED_EDGE('',*,*,#85690,.T.);
#85710=EDGE_LOOP('',(#85700,#85640,#85560,#85480,#85400,#85390,#85330,
#85250,#85170,#85090,#85010,#84930,#84850,#84840));
#85720=FACE_OUTER_BOUND('',#85710,.T.);
#85730=ADVANCED_FACE('',(#84760,#85720),#84510,.T.);
#85740=COLOUR_RGB('',0.980392217636108,0.517647087574005,
0.168627455830574);
#85750=FILL_AREA_STYLE_COLOUR('',#85740);
#85760=FILL_AREA_STYLE('',(#85750));
#85770=SURFACE_STYLE_FILL_AREA(#85760);
#85780=SURFACE_SIDE_STYLE('',(#85770));
#85790=SURFACE_STYLE_USAGE(.BOTH.,#85780);
#85800=PRESENTATION_STYLE_ASSIGNMENT((#85790));
#85810=CARTESIAN_POINT('',(43.9751127833217,4.93829953354188,
104.549777623108));
#85820=DIRECTION('',(0.707106781431893,0.707106780940833,
-7.22697247654904E-7));
#85830=DIRECTION('',(0.707106780940463,-0.707106781432263,
-7.22698442461459E-7));
#85840=AXIS2_PLACEMENT_3D('',#85810,#85820,#85830);
#85850=PLANE('',#85840);
#85860=ORIENTED_EDGE('',*,*,#84350,.T.);
#85870=ORIENTED_EDGE('',*,*,#23130,.T.);
#85880=ORIENTED_EDGE('',*,*,#6840,.T.);
#85890=CARTESIAN_POINT('',(43.5815682568289,5.33185157236305,
111.899778023864));
#85900=DIRECTION('',(1.02204909397909E-6,-8.45210972199096E-13,
0.999999999999478));
#85910=VECTOR('',#85900,1.);
#85920=LINE('',#85890,#85910);
#85930=EDGE_CURVE('',#6810,#84260,#85920,.T.);
#85940=ORIENTED_EDGE('',*,*,#85930,.F.);
#85950=EDGE_LOOP('',(#85940,#85880,#85870,#85860));
#85960=FACE_OUTER_BOUND('',#85950,.T.);
#85970=ADVANCED_FACE('',(#85960),#85850,.F.);
#85980=COLOUR_RGB('',0.560784339904785,0.588235318660736,
0.600000023841858);
#85990=FILL_AREA_STYLE_COLOUR('',#85980);
#86000=FILL_AREA_STYLE('',(#85990));
#86010=SURFACE_STYLE_FILL_AREA(#86000);
#86020=SURFACE_SIDE_STYLE('',(#86010));
#86030=SURFACE_STYLE_USAGE(.BOTH.,#86020);
#86040=PRESENTATION_STYLE_ASSIGNMENT((#86030));
#86050=CARTESIAN_POINT('',(24.6321722150747,13.1000000330136,
109.413472528068));
#86060=DIRECTION('',(0.999999999999478,-8.11421499389168E-10,
-1.02207673857853E-6));
#86070=DIRECTION('',(1.02207673857853E-6,7.36243220055176E-13,
0.999999999999478));
#86080=AXIS2_PLACEMENT_3D('',#86050,#86060,#86070);
#86090=PLANE('',#86080);
#86100=ORIENTED_EDGE('',*,*,#82750,.T.);
#86110=ORIENTED_EDGE('',*,*,#76930,.F.);
#86120=CARTESIAN_POINT('',(24.6321722044451,0.,109.413472528078));
#86130=DIRECTION('',(8.11421498636247E-10,1.,-7.37072555094572E-13));
#86140=VECTOR('',#86130,1.);
#86150=LINE('',#86120,#86140);
#86160=EDGE_CURVE('',#84910,#76840,#86150,.T.);
#86170=ORIENTED_EDGE('',*,*,#86160,.T.);
#86180=ORIENTED_EDGE('',*,*,#84920,.T.);
#86190=EDGE_LOOP('',(#86180,#86170,#86110,#86100));
#86200=FACE_OUTER_BOUND('',#86190,.T.);
#86210=ADVANCED_FACE('',(#86200),#86090,.T.);
#86220=COLOUR_RGB('',0.560784339904785,0.588235318660736,
0.600000023841858);
#86230=FILL_AREA_STYLE_COLOUR('',#86220);
#86240=FILL_AREA_STYLE('',(#86230));
#86250=SURFACE_STYLE_FILL_AREA(#86240);
#86260=SURFACE_SIDE_STYLE('',(#86250));
#86270=SURFACE_STYLE_USAGE(.BOTH.,#86260);
#86280=PRESENTATION_STYLE_ASSIGNMENT((#86270));
#86290=CARTESIAN_POINT('',(25.3208466456454,13.1000000324543,
108.72479668974));
#86300=DIRECTION('',(0.707107503903571,-5.73241042045133E-10,
0.707106058468786));
#86310=DIRECTION('',(-0.707106058468786,5.7428224719214E-10,
0.707107503903571));
#86320=AXIS2_PLACEMENT_3D('',#86290,#86300,#86310);
#86330=PLANE('',#86320);
#86340=ORIENTED_EDGE('',*,*,#86160,.F.);
#86350=ORIENTED_EDGE('',*,*,#76850,.F.);
#86360=CARTESIAN_POINT('',(25.3208466350158,7.105427357601E-15,
108.724796689749));
#86370=DIRECTION('',(8.11421498636247E-10,1.,-7.37072555094526E-13));
#86380=VECTOR('',#86370,1.);
#86390=LINE('',#86360,#86380);
#86400=EDGE_CURVE('',#84990,#76760,#86390,.T.);
#86410=ORIENTED_EDGE('',*,*,#86400,.T.);
#86420=ORIENTED_EDGE('',*,*,#85000,.F.);
#86430=EDGE_LOOP('',(#86420,#86410,#86350,#86340));
#86440=FACE_OUTER_BOUND('',#86430,.T.);
#86450=ADVANCED_FACE('',(#86440),#86330,.T.);
#86460=COLOUR_RGB('',0.560784339904785,0.588235318660736,
0.600000023841858);
#86470=FILL_AREA_STYLE_COLOUR('',#86460);
#86480=FILL_AREA_STYLE('',(#86470));
#86490=SURFACE_STYLE_FILL_AREA(#86480);
#86500=SURFACE_SIDE_STYLE('',(#86490));
#86510=SURFACE_STYLE_USAGE(.BOTH.,#86500);
#86520=PRESENTATION_STYLE_ASSIGNMENT((#86510));
#86530=CARTESIAN_POINT('',(25.9321715111952,13.1000000319582,
108.724796064919));
#86540=DIRECTION('',(1.02207677409457E-6,7.36243220026357E-13,
0.999999999999478));
#86550=DIRECTION('',(-0.999999999999478,8.11421499389167E-10,
1.02207677409457E-6));
#86560=AXIS2_PLACEMENT_3D('',#86530,#86540,#86550);
#86570=PLANE('',#86560);
#86580=ORIENTED_EDGE('',*,*,#86400,.F.);
#86590=ORIENTED_EDGE('',*,*,#76770,.F.);
#86600=CARTESIAN_POINT('',(25.9321715005224,0.,108.724796064928));
#86610=DIRECTION('',(8.11421498636247E-10,1.,-7.37072555094548E-13));
#86620=VECTOR('',#86610,1.);
#86630=LINE('',#86600,#86620);
#86640=EDGE_CURVE('',#85070,#76680,#86630,.T.);
#86650=ORIENTED_EDGE('',*,*,#86640,.T.);
#86660=ORIENTED_EDGE('',*,*,#85080,.F.);
#86670=EDGE_LOOP('',(#86660,#86650,#86590,#86580));
#86680=FACE_OUTER_BOUND('',#86670,.T.);
#86690=ADVANCED_FACE('',(#86680),#86570,.T.);
#86700=COLOUR_RGB('',0.560784339904785,0.588235318660736,
0.600000023841858);
#86710=FILL_AREA_STYLE_COLOUR('',#86700);
#86720=FILL_AREA_STYLE('',(#86710));
#86730=SURFACE_STYLE_FILL_AREA(#86720);
#86740=SURFACE_SIDE_STYLE('',(#86730));
#86750=SURFACE_STYLE_USAGE(.BOTH.,#86740);
#86760=PRESENTATION_STYLE_ASSIGNMENT((#86750));
#86770=CARTESIAN_POINT('',(25.9321696714139,13.1000000319569,
106.924796064788));
#86780=DIRECTION('',(0.999999999999478,-8.11421499389168E-10,
-1.02207673857853E-6));
#86790=DIRECTION('',(1.02207673857853E-6,7.36243220055176E-13,
0.999999999999478));
#86800=AXIS2_PLACEMENT_3D('',#86770,#86780,#86790);
#86810=PLANE('',#86800);
#86820=ORIENTED_EDGE('',*,*,#86640,.F.);
#86830=ORIENTED_EDGE('',*,*,#76690,.F.);
#86840=CARTESIAN_POINT('',(25.9321696607842,-7.105427357601E-15,
106.924796064798));
#86850=DIRECTION('',(8.11421498636247E-10,1.,-7.37072555094548E-13));
#86860=VECTOR('',#86850,1.);
#86870=LINE('',#86840,#86860);
#86880=EDGE_CURVE('',#85150,#76600,#86870,.T.);
#86890=ORIENTED_EDGE('',*,*,#86880,.T.);
#86900=ORIENTED_EDGE('',*,*,#85160,.F.);
#86910=EDGE_LOOP('',(#86900,#86890,#86830,#86820));
#86920=FACE_OUTER_BOUND('',#86910,.T.);
#86930=ADVANCED_FACE('',(#86920),#86810,.T.);
#86940=COLOUR_RGB('',0.560784339904785,0.588235318660736,
0.600000023841858);
#86950=FILL_AREA_STYLE_COLOUR('',#86940);
#86960=FILL_AREA_STYLE('',(#86950));
#86970=SURFACE_STYLE_FILL_AREA(#86960);
#86980=SURFACE_SIDE_STYLE('',(#86970));
#86990=SURFACE_STYLE_USAGE(.BOTH.,#86980);
#87000=PRESENTATION_STYLE_ASSIGNMENT((#86990));
#87010=CARTESIAN_POINT('',(25.3208448060368,13.1000000324529,
106.924796689609));
#87020=DIRECTION('',(-1.02207677409457E-6,-7.36243220026357E-13,
-0.999999999999478));
#87030=DIRECTION('',(0.999999999999478,-8.11421499389167E-10,
-1.02207677409457E-6));
#87040=AXIS2_PLACEMENT_3D('',#87010,#87020,#87030);
#87050=PLANE('',#87040);
#87060=ORIENTED_EDGE('',*,*,#86880,.F.);
#87070=ORIENTED_EDGE('',*,*,#76610,.F.);
#87080=CARTESIAN_POINT('',(25.3208447954072,0.,106.924796689619));
#87090=DIRECTION('',(8.11421498636247E-10,1.,-7.37072555094546E-13));
#87100=VECTOR('',#87090,1.);
#87110=LINE('',#87080,#87100);
#87120=EDGE_CURVE('',#85230,#76520,#87110,.T.);
#87130=ORIENTED_EDGE('',*,*,#87120,.T.);
#87140=ORIENTED_EDGE('',*,*,#85240,.F.);
#87150=EDGE_LOOP('',(#87140,#87130,#87070,#87060));
#87160=FACE_OUTER_BOUND('',#87150,.T.);
#87170=ADVANCED_FACE('',(#87160),#87050,.T.);
#87180=COLOUR_RGB('',0.560784339904785,0.588235318660736,
0.600000023841858);
#87190=FILL_AREA_STYLE_COLOUR('',#87180);
#87200=FILL_AREA_STYLE('',(#87190));
#87210=SURFACE_STYLE_FILL_AREA(#87200);
#87220=SURFACE_SIDE_STYLE('',(#87210));
#87230=SURFACE_STYLE_USAGE(.BOTH.,#87220);
#87240=PRESENTATION_STYLE_ASSIGNMENT((#87230));
#87250=CARTESIAN_POINT('',(24.6321689675789,13.1000000330112,
106.236122258909));
#87260=DIRECTION('',(0.707106058468785,-5.7428224719214E-10,
-0.707107503903571));
#87270=DIRECTION('',(0.707107503903571,-5.73241042045133E-10,
0.707106058468786));
#87280=AXIS2_PLACEMENT_3D('',#87250,#87260,#87270);
#87290=PLANE('',#87280);
#87300=ORIENTED_EDGE('',*,*,#87120,.F.);
#87310=ORIENTED_EDGE('',*,*,#76530,.F.);
#87320=CARTESIAN_POINT('',(24.6321689569493,7.105427357601E-15,
106.236122258919));
#87330=DIRECTION('',(8.11421498636247E-10,1.,-7.37072555094573E-13));
#87340=VECTOR('',#87330,1.);
#87350=LINE('',#87320,#87340);
#87360=EDGE_CURVE('',#85310,#76420,#87350,.T.);
#87370=ORIENTED_EDGE('',*,*,#87360,.T.);
#87380=ORIENTED_EDGE('',*,*,#85320,.T.);
#87390=EDGE_LOOP('',(#87380,#87370,#87310,#87300));
#87400=FACE_OUTER_BOUND('',#87390,.T.);
#87410=ADVANCED_FACE('',(#87400),#87290,.T.);
#87420=COLOUR_RGB('',0.560784339904785,0.588235318660736,
0.600000023841858);
#87430=FILL_AREA_STYLE_COLOUR('',#87420);
#87440=FILL_AREA_STYLE('',(#87430));
#87450=SURFACE_STYLE_FILL_AREA(#87440);
#87460=SURFACE_SIDE_STYLE('',(#87450));
#87470=SURFACE_STYLE_USAGE(.BOTH.,#87460);
#87480=PRESENTATION_STYLE_ASSIGNMENT((#87470));
#87490=CARTESIAN_POINT('',(24.6321673206812,13.1000000330101,
104.624797393497));
#87500=DIRECTION('',(0.999999999999478,-8.11421499389168E-10,
-1.02207673857853E-6));
#87510=DIRECTION('',(1.02207673857853E-6,7.36243220055176E-13,
0.999999999999478));
#87520=AXIS2_PLACEMENT_3D('',#87490,#87500,#87510);
#87530=PLANE('',#87520);
#87540=ORIENTED_EDGE('',*,*,#87360,.F.);
#87550=ORIENTED_EDGE('',*,*,#76450,.F.);
#87560=ORIENTED_EDGE('',*,*,#83080,.T.);
#87570=ORIENTED_EDGE('',*,*,#85380,.T.);
#87580=EDGE_LOOP('',(#87570,#87560,#87550,#87540));
#87590=FACE_OUTER_BOUND('',#87580,.T.);
#87600=ADVANCED_FACE('',(#87590),#87530,.T.);
#87610=COLOUR_RGB('',0.560784339904785,0.588235318660736,
0.600000023841858);
#87620=FILL_AREA_STYLE_COLOUR('',#87610);
#87630=FILL_AREA_STYLE('',(#87620));
#87640=SURFACE_STYLE_FILL_AREA(#87630);
#87650=SURFACE_SIDE_STYLE('',(#87640));
#87660=SURFACE_STYLE_USAGE(.BOTH.,#87650);
#87670=PRESENTATION_STYLE_ASSIGNMENT((#87660));
#87680=CARTESIAN_POINT('',(35.23217404078,13.1000000244138,
111.199786558855));
#87690=DIRECTION('',(-0.999999999999478,8.11421499389157E-10,
1.02206183677273E-6));
#87700=DIRECTION('',(-1.02206183677273E-6,-7.36243232146821E-13,
-0.999999999999478));
#87710=AXIS2_PLACEMENT_3D('',#87680,#87690,#87700);
#87720=PLANE('',#87710);
#87730=CARTESIAN_POINT('',(35.2321715005473,0.,108.724786559622));
#87740=DIRECTION('',(8.11421498636247E-10,1.,-7.37072555094496E-13));
#87750=VECTOR('',#87740,1.);
#87760=LINE('',#87730,#87750);
#87770=EDGE_CURVE('',#84820,#77080,#87760,.T.);
#87780=ORIENTED_EDGE('',*,*,#87770,.F.);
#87790=ORIENTED_EDGE('',*,*,#77090,.F.);
#87800=ORIENTED_EDGE('',*,*,#82680,.T.);
#87810=ORIENTED_EDGE('',*,*,#84830,.T.);
#87820=EDGE_LOOP('',(#87810,#87800,#87790,#87780));
#87830=FACE_OUTER_BOUND('',#87820,.T.);
#87840=ADVANCED_FACE('',(#87830),#87720,.T.);
#87850=COLOUR_RGB('',0.560784339904785,0.588235318660736,
0.600000023841858);
#87860=FILL_AREA_STYLE_COLOUR('',#87850);
#87870=FILL_AREA_STYLE('',(#87860));
#87880=SURFACE_STYLE_FILL_AREA(#87870);
#87890=SURFACE_SIDE_STYLE('',(#87880));
#87900=SURFACE_STYLE_USAGE(.BOTH.,#87890);
#87910=PRESENTATION_STYLE_ASSIGNMENT((#87900));
#87920=CARTESIAN_POINT('',(35.2321715111769,13.100000024412,
108.724786559612));
#87930=DIRECTION('',(1.02206183677273E-6,7.36243232146821E-13,
0.999999999999478));
#87940=DIRECTION('',(-0.999999999999478,8.11421499389156E-10,
1.02206183677273E-6));
#87950=AXIS2_PLACEMENT_3D('',#87920,#87930,#87940);
#87960=PLANE('',#87950);
#87970=CARTESIAN_POINT('',(34.4321715005045,7.105427357601E-15,
108.724787377271));
#87980=DIRECTION('',(8.11421498636247E-10,1.,-7.37072555094496E-13));
#87990=VECTOR('',#87980,1.);
#88000=LINE('',#87970,#87990);
#88010=EDGE_CURVE('',#85620,#77160,#88000,.T.);
#88020=ORIENTED_EDGE('',*,*,#88010,.F.);
#88030=ORIENTED_EDGE('',*,*,#77170,.F.);
#88040=ORIENTED_EDGE('',*,*,#87770,.T.);
#88050=ORIENTED_EDGE('',*,*,#85690,.F.);
#88060=EDGE_LOOP('',(#88050,#88040,#88030,#88020));
#88070=FACE_OUTER_BOUND('',#88060,.T.);
#88080=ADVANCED_FACE('',(#88070),#87960,.T.);
#88090=COLOUR_RGB('',0.560784339904785,0.588235318660736,
0.600000023841858);
#88100=FILL_AREA_STYLE_COLOUR('',#88090);
#88110=FILL_AREA_STYLE('',(#88100));
#88120=SURFACE_STYLE_FILL_AREA(#88110);
#88130=SURFACE_SIDE_STYLE('',(#88120));
#88140=SURFACE_STYLE_USAGE(.BOTH.,#88130);
#88150=PRESENTATION_STYLE_ASSIGNMENT((#88140));
#88160=CARTESIAN_POINT('',(34.4321715111342,13.1000000250611,
108.724787377262));
#88170=DIRECTION('',(-0.999999999999478,8.11421499389157E-10,
1.02206183677273E-6));
#88180=DIRECTION('',(-1.02206183677273E-6,-7.36243232146821E-13,
-0.999999999999478));
#88190=AXIS2_PLACEMENT_3D('',#88160,#88170,#88180);
#88200=PLANE('',#88190);
#88210=CARTESIAN_POINT('',(34.4321696607932,0.,106.924787377146));
#88220=DIRECTION('',(8.11421498636247E-10,1.,-7.37072555094444E-13));
#88230=VECTOR('',#88220,1.);
#88240=LINE('',#88210,#88230);
#88250=EDGE_CURVE('',#85540,#77240,#88240,.T.);
#88260=ORIENTED_EDGE('',*,*,#88250,.F.);
#88270=ORIENTED_EDGE('',*,*,#77250,.F.);
#88280=ORIENTED_EDGE('',*,*,#88010,.T.);
#88290=ORIENTED_EDGE('',*,*,#85630,.T.);
#88300=EDGE_LOOP('',(#88290,#88280,#88270,#88260));
#88310=FACE_OUTER_BOUND('',#88300,.T.);
#88320=ADVANCED_FACE('',(#88310),#88200,.T.);
#88330=COLOUR_RGB('',0.560784339904785,0.588235318660736,
0.600000023841858);
#88340=FILL_AREA_STYLE_COLOUR('',#88330);
#88350=FILL_AREA_STYLE('',(#88340));
#88360=SURFACE_STYLE_FILL_AREA(#88350);
#88370=SURFACE_SIDE_STYLE('',(#88360));
#88380=SURFACE_STYLE_USAGE(.BOTH.,#88370);
#88390=PRESENTATION_STYLE_ASSIGNMENT((#88380));
#88400=CARTESIAN_POINT('',(34.4321696714229,13.1000000250598,
106.924787377137));
#88410=DIRECTION('',(-1.02207673857853E-6,-7.36243220055176E-13,
-0.999999999999478));
#88420=DIRECTION('',(0.999999999999478,-8.11421499389167E-10,
-1.02207673857853E-6));
#88430=AXIS2_PLACEMENT_3D('',#88400,#88410,#88420);
#88440=PLANE('',#88430);
#88450=CARTESIAN_POINT('',(35.232169660836,-7.105427357601E-15,
106.924786559485));
#88460=DIRECTION('',(8.11421498636247E-10,1.,-7.37072555094444E-13));
#88470=VECTOR('',#88460,1.);
#88480=LINE('',#88450,#88470);
#88490=EDGE_CURVE('',#85460,#77320,#88480,.T.);
#88500=ORIENTED_EDGE('',*,*,#88490,.F.);
#88510=ORIENTED_EDGE('',*,*,#77330,.F.);
#88520=ORIENTED_EDGE('',*,*,#88250,.T.);
#88530=ORIENTED_EDGE('',*,*,#85550,.T.);
#88540=EDGE_LOOP('',(#88530,#88520,#88510,#88500));
#88550=FACE_OUTER_BOUND('',#88540,.T.);
#88560=ADVANCED_FACE('',(#88550),#88440,.T.);
#88570=COLOUR_RGB('',0.560784339904785,0.588235318660736,
0.600000023841858);
#88580=FILL_AREA_STYLE_COLOUR('',#88570);
#88590=FILL_AREA_STYLE('',(#88580));
#88600=SURFACE_STYLE_FILL_AREA(#88590);
#88610=SURFACE_SIDE_STYLE('',(#88600));
#88620=SURFACE_STYLE_USAGE(.BOTH.,#88610);
#88630=PRESENTATION_STYLE_ASSIGNMENT((#88620));
#88640=CARTESIAN_POINT('',(35.2321696714656,13.1000000244107,
106.924786559475));
#88650=DIRECTION('',(-0.999999999999478,8.11421499389157E-10,
1.02206183677273E-6));
#88660=DIRECTION('',(-1.02206183677273E-6,-7.36243232146821E-13,
-0.999999999999478));
#88670=AXIS2_PLACEMENT_3D('',#88640,#88650,#88660);
#88680=PLANE('',#88670);
#88690=ORIENTED_EDGE('',*,*,#82940,.T.);
#88700=ORIENTED_EDGE('',*,*,#77410,.F.);
#88710=ORIENTED_EDGE('',*,*,#88490,.T.);
#88720=ORIENTED_EDGE('',*,*,#85470,.T.);
#88730=EDGE_LOOP('',(#88720,#88710,#88700,#88690));
#88740=FACE_OUTER_BOUND('',#88730,.T.);
#88750=ADVANCED_FACE('',(#88740),#88680,.T.);
#88760=COLOUR_RGB('',0.560784339904785,0.588235318660736,
0.600000023841858);
#88770=FILL_AREA_STYLE_COLOUR('',#88760);
#88780=FILL_AREA_STYLE('',(#88770));
#88790=SURFACE_STYLE_FILL_AREA(#88780);
#88800=SURFACE_SIDE_STYLE('',(#88790));
#88810=SURFACE_STYLE_USAGE(.BOTH.,#88800);
#88820=PRESENTATION_STYLE_ASSIGNMENT((#88810));
#88830=CARTESIAN_POINT('',(43.9031664204342,5.38855933002298,
104.549777696641));
#88840=DIRECTION('',(0.173648177324629,-0.984807753072549,
-1.77477794676168E-7));
#88850=DIRECTION('',(-0.984807753072035,-0.173648177324719,
1.00652172500204E-6));
#88860=AXIS2_PLACEMENT_3D('',#88830,#88840,#88850);
#88870=PLANE('',#88860);
#88880=ORIENTED_EDGE('',*,*,#85930,.T.);
#88890=ORIENTED_EDGE('',*,*,#12530,.T.);
#88900=ORIENTED_EDGE('',*,*,#27880,.F.);
#88910=ORIENTED_EDGE('',*,*,#84270,.T.);
#88920=EDGE_LOOP('',(#88910,#88900,#88890,#88880));
#88930=FACE_OUTER_BOUND('',#88920,.T.);
#88940=ADVANCED_FACE('',(#88930),#88870,.F.);
#88950=COLOUR_RGB('',0.560784339904785,0.588235318660736,
0.600000023841858);
#88960=FILL_AREA_STYLE_COLOUR('',#88950);
#88970=FILL_AREA_STYLE('',(#88960));
#88980=SURFACE_STYLE_FILL_AREA(#88970);
#88990=SURFACE_SIDE_STYLE('',(#88980));
#89000=SURFACE_STYLE_USAGE(.BOTH.,#88990);
#89010=PRESENTATION_STYLE_ASSIGNMENT((#89000));
#89020=CARTESIAN_POINT('',(21.6006534591444,13.2000000354666,
100.215678432912));
#89030=DIRECTION('',(0.701985044629711,0.0871557421775315,
-0.706838647586355));
#89040=DIRECTION('',(-0.709538656380314,4.27359284524769E-10,
-0.704666513396244));
#89050=AXIS2_PLACEMENT_3D('',#89020,#89030,#89040);
#89060=PLANE('',#89050);
#89070=ORIENTED_EDGE('',*,*,#84710,.F.);
#89080=ORIENTED_EDGE('',*,*,#30320,.F.);
#89090=ORIENTED_EDGE('',*,*,#83380,.T.);
#89100=ORIENTED_EDGE('',*,*,#74760,.F.);
#89110=EDGE_LOOP('',(#89100,#89090,#89080,#89070));
#89120=FACE_OUTER_BOUND('',#89110,.T.);
#89130=ADVANCED_FACE('',(#89120),#89060,.T.);
#89140=COLOUR_RGB('',0.980392217636108,0.517647087574005,
0.168627455830574);
#89150=FILL_AREA_STYLE_COLOUR('',#89140);
#89160=FILL_AREA_STYLE('',(#89150));
#89170=SURFACE_STYLE_FILL_AREA(#89160);
#89180=SURFACE_SIDE_STYLE('',(#89170));
#89190=SURFACE_STYLE_USAGE(.BOTH.,#89180);
#89200=PRESENTATION_STYLE_ASSIGNMENT((#89190));
#89210=CARTESIAN_POINT('',(32.0822046445324,13.2000000269919,
141.142526404018));
#89220=DIRECTION('',(-0.996194698020505,0.087155743555992,
1.01817597467693E-6));
#89230=DIRECTION('',(-0.0871557435559465,-0.996194698021025,
8.90714720727046E-8));
#89240=AXIS2_PLACEMENT_3D('',#89210,#89220,#89230);
#89250=PLANE('',#89240);
#89260=ORIENTED_EDGE('',*,*,#84580,.F.);
#89270=ORIENTED_EDGE('',*,*,#77900,.F.);
#89280=ORIENTED_EDGE('',*,*,#83560,.T.);
#89290=ORIENTED_EDGE('',*,*,#58660,.F.);
#89300=EDGE_LOOP('',(#89290,#89280,#89270,#89260));
#89310=FACE_OUTER_BOUND('',#89300,.T.);
#89320=ADVANCED_FACE('',(#89310),#89250,.T.);
#89330=COLOUR_RGB('',0.980392217636108,0.517647087574005,
0.168627455830574);
#89340=FILL_AREA_STYLE_COLOUR('',#89330);
#89350=FILL_AREA_STYLE('',(#89340));
#89360=SURFACE_STYLE_FILL_AREA(#89350);
#89370=SURFACE_SIDE_STYLE('',(#89360));
#89380=SURFACE_STYLE_USAGE(.BOTH.,#89370);
#89390=PRESENTATION_STYLE_ASSIGNMENT((#89380));
#89400=CARTESIAN_POINT('',(7.88217040297867,-7.89999999214569,
107.824814511324));
#89410=DIRECTION('',(-2.79019548137134E-11,1.,-4.16790291991449E-13));
#89420=DIRECTION('',(-0.999999999999478,-2.79019543877003E-11,
1.02209336917649E-6));
#89430=AXIS2_PLACEMENT_3D('',#89400,#89410,#89420);
#89440=CYLINDRICAL_SURFACE('',#89430,2.7);
#89450=ORIENTED_EDGE('',*,*,#42940,.F.);
#89460=ORIENTED_EDGE('',*,*,#67170,.T.);
#89470=ORIENTED_EDGE('',*,*,#67690,.F.);
#89480=ORIENTED_EDGE('',*,*,#67260,.F.);
#89490=ORIENTED_EDGE('',*,*,#42960,.F.);
#89500=EDGE_LOOP('',(#89490,#89480,#89470,#89460,#89450));
#89510=FACE_OUTER_BOUND('',#89500,.T.);
#89520=ADVANCED_FACE('',(#89510),#89440,.F.);
#89530=COLOUR_RGB('',0.560784339904785,0.588235318660736,
0.600000023841858);
#89540=FILL_AREA_STYLE_COLOUR('',#89530);
#89550=FILL_AREA_STYLE('',(#89540));
#89560=SURFACE_STYLE_FILL_AREA(#89550);
#89570=SURFACE_SIDE_STYLE('',(#89560));
#89580=SURFACE_STYLE_USAGE(.BOTH.,#89570);
#89590=PRESENTATION_STYLE_ASSIGNMENT((#89580));
#89600=CARTESIAN_POINT('',(7.88217040496468,-11.1999999921294,
107.824814511325));
#89610=DIRECTION('',(-7.09075296250155E-10,1.,-2.07573643504986E-13));
#89620=DIRECTION('',(-0.999999999999478,-7.09075296037626E-10,
1.02209149916018E-6));
#89630=AXIS2_PLACEMENT_3D('',#89600,#89610,#89620);
#89640=CYLINDRICAL_SURFACE('',#89630,2.1);
#89650=ORIENTED_EDGE('',*,*,#69410,.T.);
#89660=ORIENTED_EDGE('',*,*,#69180,.F.);
#89670=ORIENTED_EDGE('',*,*,#69480,.F.);
#89680=ORIENTED_EDGE('',*,*,#67860,.T.);
#89690=EDGE_LOOP('',(#89680,#89670,#89660,#89650));
#89700=FACE_OUTER_BOUND('',#89690,.T.);
#89710=ADVANCED_FACE('',(#89700),#89640,.F.);
#89720=COLOUR_RGB('',0.560784339904785,0.588235318660736,
0.600000023841858);
#89730=FILL_AREA_STYLE_COLOUR('',#89720);
#89740=FILL_AREA_STYLE('',(#89730));
#89750=SURFACE_STYLE_FILL_AREA(#89740);
#89760=SURFACE_SIDE_STYLE('',(#89750));
#89770=SURFACE_STYLE_USAGE(.BOTH.,#89760);
#89780=PRESENTATION_STYLE_ASSIGNMENT((#89770));
#89790=CLOSED_SHELL('',(#14260,#14550,#14810,#15050,#15450,#15760,#16140
,#16690,#16930,#17680,#18070,#18310,#18570,#18810,#19400,#19640,#19880,
#20170,#20410,#20670,#20910,#21150,#21390,#21630,#21820,#22060,#22300,
#22540,#22780,#23230,#23520,#23810,#24050,#24500,#24740,#24980,#25770,
#26010,#26300,#26540,#26830,#27450,#27690,#28070,#28310,#28600,#29070,
#29310,#29600,#29980,#30360,#30830,#31020,#32350,#32660,#32850,#33090,
#33280,#33520,#34010,#34480,#34860,#35100,#35290,#35600,#35910,#36150,
#36340,#36650,#36960,#37200,#37390,#37870,#38340,#38790,#39110,#39490,
#39730,#39930,#40120,#40430,#40670,#40860,#41350,#41540,#41920,#42680,
#43750,#44150,#44530,#45090,#45420,#45880,#46370,#46900,#47210,#47520,
#47710,#48020,#48290,#48480,#48870,#49340,#49810,#50370,#50950,#51330,
#51820,#52110,#52500,#52690,#52880,#53070,#53260,#53400,#53540,#53780,
#55710,#56090,#56280,#56520,#56760,#57000,#57240,#57480,#57720,#57910,
#58150,#58390,#58770,#58960,#61210,#61500,#61740,#61980,#62170,#62410,
#62650,#62890,#63130,#63370,#63610,#63850,#64040,#64280,#64470,#65580,
#65960,#66340,#66650,#66890,#67320,#67560,#67900,#68710,#68900,#69240,
#69530,#69770,#70010,#70250,#70490,#70730,#70970,#71210,#71400,#71690,
#71930,#72170,#72410,#72650,#72890,#73130,#73370,#73610,#73850,#74090,
#74280,#74470,#74940,#75200,#75390,#75860,#76240,#77610,#78010,#78550,
#78870,#79190,#79590,#80170,#80750,#81130,#81370,#81700,#81940,#82080,
#82270,#82460,#82790,#83120,#83600,#83840,#84080,#84390,#85730,#85970,
#86210,#86450,#86690,#86930,#87170,#87410,#87600,#87840,#88080,#88320,
#88560,#88750,#88940,#89130,#89320,#89520,#89710,#12570,#12950,#13330,
#13570,#5470,#5940,#6320,#6630));
#89800=MANIFOLD_SOLID_BREP('',#89790);
#89810=CARTESIAN_POINT('',(0.,0.,0.));
#89820=DIRECTION('',(0.,0.,1.));
#89830=DIRECTION('',(1.,0.,0.));
#89840=AXIS2_PLACEMENT_3D('',#89810,#89820,#89830);
#89850=APPLICATION_CONTEXT(' ');
#89860=APPLICATION_PROTOCOL_DEFINITION(' ','automotive_design',1998,
#89850);
#89870=PRODUCT_CONTEXT('',#89850,'mechanical');
#89880=PRODUCT_DEFINITION_CONTEXT('part definition',#89850,'design');
#89890=PRODUCT('XTV_6-TWIN-Select','XTV_6-TWIN-Select','',(#89870));
#89900=PRODUCT_RELATED_PRODUCT_CATEGORY('part',' ',(#89890));
#89910=PRODUCT_DEFINITION_FORMATION_WITH_SPECIFIED_SOURCE('','',#89890,
.BOUGHT.);
#89920=PRODUCT_DEFINITION('',' ',#89910,#89880);
#89930=PRODUCT_DEFINITION_SHAPE('','',#89920);
#89940=DIMENSIONAL_EXPONENTS(1.,0.,0.,0.,0.,0.,0.);
#89950=DIMENSIONAL_EXPONENTS(0.,0.,0.,0.,0.,0.,0.);
#89960=DIMENSIONAL_EXPONENTS(0.,0.,0.,0.,0.,0.,0.);
#89970=(LENGTH_UNIT() NAMED_UNIT(*) SI_UNIT(.MILLI.,.METRE.));
#89980=(NAMED_UNIT(*) PLANE_ANGLE_UNIT() SI_UNIT($,.RADIAN.));
#89990=(NAMED_UNIT(*) SI_UNIT($,.STERADIAN.) SOLID_ANGLE_UNIT());
#90000=(GEOMETRIC_REPRESENTATION_CONTEXT(3) 
GLOBAL_UNCERTAINTY_ASSIGNED_CONTEXT((#90010)) 
GLOBAL_UNIT_ASSIGNED_CONTEXT((#89970,#89980,#89990)) 
REPRESENTATION_CONTEXT('',''));
#90010=UNCERTAINTY_MEASURE_WITH_UNIT(LENGTH_MEASURE(1.E-6),#89970,
'distance_accuracy_value','maximum gap value');
#90020=ADVANCED_BREP_SHAPE_REPRESENTATION('',(#89840,#89800),#90000);
#90030=SHAPE_DEFINITION_REPRESENTATION(#89930,#90020);
#90040=COLOUR_RGB('',0.560784339904785,0.588235318660736,
0.600000023841858);
#90050=FILL_AREA_STYLE_COLOUR('',#90040);
#90060=FILL_AREA_STYLE('',(#90050));
#90070=SURFACE_STYLE_FILL_AREA(#90060);
#90080=SURFACE_SIDE_STYLE('',(#90070));
#90090=SURFACE_STYLE_USAGE(.BOTH.,#90080);
#90100=PRESENTATION_STYLE_ASSIGNMENT((#90090));
#90110=STYLED_ITEM('',(#90100),#89800);
#90120=OVER_RIDING_STYLED_ITEM('',(#5540),#5470,#90110);
#90130=OVER_RIDING_STYLED_ITEM('',(#6010),#5940,#90110);
#90140=OVER_RIDING_STYLED_ITEM('',(#6390),#6320,#90110);
#90150=OVER_RIDING_STYLED_ITEM('',(#6700),#6630,#90110);
#90160=OVER_RIDING_STYLED_ITEM('',(#12640),#12570,#90110);
#90170=OVER_RIDING_STYLED_ITEM('',(#13020),#12950,#90110);
#90180=OVER_RIDING_STYLED_ITEM('',(#13400),#13330,#90110);
#90190=OVER_RIDING_STYLED_ITEM('',(#13640),#13570,#90110);
#90200=OVER_RIDING_STYLED_ITEM('',(#14330),#14260,#90110);
#90210=OVER_RIDING_STYLED_ITEM('',(#14620),#14550,#90110);
#90220=OVER_RIDING_STYLED_ITEM('',(#14880),#14810,#90110);
#90230=OVER_RIDING_STYLED_ITEM('',(#15120),#15050,#90110);
#90240=OVER_RIDING_STYLED_ITEM('',(#15520),#15450,#90110);
#90250=OVER_RIDING_STYLED_ITEM('',(#15830),#15760,#90110);
#90260=OVER_RIDING_STYLED_ITEM('',(#16210),#16140,#90110);
#90270=OVER_RIDING_STYLED_ITEM('',(#16760),#16690,#90110);
#90280=OVER_RIDING_STYLED_ITEM('',(#17000),#16930,#90110);
#90290=OVER_RIDING_STYLED_ITEM('',(#17750),#17680,#90110);
#90300=OVER_RIDING_STYLED_ITEM('',(#18140),#18070,#90110);
#90310=OVER_RIDING_STYLED_ITEM('',(#18380),#18310,#90110);
#90320=OVER_RIDING_STYLED_ITEM('',(#18640),#18570,#90110);
#90330=OVER_RIDING_STYLED_ITEM('',(#18880),#18810,#90110);
#90340=OVER_RIDING_STYLED_ITEM('',(#19470),#19400,#90110);
#90350=OVER_RIDING_STYLED_ITEM('',(#19710),#19640,#90110);
#90360=OVER_RIDING_STYLED_ITEM('',(#19950),#19880,#90110);
#90370=OVER_RIDING_STYLED_ITEM('',(#20240),#20170,#90110);
#90380=OVER_RIDING_STYLED_ITEM('',(#20480),#20410,#90110);
#90390=OVER_RIDING_STYLED_ITEM('',(#20740),#20670,#90110);
#90400=OVER_RIDING_STYLED_ITEM('',(#20980),#20910,#90110);
#90410=OVER_RIDING_STYLED_ITEM('',(#21220),#21150,#90110);
#90420=OVER_RIDING_STYLED_ITEM('',(#21460),#21390,#90110);
#90430=OVER_RIDING_STYLED_ITEM('',(#21700),#21630,#90110);
#90440=OVER_RIDING_STYLED_ITEM('',(#21890),#21820,#90110);
#90450=OVER_RIDING_STYLED_ITEM('',(#22130),#22060,#90110);
#90460=OVER_RIDING_STYLED_ITEM('',(#22370),#22300,#90110);
#90470=OVER_RIDING_STYLED_ITEM('',(#22610),#22540,#90110);
#90480=OVER_RIDING_STYLED_ITEM('',(#22850),#22780,#90110);
#90490=OVER_RIDING_STYLED_ITEM('',(#23300),#23230,#90110);
#90500=OVER_RIDING_STYLED_ITEM('',(#23590),#23520,#90110);
#90510=OVER_RIDING_STYLED_ITEM('',(#23880),#23810,#90110);
#90520=OVER_RIDING_STYLED_ITEM('',(#24120),#24050,#90110);
#90530=OVER_RIDING_STYLED_ITEM('',(#24570),#24500,#90110);
#90540=OVER_RIDING_STYLED_ITEM('',(#24810),#24740,#90110);
#90550=OVER_RIDING_STYLED_ITEM('',(#25050),#24980,#90110);
#90560=OVER_RIDING_STYLED_ITEM('',(#25840),#25770,#90110);
#90570=OVER_RIDING_STYLED_ITEM('',(#26080),#26010,#90110);
#90580=OVER_RIDING_STYLED_ITEM('',(#26370),#26300,#90110);
#90590=OVER_RIDING_STYLED_ITEM('',(#26610),#26540,#90110);
#90600=OVER_RIDING_STYLED_ITEM('',(#26900),#26830,#90110);
#90610=OVER_RIDING_STYLED_ITEM('',(#27520),#27450,#90110);
#90620=OVER_RIDING_STYLED_ITEM('',(#27760),#27690,#90110);
#90630=OVER_RIDING_STYLED_ITEM('',(#28140),#28070,#90110);
#90640=OVER_RIDING_STYLED_ITEM('',(#28380),#28310,#90110);
#90650=OVER_RIDING_STYLED_ITEM('',(#28670),#28600,#90110);
#90660=OVER_RIDING_STYLED_ITEM('',(#29140),#29070,#90110);
#90670=OVER_RIDING_STYLED_ITEM('',(#29380),#29310,#90110);
#90680=OVER_RIDING_STYLED_ITEM('',(#29670),#29600,#90110);
#90690=OVER_RIDING_STYLED_ITEM('',(#30050),#29980,#90110);
#90700=OVER_RIDING_STYLED_ITEM('',(#30430),#30360,#90110);
#90710=OVER_RIDING_STYLED_ITEM('',(#30900),#30830,#90110);
#90720=OVER_RIDING_STYLED_ITEM('',(#31090),#31020,#90110);
#90730=OVER_RIDING_STYLED_ITEM('',(#32420),#32350,#90110);
#90740=OVER_RIDING_STYLED_ITEM('',(#32730),#32660,#90110);
#90750=OVER_RIDING_STYLED_ITEM('',(#32920),#32850,#90110);
#90760=OVER_RIDING_STYLED_ITEM('',(#33160),#33090,#90110);
#90770=OVER_RIDING_STYLED_ITEM('',(#33350),#33280,#90110);
#90780=OVER_RIDING_STYLED_ITEM('',(#33590),#33520,#90110);
#90790=OVER_RIDING_STYLED_ITEM('',(#34080),#34010,#90110);
#90800=OVER_RIDING_STYLED_ITEM('',(#34550),#34480,#90110);
#90810=OVER_RIDING_STYLED_ITEM('',(#34930),#34860,#90110);
#90820=OVER_RIDING_STYLED_ITEM('',(#35170),#35100,#90110);
#90830=OVER_RIDING_STYLED_ITEM('',(#35360),#35290,#90110);
#90840=OVER_RIDING_STYLED_ITEM('',(#35670),#35600,#90110);
#90850=OVER_RIDING_STYLED_ITEM('',(#35980),#35910,#90110);
#90860=OVER_RIDING_STYLED_ITEM('',(#36220),#36150,#90110);
#90870=OVER_RIDING_STYLED_ITEM('',(#36410),#36340,#90110);
#90880=OVER_RIDING_STYLED_ITEM('',(#36720),#36650,#90110);
#90890=OVER_RIDING_STYLED_ITEM('',(#37030),#36960,#90110);
#90900=OVER_RIDING_STYLED_ITEM('',(#37270),#37200,#90110);
#90910=OVER_RIDING_STYLED_ITEM('',(#37460),#37390,#90110);
#90920=OVER_RIDING_STYLED_ITEM('',(#37940),#37870,#90110);
#90930=OVER_RIDING_STYLED_ITEM('',(#38410),#38340,#90110);
#90940=OVER_RIDING_STYLED_ITEM('',(#38860),#38790,#90110);
#90950=OVER_RIDING_STYLED_ITEM('',(#39180),#39110,#90110);
#90960=OVER_RIDING_STYLED_ITEM('',(#39560),#39490,#90110);
#90970=OVER_RIDING_STYLED_ITEM('',(#39800),#39730,#90110);
#90980=OVER_RIDING_STYLED_ITEM('',(#40000),#39930,#90110);
#90990=OVER_RIDING_STYLED_ITEM('',(#40190),#40120,#90110);
#91000=OVER_RIDING_STYLED_ITEM('',(#40500),#40430,#90110);
#91010=OVER_RIDING_STYLED_ITEM('',(#40740),#40670,#90110);
#91020=OVER_RIDING_STYLED_ITEM('',(#40930),#40860,#90110);
#91030=OVER_RIDING_STYLED_ITEM('',(#41420),#41350,#90110);
#91040=OVER_RIDING_STYLED_ITEM('',(#41610),#41540,#90110);
#91050=OVER_RIDING_STYLED_ITEM('',(#41990),#41920,#90110);
#91060=OVER_RIDING_STYLED_ITEM('',(#42750),#42680,#90110);
#91070=OVER_RIDING_STYLED_ITEM('',(#43820),#43750,#90110);
#91080=OVER_RIDING_STYLED_ITEM('',(#44220),#44150,#90110);
#91090=OVER_RIDING_STYLED_ITEM('',(#44600),#44530,#90110);
#91100=OVER_RIDING_STYLED_ITEM('',(#45160),#45090,#90110);
#91110=OVER_RIDING_STYLED_ITEM('',(#45490),#45420,#90110);
#91120=OVER_RIDING_STYLED_ITEM('',(#45950),#45880,#90110);
#91130=OVER_RIDING_STYLED_ITEM('',(#46440),#46370,#90110);
#91140=OVER_RIDING_STYLED_ITEM('',(#46970),#46900,#90110);
#91150=OVER_RIDING_STYLED_ITEM('',(#47280),#47210,#90110);
#91160=OVER_RIDING_STYLED_ITEM('',(#47590),#47520,#90110);
#91170=OVER_RIDING_STYLED_ITEM('',(#47780),#47710,#90110);
#91180=OVER_RIDING_STYLED_ITEM('',(#48090),#48020,#90110);
#91190=OVER_RIDING_STYLED_ITEM('',(#48360),#48290,#90110);
#91200=OVER_RIDING_STYLED_ITEM('',(#48550),#48480,#90110);
#91210=OVER_RIDING_STYLED_ITEM('',(#48940),#48870,#90110);
#91220=OVER_RIDING_STYLED_ITEM('',(#49410),#49340,#90110);
#91230=OVER_RIDING_STYLED_ITEM('',(#49880),#49810,#90110);
#91240=OVER_RIDING_STYLED_ITEM('',(#50440),#50370,#90110);
#91250=OVER_RIDING_STYLED_ITEM('',(#51020),#50950,#90110);
#91260=OVER_RIDING_STYLED_ITEM('',(#51400),#51330,#90110);
#91270=OVER_RIDING_STYLED_ITEM('',(#51890),#51820,#90110);
#91280=OVER_RIDING_STYLED_ITEM('',(#52180),#52110,#90110);
#91290=OVER_RIDING_STYLED_ITEM('',(#52570),#52500,#90110);
#91300=OVER_RIDING_STYLED_ITEM('',(#52760),#52690,#90110);
#91310=OVER_RIDING_STYLED_ITEM('',(#52950),#52880,#90110);
#91320=OVER_RIDING_STYLED_ITEM('',(#53140),#53070,#90110);
#91330=OVER_RIDING_STYLED_ITEM('',(#53330),#53260,#90110);
#91340=OVER_RIDING_STYLED_ITEM('',(#53470),#53400,#90110);
#91350=OVER_RIDING_STYLED_ITEM('',(#53610),#53540,#90110);
#91360=OVER_RIDING_STYLED_ITEM('',(#53850),#53780,#90110);
#91370=OVER_RIDING_STYLED_ITEM('',(#55780),#55710,#90110);
#91380=OVER_RIDING_STYLED_ITEM('',(#56160),#56090,#90110);
#91390=OVER_RIDING_STYLED_ITEM('',(#56350),#56280,#90110);
#91400=OVER_RIDING_STYLED_ITEM('',(#56590),#56520,#90110);
#91410=OVER_RIDING_STYLED_ITEM('',(#56830),#56760,#90110);
#91420=OVER_RIDING_STYLED_ITEM('',(#57070),#57000,#90110);
#91430=OVER_RIDING_STYLED_ITEM('',(#57310),#57240,#90110);
#91440=OVER_RIDING_STYLED_ITEM('',(#57550),#57480,#90110);
#91450=OVER_RIDING_STYLED_ITEM('',(#57790),#57720,#90110);
#91460=OVER_RIDING_STYLED_ITEM('',(#57980),#57910,#90110);
#91470=OVER_RIDING_STYLED_ITEM('',(#58220),#58150,#90110);
#91480=OVER_RIDING_STYLED_ITEM('',(#58460),#58390,#90110);
#91490=OVER_RIDING_STYLED_ITEM('',(#58840),#58770,#90110);
#91500=OVER_RIDING_STYLED_ITEM('',(#59030),#58960,#90110);
#91510=OVER_RIDING_STYLED_ITEM('',(#61280),#61210,#90110);
#91520=OVER_RIDING_STYLED_ITEM('',(#61570),#61500,#90110);
#91530=OVER_RIDING_STYLED_ITEM('',(#61810),#61740,#90110);
#91540=OVER_RIDING_STYLED_ITEM('',(#62050),#61980,#90110);
#91550=OVER_RIDING_STYLED_ITEM('',(#62240),#62170,#90110);
#91560=OVER_RIDING_STYLED_ITEM('',(#62480),#62410,#90110);
#91570=OVER_RIDING_STYLED_ITEM('',(#62720),#62650,#90110);
#91580=OVER_RIDING_STYLED_ITEM('',(#62960),#62890,#90110);
#91590=OVER_RIDING_STYLED_ITEM('',(#63200),#63130,#90110);
#91600=OVER_RIDING_STYLED_ITEM('',(#63440),#63370,#90110);
#91610=OVER_RIDING_STYLED_ITEM('',(#63680),#63610,#90110);
#91620=OVER_RIDING_STYLED_ITEM('',(#63920),#63850,#90110);
#91630=OVER_RIDING_STYLED_ITEM('',(#64110),#64040,#90110);
#91640=OVER_RIDING_STYLED_ITEM('',(#64350),#64280,#90110);
#91650=OVER_RIDING_STYLED_ITEM('',(#64540),#64470,#90110);
#91660=OVER_RIDING_STYLED_ITEM('',(#65650),#65580,#90110);
#91670=OVER_RIDING_STYLED_ITEM('',(#66030),#65960,#90110);
#91680=OVER_RIDING_STYLED_ITEM('',(#66410),#66340,#90110);
#91690=OVER_RIDING_STYLED_ITEM('',(#66720),#66650,#90110);
#91700=OVER_RIDING_STYLED_ITEM('',(#66960),#66890,#90110);
#91710=OVER_RIDING_STYLED_ITEM('',(#67390),#67320,#90110);
#91720=OVER_RIDING_STYLED_ITEM('',(#67630),#67560,#90110);
#91730=OVER_RIDING_STYLED_ITEM('',(#67970),#67900,#90110);
#91740=OVER_RIDING_STYLED_ITEM('',(#68780),#68710,#90110);
#91750=OVER_RIDING_STYLED_ITEM('',(#68970),#68900,#90110);
#91760=OVER_RIDING_STYLED_ITEM('',(#69310),#69240,#90110);
#91770=OVER_RIDING_STYLED_ITEM('',(#69600),#69530,#90110);
#91780=OVER_RIDING_STYLED_ITEM('',(#69840),#69770,#90110);
#91790=OVER_RIDING_STYLED_ITEM('',(#70080),#70010,#90110);
#91800=OVER_RIDING_STYLED_ITEM('',(#70320),#70250,#90110);
#91810=OVER_RIDING_STYLED_ITEM('',(#70560),#70490,#90110);
#91820=OVER_RIDING_STYLED_ITEM('',(#70800),#70730,#90110);
#91830=OVER_RIDING_STYLED_ITEM('',(#71040),#70970,#90110);
#91840=OVER_RIDING_STYLED_ITEM('',(#71280),#71210,#90110);
#91850=OVER_RIDING_STYLED_ITEM('',(#71470),#71400,#90110);
#91860=OVER_RIDING_STYLED_ITEM('',(#71760),#71690,#90110);
#91870=OVER_RIDING_STYLED_ITEM('',(#72000),#71930,#90110);
#91880=OVER_RIDING_STYLED_ITEM('',(#72240),#72170,#90110);
#91890=OVER_RIDING_STYLED_ITEM('',(#72480),#72410,#90110);
#91900=OVER_RIDING_STYLED_ITEM('',(#72720),#72650,#90110);
#91910=OVER_RIDING_STYLED_ITEM('',(#72960),#72890,#90110);
#91920=OVER_RIDING_STYLED_ITEM('',(#73200),#73130,#90110);
#91930=OVER_RIDING_STYLED_ITEM('',(#73440),#73370,#90110);
#91940=OVER_RIDING_STYLED_ITEM('',(#73680),#73610,#90110);
#91950=OVER_RIDING_STYLED_ITEM('',(#73920),#73850,#90110);
#91960=OVER_RIDING_STYLED_ITEM('',(#74160),#74090,#90110);
#91970=OVER_RIDING_STYLED_ITEM('',(#74350),#74280,#90110);
#91980=OVER_RIDING_STYLED_ITEM('',(#74540),#74470,#90110);
#91990=OVER_RIDING_STYLED_ITEM('',(#75010),#74940,#90110);
#92000=OVER_RIDING_STYLED_ITEM('',(#75270),#75200,#90110);
#92010=OVER_RIDING_STYLED_ITEM('',(#75460),#75390,#90110);
#92020=OVER_RIDING_STYLED_ITEM('',(#75930),#75860,#90110);
#92030=OVER_RIDING_STYLED_ITEM('',(#76310),#76240,#90110);
#92040=OVER_RIDING_STYLED_ITEM('',(#77680),#77610,#90110);
#92050=OVER_RIDING_STYLED_ITEM('',(#78080),#78010,#90110);
#92060=OVER_RIDING_STYLED_ITEM('',(#78620),#78550,#90110);
#92070=OVER_RIDING_STYLED_ITEM('',(#78940),#78870,#90110);
#92080=OVER_RIDING_STYLED_ITEM('',(#79260),#79190,#90110);
#92090=OVER_RIDING_STYLED_ITEM('',(#79660),#79590,#90110);
#92100=OVER_RIDING_STYLED_ITEM('',(#80240),#80170,#90110);
#92110=OVER_RIDING_STYLED_ITEM('',(#80820),#80750,#90110);
#92120=OVER_RIDING_STYLED_ITEM('',(#81200),#81130,#90110);
#92130=OVER_RIDING_STYLED_ITEM('',(#81440),#81370,#90110);
#92140=OVER_RIDING_STYLED_ITEM('',(#81770),#81700,#90110);
#92150=OVER_RIDING_STYLED_ITEM('',(#82010),#81940,#90110);
#92160=OVER_RIDING_STYLED_ITEM('',(#82150),#82080,#90110);
#92170=OVER_RIDING_STYLED_ITEM('',(#82340),#82270,#90110);
#92180=OVER_RIDING_STYLED_ITEM('',(#82530),#82460,#90110);
#92190=OVER_RIDING_STYLED_ITEM('',(#82860),#82790,#90110);
#92200=OVER_RIDING_STYLED_ITEM('',(#83190),#83120,#90110);
#92210=OVER_RIDING_STYLED_ITEM('',(#83670),#83600,#90110);
#92220=OVER_RIDING_STYLED_ITEM('',(#83910),#83840,#90110);
#92230=OVER_RIDING_STYLED_ITEM('',(#84150),#84080,#90110);
#92240=OVER_RIDING_STYLED_ITEM('',(#84460),#84390,#90110);
#92250=OVER_RIDING_STYLED_ITEM('',(#85800),#85730,#90110);
#92260=OVER_RIDING_STYLED_ITEM('',(#86040),#85970,#90110);
#92270=OVER_RIDING_STYLED_ITEM('',(#86280),#86210,#90110);
#92280=OVER_RIDING_STYLED_ITEM('',(#86520),#86450,#90110);
#92290=OVER_RIDING_STYLED_ITEM('',(#86760),#86690,#90110);
#92300=OVER_RIDING_STYLED_ITEM('',(#87000),#86930,#90110);
#92310=OVER_RIDING_STYLED_ITEM('',(#87240),#87170,#90110);
#92320=OVER_RIDING_STYLED_ITEM('',(#87480),#87410,#90110);
#92330=OVER_RIDING_STYLED_ITEM('',(#87670),#87600,#90110);
#92340=OVER_RIDING_STYLED_ITEM('',(#87910),#87840,#90110);
#92350=OVER_RIDING_STYLED_ITEM('',(#88150),#88080,#90110);
#92360=OVER_RIDING_STYLED_ITEM('',(#88390),#88320,#90110);
#92370=OVER_RIDING_STYLED_ITEM('',(#88630),#88560,#90110);
#92380=OVER_RIDING_STYLED_ITEM('',(#88820),#88750,#90110);
#92390=OVER_RIDING_STYLED_ITEM('',(#89010),#88940,#90110);
#92400=OVER_RIDING_STYLED_ITEM('',(#89200),#89130,#90110);
#92410=OVER_RIDING_STYLED_ITEM('',(#89390),#89320,#90110);
#92420=OVER_RIDING_STYLED_ITEM('',(#89590),#89520,#90110);
#92430=OVER_RIDING_STYLED_ITEM('',(#89780),#89710,#90110);
#92440=DRAUGHTING_MODEL('',(#90110,#90120,#90130,#90140,#90150,#90160,
#90170,#90180,#90190,#90200,#90210,#90220,#90230,#90240,#90250,#90260,
#90270,#90280,#90290,#90300,#90310,#90320,#90330,#90340,#90350,#90360,
#90370,#90380,#90390,#90400,#90410,#90420,#90430,#90440,#90450,#90460,
#90470,#90480,#90490,#90500,#90510,#90520,#90530,#90540,#90550,#90560,
#90570,#90580,#90590,#90600,#90610,#90620,#90630,#90640,#90650,#90660,
#90670,#90680,#90690,#90700,#90710,#90720,#90730,#90740,#90750,#90760,
#90770,#90780,#90790,#90800,#90810,#90820,#90830,#90840,#90850,#90860,
#90870,#90880,#90890,#90900,#90910,#90920,#90930,#90940,#90950,#90960,
#90970,#90980,#90990,#91000,#91010,#91020,#91030,#91040,#91050,#91060,
#91070,#91080,#91090,#91100,#91110,#91120,#91130,#91140,#91150,#91160,
#91170,#91180,#91190,#91200,#91210,#91220,#91230,#91240,#91250,#91260,
#91270,#91280,#91290,#91300,#91310,#91320,#91330,#91340,#91350,#91360,
#91370,#91380,#91390,#91400,#91410,#91420,#91430,#91440,#91450,#91460,
#91470,#91480,#91490,#91500,#91510,#91520,#91530,#91540,#91550,#91560,
#91570,#91580,#91590,#91600,#91610,#91620,#91630,#91640,#91650,#91660,
#91670,#91680,#91690,#91700,#91710,#91720,#91730,#91740,#91750,#91760,
#91770,#91780,#91790,#91800,#91810,#91820,#91830,#91840,#91850,#91860,
#91870,#91880,#91890,#91900,#91910,#91920,#91930,#91940,#91950,#91960,
#91970,#91980,#91990,#92000,#92010,#92020,#92030,#92040,#92050,#92060,
#92070,#92080,#92090,#92100,#92110,#92120,#92130,#92140,#92150,#92160,
#92170,#92180,#92190,#92200,#92210,#92220,#92230,#92240,#92250,#92260,
#92270,#92280,#92290,#92300,#92310,#92320,#92330,#92340,#92350,#92360,
#92370,#92380,#92390,#92400,#92410,#92420,#92430),#90000);
#92450=CARTESIAN_POINT('',(-103.749822567202,31.0179398201284,
44.4000000045625));
#92460=DIRECTION('',(0.999999999999478,-1.02206957679905E-6,
-3.68686522649644E-13));
#92470=DIRECTION('',(1.02206957679905E-6,0.999999999999478,
6.66833762665414E-10));
#92480=AXIS2_PLACEMENT_3D('',#92450,#92460,#92470);
#92490=ITEM_DEFINED_TRANSFORMATION('XTV_6-TWIN-Select','',#89840,#92480)
;
#92500=APPLICATION_CONTEXT(' ');
#92510=APPLICATION_PROTOCOL_DEFINITION(' ','automotive_design',1998,
#92500);
#92520=PRODUCT_CONTEXT('',#92500,'mechanical');
#92530=PRODUCT_DEFINITION_CONTEXT('part definition',#92500,'design');
#92540=PRODUCT('XTV_6-TWIN-Select','XTV_6-TWIN-Select','',(#92520));
#92550=PRODUCT_RELATED_PRODUCT_CATEGORY('part',' ',(#92540));
#92560=PRODUCT_DEFINITION_FORMATION_WITH_SPECIFIED_SOURCE('','',#92540,
.BOUGHT.);
#92570=PRODUCT_DEFINITION('',' ',#92560,#92530);
#92580=PRODUCT_DEFINITION_SHAPE('','',#92570);
#92590=DIMENSIONAL_EXPONENTS(1.,0.,0.,0.,0.,0.,0.);
#92600=DIMENSIONAL_EXPONENTS(0.,0.,0.,0.,0.,0.,0.);
#92610=DIMENSIONAL_EXPONENTS(0.,0.,0.,0.,0.,0.,0.);
#92620=(LENGTH_UNIT() NAMED_UNIT(*) SI_UNIT(.MILLI.,.METRE.));
#92630=(NAMED_UNIT(*) PLANE_ANGLE_UNIT() SI_UNIT($,.RADIAN.));
#92640=(NAMED_UNIT(*) SI_UNIT($,.STERADIAN.) SOLID_ANGLE_UNIT());
#92650=(GEOMETRIC_REPRESENTATION_CONTEXT(3) 
GLOBAL_UNCERTAINTY_ASSIGNED_CONTEXT((#92660)) 
GLOBAL_UNIT_ASSIGNED_CONTEXT((#92620,#92630,#92640)) 
REPRESENTATION_CONTEXT('',''));
#92660=UNCERTAINTY_MEASURE_WITH_UNIT(LENGTH_MEASURE(1.E-6),#92620,
'distance_accuracy_value','maximum gap value');
#92670=SHAPE_REPRESENTATION('',(#89840,#92480),#92650);
#92680=SHAPE_DEFINITION_REPRESENTATION(#92580,#92670);
#92690=(REPRESENTATION_RELATIONSHIP('','',#90020,#92670) 
REPRESENTATION_RELATIONSHIP_WITH_TRANSFORMATION(#92490) 
SHAPE_REPRESENTATION_RELATIONSHIP());
#92700=NEXT_ASSEMBLY_USAGE_OCCURRENCE('1','','XTV_6-TWIN-Select',#92570,
#89920,'');
#92710=PRODUCT_DEFINITION_SHAPE('','',#92700);
#92720=CONTEXT_DEPENDENT_SHAPE_REPRESENTATION(#92690,#92710);
ENDSEC;
END-ISO-10303-21;
