ISO-10303-21;
HEADER;
FILE_DESCRIPTION(('Creo Elements/Direct Modeling STEP Export'),'2;1');
FILE_NAME(
'C:/temp/JobSpoolerServerData/JobServer Files/208e1d33-dd9c-4d66-a6c9-b7
407cf26887/work/output/model.stp','2020-08-21T 8:13:56',(''),(''),
'Creo Elements/Direct Modeling STEP processor for AP214 (Solid Model)',
'Creo Elements/Direct Modeling 20.1A  29-Sep-2018 (C) Parametric Technol
ogy GmbH','');
FILE_SCHEMA(('AUTOMOTIVE_DESIGN { 1 0 10303 214 1 1 1 1 }'));
ENDSEC;
DATA;
#10=CARTESIAN_POINT('',(21.6640000035161,-6.3525000000007,0.));
#20=DIRECTION('',(0.,0.,-1.));
#30=DIRECTION('',(-1.,0.,0.));
#40=AXIS2_PLACEMENT_3D('',#10,#20,#30);
#50=PLANE('',#40);
#60=CARTESIAN_POINT('',(2.39999999987203,-5.99999999979328,
1.06547020095604E-8));
#70=DIRECTION('',(1.,2.62512234172468E-13,-1.00948952319322E-25));
#80=VECTOR('',#70,1.);
#90=LINE('',#60,#80);
#100=CARTESIAN_POINT('',(-44.8000000000005,-5.99999999980567,
1.06547028977388E-8));
#110=VERTEX_POINT('',#100);
#120=CARTESIAN_POINT('',(-34.5580919926422,-5.99999999980299,
1.06547020095604E-8));
#130=VERTEX_POINT('',#120);
#140=EDGE_CURVE('',#110,#130,#90,.T.);
#150=ORIENTED_EDGE('',*,*,#140,.F.);
#160=CARTESIAN_POINT('',(-40.2000000000957,-1.85646599663223,
1.06530109178493E-8));
#170=DIRECTION('',(3.19771212653255E-14,4.08396006638903E-13,1.));
#180=DIRECTION('',(1.,-1.30593272779735E-26,-3.19771212653255E-14));
#190=AXIS2_PLACEMENT_3D('',#160,#170,#180);
#200=CIRCLE('',#190,7.);
#210=CARTESIAN_POINT('',(-33.2000000000957,-1.85646599663224,
1.06527870968876E-8));
#220=VERTEX_POINT('',#210);
#230=EDGE_CURVE('',#130,#220,#200,.T.);
#240=ORIENTED_EDGE('',*,*,#230,.F.);
#250=CARTESIAN_POINT('',(-33.2000000000957,9.25000000017709,
1.06484749906599E-8));
#260=DIRECTION('',(0.,1.,-4.08395604615809E-13));
#270=VECTOR('',#260,1.);
#280=LINE('',#250,#270);
#290=CARTESIAN_POINT('',(-33.2000000000958,-1.30000000000113,
1.06527835441739E-8));
#300=VERTEX_POINT('',#290);
#310=EDGE_CURVE('',#220,#300,#280,.T.);
#320=ORIENTED_EDGE('',*,*,#310,.F.);
#330=CARTESIAN_POINT('',(2.39999999987203,1.81459642151908,
1.06515116726769E-8));
#340=DIRECTION('',(-0.996194698091745,-0.0871557427476619,
3.55965257270441E-14));
#350=VECTOR('',#340,1.);
#360=LINE('',#330,#350);
#370=CARTESIAN_POINT('',(-34.1000000000958,-1.37873979717447,
1.0652815518597E-8));
#380=VERTEX_POINT('',#370);
#390=EDGE_CURVE('',#300,#380,#360,.T.);
#400=ORIENTED_EDGE('',*,*,#390,.F.);
#410=CARTESIAN_POINT('',(-34.1000000000957,9.25000000017709,
1.06484749906599E-8));
#420=DIRECTION('',(0.,1.,-4.08395604615809E-13));
#430=VECTOR('',#420,1.);
#440=LINE('',#410,#430);
#450=CARTESIAN_POINT('',(-34.1000000000957,-0.300000000007055,
1.06523749821008E-8));
#460=VERTEX_POINT('',#450);
#470=EDGE_CURVE('',#380,#460,#440,.T.);
#480=ORIENTED_EDGE('',*,*,#470,.F.);
#490=CARTESIAN_POINT('',(-25.8000000000956,-0.300000000007056,
1.06523740939224E-8));
#500=DIRECTION('',(3.19771212653255E-14,4.08396006638903E-13,1.));
#510=DIRECTION('',(1.,-1.30593272779735E-26,-3.19771212653255E-14));
#520=AXIS2_PLACEMENT_3D('',#490,#500,#510);
#530=CIRCLE('',#520,8.3);
#540=CARTESIAN_POINT('',(-33.44142147079,2.94016633942827,
1.06512949571425E-8));
#550=VERTEX_POINT('',#540);
#560=EDGE_CURVE('',#550,#460,#530,.T.);
#570=ORIENTED_EDGE('',*,*,#560,.T.);
#580=CARTESIAN_POINT('',(-32.9810948761426,2.74497559607792,
1.06511315323132E-8));
#590=DIRECTION('',(3.19771212653255E-14,4.08396006638903E-13,1.));
#600=DIRECTION('',(1.,0.,-3.19771212653255E-14));
#610=AXIS2_PLACEMENT_3D('',#580,#590,#600);
#620=CIRCLE('',#610,0.5);
#630=CARTESIAN_POINT('',(-32.5207682815497,2.54978485274931,
1.06514255193702E-8));
#640=VERTEX_POINT('',#630);
#650=EDGE_CURVE('',#640,#550,#620,.T.);
#660=ORIENTED_EDGE('',*,*,#650,.T.);
#670=CARTESIAN_POINT('',(-25.8000000000956,-0.300000000007056,
1.06523740939224E-8));
#680=DIRECTION('',(3.19771212653255E-14,4.08396006638903E-13,1.));
#690=DIRECTION('',(1.,-1.30593272779735E-26,-3.19771212653255E-14));
#700=AXIS2_PLACEMENT_3D('',#670,#680,#690);
#710=CIRCLE('',#700,7.3);
#720=CARTESIAN_POINT('',(-33.0938330116195,-1.13509202037676E-12,
1.06524851162249E-8));
#730=VERTEX_POINT('',#720);
#740=EDGE_CURVE('',#640,#730,#710,.T.);
#750=ORIENTED_EDGE('',*,*,#740,.F.);
#760=CARTESIAN_POINT('',(2.39999999987203,-1.13686837721616E-12,
1.06522515253005E-8));
#770=DIRECTION('',(1.,1.35059594591415E-33,6.27443588540957E-27));
#780=VECTOR('',#770,1.);
#790=LINE('',#760,#780);
#800=CARTESIAN_POINT('',(-7.10000000010504,-1.13686837721616E-12,
1.06522524134789E-8));
#810=VERTEX_POINT('',#800);
#820=EDGE_CURVE('',#730,#810,#790,.T.);
#830=ORIENTED_EDGE('',*,*,#820,.F.);
#840=CARTESIAN_POINT('',(-7.10000000010504,9.25000000017709,
1.06484749906599E-8));
#850=DIRECTION('',(0.,1.,-4.08395604615809E-13));
#860=VECTOR('',#850,1.);
#870=LINE('',#840,#860);
#880=CARTESIAN_POINT('',(-7.10000000010504,0.199999999999212,
1.06521707010643E-8));
#890=VERTEX_POINT('',#880);
#900=EDGE_CURVE('',#810,#890,#870,.T.);
#910=ORIENTED_EDGE('',*,*,#900,.F.);
#920=CARTESIAN_POINT('',(2.39999999987203,0.199999999999212,
1.06521698128859E-8));
#930=DIRECTION('',(1.,1.35059594591415E-33,6.27443588540957E-27));
#940=VECTOR('',#930,1.);
#950=LINE('',#920,#940);
#960=CARTESIAN_POINT('',(-1.68601046065271,0.199999999999216,
1.06521707010643E-8));
#970=VERTEX_POINT('',#960);
#980=EDGE_CURVE('',#890,#970,#950,.T.);
#990=ORIENTED_EDGE('',*,*,#980,.F.);
#1000=CARTESIAN_POINT('',(2.39999999987203,-0.157479594345043,
1.06523163623251E-8));
#1010=DIRECTION('',(0.996194698091746,-0.0871557427476591,
3.55965257270441E-14));
#1020=VECTOR('',#1010,1.);
#1030=LINE('',#1000,#1020);
#1040=CARTESIAN_POINT('',(0.599999999895078,-3.94351218346856E-13,
1.06522524134789E-8));
#1050=VERTEX_POINT('',#1040);
#1060=EDGE_CURVE('',#970,#1050,#1030,.T.);
#1070=ORIENTED_EDGE('',*,*,#1060,.F.);
#1080=CARTESIAN_POINT('',(0.599999999895082,9.25000000017709,
1.06484749906599E-8));
#1090=DIRECTION('',(-2.77555756156289E-17,-1.,4.08395604615809E-13));
#1100=VECTOR('',#1090,1.);
#1110=LINE('',#1080,#1100);
#1120=CARTESIAN_POINT('',(0.59999999989508,-1.10000000000114,
1.06527018317593E-8));
#1130=VERTEX_POINT('',#1120);
#1140=EDGE_CURVE('',#1050,#1130,#1110,.T.);
#1150=ORIENTED_EDGE('',*,*,#1140,.F.);
#1160=CARTESIAN_POINT('',(2.39999999987203,-0.617691453631382,
1.06525046561501E-8));
#1170=DIRECTION('',(-0.96592582628908,-0.258819045102477,
1.05720987519931E-13));
#1180=VECTOR('',#1170,1.);
#1190=LINE('',#1160,#1180);
#1200=CARTESIAN_POINT('',(-0.75549244713736,-1.4632031065299,
1.06528501575553E-8));
#1210=VERTEX_POINT('',#1200);
#1220=EDGE_CURVE('',#1130,#1210,#1190,.T.);
#1230=ORIENTED_EDGE('',*,*,#1220,.F.);
#1240=CARTESIAN_POINT('',(8.69397267927102,-0.484628211709449,
1.06524504772665E-8));
#1250=DIRECTION('',(-3.19771212653255E-14,-4.08396006638903E-13,-1.));
#1260=DIRECTION('',(-1.,1.30593272779735E-26,3.19771212653255E-14));
#1270=AXIS2_PLACEMENT_3D('',#1240,#1250,#1260);
#1280=CIRCLE('',#1270,9.499999999999);
#1290=CARTESIAN_POINT('',(0.958943653027355,-6.00000000000704,
1.06549506995179E-8));
#1300=VERTEX_POINT('',#1290);
#1310=EDGE_CURVE('',#1300,#1210,#1280,.T.);
#1320=ORIENTED_EDGE('',*,*,#1310,.T.);
#1330=CARTESIAN_POINT('',(2.39999999987203,-6.00000000000712,
1.06547020095604E-8));
#1340=DIRECTION('',(1.,-5.79120085220097E-14,2.99262273004643E-26));
#1350=VECTOR('',#1340,1.);
#1360=LINE('',#1330,#1350);
#1370=CARTESIAN_POINT('',(2.87084780707681,-6.00000000000715,
1.06547020095604E-8));
#1380=VERTEX_POINT('',#1370);
#1390=EDGE_CURVE('',#1300,#1380,#1360,.T.);
#1400=ORIENTED_EDGE('',*,*,#1390,.F.);
#1410=CARTESIAN_POINT('',(2.39999999987203,-6.23470610619364,
1.06547979328298E-8));
#1420=DIRECTION('',(0.894972271448765,0.446121769630039,
-1.82215353916604E-13));
#1430=VECTOR('',#1420,1.);
#1440=LINE('',#1410,#1430);
#1450=CARTESIAN_POINT('',(21.6000000033765,3.33602390602723,
1.06508890596047E-8));
#1460=VERTEX_POINT('',#1450);
#1470=EDGE_CURVE('',#1380,#1460,#1440,.T.);
#1480=ORIENTED_EDGE('',*,*,#1470,.F.);
#1490=CARTESIAN_POINT('',(21.6000000033764,9.25000000017709,
1.06484749906599E-8));
#1500=DIRECTION('',(0.,1.,-4.08395604615809E-13));
#1510=VECTOR('',#1500,1.);
#1520=LINE('',#1490,#1510);
#1530=CARTESIAN_POINT('',(21.6000000033764,5.20000000011263,
1.06501287788774E-8));
#1540=VERTEX_POINT('',#1530);
#1550=EDGE_CURVE('',#1460,#1540,#1520,.T.);
#1560=ORIENTED_EDGE('',*,*,#1550,.F.);
#1570=CARTESIAN_POINT('',(35.3477270882441,11.2000000001105,
1.06476782946174E-8));
#1580=DIRECTION('',(3.19771212653255E-14,4.08396006638903E-13,1.));
#1590=DIRECTION('',(1.,-1.30593272779735E-26,-3.19771212653255E-14));
#1600=AXIS2_PLACEMENT_3D('',#1570,#1580,#1590);
#1610=CIRCLE('',#1600,14.9999999999993);
#1620=CARTESIAN_POINT('',(21.6000000033752,17.2000000001054,
1.06452278103575E-8));
#1630=VERTEX_POINT('',#1620);
#1640=EDGE_CURVE('',#1630,#1540,#1610,.T.);
#1650=ORIENTED_EDGE('',*,*,#1640,.T.);
#1660=CARTESIAN_POINT('',(21.6000000033752,9.25000000017709,
1.06484749906599E-8));
#1670=DIRECTION('',(0.,1.,-4.08395604615809E-13));
#1680=VECTOR('',#1670,1.);
#1690=LINE('',#1660,#1680);
#1700=CARTESIAN_POINT('',(21.6000000033752,22.0013896390962,
1.06432676005852E-8));
#1710=VERTEX_POINT('',#1700);
#1720=EDGE_CURVE('',#1630,#1710,#1690,.T.);
#1730=ORIENTED_EDGE('',*,*,#1720,.F.);
#1740=CARTESIAN_POINT('',(2.39999999987203,28.9896181381252,
1.06404147715011E-8));
#1750=DIRECTION('',(-0.93969262078838,0.342020143318877,
-1.39721567649076E-13));
#1760=VECTOR('',#1750,1.);
#1770=LINE('',#1740,#1760);
#1780=CARTESIAN_POINT('',(21.0227916864414,22.2114762854263,
1.06431814472785E-8));
#1790=VERTEX_POINT('',#1780);
#1800=EDGE_CURVE('',#1710,#1790,#1770,.T.);
#1810=ORIENTED_EDGE('',*,*,#1800,.F.);
#1820=CARTESIAN_POINT('',(23.3082496653383,9.25000000017709,
1.06484749906599E-8));
#1830=DIRECTION('',(0.173648177666532,-0.984807753012278,
4.02178290670463E-13));
#1840=VECTOR('',#1830,1.);
#1850=LINE('',#1820,#1840);
#1860=CARTESIAN_POINT('',(21.0700251010723,21.943602279751,
1.06432915814025E-8));
#1870=VERTEX_POINT('',#1860);
#1880=EDGE_CURVE('',#1790,#1870,#1850,.T.);
#1890=ORIENTED_EDGE('',*,*,#1880,.F.);
#1900=CARTESIAN_POINT('',(2.39999999987203,18.6515731239129,
1.06446353953515E-8));
#1910=DIRECTION('',(0.984807753012278,0.173648177666532,
-7.09154956979319E-14));
#1920=VECTOR('',#1910,1.);
#1930=LINE('',#1900,#1920);
#1940=CARTESIAN_POINT('',(20.0157669910524,21.7577081303242,
1.06433670765682E-8));
#1950=VERTEX_POINT('',#1940);
#1960=EDGE_CURVE('',#1950,#1870,#1930,.T.);
#1970=ORIENTED_EDGE('',*,*,#1960,.T.);
#1980=CARTESIAN_POINT('',(22.2212134012264,9.25000000017709,
1.06484749906599E-8));
#1990=DIRECTION('',(-0.173648177667118,0.984807753012175,
-4.02192168458271E-13));
#2000=VECTOR('',#1990,1.);
#2010=LINE('',#1980,#2000);
#2020=CARTESIAN_POINT('',(18.9174422673079,27.9866171681258,
1.06408233335742E-8));
#2030=VERTEX_POINT('',#2020);
#2040=EDGE_CURVE('',#1950,#2030,#2010,.T.);
#2050=ORIENTED_EDGE('',*,*,#2040,.F.);
#2060=CARTESIAN_POINT('',(2.39999999987203,25.0741464440847,
1.06420117162997E-8));
#2070=DIRECTION('',(-0.984807753012231,-0.173648177666801,
7.09293734857397E-14));
#2080=VECTOR('',#2070,1.);
#2090=LINE('',#2060,#2080);
#2100=CARTESIAN_POINT('',(19.9717003773286,28.1725113175531,
1.06407469502301E-8));
#2110=VERTEX_POINT('',#2100);
#2120=EDGE_CURVE('',#2110,#2030,#2090,.T.);
#2130=ORIENTED_EDGE('',*,*,#2120,.T.);
#2140=CARTESIAN_POINT('',(23.3082496653408,9.25000000017709,
1.06484749906599E-8));
#2150=DIRECTION('',(-0.173648177666801,0.984807753012231,
-4.02192168458271E-13));
#2160=VECTOR('',#2150,1.);
#2170=LINE('',#2140,#2160);
#2180=CARTESIAN_POINT('',(20.0189337919592,27.9046373118802,
1.06408553079973E-8));
#2190=VERTEX_POINT('',#2180);
#2200=EDGE_CURVE('',#2190,#2110,#2170,.T.);
#2210=ORIENTED_EDGE('',*,*,#2200,.T.);
#2220=CARTESIAN_POINT('',(2.39999999987203,13.1205964652434,
1.06468940330728E-8));
#2230=DIRECTION('',(0.766044443119846,0.642787609685505,
-2.62539989748234E-13));
#2240=VECTOR('',#2230,1.);
#2250=LINE('',#2220,#2240);
#2260=CARTESIAN_POINT('',(20.4872848085796,28.2976304771867,
1.06406954358818E-8));
#2270=VERTEX_POINT('',#2260);
#2280=EDGE_CURVE('',#2190,#2270,#2250,.T.);
#2290=ORIENTED_EDGE('',*,*,#2280,.F.);
#2300=CARTESIAN_POINT('',(23.8458959802493,9.25000000017709,
1.06484749906599E-8));
#2310=DIRECTION('',(-0.173648177667343,0.984807753012135,
-4.02192168458271E-13));
#2320=VECTOR('',#2310,1.);
#2330=LINE('',#2300,#2320);
#2340=CARTESIAN_POINT('',(20.3193563660656,29.2500000002094,
1.06403064137339E-8));
#2350=VERTEX_POINT('',#2340);
#2360=EDGE_CURVE('',#2270,#2350,#2330,.T.);
#2370=ORIENTED_EDGE('',*,*,#2360,.F.);
#2380=CARTESIAN_POINT('',(2.39999999987203,29.2500000002115,
1.06403064137339E-8));
#2390=DIRECTION('',(-1.,1.21042065259795E-13,-5.57251343448123E-26));
#2400=VECTOR('',#2390,1.);
#2410=LINE('',#2380,#2400);
#2420=CARTESIAN_POINT('',(-6.85143173076931,29.2500000002126,
1.06403055255555E-8));
#2430=VERTEX_POINT('',#2420);
#2440=EDGE_CURVE('',#2350,#2430,#2410,.T.);
#2450=ORIENTED_EDGE('',*,*,#2440,.F.);
#2460=CARTESIAN_POINT('',(-20.8555824949883,9.25000000017709,
1.06484749906599E-8));
#2470=DIRECTION('',(-0.573576436351043,-0.819152044288994,
3.34593464046407E-13));
#2480=VECTOR('',#2470,1.);
#2490=LINE('',#2460,#2480);
#2500=CARTESIAN_POINT('',(-7.30656663060182,28.6000000002181,
1.06405719790814E-8));
#2510=VERTEX_POINT('',#2500);
#2520=EDGE_CURVE('',#2430,#2510,#2490,.T.);
#2530=ORIENTED_EDGE('',*,*,#2520,.F.);
#2540=CARTESIAN_POINT('',(2.39999999987203,28.6000000002181,
1.06405719790814E-8));
#2550=DIRECTION('',(1.,-1.0900289045847E-24,6.27443588585479E-27));
#2560=VECTOR('',#2550,1.);
#2570=LINE('',#2540,#2560);
#2580=CARTESIAN_POINT('',(-6.74999999998555,28.6000000002181,
1.06405719790814E-8));
#2590=VERTEX_POINT('',#2580);
#2600=EDGE_CURVE('',#2510,#2590,#2570,.T.);
#2610=ORIENTED_EDGE('',*,*,#2600,.F.);
#2620=CARTESIAN_POINT('',(-6.75000000009248,9.25000000017709,
1.06484749906599E-8));
#2630=DIRECTION('',(-5.52610734949609E-12,-1.,4.08395604615809E-13));
#2640=VECTOR('',#2630,1.);
#2650=LINE('',#2620,#2640);
#2660=CARTESIAN_POINT('',(-6.74999999998997,27.8000000001316,
1.06408988287399E-8));
#2670=VERTEX_POINT('',#2660);
#2680=EDGE_CURVE('',#2590,#2670,#2650,.T.);
#2690=ORIENTED_EDGE('',*,*,#2680,.F.);
#2700=CARTESIAN_POINT('',(2.39999999987203,27.8000000001316,
1.06408979405614E-8));
#2710=DIRECTION('',(-1.,1.0900289045847E-24,-6.27443588585479E-27));
#2720=VECTOR('',#2710,1.);
#2730=LINE('',#2700,#2720);
#2740=CARTESIAN_POINT('',(-7.6595836942894,27.8000000001316,
1.06408992521943E-8));
#2750=VERTEX_POINT('',#2740);
#2760=EDGE_CURVE('',#2670,#2750,#2730,.T.);
#2770=ORIENTED_EDGE('',*,*,#2760,.F.);
#2780=CARTESIAN_POINT('',(-7.9595836942894,27.8000000002176,0.));
#2790=DIRECTION('',(-3.19771212653255E-14,-4.08396006638903E-13,-1.));
#2800=DIRECTION('',(0.,-1.,4.08396006638903E-13));
#2810=AXIS2_PLACEMENT_3D('',#2780,#2790,#2800);
#2820=CIRCLE('',#2810,0.3);
#2830=CARTESIAN_POINT('',(-8.17171572864535,28.0121320345736,
1.22431212490301E-27));
#2840=VERTEX_POINT('',#2830);
#2850=EDGE_CURVE('',#2840,#2750,#2820,.T.);
#2860=ORIENTED_EDGE('',*,*,#2850,.T.);
#2870=CARTESIAN_POINT('',(0.,36.183847763218,0.));
#2880=DIRECTION('',(-0.707106781186589,-0.707106781186506,0.));
#2890=VECTOR('',#2880,1.);
#2900=LINE('',#2870,#2890);
#2910=CARTESIAN_POINT('',(-9.08384776307759,27.1000000001415,0.));
#2920=VERTEX_POINT('',#2910);
#2930=EDGE_CURVE('',#2840,#2920,#2900,.T.);
#2940=ORIENTED_EDGE('',*,*,#2930,.F.);
#2950=CARTESIAN_POINT('',(2.39999999987203,27.1000000001415,
1.06411839340126E-8));
#2960=DIRECTION('',(-1.,-5.55111512443154E-17,-6.25176581470727E-27));
#2970=VECTOR('',#2960,1.);
#2980=LINE('',#2950,#2970);
#2990=CARTESIAN_POINT('',(-8.47499999998611,27.1000000001415,0.));
#3000=VERTEX_POINT('',#2990);
#3010=EDGE_CURVE('',#3000,#2920,#2980,.T.);
#3020=ORIENTED_EDGE('',*,*,#3010,.T.);
#3030=CARTESIAN_POINT('',(-8.47499999998611,9.25000000017709,
1.06484749906599E-8));
#3040=DIRECTION('',(-5.5511151244334E-17,1.,-4.08395604615809E-13));
#3050=VECTOR('',#3040,1.);
#3060=LINE('',#3030,#3050);
#3070=CARTESIAN_POINT('',(-8.47499999998611,26.0500000001417,0.));
#3080=VERTEX_POINT('',#3070);
#3090=EDGE_CURVE('',#3080,#3000,#3060,.T.);
#3100=ORIENTED_EDGE('',*,*,#3090,.T.);
#3110=CARTESIAN_POINT('',(2.39999999987203,26.0500000001392,
1.06416129241893E-8));
#3120=DIRECTION('',(1.,5.55111512443154E-17,6.25176581470727E-27));
#3130=VECTOR('',#3120,1.);
#3140=LINE('',#3110,#3130);
#3150=CARTESIAN_POINT('',(-14.8249999999861,26.0500000001421,0.));
#3160=VERTEX_POINT('',#3150);
#3170=EDGE_CURVE('',#3160,#3080,#3140,.T.);
#3180=ORIENTED_EDGE('',*,*,#3170,.T.);
#3190=CARTESIAN_POINT('',(-14.8249999999861,9.25000000017709,
1.06484749906599E-8));
#3200=DIRECTION('',(5.5511151244334E-17,-1.,4.08395604615809E-13));
#3210=VECTOR('',#3200,1.);
#3220=LINE('',#3190,#3210);
#3230=CARTESIAN_POINT('',(-14.8249999999861,27.1000000001415,0.));
#3240=VERTEX_POINT('',#3230);
#3250=EDGE_CURVE('',#3240,#3160,#3220,.T.);
#3260=ORIENTED_EDGE('',*,*,#3250,.T.);
#3270=CARTESIAN_POINT('',(-14.2161522368633,27.1000000001415,0.));
#3280=VERTEX_POINT('',#3270);
#3290=EDGE_CURVE('',#3280,#3240,#2980,.T.);
#3300=ORIENTED_EDGE('',*,*,#3290,.T.);
#3310=CARTESIAN_POINT('',(0.,12.8838477632782,0.));
#3320=DIRECTION('',(-0.707106781186549,0.707106781186546,0.));
#3330=VECTOR('',#3320,1.);
#3340=LINE('',#3310,#3330);
#3350=CARTESIAN_POINT('',(-15.1282842712963,28.0121320345744,
-9.34172474980232E-14));
#3360=VERTEX_POINT('',#3350);
#3370=EDGE_CURVE('',#3280,#3360,#3340,.T.);
#3380=ORIENTED_EDGE('',*,*,#3370,.F.);
#3390=CARTESIAN_POINT('',(-15.3404163056523,27.8000000002185,0.));
#3400=DIRECTION('',(3.19771212653255E-14,4.08396006638903E-13,1.));
#3410=DIRECTION('',(0.,1.,-4.08396006638903E-13));
#3420=AXIS2_PLACEMENT_3D('',#3390,#3400,#3410);
#3430=CIRCLE('',#3420,0.3);
#3440=CARTESIAN_POINT('',(-15.6404163056523,27.8000000001316,
9.59313641507541E-15));
#3450=VERTEX_POINT('',#3440);
#3460=EDGE_CURVE('',#3360,#3450,#3430,.T.);
#3470=ORIENTED_EDGE('',*,*,#3460,.F.);
#3480=CARTESIAN_POINT('',(2.39999999987203,27.8000000001316,
1.06408979405614E-8));
#3490=DIRECTION('',(-1.,1.0900289045847E-24,-6.27443588585479E-27));
#3500=VECTOR('',#3490,1.);
#3510=LINE('',#3480,#3500);
#3520=CARTESIAN_POINT('',(-16.5500000001046,27.8000000001316,
1.06408979405614E-8));
#3530=VERTEX_POINT('',#3520);
#3540=EDGE_CURVE('',#3450,#3530,#3510,.T.);
#3550=ORIENTED_EDGE('',*,*,#3540,.F.);
#3560=CARTESIAN_POINT('',(-16.5500000001046,9.25000000017709,
1.06484749906599E-8));
#3570=DIRECTION('',(-1.30761583649435E-26,1.,-4.08395604615809E-13));
#3580=VECTOR('',#3570,1.);
#3590=LINE('',#3560,#3580);
#3600=CARTESIAN_POINT('',(-16.5500000001046,28.6000000002181,
1.06405719790814E-8));
#3610=VERTEX_POINT('',#3600);
#3620=EDGE_CURVE('',#3530,#3610,#3590,.T.);
#3630=ORIENTED_EDGE('',*,*,#3620,.F.);
#3640=CARTESIAN_POINT('',(2.39999999987203,28.6000000002181,
1.06405719790814E-8));
#3650=DIRECTION('',(1.,-1.0900289045847E-24,6.27443588585479E-27));
#3660=VECTOR('',#3650,1.);
#3670=LINE('',#3640,#3660);
#3680=CARTESIAN_POINT('',(-15.9934333693426,28.6000000002181,
1.06405719790814E-8));
#3690=VERTEX_POINT('',#3680);
#3700=EDGE_CURVE('',#3610,#3690,#3670,.T.);
#3710=ORIENTED_EDGE('',*,*,#3700,.F.);
#3720=CARTESIAN_POINT('',(-2.44441750495614,9.25000000017709,
1.06484749906599E-8));
#3730=DIRECTION('',(-0.573576436351043,0.819152044288994,
-3.34593464046407E-13));
#3740=VECTOR('',#3730,1.);
#3750=LINE('',#3720,#3740);
#3760=CARTESIAN_POINT('',(-16.4485682691263,29.2500000001429,
1.06403064137339E-8));
#3770=VERTEX_POINT('',#3760);
#3780=EDGE_CURVE('',#3690,#3770,#3750,.T.);
#3790=ORIENTED_EDGE('',*,*,#3780,.F.);
#3800=CARTESIAN_POINT('',(2.39999999987203,29.2500000001429,
1.06403064137339E-8));
#3810=DIRECTION('',(-1.,-2.15839213365962E-30,-6.27443588540957E-27));
#3820=VECTOR('',#3810,1.);
#3830=LINE('',#3800,#3820);
#3840=CARTESIAN_POINT('',(-16.8815002808616,29.2500000001429,
1.06403064137339E-8));
#3850=VERTEX_POINT('',#3840);
#3860=EDGE_CURVE('',#3770,#3850,#3830,.T.);
#3870=ORIENTED_EDGE('',*,*,#3860,.F.);
#3880=CARTESIAN_POINT('',(-25.3344381550313,9.25000000017709,
1.06484749906599E-8));
#3890=DIRECTION('',(-0.38930399709805,-0.92110933001652,
3.76199071894234E-13));
#3900=VECTOR('',#3890,1.);
#3910=LINE('',#3880,#3900);
#3920=CARTESIAN_POINT('',(-17.6000000001051,27.5500000002901,
1.06410009692581E-8));
#3930=VERTEX_POINT('',#3920);
#3940=EDGE_CURVE('',#3850,#3930,#3910,.T.);
#3950=ORIENTED_EDGE('',*,*,#3940,.F.);
#3960=CARTESIAN_POINT('',(-17.600000000105,9.25000000017709,
1.06484749906599E-8));
#3970=DIRECTION('',(5.53723733533102E-15,-1.,4.08395604615809E-13));
#3980=VECTOR('',#3970,1.);
#3990=LINE('',#3960,#3980);
#4000=CARTESIAN_POINT('',(-17.6000000001051,23.2500000002907,
1.06427577861723E-8));
#4010=VERTEX_POINT('',#4000);
#4020=EDGE_CURVE('',#3930,#4010,#3990,.T.);
#4030=ORIENTED_EDGE('',*,*,#4020,.F.);
#4040=CARTESIAN_POINT('',(2.39999999987203,23.2500000002909,
1.06427568979939E-8));
#4050=DIRECTION('',(-1.,-5.53723733531797E-15,-4.0133298553119E-27));
#4060=VECTOR('',#4050,1.);
#4070=LINE('',#4040,#4060);
#4080=CARTESIAN_POINT('',(-25.6000000001049,23.2500000002907,
1.06427568979939E-8));
#4090=VERTEX_POINT('',#4080);
#4100=EDGE_CURVE('',#4010,#4090,#4070,.T.);
#4110=ORIENTED_EDGE('',*,*,#4100,.F.);
#4120=CARTESIAN_POINT('',(-25.6000000001048,9.25000000017709,
1.06484749906599E-8));
#4130=DIRECTION('',(-2.76167977376813E-15,1.,-4.08395604615809E-13));
#4140=VECTOR('',#4130,1.);
#4150=LINE('',#4120,#4140);
#4160=CARTESIAN_POINT('',(-25.6000000001049,27.5499999995082,
1.06410009692581E-8));
#4170=VERTEX_POINT('',#4160);
#4180=EDGE_CURVE('',#4090,#4170,#4150,.T.);
#4190=ORIENTED_EDGE('',*,*,#4180,.F.);
#4200=CARTESIAN_POINT('',(-17.8655618455091,9.25000000017709,
1.06484749906599E-8));
#4210=DIRECTION('',(-0.38930399709805,0.92110933001652,
-3.76199071894234E-13));
#4220=VECTOR('',#4210,1.);
#4230=LINE('',#4200,#4220);
#4240=CARTESIAN_POINT('',(-26.3184997194957,29.2499999997098,
1.06403064137339E-8));
#4250=VERTEX_POINT('',#4240);
#4260=EDGE_CURVE('',#4170,#4250,#4230,.T.);
#4270=ORIENTED_EDGE('',*,*,#4260,.F.);
#4280=CARTESIAN_POINT('',(2.39999999987203,29.2499999997133,
1.06403064137339E-8));
#4290=DIRECTION('',(-1.,-1.23069611928547E-13,4.39742623006401E-26));
#4300=VECTOR('',#4290,1.);
#4310=LINE('',#4280,#4300);
#4320=CARTESIAN_POINT('',(-43.5193563628896,29.2499999997077,
1.06403064137339E-8));
#4330=VERTEX_POINT('',#4320);
#4340=EDGE_CURVE('',#4250,#4330,#4310,.T.);
#4350=ORIENTED_EDGE('',*,*,#4340,.F.);
#4360=CARTESIAN_POINT('',(-47.0458959769847,9.25000000017709,
1.06484749906599E-8));
#4370=DIRECTION('',(-0.173648177667343,-0.984807753012135,
4.02192168458271E-13));
#4380=VECTOR('',#4370,1.);
#4390=LINE('',#4360,#4380);
#4400=CARTESIAN_POINT('',(-43.6872848053149,28.2976304771881,
1.06406945477033E-8));
#4410=VERTEX_POINT('',#4400);
#4420=EDGE_CURVE('',#4330,#4410,#4390,.T.);
#4430=ORIENTED_EDGE('',*,*,#4420,.F.);
#4440=CARTESIAN_POINT('',(2.39999999987203,-10.3741932047004,
1.06564899127193E-8));
#4450=DIRECTION('',(0.766044443119846,-0.642787609685505,
2.62539989748234E-13));
#4460=VECTOR('',#4450,1.);
#4470=LINE('',#4440,#4460);
#4480=CARTESIAN_POINT('',(-43.2189337886948,27.9046373118817,
1.06408553079973E-8));
#4490=VERTEX_POINT('',#4480);
#4500=EDGE_CURVE('',#4410,#4490,#4470,.T.);
#4510=ORIENTED_EDGE('',*,*,#4500,.F.);
#4520=CARTESIAN_POINT('',(-46.5082496620765,9.25000000017709,
1.06484758788383E-8));
#4530=DIRECTION('',(0.173648177666801,0.984807753012231,
-4.02192168458271E-13));
#4540=VECTOR('',#4530,1.);
#4550=LINE('',#4520,#4540);
#4560=CARTESIAN_POINT('',(-43.1717003740642,28.1725113175544,
1.06407478384085E-8));
#4570=VERTEX_POINT('',#4560);
#4580=EDGE_CURVE('',#4490,#4570,#4550,.T.);
#4590=ORIENTED_EDGE('',*,*,#4580,.F.);
#4600=CARTESIAN_POINT('',(2.39999999987203,20.1369909848735,
1.06440278813125E-8));
#4610=DIRECTION('',(-0.984807753012231,0.173648177666801,
-7.09293734857397E-14));
#4620=VECTOR('',#4610,1.);
#4630=LINE('',#4600,#4620);
#4640=CARTESIAN_POINT('',(-42.1174422640432,27.9866171681271,
1.06408233335742E-8));
#4650=VERTEX_POINT('',#4640);
#4660=EDGE_CURVE('',#4650,#4570,#4630,.T.);
#4670=ORIENTED_EDGE('',*,*,#4660,.T.);
#4680=CARTESIAN_POINT('',(-45.4212133979619,9.25000000017709,
1.06484749906599E-8));
#4690=DIRECTION('',(-0.173648177667118,-0.984807753012175,
4.02192168458271E-13));
#4700=VECTOR('',#4690,1.);
#4710=LINE('',#4680,#4700);
#4720=CARTESIAN_POINT('',(-43.2157669877876,21.7577081303253,
1.06433670765682E-8));
#4730=VERTEX_POINT('',#4720);
#4740=EDGE_CURVE('',#4650,#4730,#4710,.T.);
#4750=ORIENTED_EDGE('',*,*,#4740,.F.);
#4760=CARTESIAN_POINT('',(2.39999999987203,13.7144176647094,
1.06466515603643E-8));
#4770=DIRECTION('',(0.984807753012278,-0.173648177666532,
7.09154956979319E-14));
#4780=VECTOR('',#4770,1.);
#4790=LINE('',#4760,#4780);
#4800=CARTESIAN_POINT('',(-44.2700250978084,21.9436022797522,
1.06432906932241E-8));
#4810=VERTEX_POINT('',#4800);
#4820=EDGE_CURVE('',#4810,#4730,#4790,.T.);
#4830=ORIENTED_EDGE('',*,*,#4820,.T.);
#4840=CARTESIAN_POINT('',(-46.5082496620742,9.25000000017709,
1.06484749906599E-8));
#4850=DIRECTION('',(-0.173648177666532,-0.984807753012278,
4.02178290670463E-13));
#4860=VECTOR('',#4850,1.);
#4870=LINE('',#4840,#4860);
#4880=CARTESIAN_POINT('',(-44.222791683177,22.2114762854275,
1.06431814472785E-8));
#4890=VERTEX_POINT('',#4880);
#4900=EDGE_CURVE('',#4890,#4810,#4870,.T.);
#4910=ORIENTED_EDGE('',*,*,#4900,.T.);
#4920=CARTESIAN_POINT('',(2.39999999987203,39.1807846960696,
1.06362509910696E-8));
#4930=DIRECTION('',(-0.93969262078838,-0.342020143318877,
1.39721567649076E-13));
#4940=VECTOR('',#4930,1.);
#4950=LINE('',#4920,#4940);
#4960=CARTESIAN_POINT('',(-44.8000000001051,22.0013896390995,
1.06432676005852E-8));
#4970=VERTEX_POINT('',#4960);
#4980=EDGE_CURVE('',#4890,#4970,#4950,.T.);
#4990=ORIENTED_EDGE('',*,*,#4980,.F.);
#5000=CARTESIAN_POINT('',(-44.8000000001051,9.25000000017709,
1.06484749906599E-8));
#5010=DIRECTION('',(1.30761583649435E-26,-1.,4.08395604615809E-13));
#5020=VECTOR('',#5010,1.);
#5030=LINE('',#5000,#5020);
#5040=CARTESIAN_POINT('',(-44.8000000001051,17.2000000001437,
1.06447703984713E-8));
#5050=VERTEX_POINT('',#5040);
#5060=EDGE_CURVE('',#4970,#5050,#5030,.T.);
#5070=ORIENTED_EDGE('',*,*,#5060,.F.);
#5080=CARTESIAN_POINT('',(-59.1090880213593,12.7000000001437,
1.06470654515078E-8));
#5090=DIRECTION('',(3.19771212653255E-14,4.08396006638903E-13,1.));
#5100=DIRECTION('',(1.,-1.30593272779735E-26,-3.19771212653255E-14));
#5110=AXIS2_PLACEMENT_3D('',#5080,#5090,#5100);
#5120=CIRCLE('',#5110,15.);
#5130=CARTESIAN_POINT('',(-44.8000000001051,8.20000000014376,
1.06484456807721E-8));
#5140=VERTEX_POINT('',#5130);
#5150=EDGE_CURVE('',#5140,#5050,#5120,.T.);
#5160=ORIENTED_EDGE('',*,*,#5150,.T.);
#5170=CARTESIAN_POINT('',(-44.8000000001051,9.25000000017709,
1.06484749906599E-8));
#5180=DIRECTION('',(1.30761583649435E-26,-1.,4.08395604615809E-13));
#5190=VECTOR('',#5180,1.);
#5200=LINE('',#5170,#5190);
#5210=CARTESIAN_POINT('',(-44.8000000001051,6.60000000014586,
1.06495576801535E-8));
#5220=VERTEX_POINT('',#5210);
#5230=EDGE_CURVE('',#5140,#5220,#5200,.T.);
#5240=ORIENTED_EDGE('',*,*,#5230,.F.);
#5250=CARTESIAN_POINT('',(2.39999999987203,6.60000000014586,
1.06495567919751E-8));
#5260=DIRECTION('',(1.,1.35059594591415E-33,6.27443588540957E-27));
#5270=VECTOR('',#5260,1.);
#5280=LINE('',#5250,#5270);
#5290=CARTESIAN_POINT('',(-41.8000000000004,6.60000000014586,
1.06495576801535E-8));
#5300=VERTEX_POINT('',#5290);
#5310=EDGE_CURVE('',#5220,#5300,#5280,.T.);
#5320=ORIENTED_EDGE('',*,*,#5310,.F.);
#5330=CARTESIAN_POINT('',(-41.8000000000004,9.25000000017709,
1.06484749906599E-8));
#5340=DIRECTION('',(-1.30761583649435E-26,1.,-4.08395604615809E-13));
#5350=VECTOR('',#5340,1.);
#5360=LINE('',#5330,#5350);
#5370=CARTESIAN_POINT('',(-41.8000000000004,-1.99999999995113,
1.0653069537625E-8));
#5380=VERTEX_POINT('',#5370);
#5390=EDGE_CURVE('',#5380,#5300,#5360,.T.);
#5400=ORIENTED_EDGE('',*,*,#5390,.T.);
#5410=CARTESIAN_POINT('',(2.39999999987203,-1.99999999995113,
1.06530686494466E-8));
#5420=DIRECTION('',(-1.,-1.35059594591415E-33,-6.27443588540957E-27));
#5430=VECTOR('',#5420,1.);
#5440=LINE('',#5410,#5430);
#5450=CARTESIAN_POINT('',(-44.2999999999991,-1.99999999995113,
1.06530686494466E-8));
#5460=VERTEX_POINT('',#5450);
#5470=EDGE_CURVE('',#5380,#5460,#5440,.T.);
#5480=ORIENTED_EDGE('',*,*,#5470,.F.);
#5490=CARTESIAN_POINT('',(-44.2999999999991,-2.49999999995113,0.));
#5500=DIRECTION('',(-3.19771212653255E-14,-4.08396006638903E-13,-1.));
#5510=DIRECTION('',(0.,-1.,4.08396006638903E-13));
#5520=AXIS2_PLACEMENT_3D('',#5490,#5500,#5510);
#5530=CIRCLE('',#5520,0.5);
#5540=CARTESIAN_POINT('',(-44.7999999999991,-2.49999999995094,
1.59885606325841E-14));
#5550=VERTEX_POINT('',#5540);
#5560=EDGE_CURVE('',#5550,#5460,#5530,.T.);
#5570=ORIENTED_EDGE('',*,*,#5560,.T.);
#5580=CARTESIAN_POINT('',(-44.7999999999946,9.25000000017709,
1.06484749906599E-8));
#5590=DIRECTION('',(-3.85691478754766E-13,-1.,4.08395604615809E-13));
#5600=VECTOR('',#5590,1.);
#5610=LINE('',#5580,#5600);
#5620=EDGE_CURVE('',#5550,#110,#5610,.T.);
#5630=ORIENTED_EDGE('',*,*,#5620,.F.);
#5640=EDGE_LOOP('',(#5630,#5570,#5480,#5400,#5320,#5240,#5160,#5070,
#4990,#4910,#4830,#4750,#4670,#4590,#4510,#4430,#4350,#4270,#4190,#4110,
#4030,#3950,#3870,#3790,#3710,#3630,#3550,#3470,#3380,#3300,#3260,#3180,
#3100,#3020,#2940,#2860,#2770,#2690,#2610,#2530,#2450,#2370,#2290,#2210,
#2130,#2050,#1970,#1890,#1810,#1730,#1650,#1560,#1480,#1400,#1320,#1230,
#1150,#1070,#990,#910,#830,#750,#660,#570,#480,#400,#320,#240,#150));
#5650=FACE_OUTER_BOUND('',#5640,.T.);
#5660=ADVANCED_FACE('',(#5650),#50,.T.);
#5670=COLOUR_RGB('',0.560784339904785,0.588235318660736,
0.600000023841858);
#5680=FILL_AREA_STYLE_COLOUR('',#5670);
#5690=FILL_AREA_STYLE('',(#5680));
#5700=SURFACE_STYLE_FILL_AREA(#5690);
#5710=SURFACE_SIDE_STYLE('',(#5700));
#5720=SURFACE_STYLE_USAGE(.BOTH.,#5710);
#5730=PRESENTATION_STYLE_ASSIGNMENT((#5720));
#5740=CARTESIAN_POINT('',(21.6640000035161,-6.35250000000067,
6.15000000010249));
#5750=DIRECTION('',(0.,0.,-1.));
#5760=DIRECTION('',(-1.,0.,0.));
#5770=AXIS2_PLACEMENT_3D('',#5740,#5750,#5760);
#5780=PLANE('',#5770);
#5790=CARTESIAN_POINT('',(-43.6000000000098,0.,6.15000000010249));
#5800=DIRECTION('',(-2.11913819825434E-12,1.,0.));
#5810=VECTOR('',#5800,1.);
#5820=LINE('',#5790,#5810);
#5830=CARTESIAN_POINT('',(-43.6000000000003,-4.49999999980515,
6.15000000010249));
#5840=VERTEX_POINT('',#5830);
#5850=CARTESIAN_POINT('',(-43.6000000000022,-3.57082039320288,
6.15000000010249));
#5860=VERTEX_POINT('',#5850);
#5870=EDGE_CURVE('',#5840,#5860,#5820,.T.);
#5880=ORIENTED_EDGE('',*,*,#5870,.T.);
#5890=CARTESIAN_POINT('',(0.,-4.49999999979438,6.15000000010249));
#5900=DIRECTION('',(-1.,-2.47010745191141E-13,0.));
#5910=VECTOR('',#5900,1.);
#5920=LINE('',#5890,#5910);
#5930=CARTESIAN_POINT('',(-41.8000000000002,-4.49999999980471,
6.15000000010249));
#5940=VERTEX_POINT('',#5930);
#5950=EDGE_CURVE('',#5940,#5840,#5920,.T.);
#5960=ORIENTED_EDGE('',*,*,#5950,.T.);
#5970=CARTESIAN_POINT('',(-41.8000000000002,0.,6.15000000010249));
#5980=DIRECTION('',(-4.81238243855058E-33,1.,0.));
#5990=VECTOR('',#5980,1.);
#6000=LINE('',#5970,#5990);
#6010=CARTESIAN_POINT('',(-41.8000000000002,6.60000000014838,
6.15000000010249));
#6020=VERTEX_POINT('',#6010);
#6030=EDGE_CURVE('',#5940,#6020,#6000,.T.);
#6040=ORIENTED_EDGE('',*,*,#6030,.F.);
#6050=CARTESIAN_POINT('',(2.39999999987203,6.60000000014838,
6.15000001165812));
#6060=DIRECTION('',(-1.,1.30603811468391E-26,3.19771212653255E-14));
#6070=VECTOR('',#6060,1.);
#6080=LINE('',#6050,#6070);
#6090=CARTESIAN_POINT('',(-44.8000000001049,6.60000000014838,
6.15000000010249));
#6100=VERTEX_POINT('',#6090);
#6110=EDGE_CURVE('',#6020,#6100,#6080,.T.);
#6120=ORIENTED_EDGE('',*,*,#6110,.F.);
#6130=CARTESIAN_POINT('',(-44.8000000001049,9.2500000001796,
6.15000001165854));
#6140=DIRECTION('',(-1.30593334409493E-26,1.,-4.08396006638903E-13));
#6150=VECTOR('',#6140,1.);
#6160=LINE('',#6130,#6150);
#6170=CARTESIAN_POINT('',(-44.8000000001049,8.20000000014625,
6.15000000010387));
#6180=VERTEX_POINT('',#6170);
#6190=EDGE_CURVE('',#6100,#6180,#6160,.T.);
#6200=ORIENTED_EDGE('',*,*,#6190,.F.);
#6210=CARTESIAN_POINT('',(-59.1090880213591,12.7000000001462,
6.15000001165759));
#6220=DIRECTION('',(3.19771212653255E-14,4.08396006638903E-13,1.));
#6230=DIRECTION('',(1.,-1.30593272779735E-26,-3.19771212653255E-14));
#6240=AXIS2_PLACEMENT_3D('',#6210,#6220,#6230);
#6250=CIRCLE('',#6240,15.);
#6260=CARTESIAN_POINT('',(-44.8000000001049,17.2000000001463,
6.15000000010019));
#6270=VERTEX_POINT('',#6260);
#6280=EDGE_CURVE('',#6180,#6270,#6250,.T.);
#6290=ORIENTED_EDGE('',*,*,#6280,.F.);
#6300=CARTESIAN_POINT('',(-44.8000000001049,9.2500000001796,
6.15000001165854));
#6310=DIRECTION('',(-1.30593334409493E-26,1.,-4.08396006638903E-13));
#6320=VECTOR('',#6310,1.);
#6330=LINE('',#6300,#6320);
#6340=CARTESIAN_POINT('',(-44.8000000001049,22.001389639102,
6.15000000010249));
#6350=VERTEX_POINT('',#6340);
#6360=EDGE_CURVE('',#6270,#6350,#6330,.T.);
#6370=ORIENTED_EDGE('',*,*,#6360,.F.);
#6380=CARTESIAN_POINT('',(2.39999999987203,39.1807846960721,
6.15000001164481));
#6390=DIRECTION('',(0.93969262078838,0.342020143318877,
-1.69753100465186E-13));
#6400=VECTOR('',#6390,1.);
#6410=LINE('',#6380,#6400);
#6420=CARTESIAN_POINT('',(-44.2227916831768,22.21147628543,
6.15000000010249));
#6430=VERTEX_POINT('',#6420);
#6440=EDGE_CURVE('',#6350,#6430,#6410,.T.);
#6450=ORIENTED_EDGE('',*,*,#6440,.F.);
#6460=CARTESIAN_POINT('',(-46.5082496620744,9.25000000017709,
6.1500000116586));
#6470=DIRECTION('',(-0.173648177666532,-0.984807753012278,
4.07743283581397E-13));
#6480=VECTOR('',#6470,1.);
#6490=LINE('',#6460,#6480);
#6500=CARTESIAN_POINT('',(-44.2700250978077,21.9436022797547,
6.15000000010249));
#6510=VERTEX_POINT('',#6500);
#6520=EDGE_CURVE('',#6430,#6510,#6490,.T.);
#6530=ORIENTED_EDGE('',*,*,#6520,.F.);
#6540=CARTESIAN_POINT('',(2.39999999987203,13.714417664712,
6.15000001165521));
#6550=DIRECTION('',(0.984807753012278,-0.173648177666532,
3.94406729498087E-14));
#6560=VECTOR('',#6550,1.);
#6570=LINE('',#6540,#6560);
#6580=CARTESIAN_POINT('',(-43.2157669877874,21.7577081303279,
6.15000000010249));
#6590=VERTEX_POINT('',#6580);
#6600=EDGE_CURVE('',#6510,#6590,#6570,.T.);
#6610=ORIENTED_EDGE('',*,*,#6600,.F.);
#6620=CARTESIAN_POINT('',(-45.4212133979621,9.25000000017709,
6.15000001165856));
#6630=DIRECTION('',(0.173648177667118,0.984807753012175,
-4.07743283581397E-13));
#6640=VECTOR('',#6630,1.);
#6650=LINE('',#6620,#6640);
#6660=CARTESIAN_POINT('',(-42.117442264043,27.9866171681297,
6.15000000010249));
#6670=VERTEX_POINT('',#6660);
#6680=EDGE_CURVE('',#6590,#6670,#6650,.T.);
#6690=ORIENTED_EDGE('',*,*,#6680,.F.);
#6700=CARTESIAN_POINT('',(2.39999999987203,20.1369909848761,
6.15000001165259));
#6710=DIRECTION('',(-0.984807753012231,0.173648177666801,
-3.94406729498087E-14));
#6720=VECTOR('',#6710,1.);
#6730=LINE('',#6700,#6720);
#6740=CARTESIAN_POINT('',(-43.171700374064,28.1725113175569,
6.15000000010249));
#6750=VERTEX_POINT('',#6740);
#6760=EDGE_CURVE('',#6670,#6750,#6730,.T.);
#6770=ORIENTED_EDGE('',*,*,#6760,.F.);
#6780=CARTESIAN_POINT('',(-46.5082496620768,9.25000000017709,
6.1500000116586));
#6790=DIRECTION('',(0.173648177666801,0.984807753012231,
-4.07743283581397E-13));
#6800=VECTOR('',#6790,1.);
#6810=LINE('',#6780,#6800);
#6820=CARTESIAN_POINT('',(-43.2189337886946,27.9046373118843,
6.15000000010249));
#6830=VERTEX_POINT('',#6820);
#6840=EDGE_CURVE('',#6830,#6750,#6810,.T.);
#6850=ORIENTED_EDGE('',*,*,#6840,.T.);
#6860=CARTESIAN_POINT('',(2.39999999987203,-10.3741932046978,
6.15000001166505));
#6870=DIRECTION('',(-0.766044443119846,0.642787609685505,
-2.38059572055249E-13));
#6880=VECTOR('',#6870,1.);
#6890=LINE('',#6860,#6880);
#6900=CARTESIAN_POINT('',(-43.6872848053146,28.2976304771905,
6.15000000010249));
#6910=VERTEX_POINT('',#6900);
#6920=EDGE_CURVE('',#6830,#6910,#6890,.T.);
#6930=ORIENTED_EDGE('',*,*,#6920,.F.);
#6940=CARTESIAN_POINT('',(-47.0458959769846,9.2500000001796,
6.15000001165862));
#6950=DIRECTION('',(0.173648177667343,0.984807753012135,
-4.07744322471958E-13));
#6960=VECTOR('',#6950,1.);
#6970=LINE('',#6940,#6960);
#6980=CARTESIAN_POINT('',(-43.5193563628894,29.2499999997102,
6.15000000010249));
#6990=VERTEX_POINT('',#6980);
#7000=EDGE_CURVE('',#6910,#6990,#6970,.T.);
#7010=ORIENTED_EDGE('',*,*,#7000,.F.);
#7020=CARTESIAN_POINT('',(2.39999999987223,29.2499999997158,
6.15000001164887));
#7030=DIRECTION('',(-1.,-1.23069611928534E-13,3.19771212653758E-14));
#7040=VECTOR('',#7030,1.);
#7050=LINE('',#7020,#7040);
#7060=CARTESIAN_POINT('',(-37.7999999948448,29.2499999997109,
6.15000000010249));
#7070=VERTEX_POINT('',#7060);
#7080=EDGE_CURVE('',#7070,#6990,#7050,.T.);
#7090=ORIENTED_EDGE('',*,*,#7080,.T.);
#7100=CARTESIAN_POINT('',(-37.8000000067808,9.25000000017709,
6.15000001165832));
#7110=DIRECTION('',(5.96800665182761E-10,1.,-4.08396006657957E-13));
#7120=VECTOR('',#7110,1.);
#7130=LINE('',#7100,#7120);
#7140=CARTESIAN_POINT('',(-37.7999999976372,24.5709599950881,
6.15000000010249));
#7150=VERTEX_POINT('',#7140);
#7160=EDGE_CURVE('',#7150,#7070,#7130,.T.);
#7170=ORIENTED_EDGE('',*,*,#7160,.T.);
#7180=CARTESIAN_POINT('',(-36.8790399976372,24.5709599945384,
6.15000000010249));
#7190=DIRECTION('',(-3.19771212653255E-14,-4.08396006638903E-13,-1.));
#7200=DIRECTION('',(0.,-1.,4.08396006638903E-13));
#7210=AXIS2_PLACEMENT_3D('',#7180,#7190,#7200);
#7220=CIRCLE('',#7210,0.92096);
#7230=CARTESIAN_POINT('',(-36.8790399981866,23.6499999945384,
6.15000000010249));
#7240=VERTEX_POINT('',#7230);
#7250=EDGE_CURVE('',#7240,#7150,#7220,.T.);
#7260=ORIENTED_EDGE('',*,*,#7250,.T.);
#7270=CARTESIAN_POINT('',(2.39999999987203,23.649999971106,
6.15000001165115));
#7280=DIRECTION('',(-1.,5.965639656339E-10,3.19771210216898E-14));
#7290=VECTOR('',#7280,1.);
#7300=LINE('',#7270,#7290);
#7310=CARTESIAN_POINT('',(-35.7209600087826,23.6499999938476,
6.15000000010249));
#7320=VERTEX_POINT('',#7310);
#7330=EDGE_CURVE('',#7320,#7240,#7300,.T.);
#7340=ORIENTED_EDGE('',*,*,#7330,.T.);
#7350=CARTESIAN_POINT('',(-35.7209600082332,24.5709599938476,
6.15000000010249));
#7360=DIRECTION('',(-3.19771212653255E-14,-4.08396006638903E-13,-1.));
#7370=DIRECTION('',(0.,-1.,4.08396006638903E-13));
#7380=AXIS2_PLACEMENT_3D('',#7350,#7360,#7370);
#7390=CIRCLE('',#7380,0.92096);
#7400=CARTESIAN_POINT('',(-34.8000000082332,24.5709599932982,
6.15000000010246));
#7410=VERTEX_POINT('',#7400);
#7420=EDGE_CURVE('',#7410,#7320,#7390,.T.);
#7430=ORIENTED_EDGE('',*,*,#7420,.T.);
#7440=CARTESIAN_POINT('',(-34.8000000173731,9.25000000017709,
6.15000001165822));
#7450=DIRECTION('',(-5.96563965633901E-10,-1.,4.08396006657957E-13));
#7460=VECTOR('',#7450,1.);
#7470=LINE('',#7440,#7460);
#7480=CARTESIAN_POINT('',(-34.8000000054419,29.2499999997113,
6.15000000010249));
#7490=VERTEX_POINT('',#7480);
#7500=EDGE_CURVE('',#7490,#7410,#7470,.T.);
#7510=ORIENTED_EDGE('',*,*,#7500,.T.);
#7520=CARTESIAN_POINT('',(-26.3184997194956,29.2499999997123,
6.15000000010249));
#7530=VERTEX_POINT('',#7520);
#7540=EDGE_CURVE('',#7530,#7490,#7050,.T.);
#7550=ORIENTED_EDGE('',*,*,#7540,.T.);
#7560=CARTESIAN_POINT('',(-17.8655618455089,9.2500000001796,
6.15000001165768));
#7570=DIRECTION('',(0.38930399709805,-0.92110933001652,
3.63728550932302E-13));
#7580=VECTOR('',#7570,1.);
#7590=LINE('',#7560,#7580);
#7600=CARTESIAN_POINT('',(-25.6000000001047,27.5499999995107,
6.15000000010249));
#7610=VERTEX_POINT('',#7600);
#7620=EDGE_CURVE('',#7530,#7610,#7590,.T.);
#7630=ORIENTED_EDGE('',*,*,#7620,.F.);
#7640=CARTESIAN_POINT('',(-25.6000000001046,9.2500000001796,
6.15000001165793));
#7650=DIRECTION('',(2.76167977376815E-15,-1.,4.08396006638903E-13));
#7660=VECTOR('',#7650,1.);
#7670=LINE('',#7640,#7660);
#7680=CARTESIAN_POINT('',(-25.6000000001047,23.2500000002932,
6.15000000010249));
#7690=VERTEX_POINT('',#7680);
#7700=EDGE_CURVE('',#7610,#7690,#7670,.T.);
#7710=ORIENTED_EDGE('',*,*,#7700,.F.);
#7720=CARTESIAN_POINT('',(2.39999999987223,23.2500000002934,
6.15000001165132));
#7730=DIRECTION('',(-1.,-5.53723733530491E-15,3.19771212653278E-14));
#7740=VECTOR('',#7730,1.);
#7750=LINE('',#7720,#7740);
#7760=CARTESIAN_POINT('',(-17.6000000001049,23.2500000002933,
6.15000000010249));
#7770=VERTEX_POINT('',#7760);
#7780=EDGE_CURVE('',#7770,#7690,#7750,.T.);
#7790=ORIENTED_EDGE('',*,*,#7780,.T.);
#7800=CARTESIAN_POINT('',(-17.6000000001048,9.2500000001796,
6.15000001165767));
#7810=DIRECTION('',(-5.53723733533103E-15,1.,-4.08396006638903E-13));
#7820=VECTOR('',#7810,1.);
#7830=LINE('',#7800,#7820);
#7840=CARTESIAN_POINT('',(-17.6000000001049,27.5500000002926,
6.15000000010249));
#7850=VERTEX_POINT('',#7840);
#7860=EDGE_CURVE('',#7770,#7850,#7830,.T.);
#7870=ORIENTED_EDGE('',*,*,#7860,.F.);
#7880=CARTESIAN_POINT('',(-25.3344381550322,9.25000000017709,
6.15000001165792));
#7890=DIRECTION('',(0.38930399709805,0.92110933001652,
-3.88633569770036E-13));
#7900=VECTOR('',#7890,1.);
#7910=LINE('',#7880,#7900);
#7920=CARTESIAN_POINT('',(-16.8815002808614,29.2500000001454,
6.15000000010249));
#7930=VERTEX_POINT('',#7920);
#7940=EDGE_CURVE('',#7850,#7930,#7910,.T.);
#7950=ORIENTED_EDGE('',*,*,#7940,.F.);
#7960=CARTESIAN_POINT('',(2.39999999987203,29.2500000001454,
6.15000001164887));
#7970=DIRECTION('',(1.,-1.30603811468391E-26,-3.19771212653255E-14));
#7980=VECTOR('',#7970,1.);
#7990=LINE('',#7960,#7980);
#8000=CARTESIAN_POINT('',(-16.5500000001044,29.2500000001454,
6.15000000010249));
#8010=VERTEX_POINT('',#8000);
#8020=EDGE_CURVE('',#7930,#8010,#7990,.T.);
#8030=ORIENTED_EDGE('',*,*,#8020,.F.);
#8040=CARTESIAN_POINT('',(-16.5500000001044,9.25000000017709,
6.15000001165764));
#8050=DIRECTION('',(-1.30761583649435E-26,1.,-4.08396006638903E-13));
#8060=VECTOR('',#8050,1.);
#8070=LINE('',#8040,#8060);
#8080=CARTESIAN_POINT('',(-16.5500000001044,27.8000000001341,
6.15000000010249));
#8090=VERTEX_POINT('',#8080);
#8100=EDGE_CURVE('',#8090,#8010,#8070,.T.);
#8110=ORIENTED_EDGE('',*,*,#8100,.T.);
#8120=CARTESIAN_POINT('',(2.39999999987223,27.8000000001341,
6.15000001164946));
#8130=DIRECTION('',(-1.,1.10308823321327E-24,3.19771212653255E-14));
#8140=VECTOR('',#8130,1.);
#8150=LINE('',#8120,#8140);
#8160=CARTESIAN_POINT('',(-15.6404163056521,27.800000000221,
6.1500000001025));
#8170=VERTEX_POINT('',#8160);
#8180=EDGE_CURVE('',#8170,#8090,#8150,.T.);
#8190=ORIENTED_EDGE('',*,*,#8180,.T.);
#8200=CARTESIAN_POINT('',(-15.3404163056521,27.800000000221,
6.15000000010249));
#8210=DIRECTION('',(3.19771212653255E-14,4.08396006638903E-13,1.));
#8220=DIRECTION('',(0.,1.,-4.08396006638903E-13));
#8230=AXIS2_PLACEMENT_3D('',#8200,#8210,#8220);
#8240=CIRCLE('',#8230,0.3);
#8250=CARTESIAN_POINT('',(-15.1282842712961,28.012132034577,
6.15000000010239));
#8260=VERTEX_POINT('',#8250);
#8270=EDGE_CURVE('',#8260,#8170,#8240,.T.);
#8280=ORIENTED_EDGE('',*,*,#8270,.T.);
#8290=CARTESIAN_POINT('',(0.,12.8838477632809,6.15000000010249));
#8300=DIRECTION('',(-0.707106781186549,0.707106781186546,0.));
#8310=VECTOR('',#8300,1.);
#8320=LINE('',#8290,#8310);
#8330=CARTESIAN_POINT('',(-14.2161522368631,27.100000000144,
6.15000000010249));
#8340=VERTEX_POINT('',#8330);
#8350=EDGE_CURVE('',#8340,#8260,#8320,.T.);
#8360=ORIENTED_EDGE('',*,*,#8350,.T.);
#8370=CARTESIAN_POINT('',(2.39999999987203,27.100000000144,
6.15000001164974));
#8380=DIRECTION('',(-1.,-5.55111512312578E-17,3.19771212653256E-14));
#8390=VECTOR('',#8380,1.);
#8400=LINE('',#8370,#8390);
#8410=CARTESIAN_POINT('',(-14.8249999999859,27.100000000144,
6.15000000010249));
#8420=VERTEX_POINT('',#8410);
#8430=EDGE_CURVE('',#8340,#8420,#8400,.T.);
#8440=ORIENTED_EDGE('',*,*,#8430,.F.);
#8450=CARTESIAN_POINT('',(-14.8249999999859,9.25000000017709,
6.15000001165759));
#8460=DIRECTION('',(5.5511151244334E-17,-1.,4.08396006638903E-13));
#8470=VECTOR('',#8460,1.);
#8480=LINE('',#8450,#8470);
#8490=CARTESIAN_POINT('',(-14.8249999999859,26.0500000001446,
6.15000000010249));
#8500=VERTEX_POINT('',#8490);
#8510=EDGE_CURVE('',#8420,#8500,#8480,.T.);
#8520=ORIENTED_EDGE('',*,*,#8510,.F.);
#8530=CARTESIAN_POINT('',(2.39999999987203,26.0500000001417,
6.15000001165017));
#8540=DIRECTION('',(1.,5.55111512312578E-17,-3.19771212653256E-14));
#8550=VECTOR('',#8540,1.);
#8560=LINE('',#8530,#8550);
#8570=CARTESIAN_POINT('',(-8.47499999998591,26.0500000001442,
6.15000000010249));
#8580=VERTEX_POINT('',#8570);
#8590=EDGE_CURVE('',#8500,#8580,#8560,.T.);
#8600=ORIENTED_EDGE('',*,*,#8590,.F.);
#8610=CARTESIAN_POINT('',(-8.47499999998591,9.25000000017709,
6.15000001165738));
#8620=DIRECTION('',(-5.5511151244334E-17,1.,-4.08396006638903E-13));
#8630=VECTOR('',#8620,1.);
#8640=LINE('',#8610,#8630);
#8650=CARTESIAN_POINT('',(-8.47499999998591,27.100000000144,
6.15000000010249));
#8660=VERTEX_POINT('',#8650);
#8670=EDGE_CURVE('',#8580,#8660,#8640,.T.);
#8680=ORIENTED_EDGE('',*,*,#8670,.F.);
#8690=CARTESIAN_POINT('',(0.,27.100000000144,6.15000000010249));
#8700=DIRECTION('',(1.,5.55111512443153E-17,0.));
#8710=VECTOR('',#8700,1.);
#8720=LINE('',#8690,#8710);
#8730=CARTESIAN_POINT('',(-9.08384776307739,27.100000000144,
6.15000000010249));
#8740=VERTEX_POINT('',#8730);
#8750=EDGE_CURVE('',#8740,#8660,#8720,.T.);
#8760=ORIENTED_EDGE('',*,*,#8750,.T.);
#8770=CARTESIAN_POINT('',(0.,36.1838477632203,6.15000000010249));
#8780=DIRECTION('',(0.707106781186589,0.707106781186506,0.));
#8790=VECTOR('',#8780,1.);
#8800=LINE('',#8770,#8790);
#8810=CARTESIAN_POINT('',(-8.17171572864516,28.0121320345761,
6.15000000010241));
#8820=VERTEX_POINT('',#8810);
#8830=EDGE_CURVE('',#8740,#8820,#8800,.T.);
#8840=ORIENTED_EDGE('',*,*,#8830,.F.);
#8850=CARTESIAN_POINT('',(-7.95958369428921,27.8000000002201,
6.15000000010249));
#8860=DIRECTION('',(-3.19771212653255E-14,-4.08396006638903E-13,-1.));
#8870=DIRECTION('',(0.,-1.,4.08396006638903E-13));
#8880=AXIS2_PLACEMENT_3D('',#8850,#8860,#8870);
#8890=CIRCLE('',#8880,0.3);
#8900=CARTESIAN_POINT('',(-7.65958369428921,27.8000000001341,
6.15000000010248));
#8910=VERTEX_POINT('',#8900);
#8920=EDGE_CURVE('',#8820,#8910,#8890,.T.);
#8930=ORIENTED_EDGE('',*,*,#8920,.F.);
#8940=CARTESIAN_POINT('',(2.39999999987223,27.8000000001341,
6.15000001164946));
#8950=DIRECTION('',(-1.,1.10308823321327E-24,3.19771212653255E-14));
#8960=VECTOR('',#8950,1.);
#8970=LINE('',#8940,#8960);
#8980=CARTESIAN_POINT('',(-6.74999999998977,27.8000000001341,
6.15000000010249));
#8990=VERTEX_POINT('',#8980);
#9000=EDGE_CURVE('',#8990,#8910,#8970,.T.);
#9010=ORIENTED_EDGE('',*,*,#9000,.T.);
#9020=CARTESIAN_POINT('',(-6.75000000009228,9.2500000001796,
6.15000001165733));
#9030=DIRECTION('',(-5.52610734949609E-12,-1.,4.08396006639079E-13));
#9040=VECTOR('',#9030,1.);
#9050=LINE('',#9020,#9040);
#9060=CARTESIAN_POINT('',(-6.74999999998176,29.2500000002151,
6.15000000010249));
#9070=VERTEX_POINT('',#9060);
#9080=EDGE_CURVE('',#9070,#8990,#9050,.T.);
#9090=ORIENTED_EDGE('',*,*,#9080,.T.);
#9100=CARTESIAN_POINT('',(2.39999999987223,29.250000000214,
6.15000001164887));
#9110=DIRECTION('',(1.,-1.21042065259808E-13,-3.19771212652761E-14));
#9120=VECTOR('',#9110,1.);
#9130=LINE('',#9100,#9120);
#9140=CARTESIAN_POINT('',(1.10000000032935,29.2500000002142,
6.15000000010249));
#9150=VERTEX_POINT('',#9140);
#9160=EDGE_CURVE('',#9070,#9150,#9130,.T.);
#9170=ORIENTED_EDGE('',*,*,#9160,.F.);
#9180=CARTESIAN_POINT('',(1.10000002419448,9.25000000017709,
6.15000001165708));
#9190=DIRECTION('',(1.19325641018175E-9,-1.,4.08396006600727E-13));
#9200=VECTOR('',#9190,1.);
#9210=LINE('',#9180,#9200);
#9220=CARTESIAN_POINT('',(1.10000000591264,24.5709600143517,
6.15000000010249));
#9230=VERTEX_POINT('',#9220);
#9240=EDGE_CURVE('',#9150,#9230,#9210,.T.);
#9250=ORIENTED_EDGE('',*,*,#9240,.F.);
#9260=CARTESIAN_POINT('',(2.02096000591264,24.5709600154507,
6.15000000010249));
#9270=DIRECTION('',(3.1977121265209E-14,8.16792267525923E-13,1.));
#9280=DIRECTION('',(0.,1.,-8.16792267525923E-13));
#9290=AXIS2_PLACEMENT_3D('',#9260,#9270,#9280);
#9300=CIRCLE('',#9290,0.92096);
#9310=CARTESIAN_POINT('',(2.02096000701158,23.6500000154507,
6.15000000010324));
#9320=VERTEX_POINT('',#9310);
#9330=EDGE_CURVE('',#9230,#9320,#9300,.T.);
#9340=ORIENTED_EDGE('',*,*,#9330,.F.);
#9350=CARTESIAN_POINT('',(2.39999999987203,23.650000015903,
6.15000001165115));
#9360=DIRECTION('',(1.,1.19325641018175E-9,-3.19771217525555E-14));
#9370=VECTOR('',#9360,1.);
#9380=LINE('',#9350,#9370);
#9390=CARTESIAN_POINT('',(3.17903999641562,23.6500000168326,
6.15000000010249));
#9400=VERTEX_POINT('',#9390);
#9410=EDGE_CURVE('',#9320,#9400,#9380,.T.);
#9420=ORIENTED_EDGE('',*,*,#9410,.F.);
#9430=CARTESIAN_POINT('',(3.17903999531667,24.5709600168326,
6.15000000010249));
#9440=DIRECTION('',(3.19771212652089E-14,8.16792267525923E-13,1.));
#9450=DIRECTION('',(0.,1.,-8.16792267525923E-13));
#9460=AXIS2_PLACEMENT_3D('',#9430,#9440,#9450);
#9470=CIRCLE('',#9460,0.92096);
#9480=CARTESIAN_POINT('',(4.09999999531667,24.5709600179317,
6.15000000010249));
#9490=VERTEX_POINT('',#9480);
#9500=EDGE_CURVE('',#9400,#9490,#9470,.T.);
#9510=ORIENTED_EDGE('',*,*,#9500,.F.);
#9520=CARTESIAN_POINT('',(4.10000001360214,9.25000000017709,
6.15000001165698));
#9530=DIRECTION('',(-1.19349310973061E-9,1.,-4.08396006600727E-13));
#9540=VECTOR('',#9530,1.);
#9550=LINE('',#9520,#9540);
#9560=CARTESIAN_POINT('',(4.09999998973227,29.2500000002138,
6.15000000010249));
#9570=VERTEX_POINT('',#9560);
#9580=EDGE_CURVE('',#9490,#9570,#9550,.T.);
#9590=ORIENTED_EDGE('',*,*,#9580,.F.);
#9600=CARTESIAN_POINT('',(12.5000000033618,29.2500000002128,
6.15000000010249));
#9610=VERTEX_POINT('',#9600);
#9620=EDGE_CURVE('',#9570,#9610,#9130,.T.);
#9630=ORIENTED_EDGE('',*,*,#9620,.F.);
#9640=CARTESIAN_POINT('',(12.5000000272269,9.25000000017709,
6.15000001165671));
#9650=DIRECTION('',(1.19325641018175E-9,-1.,4.08396006600727E-13));
#9660=VECTOR('',#9650,1.);
#9670=LINE('',#9640,#9660);
#9680=CARTESIAN_POINT('',(12.5000000089451,24.5709600211526,
6.15000000010249));
#9690=VERTEX_POINT('',#9680);
#9700=EDGE_CURVE('',#9610,#9690,#9670,.T.);
#9710=ORIENTED_EDGE('',*,*,#9700,.F.);
#9720=CARTESIAN_POINT('',(13.4209600089451,24.5709600222516,
6.15000000010249));
#9730=DIRECTION('',(3.1977121265209E-14,8.16792267525923E-13,1.));
#9740=DIRECTION('',(0.,1.,-8.16792267525923E-13));
#9750=AXIS2_PLACEMENT_3D('',#9720,#9730,#9740);
#9760=CIRCLE('',#9750,0.92096);
#9770=CARTESIAN_POINT('',(13.420960010044,23.6500000222516,
6.15000000010249));
#9780=VERTEX_POINT('',#9770);
#9790=EDGE_CURVE('',#9690,#9780,#9760,.T.);
#9800=ORIENTED_EDGE('',*,*,#9790,.F.);
#9810=CARTESIAN_POINT('',(2.39999999987203,23.6500000091007,
6.15000001165115));
#9820=DIRECTION('',(1.,1.19325641018175E-9,-3.19771217525555E-14));
#9830=VECTOR('',#9820,1.);
#9840=LINE('',#9810,#9830);
#9850=CARTESIAN_POINT('',(14.579039999448,23.6500000236335,
6.15000000010249));
#9860=VERTEX_POINT('',#9850);
#9870=EDGE_CURVE('',#9780,#9860,#9840,.T.);
#9880=ORIENTED_EDGE('',*,*,#9870,.F.);
#9890=CARTESIAN_POINT('',(14.5790399983491,24.5709600236335,
6.15000000010249));
#9900=DIRECTION('',(3.19771212652089E-14,8.16792267525923E-13,1.));
#9910=DIRECTION('',(0.,1.,-8.16792267525923E-13));
#9920=AXIS2_PLACEMENT_3D('',#9890,#9900,#9910);
#9930=CIRCLE('',#9920,0.92096);
#9940=CARTESIAN_POINT('',(15.4999999983491,24.5709600247326,
6.15000000010246));
#9950=VERTEX_POINT('',#9940);
#9960=EDGE_CURVE('',#9860,#9950,#9930,.T.);
#9970=ORIENTED_EDGE('',*,*,#9960,.F.);
#9980=CARTESIAN_POINT('',(15.5000000166346,9.25000000017709,
6.15000001165662));
#9990=DIRECTION('',(-1.19349310973061E-9,1.,-4.08396006600727E-13));
#10000=VECTOR('',#9990,1.);
#10010=LINE('',#9980,#10000);
#10020=CARTESIAN_POINT('',(15.4999999927647,29.2500000002125,
6.15000000010249));
#10030=VERTEX_POINT('',#10020);
#10040=EDGE_CURVE('',#9950,#10030,#10010,.T.);
#10050=ORIENTED_EDGE('',*,*,#10040,.F.);
#10060=CARTESIAN_POINT('',(20.3193563660658,29.2500000002119,
6.15000000010249));
#10070=VERTEX_POINT('',#10060);
#10080=EDGE_CURVE('',#10030,#10070,#9130,.T.);
#10090=ORIENTED_EDGE('',*,*,#10080,.F.);
#10100=CARTESIAN_POINT('',(23.8458959802495,9.2500000001796,
6.15000001165635));
#10110=DIRECTION('',(0.173648177667343,-0.984807753012135,
3.96638784802416E-13));
#10120=VECTOR('',#10110,1.);
#10130=LINE('',#10100,#10120);
#10140=CARTESIAN_POINT('',(20.4872848085796,28.2976304771892,
6.15000000010249));
#10150=VERTEX_POINT('',#10140);
#10160=EDGE_CURVE('',#10070,#10150,#10130,.T.);
#10170=ORIENTED_EDGE('',*,*,#10160,.F.);
#10180=CARTESIAN_POINT('',(2.39999999987203,13.1205964652458,
6.15000001165545));
#10190=DIRECTION('',(0.766044443119846,0.642787609685505,
-2.87020407441219E-13));
#10200=VECTOR('',#10190,1.);
#10210=LINE('',#10180,#10200);
#10220=CARTESIAN_POINT('',(20.0189337919594,27.9046373118827,
6.15000000010249));
#10230=VERTEX_POINT('',#10220);
#10240=EDGE_CURVE('',#10230,#10150,#10210,.T.);
#10250=ORIENTED_EDGE('',*,*,#10240,.T.);
#10260=CARTESIAN_POINT('',(23.3082496653414,9.25000000017709,
6.15000001165637));
#10270=DIRECTION('',(-0.173648177666801,0.984807753012231,
-3.96641053335145E-13));
#10280=VECTOR('',#10270,1.);
#10290=LINE('',#10260,#10280);
#10300=CARTESIAN_POINT('',(19.9717003773288,28.1725113175556,
6.15000000010249));
#10310=VERTEX_POINT('',#10300);
#10320=EDGE_CURVE('',#10230,#10310,#10290,.T.);
#10330=ORIENTED_EDGE('',*,*,#10320,.F.);
#10340=CARTESIAN_POINT('',(2.39999999987203,25.0741464440872,
6.15000001165057));
#10350=DIRECTION('',(-0.984807753012231,-0.173648177666801,
1.02418074021671E-13));
#10360=VECTOR('',#10350,1.);
#10370=LINE('',#10340,#10360);
#10380=CARTESIAN_POINT('',(18.9174422673081,27.9866171681283,
6.15000000010249));
#10390=VERTEX_POINT('',#10380);
#10400=EDGE_CURVE('',#10310,#10390,#10370,.T.);
#10410=ORIENTED_EDGE('',*,*,#10400,.F.);
#10420=CARTESIAN_POINT('',(22.221213401227,9.25000000017709,
6.1500000116564));
#10430=DIRECTION('',(-0.173648177667118,0.984807753012175,
-3.96641053335145E-13));
#10440=VECTOR('',#10430,1.);
#10450=LINE('',#10420,#10440);
#10460=CARTESIAN_POINT('',(20.0157669910526,21.7577081303268,
6.15000000010249));
#10470=VERTEX_POINT('',#10460);
#10480=EDGE_CURVE('',#10470,#10390,#10450,.T.);
#10490=ORIENTED_EDGE('',*,*,#10480,.T.);
#10500=CARTESIAN_POINT('',(2.39999999987203,18.6515731239153,
6.1500000116532));
#10510=DIRECTION('',(0.984807753012278,0.173648177666532,
-1.02418074021671E-13));
#10520=VECTOR('',#10510,1.);
#10530=LINE('',#10500,#10520);
#10540=CARTESIAN_POINT('',(21.0700251010725,21.9436022797535,
6.15000000010249));
#10550=VERTEX_POINT('',#10540);
#10560=EDGE_CURVE('',#10470,#10550,#10530,.T.);
#10570=ORIENTED_EDGE('',*,*,#10560,.F.);
#10580=CARTESIAN_POINT('',(23.308249665339,9.25000000017709,
6.15000001165637));
#10590=DIRECTION('',(0.173648177666532,-0.984807753012278,
3.96627175547337E-13));
#10600=VECTOR('',#10590,1.);
#10610=LINE('',#10580,#10600);
#10620=CARTESIAN_POINT('',(21.0227916864416,22.2114762854288,
6.15000000010249));
#10630=VERTEX_POINT('',#10620);
#10640=EDGE_CURVE('',#10630,#10550,#10610,.T.);
#10650=ORIENTED_EDGE('',*,*,#10640,.T.);
#10660=CARTESIAN_POINT('',(2.39999999987203,28.9896181381278,
6.15000001164897));
#10670=DIRECTION('',(-0.93969262078838,0.342020143318877,
-1.09634523681734E-13));
#10680=VECTOR('',#10670,1.);
#10690=LINE('',#10660,#10680);
#10700=CARTESIAN_POINT('',(21.6000000033753,22.0013896390988,
6.15000000010249));
#10710=VERTEX_POINT('',#10700);
#10720=EDGE_CURVE('',#10710,#10630,#10690,.T.);
#10730=ORIENTED_EDGE('',*,*,#10720,.T.);
#10740=CARTESIAN_POINT('',(21.6000000033753,9.2500000001796,
6.15000001165642));
#10750=DIRECTION('',(1.23259516440783E-32,-1.,4.08396006638903E-13));
#10760=VECTOR('',#10750,1.);
#10770=LINE('',#10740,#10760);
#10780=CARTESIAN_POINT('',(21.6000000033753,17.2000000001079,
6.15000000010249));
#10790=VERTEX_POINT('',#10780);
#10800=EDGE_CURVE('',#10710,#10790,#10770,.T.);
#10810=ORIENTED_EDGE('',*,*,#10800,.F.);
#10820=CARTESIAN_POINT('',(35.3477270882443,11.200000000113,
6.15000001165518));
#10830=DIRECTION('',(3.19771212653255E-14,4.08396006638903E-13,1.));
#10840=DIRECTION('',(1.,-1.30593272779735E-26,-3.19771212653255E-14));
#10850=AXIS2_PLACEMENT_3D('',#10820,#10830,#10840);
#10860=CIRCLE('',#10850,14.9999999999993);
#10870=CARTESIAN_POINT('',(21.6000000033766,5.20000000011515,
6.15000000010249));
#10880=VERTEX_POINT('',#10870);
#10890=EDGE_CURVE('',#10790,#10880,#10860,.T.);
#10900=ORIENTED_EDGE('',*,*,#10890,.F.);
#10910=CARTESIAN_POINT('',(21.6000000033766,9.2500000001796,
6.15000001165642));
#10920=DIRECTION('',(1.23259516440783E-32,-1.,4.08396006638903E-13));
#10930=VECTOR('',#10920,1.);
#10940=LINE('',#10910,#10930);
#10950=CARTESIAN_POINT('',(21.6000000033766,3.33602390602975,
6.15000000010249));
#10960=VERTEX_POINT('',#10950);
#10970=EDGE_CURVE('',#10880,#10960,#10940,.T.);
#10980=ORIENTED_EDGE('',*,*,#10970,.F.);
#10990=CARTESIAN_POINT('',(2.39999999987223,-6.23470610619113,
6.15000001166336));
#11000=DIRECTION('',(0.894972271448765,0.446121769630039,
-2.1081298604481E-13));
#11010=VECTOR('',#11000,1.);
#11020=LINE('',#10990,#11010);
#11030=CARTESIAN_POINT('',(2.87084780707702,-6.00000000000464,
6.15000000010249));
#11040=VERTEX_POINT('',#11030);
#11050=EDGE_CURVE('',#11040,#10960,#11020,.T.);
#11060=ORIENTED_EDGE('',*,*,#11050,.T.);
#11070=CARTESIAN_POINT('',(2.39999999987223,-6.00000000000461,
6.15000001166326));
#11080=DIRECTION('',(-1.,5.79120085220228E-14,3.19771212653019E-14));
#11090=VECTOR('',#11080,1.);
#11100=LINE('',#11070,#11090);
#11110=CARTESIAN_POINT('',(0.958943653027551,-6.00000000000453,
6.15000000010249));
#11120=VERTEX_POINT('',#11110);
#11130=EDGE_CURVE('',#11040,#11120,#11100,.T.);
#11140=ORIENTED_EDGE('',*,*,#11130,.F.);
#11150=CARTESIAN_POINT('',(8.69397267927122,-0.484628211706937,
6.15000001166081));
#11160=DIRECTION('',(-3.19771212653255E-14,-4.08396006638903E-13,-1.));
#11170=DIRECTION('',(-1.,1.30593272779735E-26,3.19771212653255E-14));
#11180=AXIS2_PLACEMENT_3D('',#11150,#11160,#11170);
#11190=CIRCLE('',#11180,9.499999999999);
#11200=CARTESIAN_POINT('',(-0.755492447137163,-1.46320310652739,
6.15000000010319));
#11210=VERTEX_POINT('',#11200);
#11220=EDGE_CURVE('',#11120,#11210,#11190,.T.);
#11230=ORIENTED_EDGE('',*,*,#11220,.F.);
#11240=CARTESIAN_POINT('',(2.39999999987203,-0.617691453628924,
6.15000001166107));
#11250=DIRECTION('',(-0.96592582628908,-0.258819045102477,
1.36599065392318E-13));
#11260=VECTOR('',#11250,1.);
#11270=LINE('',#11240,#11260);
#11280=CARTESIAN_POINT('',(0.599999999895278,-1.09999999999863,
6.15000000010249));
#11290=VERTEX_POINT('',#11280);
#11300=EDGE_CURVE('',#11290,#11210,#11270,.T.);
#11310=ORIENTED_EDGE('',*,*,#11300,.T.);
#11320=CARTESIAN_POINT('',(0.599999999895278,9.2500000001796,
6.15000001165709));
#11330=DIRECTION('',(-2.77555756156289E-17,-1.,4.08396006638903E-13));
#11340=VECTOR('',#11330,1.);
#11350=LINE('',#11320,#11340);
#11360=CARTESIAN_POINT('',(0.599999999895278,2.11738959698948E-12,
6.15000000010249));
#11370=VERTEX_POINT('',#11360);
#11380=EDGE_CURVE('',#11370,#11290,#11350,.T.);
#11390=ORIENTED_EDGE('',*,*,#11380,.T.);
#11400=CARTESIAN_POINT('',(2.39999999987223,-0.157479594342531,
6.15000001166088));
#11410=DIRECTION('',(-0.996194698091746,0.0871557427476591,
-3.73861862903737E-15));
#11420=VECTOR('',#11410,1.);
#11430=LINE('',#11400,#11420);
#11440=CARTESIAN_POINT('',(-1.68601046065252,0.200000000001726,
6.15000000010249));
#11450=VERTEX_POINT('',#11440);
#11460=EDGE_CURVE('',#11370,#11450,#11430,.T.);
#11470=ORIENTED_EDGE('',*,*,#11460,.F.);
#11480=CARTESIAN_POINT('',(2.39999999987223,0.200000000001726,
6.15000001166073));
#11490=DIRECTION('',(-1.,1.30593272779735E-26,3.19771212653255E-14));
#11500=VECTOR('',#11490,1.);
#11510=LINE('',#11480,#11500);
#11520=CARTESIAN_POINT('',(-7.10000000010484,0.200000000001726,
6.15000000010249));
#11530=VERTEX_POINT('',#11520);
#11540=EDGE_CURVE('',#11450,#11530,#11510,.T.);
#11550=ORIENTED_EDGE('',*,*,#11540,.F.);
#11560=CARTESIAN_POINT('',(-7.10000000010484,9.25000000017709,
6.15000001165734));
#11570=DIRECTION('',(0.,1.,-4.08396006638903E-13));
#11580=VECTOR('',#11570,1.);
#11590=LINE('',#11560,#11580);
#11600=CARTESIAN_POINT('',(-7.10000000010484,1.37667654581469E-12,
6.15000000010249));
#11610=VERTEX_POINT('',#11600);
#11620=EDGE_CURVE('',#11610,#11530,#11590,.T.);
#11630=ORIENTED_EDGE('',*,*,#11620,.T.);
#11640=CARTESIAN_POINT('',(2.39999999987203,1.37490019369579E-12,
6.15000001166081));
#11650=DIRECTION('',(1.,-1.30603811468391E-26,-3.19771212653255E-14));
#11660=VECTOR('',#11650,1.);
#11670=LINE('',#11640,#11660);
#11680=CARTESIAN_POINT('',(-33.0938330116193,1.37667654581469E-12,
6.15000000010249));
#11690=VERTEX_POINT('',#11680);
#11700=EDGE_CURVE('',#11690,#11610,#11670,.T.);
#11710=ORIENTED_EDGE('',*,*,#11700,.T.);
#11720=CARTESIAN_POINT('',(-25.8000000000954,-0.300000000004545,
6.15000001166184));
#11730=DIRECTION('',(3.19771212653255E-14,4.08396006638903E-13,1.));
#11740=DIRECTION('',(1.,-1.30593272779735E-26,-3.19771212653255E-14));
#11750=AXIS2_PLACEMENT_3D('',#11720,#11730,#11740);
#11760=CIRCLE('',#11750,7.3);
#11770=CARTESIAN_POINT('',(-32.5207682815225,2.54978485274037,
6.15000000010255));
#11780=VERTEX_POINT('',#11770);
#11790=EDGE_CURVE('',#11780,#11690,#11760,.T.);
#11800=ORIENTED_EDGE('',*,*,#11790,.T.);
#11810=CARTESIAN_POINT('',(-32.9810948761424,2.74497559608043,
6.15000001166082));
#11820=DIRECTION('',(3.19771212653255E-14,4.08396006638903E-13,1.));
#11830=DIRECTION('',(1.,0.,-3.19771212653255E-14));
#11840=AXIS2_PLACEMENT_3D('',#11810,#11820,#11830);
#11850=CIRCLE('',#11840,0.5);
#11860=CARTESIAN_POINT('',(-33.4414214707628,2.94016633941932,
6.15000000010242));
#11870=VERTEX_POINT('',#11860);
#11880=EDGE_CURVE('',#11780,#11870,#11850,.T.);
#11890=ORIENTED_EDGE('',*,*,#11880,.F.);
#11900=CARTESIAN_POINT('',(-25.8000000000954,-0.300000000004545,
6.15000001166184));
#11910=DIRECTION('',(3.19771212653255E-14,4.08396006638903E-13,1.));
#11920=DIRECTION('',(1.,-1.30593272779735E-26,-3.19771212653255E-14));
#11930=AXIS2_PLACEMENT_3D('',#11900,#11910,#11920);
#11940=CIRCLE('',#11930,8.3);
#11950=CARTESIAN_POINT('',(-34.1000000000955,-0.300000000004544,
6.15000000010249));
#11960=VERTEX_POINT('',#11950);
#11970=EDGE_CURVE('',#11870,#11960,#11940,.T.);
#11980=ORIENTED_EDGE('',*,*,#11970,.F.);
#11990=CARTESIAN_POINT('',(-34.1000000000955,9.2500000001796,
6.1500000116582));
#12000=DIRECTION('',(1.23259516440783E-32,-1.,4.08396006638903E-13));
#12010=VECTOR('',#12000,1.);
#12020=LINE('',#11990,#12010);
#12030=CARTESIAN_POINT('',(-34.1000000000955,-1.37873979717196,
6.15000000010249));
#12040=VERTEX_POINT('',#12030);
#12050=EDGE_CURVE('',#11960,#12040,#12020,.T.);
#12060=ORIENTED_EDGE('',*,*,#12050,.F.);
#12070=CARTESIAN_POINT('',(2.39999999987223,1.8145964215216,
6.15000001166007));
#12080=DIRECTION('',(0.996194698091745,0.0871557427476619,
-6.74494959585467E-14));
#12090=VECTOR('',#12080,1.);
#12100=LINE('',#12070,#12090);
#12110=CARTESIAN_POINT('',(-33.2000000000955,-1.29999999999861,
6.15000000010249));
#12120=VERTEX_POINT('',#12110);
#12130=EDGE_CURVE('',#12040,#12120,#12100,.T.);
#12140=ORIENTED_EDGE('',*,*,#12130,.F.);
#12150=CARTESIAN_POINT('',(-33.2000000000955,9.2500000001796,
6.15000001165817));
#12160=DIRECTION('',(-1.23259516440783E-32,1.,-4.08396006638903E-13));
#12170=VECTOR('',#12160,1.);
#12180=LINE('',#12150,#12170);
#12190=CARTESIAN_POINT('',(-33.2000000000955,-1.85646599662972,
6.15000000010249));
#12200=VERTEX_POINT('',#12190);
#12210=EDGE_CURVE('',#12200,#12120,#12180,.T.);
#12220=ORIENTED_EDGE('',*,*,#12210,.T.);
#12230=CARTESIAN_POINT('',(-40.2000000000955,-1.85646599662972,
6.15000001166293));
#12240=DIRECTION('',(3.19771212653255E-14,4.08396006638903E-13,1.));
#12250=DIRECTION('',(1.,-1.30593272779735E-26,-3.19771212653255E-14));
#12260=AXIS2_PLACEMENT_3D('',#12230,#12240,#12250);
#12270=CIRCLE('',#12260,7.);
#12280=CARTESIAN_POINT('',(-34.558091992642,-5.99999999980047,
6.150000000104));
#12290=VERTEX_POINT('',#12280);
#12300=EDGE_CURVE('',#12290,#12200,#12270,.T.);
#12310=ORIENTED_EDGE('',*,*,#12300,.T.);
#12320=CARTESIAN_POINT('',(2.39999999987223,-5.99999999979077,
6.15000001166326));
#12330=DIRECTION('',(-1.,-2.62512234172455E-13,3.19771212654327E-14));
#12340=VECTOR('',#12330,1.);
#12350=LINE('',#12320,#12340);
#12360=CARTESIAN_POINT('',(-44.8000000000003,-5.99999999980316,
6.15000000010249));
#12370=VERTEX_POINT('',#12360);
#12380=EDGE_CURVE('',#12290,#12370,#12350,.T.);
#12390=ORIENTED_EDGE('',*,*,#12380,.F.);
#12400=CARTESIAN_POINT('',(-44.7999999999944,9.25000000017956,
6.15000001165854));
#12410=DIRECTION('',(3.85691478754766E-13,1.,-4.08396006638915E-13));
#12420=VECTOR('',#12410,1.);
#12430=LINE('',#12400,#12420);
#12440=CARTESIAN_POINT('',(-44.7999999999989,-2.49999999994843,
6.15000000010249));
#12450=VERTEX_POINT('',#12440);
#12460=EDGE_CURVE('',#12370,#12450,#12430,.T.);
#12470=ORIENTED_EDGE('',*,*,#12460,.F.);
#12480=CARTESIAN_POINT('',(-44.2999999999989,-2.49999999994862,
6.15000000010249));
#12490=DIRECTION('',(-3.19771212653255E-14,-4.08396006638903E-13,-1.));
#12500=DIRECTION('',(0.,-1.,4.08396006638903E-13));
#12510=AXIS2_PLACEMENT_3D('',#12480,#12490,#12500);
#12520=CIRCLE('',#12510,0.5);
#12530=CARTESIAN_POINT('',(-44.2999999999989,-1.99999999994862,
6.15000000010249));
#12540=VERTEX_POINT('',#12530);
#12550=EDGE_CURVE('',#12450,#12540,#12520,.T.);
#12560=ORIENTED_EDGE('',*,*,#12550,.F.);
#12570=CARTESIAN_POINT('',(2.39999999987203,-1.99999999994862,
6.15000001166163));
#12580=DIRECTION('',(1.,-1.30603811468391E-26,-3.19771212653255E-14));
#12590=VECTOR('',#12580,1.);
#12600=LINE('',#12570,#12590);
#12610=CARTESIAN_POINT('',(-44.1999999999998,-1.99999999995116,
6.15000000010212));
#12620=VERTEX_POINT('',#12610);
#12630=EDGE_CURVE('',#12540,#12620,#12600,.T.);
#12640=ORIENTED_EDGE('',*,*,#12630,.F.);
#12650=CARTESIAN_POINT('',(-44.1999999999998,-2.899999999951,
6.15000000010249));
#12660=DIRECTION('',(3.19771212653255E-14,4.08396006638903E-13,1.));
#12670=DIRECTION('',(1.,-1.30593334409493E-26,-3.19771212653255E-14));
#12680=AXIS2_PLACEMENT_3D('',#12650,#12660,#12670);
#12690=CIRCLE('',#12680,0.89999999999984);
#12700=EDGE_CURVE('',#5860,#12620,#12690,.T.);
#12710=ORIENTED_EDGE('',*,*,#12700,.T.);
#12720=EDGE_LOOP('',(#12710,#12640,#12560,#12470,#12390,#12310,#12220,
#12140,#12060,#11980,#11890,#11800,#11710,#11630,#11550,#11470,#11390,
#11310,#11230,#11140,#11060,#10980,#10900,#10810,#10730,#10650,#10570,
#10490,#10410,#10330,#10250,#10170,#10090,#10050,#9970,#9880,#9800,#9710
,#9630,#9590,#9510,#9420,#9340,#9250,#9170,#9090,#9010,#8930,#8840,#8760
,#8680,#8600,#8520,#8440,#8360,#8280,#8190,#8110,#8030,#7950,#7870,#7790
,#7710,#7630,#7550,#7510,#7430,#7340,#7260,#7170,#7090,#7010,#6930,#6850
,#6770,#6690,#6610,#6530,#6450,#6370,#6290,#6200,#6120,#6040,#5960,#5880
));
#12730=FACE_OUTER_BOUND('',#12720,.T.);
#12740=ADVANCED_FACE('',(#12730),#5780,.F.);
#12750=COLOUR_RGB('',0.560784339904785,0.588235318660736,
0.600000023841858);
#12760=FILL_AREA_STYLE_COLOUR('',#12750);
#12770=FILL_AREA_STYLE('',(#12760));
#12780=SURFACE_STYLE_FILL_AREA(#12770);
#12790=SURFACE_SIDE_STYLE('',(#12780));
#12800=SURFACE_STYLE_USAGE(.BOTH.,#12790);
#12810=PRESENTATION_STYLE_ASSIGNMENT((#12800));
#12820=CARTESIAN_POINT('',(-44.1999999999996,-1.99999999994862,
6.15000001166312));
#12830=DIRECTION('',(1.35059338348857E-33,-1.,4.08396006638903E-13));
#12840=DIRECTION('',(-1.,1.30593272779735E-26,3.19771212653255E-14));
#12850=AXIS2_PLACEMENT_3D('',#12820,#12830,#12840);
#12860=PLANE('',#12850);
#12870=CARTESIAN_POINT('',(-44.2,-1.99999999995322,1.09999667669619));
#12880=DIRECTION('',(3.2361309590078E-14,4.0838565689218E-13,1.));
#12890=VECTOR('',#12880,1.);
#12900=LINE('',#12870,#12890);
#12910=CARTESIAN_POINT('',(-44.2,-1.99999999995322,1.10000001002973));
#12920=VERTEX_POINT('',#12910);
#12930=EDGE_CURVE('',#12920,#12620,#12900,.T.);
#12940=ORIENTED_EDGE('',*,*,#12930,.F.);
#12950=ORIENTED_EDGE('',*,*,#12630,.T.);
#12960=CARTESIAN_POINT('',(-44.2999999999991,-1.99999999995113,
-2.04198003319451E-13));
#12970=DIRECTION('',(-3.19771212653255E-14,-4.08396006638903E-13,-1.));
#12980=VECTOR('',#12970,1.);
#12990=LINE('',#12960,#12980);
#13000=EDGE_CURVE('',#12540,#5460,#12990,.T.);
#13010=ORIENTED_EDGE('',*,*,#13000,.F.);
#13020=ORIENTED_EDGE('',*,*,#5470,.T.);
#13030=CARTESIAN_POINT('',(-41.8000000000003,-1.99999999994903,
5.15000001012958));
#13040=DIRECTION('',(-3.19771212653255E-14,-4.08396006638903E-13,-1.));
#13050=VECTOR('',#13040,1.);
#13060=LINE('',#13030,#13050);
#13070=CARTESIAN_POINT('',(-41.8000000000004,-1.99999999995068,
1.1000000100301));
#13080=VERTEX_POINT('',#13070);
#13090=EDGE_CURVE('',#13080,#5380,#13060,.T.);
#13100=ORIENTED_EDGE('',*,*,#13090,.T.);
#13110=CARTESIAN_POINT('',(2.39999999987203,-1.99999999995068,
1.1000000100301));
#13120=DIRECTION('',(-1.,-1.35059371338786E-33,-8.07793566946316E-28));
#13130=VECTOR('',#13120,1.);
#13140=LINE('',#13110,#13130);
#13150=EDGE_CURVE('',#13080,#12920,#13140,.T.);
#13160=ORIENTED_EDGE('',*,*,#13150,.F.);
#13170=EDGE_LOOP('',(#13160,#13100,#13020,#13010,#12950,#12940));
#13180=FACE_OUTER_BOUND('',#13170,.T.);
#13190=ADVANCED_FACE('',(#13180),#12860,.F.);
#13200=COLOUR_RGB('',0.560784339904785,0.588235318660736,
0.600000023841858);
#13210=FILL_AREA_STYLE_COLOUR('',#13200);
#13220=FILL_AREA_STYLE('',(#13210));
#13230=SURFACE_STYLE_FILL_AREA(#13220);
#13240=SURFACE_SIDE_STYLE('',(#13230));
#13250=SURFACE_STYLE_USAGE(.BOTH.,#13240);
#13260=PRESENTATION_STYLE_ASSIGNMENT((#13250));
#13270=CARTESIAN_POINT('',(-44.7999999999999,-4.99999999980251,
6.15000001166436));
#13280=DIRECTION('',(1.,-3.85691478754779E-13,-3.1977121265168E-14));
#13290=DIRECTION('',(-3.85691478754766E-13,-1.,4.08396006638915E-13));
#13300=AXIS2_PLACEMENT_3D('',#13270,#13280,#13290);
#13310=PLANE('',#13300);
#13320=ORIENTED_EDGE('',*,*,#12460,.T.);
#13330=CARTESIAN_POINT('',(-44.8000000000003,-5.99999999980357,
5.15000001012958));
#13340=DIRECTION('',(3.19771212653255E-14,4.08396006638903E-13,1.));
#13350=VECTOR('',#13340,1.);
#13360=LINE('',#13330,#13350);
#13370=EDGE_CURVE('',#110,#12370,#13360,.T.);
#13380=ORIENTED_EDGE('',*,*,#13370,.T.);
#13390=ORIENTED_EDGE('',*,*,#5620,.T.);
#13400=CARTESIAN_POINT('',(-44.7999999999991,-2.49999999995094,
1.5988560632584E-14));
#13410=DIRECTION('',(-3.19771212653255E-14,-4.08396006638903E-13,-1.));
#13420=VECTOR('',#13410,1.);
#13430=LINE('',#13400,#13420);
#13440=EDGE_CURVE('',#12450,#5550,#13430,.T.);
#13450=ORIENTED_EDGE('',*,*,#13440,.T.);
#13460=EDGE_LOOP('',(#13450,#13390,#13380,#13320));
#13470=FACE_OUTER_BOUND('',#13460,.T.);
#13480=ADVANCED_FACE('',(#13470),#13310,.F.);
#13490=COLOUR_RGB('',0.560784339904785,0.588235318660736,
0.600000023841858);
#13500=FILL_AREA_STYLE_COLOUR('',#13490);
#13510=FILL_AREA_STYLE('',(#13500));
#13520=SURFACE_STYLE_FILL_AREA(#13510);
#13530=SURFACE_SIDE_STYLE('',(#13520));
#13540=SURFACE_STYLE_USAGE(.BOTH.,#13530);
#13550=PRESENTATION_STYLE_ASSIGNMENT((#13540));
#13560=CARTESIAN_POINT('',(-33.8825688515461,-1.35971703657645,
6.15000001166253));
#13570=DIRECTION('',(0.0871557427476619,-0.996194698091745,
4.04054946780705E-13));
#13580=DIRECTION('',(-0.996194698091745,-0.0871557427476619,
6.74494959585467E-14));
#13590=AXIS2_PLACEMENT_3D('',#13560,#13570,#13580);
#13600=PLANE('',#13590);
#13610=ORIENTED_EDGE('',*,*,#12130,.T.);
#13620=CARTESIAN_POINT('',(-34.1000000000955,-1.37873979717235,
5.15000001012958));
#13630=DIRECTION('',(-3.19771212653255E-14,-4.08396006638903E-13,-1.));
#13640=VECTOR('',#13630,1.);
#13650=LINE('',#13620,#13640);
#13660=EDGE_CURVE('',#12040,#380,#13650,.T.);
#13670=ORIENTED_EDGE('',*,*,#13660,.F.);
#13680=ORIENTED_EDGE('',*,*,#390,.T.);
#13690=CARTESIAN_POINT('',(-33.2000000000955,-1.29999999999902,
5.15000001012958));
#13700=DIRECTION('',(3.19771212653255E-14,4.08396006638903E-13,1.));
#13710=VECTOR('',#13700,1.);
#13720=LINE('',#13690,#13710);
#13730=EDGE_CURVE('',#300,#12120,#13720,.T.);
#13740=ORIENTED_EDGE('',*,*,#13730,.F.);
#13750=EDGE_LOOP('',(#13740,#13680,#13670,#13610));
#13760=FACE_OUTER_BOUND('',#13750,.T.);
#13770=ADVANCED_FACE('',(#13760),#13600,.F.);
#13780=COLOUR_RGB('',0.560784339904785,0.588235318660736,
0.600000023841858);
#13790=FILL_AREA_STYLE_COLOUR('',#13780);
#13800=FILL_AREA_STYLE('',(#13790));
#13810=SURFACE_STYLE_FILL_AREA(#13800);
#13820=SURFACE_SIDE_STYLE('',(#13810));
#13830=SURFACE_STYLE_USAGE(.BOTH.,#13820);
#13840=PRESENTATION_STYLE_ASSIGNMENT((#13830));
#13850=CARTESIAN_POINT('',(-35.6827816107514,-5.99999999980077,
6.15000001166448));
#13860=DIRECTION('',(-2.62512234172468E-13,1.,-4.08396006638894E-13));
#13870=DIRECTION('',(1.,2.62512234172455E-13,-3.19771212654327E-14));
#13880=AXIS2_PLACEMENT_3D('',#13850,#13860,#13870);
#13890=PLANE('',#13880);
#13900=ORIENTED_EDGE('',*,*,#12380,.T.);
#13910=CARTESIAN_POINT('',(-34.558091992642,-5.99999999980047,
6.15000001166444));
#13920=DIRECTION('',(3.19771212653255E-14,4.08396006638903E-13,1.));
#13930=VECTOR('',#13920,1.);
#13940=LINE('',#13910,#13930);
#13950=EDGE_CURVE('',#130,#12290,#13940,.T.);
#13960=ORIENTED_EDGE('',*,*,#13950,.T.);
#13970=ORIENTED_EDGE('',*,*,#140,.T.);
#13980=ORIENTED_EDGE('',*,*,#13370,.F.);
#13990=EDGE_LOOP('',(#13980,#13970,#13960,#13900));
#14000=FACE_OUTER_BOUND('',#13990,.T.);
#14010=ADVANCED_FACE('',(#14000),#13890,.F.);
#14020=COLOUR_RGB('',0.560784339904785,0.588235318660736,
0.600000023841858);
#14030=FILL_AREA_STYLE_COLOUR('',#14020);
#14040=FILL_AREA_STYLE('',(#14030));
#14050=SURFACE_STYLE_FILL_AREA(#14040);
#14060=SURFACE_SIDE_STYLE('',(#14050));
#14070=SURFACE_STYLE_USAGE(.BOTH.,#14060);
#14080=PRESENTATION_STYLE_ASSIGNMENT((#14070));
#14090=CARTESIAN_POINT('',(-34.1000000000955,-0.300000000004543,
6.1500000116621));
#14100=DIRECTION('',(-1.,1.30593163026152E-26,3.19771212653255E-14));
#14110=DIRECTION('',(-1.23259516440783E-32,1.,-4.08396006638903E-13));
#14120=AXIS2_PLACEMENT_3D('',#14090,#14100,#14110);
#14130=PLANE('',#14120);
#14140=ORIENTED_EDGE('',*,*,#12050,.T.);
#14150=CARTESIAN_POINT('',(-34.1000000000955,-0.300000000004543,
6.1500000116621));
#14160=DIRECTION('',(-3.19771212653255E-14,-4.08396006638903E-13,-1.));
#14170=VECTOR('',#14160,1.);
#14180=LINE('',#14150,#14170);
#14190=EDGE_CURVE('',#11960,#460,#14180,.T.);
#14200=ORIENTED_EDGE('',*,*,#14190,.F.);
#14210=ORIENTED_EDGE('',*,*,#470,.T.);
#14220=ORIENTED_EDGE('',*,*,#13660,.T.);
#14230=EDGE_LOOP('',(#14220,#14210,#14200,#14140));
#14240=FACE_OUTER_BOUND('',#14230,.T.);
#14250=ADVANCED_FACE('',(#14240),#14130,.F.);
#14260=COLOUR_RGB('',0.560784339904785,0.588235318660736,
0.600000023841858);
#14270=FILL_AREA_STYLE_COLOUR('',#14260);
#14280=FILL_AREA_STYLE('',(#14270));
#14290=SURFACE_STYLE_FILL_AREA(#14280);
#14300=SURFACE_SIDE_STYLE('',(#14290));
#14310=SURFACE_STYLE_USAGE(.BOTH.,#14300);
#14320=PRESENTATION_STYLE_ASSIGNMENT((#14310));
#14330=CARTESIAN_POINT('',(-32.9810948761424,2.74497559608043,
6.15000001166082));
#14340=DIRECTION('',(3.19771212653255E-14,4.08396006638903E-13,1.));
#14350=DIRECTION('',(1.,0.,-3.19771212653255E-14));
#14360=AXIS2_PLACEMENT_3D('',#14330,#14340,#14350);
#14370=CYLINDRICAL_SURFACE('',#14360,0.5);
#14380=ORIENTED_EDGE('',*,*,#11880,.T.);
#14390=CARTESIAN_POINT('',(-32.5207682815225,2.54978485274037,
6.15000001166089));
#14400=DIRECTION('',(-3.19771212653255E-14,-4.08396006638903E-13,-1.));
#14410=VECTOR('',#14400,1.);
#14420=LINE('',#14390,#14410);
#14430=EDGE_CURVE('',#11780,#640,#14420,.T.);
#14440=ORIENTED_EDGE('',*,*,#14430,.F.);
#14450=ORIENTED_EDGE('',*,*,#650,.F.);
#14460=CARTESIAN_POINT('',(-33.4414214707899,2.94016633943078,
6.15000001166076));
#14470=DIRECTION('',(-3.19771212653255E-14,-4.08396006638903E-13,-1.));
#14480=VECTOR('',#14470,1.);
#14490=LINE('',#14460,#14480);
#14500=EDGE_CURVE('',#11870,#550,#14490,.T.);
#14510=ORIENTED_EDGE('',*,*,#14500,.T.);
#14520=EDGE_LOOP('',(#14510,#14450,#14440,#14380));
#14530=FACE_OUTER_BOUND('',#14520,.T.);
#14540=ADVANCED_FACE('',(#14530),#14370,.F.);
#14550=COLOUR_RGB('',0.560784339904785,0.588235318660736,
0.600000023841858);
#14560=FILL_AREA_STYLE_COLOUR('',#14550);
#14570=FILL_AREA_STYLE('',(#14560));
#14580=SURFACE_STYLE_FILL_AREA(#14570);
#14590=SURFACE_SIDE_STYLE('',(#14580));
#14600=SURFACE_STYLE_USAGE(.BOTH.,#14590);
#14610=PRESENTATION_STYLE_ASSIGNMENT((#14600));
#14620=CARTESIAN_POINT('',(-25.8000000000954,-0.300000000004545,
6.15000001166184));
#14630=DIRECTION('',(3.19771212653255E-14,4.08396006638903E-13,1.));
#14640=DIRECTION('',(1.,-1.30593272779735E-26,-3.19771212653255E-14));
#14650=AXIS2_PLACEMENT_3D('',#14620,#14630,#14640);
#14660=CYLINDRICAL_SURFACE('',#14650,7.3);
#14670=ORIENTED_EDGE('',*,*,#11790,.F.);
#14680=CARTESIAN_POINT('',(-33.0938330116193,1.37667655053519E-12,
6.15000001166195));
#14690=DIRECTION('',(3.19771212653255E-14,4.08396006638903E-13,1.));
#14700=VECTOR('',#14690,1.);
#14710=LINE('',#14680,#14700);
#14720=EDGE_CURVE('',#730,#11690,#14710,.T.);
#14730=ORIENTED_EDGE('',*,*,#14720,.T.);
#14740=ORIENTED_EDGE('',*,*,#740,.T.);
#14750=ORIENTED_EDGE('',*,*,#14430,.T.);
#14760=EDGE_LOOP('',(#14750,#14740,#14730,#14670));
#14770=FACE_OUTER_BOUND('',#14760,.T.);
#14780=ADVANCED_FACE('',(#14770),#14660,.T.);
#14790=COLOUR_RGB('',0.560784339904785,0.588235318660736,
0.600000023841858);
#14800=FILL_AREA_STYLE_COLOUR('',#14790);
#14810=FILL_AREA_STYLE('',(#14800));
#14820=SURFACE_STYLE_FILL_AREA(#14810);
#14830=SURFACE_SIDE_STYLE('',(#14820));
#14840=SURFACE_STYLE_USAGE(.BOTH.,#14830);
#14850=PRESENTATION_STYLE_ASSIGNMENT((#14840));
#14860=CARTESIAN_POINT('',(2.39999999959007,-6.00000000000461,
6.15000001166326));
#14870=DIRECTION('',(5.79120085220097E-14,1.,-4.08396006638905E-13));
#14880=DIRECTION('',(1.,-5.79120085220228E-14,-3.19771212653019E-14));
#14890=AXIS2_PLACEMENT_3D('',#14860,#14870,#14880);
#14900=PLANE('',#14890);
#14910=ORIENTED_EDGE('',*,*,#11130,.T.);
#14920=CARTESIAN_POINT('',(2.87084780707697,-6.00000000000504,
5.15000001012958));
#14930=DIRECTION('',(3.19771212653255E-14,4.08396006638903E-13,1.));
#14940=VECTOR('',#14930,1.);
#14950=LINE('',#14920,#14940);
#14960=EDGE_CURVE('',#1380,#11040,#14950,.T.);
#14970=ORIENTED_EDGE('',*,*,#14960,.T.);
#14980=ORIENTED_EDGE('',*,*,#1390,.T.);
#14990=CARTESIAN_POINT('',(0.958943653027551,-6.00000000000453,
6.15000001166331));
#15000=DIRECTION('',(-3.19771212653255E-14,-4.08396006638903E-13,-1.));
#15010=VECTOR('',#15000,1.);
#15020=LINE('',#14990,#15010);
#15030=EDGE_CURVE('',#11120,#1300,#15020,.T.);
#15040=ORIENTED_EDGE('',*,*,#15030,.T.);
#15050=EDGE_LOOP('',(#15040,#14980,#14970,#14910));
#15060=FACE_OUTER_BOUND('',#15050,.T.);
#15070=ADVANCED_FACE('',(#15060),#14900,.F.);
#15080=COLOUR_RGB('',0.560784339904785,0.588235318660736,
0.600000023841858);
#15090=FILL_AREA_STYLE_COLOUR('',#15080);
#15100=FILL_AREA_STYLE('',(#15090));
#15110=SURFACE_STYLE_FILL_AREA(#15100);
#15120=SURFACE_SIDE_STYLE('',(#15110));
#15130=SURFACE_STYLE_USAGE(.BOTH.,#15120);
#15140=PRESENTATION_STYLE_ASSIGNMENT((#15130));
#15150=CARTESIAN_POINT('',(35.3477270882443,11.200000000113,
6.15000001165518));
#15160=DIRECTION('',(3.19771212653255E-14,4.08396006638903E-13,1.));
#15170=DIRECTION('',(1.,-1.30593272779735E-26,-3.19771212653255E-14));
#15180=AXIS2_PLACEMENT_3D('',#15150,#15160,#15170);
#15190=CYLINDRICAL_SURFACE('',#15180,14.9999999999993);
#15200=ORIENTED_EDGE('',*,*,#10890,.T.);
#15210=CARTESIAN_POINT('',(21.6000000033753,17.2000000001079,
6.15000001165317));
#15220=DIRECTION('',(3.19771212653255E-14,4.08396006638903E-13,1.));
#15230=VECTOR('',#15220,1.);
#15240=LINE('',#15210,#15230);
#15250=EDGE_CURVE('',#1630,#10790,#15240,.T.);
#15260=ORIENTED_EDGE('',*,*,#15250,.T.);
#15270=ORIENTED_EDGE('',*,*,#1640,.F.);
#15280=CARTESIAN_POINT('',(21.6000000033766,5.20000000011513,
6.15000001165807));
#15290=DIRECTION('',(3.19771212653255E-14,4.08396006638903E-13,1.));
#15300=VECTOR('',#15290,1.);
#15310=LINE('',#15280,#15300);
#15320=EDGE_CURVE('',#1540,#10880,#15310,.T.);
#15330=ORIENTED_EDGE('',*,*,#15320,.F.);
#15340=EDGE_LOOP('',(#15330,#15270,#15260,#15200));
#15350=FACE_OUTER_BOUND('',#15340,.T.);
#15360=ADVANCED_FACE('',(#15350),#15190,.F.);
#15370=COLOUR_RGB('',0.560784339904785,0.588235318660736,
0.600000023841858);
#15380=FILL_AREA_STYLE_COLOUR('',#15370);
#15390=FILL_AREA_STYLE('',(#15380));
#15400=SURFACE_STYLE_FILL_AREA(#15390);
#15410=SURFACE_SIDE_STYLE('',(#15400));
#15420=SURFACE_STYLE_USAGE(.BOTH.,#15410);
#15430=PRESENTATION_STYLE_ASSIGNMENT((#15420));
#15440=CARTESIAN_POINT('',(21.6000000033766,4.79616586262156,
6.15000001165824));
#15450=DIRECTION('',(-1.,1.30593163026152E-26,3.19771212653255E-14));
#15460=DIRECTION('',(-1.23259516440783E-32,1.,-4.08396006638903E-13));
#15470=AXIS2_PLACEMENT_3D('',#15440,#15450,#15460);
#15480=PLANE('',#15470);
#15490=ORIENTED_EDGE('',*,*,#10970,.T.);
#15500=ORIENTED_EDGE('',*,*,#15320,.T.);
#15510=ORIENTED_EDGE('',*,*,#1550,.T.);
#15520=CARTESIAN_POINT('',(21.6000000033766,3.33602390602929,
5.15000001012958));
#15530=DIRECTION('',(3.19771212653255E-14,4.08396006638903E-13,1.));
#15540=VECTOR('',#15530,1.);
#15550=LINE('',#15520,#15540);
#15560=EDGE_CURVE('',#1460,#10960,#15550,.T.);
#15570=ORIENTED_EDGE('',*,*,#15560,.F.);
#15580=EDGE_LOOP('',(#15570,#15510,#15500,#15490));
#15590=FACE_OUTER_BOUND('',#15580,.T.);
#15600=ADVANCED_FACE('',(#15590),#15480,.F.);
#15610=COLOUR_RGB('',0.560784339904785,0.588235318660736,
0.600000023841858);
#15620=FILL_AREA_STYLE_COLOUR('',#15610);
#15630=FILL_AREA_STYLE('',(#15620));
#15640=SURFACE_STYLE_FILL_AREA(#15630);
#15650=SURFACE_SIDE_STYLE('',(#15640));
#15660=SURFACE_STYLE_USAGE(.BOTH.,#15650);
#15670=PRESENTATION_STYLE_ASSIGNMENT((#15660));
#15680=CARTESIAN_POINT('',(21.6000000033753,21.7213066238127,
6.15000001165133));
#15690=DIRECTION('',(-1.,1.30593163026152E-26,3.19771212653255E-14));
#15700=DIRECTION('',(-1.23259516440783E-32,1.,-4.08396006638903E-13));
#15710=AXIS2_PLACEMENT_3D('',#15680,#15690,#15700);
#15720=PLANE('',#15710);
#15730=ORIENTED_EDGE('',*,*,#10800,.T.);
#15740=CARTESIAN_POINT('',(21.6000000033753,22.0013896390984,
5.15000001012958));
#15750=DIRECTION('',(3.19771212653255E-14,4.08396006638903E-13,1.));
#15760=VECTOR('',#15750,1.);
#15770=LINE('',#15740,#15760);
#15780=EDGE_CURVE('',#1710,#10710,#15770,.T.);
#15790=ORIENTED_EDGE('',*,*,#15780,.T.);
#15800=ORIENTED_EDGE('',*,*,#1720,.T.);
#15810=ORIENTED_EDGE('',*,*,#15250,.F.);
#15820=EDGE_LOOP('',(#15810,#15800,#15790,#15730));
#15830=FACE_OUTER_BOUND('',#15820,.T.);
#15840=ADVANCED_FACE('',(#15830),#15720,.F.);
#15850=COLOUR_RGB('',0.560784339904785,0.588235318660736,
0.600000023841858);
#15860=FILL_AREA_STYLE_COLOUR('',#15850);
#15870=FILL_AREA_STYLE('',(#15860));
#15880=SURFACE_STYLE_FILL_AREA(#15870);
#15890=SURFACE_SIDE_STYLE('',(#15880));
#15900=SURFACE_STYLE_USAGE(.BOTH.,#15890);
#15910=PRESENTATION_STYLE_ASSIGNMENT((#15900));
#15920=CARTESIAN_POINT('',(21.0700251010723,21.9436022797507,
-0.617823636953305));
#15930=DIRECTION('',(0.173648177666532,-0.984807753012278,
3.966387848025E-13));
#15940=DIRECTION('',(-0.984807753012278,-0.173648177666532,
1.02408539260241E-13));
#15950=AXIS2_PLACEMENT_3D('',#15920,#15930,#15940);
#15960=PLANE('',#15950);
#15970=ORIENTED_EDGE('',*,*,#1960,.F.);
#15980=CARTESIAN_POINT('',(21.0700251010723,21.9436022797507,
-0.617823636953305));
#15990=DIRECTION('',(3.19771212653255E-14,4.08396006638903E-13,1.));
#16000=VECTOR('',#15990,1.);
#16010=LINE('',#15980,#16000);
#16020=EDGE_CURVE('',#1870,#10550,#16010,.T.);
#16030=ORIENTED_EDGE('',*,*,#16020,.F.);
#16040=ORIENTED_EDGE('',*,*,#10560,.T.);
#16050=CARTESIAN_POINT('',(20.0157669910526,21.7577081303263,
5.15000001012958));
#16060=DIRECTION('',(-3.19771212653255E-14,-4.08396006638903E-13,-1.));
#16070=VECTOR('',#16060,1.);
#16080=LINE('',#16050,#16070);
#16090=EDGE_CURVE('',#10470,#1950,#16080,.T.);
#16100=ORIENTED_EDGE('',*,*,#16090,.F.);
#16110=EDGE_LOOP('',(#16100,#16040,#16030,#15970));
#16120=FACE_OUTER_BOUND('',#16110,.T.);
#16130=ADVANCED_FACE('',(#16120),#15960,.F.);
#16140=COLOUR_RGB('',0.560784339904785,0.588235318660736,
0.600000023841858);
#16150=FILL_AREA_STYLE_COLOUR('',#16140);
#16160=FILL_AREA_STYLE('',(#16150));
#16170=SURFACE_STYLE_FILL_AREA(#16160);
#16180=SURFACE_SIDE_STYLE('',(#16170));
#16190=SURFACE_STYLE_USAGE(.BOTH.,#16180);
#16200=PRESENTATION_STYLE_ASSIGNMENT((#16190));
#16210=CARTESIAN_POINT('',(21.0700251010723,21.9436022797507,
-0.617823636953305));
#16220=DIRECTION('',(-0.984807753012278,-0.173648177666532,
1.02408539260241E-13));
#16230=DIRECTION('',(3.19771212653255E-14,4.08396006638903E-13,1.));
#16240=AXIS2_PLACEMENT_3D('',#16210,#16220,#16230);
#16250=PLANE('',#16240);
#16260=ORIENTED_EDGE('',*,*,#1880,.T.);
#16270=CARTESIAN_POINT('',(21.0227916864415,22.2114762854284,
5.15000001012958));
#16280=DIRECTION('',(-3.19771212653255E-14,-4.08396006638903E-13,-1.));
#16290=VECTOR('',#16280,1.);
#16300=LINE('',#16270,#16290);
#16310=EDGE_CURVE('',#10630,#1790,#16300,.T.);
#16320=ORIENTED_EDGE('',*,*,#16310,.T.);
#16330=ORIENTED_EDGE('',*,*,#10640,.F.);
#16340=ORIENTED_EDGE('',*,*,#16020,.T.);
#16350=EDGE_LOOP('',(#16340,#16330,#16320,#16260));
#16360=FACE_OUTER_BOUND('',#16350,.T.);
#16370=ADVANCED_FACE('',(#16360),#16250,.T.);
#16380=COLOUR_RGB('',0.560784339904785,0.588235318660736,
0.600000023841858);
#16390=FILL_AREA_STYLE_COLOUR('',#16380);
#16400=FILL_AREA_STYLE('',(#16390));
#16410=SURFACE_STYLE_FILL_AREA(#16400);
#16420=SURFACE_SIDE_STYLE('',(#16410));
#16430=SURFACE_STYLE_USAGE(.BOTH.,#16420);
#16440=PRESENTATION_STYLE_ASSIGNMENT((#16430));
#16450=CARTESIAN_POINT('',(21.2663648690033,22.1228228971129,
6.15000001165117));
#16460=DIRECTION('',(-0.342020143318877,-0.93969262078838,
3.94703533396111E-13));
#16470=DIRECTION('',(-0.93969262078838,0.342020143318877,
-1.09630995834413E-13));
#16480=AXIS2_PLACEMENT_3D('',#16450,#16460,#16470);
#16490=PLANE('',#16480);
#16500=ORIENTED_EDGE('',*,*,#1800,.T.);
#16510=ORIENTED_EDGE('',*,*,#15780,.F.);
#16520=ORIENTED_EDGE('',*,*,#10720,.F.);
#16530=ORIENTED_EDGE('',*,*,#16310,.F.);
#16540=EDGE_LOOP('',(#16530,#16520,#16510,#16500));
#16550=FACE_OUTER_BOUND('',#16540,.T.);
#16560=ADVANCED_FACE('',(#16550),#16490,.F.);
#16570=COLOUR_RGB('',0.560784339904785,0.588235318660736,
0.600000023841858);
#16580=FILL_AREA_STYLE_COLOUR('',#16570);
#16590=FILL_AREA_STYLE('',(#16580));
#16600=SURFACE_STYLE_FILL_AREA(#16590);
#16610=SURFACE_SIDE_STYLE('',(#16600));
#16620=SURFACE_STYLE_USAGE(.BOTH.,#16610);
#16630=PRESENTATION_STYLE_ASSIGNMENT((#16620));
#16640=CARTESIAN_POINT('',(19.4098461438143,28.073441256959,
-0.617823636955755));
#16650=DIRECTION('',(-0.173648177666801,0.984807753012231,
-3.96638784802472E-13));
#16660=DIRECTION('',(0.984807753012231,0.173648177666801,
-1.02408539260349E-13));
#16670=AXIS2_PLACEMENT_3D('',#16640,#16650,#16660);
#16680=PLANE('',#16670);
#16690=ORIENTED_EDGE('',*,*,#10400,.T.);
#16700=CARTESIAN_POINT('',(19.9717003773286,28.1725113175528,
-0.617823636955813));
#16710=DIRECTION('',(3.19771212653255E-14,4.08396006638903E-13,1.));
#16720=VECTOR('',#16710,1.);
#16730=LINE('',#16700,#16720);
#16740=EDGE_CURVE('',#2110,#10310,#16730,.T.);
#16750=ORIENTED_EDGE('',*,*,#16740,.T.);
#16760=ORIENTED_EDGE('',*,*,#2120,.F.);
#16770=CARTESIAN_POINT('',(18.9174422673081,27.9866171681279,
5.15000001012958));
#16780=DIRECTION('',(3.19771212653255E-14,4.08396006638903E-13,1.));
#16790=VECTOR('',#16780,1.);
#16800=LINE('',#16770,#16790);
#16810=EDGE_CURVE('',#2030,#10390,#16800,.T.);
#16820=ORIENTED_EDGE('',*,*,#16810,.F.);
#16830=EDGE_LOOP('',(#16820,#16760,#16750,#16690));
#16840=FACE_OUTER_BOUND('',#16830,.T.);
#16850=ADVANCED_FACE('',(#16840),#16680,.F.);
#16860=COLOUR_RGB('',0.560784339904785,0.588235318660736,
0.600000023841858);
#16870=FILL_AREA_STYLE_COLOUR('',#16860);
#16880=FILL_AREA_STYLE('',(#16870));
#16890=SURFACE_STYLE_FILL_AREA(#16880);
#16900=SURFACE_SIDE_STYLE('',(#16890));
#16910=SURFACE_STYLE_USAGE(.BOTH.,#16900);
#16920=PRESENTATION_STYLE_ASSIGNMENT((#16910));
#16930=CARTESIAN_POINT('',(19.9717003773286,28.1725113175528,
-0.617823636955813));
#16940=DIRECTION('',(0.984807753012231,0.173648177666801,
-1.02408539260349E-13));
#16950=DIRECTION('',(3.19771212653255E-14,4.08396006638903E-13,1.));
#16960=AXIS2_PLACEMENT_3D('',#16930,#16940,#16950);
#16970=PLANE('',#16960);
#16980=ORIENTED_EDGE('',*,*,#16740,.F.);
#16990=ORIENTED_EDGE('',*,*,#10320,.T.);
#17000=CARTESIAN_POINT('',(20.0189337919594,27.9046373118822,
5.15000001012958));
#17010=DIRECTION('',(3.19771212653256E-14,4.08396006638903E-13,1.));
#17020=VECTOR('',#17010,1.);
#17030=LINE('',#17000,#17020);
#17040=EDGE_CURVE('',#2190,#10230,#17030,.T.);
#17050=ORIENTED_EDGE('',*,*,#17040,.T.);
#17060=ORIENTED_EDGE('',*,*,#2200,.F.);
#17070=EDGE_LOOP('',(#17060,#17050,#16990,#16980));
#17080=FACE_OUTER_BOUND('',#17070,.T.);
#17090=ADVANCED_FACE('',(#17080),#16970,.F.);
#17100=COLOUR_RGB('',0.560784339904785,0.588235318660736,
0.600000023841858);
#17110=FILL_AREA_STYLE_COLOUR('',#17100);
#17120=FILL_AREA_STYLE('',(#17110));
#17130=SURFACE_STYLE_FILL_AREA(#17120);
#17140=SURFACE_SIDE_STYLE('',(#17130));
#17150=SURFACE_STYLE_USAGE(.BOTH.,#17140);
#17160=PRESENTATION_STYLE_ASSIGNMENT((#17150));
#17170=CARTESIAN_POINT('',(20.3922104269834,28.8368240890456,
6.15000001164846));
#17180=DIRECTION('',(-0.984807753012135,-0.173648177667343,
1.02408539260568E-13));
#17190=DIRECTION('',(-0.173648177667343,0.984807753012135,
-3.96638784802416E-13));
#17200=AXIS2_PLACEMENT_3D('',#17170,#17180,#17190);
#17210=PLANE('',#17200);
#17220=ORIENTED_EDGE('',*,*,#10160,.T.);
#17230=CARTESIAN_POINT('',(20.3193563660658,29.2500000002115,
5.15000001012958));
#17240=DIRECTION('',(3.19771212653255E-14,4.08396006638903E-13,1.));
#17250=VECTOR('',#17240,1.);
#17260=LINE('',#17230,#17250);
#17270=EDGE_CURVE('',#2350,#10070,#17260,.T.);
#17280=ORIENTED_EDGE('',*,*,#17270,.T.);
#17290=ORIENTED_EDGE('',*,*,#2360,.T.);
#17300=CARTESIAN_POINT('',(20.4872848085796,28.2976304771887,
5.15000001012958));
#17310=DIRECTION('',(3.19771212653255E-14,4.08396006638903E-13,1.));
#17320=VECTOR('',#17310,1.);
#17330=LINE('',#17300,#17320);
#17340=EDGE_CURVE('',#2270,#10150,#17330,.T.);
#17350=ORIENTED_EDGE('',*,*,#17340,.F.);
#17360=EDGE_LOOP('',(#17350,#17290,#17280,#17220));
#17370=FACE_OUTER_BOUND('',#17360,.T.);
#17380=ADVANCED_FACE('',(#17370),#17210,.F.);
#17390=COLOUR_RGB('',0.560784339904785,0.588235318660736,
0.600000023841858);
#17400=FILL_AREA_STYLE_COLOUR('',#17390);
#17410=FILL_AREA_STYLE('',(#17400));
#17420=SURFACE_STYLE_FILL_AREA(#17410);
#17430=SURFACE_SIDE_STYLE('',(#17420));
#17440=SURFACE_STYLE_USAGE(.BOTH.,#17430);
#17450=PRESENTATION_STYLE_ASSIGNMENT((#17440));
#17460=CARTESIAN_POINT('',(3.17903999531648,24.5709600168275,0.));
#17470=DIRECTION('',(3.19771212652089E-14,8.16792267525923E-13,1.));
#17480=DIRECTION('',(0.,1.,-8.16792267525923E-13));
#17490=AXIS2_PLACEMENT_3D('',#17460,#17470,#17480);
#17500=CYLINDRICAL_SURFACE('',#17490,0.92096);
#17510=CARTESIAN_POINT('',(2.89999999529497,29.250000021835,
3.25000000006608));
#17520=DIRECTION('',(-5.9656937493592E-10,1.,-4.08396260867947E-13));
#17530=DIRECTION('',(-1.,-5.9656937493592E-10,6.3954243017858E-14));
#17540=AXIS2_PLACEMENT_3D('',#17510,#17520,#17530);
#17550=CYLINDRICAL_SURFACE('',#17540,2.9);
#17560=CARTESIAN_POINT('',(3.17903999642507,23.6500000168326,
6.1365440720745));
#17570=CARTESIAN_POINT('',(3.19421141476496,23.6500000168507,
6.13507746271931));
#17580=CARTESIAN_POINT('',(3.20938469150185,23.6503751638874,
6.13348979723406));
#17590=CARTESIAN_POINT('',(3.22453029888447,23.6511241869796,
6.13178418425358));
#17600=CARTESIAN_POINT('',(3.2396758964671,23.6518732095871,
6.13007857237672));
#17610=CARTESIAN_POINT('',(3.25479355609817,23.6529960967026,
6.12825504327321));
#17620=CARTESIAN_POINT('',(3.26985383400989,23.6544884306381,
6.12631850476444));
#17630=CARTESIAN_POINT('',(3.2999735085265,23.6574730111796,
6.12244554107049));
#17640=CARTESIAN_POINT('',(3.32984082490137,23.6619293157254,
6.11812392679278));
#17650=CARTESIAN_POINT('',(3.35942894783022,23.6678392345387,
6.11337651052456));
#17660=CARTESIAN_POINT('',(3.37421651663673,23.6707928971047,
6.11100384413784));
#17670=CARTESIAN_POINT('',(3.38891884194883,23.6741074550958,
6.10852721918304));
#17680=CARTESIAN_POINT('',(3.4035092827725,23.6777742239601,
6.10595490180813));
#17690=CARTESIAN_POINT('',(3.41809994962493,23.6814410496284,
6.10338254458399));
#17700=CARTESIAN_POINT('',(3.43257760503929,23.6854597612738,
6.10071471193442));
#17710=CARTESIAN_POINT('',(3.4469194908663,23.6898199045552,
6.0979605105025));
#17720=CARTESIAN_POINT('',(3.47561108610537,23.6985425696025,
6.09245060520519));
#17730=CARTESIAN_POINT('',(3.5038834983621,23.7086718021706,
6.08656982418323));
#17740=CARTESIAN_POINT('',(3.53155178450562,23.7201352639698,
6.0803961457892));
#17750=CARTESIAN_POINT('',(3.5592199852093,23.7315986903697,
6.07422248645952));
#17760=CARTESIAN_POINT('',(3.5862789607435,23.7443942182511,
6.06775730541675));
#17770=CARTESIAN_POINT('',(3.61255953288426,23.7584157828691,
6.06109567792409));
#17780=CARTESIAN_POINT('',(3.62570366043044,23.7654286147339,
6.05776389043638));
#17790=CARTESIAN_POINT('',(3.63862998517304,23.7727332323173,
6.05438956403899));
#17800=CARTESIAN_POINT('',(3.65141001434452,23.780369170235,
6.05096108301389));
#17810=CARTESIAN_POINT('',(3.66418671371004,23.7880031186273,
6.0475334952713));
#17820=CARTESIAN_POINT('',(3.67679507753503,23.7959569591783,
6.04405726353552));
#17830=CARTESIAN_POINT('',(3.68921476311534,23.804220799166,
6.04054475967709));
#17840=CARTESIAN_POINT('',(3.7140543793933,23.8207486422381,
6.03351968263677));
#17850=CARTESIAN_POINT('',(3.73813697300298,23.8385173035233,
6.02634926848326));
#17860=CARTESIAN_POINT('',(3.76130819489534,23.8574258092544,
6.01914213994383));
#17870=CARTESIAN_POINT('',(3.78447933135719,23.8763342452713,
6.01193503797653));
#17880=CARTESIAN_POINT('',(3.80673584232473,23.896379900089,
6.00469256363447));
#17890=CARTESIAN_POINT('',(3.82794228462448,23.917436382571,
5.9975303663383));
#17900=CARTESIAN_POINT('',(3.84914890489298,23.9384930417632,
5.99036810893553));
#17910=CARTESIAN_POINT('',(3.86930273298204,23.9605575465076,
5.98328745839899));
#17920=CARTESIAN_POINT('',(3.88829542431408,23.983487414886,
5.97640278600982));
#17930=CARTESIAN_POINT('',(3.89779705119046,23.9949587250782,
5.97295853542605));
#17940=CARTESIAN_POINT('',(3.90698459993177,24.0066143393843,
5.96957222565378));
#17950=CARTESIAN_POINT('',(3.91592330831275,24.0185378009251,
5.96622897208222));
#17960=CARTESIAN_POINT('',(3.92486169003712,24.0304608267344,
5.96288584068669));
#17970=CARTESIAN_POINT('',(3.93353882408982,24.0426386368592,
5.95959008677453));
#17980=CARTESIAN_POINT('',(3.941934866917,24.0550542730322,
5.95635765007609));
#17990=CARTESIAN_POINT('',(3.95872717786308,24.0798858785281,
5.94989268994298));
#18000=CARTESIAN_POINT('',(3.97439207271257,24.1056689154551,
5.94368204563548));
#18010=CARTESIAN_POINT('',(3.98878928905106,24.1322421087219,
5.93785004805276));
#18020=CARTESIAN_POINT('',(3.99598767969095,24.1455283038576,
5.93493413737778));
#18030=CARTESIAN_POINT('',(4.00286923321737,24.1590108827295,
5.93211291872049));
#18040=CARTESIAN_POINT('',(4.00941922593757,24.1726665886246,
5.92940086171641));
#18050=CARTESIAN_POINT('',(4.01596922239444,24.1863223023101,
5.92668880316515));
#18060=CARTESIAN_POINT('',(4.02218756734047,24.200150951414,
5.9240859599745));
#18070=CARTESIAN_POINT('',(4.02806196966203,24.2141281114782,
5.92160554519734));
#18080=CARTESIAN_POINT('',(4.03393638316364,24.2281052981434,
5.91912512569951));
#18090=CARTESIAN_POINT('',(4.03946677569509,24.2422307881731,
5.9167671828288));
#18100=CARTESIAN_POINT('',(4.04464349683913,24.2564796521797,
5.91454334953581));
#18110=CARTESIAN_POINT('',(4.04982023565763,24.2707285648351,
5.91231950865017));
#18120=CARTESIAN_POINT('',(4.05464324174965,24.2851006331563,
5.91022981696526));
#18130=CARTESIAN_POINT('',(4.05910558918956,24.2995712328321,
5.90828407613082));
#18140=CARTESIAN_POINT('',(4.06801626589866,24.3284669737474,
5.90439870687867));
#18150=CARTESIAN_POINT('',(4.07554343125895,24.3579235265442,
5.90106430751047));
#18160=CARTESIAN_POINT('',(4.08162342107358,24.3879013345774,
5.89835157916515));
#18170=CARTESIAN_POINT('',(4.08466180109969,24.4028822763112,
5.89699593550916));
#18180=CARTESIAN_POINT('',(4.08733443662758,24.4179761299365,
5.89579728488535));
#18190=CARTESIAN_POINT('',(4.08963095776866,24.4331506532145,
5.89476429579668));
#18200=CARTESIAN_POINT('',(4.09192747376097,24.4483251424715,
5.89373130902395));
#18210=CARTESIAN_POINT('',(4.09384780292234,24.4635799309718,
5.89286402739034));
#18220=CARTESIAN_POINT('',(4.09538533011306,24.478880980147,
5.89216841031495));
#18230=CARTESIAN_POINT('',(4.09692285714733,24.4941820277655,
5.89147279331034));
#18240=CARTESIAN_POINT('',(4.09807754013907,24.5095289432093,
5.89094886687704));
#18250=CARTESIAN_POINT('',(4.09884682590224,24.5248870745765,
5.89059960688114));
#18260=CARTESIAN_POINT('',(4.09961611328386,24.5402452382544,
5.89025034615046));
#18270=CARTESIAN_POINT('',(4.09999999533497,24.5556142192495,
5.89007575781157));
#18280=CARTESIAN_POINT('',(4.09999999531667,24.5709600179308,
5.89007575781572));
#18290=B_SPLINE_CURVE_WITH_KNOTS('',3,(#17560,#17570,#17580,#17590,
#17600,#17610,#17620,#17630,#17640,#17650,#17660,#17670,#17680,#17690,
#17700,#17710,#17720,#17730,#17740,#17750,#17760,#17770,#17780,#17790,
#17800,#17810,#17820,#17830,#17840,#17850,#17860,#17870,#17880,#17890,
#17900,#17910,#17920,#17930,#17940,#17950,#17960,#17970,#17980,#17990,
#18000,#18010,#18020,#18030,#18040,#18050,#18060,#18070,#18080,#18090,
#18100,#18110,#18120,#18130,#18140,#18150,#18160,#18170,#18180,#18190,
#18200,#18210,#18220,#18230,#18240,#18250,#18260,#18270,#18280),
.UNSPECIFIED.,.F.,.F.,(4,3,3,3,3,3,3,3,3,3,3,3,3,3,3,3,3,3,3,3,3,3,3,3,4
),(0.,0.0457575343754942,0.0915382576053236,0.183062227172371,
0.228858523883226,0.274617527166282,0.366252153996534,0.457940201569112,
0.5037050118636,0.549607034024414,0.641762714453435,0.734038407559234,
0.826005606758523,0.87178478806446,0.917696726287755,1.00990685324759,
1.05607578926866,1.1022042678726,1.1482362498631,1.19412405259787,
1.28586167594146,1.33195948786555,1.37812921560814,1.42429780864721,
1.47039395856853),.UNSPECIFIED.);
#18300=SURFACE_CURVE('',#18290,(#17500,#17550),.CURVE_3D.);
#18310=CARTESIAN_POINT('',(3.17903999641562,23.6500000168326,
6.13654407207541));
#18320=VERTEX_POINT('',#18310);
#18330=CARTESIAN_POINT('',(4.09999999531667,24.5709600179315,
5.8900757584612));
#18340=VERTEX_POINT('',#18330);
#18350=EDGE_CURVE('',#18320,#18340,#18300,.T.);
#18360=ORIENTED_EDGE('',*,*,#18350,.F.);
#18370=CARTESIAN_POINT('',(4.09999999531648,24.5709600179267,
-2.94496504981917E-14));
#18380=DIRECTION('',(3.19771212652089E-14,8.16792267525923E-13,1.));
#18390=VECTOR('',#18380,1.);
#18400=LINE('',#18370,#18390);
#18410=EDGE_CURVE('',#18340,#9490,#18400,.T.);
#18420=ORIENTED_EDGE('',*,*,#18410,.F.);
#18430=ORIENTED_EDGE('',*,*,#9500,.T.);
#18440=CARTESIAN_POINT('',(3.17903999641542,23.6500000168275,
7.52233006665533E-13));
#18450=DIRECTION('',(3.19771212652089E-14,8.16792267525923E-13,1.));
#18460=VECTOR('',#18450,1.);
#18470=LINE('',#18440,#18460);
#18480=EDGE_CURVE('',#18320,#9400,#18470,.T.);
#18490=ORIENTED_EDGE('',*,*,#18480,.T.);
#18500=EDGE_LOOP('',(#18490,#18430,#18420,#18360));
#18510=FACE_OUTER_BOUND('',#18500,.T.);
#18520=ADVANCED_FACE('',(#18510),#17500,.F.);
#18530=COLOUR_RGB('',0.560784339904785,0.588235318660736,
0.600000023841858);
#18540=FILL_AREA_STYLE_COLOUR('',#18530);
#18550=FILL_AREA_STYLE('',(#18540));
#18560=SURFACE_STYLE_FILL_AREA(#18550);
#18570=SURFACE_SIDE_STYLE('',(#18560));
#18580=SURFACE_STYLE_USAGE(.BOTH.,#18570);
#18590=PRESENTATION_STYLE_ASSIGNMENT((#18580));
#18600=CARTESIAN_POINT('',(14.3000000048904,23.6500000233005,
6.15000001226504));
#18610=DIRECTION('',(1.19325641018175E-9,-1.,8.16792267487766E-13));
#18620=DIRECTION('',(-1.,-1.19325641018175E-9,3.19771222398515E-14));
#18630=AXIS2_PLACEMENT_3D('',#18600,#18610,#18620);
#18640=PLANE('',#18630);
#18650=CARTESIAN_POINT('',(13.7000000053104,23.650000022583,
3.24999999997044));
#18660=DIRECTION('',(1.19337745224703E-9,-1.,4.88386526511948E-13));
#18670=DIRECTION('',(-1.,-1.19337745224706E-9,-6.1991112058554E-11));
#18680=AXIS2_PLACEMENT_3D('',#18650,#18660,#18670);
#18690=CIRCLE('',#18680,2.89999999978364);
#18700=CARTESIAN_POINT('',(13.4387938934958,23.6500000221938,
6.13821248622924));
#18710=VERTEX_POINT('',#18700);
#18720=CARTESIAN_POINT('',(13.4209600095112,23.6500000222516,
6.13654407195165));
#18730=VERTEX_POINT('',#18720);
#18740=EDGE_CURVE('',#18710,#18730,#18690,.T.);
#18750=ORIENTED_EDGE('',*,*,#18740,.T.);
#18760=CARTESIAN_POINT('',(0.,23.6500000062369,6.13821248156054));
#18770=DIRECTION('',(-1.,-1.19325641018203E-9,-3.49349417757966E-10));
#18780=VECTOR('',#18770,1.);
#18790=LINE('',#18760,#18780);
#18800=CARTESIAN_POINT('',(14.5612061125909,23.6500000236122,
6.13821248664749));
#18810=VERTEX_POINT('',#18800);
#18820=EDGE_CURVE('',#18810,#18710,#18790,.T.);
#18830=ORIENTED_EDGE('',*,*,#18820,.T.);
#18840=CARTESIAN_POINT('',(14.3000000016682,23.6500000232981,
3.25000000007096));
#18850=DIRECTION('',(-5.9656937493592E-10,1.,-4.08396260867947E-13));
#18860=DIRECTION('',(-1.,-5.9656937493592E-10,6.3954243017858E-14));
#18870=AXIS2_PLACEMENT_3D('',#18840,#18850,#18860);
#18880=CIRCLE('',#18870,2.9);
#18890=CARTESIAN_POINT('',(14.5790399994922,23.6500000234658,
6.13654407207374));
#18900=VERTEX_POINT('',#18890);
#18910=EDGE_CURVE('',#18810,#18900,#18880,.T.);
#18920=ORIENTED_EDGE('',*,*,#18910,.F.);
#18930=CARTESIAN_POINT('',(14.5790399994479,23.6500000236284,
7.52233006665533E-13));
#18940=DIRECTION('',(3.19771212652089E-14,8.16792267525923E-13,1.));
#18950=VECTOR('',#18940,1.);
#18960=LINE('',#18930,#18950);
#18970=EDGE_CURVE('',#18900,#9860,#18960,.T.);
#18980=ORIENTED_EDGE('',*,*,#18970,.F.);
#18990=ORIENTED_EDGE('',*,*,#9870,.T.);
#19000=CARTESIAN_POINT('',(13.4209600100438,23.6500000222465,
7.52233006665533E-13));
#19010=DIRECTION('',(3.1977121265209E-14,8.16792267525923E-13,1.));
#19020=VECTOR('',#19010,1.);
#19030=LINE('',#19000,#19020);
#19040=EDGE_CURVE('',#18730,#9780,#19030,.T.);
#19050=ORIENTED_EDGE('',*,*,#19040,.T.);
#19060=EDGE_LOOP('',(#19050,#18990,#18980,#18920,#18830,#18750));
#19070=FACE_OUTER_BOUND('',#19060,.T.);
#19080=ADVANCED_FACE('',(#19070),#18640,.F.);
#19090=COLOUR_RGB('',0.560784339904785,0.588235318660736,
0.600000023841858);
#19100=FILL_AREA_STYLE_COLOUR('',#19090);
#19110=FILL_AREA_STYLE('',(#19100));
#19120=SURFACE_STYLE_FILL_AREA(#19110);
#19130=SURFACE_SIDE_STYLE('',(#19120));
#19140=SURFACE_STYLE_USAGE(.BOTH.,#19130);
#19150=PRESENTATION_STYLE_ASSIGNMENT((#19140));
#19160=CARTESIAN_POINT('',(-36.8790399976374,24.5709599945359,0.));
#19170=DIRECTION('',(-3.19771212653255E-14,-4.08396006638903E-13,-1.));
#19180=DIRECTION('',(0.,-1.,4.08396006638903E-13));
#19190=AXIS2_PLACEMENT_3D('',#19160,#19170,#19180);
#19200=CYLINDRICAL_SURFACE('',#19190,0.92096);
#19210=ORIENTED_EDGE('',*,*,#7250,.F.);
#19220=CARTESIAN_POINT('',(-37.7999999976374,24.5709599950856,
2.94496493760477E-14));
#19230=DIRECTION('',(-3.19771212653255E-14,-4.08396006638903E-13,-1.));
#19240=VECTOR('',#19230,1.);
#19250=LINE('',#19220,#19240);
#19260=CARTESIAN_POINT('',(-37.7999999976372,24.5709599950882,
5.89007575720612));
#19270=VERTEX_POINT('',#19260);
#19280=EDGE_CURVE('',#7150,#19270,#19250,.T.);
#19290=ORIENTED_EDGE('',*,*,#19280,.F.);
#19300=CARTESIAN_POINT('',(-36.6000000004077,29.2499999997085,
3.24999999945832));
#19310=DIRECTION('',(-1.23069611928547E-13,1.,0.));
#19320=DIRECTION('',(1.,1.23069611928547E-13,3.08148791101934E-33));
#19330=AXIS2_PLACEMENT_3D('',#19300,#19310,#19320);
#19340=CYLINDRICAL_SURFACE('',#19330,2.9);
#19350=CARTESIAN_POINT('',(-36.8790399981866,23.6499999945384,
6.13654407146538));
#19360=CARTESIAN_POINT('',(-36.8942196054505,23.6499999945475,
6.13507667049331));
#19370=CARTESIAN_POINT('',(-36.9093987493766,23.6503755499857,
6.13348830616105));
#19380=CARTESIAN_POINT('',(-36.9245476783161,23.6511250242317,
6.13178222661633));
#19390=CARTESIAN_POINT('',(-36.9396966036663,23.6518744983001,
6.13007614747582));
#19400=CARTESIAN_POINT('',(-36.9548150438032,23.6529978771562,
6.12825238452395));
#19410=CARTESIAN_POINT('',(-36.9698735122002,23.6544903582536,
6.12631597397741));
#19420=CARTESIAN_POINT('',(-36.9999770113424,23.6574739886102,
6.12244488086955));
#19430=CARTESIAN_POINT('',(-37.0298770108278,23.6619352765847,
6.11811850750403));
#19440=CARTESIAN_POINT('',(-37.0594654900242,23.6678465114717,
6.11337064676383));
#19450=CARTESIAN_POINT('',(-37.0890518128314,23.6737573155517,
6.10862313204464));
#19460=CARTESIAN_POINT('',(-37.118255745611,23.681104603423,
6.10346538437379));
#19470=CARTESIAN_POINT('',(-37.1469498644131,23.6898291161304,
6.09795467716364));
#19480=CARTESIAN_POINT('',(-37.1756655790211,23.6985601950921,
6.09243982247771));
#19490=CARTESIAN_POINT('',(-37.203949300289,23.7086966476628,
6.08655578627601));
#19500=CARTESIAN_POINT('',(-37.2316146981522,23.7201613096796,
6.08038210680567));
#19510=CARTESIAN_POINT('',(-37.2592800991092,23.7316259729784,
6.07420842664493));
#19520=CARTESIAN_POINT('',(-37.2863220446175,23.74441662305,
6.06774651803393));
#19530=CARTESIAN_POINT('',(-37.3125729917243,23.7584229402221,
6.06109226618806));
#19540=CARTESIAN_POINT('',(-37.3388234307054,23.7724289862813,
6.05443814314503));
#19550=CARTESIAN_POINT('',(-37.364459789801,23.7877443113762,
6.04754691422733));
#19560=CARTESIAN_POINT('',(-37.3893205957843,23.8042912050565,
6.04051482610043));
#19570=CARTESIAN_POINT('',(-37.4141811054021,23.8208379014814,
6.03348282180298));
#19580=CARTESIAN_POINT('',(-37.4382623900047,23.8386139427171,
6.02631122260528));
#19590=CARTESIAN_POINT('',(-37.4614135239407,23.8575117501103,
6.01910937640022));
#19600=CARTESIAN_POINT('',(-37.4845646728391,23.8764095697171,
6.01190752554065));
#19610=CARTESIAN_POINT('',(-37.5067824889511,23.8964264776657,
6.00467677130758));
#19620=CARTESIAN_POINT('',(-37.527937847807,23.9174319525642,
5.99753186485356));
#19630=CARTESIAN_POINT('',(-37.5491012686047,23.9384454322864,
5.99038423559908));
#19640=CARTESIAN_POINT('',(-37.5691677779363,23.9604080039355,
5.98333504716854));
#19650=CARTESIAN_POINT('',(-37.5881269615214,23.983284064072,
5.9764638464071));
#19660=CARTESIAN_POINT('',(-37.6071154160265,24.0061954423603,
5.9695820372581));
#19670=CARTESIAN_POINT('',(-37.6251041876856,24.0301654040937,
5.96283741636731));
#19680=CARTESIAN_POINT('',(-37.6419396843746,24.0550613711864,
5.95635579553793));
#19690=CARTESIAN_POINT('',(-37.6587749932094,24.0799570604844,
5.94987424703189));
#19700=CARTESIAN_POINT('',(-37.6744538206621,24.1057745092045,
5.94365739297069));
#19710=CARTESIAN_POINT('',(-37.6888471355928,24.1323488673238,
5.93782661518301));
#19720=CARTESIAN_POINT('',(-37.7032405208915,24.1589233553636,
5.931995808889));
#19730=CARTESIAN_POINT('',(-37.7163455825449,24.1862494871013,
5.92655272028593));
#19740=CARTESIAN_POINT('',(-37.7280684097237,24.2141434071017,
5.92160282620891));
#19750=CARTESIAN_POINT('',(-37.7339297335305,24.2280901534685,
5.91912791708056));
#19760=CARTESIAN_POINT('',(-37.7394458455739,24.2421780777159,
5.91677609399207));
#19770=CARTESIAN_POINT('',(-37.7446085984953,24.2563835828216,
5.91455834131958));
#19780=CARTESIAN_POINT('',(-37.749773631746,24.2705953623374,
5.91233960909093));
#19790=CARTESIAN_POINT('',(-37.754574476219,24.2848891224303,
5.9102596798835));
#19800=CARTESIAN_POINT('',(-37.7590452430609,24.2993755884566,
5.90831038868704));
#19810=CARTESIAN_POINT('',(-37.763514615782,24.3138575371629,
5.90636170533878));
#19820=CARTESIAN_POINT('',(-37.7676421998755,24.3285016144749,
5.90454867732559));
#19830=CARTESIAN_POINT('',(-37.7714127611179,24.3432800160645,
5.90288374060563));
#19840=CARTESIAN_POINT('',(-37.775183305429,24.358058351293,
5.90121881136191));
#19850=CARTESIAN_POINT('',(-37.7785967184345,24.3729707051815,
5.89970203671673));
#19860=CARTESIAN_POINT('',(-37.7816406391862,24.3879862164296,
5.89834389721511));
#19870=CARTESIAN_POINT('',(-37.7846845525434,24.403001691201,
5.89698576101277));
#19880=CARTESIAN_POINT('',(-37.7873588857357,24.4181199785106,
5.89578631265837));
#19890=CARTESIAN_POINT('',(-37.7896547835681,24.4333081393235,
5.89475357907629));
#19900=CARTESIAN_POINT('',(-37.7919506805266,24.4484962943553,
5.89372084588731));
#19910=CARTESIAN_POINT('',(-37.7938680807255,24.4637539501575,
5.89285486520701));
#19920=CARTESIAN_POINT('',(-37.7954020204086,24.4790471835576,
5.89216085954543));
#19930=CARTESIAN_POINT('',(-37.79693596277,24.4943404436602,
5.89146685267209));
#19940=CARTESIAN_POINT('',(-37.7980864146437,24.5096688952284,
5.8909448401797));
#19950=CARTESIAN_POINT('',(-37.7988524206665,24.5249988365785,
5.89059706725152));
#19960=CARTESIAN_POINT('',(-37.799618429782,24.5403288398214,
5.89024929291926));
#19970=CARTESIAN_POINT('',(-37.7999999976464,24.5556599508278,
5.89007575720197));
#19980=CARTESIAN_POINT('',(-37.7999999976372,24.5709599950874,
5.89007575720612));
#19990=B_SPLINE_CURVE_WITH_KNOTS('',3,(#19350,#19360,#19370,#19380,
#19390,#19400,#19410,#19420,#19430,#19440,#19450,#19460,#19470,#19480,
#19490,#19500,#19510,#19520,#19530,#19540,#19550,#19560,#19570,#19580,
#19590,#19600,#19610,#19620,#19630,#19640,#19650,#19660,#19670,#19680,
#19690,#19700,#19710,#19720,#19730,#19740,#19750,#19760,#19770,#19780,
#19790,#19800,#19810,#19820,#19830,#19840,#19850,#19860,#19870,#19880,
#19890,#19900,#19910,#19920,#19930,#19940,#19950,#19960,#19970,#19980),
.UNSPECIFIED.,.F.,.F.,(4,3,3,3,3,3,3,3,3,3,3,3,3,3,3,3,3,3,3,3,3,4),(0.,
0.0457750430078326,0.0915581916437516,0.183099947975063,
0.274649800808224,0.36632168253594,0.457955828732909,0.549737634982465,
0.641902561725763,0.734031976361245,0.825734589071791,0.917705525412758,
1.01003054080526,1.10222110976249,1.14813296974287,1.19391765455981,
1.23985775308665,1.28594866180638,1.33211916181117,1.37829646144343,
1.42440977557153,1.47039397205406),.UNSPECIFIED.);
#20000=SURFACE_CURVE('',#19990,(#19200,#19340),.CURVE_3D.);
#20010=CARTESIAN_POINT('',(-36.879039998189,23.6499999945384,
6.13654407146515));
#20020=VERTEX_POINT('',#20010);
#20030=EDGE_CURVE('',#20020,#19270,#20000,.T.);
#20040=ORIENTED_EDGE('',*,*,#20030,.T.);
#20050=CARTESIAN_POINT('',(-36.8790399981868,23.6499999945359,
3.76116386291732E-13));
#20060=DIRECTION('',(-3.19771212653255E-14,-4.08396006638903E-13,-1.));
#20070=VECTOR('',#20060,1.);
#20080=LINE('',#20050,#20070);
#20090=EDGE_CURVE('',#7240,#20020,#20080,.T.);
#20100=ORIENTED_EDGE('',*,*,#20090,.T.);
#20110=EDGE_LOOP('',(#20100,#20040,#19290,#19210));
#20120=FACE_OUTER_BOUND('',#20110,.T.);
#20130=ADVANCED_FACE('',(#20120),#19200,.F.);
#20140=COLOUR_RGB('',0.560784339904785,0.588235318660736,
0.600000023841858);
#20150=FILL_AREA_STYLE_COLOUR('',#20140);
#20160=FILL_AREA_STYLE('',(#20150));
#20170=SURFACE_STYLE_FILL_AREA(#20160);
#20180=SURFACE_SIDE_STYLE('',(#20170));
#20190=SURFACE_STYLE_USAGE(.BOTH.,#20180);
#20200=PRESENTATION_STYLE_ASSIGNMENT((#20190));
#20210=CARTESIAN_POINT('',(2.90000000185797,23.6500000164996,
6.15000001226246));
#20220=DIRECTION('',(1.19325641018175E-9,-1.,8.16792267487766E-13));
#20230=DIRECTION('',(-1.,-1.19325641018175E-9,3.19771222398515E-14));
#20240=AXIS2_PLACEMENT_3D('',#20210,#20220,#20230);
#20250=PLANE('',#20240);
#20260=ORIENTED_EDGE('',*,*,#9410,.T.);
#20270=CARTESIAN_POINT('',(2.02096000701139,23.6500000154457,
7.52233006665533E-13));
#20280=DIRECTION('',(3.1977121265209E-14,8.16792267525923E-13,1.));
#20290=VECTOR('',#20280,1.);
#20300=LINE('',#20270,#20290);
#20310=CARTESIAN_POINT('',(2.02096000701159,23.6500000154507,
6.13654407212082));
#20320=VERTEX_POINT('',#20310);
#20330=EDGE_CURVE('',#20320,#9320,#20300,.T.);
#20340=ORIENTED_EDGE('',*,*,#20330,.T.);
#20350=CARTESIAN_POINT('',(2.30000000227797,23.6500000157822,
3.24999999996786));
#20360=DIRECTION('',(1.19337745224703E-9,-1.,4.88386526511948E-13));
#20370=DIRECTION('',(-1.,-1.19337745224706E-9,-6.1991112058554E-11));
#20380=AXIS2_PLACEMENT_3D('',#20350,#20360,#20370);
#20390=CIRCLE('',#20380,2.89999999978364);
#20400=CARTESIAN_POINT('',(2.0387938886754,23.6500000154718,
6.13821248608479));
#20410=VERTEX_POINT('',#20400);
#20420=EDGE_CURVE('',#20410,#20320,#20390,.T.);
#20430=ORIENTED_EDGE('',*,*,#20420,.T.);
#20440=CARTESIAN_POINT('',(0.,23.6500000130391,6.13821248554054));
#20450=DIRECTION('',(1.,1.19325641018203E-9,3.49349417757966E-10));
#20460=VECTOR('',#20450,1.);
#20470=LINE('',#20440,#20460);
#20480=CARTESIAN_POINT('',(3.16120610955847,23.6500000166542,
6.13821248664491));
#20490=VERTEX_POINT('',#20480);
#20500=EDGE_CURVE('',#20410,#20490,#20470,.T.);
#20510=ORIENTED_EDGE('',*,*,#20500,.F.);
#20520=CARTESIAN_POINT('',(2.89999999863576,23.6500000164972,
3.25000000006837));
#20530=DIRECTION('',(-5.9656937493592E-10,1.,-4.08396260867947E-13));
#20540=DIRECTION('',(-1.,-5.9656937493592E-10,6.3954243017858E-14));
#20550=AXIS2_PLACEMENT_3D('',#20520,#20530,#20540);
#20560=CIRCLE('',#20550,2.9);
#20570=EDGE_CURVE('',#20490,#18320,#20560,.T.);
#20580=ORIENTED_EDGE('',*,*,#20570,.F.);
#20590=ORIENTED_EDGE('',*,*,#18480,.F.);
#20600=EDGE_LOOP('',(#20590,#20580,#20510,#20430,#20340,#20260));
#20610=FACE_OUTER_BOUND('',#20600,.T.);
#20620=ADVANCED_FACE('',(#20610),#20250,.F.);
#20630=COLOUR_RGB('',0.560784339904785,0.588235318660736,
0.600000023841858);
#20640=FILL_AREA_STYLE_COLOUR('',#20630);
#20650=FILL_AREA_STYLE('',(#20640));
#20660=SURFACE_STYLE_FILL_AREA(#20650);
#20670=SURFACE_SIDE_STYLE('',(#20660));
#20680=SURFACE_STYLE_USAGE(.BOTH.,#20670);
#20690=PRESENTATION_STYLE_ASSIGNMENT((#20680));
#20700=CARTESIAN_POINT('',(-44.2999999999991,-2.49999999995113,0.));
#20710=DIRECTION('',(-3.19771212653255E-14,-4.08396006638903E-13,-1.));
#20720=DIRECTION('',(0.,-1.,4.08396006638903E-13));
#20730=AXIS2_PLACEMENT_3D('',#20700,#20710,#20720);
#20740=CYLINDRICAL_SURFACE('',#20730,0.5);
#20750=ORIENTED_EDGE('',*,*,#5560,.F.);
#20760=ORIENTED_EDGE('',*,*,#13000,.T.);
#20770=ORIENTED_EDGE('',*,*,#12550,.T.);
#20780=ORIENTED_EDGE('',*,*,#13440,.F.);
#20790=EDGE_LOOP('',(#20780,#20770,#20760,#20750));
#20800=FACE_OUTER_BOUND('',#20790,.T.);
#20810=ADVANCED_FACE('',(#20800),#20740,.T.);
#20820=COLOUR_RGB('',0.560784339904785,0.588235318660736,
0.600000023841858);
#20830=FILL_AREA_STYLE_COLOUR('',#20820);
#20840=FILL_AREA_STYLE('',(#20830));
#20850=SURFACE_STYLE_FILL_AREA(#20840);
#20860=SURFACE_SIDE_STYLE('',(#20850));
#20870=SURFACE_STYLE_USAGE(.BOTH.,#20860);
#20880=PRESENTATION_STYLE_ASSIGNMENT((#20870));
#20890=CARTESIAN_POINT('',(-7.9595836942894,27.8000000002176,0.));
#20900=DIRECTION('',(-3.19771212653255E-14,-4.08396006638903E-13,-1.));
#20910=DIRECTION('',(0.,-1.,4.08396006638903E-13));
#20920=AXIS2_PLACEMENT_3D('',#20890,#20900,#20910);
#20930=CYLINDRICAL_SURFACE('',#20920,0.3);
#20940=ORIENTED_EDGE('',*,*,#8920,.T.);
#20950=CARTESIAN_POINT('',(-8.17171572864535,28.0121320345736,
-7.98505039243069E-14));
#20960=DIRECTION('',(-3.19771212653255E-14,-4.08396006638903E-13,-1.));
#20970=VECTOR('',#20960,1.);
#20980=LINE('',#20950,#20970);
#20990=EDGE_CURVE('',#8820,#2840,#20980,.T.);
#21000=ORIENTED_EDGE('',*,*,#20990,.F.);
#21010=ORIENTED_EDGE('',*,*,#2850,.F.);
#21020=CARTESIAN_POINT('',(-7.6595836942894,27.8000000002176,
-9.59313637959766E-15));
#21030=DIRECTION('',(-3.19771212653255E-14,-4.08396006638903E-13,-1.));
#21040=VECTOR('',#21030,1.);
#21050=LINE('',#21020,#21040);
#21060=EDGE_CURVE('',#8910,#2750,#21050,.T.);
#21070=ORIENTED_EDGE('',*,*,#21060,.T.);
#21080=EDGE_LOOP('',(#21070,#21010,#21000,#20940));
#21090=FACE_OUTER_BOUND('',#21080,.T.);
#21100=ADVANCED_FACE('',(#21090),#20930,.T.);
#21110=COLOUR_RGB('',0.560784339904785,0.588235318660736,
0.600000023841858);
#21120=FILL_AREA_STYLE_COLOUR('',#21110);
#21130=FILL_AREA_STYLE('',(#21120));
#21140=SURFACE_STYLE_FILL_AREA(#21130);
#21150=SURFACE_SIDE_STYLE('',(#21140));
#21160=SURFACE_STYLE_USAGE(.BOTH.,#21150);
#21170=PRESENTATION_STYLE_ASSIGNMENT((#21160));
#21180=CARTESIAN_POINT('',(-7.50132612477754,27.8000000001341,
6.15000001164978));
#21190=DIRECTION('',(-1.0900289045847E-24,-1.,4.08396006638903E-13));
#21200=DIRECTION('',(-1.,1.10308823321327E-24,3.19771212653255E-14));
#21210=AXIS2_PLACEMENT_3D('',#21180,#21190,#21200);
#21220=PLANE('',#21210);
#21230=ORIENTED_EDGE('',*,*,#9000,.F.);
#21240=ORIENTED_EDGE('',*,*,#21060,.F.);
#21250=ORIENTED_EDGE('',*,*,#2760,.T.);
#21260=CARTESIAN_POINT('',(-6.7499999999898,27.8000000001337,
5.15000001012958));
#21270=DIRECTION('',(-3.19771212653255E-14,-4.08396006638903E-13,-1.));
#21280=VECTOR('',#21270,1.);
#21290=LINE('',#21260,#21280);
#21300=EDGE_CURVE('',#8990,#2670,#21290,.T.);
#21310=ORIENTED_EDGE('',*,*,#21300,.T.);
#21320=EDGE_LOOP('',(#21310,#21250,#21240,#21230));
#21330=FACE_OUTER_BOUND('',#21320,.T.);
#21340=ADVANCED_FACE('',(#21330),#21220,.F.);
#21350=COLOUR_RGB('',0.560784339904785,0.588235318660736,
0.600000023841858);
#21360=FILL_AREA_STYLE_COLOUR('',#21350);
#21370=FILL_AREA_STYLE('',(#21360));
#21380=SURFACE_STYLE_FILL_AREA(#21370);
#21390=SURFACE_SIDE_STYLE('',(#21380));
#21400=SURFACE_STYLE_USAGE(.BOTH.,#21390);
#21410=PRESENTATION_STYLE_ASSIGNMENT((#21400));
#21420=CARTESIAN_POINT('',(-25.8000000000954,-0.300000000004545,
6.15000001166184));
#21430=DIRECTION('',(3.19771212653255E-14,4.08396006638903E-13,1.));
#21440=DIRECTION('',(1.,-1.30593272779735E-26,-3.19771212653255E-14));
#21450=AXIS2_PLACEMENT_3D('',#21420,#21430,#21440);
#21460=CYLINDRICAL_SURFACE('',#21450,8.3);
#21470=ORIENTED_EDGE('',*,*,#11970,.T.);
#21480=ORIENTED_EDGE('',*,*,#14500,.F.);
#21490=ORIENTED_EDGE('',*,*,#560,.F.);
#21500=ORIENTED_EDGE('',*,*,#14190,.T.);
#21510=EDGE_LOOP('',(#21500,#21490,#21480,#21470));
#21520=FACE_OUTER_BOUND('',#21510,.T.);
#21530=ADVANCED_FACE('',(#21520),#21460,.F.);
#21540=COLOUR_RGB('',0.560784339904785,0.588235318660736,
0.600000023841858);
#21550=FILL_AREA_STYLE_COLOUR('',#21540);
#21560=FILL_AREA_STYLE('',(#21550));
#21570=SURFACE_STYLE_FILL_AREA(#21560);
#21580=SURFACE_SIDE_STYLE('',(#21570));
#21590=SURFACE_STYLE_USAGE(.BOTH.,#21580);
#21600=PRESENTATION_STYLE_ASSIGNMENT((#21590));
#21610=CARTESIAN_POINT('',(-8.86192388152356,27.3219238816978,
6.15000001165001));
#21620=DIRECTION('',(0.707106781186506,-0.707106781186589,
2.66168346414356E-13));
#21630=DIRECTION('',(-0.707106781186589,-0.707106781186506,
3.11390824993395E-13));
#21640=AXIS2_PLACEMENT_3D('',#21610,#21620,#21630);
#21650=PLANE('',#21640);
#21660=ORIENTED_EDGE('',*,*,#20990,.T.);
#21670=ORIENTED_EDGE('',*,*,#8830,.T.);
#21680=CARTESIAN_POINT('',(-9.08384776307759,27.1000000001415,0.));
#21690=DIRECTION('',(3.19771212653256E-14,4.08396006638903E-13,1.));
#21700=VECTOR('',#21690,1.);
#21710=LINE('',#21680,#21700);
#21720=EDGE_CURVE('',#2920,#8740,#21710,.T.);
#21730=ORIENTED_EDGE('',*,*,#21720,.T.);
#21740=ORIENTED_EDGE('',*,*,#2930,.T.);
#21750=EDGE_LOOP('',(#21740,#21730,#21670,#21660));
#21760=FACE_OUTER_BOUND('',#21750,.T.);
#21770=ADVANCED_FACE('',(#21760),#21650,.F.);
#21780=COLOUR_RGB('',0.560784339904785,0.588235318660736,
0.600000023841858);
#21790=FILL_AREA_STYLE_COLOUR('',#21780);
#21800=FILL_AREA_STYLE('',(#21790));
#21810=SURFACE_STYLE_FILL_AREA(#21800);
#21820=SURFACE_SIDE_STYLE('',(#21810));
#21830=SURFACE_STYLE_USAGE(.BOTH.,#21820);
#21840=PRESENTATION_STYLE_ASSIGNMENT((#21830));
#21850=CARTESIAN_POINT('',(8.69397267927122,-0.484628211706937,
6.15000001166081));
#21860=DIRECTION('',(-3.19771212653255E-14,-4.08396006638903E-13,-1.));
#21870=DIRECTION('',(-1.,1.30593272779735E-26,3.19771212653255E-14));
#21880=AXIS2_PLACEMENT_3D('',#21850,#21860,#21870);
#21890=CYLINDRICAL_SURFACE('',#21880,9.499999999999);
#21900=ORIENTED_EDGE('',*,*,#11220,.T.);
#21910=ORIENTED_EDGE('',*,*,#15030,.F.);
#21920=ORIENTED_EDGE('',*,*,#1310,.F.);
#21930=CARTESIAN_POINT('',(-0.755492447137163,-1.46320310652739,
6.15000001166151));
#21940=DIRECTION('',(-3.19771212653255E-14,-4.08396006638903E-13,-1.));
#21950=VECTOR('',#21940,1.);
#21960=LINE('',#21930,#21950);
#21970=EDGE_CURVE('',#11210,#1210,#21960,.T.);
#21980=ORIENTED_EDGE('',*,*,#21970,.T.);
#21990=EDGE_LOOP('',(#21980,#21920,#21910,#21900));
#22000=FACE_OUTER_BOUND('',#21990,.T.);
#22010=ADVANCED_FACE('',(#22000),#21890,.T.);
#22020=COLOUR_RGB('',0.560784339904785,0.588235318660736,
0.600000023841858);
#22030=FILL_AREA_STYLE_COLOUR('',#22020);
#22040=FILL_AREA_STYLE('',(#22030));
#22050=SURFACE_STYLE_FILL_AREA(#22040);
#22060=SURFACE_SIDE_STYLE('',(#22050));
#22070=SURFACE_STYLE_USAGE(.BOTH.,#22060);
#22080=PRESENTATION_STYLE_ASSIGNMENT((#22070));
#22090=CARTESIAN_POINT('',(-14.8249999999862,27.1000000001412,
-0.615002389478269));
#22100=DIRECTION('',(-5.55111512443154E-17,1.,-4.08396006638903E-13));
#22110=DIRECTION('',(1.,5.5511151231256E-17,-3.19771212653256E-14));
#22120=AXIS2_PLACEMENT_3D('',#22090,#22100,#22110);
#22130=PLANE('',#22120);
#22140=ORIENTED_EDGE('',*,*,#21720,.F.);
#22150=ORIENTED_EDGE('',*,*,#8750,.F.);
#22160=CARTESIAN_POINT('',(-8.47499999998613,27.1000000001412,
-0.615002389478471));
#22170=DIRECTION('',(3.19771212653255E-14,4.08396006638903E-13,1.));
#22180=VECTOR('',#22170,1.);
#22190=LINE('',#22160,#22180);
#22200=EDGE_CURVE('',#3000,#8660,#22190,.T.);
#22210=ORIENTED_EDGE('',*,*,#22200,.T.);
#22220=ORIENTED_EDGE('',*,*,#3010,.F.);
#22230=EDGE_LOOP('',(#22220,#22210,#22150,#22140));
#22240=FACE_OUTER_BOUND('',#22230,.T.);
#22250=ADVANCED_FACE('',(#22240),#22130,.F.);
#22260=COLOUR_RGB('',0.560784339904785,0.588235318660736,
0.600000023841858);
#22270=FILL_AREA_STYLE_COLOUR('',#22260);
#22280=FILL_AREA_STYLE('',(#22270));
#22290=SURFACE_STYLE_FILL_AREA(#22280);
#22300=SURFACE_SIDE_STYLE('',(#22290));
#22310=SURFACE_STYLE_USAGE(.BOTH.,#22300);
#22320=PRESENTATION_STYLE_ASSIGNMENT((#22310));
#22330=CARTESIAN_POINT('',(-8.47499999998613,27.1000000001412,
-0.615002389478471));
#22340=DIRECTION('',(1.,5.5511151231256E-17,-3.19771212653256E-14));
#22350=DIRECTION('',(5.55111512443154E-17,-1.,4.08396006638903E-13));
#22360=AXIS2_PLACEMENT_3D('',#22330,#22340,#22350);
#22370=PLANE('',#22360);
#22380=ORIENTED_EDGE('',*,*,#22200,.F.);
#22390=ORIENTED_EDGE('',*,*,#8670,.T.);
#22400=CARTESIAN_POINT('',(-8.47499999998613,26.0500000001389,
-0.615002389478043));
#22410=DIRECTION('',(3.19771212653255E-14,4.08396006638903E-13,1.));
#22420=VECTOR('',#22410,1.);
#22430=LINE('',#22400,#22420);
#22440=EDGE_CURVE('',#3080,#8580,#22430,.T.);
#22450=ORIENTED_EDGE('',*,*,#22440,.T.);
#22460=ORIENTED_EDGE('',*,*,#3090,.F.);
#22470=EDGE_LOOP('',(#22460,#22450,#22390,#22380));
#22480=FACE_OUTER_BOUND('',#22470,.T.);
#22490=ADVANCED_FACE('',(#22480),#22370,.F.);
#22500=COLOUR_RGB('',0.560784339904785,0.588235318660736,
0.600000023841858);
#22510=FILL_AREA_STYLE_COLOUR('',#22500);
#22520=FILL_AREA_STYLE('',(#22510));
#22530=SURFACE_STYLE_FILL_AREA(#22520);
#22540=SURFACE_SIDE_STYLE('',(#22530));
#22550=SURFACE_STYLE_USAGE(.BOTH.,#22540);
#22560=PRESENTATION_STYLE_ASSIGNMENT((#22550));
#22570=CARTESIAN_POINT('',(-14.8249999999862,26.0500000001389,
-0.61500238947784));
#22580=DIRECTION('',(-1.,-5.5511151231256E-17,3.19771212653256E-14));
#22590=DIRECTION('',(-5.55111512443154E-17,1.,-4.08396006638903E-13));
#22600=AXIS2_PLACEMENT_3D('',#22570,#22580,#22590);
#22610=PLANE('',#22600);
#22620=CARTESIAN_POINT('',(-14.8249999999862,26.0500000001389,
-0.61500238947784));
#22630=DIRECTION('',(3.19771212653255E-14,4.08396006638903E-13,1.));
#22640=VECTOR('',#22630,1.);
#22650=LINE('',#22620,#22640);
#22660=EDGE_CURVE('',#3160,#8500,#22650,.T.);
#22670=ORIENTED_EDGE('',*,*,#22660,.F.);
#22680=ORIENTED_EDGE('',*,*,#8510,.T.);
#22690=CARTESIAN_POINT('',(-14.8249999999862,27.1000000001412,
-0.615002389478269));
#22700=DIRECTION('',(3.19771212653255E-14,4.08396006638903E-13,1.));
#22710=VECTOR('',#22700,1.);
#22720=LINE('',#22690,#22710);
#22730=EDGE_CURVE('',#3240,#8420,#22720,.T.);
#22740=ORIENTED_EDGE('',*,*,#22730,.T.);
#22750=ORIENTED_EDGE('',*,*,#3250,.F.);
#22760=EDGE_LOOP('',(#22750,#22740,#22680,#22670));
#22770=FACE_OUTER_BOUND('',#22760,.T.);
#22780=ADVANCED_FACE('',(#22770),#22610,.F.);
#22790=COLOUR_RGB('',0.560784339904785,0.588235318660736,
0.600000023841858);
#22800=FILL_AREA_STYLE_COLOUR('',#22790);
#22810=FILL_AREA_STYLE('',(#22800));
#22820=SURFACE_STYLE_FILL_AREA(#22810);
#22830=SURFACE_SIDE_STYLE('',(#22820));
#22840=SURFACE_STYLE_USAGE(.BOTH.,#22830);
#22850=PRESENTATION_STYLE_ASSIGNMENT((#22840));
#22860=CARTESIAN_POINT('',(-14.2161522368633,27.1000000001415,0.));
#22870=DIRECTION('',(-3.19771212653255E-14,-4.08396006638903E-13,-1.));
#22880=VECTOR('',#22870,1.);
#22890=LINE('',#22860,#22880);
#22900=EDGE_CURVE('',#8340,#3280,#22890,.T.);
#22910=ORIENTED_EDGE('',*,*,#22900,.F.);
#22920=ORIENTED_EDGE('',*,*,#3290,.F.);
#22930=ORIENTED_EDGE('',*,*,#22730,.F.);
#22940=ORIENTED_EDGE('',*,*,#8430,.T.);
#22950=EDGE_LOOP('',(#22940,#22930,#22920,#22910));
#22960=FACE_OUTER_BOUND('',#22950,.T.);
#22970=ADVANCED_FACE('',(#22960),#22130,.F.);
#22980=COLOUR_RGB('',0.560784339904785,0.588235318660736,
0.600000023841858);
#22990=FILL_AREA_STYLE_COLOUR('',#22980);
#23000=FILL_AREA_STYLE('',(#22990));
#23010=SURFACE_STYLE_FILL_AREA(#23000);
#23020=SURFACE_SIDE_STYLE('',(#23010));
#23030=SURFACE_STYLE_USAGE(.BOTH.,#23020);
#23040=PRESENTATION_STYLE_ASSIGNMENT((#23030));
#23050=CARTESIAN_POINT('',(-14.5125000006191,26.0500000001446,
6.15000001165071));
#23060=DIRECTION('',(-5.78842529463941E-14,-1.,4.08396006638905E-13));
#23070=DIRECTION('',(-1.,5.78842529464072E-14,3.19771212653019E-14));
#23080=AXIS2_PLACEMENT_3D('',#23050,#23060,#23070);
#23090=PLANE('',#23080);
#23100=ORIENTED_EDGE('',*,*,#22440,.F.);
#23110=ORIENTED_EDGE('',*,*,#8590,.T.);
#23120=ORIENTED_EDGE('',*,*,#22660,.T.);
#23130=ORIENTED_EDGE('',*,*,#3170,.F.);
#23140=EDGE_LOOP('',(#23130,#23120,#23110,#23100));
#23150=FACE_OUTER_BOUND('',#23140,.T.);
#23160=ADVANCED_FACE('',(#23150),#23090,.F.);
#23170=COLOUR_RGB('',0.560784339904785,0.588235318660736,
0.600000023841858);
#23180=FILL_AREA_STYLE_COLOUR('',#23170);
#23190=FILL_AREA_STYLE('',(#23180));
#23200=SURFACE_STYLE_FILL_AREA(#23190);
#23210=SURFACE_SIDE_STYLE('',(#23200));
#23220=SURFACE_STYLE_USAGE(.BOTH.,#23210);
#23230=PRESENTATION_STYLE_ASSIGNMENT((#23220));
#23240=CARTESIAN_POINT('',(-33.2000000000955,-1.463696275159,
6.15000001166255));
#23250=DIRECTION('',(-1.,1.30593163026152E-26,3.19771212653255E-14));
#23260=DIRECTION('',(-1.23259516440783E-32,1.,-4.08396006638903E-13));
#23270=AXIS2_PLACEMENT_3D('',#23240,#23250,#23260);
#23280=PLANE('',#23270);
#23290=ORIENTED_EDGE('',*,*,#12210,.F.);
#23300=ORIENTED_EDGE('',*,*,#13730,.T.);
#23310=ORIENTED_EDGE('',*,*,#310,.T.);
#23320=CARTESIAN_POINT('',(-33.2000000000955,-1.85646599662972,
6.15000001166271));
#23330=DIRECTION('',(-3.19771212653255E-14,-4.08396006638903E-13,-1.));
#23340=VECTOR('',#23330,1.);
#23350=LINE('',#23320,#23340);
#23360=EDGE_CURVE('',#12200,#220,#23350,.T.);
#23370=ORIENTED_EDGE('',*,*,#23360,.T.);
#23380=EDGE_LOOP('',(#23370,#23310,#23300,#23290));
#23390=FACE_OUTER_BOUND('',#23380,.T.);
#23400=ADVANCED_FACE('',(#23390),#23280,.F.);
#23410=COLOUR_RGB('',0.560784339904785,0.588235318660736,
0.600000023841858);
#23420=FILL_AREA_STYLE_COLOUR('',#23410);
#23430=FILL_AREA_STYLE('',(#23420));
#23440=SURFACE_STYLE_FILL_AREA(#23430);
#23450=SURFACE_SIDE_STYLE('',(#23440));
#23460=SURFACE_STYLE_USAGE(.BOTH.,#23450);
#23470=PRESENTATION_STYLE_ASSIGNMENT((#23460));
#23480=CARTESIAN_POINT('',(-40.2000000000955,-1.85646599662972,
6.15000001166293));
#23490=DIRECTION('',(3.19771212653255E-14,4.08396006638903E-13,1.));
#23500=DIRECTION('',(1.,-1.30593272779735E-26,-3.19771212653255E-14));
#23510=AXIS2_PLACEMENT_3D('',#23480,#23490,#23500);
#23520=CYLINDRICAL_SURFACE('',#23510,7.);
#23530=ORIENTED_EDGE('',*,*,#12300,.F.);
#23540=ORIENTED_EDGE('',*,*,#23360,.F.);
#23550=ORIENTED_EDGE('',*,*,#230,.T.);
#23560=ORIENTED_EDGE('',*,*,#13950,.F.);
#23570=EDGE_LOOP('',(#23560,#23550,#23540,#23530));
#23580=FACE_OUTER_BOUND('',#23570,.T.);
#23590=ADVANCED_FACE('',(#23580),#23520,.T.);
#23600=COLOUR_RGB('',0.560784339904785,0.588235318660736,
0.600000023841858);
#23610=FILL_AREA_STYLE_COLOUR('',#23600);
#23620=FILL_AREA_STYLE('',(#23610));
#23630=SURFACE_STYLE_FILL_AREA(#23620);
#23640=SURFACE_SIDE_STYLE('',(#23630));
#23650=SURFACE_STYLE_USAGE(.BOTH.,#23640);
#23660=PRESENTATION_STYLE_ASSIGNMENT((#23650));
#23670=CARTESIAN_POINT('',(13.4209600089449,24.5709600222465,0.));
#23680=DIRECTION('',(3.1977121265209E-14,8.16792267525923E-13,1.));
#23690=DIRECTION('',(0.,1.,-8.16792267525923E-13));
#23700=AXIS2_PLACEMENT_3D('',#23670,#23680,#23690);
#23710=CYLINDRICAL_SURFACE('',#23700,0.92096);
#23720=CARTESIAN_POINT('',(13.7000000015501,29.2500000282779,
3.25000000001016));
#23730=DIRECTION('',(5.9656937493592E-10,-1.,4.08396260867947E-13));
#23740=DIRECTION('',(-1.,-5.9656937493592E-10,6.3954243017858E-14));
#23750=AXIS2_PLACEMENT_3D('',#23720,#23730,#23740);
#23760=CYLINDRICAL_SURFACE('',#23750,2.89999999987409);
#23770=CARTESIAN_POINT('',(12.5000000089451,24.5709600211518,
5.89007575845506));
#23780=CARTESIAN_POINT('',(12.5000000089633,24.5556606197786,
5.89007575845922));
#23790=CARTESIAN_POINT('',(12.5003809005586,24.5404053062458,
5.89024898387154));
#23800=CARTESIAN_POINT('',(12.5011381938659,24.5251872125873,
5.89059280440045));
#23810=CARTESIAN_POINT('',(12.501896082426,24.5099571571009,
5.89093689518146));
#23820=CARTESIAN_POINT('',(12.5030339968381,24.4947155427405,
5.89145322835094));
#23830=CARTESIAN_POINT('',(12.5045534745025,24.4794920757839,
5.89214072174424));
#23840=CARTESIAN_POINT('',(12.5060729441552,24.4642686890965,
5.89282821151258));
#23850=CARTESIAN_POINT('',(12.5079739728178,24.4490637969189,
5.89368685612002));
#23860=CARTESIAN_POINT('',(12.5102546073482,24.4339089620504,
5.89471281795822));
#23870=CARTESIAN_POINT('',(12.5125352350889,24.4187541722994,
5.89573877674202));
#23880=CARTESIAN_POINT('',(12.5151954312947,24.4036497923057,
5.896932028143));
#23890=CARTESIAN_POINT('',(12.5182295201176,24.3886279456953,
5.89828595919967));
#23900=CARTESIAN_POINT('',(12.5212636061563,24.3736061128689,
5.89963988901398));
#23910=CARTESIAN_POINT('',(12.5246715183506,24.35866715453,
5.9011544571121));
#23920=CARTESIAN_POINT('',(12.5284439049098,24.3438425952722,
5.90282044339626));
#23930=CARTESIAN_POINT('',(12.5322162951575,24.3290180215193,
5.90448643130938));
#23940=CARTESIAN_POINT('',(12.5363530696962,24.3143081637871,
5.9063037829));
#23950=CARTESIAN_POINT('',(12.5408414871287,24.2997429336384,
5.90826099751931));
#23960=CARTESIAN_POINT('',(12.5453299170925,24.2851776628244,
5.91021821760305));
#23970=CARTESIAN_POINT('',(12.5501698822137,24.2707573032656,
5.91231523727708));
#23980=CARTESIAN_POINT('',(12.5553457455786,24.2565092810271,
5.91453872683459));
#23990=CARTESIAN_POINT('',(12.5605216328139,24.2422611930784,
5.91676222664656));
#24000=CARTESIAN_POINT('',(12.5660332987076,24.2281856869252,
5.91911212830166));
#24010=CARTESIAN_POINT('',(12.5718628918233,24.214306959324,
5.92157381597702));
#24020=CARTESIAN_POINT('',(12.5835087527104,24.1865812282606,
5.92649156437661));
#24030=CARTESIAN_POINT('',(12.5965261356148,24.1593978397798,
5.93189940292455));
#24040=CARTESIAN_POINT('',(12.6108536656202,24.1329017680146,
5.93770538780138));
#24050=CARTESIAN_POINT('',(12.6251799230841,24.1064080495757,
5.94351085700266));
#24060=CARTESIAN_POINT('',(12.6408101417614,24.0806152460675,
5.94971146184483));
#24070=CARTESIAN_POINT('',(12.6576368147657,24.0556882271482,
5.95619270927133));
#24080=CARTESIAN_POINT('',(12.6744634609392,24.0307612479762,
5.96267394636317));
#24090=CARTESIAN_POINT('',(12.6924837557518,24.0067042172344,
5.96943427714023));
#24100=CARTESIAN_POINT('',(12.7115610360059,23.9836607639564,
5.97635074862349));
#24110=CARTESIAN_POINT('',(12.7306385572289,23.9606170196121,
5.98326730747005));
#24120=CARTESIAN_POINT('',(12.7507699285241,23.9385902409958,
5.99033848130803));
#24130=CARTESIAN_POINT('',(12.7717997403625,23.9176926441483,
5.99744322390171));
#24140=CARTESIAN_POINT('',(12.7928222700015,23.8968022837168,
6.00454550626641));
#24150=CARTESIAN_POINT('',(12.8149418175812,23.8768418709139,
6.01174901757805));
#24160=CARTESIAN_POINT('',(12.8380479907511,23.8579516768207,
6.01894180597379));
#24170=CARTESIAN_POINT('',(12.8611537628863,23.8390618105891,
6.02613446953023));
#24180=CARTESIAN_POINT('',(12.8852427375662,23.8212454153879,
6.03331491718167));
#24190=CARTESIAN_POINT('',(12.910173362918,23.8046282899702,
6.0403716374515));
#24200=CARTESIAN_POINT('',(12.9351039791124,23.7880111706563,
6.04742835512928));
#24210=CARTESIAN_POINT('',(12.9608725157023,23.7725958959039,
6.05435995571991));
#24220=CARTESIAN_POINT('',(12.9873160595725,23.7584821783601,
6.06106413898805));
#24230=CARTESIAN_POINT('',(13.0137599479072,23.7443682769652,
6.06776840958765));
#24240=CARTESIAN_POINT('',(13.040874550232,23.7315579903292,
6.07424399405006));
#24250=CARTESIAN_POINT('',(13.0684887353488,23.7201184841908,
6.08040518580542));
#24260=CARTESIAN_POINT('',(13.0960716984452,23.7086919121475,
6.08655941139994));
#24270=CARTESIAN_POINT('',(13.1243035417438,23.698569262207,
6.09243399476668));
#24280=CARTESIAN_POINT('',(13.1530600028849,23.6898261457303,
6.09795657157412));
#24290=CARTESIAN_POINT('',(13.1674353245401,23.6854554719189,
6.1007173013309));
#24300=CARTESIAN_POINT('',(13.1819353494988,23.6814314243375,
6.10338899779459));
#24310=CARTESIAN_POINT('',(13.1965345603523,23.6777632132424,
6.10596263027249));
#24320=CARTESIAN_POINT('',(13.2111337859228,23.6740949984495,
6.1085362653448));
#24330=CARTESIAN_POINT('',(13.2258319886188,23.6707826692282,
6.11101179585167));
#24340=CARTESIAN_POINT('',(13.2406031777888,23.6678328246458,
6.11338166415154));
#24350=CARTESIAN_POINT('',(13.2701267807788,23.6619368849667,
6.11811838846118));
#24360=CARTESIAN_POINT('',(13.300053195556,23.6574690020119,
6.12244941327434));
#24370=CARTESIAN_POINT('',(13.330187425734,23.6544843489589,
6.12632380924691));
#24380=CARTESIAN_POINT('',(13.3603274910388,23.6514991179641,
6.13019895544908));
#24390=CARTESIAN_POINT('',(13.3906213190798,23.6500000222334,
6.13361125425474));
#24400=CARTESIAN_POINT('',(13.4209600094995,23.6500000222516,
6.13654407212389));
#24410=B_SPLINE_CURVE_WITH_KNOTS('',3,(#23770,#23780,#23790,#23800,
#23810,#23820,#23830,#23840,#23850,#23860,#23870,#23880,#23890,#23900,
#23910,#23920,#23930,#23940,#23950,#23960,#23970,#23980,#23990,#24000,
#24010,#24020,#24030,#24040,#24050,#24060,#24070,#24080,#24090,#24100,
#24110,#24120,#24130,#24140,#24150,#24160,#24170,#24180,#24190,#24200,
#24210,#24220,#24230,#24240,#24250,#24260,#24270,#24280,#24290,#24300,
#24310,#24320,#24330,#24340,#24350,#24360,#24370,#24380,#24390,#24400),
.UNSPECIFIED.,.F.,.F.,(4,3,3,3,3,3,3,3,3,3,3,3,3,3,3,3,3,3,3,3,3,4),(0.,
0.0457955643226551,0.0916499698154278,0.13766585260792,0.183788042951838
,0.229952250395714,0.276088768100433,0.322125860337401,0.367993132228289
,0.459723204061492,0.551914578219789,0.644157362495538,0.735981643616671
,0.827776171000079,0.92003167924468,1.01230926915138,1.10418659508817,
1.19575464858779,1.24158130593793,1.28736490360414,1.37889750990659,
1.47039396779275),.UNSPECIFIED.);
#24420=SURFACE_CURVE('',#24410,(#23710,#23760),.CURVE_3D.);
#24430=CARTESIAN_POINT('',(12.5000000089451,24.5709600211524,
5.89007575779898));
#24440=VERTEX_POINT('',#24430);
#24450=EDGE_CURVE('',#24440,#18730,#24420,.T.);
#24460=ORIENTED_EDGE('',*,*,#24450,.F.);
#24470=ORIENTED_EDGE('',*,*,#19040,.F.);
#24480=ORIENTED_EDGE('',*,*,#9790,.T.);
#24490=CARTESIAN_POINT('',(12.5000000089449,24.5709600211476,
2.94496504980137E-14));
#24500=DIRECTION('',(3.1977121265209E-14,8.16792267525923E-13,1.));
#24510=VECTOR('',#24500,1.);
#24520=LINE('',#24490,#24510);
#24530=EDGE_CURVE('',#24440,#9690,#24520,.T.);
#24540=ORIENTED_EDGE('',*,*,#24530,.T.);
#24550=EDGE_LOOP('',(#24540,#24480,#24470,#24460));
#24560=FACE_OUTER_BOUND('',#24550,.T.);
#24570=ADVANCED_FACE('',(#24560),#23710,.F.);
#24580=COLOUR_RGB('',0.560784339904785,0.588235318660736,
0.600000023841858);
#24590=FILL_AREA_STYLE_COLOUR('',#24580);
#24600=FILL_AREA_STYLE('',(#24590));
#24610=SURFACE_STYLE_FILL_AREA(#24600);
#24620=SURFACE_SIDE_STYLE('',(#24610));
#24630=SURFACE_STYLE_USAGE(.BOTH.,#24620);
#24640=PRESENTATION_STYLE_ASSIGNMENT((#24630));
#24650=CARTESIAN_POINT('',(-17.6000000001049,27.5500000002926,
6.1500000116502));
#24660=DIRECTION('',(0.92110933001652,-0.38930399709805,
1.29535773038846E-13));
#24670=DIRECTION('',(-0.38930399709805,-0.92110933001652,
3.88626193180862E-13));
#24680=AXIS2_PLACEMENT_3D('',#24650,#24660,#24670);
#24690=PLANE('',#24680);
#24700=ORIENTED_EDGE('',*,*,#7940,.T.);
#24710=CARTESIAN_POINT('',(-17.6000000001049,27.5500000002922,
5.15000001012958));
#24720=DIRECTION('',(-3.19771212653255E-14,-4.08396006638903E-13,-1.));
#24730=VECTOR('',#24720,1.);
#24740=LINE('',#24710,#24730);
#24750=EDGE_CURVE('',#7850,#3930,#24740,.T.);
#24760=ORIENTED_EDGE('',*,*,#24750,.F.);
#24770=ORIENTED_EDGE('',*,*,#3940,.T.);
#24780=CARTESIAN_POINT('',(-16.8815002808615,29.250000000145,
5.15000001012958));
#24790=DIRECTION('',(3.19771212653255E-14,4.08396006638903E-13,1.));
#24800=VECTOR('',#24790,1.);
#24810=LINE('',#24780,#24800);
#24820=EDGE_CURVE('',#3850,#7930,#24810,.T.);
#24830=ORIENTED_EDGE('',*,*,#24820,.F.);
#24840=EDGE_LOOP('',(#24830,#24770,#24760,#24700));
#24850=FACE_OUTER_BOUND('',#24840,.T.);
#24860=ADVANCED_FACE('',(#24850),#24690,.F.);
#24870=COLOUR_RGB('',0.560784339904785,0.588235318660736,
0.600000023841858);
#24880=FILL_AREA_STYLE_COLOUR('',#24870);
#24890=FILL_AREA_STYLE('',(#24880));
#24900=SURFACE_STYLE_FILL_AREA(#24890);
#24910=SURFACE_SIDE_STYLE('',(#24900));
#24920=SURFACE_STYLE_USAGE(.BOTH.,#24910);
#24930=PRESENTATION_STYLE_ASSIGNMENT((#24920));
#24940=CARTESIAN_POINT('',(-11.1700533564702,11.2999999985835,
5.8799999629491));
#24950=DIRECTION('',(3.55207974145437E-10,-1.,-3.50120421334654E-9));
#24960=DIRECTION('',(-1.,-3.55207974138473E-10,-1.98919827462869E-12));
#24970=AXIS2_PLACEMENT_3D('',#24940,#24950,#24960);
#24980=PLANE('',#24970);
#24990=CARTESIAN_POINT('',(-37.6429995254566,11.3000000074914,
0.650000009665124));
#25000=DIRECTION('',(1.,3.55207974138478E-10,-3.19409978015104E-14));
#25010=VECTOR('',#25000,1.);
#25020=LINE('',#24990,#25010);
#25030=CARTESIAN_POINT('',(-20.7500000001238,11.3000000134919,
0.650000009664584));
#25040=VERTEX_POINT('',#25030);
#25050=CARTESIAN_POINT('',(-17.600000000105,11.3000000146108,
0.650000009664484));
#25060=VERTEX_POINT('',#25050);
#25070=EDGE_CURVE('',#25040,#25060,#25020,.T.);
#25080=ORIENTED_EDGE('',*,*,#25070,.F.);
#25090=CARTESIAN_POINT('',(-17.6000000001048,11.2999999990305,
5.09999998078849));
#25100=DIRECTION('',(3.19771212842679E-14,-3.50120421334652E-9,1.));
#25110=VECTOR('',#25100,1.);
#25120=LINE('',#25090,#25110);
#25130=CARTESIAN_POINT('',(-17.6000000001048,11.29999999763,
5.50000001015522));
#25140=VERTEX_POINT('',#25130);
#25150=EDGE_CURVE('',#25060,#25140,#25120,.T.);
#25160=ORIENTED_EDGE('',*,*,#25150,.F.);
#25170=CARTESIAN_POINT('',(-37.6429995174059,11.2999999905106,
5.50000001015586));
#25180=DIRECTION('',(-1.,-3.55207974138478E-10,3.19409978015104E-14));
#25190=VECTOR('',#25180,1.);
#25200=LINE('',#25170,#25190);
#25210=CARTESIAN_POINT('',(-20.7500000001236,11.2999999965111,
5.50000001015532));
#25220=VERTEX_POINT('',#25210);
#25230=EDGE_CURVE('',#25140,#25220,#25200,.T.);
#25240=ORIENTED_EDGE('',*,*,#25230,.F.);
#25250=CARTESIAN_POINT('',(-20.7500000001236,11.2999999979116,
5.0999999900288));
#25260=DIRECTION('',(-3.19771212842679E-14,3.50120421334652E-9,-1.));
#25270=VECTOR('',#25260,1.);
#25280=LINE('',#25250,#25270);
#25290=EDGE_CURVE('',#25220,#25040,#25280,.T.);
#25300=ORIENTED_EDGE('',*,*,#25290,.F.);
#25310=EDGE_LOOP('',(#25300,#25240,#25160,#25080));
#25320=FACE_OUTER_BOUND('',#25310,.T.);
#25330=ADVANCED_FACE('',(#25320),#24980,.F.);
#25340=COLOUR_RGB('',0.823529481887817,0.823529481887817,
0.784313797950745);
#25350=FILL_AREA_STYLE_COLOUR('',#25340);
#25360=FILL_AREA_STYLE('',(#25350));
#25370=SURFACE_STYLE_FILL_AREA(#25360);
#25380=SURFACE_SIDE_STYLE('',(#25370));
#25390=SURFACE_STYLE_USAGE(.BOTH.,#25380);
#25400=PRESENTATION_STYLE_ASSIGNMENT((#25390));
#25410=CARTESIAN_POINT('',(-17.6000000001049,23.2500000002933,
6.15000001165196));
#25420=DIRECTION('',(1.,5.53723733531797E-15,-3.19771212653278E-14));
#25430=DIRECTION('',(5.53723733533103E-15,-1.,4.08396006638903E-13));
#25440=AXIS2_PLACEMENT_3D('',#25410,#25420,#25430);
#25450=PLANE('',#25440);
#25460=ORIENTED_EDGE('',*,*,#7860,.T.);
#25470=CARTESIAN_POINT('',(-17.6000000001049,23.2500000002928,
5.15000001012958));
#25480=DIRECTION('',(-3.19771212653255E-14,-4.08396006638903E-13,-1.));
#25490=VECTOR('',#25480,1.);
#25500=LINE('',#25470,#25490);
#25510=CARTESIAN_POINT('',(-17.6000000001049,23.250000000293,
5.50000001015034));
#25520=VERTEX_POINT('',#25510);
#25530=EDGE_CURVE('',#7770,#25520,#25500,.T.);
#25540=ORIENTED_EDGE('',*,*,#25530,.F.);
#25550=CARTESIAN_POINT('',(-17.6000000001048,8.03065966578865,
5.50000001015655));
#25560=DIRECTION('',(5.49561203629335E-15,-1.,4.08370209336644E-13));
#25570=VECTOR('',#25560,1.);
#25580=LINE('',#25550,#25570);
#25590=EDGE_CURVE('',#25520,#25140,#25580,.T.);
#25600=ORIENTED_EDGE('',*,*,#25590,.F.);
#25610=ORIENTED_EDGE('',*,*,#25150,.T.);
#25620=CARTESIAN_POINT('',(-17.600000000105,8.0306596606218,
0.650000009665818));
#25630=DIRECTION('',(5.49561203629335E-15,-1.,4.08370209336644E-13));
#25640=VECTOR('',#25630,1.);
#25650=LINE('',#25620,#25640);
#25660=CARTESIAN_POINT('',(-17.600000000105,23.250000000291,
0.650000009733764));
#25670=VERTEX_POINT('',#25660);
#25680=EDGE_CURVE('',#25670,#25060,#25650,.T.);
#25690=ORIENTED_EDGE('',*,*,#25680,.T.);
#25700=EDGE_CURVE('',#25670,#4010,#25500,.T.);
#25710=ORIENTED_EDGE('',*,*,#25700,.F.);
#25720=ORIENTED_EDGE('',*,*,#4020,.T.);
#25730=ORIENTED_EDGE('',*,*,#24750,.T.);
#25740=EDGE_LOOP('',(#25730,#25720,#25710,#25690,#25610,#25600,#25540,
#25460));
#25750=FACE_OUTER_BOUND('',#25740,.T.);
#25760=ADVANCED_FACE('',(#25750),#25450,.F.);
#25770=COLOUR_RGB('',0.560784339904785,0.588235318660736,
0.600000023841858);
#25780=FILL_AREA_STYLE_COLOUR('',#25770);
#25790=FILL_AREA_STYLE('',(#25780));
#25800=SURFACE_STYLE_FILL_AREA(#25790);
#25810=SURFACE_SIDE_STYLE('',(#25800));
#25820=SURFACE_STYLE_USAGE(.BOTH.,#25810);
#25830=PRESENTATION_STYLE_ASSIGNMENT((#25820));
#25840=CARTESIAN_POINT('',(-20.7500000001237,23.250000000291,
0.650000009659704));
#25850=DIRECTION('',(3.19771212660677E-14,4.08396006638646E-13,1.));
#25860=DIRECTION('',(-1.,-5.49559710549685E-15,3.19771212660699E-14));
#25870=AXIS2_PLACEMENT_3D('',#25840,#25850,#25860);
#25880=PLANE('',#25870);
#25890=ORIENTED_EDGE('',*,*,#25680,.F.);
#25900=ORIENTED_EDGE('',*,*,#25070,.T.);
#25910=CARTESIAN_POINT('',(-20.7500000001237,9.17716589857214,
0.650000009665452));
#25920=DIRECTION('',(5.49561203629335E-15,-1.,4.08370209336644E-13));
#25930=VECTOR('',#25920,1.);
#25940=LINE('',#25910,#25930);
#25950=CARTESIAN_POINT('',(-20.7500000001238,23.250000000291,
0.650000009659704));
#25960=VERTEX_POINT('',#25950);
#25970=EDGE_CURVE('',#25960,#25040,#25940,.T.);
#25980=ORIENTED_EDGE('',*,*,#25970,.T.);
#25990=CARTESIAN_POINT('',(2.39999999987203,23.2500000002911,
0.650000009658963));
#26000=DIRECTION('',(-1.,-5.53723733530491E-15,3.197712126607E-14));
#26010=VECTOR('',#26000,1.);
#26020=LINE('',#25990,#26010);
#26030=EDGE_CURVE('',#25670,#25960,#26020,.T.);
#26040=ORIENTED_EDGE('',*,*,#26030,.T.);
#26050=EDGE_LOOP('',(#26040,#25980,#25900,#25890));
#26060=FACE_OUTER_BOUND('',#26050,.T.);
#26070=ADVANCED_FACE('',(#26060),#25880,.T.);
#26080=COLOUR_RGB('',0.560784339904785,0.588235318660736,
0.600000023841858);
#26090=FILL_AREA_STYLE_COLOUR('',#26080);
#26100=FILL_AREA_STYLE('',(#26090));
#26110=SURFACE_STYLE_FILL_AREA(#26100);
#26120=SURFACE_SIDE_STYLE('',(#26110));
#26130=SURFACE_STYLE_USAGE(.BOTH.,#26120);
#26140=PRESENTATION_STYLE_ASSIGNMENT((#26130));
#26150=CARTESIAN_POINT('',(-20.7500000001237,23.250000000293,
5.50000001015017));
#26160=DIRECTION('',(1.,5.49561203635596E-15,-3.19771212648314E-14));
#26170=DIRECTION('',(3.19771212648292E-14,4.08396006639044E-13,1.));
#26180=AXIS2_PLACEMENT_3D('',#26150,#26160,#26170);
#26190=PLANE('',#26180);
#26200=ORIENTED_EDGE('',*,*,#25970,.F.);
#26210=ORIENTED_EDGE('',*,*,#25290,.T.);
#26220=CARTESIAN_POINT('',(-20.7500000001236,9.17716590373898,
5.50000001015619));
#26230=DIRECTION('',(5.49561203629335E-15,-1.,4.08370209336644E-13));
#26240=VECTOR('',#26230,1.);
#26250=LINE('',#26220,#26240);
#26260=CARTESIAN_POINT('',(-20.7500000001237,23.250000000293,
5.50000001015017));
#26270=VERTEX_POINT('',#26260);
#26280=EDGE_CURVE('',#26270,#25220,#26250,.T.);
#26290=ORIENTED_EDGE('',*,*,#26280,.T.);
#26300=CARTESIAN_POINT('',(-20.7500000001237,23.2500000002928,
5.15000001012958));
#26310=DIRECTION('',(3.19771212648292E-14,4.08396006638903E-13,1.));
#26320=VECTOR('',#26310,1.);
#26330=LINE('',#26300,#26320);
#26340=EDGE_CURVE('',#25960,#26270,#26330,.T.);
#26350=ORIENTED_EDGE('',*,*,#26340,.T.);
#26360=EDGE_LOOP('',(#26350,#26290,#26210,#26200));
#26370=FACE_OUTER_BOUND('',#26360,.T.);
#26380=ADVANCED_FACE('',(#26370),#26190,.T.);
#26390=COLOUR_RGB('',0.560784339904785,0.588235318660736,
0.600000023841858);
#26400=FILL_AREA_STYLE_COLOUR('',#26390);
#26410=FILL_AREA_STYLE('',(#26400));
#26420=SURFACE_STYLE_FILL_AREA(#26410);
#26430=SURFACE_SIDE_STYLE('',(#26420));
#26440=SURFACE_STYLE_USAGE(.BOTH.,#26430);
#26450=PRESENTATION_STYLE_ASSIGNMENT((#26440));
#26460=CARTESIAN_POINT('',(-17.6000000001051,23.250000000293,
5.50000001015034));
#26470=DIRECTION('',(-3.19771212660677E-14,-4.08396006638646E-13,-1.));
#26480=DIRECTION('',(1.,5.49559710549685E-15,-3.19771212660699E-14));
#26490=AXIS2_PLACEMENT_3D('',#26460,#26470,#26480);
#26500=PLANE('',#26490);
#26510=ORIENTED_EDGE('',*,*,#26280,.F.);
#26520=ORIENTED_EDGE('',*,*,#25230,.T.);
#26530=ORIENTED_EDGE('',*,*,#25590,.T.);
#26540=CARTESIAN_POINT('',(2.39999999987203,23.2500000002931,
5.5000000101497));
#26550=DIRECTION('',(1.,5.53723733530491E-15,-3.197712126607E-14));
#26560=VECTOR('',#26550,1.);
#26570=LINE('',#26540,#26560);
#26580=EDGE_CURVE('',#26270,#25520,#26570,.T.);
#26590=ORIENTED_EDGE('',*,*,#26580,.T.);
#26600=EDGE_LOOP('',(#26590,#26530,#26520,#26510));
#26610=FACE_OUTER_BOUND('',#26600,.T.);
#26620=ADVANCED_FACE('',(#26610),#26500,.T.);
#26630=COLOUR_RGB('',0.560784339904785,0.588235318660736,
0.600000023841858);
#26640=FILL_AREA_STYLE_COLOUR('',#26630);
#26650=FILL_AREA_STYLE('',(#26640));
#26660=SURFACE_STYLE_FILL_AREA(#26650);
#26670=SURFACE_SIDE_STYLE('',(#26660));
#26680=SURFACE_STYLE_USAGE(.BOTH.,#26670);
#26690=PRESENTATION_STYLE_ASSIGNMENT((#26680));
#26700=CARTESIAN_POINT('',(-25.6000000001047,23.2500000002932,
6.15000001165221));
#26710=DIRECTION('',(5.53723733531797E-15,-1.,4.08396006638903E-13));
#26720=DIRECTION('',(-1.,-5.53723733530491E-15,3.19771212653278E-14));
#26730=AXIS2_PLACEMENT_3D('',#26700,#26710,#26720);
#26740=PLANE('',#26730);
#26750=ORIENTED_EDGE('',*,*,#26030,.F.);
#26760=ORIENTED_EDGE('',*,*,#26340,.F.);
#26770=ORIENTED_EDGE('',*,*,#26580,.F.);
#26780=ORIENTED_EDGE('',*,*,#25530,.T.);
#26790=ORIENTED_EDGE('',*,*,#7780,.F.);
#26800=CARTESIAN_POINT('',(-25.6000000001047,23.2500000002928,
5.15000001012958));
#26810=DIRECTION('',(-3.19771212653256E-14,-4.08396006638903E-13,-1.));
#26820=VECTOR('',#26810,1.);
#26830=LINE('',#26800,#26820);
#26840=CARTESIAN_POINT('',(-25.6000000001047,23.250000000293,
5.50000001015034));
#26850=VERTEX_POINT('',#26840);
#26860=EDGE_CURVE('',#7690,#26850,#26830,.T.);
#26870=ORIENTED_EDGE('',*,*,#26860,.F.);
#26880=CARTESIAN_POINT('',(2.39999999987203,23.2500000002931,
5.50000001014938));
#26890=DIRECTION('',(1.,5.53723733530491E-15,-3.197712126607E-14));
#26900=VECTOR('',#26890,1.);
#26910=LINE('',#26880,#26900);
#26920=CARTESIAN_POINT('',(-22.4500000000853,23.250000000293,
5.50000001015017));
#26930=VERTEX_POINT('',#26920);
#26940=EDGE_CURVE('',#26850,#26930,#26910,.T.);
#26950=ORIENTED_EDGE('',*,*,#26940,.F.);
#26960=CARTESIAN_POINT('',(-22.4500000000853,23.2500000002928,
5.15000001012958));
#26970=DIRECTION('',(-3.19771212648292E-14,-4.08396006638903E-13,-1.));
#26980=VECTOR('',#26970,1.);
#26990=LINE('',#26960,#26980);
#27000=CARTESIAN_POINT('',(-22.4500000000854,23.250000000291,
0.650000009635185));
#27010=VERTEX_POINT('',#27000);
#27020=EDGE_CURVE('',#26930,#27010,#26990,.T.);
#27030=ORIENTED_EDGE('',*,*,#27020,.F.);
#27040=CARTESIAN_POINT('',(2.39999999987203,23.2500000002911,
0.650000009570262));
#27050=DIRECTION('',(-1.,-5.53723733530491E-15,3.197712126607E-14));
#27060=VECTOR('',#27050,1.);
#27070=LINE('',#27040,#27060);
#27080=CARTESIAN_POINT('',(-25.6000000001048,23.250000000291,
0.650000009571158));
#27090=VERTEX_POINT('',#27080);
#27100=EDGE_CURVE('',#27010,#27090,#27070,.T.);
#27110=ORIENTED_EDGE('',*,*,#27100,.F.);
#27120=EDGE_CURVE('',#27090,#4090,#26830,.T.);
#27130=ORIENTED_EDGE('',*,*,#27120,.F.);
#27140=ORIENTED_EDGE('',*,*,#4100,.T.);
#27150=ORIENTED_EDGE('',*,*,#25700,.T.);
#27160=EDGE_LOOP('',(#27150,#27140,#27130,#27110,#27030,#26950,#26870,
#26790,#26780,#26770,#26760,#26750));
#27170=FACE_OUTER_BOUND('',#27160,.T.);
#27180=ADVANCED_FACE('',(#27170),#26740,.F.);
#27190=COLOUR_RGB('',0.560784339904785,0.588235318660736,
0.600000023841858);
#27200=FILL_AREA_STYLE_COLOUR('',#27190);
#27210=FILL_AREA_STYLE('',(#27200));
#27220=SURFACE_STYLE_FILL_AREA(#27210);
#27230=SURFACE_SIDE_STYLE('',(#27220));
#27240=SURFACE_STYLE_USAGE(.BOTH.,#27230);
#27250=PRESENTATION_STYLE_ASSIGNMENT((#27240));
#27260=CARTESIAN_POINT('',(-37.6429995174059,11.2999999905106,
5.50000001015554));
#27270=DIRECTION('',(-1.,-3.55207974138478E-10,3.19409978015104E-14));
#27280=VECTOR('',#27270,1.);
#27290=LINE('',#27260,#27280);
#27300=CARTESIAN_POINT('',(-22.4500000000852,11.2999999959072,
5.50000001015506));
#27310=VERTEX_POINT('',#27300);
#27320=CARTESIAN_POINT('',(-25.6000000001048,11.2999999947883,
5.50000001015516));
#27330=VERTEX_POINT('',#27320);
#27340=EDGE_CURVE('',#27310,#27330,#27290,.T.);
#27350=ORIENTED_EDGE('',*,*,#27340,.F.);
#27360=CARTESIAN_POINT('',(-25.6000000001048,11.2999999961888,
5.10000000425595));
#27370=DIRECTION('',(-3.19771212842679E-14,3.50120421334652E-9,-1.));
#27380=VECTOR('',#27370,1.);
#27390=LINE('',#27360,#27380);
#27400=CARTESIAN_POINT('',(-25.6000000001049,11.3000000117692,
0.65000000957604));
#27410=VERTEX_POINT('',#27400);
#27420=EDGE_CURVE('',#27330,#27410,#27390,.T.);
#27430=ORIENTED_EDGE('',*,*,#27420,.F.);
#27440=CARTESIAN_POINT('',(-37.6429995254566,11.3000000074914,
0.650000009576424));
#27450=DIRECTION('',(1.,3.55207974138478E-10,-3.19409978015104E-14));
#27460=VECTOR('',#27450,1.);
#27470=LINE('',#27440,#27460);
#27480=CARTESIAN_POINT('',(-22.4500000000853,11.3000000128881,
0.650000009575939));
#27490=VERTEX_POINT('',#27480);
#27500=EDGE_CURVE('',#27410,#27490,#27470,.T.);
#27510=ORIENTED_EDGE('',*,*,#27500,.F.);
#27520=CARTESIAN_POINT('',(-22.4500000000852,11.2999999973077,
5.09999999501563));
#27530=DIRECTION('',(3.19771212842679E-14,-3.50120421334652E-9,1.));
#27540=VECTOR('',#27530,1.);
#27550=LINE('',#27520,#27540);
#27560=EDGE_CURVE('',#27490,#27310,#27550,.T.);
#27570=ORIENTED_EDGE('',*,*,#27560,.F.);
#27580=EDGE_LOOP('',(#27570,#27510,#27430,#27350));
#27590=FACE_OUTER_BOUND('',#27580,.T.);
#27600=ADVANCED_FACE('',(#27590),#24980,.F.);
#27610=COLOUR_RGB('',0.823529481887817,0.823529481887817,
0.784313797950745);
#27620=FILL_AREA_STYLE_COLOUR('',#27610);
#27630=FILL_AREA_STYLE('',(#27620));
#27640=SURFACE_STYLE_FILL_AREA(#27630);
#27650=SURFACE_SIDE_STYLE('',(#27640));
#27660=SURFACE_STYLE_USAGE(.BOTH.,#27650);
#27670=PRESENTATION_STYLE_ASSIGNMENT((#27660));
#27680=CARTESIAN_POINT('',(-22.4500000000855,23.250000000293,
5.50000001015017));
#27690=DIRECTION('',(-3.19771212660677E-14,-4.08396006638646E-13,-1.));
#27700=DIRECTION('',(1.,5.49559710549685E-15,-3.19771212660699E-14));
#27710=AXIS2_PLACEMENT_3D('',#27680,#27690,#27700);
#27720=PLANE('',#27710);
#27730=CARTESIAN_POINT('',(-25.6000000001048,10.9424215399309,
5.5000000101553));
#27740=DIRECTION('',(5.49561203629335E-15,-1.,4.08370209336644E-13));
#27750=VECTOR('',#27740,1.);
#27760=LINE('',#27730,#27750);
#27770=EDGE_CURVE('',#26850,#27330,#27760,.T.);
#27780=ORIENTED_EDGE('',*,*,#27770,.F.);
#27790=ORIENTED_EDGE('',*,*,#27340,.T.);
#27800=CARTESIAN_POINT('',(-22.4500000000852,9.79591530198023,
5.50000001015567));
#27810=DIRECTION('',(5.49561203629335E-15,-1.,4.08370209336644E-13));
#27820=VECTOR('',#27810,1.);
#27830=LINE('',#27800,#27820);
#27840=EDGE_CURVE('',#26930,#27310,#27830,.T.);
#27850=ORIENTED_EDGE('',*,*,#27840,.T.);
#27860=ORIENTED_EDGE('',*,*,#26940,.T.);
#27870=EDGE_LOOP('',(#27860,#27850,#27790,#27780));
#27880=FACE_OUTER_BOUND('',#27870,.T.);
#27890=ADVANCED_FACE('',(#27880),#27720,.T.);
#27900=COLOUR_RGB('',0.560784339904785,0.588235318660736,
0.600000023841858);
#27910=FILL_AREA_STYLE_COLOUR('',#27900);
#27920=FILL_AREA_STYLE('',(#27910));
#27930=SURFACE_STYLE_FILL_AREA(#27920);
#27940=SURFACE_SIDE_STYLE('',(#27930));
#27950=SURFACE_STYLE_USAGE(.BOTH.,#27940);
#27960=PRESENTATION_STYLE_ASSIGNMENT((#27950));
#27970=CARTESIAN_POINT('',(-22.4500000000854,23.250000000291,
0.650000009635185));
#27980=DIRECTION('',(-1.,-5.49561203635596E-15,3.19771212648314E-14));
#27990=DIRECTION('',(-3.19771212648292E-14,-4.08396006639044E-13,-1.));
#28000=AXIS2_PLACEMENT_3D('',#27970,#27980,#27990);
#28010=PLANE('',#28000);
#28020=ORIENTED_EDGE('',*,*,#27840,.F.);
#28030=ORIENTED_EDGE('',*,*,#27560,.T.);
#28040=CARTESIAN_POINT('',(-22.4500000000853,9.79591529681338,
0.650000009576553));
#28050=DIRECTION('',(5.49561203629335E-15,-1.,4.08370209336644E-13));
#28060=VECTOR('',#28050,1.);
#28070=LINE('',#28040,#28060);
#28080=EDGE_CURVE('',#27010,#27490,#28070,.T.);
#28090=ORIENTED_EDGE('',*,*,#28080,.T.);
#28100=ORIENTED_EDGE('',*,*,#27020,.T.);
#28110=EDGE_LOOP('',(#28100,#28090,#28030,#28020));
#28120=FACE_OUTER_BOUND('',#28110,.T.);
#28130=ADVANCED_FACE('',(#28120),#28010,.T.);
#28140=COLOUR_RGB('',0.560784339904785,0.588235318660736,
0.600000023841858);
#28150=FILL_AREA_STYLE_COLOUR('',#28140);
#28160=FILL_AREA_STYLE('',(#28150));
#28170=SURFACE_STYLE_FILL_AREA(#28160);
#28180=SURFACE_SIDE_STYLE('',(#28170));
#28190=SURFACE_STYLE_USAGE(.BOTH.,#28180);
#28200=PRESENTATION_STYLE_ASSIGNMENT((#28190));
#28210=CARTESIAN_POINT('',(-25.6000000001049,23.250000000291,
0.650000009571158));
#28220=DIRECTION('',(3.19771212660677E-14,4.08396006638646E-13,1.));
#28230=DIRECTION('',(-1.,-5.49559710549685E-15,3.19771212660699E-14));
#28240=AXIS2_PLACEMENT_3D('',#28210,#28220,#28230);
#28250=PLANE('',#28240);
#28260=ORIENTED_EDGE('',*,*,#28080,.F.);
#28270=ORIENTED_EDGE('',*,*,#27500,.T.);
#28280=CARTESIAN_POINT('',(-25.6000000001049,10.942421534764,
0.650000009576186));
#28290=DIRECTION('',(5.49561203629335E-15,-1.,4.08370209336644E-13));
#28300=VECTOR('',#28290,1.);
#28310=LINE('',#28280,#28300);
#28320=EDGE_CURVE('',#27090,#27410,#28310,.T.);
#28330=ORIENTED_EDGE('',*,*,#28320,.T.);
#28340=ORIENTED_EDGE('',*,*,#27100,.T.);
#28350=EDGE_LOOP('',(#28340,#28330,#28270,#28260));
#28360=FACE_OUTER_BOUND('',#28350,.T.);
#28370=ADVANCED_FACE('',(#28360),#28250,.T.);
#28380=COLOUR_RGB('',0.560784339904785,0.588235318660736,
0.600000023841858);
#28390=FILL_AREA_STYLE_COLOUR('',#28380);
#28400=FILL_AREA_STYLE('',(#28390));
#28410=SURFACE_STYLE_FILL_AREA(#28400);
#28420=SURFACE_SIDE_STYLE('',(#28410));
#28430=SURFACE_STYLE_USAGE(.BOTH.,#28420);
#28440=PRESENTATION_STYLE_ASSIGNMENT((#28430));
#28450=CARTESIAN_POINT('',(-25.6000000001047,27.5499999995107,
6.15000001165046));
#28460=DIRECTION('',(-1.,-2.76167977375509E-15,3.19771212653267E-14));
#28470=DIRECTION('',(-2.76167977376815E-15,1.,-4.08396006638903E-13));
#28480=AXIS2_PLACEMENT_3D('',#28450,#28460,#28470);
#28490=PLANE('',#28480);
#28500=ORIENTED_EDGE('',*,*,#28320,.F.);
#28510=ORIENTED_EDGE('',*,*,#27420,.T.);
#28520=ORIENTED_EDGE('',*,*,#27770,.T.);
#28530=ORIENTED_EDGE('',*,*,#26860,.T.);
#28540=ORIENTED_EDGE('',*,*,#7700,.T.);
#28550=CARTESIAN_POINT('',(-25.6000000001047,27.5499999995103,
5.15000001012958));
#28560=DIRECTION('',(-3.19771212653255E-14,-4.08396006638903E-13,-1.));
#28570=VECTOR('',#28560,1.);
#28580=LINE('',#28550,#28570);
#28590=EDGE_CURVE('',#7610,#4170,#28580,.T.);
#28600=ORIENTED_EDGE('',*,*,#28590,.F.);
#28610=ORIENTED_EDGE('',*,*,#4180,.T.);
#28620=ORIENTED_EDGE('',*,*,#27120,.T.);
#28630=EDGE_LOOP('',(#28620,#28610,#28600,#28540,#28530,#28520,#28510,
#28500));
#28640=FACE_OUTER_BOUND('',#28630,.T.);
#28650=ADVANCED_FACE('',(#28640),#28490,.F.);
#28660=COLOUR_RGB('',0.560784339904785,0.588235318660736,
0.600000023841858);
#28670=FILL_AREA_STYLE_COLOUR('',#28660);
#28680=FILL_AREA_STYLE('',(#28670));
#28690=SURFACE_STYLE_FILL_AREA(#28680);
#28700=SURFACE_SIDE_STYLE('',(#28690));
#28710=SURFACE_STYLE_USAGE(.BOTH.,#28700);
#28720=PRESENTATION_STYLE_ASSIGNMENT((#28710));
#28730=CARTESIAN_POINT('',(-26.1894453301365,28.9446519863236,
6.15000001164991));
#28740=DIRECTION('',(-0.92110933001652,-0.38930399709805,
1.88444622527968E-13));
#28750=DIRECTION('',(-0.38930399709805,0.92110933001652,
-3.63728550932302E-13));
#28760=AXIS2_PLACEMENT_3D('',#28730,#28740,#28750);
#28770=PLANE('',#28760);
#28780=ORIENTED_EDGE('',*,*,#7620,.T.);
#28790=CARTESIAN_POINT('',(-26.3184997194956,29.2499999997119,
5.15000001012958));
#28800=DIRECTION('',(3.19771212653255E-14,4.08396006638903E-13,1.));
#28810=VECTOR('',#28800,1.);
#28820=LINE('',#28790,#28810);
#28830=EDGE_CURVE('',#4250,#7530,#28820,.T.);
#28840=ORIENTED_EDGE('',*,*,#28830,.T.);
#28850=ORIENTED_EDGE('',*,*,#4260,.T.);
#28860=ORIENTED_EDGE('',*,*,#28590,.T.);
#28870=EDGE_LOOP('',(#28860,#28850,#28840,#28780));
#28880=FACE_OUTER_BOUND('',#28870,.T.);
#28890=ADVANCED_FACE('',(#28880),#28770,.F.);
#28900=COLOUR_RGB('',0.560784339904785,0.588235318660736,
0.600000023841858);
#28910=FILL_AREA_STYLE_COLOUR('',#28900);
#28920=FILL_AREA_STYLE('',(#28910));
#28930=SURFACE_STYLE_FILL_AREA(#28920);
#28940=SURFACE_SIDE_STYLE('',(#28930));
#28950=SURFACE_STYLE_USAGE(.BOTH.,#28940);
#28960=PRESENTATION_STYLE_ASSIGNMENT((#28950));
#28970=CARTESIAN_POINT('',(2.02096000591245,24.5709600154457,0.));
#28980=DIRECTION('',(3.1977121265209E-14,8.16792267525923E-13,1.));
#28990=DIRECTION('',(0.,1.,-8.16792267525923E-13));
#29000=AXIS2_PLACEMENT_3D('',#28970,#28980,#28990);
#29010=CYLINDRICAL_SURFACE('',#29000,0.92096);
#29020=CARTESIAN_POINT('',(2.29999999851768,29.250000021477,
3.25000000000758));
#29030=DIRECTION('',(5.9656937493592E-10,-1.,4.08396260867947E-13));
#29040=DIRECTION('',(-1.,-5.9656937493592E-10,6.3954243017858E-14));
#29050=AXIS2_PLACEMENT_3D('',#29020,#29030,#29040);
#29060=CYLINDRICAL_SURFACE('',#29050,2.89999999987409);
#29070=CARTESIAN_POINT('',(1.10000000591264,24.5709600143509,
5.89007575845247));
#29080=CARTESIAN_POINT('',(1.1000000059309,24.5556606129786,
5.89007575845663));
#29090=CARTESIAN_POINT('',(1.10038089752615,24.5404052994459,
5.89024898386893));
#29100=CARTESIAN_POINT('',(1.10113819083351,24.5251872057864,
5.89059280439786));
#29110=CARTESIAN_POINT('',(1.10189607939358,24.5099571503,
5.89093689517888));
#29120=CARTESIAN_POINT('',(1.10303399380564,24.4947155359395,
5.89145322834836));
#29130=CARTESIAN_POINT('',(1.10455347147007,24.4794920689831,
5.89214072174166));
#29140=CARTESIAN_POINT('',(1.10607294112283,24.4642686822945,
5.89282821151004));
#29150=CARTESIAN_POINT('',(1.1079739697855,24.4490637901169,
5.89368685611751));
#29160=CARTESIAN_POINT('',(1.11025460431573,24.4339089552495,
5.89471281795564));
#29170=CARTESIAN_POINT('',(1.11253523205612,24.4187541655006,
5.8957387767393));
#29180=CARTESIAN_POINT('',(1.11519542826188,24.4036497855069,
5.89693202814023));
#29190=CARTESIAN_POINT('',(1.11822951708512,24.3886279388944,
5.89828595919708));
#29200=CARTESIAN_POINT('',(1.12126360312333,24.3736061060708,
5.89963988901114));
#29210=CARTESIAN_POINT('',(1.12467151531742,24.3586671477319,
5.9011544571092));
#29220=CARTESIAN_POINT('',(1.12844390187733,24.3438425884713,
5.90282044339367));
#29230=CARTESIAN_POINT('',(1.13221629212427,24.3290180147216,
5.90448643130643));
#29240=CARTESIAN_POINT('',(1.13635306666285,24.3143081569894,
5.90630378289699));
#29250=CARTESIAN_POINT('',(1.14084148409621,24.2997429268376,
5.90826099751672));
#29260=CARTESIAN_POINT('',(1.14532991406104,24.2851776560203,
5.9102182176009));
#29270=CARTESIAN_POINT('',(1.15016987918242,24.2707572964616,
5.91231523727499));
#29280=CARTESIAN_POINT('',(1.15534574254617,24.2565092742262,
5.914538726832));
#29290=CARTESIAN_POINT('',(1.16052162978151,24.2422611862775,
5.91676222664396));
#29300=CARTESIAN_POINT('',(1.16603329567518,24.2281856801243,
5.91911212829907));
#29310=CARTESIAN_POINT('',(1.17186288879084,24.2143069525231,
5.92157381597443));
#29320=CARTESIAN_POINT('',(1.18350874967797,24.1865812214598,
5.92649156437402));
#29330=CARTESIAN_POINT('',(1.19652613258241,24.1593978329789,
5.93189940292196));
#29340=CARTESIAN_POINT('',(1.21085366258781,24.1329017612138,
5.93770538779879));
#29350=CARTESIAN_POINT('',(1.2251799200517,24.1064080427748,
5.94351085700007));
#29360=CARTESIAN_POINT('',(1.24081013872892,24.0806152392666,
5.94971146184224));
#29370=CARTESIAN_POINT('',(1.25763681173331,24.0556882203473,
5.95619270926874));
#29380=CARTESIAN_POINT('',(1.27446345790673,24.0307612411754,
5.96267394636057));
#29390=CARTESIAN_POINT('',(1.29248375271944,24.0067042104335,
5.96943427713766));
#29400=CARTESIAN_POINT('',(1.31156103297348,23.9836607571556,
5.9763507486209));
#29410=CARTESIAN_POINT('',(1.33063855419642,23.9606170128112,
5.98326730746746));
#29420=CARTESIAN_POINT('',(1.3507699254917,23.9385902341949,
5.99033848130545));
#29430=CARTESIAN_POINT('',(1.37179973733008,23.9176926373474,
5.99744322389912));
#29440=CARTESIAN_POINT('',(1.39282226698269,23.8968022769023,
6.00454550626843));
#29450=CARTESIAN_POINT('',(1.41494181456364,23.8768418641009,
6.0117490175801));
#29460=CARTESIAN_POINT('',(1.4380479877187,23.8579516700199,
6.01894180597121));
#29470=CARTESIAN_POINT('',(1.46115375985379,23.8390618037883,
6.02613446952763));
#29480=CARTESIAN_POINT('',(1.48524273453376,23.821245408587,
6.03331491717909));
#29490=CARTESIAN_POINT('',(1.51017335988557,23.8046282831693,
6.04037163744891));
#29500=CARTESIAN_POINT('',(1.53510397607999,23.7880111638555,
6.0474283551267));
#29510=CARTESIAN_POINT('',(1.5608725126699,23.772595889103,
6.05435995571732));
#29520=CARTESIAN_POINT('',(1.58731605654006,23.7584821715593,
6.06106413898546));
#29530=CARTESIAN_POINT('',(1.61375994487478,23.7443682701644,
6.06776840958507));
#29540=CARTESIAN_POINT('',(1.6408745471996,23.7315579835283,
6.07424399404748));
#29550=CARTESIAN_POINT('',(1.66848873231641,23.7201184773899,
6.08040518580284));
#29560=CARTESIAN_POINT('',(1.69607169541276,23.7086919053466,
6.08655941139735));
#29570=CARTESIAN_POINT('',(1.72430353871133,23.6985692554062,
6.09243399476409));
#29580=CARTESIAN_POINT('',(1.7530599998525,23.6898261389295,
6.09795657157153));
#29590=CARTESIAN_POINT('',(1.76743532150765,23.685455465118,
6.10071730132832));
#29600=CARTESIAN_POINT('',(1.78193534646638,23.6814314175366,
6.103388997792));
#29610=CARTESIAN_POINT('',(1.79653455731987,23.6777632064415,
6.10596263026991));
#29620=CARTESIAN_POINT('',(1.81113378289035,23.6740949916486,
6.10853626534221));
#29630=CARTESIAN_POINT('',(1.82583198558633,23.6707826624273,
6.11101179584909));
#29640=CARTESIAN_POINT('',(1.84060317475636,23.6678328178449,
6.11338166414896));
#29650=CARTESIAN_POINT('',(1.87012677774635,23.6619368781658,
6.1181183884586));
#29660=CARTESIAN_POINT('',(1.90005319252358,23.6574689952111,
6.12244941327175));
#29670=CARTESIAN_POINT('',(1.93018742270158,23.654484342158,
6.12632380924432));
#29680=CARTESIAN_POINT('',(1.96032748801061,23.6514991111628,
6.13019895544704));
#29690=CARTESIAN_POINT('',(1.99062131605163,23.6500000154326,
6.13361125425257));
#29700=CARTESIAN_POINT('',(2.02096000646704,23.6500000154507,
6.1365440721213));
#29710=B_SPLINE_CURVE_WITH_KNOTS('',3,(#29070,#29080,#29090,#29100,
#29110,#29120,#29130,#29140,#29150,#29160,#29170,#29180,#29190,#29200,
#29210,#29220,#29230,#29240,#29250,#29260,#29270,#29280,#29290,#29300,
#29310,#29320,#29330,#29340,#29350,#29360,#29370,#29380,#29390,#29400,
#29410,#29420,#29430,#29440,#29450,#29460,#29470,#29480,#29490,#29500,
#29510,#29520,#29530,#29540,#29550,#29560,#29570,#29580,#29590,#29600,
#29610,#29620,#29630,#29640,#29650,#29660,#29670,#29680,#29690,#29700),
.UNSPECIFIED.,.F.,.F.,(4,3,3,3,3,3,3,3,3,3,3,3,3,3,3,3,3,3,3,3,3,4),(0.,
0.0457955643226555,0.0916499698154345,0.137665852607927,
0.183788042951839,0.229952250395722,0.276088768100428,0.322125860337415,
0.367993132228291,0.459723204061494,0.551914578219799,0.644157362495539,
0.735981643616675,0.827776171000078,0.920031679244673,1.01230926915137,
1.10418659508816,1.19575464858778,1.24158130593793,1.28736490360414,
1.37889750990659,1.47039396779275),.UNSPECIFIED.);
#29720=SURFACE_CURVE('',#29710,(#29010,#29060),.CURVE_3D.);
#29730=CARTESIAN_POINT('',(1.10000000591264,24.5709600143515,
5.89007575780047));
#29740=VERTEX_POINT('',#29730);
#29750=EDGE_CURVE('',#29740,#20320,#29720,.T.);
#29760=ORIENTED_EDGE('',*,*,#29750,.F.);
#29770=ORIENTED_EDGE('',*,*,#20330,.F.);
#29780=ORIENTED_EDGE('',*,*,#9330,.T.);
#29790=CARTESIAN_POINT('',(1.10000000591245,24.5709600143467,
2.94496504980137E-14));
#29800=DIRECTION('',(3.1977121265209E-14,8.16792267525923E-13,1.));
#29810=VECTOR('',#29800,1.);
#29820=LINE('',#29790,#29810);
#29830=EDGE_CURVE('',#29740,#9230,#29820,.T.);
#29840=ORIENTED_EDGE('',*,*,#29830,.T.);
#29850=EDGE_LOOP('',(#29840,#29780,#29770,#29760));
#29860=FACE_OUTER_BOUND('',#29850,.T.);
#29870=ADVANCED_FACE('',(#29860),#29010,.F.);
#29880=COLOUR_RGB('',0.560784339904785,0.588235318660736,
0.600000023841858);
#29890=FILL_AREA_STYLE_COLOUR('',#29880);
#29900=FILL_AREA_STYLE('',(#29890));
#29910=SURFACE_STYLE_FILL_AREA(#29900);
#29920=SURFACE_SIDE_STYLE('',(#29910));
#29930=SURFACE_STYLE_USAGE(.BOTH.,#29920);
#29940=PRESENTATION_STYLE_ASSIGNMENT((#29930));
#29950=ORIENTED_EDGE('',*,*,#20030,.F.);
#29960=CARTESIAN_POINT('',(-37.7999999962177,29.2499999997084,
5.8900757578516));
#29970=DIRECTION('',(-1.23069611928547E-13,1.,0.));
#29980=VECTOR('',#29970,1.);
#29990=LINE('',#29960,#29980);
#30000=CARTESIAN_POINT('',(-37.7999999969814,29.2499999997108,
5.89007575750447));
#30010=VERTEX_POINT('',#30000);
#30020=EDGE_CURVE('',#19270,#30010,#29990,.T.);
#30030=ORIENTED_EDGE('',*,*,#30020,.F.);
#30040=CARTESIAN_POINT('',(-36.6000000004077,29.2499999997099,
3.24999999945832));
#30050=DIRECTION('',(-1.23069611928547E-13,1.,0.));
#30060=DIRECTION('',(1.,1.23069611928547E-13,3.08148791101934E-33));
#30070=AXIS2_PLACEMENT_3D('',#30040,#30050,#30060);
#30080=CIRCLE('',#30070,2.9);
#30090=CARTESIAN_POINT('',(-36.6000000005875,29.2499999997099,
0.349999999458318));
#30100=VERTEX_POINT('',#30090);
#30110=EDGE_CURVE('',#30100,#30010,#30080,.T.);
#30120=ORIENTED_EDGE('',*,*,#30110,.T.);
#30130=CARTESIAN_POINT('',(-36.6000000005875,29.2499999997085,
0.349999999458318));
#30140=DIRECTION('',(1.23069611928547E-13,-1.,0.));
#30150=VECTOR('',#30140,1.);
#30160=LINE('',#30130,#30150);
#30170=CARTESIAN_POINT('',(-36.6000000005875,29.0499999941576,
0.349999999458318));
#30180=VERTEX_POINT('',#30170);
#30190=EDGE_CURVE('',#30100,#30180,#30160,.T.);
#30200=ORIENTED_EDGE('',*,*,#30190,.F.);
#30210=CARTESIAN_POINT('',(-36.6000000001102,29.8499999942095,
0.349999999457991));
#30220=DIRECTION('',(5.96563965633914E-10,1.,-2.04198109917039E-13));
#30230=VECTOR('',#30220,1.);
#30240=LINE('',#30210,#30230);
#30250=CARTESIAN_POINT('',(-36.600000003809,23.6499999943298,
0.349999999458319));
#30260=VERTEX_POINT('',#30250);
#30270=EDGE_CURVE('',#30260,#30180,#30240,.T.);
#30280=ORIENTED_EDGE('',*,*,#30270,.T.);
#30290=CARTESIAN_POINT('',(-36.6000000004063,18.627052652381,
3.24999999945832));
#30300=DIRECTION('',(-3.52083767700531E-10,-0.500000000000069,
-0.866025403784399));
#30310=DIRECTION('',(2.03417766606389E-10,-0.866025403784399,
0.500000000000069));
#30320=AXIS2_PLACEMENT_3D('',#30290,#30300,#30310);
#30330=ELLIPSE('',#30320,5.79999999999919,2.9);
#30340=CARTESIAN_POINT('',(-38.6000000010589,22.2643593486071,
1.15000000007937));
#30350=VERTEX_POINT('',#30340);
#30360=EDGE_CURVE('',#30350,#30260,#30330,.T.);
#30370=ORIENTED_EDGE('',*,*,#30360,.T.);
#30380=CARTESIAN_POINT('',(-38.6000000010597,29.2499999997083,
1.15000000007936));
#30390=DIRECTION('',(-1.23069611928547E-13,1.,0.));
#30400=VECTOR('',#30390,1.);
#30410=LINE('',#30380,#30400);
#30420=CARTESIAN_POINT('',(-38.6000000031488,22.0911542660826,
1.1500000020698));
#30430=VERTEX_POINT('',#30420);
#30440=EDGE_CURVE('',#30430,#30350,#30410,.T.);
#30450=ORIENTED_EDGE('',*,*,#30440,.T.);
#30460=CARTESIAN_POINT('',(-36.6000000004063,18.6270526416472,
3.24999999945832));
#30470=DIRECTION('',(-0.866025404082781,-0.499999999483256,
5.3781258983741E-11));
#30480=DIRECTION('',(-0.499999999483256,0.866025404082781,
3.10506243088237E-11));
#30490=AXIS2_PLACEMENT_3D('',#30460,#30470,#30480);
#30500=ELLIPSE('',#30490,5.80000000599547,2.9);
#30510=CARTESIAN_POINT('',(-38.6506096665511,22.1788127792802,
5.30060966419601));
#30520=VERTEX_POINT('',#30510);
#30530=EDGE_CURVE('',#30520,#30430,#30500,.T.);
#30540=ORIENTED_EDGE('',*,*,#30530,.T.);
#30550=CARTESIAN_POINT('',(-36.6000000004063,18.6270526524589,
3.24999999945832));
#30560=DIRECTION('',(-2.44601239998649E-10,-0.499999999999931,
0.866025403784479));
#30570=DIRECTION('',(-1.41362700304462E-10,0.866025403784479,
0.499999999999931));
#30580=AXIS2_PLACEMENT_3D('',#30550,#30560,#30570);
#30590=ELLIPSE('',#30580,5.8000000000008,2.9);
#30600=CARTESIAN_POINT('',(-36.8612061113295,23.6295834223931,
6.13821248603487));
#30610=VERTEX_POINT('',#30600);
#30620=EDGE_CURVE('',#30610,#30520,#30590,.T.);
#30630=ORIENTED_EDGE('',*,*,#30620,.T.);
#30640=CARTESIAN_POINT('',(-36.8612061113302,29.2499999997085,
6.13821248603487));
#30650=DIRECTION('',(-1.23069611928547E-13,1.,0.));
#30660=VECTOR('',#30650,1.);
#30670=LINE('',#30640,#30660);
#30680=CARTESIAN_POINT('',(-36.8612061113295,23.6499999943708,
6.13821248603487));
#30690=VERTEX_POINT('',#30680);
#30700=EDGE_CURVE('',#30610,#30690,#30670,.T.);
#30710=ORIENTED_EDGE('',*,*,#30700,.F.);
#30720=CARTESIAN_POINT('',(-36.600000000407,23.6499999943708,
3.24999999945832));
#30730=DIRECTION('',(-1.23069611928547E-13,1.,0.));
#30740=DIRECTION('',(1.,1.23069611928547E-13,3.08148791101934E-33));
#30750=AXIS2_PLACEMENT_3D('',#30720,#30730,#30740);
#30760=CIRCLE('',#30750,2.9);
#30770=EDGE_CURVE('',#20020,#30690,#30760,.T.);
#30780=ORIENTED_EDGE('',*,*,#30770,.T.);
#30790=EDGE_LOOP('',(#30780,#30710,#30630,#30540,#30450,#30370,#30280,
#30200,#30120,#30030,#29950));
#30800=FACE_OUTER_BOUND('',#30790,.T.);
#30810=ADVANCED_FACE('',(#30800),#19340,.F.);
#30820=COLOUR_RGB('',0.560784339904785,0.588235318660736,
0.600000023841858);
#30830=FILL_AREA_STYLE_COLOUR('',#30820);
#30840=FILL_AREA_STYLE('',(#30830));
#30850=SURFACE_STYLE_FILL_AREA(#30840);
#30860=SURFACE_SIDE_STYLE('',(#30850));
#30870=SURFACE_STYLE_USAGE(.BOTH.,#30860);
#30880=PRESENTATION_STYLE_ASSIGNMENT((#30870));
#30890=CARTESIAN_POINT('',(-34.8000000055612,29.0499999906722,
6.15000001165014));
#30900=DIRECTION('',(-1.,5.96563965633901E-10,3.19771210216912E-14));
#30910=DIRECTION('',(5.96563965633901E-10,1.,-4.08396006657979E-13));
#30920=AXIS2_PLACEMENT_3D('',#30890,#30900,#30910);
#30930=PLANE('',#30920);
#30940=CARTESIAN_POINT('',(-34.8000000068083,29.2499999997087,
5.89007575719474));
#30950=DIRECTION('',(1.23069611928547E-13,-1.,0.));
#30960=VECTOR('',#30950,1.);
#30970=LINE('',#30940,#30960);
#30980=CARTESIAN_POINT('',(-34.8000000071139,29.2499999997112,
5.89007575733364));
#30990=VERTEX_POINT('',#30980);
#31000=CARTESIAN_POINT('',(-34.8000000082332,24.5709599932981,
5.89007575719474));
#31010=VERTEX_POINT('',#31000);
#31020=EDGE_CURVE('',#30990,#31010,#30970,.T.);
#31030=ORIENTED_EDGE('',*,*,#31020,.T.);
#31040=CARTESIAN_POINT('',(-34.8000000054419,29.2499999997108,
5.15000001012958));
#31050=DIRECTION('',(-3.19771212653255E-14,-4.08396006638903E-13,-1.));
#31060=VECTOR('',#31050,1.);
#31070=LINE('',#31040,#31060);
#31080=EDGE_CURVE('',#7490,#30990,#31070,.T.);
#31090=ORIENTED_EDGE('',*,*,#31080,.T.);
#31100=ORIENTED_EDGE('',*,*,#7500,.F.);
#31110=CARTESIAN_POINT('',(-34.8000000082334,24.5709599932956,
-2.94496493761367E-14));
#31120=DIRECTION('',(-3.19771212653255E-14,-4.08396006638903E-13,-1.));
#31130=VECTOR('',#31120,1.);
#31140=LINE('',#31110,#31130);
#31150=EDGE_CURVE('',#7410,#31010,#31140,.T.);
#31160=ORIENTED_EDGE('',*,*,#31150,.F.);
#31170=EDGE_LOOP('',(#31160,#31100,#31090,#31030));
#31180=FACE_OUTER_BOUND('',#31170,.T.);
#31190=ADVANCED_FACE('',(#31180),#30930,.T.);
#31200=COLOUR_RGB('',0.560784339904785,0.588235318660736,
0.600000023841858);
#31210=FILL_AREA_STYLE_COLOUR('',#31200);
#31220=FILL_AREA_STYLE('',(#31210));
#31230=SURFACE_STYLE_FILL_AREA(#31220);
#31240=SURFACE_SIDE_STYLE('',(#31230));
#31250=SURFACE_STYLE_USAGE(.BOTH.,#31240);
#31260=PRESENTATION_STYLE_ASSIGNMENT((#31250));
#31270=CARTESIAN_POINT('',(-35.7387938923042,29.2499999997086,
6.13821248564269));
#31280=DIRECTION('',(-3.49413372001228E-10,-4.30021680948362E-23,-1.));
#31290=DIRECTION('',(1.,1.23069611928547E-13,-3.49413372001228E-10));
#31300=AXIS2_PLACEMENT_3D('',#31270,#31280,#31290);
#31310=PLANE('',#31300);
#31320=CARTESIAN_POINT('',(0.,23.6499999725377,6.13821247315507));
#31330=DIRECTION('',(-1.,5.96563965634042E-10,3.49413372001228E-10));
#31340=VECTOR('',#31330,1.);
#31350=LINE('',#31320,#31340);
#31360=CARTESIAN_POINT('',(-35.7387938904159,23.6499999938582,
6.13821248564269));
#31370=VERTEX_POINT('',#31360);
#31380=EDGE_CURVE('',#31370,#30690,#31350,.T.);
#31390=ORIENTED_EDGE('',*,*,#31380,.F.);
#31400=ORIENTED_EDGE('',*,*,#30700,.T.);
#31410=CARTESIAN_POINT('',(-34.8749032737088,23.6295834202192,
6.13821248534083));
#31420=DIRECTION('',(-1.,1.09440419314757E-9,3.49413372001228E-10));
#31430=VECTOR('',#31420,1.);
#31440=LINE('',#31410,#31430);
#31450=CARTESIAN_POINT('',(-36.0000000034777,23.6295834214505,
6.13821248573395));
#31460=VERTEX_POINT('',#31450);
#31470=EDGE_CURVE('',#31460,#30610,#31440,.T.);
#31480=ORIENTED_EDGE('',*,*,#31470,.T.);
#31490=CARTESIAN_POINT('',(-36.0000000040492,23.6499999943898,
3.24999999935777));
#31500=DIRECTION('',(5.966853310199E-10,1.,-8.0012930169042E-14));
#31510=DIRECTION('',(1.,-5.96685007699185E-10,-6.20550663018156E-11));
#31520=AXIS2_PLACEMENT_3D('',#31490,#31500,#31510);
#31530=CONICAL_SURFACE('',#31520,2.90000000000077,0.523598775598299);
#31540=CARTESIAN_POINT('',(-35.738793892274,23.6499999938628,
6.13821248564268));
#31550=CARTESIAN_POINT('',(-35.7602693436247,23.6466496586587,
6.13821248565019));
#31560=CARTESIAN_POINT('',(-35.7818435121767,23.6436940063255,
6.13821248565773));
#31570=CARTESIAN_POINT('',(-35.8034989213083,23.6411479969227,
6.13821248566529));
#31580=CARTESIAN_POINT('',(-35.8251542315697,23.638601999144,
6.13821248567286));
#31590=CARTESIAN_POINT('',(-35.8468905782937,23.6364657161305,
6.13821248568046));
#31600=CARTESIAN_POINT('',(-35.8686872425012,23.6347510480935,
6.13821248568807));
#31610=CARTESIAN_POINT('',(-35.8904838330829,23.6330363858485,
6.13821248569569));
#31620=CARTESIAN_POINT('',(-35.9123405048367,23.6317433939454,
6.13821248570332));
#31630=CARTESIAN_POINT('',(-35.9342341022051,23.630880143483,
6.13821248571097));
#31640=CARTESIAN_POINT('',(-35.9561276504759,23.6300168949564,
6.13821248571862));
#31650=CARTESIAN_POINT('',(-35.9780578654038,23.6295834218787,
6.13821248572629));
#31660=CARTESIAN_POINT('',(-36.0000000034767,23.6295834218974,
6.13821248573395));
#31670=B_SPLINE_CURVE_WITH_KNOTS('',3,(#31540,#31550,#31560,#31570,
#31580,#31590,#31600,#31610,#31620,#31630,#31640,#31650,#31660),
.UNSPECIFIED.,.F.,.F.,(4,3,3,3,4),(0.,0.065311596111259,
0.130817083808785,0.196482325143645,0.262265265853214),.UNSPECIFIED.);
#31680=SURFACE_CURVE('',#31670,(#31310,#31530),.CURVE_3D.);
#31690=EDGE_CURVE('',#31370,#31460,#31680,.T.);
#31700=ORIENTED_EDGE('',*,*,#31690,.T.);
#31710=EDGE_LOOP('',(#31700,#31480,#31400,#31390));
#31720=FACE_OUTER_BOUND('',#31710,.T.);
#31730=ADVANCED_FACE('',(#31720),#31310,.T.);
#31740=COLOUR_RGB('',0.560784339904785,0.588235318660736,
0.600000023841858);
#31750=FILL_AREA_STYLE_COLOUR('',#31740);
#31760=FILL_AREA_STYLE('',(#31750));
#31770=SURFACE_STYLE_FILL_AREA(#31760);
#31780=SURFACE_SIDE_STYLE('',(#31770));
#31790=SURFACE_STYLE_USAGE(.BOTH.,#31780);
#31800=PRESENTATION_STYLE_ASSIGNMENT((#31790));
#31810=CARTESIAN_POINT('',(-11.1700533564702,11.2999999985835,
5.8799999629491));
#31820=DIRECTION('',(3.55208031046237E-10,-1.,-3.50120421334654E-9));
#31830=DIRECTION('',(-1.,-3.55208031039273E-10,-1.98919827462869E-12));
#31840=AXIS2_PLACEMENT_3D('',#31810,#31820,#31830);
#31850=PLANE('',#31840);
#31860=CARTESIAN_POINT('',(-34.8749032737073,11.2999999931257,
5.03390158298697));
#31870=DIRECTION('',(-0.999425947141934,-2.36387364674025E-10,
-0.0338788456038293));
#31880=VECTOR('',#31870,1.);
#31890=LINE('',#31860,#31880);
#31900=CARTESIAN_POINT('',(-34.1693862005096,11.2999999932926,
5.05781741593295));
#31910=VERTEX_POINT('',#31900);
#31920=CARTESIAN_POINT('',(-37.5500000086535,11.299999992493,
4.9432203379005));
#31930=VERTEX_POINT('',#31920);
#31940=EDGE_CURVE('',#31910,#31930,#31890,.T.);
#31950=ORIENTED_EDGE('',*,*,#31940,.F.);
#31960=CARTESIAN_POINT('',(-37.5500000086406,11.299999991769,
5.15000001012958));
#31970=DIRECTION('',(6.20550641665782E-11,-3.50120421332449E-9,1.));
#31980=VECTOR('',#31970,1.);
#31990=LINE('',#31960,#31980);
#32000=CARTESIAN_POINT('',(-37.5500000088888,11.3000000057738,
1.15000000001536));
#32010=VERTEX_POINT('',#32000);
#32020=EDGE_CURVE('',#32010,#31930,#31990,.T.);
#32030=ORIENTED_EDGE('',*,*,#32020,.T.);
#32040=CARTESIAN_POINT('',(-34.8749032737073,11.300000006724,
1.14999999984936));
#32050=DIRECTION('',(-1.,-3.55208031263505E-10,6.20550663018917E-11));
#32060=VECTOR('',#32050,1.);
#32070=LINE('',#32040,#32060);
#32080=CARTESIAN_POINT('',(-34.1693862003903,11.3000000069746,
1.14999999980558));
#32090=VERTEX_POINT('',#32080);
#32100=EDGE_CURVE('',#32090,#32010,#32070,.T.);
#32110=ORIENTED_EDGE('',*,*,#32100,.T.);
#32120=CARTESIAN_POINT('',(-34.1693862003608,11.3000000103684,
0.180687248456965));
#32130=DIRECTION('',(-3.05261331461113E-11,-3.50120421335738E-9,1.));
#32140=VECTOR('',#32130,1.);
#32150=LINE('',#32120,#32140);
#32160=EDGE_CURVE('',#32090,#31910,#32150,.T.);
#32170=ORIENTED_EDGE('',*,*,#32160,.F.);
#32180=EDGE_LOOP('',(#32170,#32110,#32030,#31950));
#32190=FACE_OUTER_BOUND('',#32180,.T.);
#32200=ADVANCED_FACE('',(#32190),#31850,.F.);
#32210=COLOUR_RGB('',0.823529481887817,0.823529481887817,
0.784313797950745);
#32220=FILL_AREA_STYLE_COLOUR('',#32210);
#32230=FILL_AREA_STYLE('',(#32220));
#32240=SURFACE_STYLE_FILL_AREA(#32230);
#32250=SURFACE_SIDE_STYLE('',(#32240));
#32260=SURFACE_STYLE_USAGE(.BOTH.,#32250);
#32270=PRESENTATION_STYLE_ASSIGNMENT((#32260));
#32280=CARTESIAN_POINT('',(-34.1000076158844,19.2499983609165,
5.87500042496901));
#32290=DIRECTION('',(-0.999961923064244,0.00872653549009379,
2.84120214285873E-14));
#32300=DIRECTION('',(0.00872653549009379,0.999961923064244,
-4.08659505653985E-13));
#32310=AXIS2_PLACEMENT_3D('',#32280,#32290,#32300);
#32320=PLANE('',#32310);
#32330=CARTESIAN_POINT('',(-34.0127389237582,29.2499999997088,
5.06312749273826));
#32340=DIRECTION('',(-0.00872653510828014,-0.999961879312732,
-0.00029581472867021));
#32350=VECTOR('',#32340,1.);
#32360=LINE('',#32330,#32350);
#32370=CARTESIAN_POINT('',(-34.0653848086134,23.2173791137108,
5.06134288659781));
#32380=VERTEX_POINT('',#32370);
#32390=EDGE_CURVE('',#32380,#31910,#32360,.T.);
#32400=ORIENTED_EDGE('',*,*,#32390,.F.);
#32410=ORIENTED_EDGE('',*,*,#32160,.T.);
#32420=CARTESIAN_POINT('',(-34.0127389237583,29.2499999997088,
1.14999999979442));
#32430=DIRECTION('',(-0.00872653549009379,-0.999961923064244,
6.21512390164281E-13));
#32440=VECTOR('',#32430,1.);
#32450=LINE('',#32420,#32440);
#32460=CARTESIAN_POINT('',(-34.0622529577033,23.5762536821088,
1.14999999966285));
#32470=VERTEX_POINT('',#32460);
#32480=EDGE_CURVE('',#32470,#32090,#32450,.T.);
#32490=ORIENTED_EDGE('',*,*,#32480,.T.);
#32500=CARTESIAN_POINT('',(-34.0653848086164,23.2173791132222,
5.06134288618426));
#32510=CARTESIAN_POINT('',(-34.065855658595,23.1634250497078,
5.0162687725937));
#32520=CARTESIAN_POINT('',(-34.0663233278135,23.1098354651959,
4.97062311795512));
#32530=CARTESIAN_POINT('',(-34.0667864959474,23.0567616539034,
4.92435345069837));
#32540=CARTESIAN_POINT('',(-34.0672496654388,23.0036876870551,
4.87808364782824));
#32550=CARTESIAN_POINT('',(-34.0677083436627,22.9511283684817,
4.83118992229861));
#32560=CARTESIAN_POINT('',(-34.0681610611712,22.8992520802402,
4.78358869388053));
#32570=CARTESIAN_POINT('',(-34.0683874210805,22.8733138037682,
4.75978795822716));
#32580=CARTESIAN_POINT('',(-34.0686122895607,22.8475464281368,
4.73580965090805));
#32590=CARTESIAN_POINT('',(-34.0688354628645,22.8219733004873,
4.71163946607312));
#32600=CARTESIAN_POINT('',(-34.0690586362337,22.7964001653466,
4.68746927415797));
#32610=CARTESIAN_POINT('',(-34.0692801152597,22.7710211826965,
4.6631071807362));
#32620=CARTESIAN_POINT('',(-34.0694996760419,22.745862009016,
4.63853591532108));
#32630=CARTESIAN_POINT('',(-34.0697192368155,22.7207028363323,
4.6139646508794));
#32640=CARTESIAN_POINT('',(-34.0699368804714,22.6957633435662,
4.58918417135614));
#32650=CARTESIAN_POINT('',(-34.0701523557875,22.6710723179394,
4.56417391237973));
#32660=CARTESIAN_POINT('',(-34.0703678309802,22.6463813064433,
4.53916366771671));
#32670=CARTESIAN_POINT('',(-34.0705811393371,22.6219385897369,
4.51392357233744));
#32680=CARTESIAN_POINT('',(-34.0707919927036,22.5977771870743,
4.4884294723478));
#32690=CARTESIAN_POINT('',(-34.0710028457831,22.5736158172954,
4.46293540705567));
#32700=CARTESIAN_POINT('',(-34.0712112458584,22.5497355339591,
4.43718722461239));
#32710=CARTESIAN_POINT('',(-34.0714168552609,22.5261750300477,
4.41115695564682));
#32720=CARTESIAN_POINT('',(-34.0716224641555,22.5026145843387,
4.38512675098481));
#32730=CARTESIAN_POINT('',(-34.0718252849683,22.4793736211648,
4.35881428728469));
#32740=CARTESIAN_POINT('',(-34.0720249144235,22.456498351344,
4.3321876791351));
#32750=CARTESIAN_POINT('',(-34.0722245803752,22.433618899445,
4.30555620308409));
#32760=CARTESIAN_POINT('',(-34.0724209016475,22.4111227099152,
4.27863214097461));
#32770=CARTESIAN_POINT('',(-34.0726138302658,22.3890152799494,
4.25131753508759));
#32780=CARTESIAN_POINT('',(-34.0728068147556,22.3669014477499,
4.22399501898695));
#32790=CARTESIAN_POINT('',(-34.0729965272821,22.3451625453218,
4.19626243616736));
#32800=CARTESIAN_POINT('',(-34.0731820230731,22.3239068330059,
4.16812276462257));
#32810=CARTESIAN_POINT('',(-34.073367519184,22.3026510840425,
4.13998304456142));
#32820=CARTESIAN_POINT('',(-34.0735488008416,22.2818782635777,
4.11143602650407));
#32830=CARTESIAN_POINT('',(-34.0737248834789,22.2617011918379,
4.08247872448216));
#32840=CARTESIAN_POINT('',(-34.0739009662974,22.2415240993392,
4.05352139266779));
#32850=CARTESIAN_POINT('',(-34.0740718531958,22.2219424003056,
4.02415342651782));
#32860=CARTESIAN_POINT('',(-34.074236505741,22.2030750873903,
3.99436579188898));
#32870=CARTESIAN_POINT('',(-34.0744011581989,22.1842077844876,
3.96457817306783));
#32880=CARTESIAN_POINT('',(-34.074559580161,22.166054425683,
3.9343703395685));
#32890=CARTESIAN_POINT('',(-34.0747106606315,22.1487423184919,
3.90372800959246));
#32900=CARTESIAN_POINT('',(-34.0748617406415,22.1314302640616,
3.87308577300274));
#32910=CARTESIAN_POINT('',(-34.0750054833636,22.114958979565,
3.84200825478927));
#32920=CARTESIAN_POINT('',(-34.0751406851248,22.0994663922396,
3.81047806455422));
#32930=CARTESIAN_POINT('',(-34.075205671747,22.0920196629155,
3.79532263652354));
#32940=CARTESIAN_POINT('',(-34.0752686839033,22.084799185004,
3.78006252691561));
#32950=CARTESIAN_POINT('',(-34.0753295794628,22.0778212450296,
3.76469574989937));
#32960=CARTESIAN_POINT('',(-34.0753904761531,22.0708431754914,
3.74932868755859));
#32970=CARTESIAN_POINT('',(-34.0754492274896,22.0641109391288,
3.73386393881697));
#32980=CARTESIAN_POINT('',(-34.0755058972609,22.0576172265168,
3.71823804161163));
#32990=CARTESIAN_POINT('',(-34.0756192020217,22.0446337869148,
3.68699583785043));
#33000=CARTESIAN_POINT('',(-34.0757238072716,22.0326472133829,
3.65519968887704));
#33010=CARTESIAN_POINT('',(-34.0758179450725,22.0218600898349,
3.62295564706324));
#33020=CARTESIAN_POINT('',(-34.075912082366,22.0110730244345,
3.59071177905979));
#33030=CARTESIAN_POINT('',(-34.0759957320039,22.0014877251614,
3.55802338137264));
#33040=CARTESIAN_POINT('',(-34.0760673991972,21.9932754782201,
3.5250188503533));
#33050=CARTESIAN_POINT('',(-34.0761032320185,21.9891694435861,
3.50851694187258));
#33060=CARTESIAN_POINT('',(-34.0761360732657,21.9854062089871,
3.49193693681748));
#33070=CARTESIAN_POINT('',(-34.0761657746751,21.982002764574,
3.47529671100887));
#33080=CARTESIAN_POINT('',(-34.0761954761212,21.9785993159498,
3.45865646461111));
#33090=CARTESIAN_POINT('',(-34.076222037153,21.9755557229432,
3.44195622480741));
#33100=CARTESIAN_POINT('',(-34.0762453417755,21.9728852777133,
3.42521410707751));
#33110=CARTESIAN_POINT('',(-34.0763386528785,21.9621928843662,
3.35817910249021));
#33120=CARTESIAN_POINT('',(-34.0763792925638,21.9575360376293,
3.29085067291582));
#33130=CARTESIAN_POINT('',(-34.07636462529,21.9592167407356,
3.22293036016077));
#33140=CARTESIAN_POINT('',(-34.0763609616557,21.9596365516393,
3.20596502715871));
#33150=CARTESIAN_POINT('',(-34.0763538480513,21.9604516899722,
3.18898738714735));
#33160=CARTESIAN_POINT('',(-34.0763433017607,21.961660175178,
3.17202136561902));
#33170=CARTESIAN_POINT('',(-34.0763327554972,21.9628686572816,
3.1550553876433));
#33180=CARTESIAN_POINT('',(-34.0763187767316,21.9644704651809,
3.13810139823164));
#33190=CARTESIAN_POINT('',(-34.0763014303223,21.9664581668003,
3.12118413885922));
#33200=CARTESIAN_POINT('',(-34.0762840839256,21.9684458669925,
3.10426689163405));
#33210=CARTESIAN_POINT('',(-34.0762633703902,21.9708194031015,
3.08738672000958));
#33220=CARTESIAN_POINT('',(-34.0762394005405,21.9735660758171,
3.07056801580633));
#33230=CARTESIAN_POINT('',(-34.0762154306699,21.9763127509416,
3.05374929685233));
#33240=CARTESIAN_POINT('',(-34.076188205227,21.9794324777313,
3.03699234796583));
#33250=CARTESIAN_POINT('',(-34.0761578762993,21.9829078286219,
3.02032024967691));
#33260=CARTESIAN_POINT('',(-34.0761275473033,21.9863831873375,
3.00364811384946));
#33270=CARTESIAN_POINT('',(-34.0760941157002,21.9902140695865,
2.98706107750696));
#33280=CARTESIAN_POINT('',(-34.0760577678888,21.9943791162346,
2.97058016835317));
#33290=CARTESIAN_POINT('',(-34.0760214199521,21.9985441772418,
2.95409920238118));
#33300=CARTESIAN_POINT('',(-34.0759821567233,22.0030432975671,
2.93772455548196));
#33310=CARTESIAN_POINT('',(-34.0759401905895,22.0078521401985,
2.9214746702589));
#33320=CARTESIAN_POINT('',(-34.0758982241716,22.012661015373,
2.9052246750673));
#33330=CARTESIAN_POINT('',(-34.0758535561717,22.0177794611747,
2.88909973630486));
#33340=CARTESIAN_POINT('',(-34.0758064147478,22.0231813333134,
2.87311491239463));
#33350=CARTESIAN_POINT('',(-34.0757592671322,22.0285839149459,
2.85712798900264));
#33360=CARTESIAN_POINT('',(-34.0757095145976,22.0342849909928,
2.84123636036313));
#33370=CARTESIAN_POINT('',(-34.075657309928,22.040267053616,
2.82544213838354));
#33380=CARTESIAN_POINT('',(-34.075448490343,22.0641954080068,
2.7622649761461));
#33390=CARTESIAN_POINT('',(-34.0752004323756,22.0926200354064,
2.70064796400422));
#33400=CARTESIAN_POINT('',(-34.0749230835047,22.1244010681718,
2.64071558615602));
#33410=CARTESIAN_POINT('',(-34.0747844092944,22.1402915587547,
2.61074944588482));
#33420=CARTESIAN_POINT('',(-34.0746384134176,22.1570210292167,
2.58120428009885));
#33430=CARTESIAN_POINT('',(-34.0744863262047,22.1744484976675,
2.55209635031851));
#33440=CARTESIAN_POINT('',(-34.07433423907,22.1918759571469,
2.52298843552261));
#33450=CARTESIAN_POINT('',(-34.0741760601379,22.2100014681523,
2.49431753772452));
#33460=CARTESIAN_POINT('',(-34.0740129978336,22.2286865575056,
2.46610184687542));
#33470=CARTESIAN_POINT('',(-34.0738498798369,22.2473780285728,
2.43787651922629));
#33480=CARTESIAN_POINT('',(-34.0736821894444,22.2665934436274,
2.41015584236501));
#33490=CARTESIAN_POINT('',(-34.0735099824673,22.286326408704,
2.3827835687525));
#33500=CARTESIAN_POINT('',(-34.0733377891274,22.3060578110958,
2.35541346279383));
#33510=CARTESIAN_POINT('',(-34.073161201453,22.3262927543564,
2.32841444723182));
#33520=CARTESIAN_POINT('',(-34.0729808023572,22.3469644432489,
2.30174990578107));
#33530=CARTESIAN_POINT('',(-34.0727931451559,22.3684678286485,
2.27401255377749));
#33540=CARTESIAN_POINT('',(-34.0726013599047,22.3904442417292,
2.24663665816407));
#33550=CARTESIAN_POINT('',(-34.0724059879927,22.4128316454214,
2.21958478989623));
#33560=CARTESIAN_POINT('',(-34.0722106153962,22.4352191275444,
2.19253282685625));
#33570=CARTESIAN_POINT('',(-34.0720116522694,22.4580180436955,
2.16580456962004));
#33580=CARTESIAN_POINT('',(-34.0718095509398,22.4811765622599,
2.13936717034113));
#33590=CARTESIAN_POINT('',(-34.0716074492655,22.5043351203347,
2.11292972595767));
#33600=CARTESIAN_POINT('',(-34.0714022064208,22.5278536208694,
2.08678293194514));
#33610=CARTESIAN_POINT('',(-34.0711942090377,22.5516877602523,
2.06089874962846));
#33620=CARTESIAN_POINT('',(-34.0709862115568,22.5755219108512,
2.03501455513113));
#33630=CARTESIAN_POINT('',(-34.0707754573155,22.5996719548907,
2.00939284309889));
#33640=CARTESIAN_POINT('',(-34.0705622854998,22.6240990255227,
1.98401027040818));
#33650=CARTESIAN_POINT('',(-34.0703491137519,22.648526088383,
1.95862770579332));
#33660=CARTESIAN_POINT('',(-34.0701335227996,22.6732303646119,
1.93348420408838));
#33670=CARTESIAN_POINT('',(-34.0699158180951,22.6981768528511,
1.90856080165835));
#33680=CARTESIAN_POINT('',(-34.069698113557,22.7231233220228,
1.88363741827829));
#33690=CARTESIAN_POINT('',(-34.0694782940947,22.7483121375009,
1.85893409278206));
#33700=CARTESIAN_POINT('',(-34.069256641345,22.7737110269105,
1.83443581498987));
#33710=CARTESIAN_POINT('',(-34.0690349888064,22.7991098921263,
1.80993756053355));
#33720=CARTESIAN_POINT('',(-34.0688115021583,22.824718925485,
1.78564433544856));
#33730=CARTESIAN_POINT('',(-34.0685864460736,22.8505077984523,
1.76154460546781));
#33740=CARTESIAN_POINT('',(-34.0683613902022,22.8762966469834,
1.73744489832282));
#33750=CARTESIAN_POINT('',(-34.0681347643376,22.9022653989264,
1.7135386830208));
#33760=CARTESIAN_POINT('',(-34.0679068206079,22.9283851632418,
1.68981740695427));
#33770=CARTESIAN_POINT('',(-34.0674509354624,22.9806244267255,
1.64237509562063));
#33780=CARTESIAN_POINT('',(-34.0669897828017,23.0334672876714,
1.59567014110748));
#33790=CARTESIAN_POINT('',(-34.0665252680536,23.0866954056668,
1.54966279470178));
#33800=CARTESIAN_POINT('',(-34.0662929822217,23.1133127256135,
1.52665630292086));
#33810=CARTESIAN_POINT('',(-34.0660599760574,23.1400125874898,
1.5038366755484));
#33820=CARTESIAN_POINT('',(-34.0658261237854,23.166809403689,
1.48116746815026));
#33830=CARTESIAN_POINT('',(-34.065592223529,23.1936117183622,
1.45849360922751));
#33840=CARTESIAN_POINT('',(-34.0653573244417,23.2205284877065,
1.43595567629177));
#33850=CARTESIAN_POINT('',(-34.0651215169883,23.2475493455112,
1.41354277419995));
#33860=CARTESIAN_POINT('',(-34.0646499020957,23.3015910594836,
1.3687169713742));
#33870=CARTESIAN_POINT('',(-34.0641746610401,23.3560482905833,
1.32439016410211));
#33880=CARTESIAN_POINT('',(-34.063696392265,23.4108524639741,
1.28048858657727));
#33890=CARTESIAN_POINT('',(-34.06321812283,23.465656712979,
1.23658694848072));
#33900=CARTESIAN_POINT('',(-34.0627368199845,23.5208085564062,
1.19311051798026));
#33910=CARTESIAN_POINT('',(-34.062252957704,23.5762536820322,
1.14999999972246));
#33920=B_SPLINE_CURVE_WITH_KNOTS('',3,(#32500,#32510,#32520,#32530,
#32540,#32550,#32560,#32570,#32580,#32590,#32600,#32610,#32620,#32630,
#32640,#32650,#32660,#32670,#32680,#32690,#32700,#32710,#32720,#32730,
#32740,#32750,#32760,#32770,#32780,#32790,#32800,#32810,#32820,#32830,
#32840,#32850,#32860,#32870,#32880,#32890,#32900,#32910,#32920,#32930,
#32940,#32950,#32960,#32970,#32980,#32990,#33000,#33010,#33020,#33030,
#33040,#33050,#33060,#33070,#33080,#33090,#33100,#33110,#33120,#33130,
#33140,#33150,#33160,#33170,#33180,#33190,#33200,#33210,#33220,#33230,
#33240,#33250,#33260,#33270,#33280,#33290,#33300,#33310,#33320,#33330,
#33340,#33350,#33360,#33370,#33380,#33390,#33400,#33410,#33420,#33430,
#33440,#33450,#33460,#33470,#33480,#33490,#33500,#33510,#33520,#33530,
#33540,#33550,#33560,#33570,#33580,#33590,#33600,#33610,#33620,#33630,
#33640,#33650,#33660,#33670,#33680,#33690,#33700,#33710,#33720,#33730,
#33740,#33750,#33760,#33770,#33780,#33790,#33800,#33810,#33820,#33830,
#33840,#33850,#33860,#33870,#33880,#33890,#33900,#33910),.UNSPECIFIED.,
.F.,.F.,(4,3,3,3,3,3,3,3,3,3,3,3,3,3,3,3,3,3,3,3,3,3,3,3,3,3,3,3,3,3,3,3
,3,3,3,3,3,3,3,3,3,3,3,3,3,3,3,4),(0.,0.211110595727348,
0.422364656064522,0.527955177452518,0.633490706381527,0.738960796523472,
0.844365688224908,0.949716471075206,1.05503491574535,1.1603681378952,
1.26601777719931,1.37187670292943,1.47772080671614,1.58340827738698,
1.68889252100547,1.7395360466057,1.79019941161954,1.89199213926599,
1.99404198033665,2.04502981479272,2.09593965913045,2.29896764616956,
2.34993981588286,2.40100744713543,2.45212454358301,2.50323743235722,
2.55428701341598,2.60521082985946,2.65594524363762,2.7065902535019,
2.90970873223185,3.01149591366443,3.11317592616132,3.21449665158559,
3.31571296588283,3.42102613370591,3.52641578348439,3.63191493732448,
3.73753728367863,3.84327717343997,3.94911028841914,4.0549949184723,
4.16087374677587,4.37232019963612,4.47772634534912,4.58304785694719,
4.79370025538922,5.00438413014613),.UNSPECIFIED.);
#33930=SURFACE_CURVE('',#33920,(#31530,#32320),.CURVE_3D.);
#33940=EDGE_CURVE('',#32380,#32470,#33930,.T.);
#33950=ORIENTED_EDGE('',*,*,#33940,.T.);
#33960=EDGE_LOOP('',(#33950,#32490,#32410,#32400));
#33970=FACE_OUTER_BOUND('',#33960,.T.);
#33980=ADVANCED_FACE('',(#33970),#32320,.T.);
#33990=COLOUR_RGB('',0.560784339904785,0.588235318660736,
0.600000023841858);
#34000=FILL_AREA_STYLE_COLOUR('',#33990);
#34010=FILL_AREA_STYLE('',(#34000));
#34020=SURFACE_STYLE_FILL_AREA(#34010);
#34030=SURFACE_SIDE_STYLE('',(#34020));
#34040=SURFACE_STYLE_USAGE(.BOTH.,#34030);
#34050=PRESENTATION_STYLE_ASSIGNMENT((#34040));
#34060=CARTESIAN_POINT('',(-34.4000000009419,29.2499999928462,
5.04999999862046));
#34070=DIRECTION('',(0.0338788456038293,-2.02108299696633E-11,
-0.999425947141934));
#34080=DIRECTION('',(0.999425947141934,-5.96219479995715E-10,
0.0338788456038293));
#34090=AXIS2_PLACEMENT_3D('',#34060,#34070,#34080);
#34100=PLANE('',#34090);
#34110=CARTESIAN_POINT('',(-37.5500000099037,9.25000000017709,
4.94322033789958));
#34120=DIRECTION('',(-6.09857707809399E-10,-1.,-4.5070388136776E-13));
#34130=VECTOR('',#34120,1.);
#34140=LINE('',#34110,#34130);
#34150=CARTESIAN_POINT('',(-37.5500000046894,17.8000000001072,
4.94322033790343));
#34160=VERTEX_POINT('',#34150);
#34170=EDGE_CURVE('',#34160,#31930,#34140,.T.);
#34180=ORIENTED_EDGE('',*,*,#34170,.F.);
#34190=ORIENTED_EDGE('',*,*,#31940,.T.);
#34200=ORIENTED_EDGE('',*,*,#32390,.T.);
#34210=CARTESIAN_POINT('',(-34.598700922182,22.5689187974104,
5.04326437431908));
#34220=CARTESIAN_POINT('',(-34.5753266323802,22.5949282511313,
5.04405672312394));
#34230=CARTESIAN_POINT('',(-34.5521309039725,22.6211055922938,
5.0448430190002));
#34240=CARTESIAN_POINT('',(-34.5290976995678,22.6474326502392,
5.04562380558823));
#34250=CARTESIAN_POINT('',(-34.5060644932718,22.6737597103462,
5.04640459224037));
#34260=CARTESIAN_POINT('',(-34.4831937990962,22.7002365585123,
5.04717987000708));
#34270=CARTESIAN_POINT('',(-34.4604718744661,22.7268470774317,
5.04795010473836));
#34280=CARTESIAN_POINT('',(-34.415028146915,22.7800679727322,
5.04949057007517));
#34290=CARTESIAN_POINT('',(-34.3701774170389,22.8338228384296,
5.05101093379592));
#34300=CARTESIAN_POINT('',(-34.3258336188818,22.8879998060174,
5.05251411339062));
#34310=CARTESIAN_POINT('',(-34.2814898786058,22.9421767028893,
5.05401729102325));
#34320=CARTESIAN_POINT('',(-34.2376531237845,22.9967766739622,
5.05550328270828));
#34330=CARTESIAN_POINT('',(-34.1942621809634,23.0517033873777,
5.05697416212214));
#34340=CARTESIAN_POINT('',(-34.1508712965747,23.1066300268261,
5.05844503955524));
#34350=CARTESIAN_POINT('',(-34.1079263919347,23.1618839049148,
5.05990079903045));
#34360=CARTESIAN_POINT('',(-34.065384808646,23.2173791136706,
5.0613428865958));
#34370=B_SPLINE_CURVE_WITH_KNOTS('',3,(#34210,#34220,#34230,#34240,
#34250,#34260,#34270,#34280,#34290,#34300,#34310,#34320,#34330,#34340,
#34350,#34360),.UNSPECIFIED.,.F.,.F.,(4,3,3,3,3,4),(0.,0.104951243529492
,0.209935526728388,0.419983344025675,0.630056905422001,0.840003777931752
),.UNSPECIFIED.);
#34380=SURFACE_CURVE('',#34370,(#31530,#34100),.CURVE_3D.);
#34390=CARTESIAN_POINT('',(-34.5987009230086,22.5689187964906,
5.04326437429105));
#34400=VERTEX_POINT('',#34390);
#34410=EDGE_CURVE('',#34400,#32380,#34380,.T.);
#34420=ORIENTED_EDGE('',*,*,#34410,.T.);
#34430=CARTESIAN_POINT('',(-36.0000000047489,21.6508023662845,
4.99576271060874));
#34440=CARTESIAN_POINT('',(-35.9820329750659,21.6518572750356,
4.99637176246127));
#34450=CARTESIAN_POINT('',(-35.9641056930796,21.6533910174385,
4.99697946693423));
#34460=CARTESIAN_POINT('',(-35.9462546484898,21.6553890544498,
4.99758458708867));
#34470=CARTESIAN_POINT('',(-35.9284034962478,21.6573871035104,
4.99818971089234));
#34480=CARTESIAN_POINT('',(-35.9106292167456,21.6598492798817,
4.99879222884042));
#34490=CARTESIAN_POINT('',(-35.8929640735626,21.662753096649,
4.99939104725224));
#34500=CARTESIAN_POINT('',(-35.8752986023519,21.6656569673378,
4.99998987678366));
#34510=CARTESIAN_POINT('',(-35.857743473553,21.669002123876,
5.00058496589432));
#34520=CARTESIAN_POINT('',(-35.8403228857531,21.6727606471516,
5.00117549429316));
#34530=CARTESIAN_POINT('',(-35.822897717918,21.676520158578,
5.00176617794744));
#34540=CARTESIAN_POINT('',(-35.8055520345793,21.6807049339329,
5.00235416721087));
#34550=CARTESIAN_POINT('',(-35.7882970286773,21.6852940980063,
5.00293908266401));
#34560=CARTESIAN_POINT('',(-35.7537867002386,21.6944725103658,
5.00410892430367));
#34570=CARTESIAN_POINT('',(-35.7196413266033,21.7052702453398,
5.00526639459519));
#34580=CARTESIAN_POINT('',(-35.6859508816288,21.7174882889868,
5.00640844357504));
#34590=CARTESIAN_POINT('',(-35.6522607715835,21.7297062111697,
5.00755048120135));
#34600=CARTESIAN_POINT('',(-35.6190289240721,21.7433423109761,
5.00867698450449));
#34610=CARTESIAN_POINT('',(-35.5863386393011,21.7581671969333,
5.00978512974863));
#34620=CARTESIAN_POINT('',(-35.5536483924657,21.7729920656869,
5.01089327370683));
#34630=CARTESIAN_POINT('',(-35.5215010338725,21.789004200571,
5.0119830146658));
#34640=CARTESIAN_POINT('',(-35.4899695898612,21.8059595153509,
5.01305187717236));
#34650=CARTESIAN_POINT('',(-35.4742038758434,21.8144371684456,
5.01358630815486));
#34660=CARTESIAN_POINT('',(-35.4585920518113,21.82315044347,
5.01411552253566));
#34670=CARTESIAN_POINT('',(-35.4431424774319,21.8320683829118,
5.01463923692026));
#34680=CARTESIAN_POINT('',(-35.4276983106808,21.8409832009148,
5.01516276799543));
#34690=CARTESIAN_POINT('',(-35.4123915658911,21.8501164910695,
5.01568164068365));
#34700=CARTESIAN_POINT('',(-35.3972044327032,21.8594569129431,
5.01619645875668));
#34710=CARTESIAN_POINT('',(-35.3668320330255,21.8781366086299,
5.01722603162485));
#34720=CARTESIAN_POINT('',(-35.3369535694014,21.8976342114612,
5.01823886091338));
#34730=CARTESIAN_POINT('',(-35.3075222340891,21.9178230981386,
5.01923653329462));
#34740=CARTESIAN_POINT('',(-35.2780906919395,21.9380121266993,
5.02023421268729));
#34750=CARTESIAN_POINT('',(-35.2491052001655,21.9588934531167,
5.02121677172825));
#34760=CARTESIAN_POINT('',(-35.2205252073958,21.9803596958953,
5.02218558504027));
#34770=CARTESIAN_POINT('',(-35.191945142996,22.0018259924749,
5.02315440078043));
#34780=CARTESIAN_POINT('',(-35.1637699160799,22.0238779897979,
5.02410949321607));
#34790=CARTESIAN_POINT('',(-35.1359672749154,22.0464218946872,
5.02505195562624));
#34800=CARTESIAN_POINT('',(-35.1081646404586,22.0689657941376,
5.02599441780904));
#34810=CARTESIAN_POINT('',(-35.0807342140803,22.0920021646752,
5.02692426276885));
#34820=CARTESIAN_POINT('',(-35.0536523934764,22.1154464144423,
5.02784229058378));
#34830=CARTESIAN_POINT('',(-35.0265706157671,22.1388906270761,
5.02876031694465));
#34840=CARTESIAN_POINT('',(-34.9998372471981,22.1627431011031,
5.0296665328262));
#34850=CARTESIAN_POINT('',(-34.9734367109821,22.1869254025849,
5.03056146625513));
#34860=CARTESIAN_POINT('',(-34.9470362248705,22.2111076581721,
5.0314563979856));
#34870=CARTESIAN_POINT('',(-34.9209684857971,22.2356199850569,
5.03234005013639));
#34880=CARTESIAN_POINT('',(-34.8952248145514,22.2603882338121,
5.03321271695618));
#34890=CARTESIAN_POINT('',(-34.8694759273535,22.2851615008882,
5.03408556058791));
#34900=CARTESIAN_POINT('',(-34.8440811536037,22.3101604942793,
5.0349464003791));
#34910=CARTESIAN_POINT('',(-34.8189195954515,22.335433780567,
5.03579933455168));
#34920=CARTESIAN_POINT('',(-34.7937614008999,22.3607036883185,
5.0366521547039));
#34930=CARTESIAN_POINT('',(-34.7688583115924,22.3862271967259,
5.03749632723467));
#34940=CARTESIAN_POINT('',(-34.7441839399344,22.4119732599619,
5.03833274661085));
#34950=CARTESIAN_POINT('',(-34.7195095341769,22.4377193587785,
5.03916916714296));
#34960=CARTESIAN_POINT('',(-34.6950637821437,22.4636881937634,
5.03999783670136));
#34970=CARTESIAN_POINT('',(-34.6708237622945,22.4898537401077,
5.04081953228744));
#34980=CARTESIAN_POINT('',(-34.6465837231176,22.516019307315,
5.04164122852869));
#34990=CARTESIAN_POINT('',(-34.6225493761703,22.5423817233269,
5.04245595215199));
#35000=CARTESIAN_POINT('',(-34.5987009230086,22.5689187964906,
5.04326437429105));
#35010=B_SPLINE_CURVE_WITH_KNOTS('',3,(#34430,#34440,#34450,#34460,
#34470,#34480,#34490,#34500,#34510,#34520,#34530,#34540,#34550,#34560,
#34570,#34580,#34590,#34600,#34610,#34620,#34630,#34640,#34650,#34660,
#34670,#34680,#34690,#34700,#34710,#34720,#34730,#34740,#34750,#34760,
#34770,#34780,#34790,#34800,#34810,#34820,#34830,#34840,#34850,#34860,
#34870,#34880,#34890,#34900,#34910,#34920,#34930,#34940,#34950,#34960,
#34970,#34980,#34990,#35000),.UNSPECIFIED.,.F.,.F.,(4,3,3,3,3,3,3,3,3,3,
3,3,3,3,3,3,3,3,3,4),(0.,0.0539777434147511,0.107810972470952,
0.161430166909236,0.214978507965468,0.322359427383066,0.430037765749816,
0.53767689173134,0.59131632445953,0.644823762017282,0.75188039546781,
0.859070747653036,0.966419698388074,1.07388554340964,1.18136555266255,
1.28870377749798,1.39576195607569,1.5027688441273,1.60979006888735,
1.71683764201171),.UNSPECIFIED.);
#35020=SURFACE_CURVE('',#35010,(#31530,#34100),.CURVE_3D.);
#35030=CARTESIAN_POINT('',(-36.000000004723,21.6508023657905,
4.99576271060962));
#35040=VERTEX_POINT('',#35030);
#35050=EDGE_CURVE('',#35040,#34400,#35020,.T.);
#35060=ORIENTED_EDGE('',*,*,#35050,.T.);
#35070=CARTESIAN_POINT('',(-34.8749032737086,21.7168608296248,
5.03390158277627));
#35080=DIRECTION('',(0.997709702154715,0.0585791144988243,
0.0338206678065742));
#35090=VECTOR('',#35080,1.);
#35100=LINE('',#35070,#35090);
#35110=CARTESIAN_POINT('',(-38.2688524631825,21.5175899016745,
4.91885245792393));
#35120=VERTEX_POINT('',#35110);
#35130=EDGE_CURVE('',#35120,#35040,#35100,.T.);
#35140=ORIENTED_EDGE('',*,*,#35130,.T.);
#35150=CARTESIAN_POINT('',(-42.7331615086242,29.2499999997078,
4.76751994802953));
#35160=DIRECTION('',(0.499928196511368,-0.865901037685344,
0.0169467185123069));
#35170=VECTOR('',#35160,1.);
#35180=LINE('',#35150,#35170);
#35190=CARTESIAN_POINT('',(-37.9500000054425,20.9653212439907,
4.92966101580481));
#35200=VERTEX_POINT('',#35190);
#35210=EDGE_CURVE('',#35120,#35200,#35180,.T.);
#35220=ORIENTED_EDGE('',*,*,#35210,.F.);
#35230=CARTESIAN_POINT('',(-37.95000000039,29.2499999997083,
4.92966101580854));
#35240=DIRECTION('',(6.09856887952396E-10,1.,4.5067608960504E-13));
#35250=VECTOR('',#35240,1.);
#35260=LINE('',#35230,#35250);
#35270=CARTESIAN_POINT('',(-37.9500000061896,19.7401923759384,
4.92966101580426));
#35280=VERTEX_POINT('',#35270);
#35290=EDGE_CURVE('',#35280,#35200,#35260,.T.);
#35300=ORIENTED_EDGE('',*,*,#35290,.T.);
#35310=CARTESIAN_POINT('',(-31.8934844052224,9.25000000017709,
5.13496662923279));
#35320=DIRECTION('',(0.49992820996086,-0.865901029911354,
0.0169467189682218));
#35330=VECTOR('',#35320,1.);
#35340=LINE('',#35310,#35330);
#35350=CARTESIAN_POINT('',(-37.800000005865,19.48038476319,
4.93474576157392));
#35360=VERTEX_POINT('',#35350);
#35370=EDGE_CURVE('',#35280,#35360,#35340,.T.);
#35380=ORIENTED_EDGE('',*,*,#35370,.F.);
#35390=CARTESIAN_POINT('',(-37.8000000682878,9.25000000017709,
4.93474575966478));
#35400=DIRECTION('',(-6.1017048295342E-9,-1.,-1.86615012751693E-10));
#35410=VECTOR('',#35400,1.);
#35420=LINE('',#35390,#35410);
#35430=CARTESIAN_POINT('',(-37.8000000103449,18.7461779514557,
4.93474576143691));
#35440=VERTEX_POINT('',#35430);
#35450=EDGE_CURVE('',#35360,#35440,#35420,.T.);
#35460=ORIENTED_EDGE('',*,*,#35450,.F.);
#35470=CARTESIAN_POINT('',(-35.2909111670229,9.25000000017709,
5.01979962056896));
#35480=DIRECTION('',(0.255444784127841,-0.966784868244117,
0.00865914522837691));
#35490=VECTOR('',#35480,1.);
#35500=LINE('',#35470,#35490);
#35510=EDGE_CURVE('',#35440,#34160,#35500,.T.);
#35520=ORIENTED_EDGE('',*,*,#35510,.F.);
#35530=EDGE_LOOP('',(#35520,#35460,#35380,#35300,#35220,#35140,#35060,
#34420,#34200,#34190,#34180));
#35540=FACE_OUTER_BOUND('',#35530,.T.);
#35550=ADVANCED_FACE('',(#35540),#34100,.T.);
#35560=COLOUR_RGB('',0.560784339904785,0.588235318660736,
0.600000023841858);
#35570=FILL_AREA_STYLE_COLOUR('',#35560);
#35580=FILL_AREA_STYLE('',(#35570));
#35590=SURFACE_STYLE_FILL_AREA(#35580);
#35600=SURFACE_SIDE_STYLE('',(#35590));
#35610=SURFACE_STYLE_USAGE(.BOTH.,#35600);
#35620=PRESENTATION_STYLE_ASSIGNMENT((#35610));
#35630=CARTESIAN_POINT('',(-36.600000003629,23.649999994372,
6.1500000116524));
#35640=DIRECTION('',(5.965639656339E-10,1.,-4.08396006657979E-13));
#35650=DIRECTION('',(1.,-5.965639656339E-10,-3.19771210216912E-14));
#35660=AXIS2_PLACEMENT_3D('',#35630,#35640,#35650);
#35670=PLANE('',#35660);
#35680=ORIENTED_EDGE('',*,*,#30770,.F.);
#35690=ORIENTED_EDGE('',*,*,#31380,.T.);
#35700=CARTESIAN_POINT('',(-36.0000000040492,23.6499999940137,
3.24999999935777));
#35710=DIRECTION('',(5.9668500769918E-10,1.,-7.99902656821688E-14));
#35720=DIRECTION('',(1.,-5.96685007699185E-10,-6.20550663018156E-11));
#35730=AXIS2_PLACEMENT_3D('',#35700,#35710,#35720);
#35740=CIRCLE('',#35730,2.89999999978364);
#35750=CARTESIAN_POINT('',(-35.7209600087826,23.6499999938476,
6.13654407151071));
#35760=VERTEX_POINT('',#35750);
#35770=EDGE_CURVE('',#31370,#35760,#35740,.T.);
#35780=ORIENTED_EDGE('',*,*,#35770,.F.);
#35790=CARTESIAN_POINT('',(-35.7209600087828,23.6499999938451,
3.76116386291732E-13));
#35800=DIRECTION('',(-3.19771212653255E-14,-4.08396006638903E-13,-1.));
#35810=VECTOR('',#35800,1.);
#35820=LINE('',#35790,#35810);
#35830=EDGE_CURVE('',#7320,#35760,#35820,.T.);
#35840=ORIENTED_EDGE('',*,*,#35830,.T.);
#35850=ORIENTED_EDGE('',*,*,#7330,.F.);
#35860=ORIENTED_EDGE('',*,*,#20090,.F.);
#35870=EDGE_LOOP('',(#35860,#35850,#35840,#35780,#35690,#35680));
#35880=FACE_OUTER_BOUND('',#35870,.T.);
#35890=ADVANCED_FACE('',(#35880),#35670,.T.);
#35900=COLOUR_RGB('',0.560784339904785,0.588235318660736,
0.600000023841858);
#35910=FILL_AREA_STYLE_COLOUR('',#35900);
#35920=FILL_AREA_STYLE('',(#35910));
#35930=SURFACE_STYLE_FILL_AREA(#35920);
#35940=SURFACE_SIDE_STYLE('',(#35930));
#35950=SURFACE_STYLE_USAGE(.BOTH.,#35940);
#35960=PRESENTATION_STYLE_ASSIGNMENT((#35950));
#35970=CARTESIAN_POINT('',(-37.9500000055583,20.9653212440107,
3.2499999995194));
#35980=DIRECTION('',(-0.866025404082781,-0.499999999483256,
5.3781258983741E-11));
#35990=DIRECTION('',(-0.499999999483256,0.866025404082781,
3.09582595487716E-11));
#36000=AXIS2_PLACEMENT_3D('',#35970,#35980,#35990);
#36010=PLANE('',#36000);
#36020=ORIENTED_EDGE('',*,*,#30530,.F.);
#36030=CARTESIAN_POINT('',(-31.5325662970454,9.84999999111865,
1.14999999912212));
#36040=DIRECTION('',(-0.499999999483256,0.866025404082781,
3.09582841203371E-11));
#36050=VECTOR('',#36040,1.);
#36060=LINE('',#36030,#36050);
#36070=CARTESIAN_POINT('',(-37.950000005686,20.9653212440059,
1.15000000003941));
#36080=VERTEX_POINT('',#36070);
#36090=EDGE_CURVE('',#36080,#30430,#36060,.T.);
#36100=ORIENTED_EDGE('',*,*,#36090,.T.);
#36110=CARTESIAN_POINT('',(-37.9500000057484,20.9653212440099,
0.180687248456965));
#36120=DIRECTION('',(6.44281705811988E-11,-4.03034696047734E-12,1.));
#36130=VECTOR('',#36120,1.);
#36140=LINE('',#36110,#36130);
#36150=EDGE_CURVE('',#36080,#35200,#36140,.T.);
#36160=ORIENTED_EDGE('',*,*,#36150,.F.);
#36170=ORIENTED_EDGE('',*,*,#35210,.T.);
#36180=CARTESIAN_POINT('',(-42.7331615083376,29.2499999997078,
9.38316150824627));
#36190=DIRECTION('',(-0.447213595010016,0.774596669508365,
0.447213595527648));
#36200=VECTOR('',#36190,1.);
#36210=LINE('',#36180,#36200);
#36220=EDGE_CURVE('',#35120,#30520,#36210,.T.);
#36230=ORIENTED_EDGE('',*,*,#36220,.F.);
#36240=EDGE_LOOP('',(#36230,#36170,#36160,#36100,#36020));
#36250=FACE_OUTER_BOUND('',#36240,.T.);
#36260=ADVANCED_FACE('',(#36250),#36010,.F.);
#36270=COLOUR_RGB('',0.560784339904785,0.588235318660736,
0.600000023841858);
#36280=FILL_AREA_STYLE_COLOUR('',#36270);
#36290=FILL_AREA_STYLE('',(#36280));
#36300=SURFACE_STYLE_FILL_AREA(#36290);
#36310=SURFACE_SIDE_STYLE('',(#36300));
#36320=SURFACE_STYLE_USAGE(.BOTH.,#36310);
#36330=PRESENTATION_STYLE_ASSIGNMENT((#36320));
#36340=CARTESIAN_POINT('',(-37.9500000064331,19.7401923759381,
1.15000000003951));
#36350=DIRECTION('',(0.866025396314367,0.500000012938543,
-5.37812585027479E-11));
#36360=DIRECTION('',(0.500000012938543,-0.866025396314367,
-3.09582603843617E-11));
#36370=AXIS2_PLACEMENT_3D('',#36340,#36350,#36360);
#36380=PLANE('',#36370);
#36390=CARTESIAN_POINT('',(-37.8000000061713,19.4803847631896,
1.06546993450252E-8));
#36400=DIRECTION('',(6.20550663018633E-11,7.9990228654845E-14,1.));
#36410=VECTOR('',#36400,1.);
#36420=LINE('',#36390,#36410);
#36430=CARTESIAN_POINT('',(-37.8000000060999,19.4803847631897,
1.15000000003022));
#36440=VERTEX_POINT('',#36430);
#36450=EDGE_CURVE('',#36440,#35360,#36420,.T.);
#36460=ORIENTED_EDGE('',*,*,#36450,.F.);
#36470=ORIENTED_EDGE('',*,*,#35370,.T.);
#36480=CARTESIAN_POINT('',(-37.9500000061754,19.740192375922,
5.15000001012958));
#36490=DIRECTION('',(6.44281705811988E-11,-4.03034681299529E-12,1.));
#36500=VECTOR('',#36490,1.);
#36510=LINE('',#36480,#36500);
#36520=CARTESIAN_POINT('',(-37.9500000064331,19.7401923759381,
1.15000000003951));
#36530=VERTEX_POINT('',#36520);
#36540=EDGE_CURVE('',#36530,#35280,#36510,.T.);
#36550=ORIENTED_EDGE('',*,*,#36540,.T.);
#36560=CARTESIAN_POINT('',(-31.8934844054699,9.25000000017709,
1.14999999966451));
#36570=DIRECTION('',(0.500000012938543,-0.866025396314367,
-3.09582914859163E-11));
#36580=VECTOR('',#36570,1.);
#36590=LINE('',#36560,#36580);
#36600=EDGE_CURVE('',#36530,#36440,#36590,.T.);
#36610=ORIENTED_EDGE('',*,*,#36600,.F.);
#36620=EDGE_LOOP('',(#36610,#36550,#36470,#36460));
#36630=FACE_OUTER_BOUND('',#36620,.T.);
#36640=ADVANCED_FACE('',(#36630),#36380,.T.);
#36650=COLOUR_RGB('',0.823529481887817,0.823529481887817,
0.784313797950745);
#36660=FILL_AREA_STYLE_COLOUR('',#36650);
#36670=FILL_AREA_STYLE('',(#36660));
#36680=SURFACE_STYLE_FILL_AREA(#36670);
#36690=SURFACE_SIDE_STYLE('',(#36680));
#36700=SURFACE_STYLE_USAGE(.BOTH.,#36690);
#36710=PRESENTATION_STYLE_ASSIGNMENT((#36700));
#36720=CARTESIAN_POINT('',(-26.9702335908027,20.0999999890577,
1.14999999935813));
#36730=DIRECTION('',(-6.20550663018633E-11,-7.99902286548415E-14,-1.));
#36740=DIRECTION('',(-1.,6.09856887952367E-10,6.20550663018145E-11));
#36750=AXIS2_PLACEMENT_3D('',#36720,#36730,#36740);
#36760=PLANE('',#36750);
#36770=ORIENTED_EDGE('',*,*,#32100,.F.);
#36780=CARTESIAN_POINT('',(-37.550000010139,9.25000000017709,
1.15000000001552));
#36790=DIRECTION('',(-6.09857707809366E-10,-1.,7.99902664996235E-14));
#36800=VECTOR('',#36790,1.);
#36810=LINE('',#36780,#36800);
#36820=CARTESIAN_POINT('',(-37.5500000049248,17.8000000001068,
1.15000000001484));
#36830=VERTEX_POINT('',#36820);
#36840=EDGE_CURVE('',#36830,#32010,#36810,.T.);
#36850=ORIENTED_EDGE('',*,*,#36840,.T.);
#36860=CARTESIAN_POINT('',(-35.2909111672631,9.25000000017709,
1.14999999987534));
#36870=DIRECTION('',(0.25545436139256,-0.966821115432177,
-1.57748952789305E-11));
#36880=VECTOR('',#36870,1.);
#36890=LINE('',#36860,#36880);
#36900=CARTESIAN_POINT('',(-37.8000000105798,18.7461779514554,
1.15000000003028));
#36910=VERTEX_POINT('',#36900);
#36920=EDGE_CURVE('',#36910,#36830,#36890,.T.);
#36930=ORIENTED_EDGE('',*,*,#36920,.T.);
#36940=CARTESIAN_POINT('',(-37.8000000685227,9.25000000017709,
1.15000000003104));
#36950=DIRECTION('',(-6.10170482952261E-9,-1.,7.99906072961748E-14));
#36960=VECTOR('',#36950,1.);
#36970=LINE('',#36940,#36960);
#36980=EDGE_CURVE('',#36440,#36910,#36970,.T.);
#36990=ORIENTED_EDGE('',*,*,#36980,.T.);
#37000=ORIENTED_EDGE('',*,*,#36600,.T.);
#37010=CARTESIAN_POINT('',(-37.9500000006335,29.2499999997083,
1.15000000003875));
#37020=DIRECTION('',(-6.09856887952362E-10,-1.,7.99902664995201E-14));
#37030=VECTOR('',#37020,1.);
#37040=LINE('',#37010,#37030);
#37050=EDGE_CURVE('',#36080,#36530,#37040,.T.);
#37060=ORIENTED_EDGE('',*,*,#37050,.T.);
#37070=ORIENTED_EDGE('',*,*,#36090,.F.);
#37080=ORIENTED_EDGE('',*,*,#30440,.F.);
#37090=CARTESIAN_POINT('',(-34.8749032737086,22.2643593463844,
1.14999999984848));
#37100=DIRECTION('',(1.,-5.96685007699185E-10,-6.20550663018156E-11));
#37110=VECTOR('',#37100,1.);
#37120=LINE('',#37090,#37110);
#37130=CARTESIAN_POINT('',(-36.0000000045878,22.2643593473625,
1.1499999999183));
#37140=VERTEX_POINT('',#37130);
#37150=EDGE_CURVE('',#30350,#37140,#37120,.T.);
#37160=ORIENTED_EDGE('',*,*,#37150,.F.);
#37170=CARTESIAN_POINT('',(-36.0000000045863,22.2643593473625,
1.1499999999183));
#37180=CARTESIAN_POINT('',(-35.971986422697,22.2643593473555,
1.14999999991656));
#37190=CARTESIAN_POINT('',(-35.9439163649667,22.2653321733608,
1.14999999991483));
#37200=CARTESIAN_POINT('',(-35.9158567234444,22.2672779570135,
1.14999999991309));
#37210=CARTESIAN_POINT('',(-35.8877975211144,22.2692237102107,
1.14999999991135));
#37220=CARTESIAN_POINT('',(-35.859751444972,22.2721424238339,
1.14999999991016));
#37230=CARTESIAN_POINT('',(-35.831796292202,22.2760083193635,
1.14999999990843));
#37240=CARTESIAN_POINT('',(-35.80384133579,22.2798741877389,
1.14999999990669));
#37250=CARTESIAN_POINT('',(-35.7759798260457,22.2846868128456,
1.14999999990748));
#37260=CARTESIAN_POINT('',(-35.7482908490428,22.2903943631309,
1.14999999990576));
#37270=CARTESIAN_POINT('',(-35.7206018802772,22.2961019117183,
1.14999999990404));
#37280=CARTESIAN_POINT('',(-35.6930874742775,22.3027036966241,
1.14999999990402));
#37290=CARTESIAN_POINT('',(-35.6658209932542,22.3101256665044,
1.14999999990233));
#37300=CARTESIAN_POINT('',(-35.6385543794446,22.3175476725292,
1.14999999990063));
#37310=CARTESIAN_POINT('',(-35.6115371133632,22.3257891016549,
1.14999999989561));
#37320=CARTESIAN_POINT('',(-35.5848325721617,22.3347597582969,
1.14999999989395));
#37330=CARTESIAN_POINT('',(-35.558127679756,22.3437305329164,
1.14999999989229));
#37340=CARTESIAN_POINT('',(-35.5317368617009,22.3534296606703,
1.14999999988923));
#37350=CARTESIAN_POINT('',(-35.5057101214472,22.3637580806902,
1.14999999988762));
#37360=CARTESIAN_POINT('',(-35.4536454495657,22.3844193619012,
1.14999999988438));
#37370=CARTESIAN_POINT('',(-35.4026099047693,22.4077629846175,
1.14999999988121));
#37380=CARTESIAN_POINT('',(-35.3525912142067,22.4332862785866,
1.14999999987811));
#37390=CARTESIAN_POINT('',(-35.3025722313214,22.4588097217207,
1.149999999875));
#37400=CARTESIAN_POINT('',(-35.2535660008177,22.4865143567007,
1.14999999987196));
#37410=CARTESIAN_POINT('',(-35.2055665597918,22.5159308306748,
1.14999999986898));
#37420=CARTESIAN_POINT('',(-35.1575671040318,22.5453473136789,
1.149999999866));
#37430=CARTESIAN_POINT('',(-35.11057146334,22.5764776027514,
1.14999999986308));
#37440=CARTESIAN_POINT('',(-35.0645935244717,22.6088808555154,
1.14999999986022));
#37450=CARTESIAN_POINT('',(-35.0416044618782,22.6250825475521,
1.14999999985879));
#37460=CARTESIAN_POINT('',(-35.0188699503027,22.6416030377885,
1.1499999998587));
#37470=CARTESIAN_POINT('',(-34.9963938535838,22.658389392053,
1.1499999998573));
#37480=CARTESIAN_POINT('',(-34.9739153654332,22.675177532367,
1.1499999998559));
#37490=CARTESIAN_POINT('',(-34.9517145855868,22.6922159646628,
1.14999999986778));
#37500=CARTESIAN_POINT('',(-34.9296993951269,22.709531087409,
1.14999999986642));
#37510=CARTESIAN_POINT('',(-34.9076884727447,22.7268428532781,
1.14999999986505));
#37520=CARTESIAN_POINT('',(-34.8858850750638,22.7444149305554,
1.14999999984912));
#37530=CARTESIAN_POINT('',(-34.8642735743894,22.7622217615459,
1.14999999984778));
#37540=CARTESIAN_POINT('',(-34.8426620385067,22.7800286215462,
1.14999999984644));
#37550=CARTESIAN_POINT('',(-34.8212423272606,22.7980703322458,
1.14999999984511));
#37560=CARTESIAN_POINT('',(-34.8000000056055,22.8163246632125,
1.14999999984379));
#37570=B_SPLINE_CURVE_WITH_KNOTS('',3,(#37170,#37180,#37190,#37200,
#37210,#37220,#37230,#37240,#37250,#37260,#37270,#37280,#37290,#37300,
#37310,#37320,#37330,#37340,#37350,#37360,#37370,#37380,#37390,#37400,
#37410,#37420,#37430,#37440,#37450,#37460,#37470,#37480,#37490,#37500,
#37510,#37520,#37530,#37540,#37550,#37560),.UNSPECIFIED.,.F.,.F.,(4,3,3,
3,3,3,3,3,3,3,3,3,3,4),(0.,0.0842107013058152,0.168739649436045,
0.253490541214788,0.33830174925477,0.422965755933266,0.507244884977534,
0.675472192924754,0.844175454929086,1.01306259956817,1.0973403563971,
1.18138790827978,1.26539474506033,1.34940943424398),.UNSPECIFIED.);
#37580=SURFACE_CURVE('',#37570,(#36760,#31530),.CURVE_3D.);
#37590=CARTESIAN_POINT('',(-34.8000000056055,22.8163246632125,
1.14999999984379));
#37600=VERTEX_POINT('',#37590);
#37610=EDGE_CURVE('',#37140,#37600,#37580,.T.);
#37620=ORIENTED_EDGE('',*,*,#37610,.F.);
#37630=CARTESIAN_POINT('',(-34.8000000056055,22.8163246632125,
1.14999999984379));
#37640=CARTESIAN_POINT('',(-34.7665405747544,22.845077618498,
1.14999999984171));
#37650=CARTESIAN_POINT('',(-34.7335025442761,22.8743733734924,
1.14999999983966));
#37660=CARTESIAN_POINT('',(-34.7008436986377,22.9041335855592,
1.14999999983763));
#37670=CARTESIAN_POINT('',(-34.6681848603427,22.9338937909343,
1.1499999998356));
#37680=CARTESIAN_POINT('',(-34.6359049507913,22.9641189699533,
1.14999999983359));
#37690=CARTESIAN_POINT('',(-34.6039710472621,22.9947397445495,
1.14999999983161));
#37700=CARTESIAN_POINT('',(-34.5720371843847,23.0253604801656,
1.14999999982962));
#37710=CARTESIAN_POINT('',(-34.5404491969762,23.0563771639361,
1.14999999982766));
#37720=CARTESIAN_POINT('',(-34.5091825515005,23.0877263705713,
1.14999999982572));
#37730=CARTESIAN_POINT('',(-34.4779159576189,23.1190755254763,
1.14999999982378));
#37740=CARTESIAN_POINT('',(-34.4469706523501,23.1507574348286,
1.14999999982185));
#37750=CARTESIAN_POINT('',(-34.4163293417083,23.1827126801946,
1.14999999981995));
#37760=CARTESIAN_POINT('',(-34.3856880785725,23.2146678760175,
1.14999999981804));
#37770=CARTESIAN_POINT('',(-34.355350803871,23.2468965513358,
1.14999999981616));
#37780=CARTESIAN_POINT('',(-34.3253062226556,23.2793421717492,
1.14999999981429));
#37790=CARTESIAN_POINT('',(-34.2952616746669,23.3117877562805,
1.14999999981243));
#37800=CARTESIAN_POINT('',(-34.2655098430514,23.3444503650094,
1.14999999981058));
#37810=CARTESIAN_POINT('',(-34.2360441773535,23.377275853683,
1.14999999980875));
#37820=CARTESIAN_POINT('',(-34.2065710582127,23.4101096456786,
1.14999999980691));
#37830=CARTESIAN_POINT('',(-34.1774198587311,23.4430655816417,
1.14999999980609));
#37840=CARTESIAN_POINT('',(-34.1484700648447,23.4762267400632,
1.14999999980429));
#37850=CARTESIAN_POINT('',(-34.1195210765494,23.5093869757032,
1.14999999980249));
#37860=CARTESIAN_POINT('',(-34.0907888051933,23.5427359966871,
1.14999999979972));
#37870=CARTESIAN_POINT('',(-34.0622529576422,23.5762536820087,
1.14999999979795));
#37880=B_SPLINE_CURVE_WITH_KNOTS('',3,(#37630,#37640,#37650,#37660,
#37670,#37680,#37690,#37700,#37710,#37720,#37730,#37740,#37750,#37760,
#37770,#37780,#37790,#37800,#37810,#37820,#37830,#37840,#37850,#37860,
#37870),.UNSPECIFIED.,.F.,.F.,(4,3,3,3,3,3,3,3,4),(0.,0.132452324565092,
0.265097466877005,0.397883394946109,0.530716698080094,0.663468015572291,
0.795978654734053,0.928117902515359,1.06017471805185),.UNSPECIFIED.);
#37890=SURFACE_CURVE('',#37880,(#31530,#36760),.CURVE_3D.);
#37900=EDGE_CURVE('',#37600,#32470,#37890,.T.);
#37910=ORIENTED_EDGE('',*,*,#37900,.F.);
#37920=ORIENTED_EDGE('',*,*,#32480,.F.);
#37930=EDGE_LOOP('',(#37920,#37910,#37620,#37160,#37080,#37070,#37060,
#37000,#36990,#36930,#36850,#36770));
#37940=FACE_OUTER_BOUND('',#37930,.T.);
#37950=ADVANCED_FACE('',(#37940),#36760,.F.);
#37960=COLOUR_RGB('',0.560784339904785,0.588235318660736,
0.600000023841858);
#37970=FILL_AREA_STYLE_COLOUR('',#37960);
#37980=FILL_AREA_STYLE('',(#37970));
#37990=SURFACE_STYLE_FILL_AREA(#37980);
#38000=SURFACE_SIDE_STYLE('',(#37990));
#38010=SURFACE_STYLE_USAGE(.BOTH.,#38000);
#38020=PRESENTATION_STYLE_ASSIGNMENT((#38010));
#38030=CARTESIAN_POINT('',(-36.0000000045871,22.2643593479564,
1.14999999939829));
#38040=DIRECTION('',(-3.52083767700531E-10,-0.500000000000069,
-0.866025403784399));
#38050=DIRECTION('',(-4.85716845043319E-10,-0.866025403784399,
0.500000000000069));
#38060=AXIS2_PLACEMENT_3D('',#38030,#38040,#38050);
#38070=PLANE('',#38060);
#38080=CARTESIAN_POINT('',(-36.0000000038099,23.6499999940128,
0.349999999397405));
#38090=DIRECTION('',(4.85717067087924E-10,0.866025403784399,
-0.500000000000069));
#38100=VECTOR('',#38090,5.80000000000154);
#38110=LINE('',#38080,#38100);
#38120=CARTESIAN_POINT('',(-36.0000000038054,23.6499999937906,
0.349999999525687));
#38130=VERTEX_POINT('',#38120);
#38140=EDGE_CURVE('',#37140,#38130,#38110,.T.);
#38150=ORIENTED_EDGE('',*,*,#38140,.T.);
#38160=ORIENTED_EDGE('',*,*,#37150,.T.);
#38170=ORIENTED_EDGE('',*,*,#30360,.F.);
#38180=CARTESIAN_POINT('',(-34.8749032737088,23.6499999933003,
0.349999999351319));
#38190=DIRECTION('',(1.,-5.96736795674741E-10,-6.20251665001873E-11));
#38200=VECTOR('',#38190,1.);
#38210=LINE('',#38180,#38200);
#38220=EDGE_CURVE('',#30260,#38130,#38210,.T.);
#38230=ORIENTED_EDGE('',*,*,#38220,.F.);
#38240=EDGE_LOOP('',(#38230,#38170,#38160,#38150));
#38250=FACE_OUTER_BOUND('',#38240,.T.);
#38260=ADVANCED_FACE('',(#38250),#38070,.F.);
#38270=COLOUR_RGB('',0.560784339904785,0.588235318660736,
0.600000023841858);
#38280=FILL_AREA_STYLE_COLOUR('',#38270);
#38290=FILL_AREA_STYLE('',(#38280));
#38300=SURFACE_STYLE_FILL_AREA(#38290);
#38310=SURFACE_SIDE_STYLE('',(#38300));
#38320=SURFACE_STYLE_USAGE(.BOTH.,#38310);
#38330=PRESENTATION_STYLE_ASSIGNMENT((#38320));
#38340=CARTESIAN_POINT('',(-36.6000000005875,29.2499999997085,
0.349999999458318));
#38350=DIRECTION('',(6.20251665001873E-11,7.63341317098157E-24,1.));
#38360=DIRECTION('',(-1.,-1.23069611928547E-13,6.20251665001873E-11));
#38370=AXIS2_PLACEMENT_3D('',#38340,#38350,#38360);
#38380=PLANE('',#38370);
#38390=ORIENTED_EDGE('',*,*,#30190,.T.);
#38400=CARTESIAN_POINT('',(2.39999999987203,29.2499999997135,
0.349999997039337));
#38410=DIRECTION('',(-1.,-1.23069611903216E-13,6.20251665001873E-11));
#38420=VECTOR('',#38410,1.);
#38430=LINE('',#38400,#38420);
#38440=CARTESIAN_POINT('',(-36.0000000005884,29.2499999997099,
0.349999999525686));
#38450=VERTEX_POINT('',#38440);
#38460=EDGE_CURVE('',#38450,#30100,#38430,.T.);
#38470=ORIENTED_EDGE('',*,*,#38460,.T.);
#38480=CARTESIAN_POINT('',(-36.0000000005884,29.2499999997086,
0.349999999421104));
#38490=DIRECTION('',(1.23069611928547E-13,-1.,0.));
#38500=VECTOR('',#38490,1.);
#38510=LINE('',#38480,#38500);
#38520=EDGE_CURVE('',#38450,#38130,#38510,.T.);
#38530=ORIENTED_EDGE('',*,*,#38520,.F.);
#38540=ORIENTED_EDGE('',*,*,#38220,.T.);
#38550=ORIENTED_EDGE('',*,*,#30270,.F.);
#38560=EDGE_LOOP('',(#38550,#38540,#38530,#38470,#38390));
#38570=FACE_OUTER_BOUND('',#38560,.T.);
#38580=ADVANCED_FACE('',(#38570),#38380,.T.);
#38590=COLOUR_RGB('',0.560784339904785,0.588235318660736,
0.600000023841858);
#38600=FILL_AREA_STYLE_COLOUR('',#38590);
#38610=FILL_AREA_STYLE('',(#38600));
#38620=SURFACE_STYLE_FILL_AREA(#38610);
#38630=SURFACE_SIDE_STYLE('',(#38620));
#38640=SURFACE_STYLE_USAGE(.BOTH.,#38630);
#38650=PRESENTATION_STYLE_ASSIGNMENT((#38640));
#38660=CARTESIAN_POINT('',(-36.0000000036304,29.2499999997086,
3.24999999939977));
#38670=DIRECTION('',(1.23069611928547E-13,-1.,0.));
#38680=DIRECTION('',(1.,1.23069611928547E-13,3.08148791101934E-33));
#38690=AXIS2_PLACEMENT_3D('',#38660,#38670,#38680);
#38700=CYLINDRICAL_SURFACE('',#38690,2.89999999987409);
#38710=CARTESIAN_POINT('',(-35.7209600082334,24.5709599938451,0.));
#38720=DIRECTION('',(-3.19771212653255E-14,-4.08396006638903E-13,-1.));
#38730=DIRECTION('',(0.,-1.,4.08396006638903E-13));
#38740=AXIS2_PLACEMENT_3D('',#38710,#38720,#38730);
#38750=CYLINDRICAL_SURFACE('',#38740,0.92096);
#38760=CARTESIAN_POINT('',(-34.8000000082332,24.5709599932973,
5.89007575784269));
#38770=CARTESIAN_POINT('',(-34.8000000082515,24.5402587152059,
5.89007575785102));
#38780=CARTESIAN_POINT('',(-34.8015355249519,24.5096986113314,
5.89077525114952));
#38790=CARTESIAN_POINT('',(-34.8045624151131,24.4794025095892,
5.89214476667336));
#38800=CARTESIAN_POINT('',(-34.8060782704367,24.4642303346299,
5.89283061494895));
#38810=CARTESIAN_POINT('',(-34.8079736535359,24.4490709418942,
5.89368670525541));
#38820=CARTESIAN_POINT('',(-34.8102478718095,24.4339536940997,
5.8947097876561));
#38830=CARTESIAN_POINT('',(-34.8125220794573,24.4188365169376,
5.89573286527664));
#38840=CARTESIAN_POINT('',(-34.8151750986875,24.403761815105,
5.89692291786504));
#38850=CARTESIAN_POINT('',(-34.8182027869144,24.3887603205307,
5.89827402937355));
#38860=CARTESIAN_POINT('',(-34.821230467498,24.373758863827,
5.89962513747124));
#38870=CARTESIAN_POINT('',(-34.8246327631908,24.3588309427042,
5.90113726995152));
#38880=CARTESIAN_POINT('',(-34.8284019639633,24.344007445483,
5.90280192052383));
#38890=CARTESIAN_POINT('',(-34.8321711624531,24.3291839572396,
5.90446657008796));
#38900=CARTESIAN_POINT('',(-34.836307186948,24.314465204973,
5.90628368901127));
#38910=CARTESIAN_POINT('',(-34.8407988892199,24.2998811747243,
5.90824242168195));
#38920=CARTESIAN_POINT('',(-34.8452905966783,24.2852971276356,
5.91020115661437));
#38930=CARTESIAN_POINT('',(-34.8501378834504,24.270848088277,
5.91230144628253));
#38940=CARTESIAN_POINT('',(-34.8553264990924,24.2565622370925,
5.91453045846379));
#38950=CARTESIAN_POINT('',(-34.8605151294549,24.2422763453779,
5.91675947696893));
#38960=CARTESIAN_POINT('',(-34.8660449765682,24.228153894633,
5.91911715279882));
#38970=CARTESIAN_POINT('',(-34.8718992005705,24.2142204999712,
5.92158914771707));
#38980=CARTESIAN_POINT('',(-34.8777534510665,24.2002870422527,
5.92406115382253));
#38990=CARTESIAN_POINT('',(-34.8839319578658,24.1865428566902,
5.92664741158184));
#39000=CARTESIAN_POINT('',(-34.8904159640311,24.1730103585412,
5.92933261375314));
#39010=CARTESIAN_POINT('',(-34.8968981714122,24.1594816145596,
5.93201707099928));
#39020=CARTESIAN_POINT('',(-34.9037160212954,24.1461009334706,
5.93481300308453));
#39030=CARTESIAN_POINT('',(-34.9108610960053,24.1328879974734,
5.93770839860687));
#39040=CARTESIAN_POINT('',(-34.925151280534,24.1064620605542,
5.94349920387874));
#39050=CARTESIAN_POINT('',(-34.9407507682201,24.0807108425933,
5.9496880674718));
#39060=CARTESIAN_POINT('',(-34.9575634122815,24.0557969527719,
5.95616443495951));
#39070=CARTESIAN_POINT('',(-34.9743759278594,24.0308832533443,
5.96264075295437));
#39080=CARTESIAN_POINT('',(-34.9923990264687,24.0068109417782,
5.96940312132862));
#39090=CARTESIAN_POINT('',(-35.0115060085628,23.9837272086981,
5.97633079755802));
#39100=CARTESIAN_POINT('',(-35.0306131051271,23.960643337323,
5.98325851529123));
#39110=CARTESIAN_POINT('',(-35.0508011033367,23.9385514639622,
5.99035004902778));
#39120=CARTESIAN_POINT('',(-35.0719210336004,23.9175721067484,
5.99748419856433));
#39130=CARTESIAN_POINT('',(-35.0824809132924,23.9070825130126,
6.0010512444717));
#39140=CARTESIAN_POINT('',(-35.0932732027329,23.8968708771404,
6.00462890077961));
#39150=CARTESIAN_POINT('',(-35.1042779575807,23.8869493433434,
6.00820267786478));
#39160=CARTESIAN_POINT('',(-35.1152821470579,23.8770283192664,
6.01177627134672));
#39170=CARTESIAN_POINT('',(-35.1265500986683,23.8673510893158,
6.01536268323353));
#39180=CARTESIAN_POINT('',(-35.1380677448896,23.8579354985215,
6.01894795496205));
#39190=CARTESIAN_POINT('',(-35.1611032173217,23.8391041697927,
6.02611855444723));
#39200=CARTESIAN_POINT('',(-35.1851379605083,23.8213216566306,
6.03328393833371));
#39210=CARTESIAN_POINT('',(-35.2100366811925,23.8047193818211,
6.04033294520795));
#39220=CARTESIAN_POINT('',(-35.2349352661159,23.7881171975359,
6.0473819136473));
#39230=CARTESIAN_POINT('',(-35.2606941443363,23.7726979218836,
6.05431309291707));
#39240=CARTESIAN_POINT('',(-35.2871528167695,23.7585692982542,
6.06102274698464));
#39250=CARTESIAN_POINT('',(-35.3136116985466,23.7444405628375,
6.06773245413975));
#39260=CARTESIAN_POINT('',(-35.3407660197647,23.7316046988008,
6.07421930007659));
#39270=CARTESIAN_POINT('',(-35.3684421440623,23.7201377579821,
6.08039478975814));
#39280=CARTESIAN_POINT('',(-35.382280642557,23.7144041067832,
6.0834826319626));
#39290=CARTESIAN_POINT('',(-35.3962465983214,23.7090132594552,
6.08649230134612));
#39300=CARTESIAN_POINT('',(-35.4103251557657,23.7039690423189,
6.08941606138615));
#39310=CARTESIAN_POINT('',(-35.4244100892057,23.6989225407223,
6.09234114555913));
#39320=CARTESIAN_POINT('',(-35.4386490046416,23.6942083920419,
6.09518876846614));
#39330=CARTESIAN_POINT('',(-35.4530177398017,23.6898389678881,
6.0979484543981));
#39340=CARTESIAN_POINT('',(-35.4673864605916,23.6854695481041,
6.10070813757009));
#39350=CARTESIAN_POINT('',(-35.481884803451,23.681444920969,
6.10337983663318));
#39360=CARTESIAN_POINT('',(-35.4964871724494,23.6777750927239,
6.10595427566305));
#39370=CARTESIAN_POINT('',(-35.5110895460351,23.6741052633259,
6.10852871550168));
#39380=CARTESIAN_POINT('',(-35.5257957337393,23.6707902867124,
6.11100585249951));
#39390=CARTESIAN_POINT('',(-35.5405793548006,23.6678375539385,
6.11337784151199));
#39400=CARTESIAN_POINT('',(-35.5701406803821,23.6619332701016,
6.1181208702451));
#39410=CARTESIAN_POINT('',(-35.6000081976688,23.6574744970777,
6.12244328524921));
#39420=CARTESIAN_POINT('',(-35.6301553291501,23.6544875000669,
6.12631968191575));
#39430=CARTESIAN_POINT('',(-35.660292607554,23.6515014793052,
6.13019481164794));
#39440=CARTESIAN_POINT('',(-35.6906194490697,23.6499999938465,
6.13361107299179));
#39450=CARTESIAN_POINT('',(-35.7209600082659,23.6499999938476,
6.13654407151388));
#39460=B_SPLINE_CURVE_WITH_KNOTS('',3,(#38760,#38770,#38780,#38790,
#38800,#38810,#38820,#38830,#38840,#38850,#38860,#38870,#38880,#38890,
#38900,#38910,#38920,#38930,#38940,#38950,#38960,#38970,#38980,#38990,
#39000,#39010,#39020,#39030,#39040,#39050,#39060,#39070,#39080,#39090,
#39100,#39110,#39120,#39130,#39140,#39150,#39160,#39170,#39180,#39190,
#39200,#39210,#39220,#39230,#39240,#39250,#39260,#39270,#39280,#39290,
#39300,#39310,#39320,#39330,#39340,#39350,#39360,#39370,#39380,#39390,
#39400,#39410,#39420,#39430,#39440,#39450),.UNSPECIFIED.,.F.,.F.,(4,3,3,
3,3,3,3,3,3,3,3,3,3,3,3,3,3,3,3,3,3,3,3,4),(0.,0.0917400292042462,
0.137620472408047,0.183652427625781,0.229781101276155,0.275942883626609,
0.322068871066066,0.368088111103331,0.413930843765426,0.459739100211173,
0.551780345385718,0.644068778397461,0.736157452248325,0.781983181998021,
0.827802398641039,0.919862895053262,1.01211962919629,1.10413508498329,
1.1499326280209,1.19570971719904,1.24153171747405,1.28734029306471,
1.37886497501831,1.4703939482817),.UNSPECIFIED.);
#39470=SURFACE_CURVE('',#39460,(#38750,#38700),.CURVE_3D.);
#39480=EDGE_CURVE('',#31010,#35760,#39470,.T.);
#39490=ORIENTED_EDGE('',*,*,#39480,.F.);
#39500=CARTESIAN_POINT('',(-36.0000000038394,23.6499999940316,
3.24999999937877));
#39510=DIRECTION('',(2.98280969043626E-10,1.,-3.99951328410844E-14));
#39520=DIRECTION('',(1.,-2.98280969043628E-10,-6.20550354334436E-11));
#39530=AXIS2_PLACEMENT_3D('',#39500,#39510,#39520);
#39540=CIRCLE('',#39530,2.90000000008384);
#39550=EDGE_CURVE('',#35760,#38130,#39540,.T.);
#39560=ORIENTED_EDGE('',*,*,#39550,.F.);
#39570=ORIENTED_EDGE('',*,*,#38520,.T.);
#39580=CARTESIAN_POINT('',(-36.0000000036304,29.2499999997099,
3.24999999939977));
#39590=DIRECTION('',(1.23069611928547E-13,-1.,0.));
#39600=DIRECTION('',(1.,1.23069611928547E-13,3.08148791101934E-33));
#39610=AXIS2_PLACEMENT_3D('',#39580,#39590,#39600);
#39620=CIRCLE('',#39610,2.89999999987409);
#39630=EDGE_CURVE('',#38450,#30990,#39620,.T.);
#39640=ORIENTED_EDGE('',*,*,#39630,.F.);
#39650=ORIENTED_EDGE('',*,*,#31020,.F.);
#39660=EDGE_LOOP('',(#39650,#39640,#39570,#39560,#39490));
#39670=FACE_OUTER_BOUND('',#39660,.T.);
#39680=ADVANCED_FACE('',(#39670),#38700,.F.);
#39690=COLOUR_RGB('',0.560784339904785,0.588235318660736,
0.600000023841858);
#39700=FILL_AREA_STYLE_COLOUR('',#39690);
#39710=FILL_AREA_STYLE('',(#39700));
#39720=SURFACE_STYLE_FILL_AREA(#39710);
#39730=SURFACE_SIDE_STYLE('',(#39720));
#39740=SURFACE_STYLE_USAGE(.BOTH.,#39730);
#39750=PRESENTATION_STYLE_ASSIGNMENT((#39740));
#39760=CARTESIAN_POINT('',(-37.5500000049248,17.8000000001068,
1.15000000001484));
#39770=DIRECTION('',(1.,-6.09857707809371E-10,-6.20550663018145E-11));
#39780=DIRECTION('',(-6.09857707809366E-10,-1.,7.9990266499602E-14));
#39790=AXIS2_PLACEMENT_3D('',#39760,#39770,#39780);
#39800=PLANE('',#39790);
#39810=ORIENTED_EDGE('',*,*,#32020,.F.);
#39820=ORIENTED_EDGE('',*,*,#34170,.T.);
#39830=CARTESIAN_POINT('',(-37.5500000049961,17.8000000001068,
1.06547002332036E-8));
#39840=DIRECTION('',(6.20550663018633E-11,7.99902286549013E-14,1.));
#39850=VECTOR('',#39840,1.);
#39860=LINE('',#39830,#39850);
#39870=EDGE_CURVE('',#36830,#34160,#39860,.T.);
#39880=ORIENTED_EDGE('',*,*,#39870,.T.);
#39890=ORIENTED_EDGE('',*,*,#36840,.F.);
#39900=EDGE_LOOP('',(#39890,#39880,#39820,#39810));
#39910=FACE_OUTER_BOUND('',#39900,.T.);
#39920=ADVANCED_FACE('',(#39910),#39800,.T.);
#39930=COLOUR_RGB('',0.823529481887817,0.823529481887817,
0.784313797950745);
#39940=FILL_AREA_STYLE_COLOUR('',#39930);
#39950=FILL_AREA_STYLE('',(#39940));
#39960=SURFACE_STYLE_FILL_AREA(#39950);
#39970=SURFACE_SIDE_STYLE('',(#39960));
#39980=SURFACE_STYLE_USAGE(.BOTH.,#39970);
#39990=PRESENTATION_STYLE_ASSIGNMENT((#39980));
#40000=CARTESIAN_POINT('',(-37.8000000105798,18.7461779514554,
1.15000000003028));
#40010=DIRECTION('',(0.966821115432177,0.25545436139256,
-6.00165822729639E-11));
#40020=DIRECTION('',(0.25545436139256,-0.966821115432177,
-1.57749010912237E-11));
#40030=AXIS2_PLACEMENT_3D('',#40000,#40010,#40020);
#40040=PLANE('',#40030);
#40050=ORIENTED_EDGE('',*,*,#39870,.F.);
#40060=ORIENTED_EDGE('',*,*,#35510,.T.);
#40070=CARTESIAN_POINT('',(-37.8000000106512,18.7461779514553,
1.06546993450252E-8));
#40080=DIRECTION('',(6.20550663018633E-11,7.99902286548932E-14,1.));
#40090=VECTOR('',#40080,1.);
#40100=LINE('',#40070,#40090);
#40110=EDGE_CURVE('',#36910,#35440,#40100,.T.);
#40120=ORIENTED_EDGE('',*,*,#40110,.T.);
#40130=ORIENTED_EDGE('',*,*,#36920,.F.);
#40140=EDGE_LOOP('',(#40130,#40120,#40060,#40050));
#40150=FACE_OUTER_BOUND('',#40140,.T.);
#40160=ADVANCED_FACE('',(#40150),#40040,.T.);
#40170=COLOUR_RGB('',0.823529481887817,0.823529481887817,
0.784313797950745);
#40180=FILL_AREA_STYLE_COLOUR('',#40170);
#40190=FILL_AREA_STYLE('',(#40180));
#40200=SURFACE_STYLE_FILL_AREA(#40190);
#40210=SURFACE_SIDE_STYLE('',(#40200));
#40220=SURFACE_STYLE_USAGE(.BOTH.,#40210);
#40230=PRESENTATION_STYLE_ASSIGNMENT((#40220));
#40240=CARTESIAN_POINT('',(-37.8000000060999,19.4803847631897,
1.15000000003022));
#40250=DIRECTION('',(1.,-6.10170482952262E-9,-6.20550663013752E-11));
#40260=DIRECTION('',(-6.10170482952261E-9,-1.,7.99906072965392E-14));
#40270=AXIS2_PLACEMENT_3D('',#40240,#40250,#40260);
#40280=PLANE('',#40270);
#40290=ORIENTED_EDGE('',*,*,#40110,.F.);
#40300=ORIENTED_EDGE('',*,*,#35450,.T.);
#40310=ORIENTED_EDGE('',*,*,#36450,.T.);
#40320=ORIENTED_EDGE('',*,*,#36980,.F.);
#40330=EDGE_LOOP('',(#40320,#40310,#40300,#40290));
#40340=FACE_OUTER_BOUND('',#40330,.T.);
#40350=ADVANCED_FACE('',(#40340),#40280,.T.);
#40360=COLOUR_RGB('',0.823529481887817,0.823529481887817,
0.784313797950745);
#40370=FILL_AREA_STYLE_COLOUR('',#40360);
#40380=FILL_AREA_STYLE('',(#40370));
#40390=SURFACE_STYLE_FILL_AREA(#40380);
#40400=SURFACE_SIDE_STYLE('',(#40390));
#40410=SURFACE_STYLE_USAGE(.BOTH.,#40400);
#40420=PRESENTATION_STYLE_ASSIGNMENT((#40410));
#40430=CARTESIAN_POINT('',(-37.9500000054087,21.3210144694158,
2.08610528488672));
#40440=DIRECTION('',(1.,-6.09856887952367E-10,-6.44281705836567E-11));
#40450=DIRECTION('',(6.09856887952367E-10,1.,-1.77009741755635E-19));
#40460=AXIS2_PLACEMENT_3D('',#40430,#40440,#40450);
#40470=PLANE('',#40460);
#40480=ORIENTED_EDGE('',*,*,#35290,.F.);
#40490=ORIENTED_EDGE('',*,*,#36150,.T.);
#40500=ORIENTED_EDGE('',*,*,#37050,.F.);
#40510=ORIENTED_EDGE('',*,*,#36540,.F.);
#40520=EDGE_LOOP('',(#40510,#40500,#40490,#40480));
#40530=FACE_OUTER_BOUND('',#40520,.T.);
#40540=ADVANCED_FACE('',(#40530),#40470,.T.);
#40550=COLOUR_RGB('',0.560784339904785,0.588235318660736,
0.600000023841858);
#40560=FILL_AREA_STYLE_COLOUR('',#40550);
#40570=FILL_AREA_STYLE('',(#40560));
#40580=SURFACE_STYLE_FILL_AREA(#40570);
#40590=SURFACE_SIDE_STYLE('',(#40580));
#40600=SURFACE_STYLE_USAGE(.BOTH.,#40590);
#40610=PRESENTATION_STYLE_ASSIGNMENT((#40600));
#40620=CARTESIAN_POINT('',(-37.7999999976497,24.5499999958624,
6.15000001165207));
#40630=DIRECTION('',(1.,-5.96800665182761E-10,-3.19771210215945E-14));
#40640=DIRECTION('',(-5.96800665182761E-10,-1.,4.08396006657987E-13));
#40650=AXIS2_PLACEMENT_3D('',#40620,#40630,#40640);
#40660=PLANE('',#40650);
#40670=ORIENTED_EDGE('',*,*,#19280,.T.);
#40680=ORIENTED_EDGE('',*,*,#7160,.F.);
#40690=CARTESIAN_POINT('',(-37.7999999948448,29.2499999997105,
5.15000001012958));
#40700=DIRECTION('',(3.19771212653255E-14,4.08396006638903E-13,1.));
#40710=VECTOR('',#40700,1.);
#40720=LINE('',#40690,#40710);
#40730=EDGE_CURVE('',#30010,#7070,#40720,.T.);
#40740=ORIENTED_EDGE('',*,*,#40730,.T.);
#40750=ORIENTED_EDGE('',*,*,#30020,.T.);
#40760=EDGE_LOOP('',(#40750,#40740,#40680,#40670));
#40770=FACE_OUTER_BOUND('',#40760,.T.);
#40780=ADVANCED_FACE('',(#40770),#40660,.T.);
#40790=COLOUR_RGB('',0.560784339904785,0.588235318660736,
0.600000023841858);
#40800=FILL_AREA_STYLE_COLOUR('',#40790);
#40810=FILL_AREA_STYLE('',(#40800));
#40820=SURFACE_STYLE_FILL_AREA(#40810);
#40830=SURFACE_SIDE_STYLE('',(#40820));
#40840=SURFACE_STYLE_USAGE(.BOTH.,#40830);
#40850=PRESENTATION_STYLE_ASSIGNMENT((#40840));
#40860=CARTESIAN_POINT('',(-36.00000000345,23.6499999938016,
6.14999999927678));
#40870=DIRECTION('',(-2.44601239998649E-10,-0.499999999999931,
0.866025403784479));
#40880=DIRECTION('',(5.47771890528499E-10,0.866025403784479,
0.499999999999931));
#40890=AXIS2_PLACEMENT_3D('',#40860,#40870,#40880);
#40900=PLANE('',#40890);
#40910=ORIENTED_EDGE('',*,*,#35130,.F.);
#40920=CARTESIAN_POINT('',(-36.0000000034649,23.6499999940159,
6.1499999994282));
#40930=DIRECTION('',(5.45003366790117E-10,0.866025403784561,
0.499999999999789));
#40940=VECTOR('',#40930,5.80000000000339);
#40950=LINE('',#40920,#40940);
#40960=EDGE_CURVE('',#35040,#31460,#40950,.T.);
#40970=ORIENTED_EDGE('',*,*,#40960,.F.);
#40980=ORIENTED_EDGE('',*,*,#31470,.F.);
#40990=ORIENTED_EDGE('',*,*,#30620,.F.);
#41000=ORIENTED_EDGE('',*,*,#36220,.T.);
#41010=EDGE_LOOP('',(#41000,#40990,#40980,#40970,#40910));
#41020=FACE_OUTER_BOUND('',#41010,.T.);
#41030=ADVANCED_FACE('',(#41020),#40900,.F.);
#41040=COLOUR_RGB('',0.560784339904785,0.588235318660736,
0.600000023841858);
#41050=FILL_AREA_STYLE_COLOUR('',#41040);
#41060=FILL_AREA_STYLE('',(#41050));
#41070=SURFACE_STYLE_FILL_AREA(#41060);
#41080=SURFACE_SIDE_STYLE('',(#41070));
#41090=SURFACE_STYLE_USAGE(.BOTH.,#41080);
#41100=PRESENTATION_STYLE_ASSIGNMENT((#41090));
#41110=ORIENTED_EDGE('',*,*,#34410,.F.);
#41120=ORIENTED_EDGE('',*,*,#33940,.F.);
#41130=ORIENTED_EDGE('',*,*,#37900,.T.);
#41140=ORIENTED_EDGE('',*,*,#37610,.T.);
#41150=ORIENTED_EDGE('',*,*,#38140,.F.);
#41160=ORIENTED_EDGE('',*,*,#39550,.T.);
#41170=ORIENTED_EDGE('',*,*,#35770,.T.);
#41180=ORIENTED_EDGE('',*,*,#31690,.F.);
#41190=ORIENTED_EDGE('',*,*,#40960,.T.);
#41200=ORIENTED_EDGE('',*,*,#35050,.F.);
#41210=EDGE_LOOP('',(#41200,#41190,#41180,#41170,#41160,#41150,#41140,
#41130,#41120,#41110));
#41220=FACE_OUTER_BOUND('',#41210,.T.);
#41230=ADVANCED_FACE('',(#41220),#31530,.F.);
#41240=COLOUR_RGB('',0.560784339904785,0.588235318660736,
0.600000023841858);
#41250=FILL_AREA_STYLE_COLOUR('',#41240);
#41260=FILL_AREA_STYLE('',(#41250));
#41270=SURFACE_STYLE_FILL_AREA(#41260);
#41280=SURFACE_SIDE_STYLE('',(#41270));
#41290=SURFACE_STYLE_USAGE(.BOTH.,#41280);
#41300=PRESENTATION_STYLE_ASSIGNMENT((#41290));
#41310=ORIENTED_EDGE('',*,*,#7420,.F.);
#41320=ORIENTED_EDGE('',*,*,#35830,.F.);
#41330=ORIENTED_EDGE('',*,*,#39480,.T.);
#41340=ORIENTED_EDGE('',*,*,#31150,.T.);
#41350=EDGE_LOOP('',(#41340,#41330,#41320,#41310));
#41360=FACE_OUTER_BOUND('',#41350,.T.);
#41370=ADVANCED_FACE('',(#41360),#38750,.F.);
#41380=COLOUR_RGB('',0.560784339904785,0.588235318660736,
0.600000023841858);
#41390=FILL_AREA_STYLE_COLOUR('',#41380);
#41400=FILL_AREA_STYLE('',(#41390));
#41410=SURFACE_STYLE_FILL_AREA(#41400);
#41420=SURFACE_SIDE_STYLE('',(#41410));
#41430=SURFACE_STYLE_USAGE(.BOTH.,#41420);
#41440=PRESENTATION_STYLE_ASSIGNMENT((#41430));
#41450=CARTESIAN_POINT('',(-43.6471824764662,28.5250620857113,
6.15000001165064));
#41460=DIRECTION('',(0.984807753012135,-0.173648177667343,
3.9425905378364E-14));
#41470=DIRECTION('',(-0.173648177667343,-0.984807753012135,
4.07744322471958E-13));
#41480=AXIS2_PLACEMENT_3D('',#41450,#41460,#41470);
#41490=PLANE('',#41480);
#41500=ORIENTED_EDGE('',*,*,#7000,.T.);
#41510=CARTESIAN_POINT('',(-43.6872848053145,28.29763047719,
5.15000001012958));
#41520=DIRECTION('',(3.19771212653255E-14,4.08396006638903E-13,1.));
#41530=VECTOR('',#41520,1.);
#41540=LINE('',#41510,#41530);
#41550=EDGE_CURVE('',#4410,#6910,#41540,.T.);
#41560=ORIENTED_EDGE('',*,*,#41550,.T.);
#41570=ORIENTED_EDGE('',*,*,#4420,.T.);
#41580=CARTESIAN_POINT('',(-43.5193563628894,29.2499999997098,
5.15000001012958));
#41590=DIRECTION('',(3.19771212653256E-14,4.08396006638903E-13,1.));
#41600=VECTOR('',#41590,1.);
#41610=LINE('',#41580,#41600);
#41620=EDGE_CURVE('',#4330,#6990,#41610,.T.);
#41630=ORIENTED_EDGE('',*,*,#41620,.F.);
#41640=EDGE_LOOP('',(#41630,#41570,#41560,#41500));
#41650=FACE_OUTER_BOUND('',#41640,.T.);
#41660=ADVANCED_FACE('',(#41650),#41490,.F.);
#41670=COLOUR_RGB('',0.560784339904785,0.588235318660736,
0.600000023841858);
#41680=FILL_AREA_STYLE_COLOUR('',#41670);
#41690=FILL_AREA_STYLE('',(#41680));
#41700=SURFACE_STYLE_FILL_AREA(#41690);
#41710=SURFACE_SIDE_STYLE('',(#41700));
#41720=SURFACE_STYLE_USAGE(.BOTH.,#41710);
#41730=PRESENTATION_STYLE_ASSIGNMENT((#41720));
#41740=CARTESIAN_POINT('',(-43.1717003740642,28.1725113175541,
-0.617823636953794));
#41750=DIRECTION('',(0.173648177666801,0.984807753012231,
-4.0774432247198E-13));
#41760=DIRECTION('',(0.984807753012231,-0.173648177666801,
3.94259053781394E-14));
#41770=AXIS2_PLACEMENT_3D('',#41740,#41750,#41760);
#41780=PLANE('',#41770);
#41790=ORIENTED_EDGE('',*,*,#4660,.F.);
#41800=CARTESIAN_POINT('',(-43.1717003740642,28.1725113175541,
-0.617823636953794));
#41810=DIRECTION('',(3.19771212653255E-14,4.08396006638903E-13,1.));
#41820=VECTOR('',#41810,1.);
#41830=LINE('',#41800,#41820);
#41840=EDGE_CURVE('',#4570,#6750,#41830,.T.);
#41850=ORIENTED_EDGE('',*,*,#41840,.F.);
#41860=ORIENTED_EDGE('',*,*,#6760,.T.);
#41870=CARTESIAN_POINT('',(-42.117442264043,27.9866171681292,
5.15000001012958));
#41880=DIRECTION('',(-3.19771212653255E-14,-4.08396006638903E-13,-1.));
#41890=VECTOR('',#41880,1.);
#41900=LINE('',#41870,#41890);
#41910=EDGE_CURVE('',#6670,#4650,#41900,.T.);
#41920=ORIENTED_EDGE('',*,*,#41910,.F.);
#41930=EDGE_LOOP('',(#41920,#41860,#41850,#41790));
#41940=FACE_OUTER_BOUND('',#41930,.T.);
#41950=ADVANCED_FACE('',(#41940),#41780,.F.);
#41960=COLOUR_RGB('',0.560784339904785,0.588235318660736,
0.600000023841858);
#41970=FILL_AREA_STYLE_COLOUR('',#41960);
#41980=FILL_AREA_STYLE('',(#41970));
#41990=SURFACE_STYLE_FILL_AREA(#41980);
#42000=SURFACE_SIDE_STYLE('',(#41990));
#42010=SURFACE_STYLE_USAGE(.BOTH.,#42000);
#42020=PRESENTATION_STYLE_ASSIGNMENT((#42010));
#42030=CARTESIAN_POINT('',(-43.7081708642935,21.8445322191583,
-0.617823636951193));
#42040=DIRECTION('',(-0.173648177666532,-0.984807753012278,
4.07744322471991E-13));
#42050=DIRECTION('',(-0.984807753012278,0.173648177666532,
-3.94259053780281E-14));
#42060=AXIS2_PLACEMENT_3D('',#42030,#42040,#42050);
#42070=PLANE('',#42060);
#42080=ORIENTED_EDGE('',*,*,#6600,.T.);
#42090=CARTESIAN_POINT('',(-44.2700250978079,21.9436022797519,
-0.617823636951215));
#42100=DIRECTION('',(3.19771212653255E-14,4.08396006638903E-13,1.));
#42110=VECTOR('',#42100,1.);
#42120=LINE('',#42090,#42110);
#42130=EDGE_CURVE('',#4810,#6510,#42120,.T.);
#42140=ORIENTED_EDGE('',*,*,#42130,.T.);
#42150=ORIENTED_EDGE('',*,*,#4820,.F.);
#42160=CARTESIAN_POINT('',(-43.2157669877875,21.7577081303274,
5.15000001012958));
#42170=DIRECTION('',(3.19771212653256E-14,4.08396006638903E-13,1.));
#42180=VECTOR('',#42170,1.);
#42190=LINE('',#42160,#42180);
#42200=EDGE_CURVE('',#4730,#6590,#42190,.T.);
#42210=ORIENTED_EDGE('',*,*,#42200,.F.);
#42220=EDGE_LOOP('',(#42210,#42150,#42140,#42080));
#42230=FACE_OUTER_BOUND('',#42220,.T.);
#42240=ADVANCED_FACE('',(#42230),#42070,.F.);
#42250=COLOUR_RGB('',0.560784339904785,0.588235318660736,
0.600000023841858);
#42260=FILL_AREA_STYLE_COLOUR('',#42250);
#42270=FILL_AREA_STYLE('',(#42260));
#42280=SURFACE_STYLE_FILL_AREA(#42270);
#42290=SURFACE_SIDE_STYLE('',(#42280));
#42300=SURFACE_STYLE_USAGE(.BOTH.,#42290);
#42310=PRESENTATION_STYLE_ASSIGNMENT((#42300));
#42320=CARTESIAN_POINT('',(-44.8000000001049,7.60000000014846,
6.15000001165922));
#42330=DIRECTION('',(1.,4.81238243855058E-33,-3.19771212653255E-14));
#42340=DIRECTION('',(1.30593334409493E-26,-1.,4.08396006638903E-13));
#42350=AXIS2_PLACEMENT_3D('',#42320,#42330,#42340);
#42360=PLANE('',#42350);
#42370=ORIENTED_EDGE('',*,*,#6190,.T.);
#42380=CARTESIAN_POINT('',(-44.8000000001049,6.60000000014797,
5.15000001012958));
#42390=DIRECTION('',(3.19771212653255E-14,4.08396006638903E-13,1.));
#42400=VECTOR('',#42390,1.);
#42410=LINE('',#42380,#42400);
#42420=EDGE_CURVE('',#5220,#6100,#42410,.T.);
#42430=ORIENTED_EDGE('',*,*,#42420,.T.);
#42440=ORIENTED_EDGE('',*,*,#5230,.T.);
#42450=CARTESIAN_POINT('',(-44.8000000001049,8.20000000014625,
6.15000001165897));
#42460=DIRECTION('',(3.19771212653255E-14,4.08396006638903E-13,1.));
#42470=VECTOR('',#42460,1.);
#42480=LINE('',#42450,#42470);
#42490=EDGE_CURVE('',#5140,#6180,#42480,.T.);
#42500=ORIENTED_EDGE('',*,*,#42490,.F.);
#42510=EDGE_LOOP('',(#42500,#42440,#42430,#42370));
#42520=FACE_OUTER_BOUND('',#42510,.T.);
#42530=ADVANCED_FACE('',(#42520),#42360,.F.);
#42540=COLOUR_RGB('',0.560784339904785,0.588235318660736,
0.600000023841858);
#42550=FILL_AREA_STYLE_COLOUR('',#42540);
#42560=FILL_AREA_STYLE('',(#42550));
#42570=SURFACE_STYLE_FILL_AREA(#42560);
#42580=SURFACE_SIDE_STYLE('',(#42570));
#42590=SURFACE_STYLE_USAGE(.BOTH.,#42580);
#42600=PRESENTATION_STYLE_ASSIGNMENT((#42590));
#42610=CARTESIAN_POINT('',(-59.1090880213591,12.7000000001462,
6.15000001165759));
#42620=DIRECTION('',(3.19771212653255E-14,4.08396006638903E-13,1.));
#42630=DIRECTION('',(1.,-1.30593272779735E-26,-3.19771212653255E-14));
#42640=AXIS2_PLACEMENT_3D('',#42610,#42620,#42630);
#42650=CYLINDRICAL_SURFACE('',#42640,15.);
#42660=ORIENTED_EDGE('',*,*,#6280,.T.);
#42670=ORIENTED_EDGE('',*,*,#42490,.T.);
#42680=ORIENTED_EDGE('',*,*,#5150,.F.);
#42690=CARTESIAN_POINT('',(-44.8000000001049,17.2000000001463,
6.1500000116553));
#42700=DIRECTION('',(3.19771212653255E-14,4.08396006638903E-13,1.));
#42710=VECTOR('',#42700,1.);
#42720=LINE('',#42690,#42710);
#42730=EDGE_CURVE('',#5050,#6270,#42720,.T.);
#42740=ORIENTED_EDGE('',*,*,#42730,.F.);
#42750=EDGE_LOOP('',(#42740,#42680,#42670,#42660));
#42760=FACE_OUTER_BOUND('',#42750,.T.);
#42770=ADVANCED_FACE('',(#42760),#42650,.F.);
#42780=COLOUR_RGB('',0.560784339904785,0.588235318660736,
0.600000023841858);
#42790=FILL_AREA_STYLE_COLOUR('',#42780);
#42800=FILL_AREA_STYLE('',(#42790));
#42810=SURFACE_STYLE_FILL_AREA(#42800);
#42820=SURFACE_SIDE_STYLE('',(#42810));
#42830=SURFACE_STYLE_USAGE(.BOTH.,#42820);
#42840=PRESENTATION_STYLE_ASSIGNMENT((#42830));
#42850=CARTESIAN_POINT('',(-42.378965993317,6.60000000014838,
6.15000001165955));
#42860=DIRECTION('',(-1.35059338348857E-33,1.,-4.08396006638903E-13));
#42870=DIRECTION('',(1.,-1.30593272779735E-26,-3.19771212653255E-14));
#42880=AXIS2_PLACEMENT_3D('',#42850,#42860,#42870);
#42890=PLANE('',#42880);
#42900=ORIENTED_EDGE('',*,*,#6110,.T.);
#42910=CARTESIAN_POINT('',(-41.8000000000003,6.60000000014797,
5.15000001012958));
#42920=DIRECTION('',(-3.19771212653255E-14,-4.08396006638903E-13,-1.));
#42930=VECTOR('',#42920,1.);
#42940=LINE('',#42910,#42930);
#42950=EDGE_CURVE('',#6020,#5300,#42940,.T.);
#42960=ORIENTED_EDGE('',*,*,#42950,.F.);
#42970=ORIENTED_EDGE('',*,*,#5310,.T.);
#42980=ORIENTED_EDGE('',*,*,#42420,.F.);
#42990=EDGE_LOOP('',(#42980,#42970,#42960,#42900));
#43000=FACE_OUTER_BOUND('',#42990,.T.);
#43010=ADVANCED_FACE('',(#43000),#42890,.F.);
#43020=COLOUR_RGB('',0.560784339904785,0.588235318660736,
0.600000023841858);
#43030=FILL_AREA_STYLE_COLOUR('',#43020);
#43040=FILL_AREA_STYLE('',(#43030));
#43050=SURFACE_STYLE_FILL_AREA(#43040);
#43060=SURFACE_SIDE_STYLE('',(#43050));
#43070=SURFACE_STYLE_USAGE(.BOTH.,#43060);
#43080=PRESENTATION_STYLE_ASSIGNMENT((#43070));
#43090=CARTESIAN_POINT('',(-44.1999999999998,-2.899999999951,
6.15000001166349));
#43100=DIRECTION('',(3.19771212653255E-14,4.08396006638903E-13,1.));
#43110=DIRECTION('',(1.,-1.30593334409493E-26,-3.19771212653255E-14));
#43120=AXIS2_PLACEMENT_3D('',#43090,#43100,#43110);
#43130=CYLINDRICAL_SURFACE('',#43120,0.89999999999984);
#43140=ORIENTED_EDGE('',*,*,#12700,.F.);
#43150=ORIENTED_EDGE('',*,*,#12930,.T.);
#43160=CARTESIAN_POINT('',(-44.2,-2.89999999995306,1.1000000100301));
#43170=DIRECTION('',(3.19771212653255E-14,4.08396006638903E-13,1.));
#43180=DIRECTION('',(1.,-1.30593334409493E-26,-3.19771212653255E-14));
#43190=AXIS2_PLACEMENT_3D('',#43160,#43170,#43180);
#43200=CIRCLE('',#43190,0.89999999999984);
#43210=CARTESIAN_POINT('',(-43.6000000000024,-3.57082039320494,
1.1000000100301));
#43220=VERTEX_POINT('',#43210);
#43230=EDGE_CURVE('',#43220,#12920,#43200,.T.);
#43240=ORIENTED_EDGE('',*,*,#43230,.T.);
#43250=CARTESIAN_POINT('',(-43.6000000000022,-3.57082039320287,
6.15000001166374));
#43260=DIRECTION('',(3.19771212653255E-14,4.08396006638903E-13,1.));
#43270=VECTOR('',#43260,1.);
#43280=LINE('',#43250,#43270);
#43290=EDGE_CURVE('',#43220,#5860,#43280,.T.);
#43300=ORIENTED_EDGE('',*,*,#43290,.F.);
#43310=EDGE_LOOP('',(#43300,#43240,#43150,#43140));
#43320=FACE_OUTER_BOUND('',#43310,.T.);
#43330=ADVANCED_FACE('',(#43320),#43130,.T.);
#43340=COLOUR_RGB('',0.560784339904785,0.588235318660736,
0.600000023841858);
#43350=FILL_AREA_STYLE_COLOUR('',#43340);
#43360=FILL_AREA_STYLE('',(#43350));
#43370=SURFACE_STYLE_FILL_AREA(#43360);
#43380=SURFACE_SIDE_STYLE('',(#43370));
#43390=SURFACE_STYLE_USAGE(.BOTH.,#43380);
#43400=PRESENTATION_STYLE_ASSIGNMENT((#43390));
#43410=CARTESIAN_POINT('',(-43.2100000000001,-1.99999999995113,
1.1000000100301));
#43420=DIRECTION('',(-8.07793566946316E-28,-1.4641258400902E-27,1.));
#43430=DIRECTION('',(-1.,4.41806088814278E-39,-8.07793566946316E-28));
#43440=AXIS2_PLACEMENT_3D('',#43410,#43420,#43430);
#43450=PLANE('',#43440);
#43460=ORIENTED_EDGE('',*,*,#43230,.F.);
#43470=ORIENTED_EDGE('',*,*,#13150,.T.);
#43480=CARTESIAN_POINT('',(-41.8000000000004,0.,1.1000000100301));
#43490=DIRECTION('',(-4.812382391736E-33,1.,1.4641258400902E-27));
#43500=VECTOR('',#43490,1.);
#43510=LINE('',#43480,#43500);
#43520=CARTESIAN_POINT('',(-41.8000000000004,-4.49999999980677,
1.1000000100301));
#43530=VERTEX_POINT('',#43520);
#43540=EDGE_CURVE('',#43530,#13080,#43510,.T.);
#43550=ORIENTED_EDGE('',*,*,#43540,.T.);
#43560=CARTESIAN_POINT('',(0.,-4.49999999979645,1.1000000100301));
#43570=DIRECTION('',(1.,2.47010745191141E-13,8.07793566946316E-28));
#43580=VECTOR('',#43570,1.);
#43590=LINE('',#43560,#43580);
#43600=CARTESIAN_POINT('',(-43.6000000000004,-4.49999999980722,
1.1000000100301));
#43610=VERTEX_POINT('',#43600);
#43620=EDGE_CURVE('',#43610,#43530,#43590,.T.);
#43630=ORIENTED_EDGE('',*,*,#43620,.T.);
#43640=CARTESIAN_POINT('',(-43.60000000001,0.,1.1000000100301));
#43650=DIRECTION('',(2.11913819825434E-12,-1.,-1.61558713389263E-27));
#43660=VECTOR('',#43650,1.);
#43670=LINE('',#43640,#43660);
#43680=EDGE_CURVE('',#43220,#43610,#43670,.T.);
#43690=ORIENTED_EDGE('',*,*,#43680,.T.);
#43700=EDGE_LOOP('',(#43690,#43630,#43550,#43470,#43460));
#43710=FACE_OUTER_BOUND('',#43700,.T.);
#43720=ADVANCED_FACE('',(#43710),#43450,.T.);
#43730=COLOUR_RGB('',0.560784339904785,0.588235318660736,
0.600000023841858);
#43740=FILL_AREA_STYLE_COLOUR('',#43730);
#43750=FILL_AREA_STYLE('',(#43740));
#43760=SURFACE_STYLE_FILL_AREA(#43750);
#43770=SURFACE_SIDE_STYLE('',(#43760));
#43780=SURFACE_STYLE_USAGE(.BOTH.,#43770);
#43790=PRESENTATION_STYLE_ASSIGNMENT((#43780));
#43800=CARTESIAN_POINT('',(-1.68601046065251,0.200000000001726,
6.15000001166086));
#43810=DIRECTION('',(-1.35059338348857E-33,1.,-4.08396006638903E-13));
#43820=DIRECTION('',(1.,-1.30593272779735E-26,-3.19771212653255E-14));
#43830=AXIS2_PLACEMENT_3D('',#43800,#43810,#43820);
#43840=PLANE('',#43830);
#43850=ORIENTED_EDGE('',*,*,#11540,.T.);
#43860=CARTESIAN_POINT('',(-1.68601046065253,0.200000000001317,
5.15000001012958));
#43870=DIRECTION('',(-3.19771212653253E-14,-4.08396006638903E-13,-1.));
#43880=VECTOR('',#43870,1.);
#43890=LINE('',#43860,#43880);
#43900=EDGE_CURVE('',#11450,#970,#43890,.T.);
#43910=ORIENTED_EDGE('',*,*,#43900,.F.);
#43920=ORIENTED_EDGE('',*,*,#980,.T.);
#43930=CARTESIAN_POINT('',(-7.10000000010484,0.200000000001726,
6.15000001166103));
#43940=DIRECTION('',(-3.19771212653255E-14,-4.08396006638903E-13,-1.));
#43950=VECTOR('',#43940,1.);
#43960=LINE('',#43930,#43950);
#43970=EDGE_CURVE('',#11530,#890,#43960,.T.);
#43980=ORIENTED_EDGE('',*,*,#43970,.T.);
#43990=EDGE_LOOP('',(#43980,#43920,#43910,#43850));
#44000=FACE_OUTER_BOUND('',#43990,.T.);
#44010=ADVANCED_FACE('',(#44000),#43840,.F.);
#44020=COLOUR_RGB('',0.560784339904785,0.588235318660736,
0.600000023841858);
#44030=FILL_AREA_STYLE_COLOUR('',#44020);
#44040=FILL_AREA_STYLE('',(#44030));
#44050=SURFACE_STYLE_FILL_AREA(#44040);
#44060=SURFACE_SIDE_STYLE('',(#44050));
#44070=SURFACE_STYLE_USAGE(.BOTH.,#44060);
#44080=PRESENTATION_STYLE_ASSIGNMENT((#44070));
#44090=CARTESIAN_POINT('',(-43.6000000000011,-4.0999999998059,
6.15000001166396));
#44100=DIRECTION('',(1.,2.11913819825434E-12,-3.1977121266191E-14));
#44110=DIRECTION('',(2.11913819825435E-12,-1.,4.08396006638835E-13));
#44120=AXIS2_PLACEMENT_3D('',#44090,#44100,#44110);
#44130=PLANE('',#44120);
#44140=ORIENTED_EDGE('',*,*,#43290,.T.);
#44150=ORIENTED_EDGE('',*,*,#43680,.F.);
#44160=CARTESIAN_POINT('',(-43.6000000000005,-4.49999999980767,0.));
#44170=DIRECTION('',(3.19771212653255E-14,4.08396006638903E-13,1.));
#44180=VECTOR('',#44170,1.);
#44190=LINE('',#44160,#44180);
#44200=EDGE_CURVE('',#43610,#5840,#44190,.T.);
#44210=ORIENTED_EDGE('',*,*,#44200,.F.);
#44220=ORIENTED_EDGE('',*,*,#5870,.F.);
#44230=EDGE_LOOP('',(#44220,#44210,#44150,#44140));
#44240=FACE_OUTER_BOUND('',#44230,.T.);
#44250=ADVANCED_FACE('',(#44240),#44130,.T.);
#44260=COLOUR_RGB('',0.560784339904785,0.588235318660736,
0.600000023841858);
#44270=FILL_AREA_STYLE_COLOUR('',#44260);
#44280=FILL_AREA_STYLE('',(#44270));
#44290=SURFACE_STYLE_FILL_AREA(#44280);
#44300=SURFACE_SIDE_STYLE('',(#44290));
#44310=SURFACE_STYLE_USAGE(.BOTH.,#44300);
#44320=PRESENTATION_STYLE_ASSIGNMENT((#44310));
#44330=CARTESIAN_POINT('',(0.599999999895278,-1.09999999999863,
6.15000001166132));
#44340=DIRECTION('',(1.,-2.77555756286882E-17,-3.19771212653255E-14));
#44350=DIRECTION('',(-2.77555756156289E-17,-1.,4.08396006638903E-13));
#44360=AXIS2_PLACEMENT_3D('',#44330,#44340,#44350);
#44370=PLANE('',#44360);
#44380=ORIENTED_EDGE('',*,*,#11380,.F.);
#44390=CARTESIAN_POINT('',(0.599999999895246,-1.09999999999903,
5.15000001012958));
#44400=DIRECTION('',(-3.19771212653255E-14,-4.08396006638903E-13,-1.));
#44410=VECTOR('',#44400,1.);
#44420=LINE('',#44390,#44410);
#44430=EDGE_CURVE('',#11290,#1130,#44420,.T.);
#44440=ORIENTED_EDGE('',*,*,#44430,.F.);
#44450=ORIENTED_EDGE('',*,*,#1140,.T.);
#44460=CARTESIAN_POINT('',(0.599999999895246,1.70885527950304E-12,
5.15000001012958));
#44470=DIRECTION('',(-3.19771212653255E-14,-4.08396006638903E-13,-1.));
#44480=VECTOR('',#44470,1.);
#44490=LINE('',#44460,#44480);
#44500=EDGE_CURVE('',#11370,#1050,#44490,.T.);
#44510=ORIENTED_EDGE('',*,*,#44500,.T.);
#44520=EDGE_LOOP('',(#44510,#44450,#44440,#44380));
#44530=FACE_OUTER_BOUND('',#44520,.T.);
#44540=ADVANCED_FACE('',(#44530),#44370,.F.);
#44550=COLOUR_RGB('',0.560784339904785,0.588235318660736,
0.600000023841858);
#44560=FILL_AREA_STYLE_COLOUR('',#44550);
#44570=FILL_AREA_STYLE('',(#44560));
#44580=SURFACE_STYLE_FILL_AREA(#44570);
#44590=SURFACE_SIDE_STYLE('',(#44580));
#44600=SURFACE_STYLE_USAGE(.BOTH.,#44590);
#44610=PRESENTATION_STYLE_ASSIGNMENT((#44600));
#44620=CARTESIAN_POINT('',(-42.3000000000003,-4.49999999980483,
6.15000001166408));
#44630=DIRECTION('',(-2.47010745191141E-13,1.,-4.08396006638895E-13));
#44640=DIRECTION('',(1.,2.47010745191127E-13,-3.19771212654264E-14));
#44650=AXIS2_PLACEMENT_3D('',#44620,#44630,#44640);
#44660=PLANE('',#44650);
#44670=ORIENTED_EDGE('',*,*,#5950,.F.);
#44680=ORIENTED_EDGE('',*,*,#44200,.T.);
#44690=ORIENTED_EDGE('',*,*,#43620,.F.);
#44700=CARTESIAN_POINT('',(-41.8000000000004,-4.49999999980722,0.));
#44710=DIRECTION('',(3.19771212653255E-14,4.08396006638903E-13,1.));
#44720=VECTOR('',#44710,1.);
#44730=LINE('',#44700,#44720);
#44740=EDGE_CURVE('',#43530,#5940,#44730,.T.);
#44750=ORIENTED_EDGE('',*,*,#44740,.F.);
#44760=EDGE_LOOP('',(#44750,#44690,#44680,#44670));
#44770=FACE_OUTER_BOUND('',#44760,.T.);
#44780=ADVANCED_FACE('',(#44770),#44660,.T.);
#44790=COLOUR_RGB('',0.560784339904785,0.588235318660736,
0.600000023841858);
#44800=FILL_AREA_STYLE_COLOUR('',#44790);
#44810=FILL_AREA_STYLE('',(#44800));
#44820=SURFACE_STYLE_FILL_AREA(#44810);
#44830=SURFACE_SIDE_STYLE('',(#44820));
#44840=SURFACE_STYLE_USAGE(.BOTH.,#44830);
#44850=PRESENTATION_STYLE_ASSIGNMENT((#44840));
#44860=CARTESIAN_POINT('',(-7.30000000010483,1.37667655053519E-12,
6.15000001166112));
#44870=DIRECTION('',(-1.35059338348857E-33,1.,-4.08396006638903E-13));
#44880=DIRECTION('',(1.,-1.30593272779735E-26,-3.19771212653255E-14));
#44890=AXIS2_PLACEMENT_3D('',#44860,#44870,#44880);
#44900=PLANE('',#44890);
#44910=CARTESIAN_POINT('',(-7.10000000010487,9.68114477473137E-13,
5.15000001012958));
#44920=DIRECTION('',(-3.19771212653255E-14,-4.08396006638903E-13,-1.));
#44930=VECTOR('',#44920,1.);
#44940=LINE('',#44910,#44930);
#44950=EDGE_CURVE('',#11610,#810,#44940,.T.);
#44960=ORIENTED_EDGE('',*,*,#44950,.F.);
#44970=ORIENTED_EDGE('',*,*,#820,.T.);
#44980=ORIENTED_EDGE('',*,*,#14720,.F.);
#44990=ORIENTED_EDGE('',*,*,#11700,.F.);
#45000=EDGE_LOOP('',(#44990,#44980,#44970,#44960));
#45010=FACE_OUTER_BOUND('',#45000,.T.);
#45020=ADVANCED_FACE('',(#45010),#44900,.F.);
#45030=COLOUR_RGB('',0.560784339904785,0.588235318660736,
0.600000023841858);
#45040=FILL_AREA_STYLE_COLOUR('',#45030);
#45050=FILL_AREA_STYLE('',(#45040));
#45060=SURFACE_STYLE_FILL_AREA(#45050);
#45070=SURFACE_SIDE_STYLE('',(#45060));
#45080=SURFACE_STYLE_USAGE(.BOTH.,#45070);
#45090=PRESENTATION_STYLE_ASSIGNMENT((#45080));
#45100=CARTESIAN_POINT('',(-41.8000000000002,-0.999999999948621,
6.15000001166263));
#45110=DIRECTION('',(1.,4.81238243855058E-33,-3.19771212653255E-14));
#45120=DIRECTION('',(1.30593334409493E-26,-1.,4.08396006638903E-13));
#45130=AXIS2_PLACEMENT_3D('',#45100,#45110,#45120);
#45140=PLANE('',#45130);
#45150=ORIENTED_EDGE('',*,*,#44740,.T.);
#45160=ORIENTED_EDGE('',*,*,#43540,.F.);
#45170=ORIENTED_EDGE('',*,*,#13090,.F.);
#45180=ORIENTED_EDGE('',*,*,#5390,.F.);
#45190=ORIENTED_EDGE('',*,*,#42950,.T.);
#45200=ORIENTED_EDGE('',*,*,#6030,.T.);
#45210=EDGE_LOOP('',(#45200,#45190,#45180,#45170,#45160,#45150));
#45220=FACE_OUTER_BOUND('',#45210,.T.);
#45230=ADVANCED_FACE('',(#45220),#45140,.F.);
#45240=COLOUR_RGB('',0.560784339904785,0.588235318660736,
0.600000023841858);
#45250=FILL_AREA_STYLE_COLOUR('',#45240);
#45260=FILL_AREA_STYLE('',(#45250));
#45270=SURFACE_STYLE_FILL_AREA(#45260);
#45280=SURFACE_SIDE_STYLE('',(#45270));
#45290=SURFACE_STYLE_USAGE(.BOTH.,#45280);
#45300=PRESENTATION_STYLE_ASSIGNMENT((#45290));
#45310=CARTESIAN_POINT('',(-44.2700250978079,21.9436022797519,
-0.617823636951215));
#45320=DIRECTION('',(-0.984807753012278,0.173648177666532,
-3.94259053780281E-14));
#45330=DIRECTION('',(3.19771212653255E-14,4.08396006638903E-13,1.));
#45340=AXIS2_PLACEMENT_3D('',#45310,#45320,#45330);
#45350=PLANE('',#45340);
#45360=ORIENTED_EDGE('',*,*,#6520,.T.);
#45370=CARTESIAN_POINT('',(-44.2227916831768,22.2114762854296,
5.15000001012958));
#45380=DIRECTION('',(-3.19771212653255E-14,-4.08396006638903E-13,-1.));
#45390=VECTOR('',#45380,1.);
#45400=LINE('',#45370,#45390);
#45410=EDGE_CURVE('',#6430,#4890,#45400,.T.);
#45420=ORIENTED_EDGE('',*,*,#45410,.F.);
#45430=ORIENTED_EDGE('',*,*,#4900,.F.);
#45440=ORIENTED_EDGE('',*,*,#42130,.F.);
#45450=EDGE_LOOP('',(#45440,#45430,#45420,#45360));
#45460=FACE_OUTER_BOUND('',#45450,.T.);
#45470=ADVANCED_FACE('',(#45460),#45350,.F.);
#45480=COLOUR_RGB('',0.560784339904785,0.588235318660736,
0.600000023841858);
#45490=FILL_AREA_STYLE_COLOUR('',#45480);
#45500=FILL_AREA_STYLE('',(#45490));
#45510=SURFACE_STYLE_FILL_AREA(#45500);
#45520=SURFACE_SIDE_STYLE('',(#45510));
#45530=SURFACE_STYLE_USAGE(.BOTH.,#45520);
#45540=PRESENTATION_STYLE_ASSIGNMENT((#45530));
#45550=CARTESIAN_POINT('',(-44.5368080574324,22.0971836721313,
6.15000001165329));
#45560=DIRECTION('',(0.342020143318877,-0.93969262078838,
3.72829894199928E-13));
#45570=DIRECTION('',(-0.93969262078838,-0.342020143318877,
1.69728325608576E-13));
#45580=AXIS2_PLACEMENT_3D('',#45550,#45560,#45570);
#45590=PLANE('',#45580);
#45600=ORIENTED_EDGE('',*,*,#6440,.T.);
#45610=CARTESIAN_POINT('',(-44.8000000001049,22.0013896391016,
5.15000001012958));
#45620=DIRECTION('',(3.19771212653255E-14,4.08396006638903E-13,1.));
#45630=VECTOR('',#45620,1.);
#45640=LINE('',#45610,#45630);
#45650=EDGE_CURVE('',#4970,#6350,#45640,.T.);
#45660=ORIENTED_EDGE('',*,*,#45650,.T.);
#45670=ORIENTED_EDGE('',*,*,#4980,.T.);
#45680=ORIENTED_EDGE('',*,*,#45410,.T.);
#45690=EDGE_LOOP('',(#45680,#45670,#45660,#45600));
#45700=FACE_OUTER_BOUND('',#45690,.T.);
#45710=ADVANCED_FACE('',(#45700),#45590,.F.);
#45720=COLOUR_RGB('',0.560784339904785,0.588235318660736,
0.600000023841858);
#45730=FILL_AREA_STYLE_COLOUR('',#45720);
#45740=FILL_AREA_STYLE('',(#45730));
#45750=SURFACE_STYLE_FILL_AREA(#45740);
#45760=SURFACE_SIDE_STYLE('',(#45750));
#45770=SURFACE_STYLE_USAGE(.BOTH.,#45760);
#45780=PRESENTATION_STYLE_ASSIGNMENT((#45770));
#45790=CARTESIAN_POINT('',(-44.8000000001049,17.4972542059376,
6.15000001165518));
#45800=DIRECTION('',(1.,4.81238243855058E-33,-3.19771212653255E-14));
#45810=DIRECTION('',(1.30593334409493E-26,-1.,4.08396006638903E-13));
#45820=AXIS2_PLACEMENT_3D('',#45790,#45800,#45810);
#45830=PLANE('',#45820);
#45840=ORIENTED_EDGE('',*,*,#6360,.T.);
#45850=ORIENTED_EDGE('',*,*,#42730,.T.);
#45860=ORIENTED_EDGE('',*,*,#5060,.T.);
#45870=ORIENTED_EDGE('',*,*,#45650,.F.);
#45880=EDGE_LOOP('',(#45870,#45860,#45850,#45840));
#45890=FACE_OUTER_BOUND('',#45880,.T.);
#45900=ADVANCED_FACE('',(#45890),#45830,.F.);
#45910=COLOUR_RGB('',0.560784339904785,0.588235318660736,
0.600000023841858);
#45920=FILL_AREA_STYLE_COLOUR('',#45910);
#45930=FILL_AREA_STYLE('',(#45920));
#45940=SURFACE_STYLE_FILL_AREA(#45930);
#45950=SURFACE_SIDE_STYLE('',(#45940));
#45960=SURFACE_STYLE_USAGE(.BOTH.,#45950);
#45970=PRESENTATION_STYLE_ASSIGNMENT((#45960));
#45980=CARTESIAN_POINT('',(-43.1289428989535,22.250112006836,
6.15000001165318));
#45990=DIRECTION('',(0.984807753012175,-0.173648177667118,
3.94259053782707E-14));
#46000=DIRECTION('',(-0.173648177667118,-0.984807753012175,
4.07744322471967E-13));
#46010=AXIS2_PLACEMENT_3D('',#45980,#45990,#46000);
#46020=PLANE('',#46010);
#46030=ORIENTED_EDGE('',*,*,#42200,.T.);
#46040=ORIENTED_EDGE('',*,*,#4740,.T.);
#46050=ORIENTED_EDGE('',*,*,#41910,.T.);
#46060=ORIENTED_EDGE('',*,*,#6680,.T.);
#46070=EDGE_LOOP('',(#46060,#46050,#46040,#46030));
#46080=FACE_OUTER_BOUND('',#46070,.T.);
#46090=ADVANCED_FACE('',(#46080),#46020,.F.);
#46100=COLOUR_RGB('',0.560784339904785,0.588235318660736,
0.600000023841858);
#46110=FILL_AREA_STYLE_COLOUR('',#46100);
#46120=FILL_AREA_STYLE('',(#46110));
#46130=SURFACE_STYLE_FILL_AREA(#46120);
#46140=SURFACE_SIDE_STYLE('',(#46130));
#46150=SURFACE_STYLE_USAGE(.BOTH.,#46140);
#46160=PRESENTATION_STYLE_ASSIGNMENT((#46150));
#46170=CARTESIAN_POINT('',(-43.417496466392,28.0712511815053,
6.15000001165081));
#46180=DIRECTION('',(0.642787609685505,0.766044443119846,
-3.33403988820829E-13));
#46190=DIRECTION('',(0.766044443119846,-0.642787609685505,
2.38015996860254E-13));
#46200=AXIS2_PLACEMENT_3D('',#46170,#46180,#46190);
#46210=PLANE('',#46200);
#46220=CARTESIAN_POINT('',(-43.2189337886946,27.9046373118838,
5.15000001012958));
#46230=DIRECTION('',(3.19771212653255E-14,4.08396006638903E-13,1.));
#46240=VECTOR('',#46230,1.);
#46250=LINE('',#46220,#46240);
#46260=EDGE_CURVE('',#4490,#6830,#46250,.T.);
#46270=ORIENTED_EDGE('',*,*,#46260,.T.);
#46280=ORIENTED_EDGE('',*,*,#4500,.T.);
#46290=ORIENTED_EDGE('',*,*,#41550,.F.);
#46300=ORIENTED_EDGE('',*,*,#6920,.T.);
#46310=EDGE_LOOP('',(#46300,#46290,#46280,#46270));
#46320=FACE_OUTER_BOUND('',#46310,.T.);
#46330=ADVANCED_FACE('',(#46320),#46210,.F.);
#46340=COLOUR_RGB('',0.560784339904785,0.588235318660736,
0.600000023841858);
#46350=FILL_AREA_STYLE_COLOUR('',#46340);
#46360=FILL_AREA_STYLE('',(#46350));
#46370=SURFACE_STYLE_FILL_AREA(#46360);
#46380=SURFACE_SIDE_STYLE('',(#46370));
#46390=SURFACE_STYLE_USAGE(.BOTH.,#46380);
#46400=PRESENTATION_STYLE_ASSIGNMENT((#46390));
#46410=CARTESIAN_POINT('',(-43.1717003740642,28.1725113175541,
-0.617823636953794));
#46420=DIRECTION('',(0.984807753012231,-0.173648177666801,
3.94259053781394E-14));
#46430=DIRECTION('',(3.19771212653255E-14,4.08396006638903E-13,1.));
#46440=AXIS2_PLACEMENT_3D('',#46410,#46420,#46430);
#46450=PLANE('',#46440);
#46460=ORIENTED_EDGE('',*,*,#41840,.T.);
#46470=ORIENTED_EDGE('',*,*,#4580,.T.);
#46480=ORIENTED_EDGE('',*,*,#46260,.F.);
#46490=ORIENTED_EDGE('',*,*,#6840,.F.);
#46500=EDGE_LOOP('',(#46490,#46480,#46470,#46460));
#46510=FACE_OUTER_BOUND('',#46500,.T.);
#46520=ADVANCED_FACE('',(#46510),#46450,.T.);
#46530=COLOUR_RGB('',0.560784339904785,0.588235318660736,
0.600000023841858);
#46540=FILL_AREA_STYLE_COLOUR('',#46530);
#46550=FILL_AREA_STYLE('',(#46540));
#46560=SURFACE_STYLE_FILL_AREA(#46550);
#46570=SURFACE_SIDE_STYLE('',(#46560));
#46580=SURFACE_STYLE_USAGE(.BOTH.,#46570);
#46590=PRESENTATION_STYLE_ASSIGNMENT((#46580));
#46600=CARTESIAN_POINT('',(-43.0998065473012,29.2499999997102,
6.15000001165032));
#46610=DIRECTION('',(1.23069611928547E-13,-1.,4.08396006638899E-13));
#46620=DIRECTION('',(-1.,-1.23069611928534E-13,3.19771212653758E-14));
#46630=AXIS2_PLACEMENT_3D('',#46600,#46610,#46620);
#46640=PLANE('',#46630);
#46650=CARTESIAN_POINT('',(-28.7500000035386,29.2499999997116,
5.15000001012958));
#46660=DIRECTION('',(-6.46138767349212E-11,-4.08396006646849E-13,-1.));
#46670=VECTOR('',#46660,1.);
#46680=LINE('',#46650,#46670);
#46690=CARTESIAN_POINT('',(-28.7500000037265,29.2499999997104,
2.24249007356662));
#46700=VERTEX_POINT('',#46690);
#46710=CARTESIAN_POINT('',(-28.7500000037793,29.2499999997101,
1.42499999946554));
#46720=VERTEX_POINT('',#46710);
#46730=EDGE_CURVE('',#46700,#46720,#46680,.T.);
#46740=ORIENTED_EDGE('',*,*,#46730,.F.);
#46750=CARTESIAN_POINT('',(2.39999999987203,29.2499999997139,
1.42499999753252));
#46760=DIRECTION('',(-1.,-1.23069611903203E-13,6.20550663018633E-11));
#46770=VECTOR('',#46760,1.);
#46780=LINE('',#46750,#46770);
#46790=CARTESIAN_POINT('',(-33.0500000002868,29.2499999997095,
1.42499999973237));
#46800=VERTEX_POINT('',#46790);
#46810=EDGE_CURVE('',#46720,#46800,#46780,.T.);
#46820=ORIENTED_EDGE('',*,*,#46810,.F.);
#46830=CARTESIAN_POINT('',(-33.0500000003147,29.2499999997111,
5.15000001012958));
#46840=DIRECTION('',(-7.49204716503486E-12,4.08396006637977E-13,1.));
#46850=VECTOR('',#46840,1.);
#46860=LINE('',#46830,#46850);
#46870=CARTESIAN_POINT('',(-33.0500000002906,29.2499999997098,
1.93610587763633));
#46880=VERTEX_POINT('',#46870);
#46890=EDGE_CURVE('',#46800,#46880,#46860,.T.);
#46900=ORIENTED_EDGE('',*,*,#46890,.F.);
#46910=CARTESIAN_POINT('',(-30.353222619057,29.2499999997114,
5.15000001012958));
#46920=DIRECTION('',(0.642787609688732,3.92019749995143E-13,
0.766044443117138));
#46930=VECTOR('',#46920,1.);
#46940=LINE('',#46910,#46930);
#46950=CARTESIAN_POINT('',(-32.5500000051071,29.2499999997101,
2.53198266818995));
#46960=VERTEX_POINT('',#46950);
#46970=EDGE_CURVE('',#46880,#46960,#46940,.T.);
#46980=ORIENTED_EDGE('',*,*,#46970,.F.);
#46990=CARTESIAN_POINT('',(-32.5500000049379,29.2499999997111,
5.15000001012958));
#47000=DIRECTION('',(6.46138767346763E-11,4.08396006646849E-13,1.));
#47010=VECTOR('',#47000,1.);
#47020=LINE('',#46990,#47010);
#47030=CARTESIAN_POINT('',(-32.5500000050013,29.2499999997107,
4.16801586041873));
#47040=VERTEX_POINT('',#47030);
#47050=EDGE_CURVE('',#46960,#47040,#47020,.T.);
#47060=ORIENTED_EDGE('',*,*,#47050,.F.);
#47070=CARTESIAN_POINT('',(-33.3739825428409,29.249999999711,
5.15000001012958));
#47080=DIRECTION('',(-0.642787609684347,2.33757457834827E-13,
0.766044443120817));
#47090=VECTOR('',#47080,1.);
#47100=LINE('',#47070,#47090);
#47110=CARTESIAN_POINT('',(-33.050000000312,29.2499999997109,
4.76389265113078));
#47120=VERTEX_POINT('',#47110);
#47130=EDGE_CURVE('',#47040,#47120,#47100,.T.);
#47140=ORIENTED_EDGE('',*,*,#47130,.F.);
#47150=CARTESIAN_POINT('',(-33.0500000003149,29.2499999997111,
5.15000001012958));
#47160=DIRECTION('',(-7.58568461820637E-12,4.08396006637965E-13,1.));
#47170=VECTOR('',#47160,1.);
#47180=LINE('',#47150,#47170);
#47190=CARTESIAN_POINT('',(-33.0500000003159,29.2499999997111,
5.27499999962684));
#47200=VERTEX_POINT('',#47190);
#47210=EDGE_CURVE('',#47120,#47200,#47180,.T.);
#47220=ORIENTED_EDGE('',*,*,#47210,.F.);
#47230=CARTESIAN_POINT('',(2.39999999987203,29.2499999997155,
5.27499999730713));
#47240=DIRECTION('',(1.,1.23069611901827E-13,-6.5435938273331E-11));
#47250=VECTOR('',#47240,1.);
#47260=LINE('',#47230,#47250);
#47270=CARTESIAN_POINT('',(-28.7500000035296,29.2499999997116,
5.27499999934546));
#47280=VERTEX_POINT('',#47270);
#47290=EDGE_CURVE('',#47200,#47280,#47260,.T.);
#47300=ORIENTED_EDGE('',*,*,#47290,.F.);
#47310=CARTESIAN_POINT('',(-28.7500000035376,29.2499999997116,
5.15000001012958));
#47320=DIRECTION('',(-6.46138767349212E-11,-4.08396006646849E-13,-1.));
#47330=VECTOR('',#47320,1.);
#47340=LINE('',#47310,#47330);
#47350=CARTESIAN_POINT('',(-28.7500000035859,29.2499999997113,
4.40375422063306));
#47360=VERTEX_POINT('',#47350);
#47370=EDGE_CURVE('',#47280,#47360,#47340,.T.);
#47380=ORIENTED_EDGE('',*,*,#47370,.F.);
#47390=CARTESIAN_POINT('',(2.39999999987203,29.2499999997278,
35.5537542240604));
#47400=DIRECTION('',(-0.707106781186895,-3.75866004986847E-13,
-0.7071067811862));
#47410=VECTOR('',#47400,1.);
#47420=LINE('',#47390,#47410);
#47430=CARTESIAN_POINT('',(-29.150000000599,29.2499999997111,
4.00375422362029));
#47440=VERTEX_POINT('',#47430);
#47450=EDGE_CURVE('',#47360,#47440,#47420,.T.);
#47460=ORIENTED_EDGE('',*,*,#47450,.F.);
#47470=CARTESIAN_POINT('',(-29.1500000005219,29.2499999997115,
5.15000001012958));
#47480=DIRECTION('',(-6.7284208304608E-11,-4.08396006647172E-13,-1.));
#47490=VECTOR('',#47480,1.);
#47500=LINE('',#47470,#47490);
#47510=CARTESIAN_POINT('',(-29.1500000006906,29.2499999997105,
2.64249007053105));
#47520=VERTEX_POINT('',#47510);
#47530=EDGE_CURVE('',#47440,#47520,#47500,.T.);
#47540=ORIENTED_EDGE('',*,*,#47530,.F.);
#47550=CARTESIAN_POINT('',(-31.6575099402872,29.2499999997112,
5.15000001012958));
#47560=DIRECTION('',(0.707106781186276,-2.01755279150007E-13,
-0.707106781186819));
#47570=VECTOR('',#47560,1.);
#47580=LINE('',#47550,#47570);
#47590=EDGE_CURVE('',#47520,#46700,#47580,.T.);
#47600=ORIENTED_EDGE('',*,*,#47590,.F.);
#47610=EDGE_LOOP('',(#47600,#47540,#47460,#47380,#47300,#47220,#47140,
#47060,#46980,#46900,#46820,#46740));
#47620=FACE_BOUND('',#47610,.T.);
#47630=CARTESIAN_POINT('',(-27.7000000002408,29.2499999997109,
3.2000000115485));
#47640=DIRECTION('',(-1.23069611928547E-13,1.,-4.08396006638899E-13));
#47650=DIRECTION('',(7.19441145561563E-28,-4.08396006638899E-13,-1.));
#47660=AXIS2_PLACEMENT_3D('',#47630,#47640,#47650);
#47670=CIRCLE('',#47660,1.05);
#47680=CARTESIAN_POINT('',(-27.7000000002408,29.2499999997105,
2.1500000115485));
#47690=VERTEX_POINT('',#47680);
#47700=CARTESIAN_POINT('',(-27.7000000002408,29.2499999997114,
4.2500000115485));
#47710=VERTEX_POINT('',#47700);
#47720=EDGE_CURVE('',#47690,#47710,#47670,.T.);
#47730=ORIENTED_EDGE('',*,*,#47720,.F.);
#47740=EDGE_CURVE('',#47710,#47690,#47670,.T.);
#47750=ORIENTED_EDGE('',*,*,#47740,.F.);
#47760=EDGE_LOOP('',(#47750,#47730));
#47770=FACE_BOUND('',#47760,.T.);
#47780=ORIENTED_EDGE('',*,*,#7540,.F.);
#47790=ORIENTED_EDGE('',*,*,#31080,.F.);
#47800=ORIENTED_EDGE('',*,*,#39630,.T.);
#47810=ORIENTED_EDGE('',*,*,#38460,.F.);
#47820=ORIENTED_EDGE('',*,*,#30110,.F.);
#47830=ORIENTED_EDGE('',*,*,#40730,.F.);
#47840=ORIENTED_EDGE('',*,*,#7080,.F.);
#47850=ORIENTED_EDGE('',*,*,#41620,.T.);
#47860=ORIENTED_EDGE('',*,*,#4340,.T.);
#47870=ORIENTED_EDGE('',*,*,#28830,.F.);
#47880=EDGE_LOOP('',(#47870,#47860,#47850,#47840,#47830,#47820,#47810,
#47800,#47790,#47780));
#47890=FACE_OUTER_BOUND('',#47880,.T.);
#47900=ADVANCED_FACE('',(#47620,#47770,#47890),#46640,.F.);
#47910=COLOUR_RGB('',0.560784339904785,0.588235318660736,
0.600000023841858);
#47920=FILL_AREA_STYLE_COLOUR('',#47910);
#47930=FILL_AREA_STYLE('',(#47920));
#47940=SURFACE_STYLE_FILL_AREA(#47930);
#47950=SURFACE_SIDE_STYLE('',(#47940));
#47960=SURFACE_STYLE_USAGE(.BOTH.,#47950);
#47970=PRESENTATION_STYLE_ASSIGNMENT((#47960));
#47980=CARTESIAN_POINT('',(-34.9189280411926,29.1499999997088,
0.279518361583357));
#47990=DIRECTION('',(-1.23069611928547E-13,1.,-4.08396006638899E-13));
#48000=DIRECTION('',(1.,1.23069611928534E-13,-3.19771212653758E-14));
#48010=AXIS2_PLACEMENT_3D('',#47980,#47990,#48000);
#48020=PLANE('',#48010);
#48030=CARTESIAN_POINT('',(-30.8000000020115,29.1499999997106,
3.34999995335107));
#48040=DIRECTION('',(1.23069611928547E-13,-1.,4.08396006638899E-13));
#48050=DIRECTION('',(-4.04877502548692E-11,-4.08396006643882E-13,-1.));
#48060=AXIS2_PLACEMENT_3D('',#48030,#48040,#48050);
#48070=CIRCLE('',#48060,1.);
#48080=CARTESIAN_POINT('',(-30.400000002054,29.1499999997103,
2.43348481434137));
#48090=VERTEX_POINT('',#48080);
#48100=CARTESIAN_POINT('',(-30.4000000019391,29.149999999711,
4.26651509231062));
#48110=VERTEX_POINT('',#48100);
#48120=EDGE_CURVE('',#48090,#48110,#48070,.T.);
#48130=ORIENTED_EDGE('',*,*,#48120,.T.);
#48140=CARTESIAN_POINT('',(-30.4000000019808,29.1499999997114,
5.15000001012958));
#48150=DIRECTION('',(2.69506632330232E-11,4.08396006642217E-13,1.));
#48160=VECTOR('',#48150,1.);
#48170=LINE('',#48140,#48160);
#48180=CARTESIAN_POINT('',(-30.4000000020812,29.1499999997099,
1.42499999956797));
#48190=VERTEX_POINT('',#48180);
#48200=EDGE_CURVE('',#48190,#48090,#48170,.T.);
#48210=ORIENTED_EDGE('',*,*,#48200,.T.);
#48220=CARTESIAN_POINT('',(2.39999999987118,29.1499999997139,
1.42499999753256));
#48230=DIRECTION('',(-1.,-1.23069611903204E-13,6.20550663018633E-11));
#48240=VECTOR('',#48230,1.);
#48250=LINE('',#48220,#48240);
#48260=CARTESIAN_POINT('',(-28.7500000037793,29.1499999997101,
1.42499999946558));
#48270=VERTEX_POINT('',#48260);
#48280=EDGE_CURVE('',#48270,#48190,#48250,.T.);
#48290=ORIENTED_EDGE('',*,*,#48280,.T.);
#48300=CARTESIAN_POINT('',(-28.7500000035386,29.1499999997116,
5.15000001012958));
#48310=DIRECTION('',(-6.46138767349212E-11,-4.08396006646849E-13,-1.));
#48320=VECTOR('',#48310,1.);
#48330=LINE('',#48300,#48320);
#48340=CARTESIAN_POINT('',(-28.7500000037265,29.1499999997104,
2.24249007356665));
#48350=VERTEX_POINT('',#48340);
#48360=EDGE_CURVE('',#48350,#48270,#48330,.T.);
#48370=ORIENTED_EDGE('',*,*,#48360,.T.);
#48380=CARTESIAN_POINT('',(-31.6575099402872,29.1499999997112,
5.15000001012958));
#48390=DIRECTION('',(-0.707106781186276,2.01755279150007E-13,
0.707106781186819));
#48400=VECTOR('',#48390,1.);
#48410=LINE('',#48380,#48400);
#48420=CARTESIAN_POINT('',(-29.1500000006906,29.1499999997105,
2.64249007053108));
#48430=VERTEX_POINT('',#48420);
#48440=EDGE_CURVE('',#48350,#48430,#48410,.T.);
#48450=ORIENTED_EDGE('',*,*,#48440,.F.);
#48460=CARTESIAN_POINT('',(-29.1500000005219,29.1499999997116,
5.15000001012958));
#48470=DIRECTION('',(-6.7284208304608E-11,-4.08396006647172E-13,-1.));
#48480=VECTOR('',#48470,1.);
#48490=LINE('',#48460,#48480);
#48500=CARTESIAN_POINT('',(-29.150000000599,29.1499999997111,
4.00375422362033));
#48510=VERTEX_POINT('',#48500);
#48520=EDGE_CURVE('',#48510,#48430,#48490,.T.);
#48530=ORIENTED_EDGE('',*,*,#48520,.T.);
#48540=CARTESIAN_POINT('',(2.39999999987203,29.1499999997278,
35.5537542240604));
#48550=DIRECTION('',(0.707106781186895,3.75866004986847E-13,
0.7071067811862));
#48560=VECTOR('',#48550,1.);
#48570=LINE('',#48540,#48560);
#48580=CARTESIAN_POINT('',(-28.7500000035859,29.1499999997113,
4.40375422063308));
#48590=VERTEX_POINT('',#48580);
#48600=EDGE_CURVE('',#48510,#48590,#48570,.T.);
#48610=ORIENTED_EDGE('',*,*,#48600,.F.);
#48620=CARTESIAN_POINT('',(-28.7500000035376,29.1499999997116,
5.15000001012958));
#48630=DIRECTION('',(6.46138767349212E-11,4.08396006646849E-13,1.));
#48640=VECTOR('',#48630,1.);
#48650=LINE('',#48620,#48640);
#48660=CARTESIAN_POINT('',(-28.7500000035296,29.1499999997117,
5.2749999993455));
#48670=VERTEX_POINT('',#48660);
#48680=EDGE_CURVE('',#48590,#48670,#48650,.T.);
#48690=ORIENTED_EDGE('',*,*,#48680,.F.);
#48700=CARTESIAN_POINT('',(2.39999999987118,29.1499999997155,
5.27499999730717));
#48710=DIRECTION('',(1.,1.23069611901823E-13,-6.5435938273331E-11));
#48720=VECTOR('',#48710,1.);
#48730=LINE('',#48700,#48720);
#48740=CARTESIAN_POINT('',(-30.400000002081,29.1499999997114,
5.27499999945347));
#48750=VERTEX_POINT('',#48740);
#48760=EDGE_CURVE('',#48750,#48670,#48730,.T.);
#48770=ORIENTED_EDGE('',*,*,#48760,.T.);
#48780=CARTESIAN_POINT('',(-30.4000000020634,29.1499999997114,
5.15000001012958));
#48790=DIRECTION('',(-1.40791592140884E-10,4.08396006621574E-13,1.));
#48800=VECTOR('',#48790,1.);
#48810=LINE('',#48780,#48800);
#48820=EDGE_CURVE('',#48110,#48750,#48810,.T.);
#48830=ORIENTED_EDGE('',*,*,#48820,.T.);
#48840=EDGE_LOOP('',(#48830,#48770,#48690,#48610,#48530,#48450,#48370,
#48290,#48210,#48130));
#48850=FACE_OUTER_BOUND('',#48840,.T.);
#48860=ADVANCED_FACE('',(#48850),#48020,.T.);
#48870=COLOUR_RGB('',0.980392217636108,0.517647087574005,
0.168627455830574);
#48880=FILL_AREA_STYLE_COLOUR('',#48870);
#48890=FILL_AREA_STYLE('',(#48880));
#48900=SURFACE_STYLE_FILL_AREA(#48890);
#48910=SURFACE_SIDE_STYLE('',(#48900));
#48920=SURFACE_STYLE_USAGE(.BOTH.,#48910);
#48930=PRESENTATION_STYLE_ASSIGNMENT((#48920));
#48940=CARTESIAN_POINT('',(-30.9000000003473,28.6499999997106,
3.3499999995428));
#48950=DIRECTION('',(-1.23069611928547E-13,1.,-4.08396006638899E-13));
#48960=DIRECTION('',(1.,1.23069611928534E-13,-3.19771212653758E-14));
#48970=AXIS2_PLACEMENT_3D('',#48940,#48950,#48960);
#48980=PLANE('',#48970);
#48990=CARTESIAN_POINT('',(-30.4000000020634,28.6499999997114,
5.15000001012958));
#49000=DIRECTION('',(1.40791592140884E-10,-4.08396006621574E-13,-1.));
#49010=VECTOR('',#49000,1.);
#49020=LINE('',#48990,#49010);
#49030=CARTESIAN_POINT('',(-30.400000002081,28.6499999997114,
5.27499999945368));
#49040=VERTEX_POINT('',#49030);
#49050=CARTESIAN_POINT('',(-30.400000001939,28.649999999711,
4.26651509231083));
#49060=VERTEX_POINT('',#49050);
#49070=EDGE_CURVE('',#49040,#49060,#49020,.T.);
#49080=ORIENTED_EDGE('',*,*,#49070,.T.);
#49090=CARTESIAN_POINT('',(-31.2000000019849,28.6499999997113,
5.27499999950603));
#49100=DIRECTION('',(1.,1.23069611901823E-13,-6.5436325732811E-11));
#49110=VECTOR('',#49100,1.);
#49120=LINE('',#49090,#49110);
#49130=CARTESIAN_POINT('',(-31.2000000019849,28.6499999997113,
5.27499999950603));
#49140=VERTEX_POINT('',#49130);
#49150=EDGE_CURVE('',#49140,#49040,#49120,.T.);
#49160=ORIENTED_EDGE('',*,*,#49150,.T.);
#49170=CARTESIAN_POINT('',(-31.2000000019807,28.6499999997113,
5.15000001012958));
#49180=DIRECTION('',(-3.37118837573202E-11,4.08396006634751E-13,1.));
#49190=VECTOR('',#49180,1.);
#49200=LINE('',#49170,#49190);
#49210=CARTESIAN_POINT('',(-31.2000000019509,28.6499999997109,
4.26651509236886));
#49220=VERTEX_POINT('',#49210);
#49230=EDGE_CURVE('',#49220,#49140,#49200,.T.);
#49240=ORIENTED_EDGE('',*,*,#49230,.T.);
#49250=CARTESIAN_POINT('',(-30.8000000020114,28.6499999997106,
3.34999995335128));
#49260=DIRECTION('',(1.23069611928547E-13,-1.,4.08396006638899E-13));
#49270=DIRECTION('',(-4.04877502548692E-11,-4.08396006643882E-13,-1.));
#49280=AXIS2_PLACEMENT_3D('',#49250,#49260,#49270);
#49290=CIRCLE('',#49280,1.);
#49300=CARTESIAN_POINT('',(-31.2000000019785,28.6499999997102,
2.43348481434573));
#49310=VERTEX_POINT('',#49300);
#49320=EDGE_CURVE('',#49220,#49310,#49290,.T.);
#49330=ORIENTED_EDGE('',*,*,#49320,.F.);
#49340=CARTESIAN_POINT('',(-31.2000000019609,28.6499999997113,
5.15000001012958));
#49350=DIRECTION('',(6.48643660024448E-12,4.08396006639697E-13,1.));
#49360=VECTOR('',#49350,1.);
#49370=LINE('',#49340,#49360);
#49380=CARTESIAN_POINT('',(-31.200000001985,28.6499999997098,
1.42499999961782));
#49390=VERTEX_POINT('',#49380);
#49400=EDGE_CURVE('',#49390,#49310,#49370,.T.);
#49410=ORIENTED_EDGE('',*,*,#49400,.T.);
#49420=CARTESIAN_POINT('',(-31.200000001985,28.6499999997098,
1.42499999961782));
#49430=DIRECTION('',(1.,1.23069611903204E-13,-6.20551415109091E-11));
#49440=VECTOR('',#49430,1.);
#49450=LINE('',#49420,#49440);
#49460=CARTESIAN_POINT('',(-30.4000000020811,28.6499999997099,
1.42499999956817));
#49470=VERTEX_POINT('',#49460);
#49480=EDGE_CURVE('',#49390,#49470,#49450,.T.);
#49490=ORIENTED_EDGE('',*,*,#49480,.F.);
#49500=CARTESIAN_POINT('',(-30.4000000019807,28.6499999997114,
5.15000001012958));
#49510=DIRECTION('',(2.69506632330232E-11,4.08396006642217E-13,1.));
#49520=VECTOR('',#49510,1.);
#49530=LINE('',#49500,#49520);
#49540=CARTESIAN_POINT('',(-30.4000000020539,28.6499999997103,
2.43348481434157));
#49550=VERTEX_POINT('',#49540);
#49560=EDGE_CURVE('',#49470,#49550,#49530,.T.);
#49570=ORIENTED_EDGE('',*,*,#49560,.F.);
#49580=CARTESIAN_POINT('',(-30.8000000020114,28.6499999997106,
3.34999995335128));
#49590=DIRECTION('',(1.23069611928547E-13,-1.,4.08396006638899E-13));
#49600=DIRECTION('',(-4.04877502548692E-11,-4.08396006643882E-13,-1.));
#49610=AXIS2_PLACEMENT_3D('',#49580,#49590,#49600);
#49620=CIRCLE('',#49610,1.);
#49630=EDGE_CURVE('',#49550,#49060,#49620,.T.);
#49640=ORIENTED_EDGE('',*,*,#49630,.F.);
#49650=EDGE_LOOP('',(#49640,#49570,#49490,#49410,#49330,#49240,#49160,
#49080));
#49660=FACE_OUTER_BOUND('',#49650,.T.);
#49670=ADVANCED_FACE('',(#49660),#48980,.T.);
#49680=COLOUR_RGB('',0.980392217636108,0.517647087574005,
0.168627455830574);
#49690=FILL_AREA_STYLE_COLOUR('',#49680);
#49700=FILL_AREA_STYLE('',(#49690));
#49710=SURFACE_STYLE_FILL_AREA(#49700);
#49720=SURFACE_SIDE_STYLE('',(#49710));
#49730=SURFACE_STYLE_USAGE(.BOTH.,#49720);
#49740=PRESENTATION_STYLE_ASSIGNMENT((#49730));
#49750=CARTESIAN_POINT('',(-32.550000005006,29.2499999997107,
4.09522181355744));
#49760=DIRECTION('',(1.,1.23069611902159E-13,-6.46138767346763E-11));
#49770=DIRECTION('',(6.46138767346763E-11,4.08396006646851E-13,1.));
#49780=AXIS2_PLACEMENT_3D('',#49750,#49760,#49770);
#49790=PLANE('',#49780);
#49800=ORIENTED_EDGE('',*,*,#47050,.T.);
#49810=CARTESIAN_POINT('',(-32.5500000051046,9.25000000017709,
2.53198266819812));
#49820=DIRECTION('',(-1.23069611928547E-13,1.,-4.08396006638899E-13));
#49830=VECTOR('',#49820,1.);
#49840=LINE('',#49810,#49830);
#49850=CARTESIAN_POINT('',(-32.550000005107,29.1499999997101,
2.53198266818998));
#49860=VERTEX_POINT('',#49850);
#49870=EDGE_CURVE('',#49860,#46960,#49840,.T.);
#49880=ORIENTED_EDGE('',*,*,#49870,.T.);
#49890=CARTESIAN_POINT('',(-32.5500000049379,29.1499999997111,
5.15000001012958));
#49900=DIRECTION('',(-6.46138767346763E-11,-4.08396006646849E-13,-1.));
#49910=VECTOR('',#49900,1.);
#49920=LINE('',#49890,#49910);
#49930=CARTESIAN_POINT('',(-32.5500000050013,29.1499999997107,
4.16801586041877));
#49940=VERTEX_POINT('',#49930);
#49950=EDGE_CURVE('',#49940,#49860,#49920,.T.);
#49960=ORIENTED_EDGE('',*,*,#49950,.T.);
#49970=CARTESIAN_POINT('',(-32.5500000049989,9.25000000017709,
4.1680158604269));
#49980=DIRECTION('',(-1.23069611928547E-13,1.,-4.08396006638899E-13));
#49990=VECTOR('',#49980,1.);
#50000=LINE('',#49970,#49990);
#50010=EDGE_CURVE('',#49940,#47040,#50000,.T.);
#50020=ORIENTED_EDGE('',*,*,#50010,.F.);
#50030=EDGE_LOOP('',(#50020,#49960,#49880,#49800));
#50040=FACE_OUTER_BOUND('',#50030,.T.);
#50050=ADVANCED_FACE('',(#50040),#49790,.T.);
#50060=COLOUR_RGB('',0.560784339904785,0.588235318660736,
0.600000023841858);
#50070=FILL_AREA_STYLE_COLOUR('',#50060);
#50080=FILL_AREA_STYLE('',(#50070));
#50090=SURFACE_STYLE_FILL_AREA(#50080);
#50100=SURFACE_SIDE_STYLE('',(#50090));
#50110=SURFACE_STYLE_USAGE(.BOTH.,#50100);
#50120=PRESENTATION_STYLE_ASSIGNMENT((#50110));
#50130=CARTESIAN_POINT('',(-32.8500000000518,29.2499999997108,
4.52554193230043));
#50140=DIRECTION('',(0.766044443120817,3.5678868524695E-13,
0.642787609684347));
#50150=DIRECTION('',(-0.642787609684347,2.3374186980213E-13,
0.766044443120817));
#50160=AXIS2_PLACEMENT_3D('',#50130,#50140,#50150);
#50170=PLANE('',#50160);
#50180=ORIENTED_EDGE('',*,*,#47130,.T.);
#50190=ORIENTED_EDGE('',*,*,#50010,.T.);
#50200=CARTESIAN_POINT('',(-33.3739825428408,29.149999999711,
5.15000001012958));
#50210=DIRECTION('',(0.642787609684347,-2.33757457834827E-13,
-0.766044443120817));
#50220=VECTOR('',#50210,1.);
#50230=LINE('',#50200,#50220);
#50240=CARTESIAN_POINT('',(-33.050000000312,29.1499999997109,
4.76389265113083));
#50250=VERTEX_POINT('',#50240);
#50260=EDGE_CURVE('',#50250,#49940,#50230,.T.);
#50270=ORIENTED_EDGE('',*,*,#50260,.T.);
#50280=CARTESIAN_POINT('',(-33.0500000003096,9.25000000017709,
4.76389265113895));
#50290=DIRECTION('',(-1.23069611928547E-13,1.,-4.08396006638899E-13));
#50300=VECTOR('',#50290,1.);
#50310=LINE('',#50280,#50300);
#50320=EDGE_CURVE('',#50250,#47120,#50310,.T.);
#50330=ORIENTED_EDGE('',*,*,#50320,.F.);
#50340=EDGE_LOOP('',(#50330,#50270,#50190,#50180));
#50350=FACE_OUTER_BOUND('',#50340,.T.);
#50360=ADVANCED_FACE('',(#50350),#50170,.T.);
#50370=COLOUR_RGB('',0.560784339904785,0.588235318660736,
0.600000023841858);
#50380=FILL_AREA_STYLE_COLOUR('',#50370);
#50390=FILL_AREA_STYLE('',(#50380));
#50400=SURFACE_STYLE_FILL_AREA(#50390);
#50410=SURFACE_SIDE_STYLE('',(#50400));
#50420=SURFACE_STYLE_USAGE(.BOTH.,#50410);
#50430=PRESENTATION_STYLE_ASSIGNMENT((#50420));
#50440=CARTESIAN_POINT('',(-32.8500000049602,29.2499999997099,
2.17445659058879));
#50450=DIRECTION('',(0.766044443117138,-1.68235100579395E-13,
-0.642787609688732));
#50460=DIRECTION('',(0.642787609688732,3.91957113153829E-13,
0.766044443117138));
#50470=AXIS2_PLACEMENT_3D('',#50440,#50450,#50460);
#50480=PLANE('',#50470);
#50490=ORIENTED_EDGE('',*,*,#46970,.T.);
#50500=CARTESIAN_POINT('',(-33.0500000002881,9.25000000017709,
1.9361058776445));
#50510=DIRECTION('',(-1.23069611928547E-13,1.,-4.08396006638899E-13));
#50520=VECTOR('',#50510,1.);
#50530=LINE('',#50500,#50520);
#50540=CARTESIAN_POINT('',(-33.0500000002906,29.1499999997098,
1.93610587763636));
#50550=VERTEX_POINT('',#50540);
#50560=EDGE_CURVE('',#50550,#46880,#50530,.T.);
#50570=ORIENTED_EDGE('',*,*,#50560,.T.);
#50580=CARTESIAN_POINT('',(-30.353222619057,29.1499999997114,
5.15000001012958));
#50590=DIRECTION('',(-0.642787609688732,-3.92019749995143E-13,
-0.766044443117138));
#50600=VECTOR('',#50590,1.);
#50610=LINE('',#50580,#50600);
#50620=EDGE_CURVE('',#49860,#50550,#50610,.T.);
#50630=ORIENTED_EDGE('',*,*,#50620,.T.);
#50640=ORIENTED_EDGE('',*,*,#49870,.F.);
#50650=EDGE_LOOP('',(#50640,#50630,#50570,#50490));
#50660=FACE_OUTER_BOUND('',#50650,.T.);
#50670=ADVANCED_FACE('',(#50660),#50480,.T.);
#50680=COLOUR_RGB('',0.560784339904785,0.588235318660736,
0.600000023841858);
#50690=FILL_AREA_STYLE_COLOUR('',#50680);
#50700=FILL_AREA_STYLE('',(#50690));
#50710=SURFACE_STYLE_FILL_AREA(#50700);
#50720=SURFACE_SIDE_STYLE('',(#50710));
#50730=SURFACE_STYLE_USAGE(.BOTH.,#50720);
#50740=PRESENTATION_STYLE_ASSIGNMENT((#50730));
#50750=CARTESIAN_POINT('',(-33.0500000002868,29.2499999997095,
1.42499999973237));
#50760=DIRECTION('',(6.20550663018633E-11,4.08396006646536E-13,1.));
#50770=DIRECTION('',(-1.,-1.23069611903204E-13,6.20550663018633E-11));
#50780=AXIS2_PLACEMENT_3D('',#50750,#50760,#50770);
#50790=PLANE('',#50780);
#50800=CARTESIAN_POINT('',(-28.7500000037793,29.2499999997101,
1.42499999946593));
#50810=DIRECTION('',(1.23069611928547E-13,-1.,4.08396006638899E-13));
#50820=VECTOR('',#50810,1.);
#50830=LINE('',#50800,#50820);
#50840=EDGE_CURVE('',#46720,#48270,#50830,.T.);
#50850=ORIENTED_EDGE('',*,*,#50840,.F.);
#50860=ORIENTED_EDGE('',*,*,#48280,.F.);
#50870=CARTESIAN_POINT('',(-30.4000000020812,29.1499999997099,
1.42499999956797));
#50880=DIRECTION('',(1.23069611928547E-13,-1.,4.08396006638899E-13));
#50890=VECTOR('',#50880,1.);
#50900=LINE('',#50870,#50890);
#50910=EDGE_CURVE('',#48190,#49470,#50900,.T.);
#50920=ORIENTED_EDGE('',*,*,#50910,.F.);
#50930=ORIENTED_EDGE('',*,*,#49480,.T.);
#50940=CARTESIAN_POINT('',(-31.2000000019851,29.1499999997098,
1.42499999961761));
#50950=DIRECTION('',(1.23069611928547E-13,-1.,4.08396006638899E-13));
#50960=VECTOR('',#50950,1.);
#50970=LINE('',#50940,#50960);
#50980=CARTESIAN_POINT('',(-31.2000000019851,29.1499999997098,
1.42499999961761));
#50990=VERTEX_POINT('',#50980);
#51000=EDGE_CURVE('',#50990,#49390,#50970,.T.);
#51010=ORIENTED_EDGE('',*,*,#51000,.T.);
#51020=CARTESIAN_POINT('',(-33.0500000002868,29.1499999997096,
1.42499999973241));
#51030=VERTEX_POINT('',#51020);
#51040=EDGE_CURVE('',#50990,#51030,#48250,.T.);
#51050=ORIENTED_EDGE('',*,*,#51040,.F.);
#51060=CARTESIAN_POINT('',(-33.0500000002868,29.2499999997095,
1.42499999973237));
#51070=DIRECTION('',(1.23069611928547E-13,-1.,4.08396006638899E-13));
#51080=VECTOR('',#51070,1.);
#51090=LINE('',#51060,#51080);
#51100=EDGE_CURVE('',#46800,#51030,#51090,.T.);
#51110=ORIENTED_EDGE('',*,*,#51100,.T.);
#51120=ORIENTED_EDGE('',*,*,#46810,.T.);
#51130=EDGE_LOOP('',(#51120,#51110,#51050,#51010,#50930,#50920,#50860,
#50850));
#51140=FACE_OUTER_BOUND('',#51130,.T.);
#51150=ADVANCED_FACE('',(#51140),#50790,.T.);
#51160=COLOUR_RGB('',0.560784339904785,0.588235318660736,
0.600000023841858);
#51170=FILL_AREA_STYLE_COLOUR('',#51160);
#51180=FILL_AREA_STYLE('',(#51170));
#51190=SURFACE_STYLE_FILL_AREA(#51180);
#51200=SURFACE_SIDE_STYLE('',(#51190));
#51210=SURFACE_STYLE_USAGE(.BOTH.,#51200);
#51220=PRESENTATION_STYLE_ASSIGNMENT((#51210));
#51230=CARTESIAN_POINT('',(-31.2000000019808,29.1499999997113,
5.15000001012958));
#51240=DIRECTION('',(3.37118837573202E-11,-4.08396006634751E-13,-1.));
#51250=VECTOR('',#51240,1.);
#51260=LINE('',#51230,#51250);
#51270=CARTESIAN_POINT('',(-31.200000001985,29.1499999997113,
5.27499999950582));
#51280=VERTEX_POINT('',#51270);
#51290=CARTESIAN_POINT('',(-31.200000001951,29.1499999997109,
4.26651509236866));
#51300=VERTEX_POINT('',#51290);
#51310=EDGE_CURVE('',#51280,#51300,#51260,.T.);
#51320=ORIENTED_EDGE('',*,*,#51310,.T.);
#51330=CARTESIAN_POINT('',(-33.0500000003159,29.1499999997111,
5.27499999962688));
#51340=VERTEX_POINT('',#51330);
#51350=EDGE_CURVE('',#51340,#51280,#48730,.T.);
#51360=ORIENTED_EDGE('',*,*,#51350,.T.);
#51370=CARTESIAN_POINT('',(-33.0500000003149,29.1499999997111,
5.15000001012958));
#51380=DIRECTION('',(7.58568461820637E-12,-4.08396006637965E-13,-1.));
#51390=VECTOR('',#51380,1.);
#51400=LINE('',#51370,#51390);
#51410=EDGE_CURVE('',#51340,#50250,#51400,.T.);
#51420=ORIENTED_EDGE('',*,*,#51410,.F.);
#51430=ORIENTED_EDGE('',*,*,#50260,.F.);
#51440=ORIENTED_EDGE('',*,*,#49950,.F.);
#51450=ORIENTED_EDGE('',*,*,#50620,.F.);
#51460=CARTESIAN_POINT('',(-33.0500000003147,29.1499999997111,
5.15000001012958));
#51470=DIRECTION('',(7.49204716503486E-12,-4.08396006637977E-13,-1.));
#51480=VECTOR('',#51470,1.);
#51490=LINE('',#51460,#51480);
#51500=EDGE_CURVE('',#50550,#51030,#51490,.T.);
#51510=ORIENTED_EDGE('',*,*,#51500,.F.);
#51520=ORIENTED_EDGE('',*,*,#51040,.T.);
#51530=CARTESIAN_POINT('',(-31.2000000019609,29.1499999997113,
5.15000001012958));
#51540=DIRECTION('',(-6.48643660024448E-12,-4.08396006639697E-13,-1.));
#51550=VECTOR('',#51540,1.);
#51560=LINE('',#51530,#51550);
#51570=CARTESIAN_POINT('',(-31.2000000019786,29.1499999997102,
2.43348481434552));
#51580=VERTEX_POINT('',#51570);
#51590=EDGE_CURVE('',#51580,#50990,#51560,.T.);
#51600=ORIENTED_EDGE('',*,*,#51590,.T.);
#51610=CARTESIAN_POINT('',(-30.8000000020115,29.1499999997106,
3.34999995335107));
#51620=DIRECTION('',(1.23069611928547E-13,-1.,4.08396006638899E-13));
#51630=DIRECTION('',(-4.04877502548692E-11,-4.08396006643882E-13,-1.));
#51640=AXIS2_PLACEMENT_3D('',#51610,#51620,#51630);
#51650=CIRCLE('',#51640,1.);
#51660=EDGE_CURVE('',#51300,#51580,#51650,.T.);
#51670=ORIENTED_EDGE('',*,*,#51660,.T.);
#51680=EDGE_LOOP('',(#51670,#51600,#51520,#51510,#51450,#51440,#51430,
#51420,#51360,#51320));
#51690=FACE_OUTER_BOUND('',#51680,.T.);
#51700=ADVANCED_FACE('',(#51690),#48020,.T.);
#51710=COLOUR_RGB('',0.980392217636108,0.517647087574005,
0.168627455830574);
#51720=FILL_AREA_STYLE_COLOUR('',#51710);
#51730=FILL_AREA_STYLE('',(#51720));
#51740=SURFACE_STYLE_FILL_AREA(#51730);
#51750=SURFACE_SIDE_STYLE('',(#51740));
#51760=SURFACE_STYLE_USAGE(.BOTH.,#51750);
#51770=PRESENTATION_STYLE_ASSIGNMENT((#51760));
#51780=CARTESIAN_POINT('',(-33.050000000289,29.2499999997097,
1.7177237274138));
#51790=DIRECTION('',(1.,1.23069611931607E-13,7.49204716503481E-12));
#51800=DIRECTION('',(-7.49204716503486E-12,4.08396006637977E-13,1.));
#51810=AXIS2_PLACEMENT_3D('',#51780,#51790,#51800);
#51820=PLANE('',#51810);
#51830=ORIENTED_EDGE('',*,*,#46890,.T.);
#51840=ORIENTED_EDGE('',*,*,#51100,.F.);
#51850=ORIENTED_EDGE('',*,*,#51500,.T.);
#51860=ORIENTED_EDGE('',*,*,#50560,.F.);
#51870=EDGE_LOOP('',(#51860,#51850,#51840,#51830));
#51880=FACE_OUTER_BOUND('',#51870,.T.);
#51890=ADVANCED_FACE('',(#51880),#51820,.T.);
#51900=COLOUR_RGB('',0.560784339904785,0.588235318660736,
0.600000023841858);
#51910=FILL_AREA_STYLE_COLOUR('',#51900);
#51920=FILL_AREA_STYLE('',(#51910));
#51930=SURFACE_STYLE_FILL_AREA(#51920);
#51940=SURFACE_SIDE_STYLE('',(#51930));
#51950=SURFACE_STYLE_USAGE(.BOTH.,#51940);
#51960=PRESENTATION_STYLE_ASSIGNMENT((#51950));
#51970=CARTESIAN_POINT('',(-33.0500000003145,29.249999999711,
5.08723910352872));
#51980=DIRECTION('',(1.,1.23069611931645E-13,7.58568461820632E-12));
#51990=DIRECTION('',(-7.58568461820637E-12,4.08396006637965E-13,1.));
#52000=AXIS2_PLACEMENT_3D('',#51970,#51980,#51990);
#52010=PLANE('',#52000);
#52020=ORIENTED_EDGE('',*,*,#50320,.T.);
#52030=ORIENTED_EDGE('',*,*,#51410,.T.);
#52040=CARTESIAN_POINT('',(-33.0500000003159,29.2499999997111,
5.27499999962684));
#52050=DIRECTION('',(1.23069611928547E-13,-1.,4.08396006638899E-13));
#52060=VECTOR('',#52050,1.);
#52070=LINE('',#52040,#52060);
#52080=EDGE_CURVE('',#47200,#51340,#52070,.T.);
#52090=ORIENTED_EDGE('',*,*,#52080,.T.);
#52100=ORIENTED_EDGE('',*,*,#47210,.T.);
#52110=EDGE_LOOP('',(#52100,#52090,#52030,#52020));
#52120=FACE_OUTER_BOUND('',#52110,.T.);
#52130=ADVANCED_FACE('',(#52120),#52010,.T.);
#52140=COLOUR_RGB('',0.560784339904785,0.588235318660736,
0.600000023841858);
#52150=FILL_AREA_STYLE_COLOUR('',#52140);
#52160=FILL_AREA_STYLE('',(#52150));
#52170=SURFACE_STYLE_FILL_AREA(#52160);
#52180=SURFACE_SIDE_STYLE('',(#52170));
#52190=SURFACE_STYLE_USAGE(.BOTH.,#52180);
#52200=PRESENTATION_STYLE_ASSIGNMENT((#52190));
#52210=CARTESIAN_POINT('',(-31.2000000019797,29.1499999997101,
2.25455483832237));
#52220=DIRECTION('',(1.,1.23069611925898E-13,-6.48643660024453E-12));
#52230=DIRECTION('',(6.48643660024448E-12,4.08396006639697E-13,1.));
#52240=AXIS2_PLACEMENT_3D('',#52210,#52220,#52230);
#52250=PLANE('',#52240);
#52260=ORIENTED_EDGE('',*,*,#51590,.F.);
#52270=ORIENTED_EDGE('',*,*,#51000,.F.);
#52280=ORIENTED_EDGE('',*,*,#49400,.F.);
#52290=CARTESIAN_POINT('',(-31.2000000019786,29.1499999997102,
2.43348481434553));
#52300=DIRECTION('',(-1.23069611928547E-13,1.,-4.08396006638899E-13));
#52310=VECTOR('',#52300,1.);
#52320=LINE('',#52290,#52310);
#52330=EDGE_CURVE('',#49310,#51580,#52320,.T.);
#52340=ORIENTED_EDGE('',*,*,#52330,.F.);
#52350=EDGE_LOOP('',(#52340,#52280,#52270,#52260));
#52360=FACE_OUTER_BOUND('',#52350,.T.);
#52370=ADVANCED_FACE('',(#52360),#52250,.T.);
#52380=COLOUR_RGB('',0.980392217636108,0.517647087574005,
0.168627455830574);
#52390=FILL_AREA_STYLE_COLOUR('',#52380);
#52400=FILL_AREA_STYLE('',(#52390));
#52410=SURFACE_STYLE_FILL_AREA(#52400);
#52420=SURFACE_SIDE_STYLE('',(#52410));
#52430=SURFACE_STYLE_USAGE(.BOTH.,#52420);
#52440=PRESENTATION_STYLE_ASSIGNMENT((#52430));
#52450=CARTESIAN_POINT('',(-28.7500000035805,29.2499999997113,
4.48659693307038));
#52460=DIRECTION('',(-1.,-1.23069611902159E-13,6.46138767349213E-11));
#52470=DIRECTION('',(-6.46138767349212E-11,-4.08396006646851E-13,-1.));
#52480=AXIS2_PLACEMENT_3D('',#52450,#52460,#52470);
#52490=PLANE('',#52480);
#52500=ORIENTED_EDGE('',*,*,#47370,.T.);
#52510=CARTESIAN_POINT('',(-28.7500000003788,29.2499999997116,
5.27499999934546));
#52520=DIRECTION('',(1.23069611928547E-13,-1.,4.08396006638899E-13));
#52530=VECTOR('',#52520,1.);
#52540=LINE('',#52510,#52530);
#52550=EDGE_CURVE('',#47280,#48670,#52540,.T.);
#52560=ORIENTED_EDGE('',*,*,#52550,.F.);
#52570=ORIENTED_EDGE('',*,*,#48680,.T.);
#52580=CARTESIAN_POINT('',(-28.7500000035834,9.25000000017709,
4.40375422064124));
#52590=DIRECTION('',(-1.23069611928547E-13,1.,-4.08396006638899E-13));
#52600=VECTOR('',#52590,1.);
#52610=LINE('',#52580,#52600);
#52620=EDGE_CURVE('',#48590,#47360,#52610,.T.);
#52630=ORIENTED_EDGE('',*,*,#52620,.F.);
#52640=EDGE_LOOP('',(#52630,#52570,#52560,#52500));
#52650=FACE_OUTER_BOUND('',#52640,.T.);
#52660=ADVANCED_FACE('',(#52650),#52490,.T.);
#52670=COLOUR_RGB('',0.560784339904785,0.588235318660736,
0.600000023841858);
#52680=FILL_AREA_STYLE_COLOUR('',#52670);
#52690=FILL_AREA_STYLE('',(#52680));
#52700=SURFACE_STYLE_FILL_AREA(#52690);
#52710=SURFACE_SIDE_STYLE('',(#52700));
#52720=SURFACE_STYLE_USAGE(.BOTH.,#52710);
#52730=PRESENTATION_STYLE_ASSIGNMENT((#52720));
#52740=CARTESIAN_POINT('',(-28.8499999889531,29.2499999997112,
4.30375423526589));
#52750=DIRECTION('',(-0.7071067811862,2.01756228551384E-13,
0.707106781186895));
#52760=DIRECTION('',(-0.707106781186895,-3.75802942856445E-13,
-0.7071067811862));
#52770=AXIS2_PLACEMENT_3D('',#52740,#52750,#52760);
#52780=PLANE('',#52770);
#52790=ORIENTED_EDGE('',*,*,#47450,.T.);
#52800=ORIENTED_EDGE('',*,*,#52620,.T.);
#52810=ORIENTED_EDGE('',*,*,#48600,.T.);
#52820=CARTESIAN_POINT('',(-29.1500000005966,9.25000000017709,
4.00375422362846));
#52830=DIRECTION('',(-1.23069611928547E-13,1.,-4.08396006638899E-13));
#52840=VECTOR('',#52830,1.);
#52850=LINE('',#52820,#52840);
#52860=EDGE_CURVE('',#48510,#47440,#52850,.T.);
#52870=ORIENTED_EDGE('',*,*,#52860,.F.);
#52880=EDGE_LOOP('',(#52870,#52810,#52800,#52790));
#52890=FACE_OUTER_BOUND('',#52880,.T.);
#52900=ADVANCED_FACE('',(#52890),#52780,.T.);
#52910=COLOUR_RGB('',0.560784339904785,0.588235318660736,
0.600000023841858);
#52920=FILL_AREA_STYLE_COLOUR('',#52910);
#52930=FILL_AREA_STYLE('',(#52920));
#52940=SURFACE_STYLE_FILL_AREA(#52930);
#52950=SURFACE_SIDE_STYLE('',(#52940));
#52960=SURFACE_STYLE_USAGE(.BOTH.,#52950);
#52970=PRESENTATION_STYLE_ASSIGNMENT((#52960));
#52980=CARTESIAN_POINT('',(-29.1500000006823,29.2499999997106,
2.76675413925472));
#52990=DIRECTION('',(-1.,-1.23069611901068E-13,6.72842083046081E-11));
#53000=DIRECTION('',(-6.7284208304608E-11,-4.08396006647179E-13,-1.));
#53010=AXIS2_PLACEMENT_3D('',#52980,#52990,#53000);
#53020=PLANE('',#53010);
#53030=ORIENTED_EDGE('',*,*,#47530,.T.);
#53040=ORIENTED_EDGE('',*,*,#52860,.T.);
#53050=ORIENTED_EDGE('',*,*,#48520,.F.);
#53060=CARTESIAN_POINT('',(-29.1500000006882,9.25000000017709,
2.64249007053922));
#53070=DIRECTION('',(-1.23069611928547E-13,1.,-4.08396006638899E-13));
#53080=VECTOR('',#53070,1.);
#53090=LINE('',#53060,#53080);
#53100=EDGE_CURVE('',#48430,#47520,#53090,.T.);
#53110=ORIENTED_EDGE('',*,*,#53100,.F.);
#53120=EDGE_LOOP('',(#53110,#53050,#53040,#53030));
#53130=FACE_OUTER_BOUND('',#53120,.T.);
#53140=ADVANCED_FACE('',(#53130),#53020,.T.);
#53150=COLOUR_RGB('',0.560784339904785,0.588235318660736,
0.600000023841858);
#53160=FILL_AREA_STYLE_COLOUR('',#53150);
#53170=FILL_AREA_STYLE('',(#53160));
#53180=SURFACE_STYLE_FILL_AREA(#53170);
#53190=SURFACE_SIDE_STYLE('',(#53180));
#53200=SURFACE_STYLE_USAGE(.BOTH.,#53190);
#53210=PRESENTATION_STYLE_ASSIGNMENT((#53200));
#53220=CARTESIAN_POINT('',(-30.4000000019642,29.1499999997111,
4.44544506834416));
#53230=DIRECTION('',(-1.,-1.23069611986046E-13,-1.40791592140884E-10));
#53240=DIRECTION('',(1.40791592140884E-10,-4.08396006621572E-13,-1.));
#53250=AXIS2_PLACEMENT_3D('',#53220,#53230,#53240);
#53260=PLANE('',#53250);
#53270=ORIENTED_EDGE('',*,*,#48820,.F.);
#53280=CARTESIAN_POINT('',(-30.400000002081,29.1499999997114,
5.27499999945347));
#53290=DIRECTION('',(1.23069611928547E-13,-1.,4.08396006638899E-13));
#53300=VECTOR('',#53290,1.);
#53310=LINE('',#53280,#53300);
#53320=EDGE_CURVE('',#48750,#49040,#53310,.T.);
#53330=ORIENTED_EDGE('',*,*,#53320,.F.);
#53340=ORIENTED_EDGE('',*,*,#49070,.F.);
#53350=CARTESIAN_POINT('',(-30.400000001939,29.149999999711,
4.26651509231062));
#53360=DIRECTION('',(-1.23069611928547E-13,1.,-4.08396006638899E-13));
#53370=VECTOR('',#53360,1.);
#53380=LINE('',#53350,#53370);
#53390=EDGE_CURVE('',#49060,#48110,#53380,.T.);
#53400=ORIENTED_EDGE('',*,*,#53390,.F.);
#53410=EDGE_LOOP('',(#53400,#53340,#53330,#53270));
#53420=FACE_OUTER_BOUND('',#53410,.T.);
#53430=ADVANCED_FACE('',(#53420),#53260,.T.);
#53440=COLOUR_RGB('',0.980392217636108,0.517647087574005,
0.168627455830574);
#53450=FILL_AREA_STYLE_COLOUR('',#53440);
#53460=FILL_AREA_STYLE('',(#53450));
#53470=SURFACE_STYLE_FILL_AREA(#53460);
#53480=SURFACE_SIDE_STYLE('',(#53470));
#53490=SURFACE_STYLE_USAGE(.BOTH.,#53480);
#53500=PRESENTATION_STYLE_ASSIGNMENT((#53490));
#53510=CARTESIAN_POINT('',(-31.200000001985,29.1499999997113,
5.27499999950582));
#53520=DIRECTION('',(1.,1.23069611942315E-13,3.37118837573201E-11));
#53530=DIRECTION('',(-3.37118837573202E-11,4.0839600663475E-13,1.));
#53540=AXIS2_PLACEMENT_3D('',#53510,#53520,#53530);
#53550=PLANE('',#53540);
#53560=CARTESIAN_POINT('',(-31.200000001951,29.1499999997109,
4.26651509236866));
#53570=DIRECTION('',(-1.23069611928547E-13,1.,-4.08396006638899E-13));
#53580=VECTOR('',#53570,1.);
#53590=LINE('',#53560,#53580);
#53600=EDGE_CURVE('',#49220,#51300,#53590,.T.);
#53610=ORIENTED_EDGE('',*,*,#53600,.T.);
#53620=ORIENTED_EDGE('',*,*,#49230,.F.);
#53630=CARTESIAN_POINT('',(-31.200000001985,29.1499999997113,
5.27499999950582));
#53640=DIRECTION('',(1.23069611928547E-13,-1.,4.08396006638899E-13));
#53650=VECTOR('',#53640,1.);
#53660=LINE('',#53630,#53650);
#53670=EDGE_CURVE('',#51280,#49140,#53660,.T.);
#53680=ORIENTED_EDGE('',*,*,#53670,.T.);
#53690=ORIENTED_EDGE('',*,*,#51310,.F.);
#53700=EDGE_LOOP('',(#53690,#53680,#53620,#53610));
#53710=FACE_OUTER_BOUND('',#53700,.T.);
#53720=ADVANCED_FACE('',(#53710),#53550,.T.);
#53730=COLOUR_RGB('',0.980392217636108,0.517647087574005,
0.168627455830574);
#53740=FILL_AREA_STYLE_COLOUR('',#53730);
#53750=FILL_AREA_STYLE('',(#53740));
#53760=SURFACE_STYLE_FILL_AREA(#53750);
#53770=SURFACE_SIDE_STYLE('',(#53760));
#53780=SURFACE_STYLE_USAGE(.BOTH.,#53770);
#53790=PRESENTATION_STYLE_ASSIGNMENT((#53780));
#53800=CARTESIAN_POINT('',(-30.7598076218309,29.2499999997114,
5.27499999947698));
#53810=DIRECTION('',(-6.54359382733309E-11,-4.08396006646952E-13,-1.));
#53820=DIRECTION('',(1.,1.23069611901823E-13,-6.5435938273331E-11));
#53830=AXIS2_PLACEMENT_3D('',#53800,#53810,#53820);
#53840=PLANE('',#53830);
#53850=ORIENTED_EDGE('',*,*,#52080,.F.);
#53860=ORIENTED_EDGE('',*,*,#51350,.F.);
#53870=ORIENTED_EDGE('',*,*,#53670,.F.);
#53880=ORIENTED_EDGE('',*,*,#49150,.F.);
#53890=ORIENTED_EDGE('',*,*,#53320,.T.);
#53900=ORIENTED_EDGE('',*,*,#48760,.F.);
#53910=ORIENTED_EDGE('',*,*,#52550,.T.);
#53920=ORIENTED_EDGE('',*,*,#47290,.T.);
#53930=EDGE_LOOP('',(#53920,#53910,#53900,#53890,#53880,#53870,#53860,
#53850));
#53940=FACE_OUTER_BOUND('',#53930,.T.);
#53950=ADVANCED_FACE('',(#53940),#53840,.T.);
#53960=COLOUR_RGB('',0.560784339904785,0.588235318660736,
0.600000023841858);
#53970=FILL_AREA_STYLE_COLOUR('',#53960);
#53980=FILL_AREA_STYLE('',(#53970));
#53990=SURFACE_STYLE_FILL_AREA(#53980);
#54000=SURFACE_SIDE_STYLE('',(#53990));
#54010=SURFACE_STYLE_USAGE(.BOTH.,#54000);
#54020=PRESENTATION_STYLE_ASSIGNMENT((#54010));
#54030=CARTESIAN_POINT('',(-30.8000000020115,29.1499999997106,
3.34999995335107));
#54040=DIRECTION('',(1.23069611928547E-13,-1.,4.08396006638899E-13));
#54050=DIRECTION('',(-4.04877502548692E-11,-4.08396006643882E-13,-1.));
#54060=AXIS2_PLACEMENT_3D('',#54030,#54040,#54050);
#54070=CYLINDRICAL_SURFACE('',#54060,1.);
#54080=ORIENTED_EDGE('',*,*,#51660,.F.);
#54090=ORIENTED_EDGE('',*,*,#52330,.T.);
#54100=ORIENTED_EDGE('',*,*,#49320,.T.);
#54110=ORIENTED_EDGE('',*,*,#53600,.F.);
#54120=EDGE_LOOP('',(#54110,#54100,#54090,#54080));
#54130=FACE_OUTER_BOUND('',#54120,.T.);
#54140=ADVANCED_FACE('',(#54130),#54070,.F.);
#54150=COLOUR_RGB('',0.980392217636108,0.517647087574005,
0.168627455830574);
#54160=FILL_AREA_STYLE_COLOUR('',#54150);
#54170=FILL_AREA_STYLE('',(#54160));
#54180=SURFACE_STYLE_FILL_AREA(#54170);
#54190=SURFACE_SIDE_STYLE('',(#54180));
#54200=SURFACE_STYLE_USAGE(.BOTH.,#54190);
#54210=PRESENTATION_STYLE_ASSIGNMENT((#54200));
#54220=CARTESIAN_POINT('',(-30.4000000020812,29.1499999997099,
1.42499999956797));
#54230=DIRECTION('',(-1.,-1.23069611917541E-13,2.69506632330233E-11));
#54240=DIRECTION('',(-2.69506632330232E-11,-4.08396006642216E-13,-1.));
#54250=AXIS2_PLACEMENT_3D('',#54220,#54230,#54240);
#54260=PLANE('',#54250);
#54270=CARTESIAN_POINT('',(-30.400000002054,29.1499999997103,
2.43348481434137));
#54280=DIRECTION('',(-1.23069611928547E-13,1.,-4.08396006638899E-13));
#54290=VECTOR('',#54280,1.);
#54300=LINE('',#54270,#54290);
#54310=EDGE_CURVE('',#49550,#48090,#54300,.T.);
#54320=ORIENTED_EDGE('',*,*,#54310,.T.);
#54330=ORIENTED_EDGE('',*,*,#49560,.T.);
#54340=ORIENTED_EDGE('',*,*,#50910,.T.);
#54350=ORIENTED_EDGE('',*,*,#48200,.F.);
#54360=EDGE_LOOP('',(#54350,#54340,#54330,#54320));
#54370=FACE_OUTER_BOUND('',#54360,.T.);
#54380=ADVANCED_FACE('',(#54370),#54260,.T.);
#54390=COLOUR_RGB('',0.980392217636108,0.517647087574005,
0.168627455830574);
#54400=FILL_AREA_STYLE_COLOUR('',#54390);
#54410=FILL_AREA_STYLE('',(#54400));
#54420=SURFACE_STYLE_FILL_AREA(#54410);
#54430=SURFACE_SIDE_STYLE('',(#54420));
#54440=SURFACE_STYLE_USAGE(.BOTH.,#54430);
#54450=PRESENTATION_STYLE_ASSIGNMENT((#54440));
#54460=CARTESIAN_POINT('',(-30.8000000020115,29.1499999997106,
3.34999995335107));
#54470=DIRECTION('',(1.23069611928547E-13,-1.,4.08396006638899E-13));
#54480=DIRECTION('',(-4.04877502548692E-11,-4.08396006643882E-13,-1.));
#54490=AXIS2_PLACEMENT_3D('',#54460,#54470,#54480);
#54500=CYLINDRICAL_SURFACE('',#54490,1.);
#54510=ORIENTED_EDGE('',*,*,#53390,.T.);
#54520=ORIENTED_EDGE('',*,*,#49630,.T.);
#54530=ORIENTED_EDGE('',*,*,#54310,.F.);
#54540=ORIENTED_EDGE('',*,*,#48120,.F.);
#54550=EDGE_LOOP('',(#54540,#54530,#54520,#54510));
#54560=FACE_OUTER_BOUND('',#54550,.T.);
#54570=ADVANCED_FACE('',(#54560),#54500,.F.);
#54580=COLOUR_RGB('',0.980392217636108,0.517647087574005,
0.168627455830574);
#54590=FILL_AREA_STYLE_COLOUR('',#54580);
#54600=FILL_AREA_STYLE('',(#54590));
#54610=SURFACE_STYLE_FILL_AREA(#54600);
#54620=SURFACE_SIDE_STYLE('',(#54610));
#54630=SURFACE_STYLE_USAGE(.BOTH.,#54620);
#54640=PRESENTATION_STYLE_ASSIGNMENT((#54630));
#54650=CARTESIAN_POINT('',(-28.7500000037793,29.2499999997101,
1.42499999946593));
#54660=DIRECTION('',(-1.,-1.23069611902159E-13,6.46138767349213E-11));
#54670=DIRECTION('',(-6.46138767349212E-11,-4.08396006646851E-13,-1.));
#54680=AXIS2_PLACEMENT_3D('',#54650,#54660,#54670);
#54690=PLANE('',#54680);
#54700=CARTESIAN_POINT('',(-28.750000003724,9.25000000017709,
2.24249007357479));
#54710=DIRECTION('',(-1.23069611928547E-13,1.,-4.08396006638899E-13));
#54720=VECTOR('',#54710,1.);
#54730=LINE('',#54700,#54720);
#54740=EDGE_CURVE('',#48350,#46700,#54730,.T.);
#54750=ORIENTED_EDGE('',*,*,#54740,.T.);
#54760=ORIENTED_EDGE('',*,*,#48360,.F.);
#54770=ORIENTED_EDGE('',*,*,#50840,.T.);
#54780=ORIENTED_EDGE('',*,*,#46730,.T.);
#54790=EDGE_LOOP('',(#54780,#54770,#54760,#54750));
#54800=FACE_OUTER_BOUND('',#54790,.T.);
#54810=ADVANCED_FACE('',(#54800),#54690,.T.);
#54820=COLOUR_RGB('',0.560784339904785,0.588235318660736,
0.600000023841858);
#54830=FILL_AREA_STYLE_COLOUR('',#54820);
#54840=FILL_AREA_STYLE('',(#54830));
#54850=SURFACE_STYLE_FILL_AREA(#54840);
#54860=SURFACE_SIDE_STYLE('',(#54850));
#54870=SURFACE_STYLE_USAGE(.BOTH.,#54860);
#54880=PRESENTATION_STYLE_ASSIGNMENT((#54870));
#54890=CARTESIAN_POINT('',(-28.8499999890813,29.2499999997104,
2.34249005892148));
#54900=DIRECTION('',(-0.707106781186819,-3.75802942856467E-13,
-0.707106781186276));
#54910=DIRECTION('',(0.707106781186276,-2.01756228551343E-13,
-0.707106781186819));
#54920=AXIS2_PLACEMENT_3D('',#54890,#54900,#54910);
#54930=PLANE('',#54920);
#54940=ORIENTED_EDGE('',*,*,#47590,.T.);
#54950=ORIENTED_EDGE('',*,*,#53100,.T.);
#54960=ORIENTED_EDGE('',*,*,#48440,.T.);
#54970=ORIENTED_EDGE('',*,*,#54740,.F.);
#54980=EDGE_LOOP('',(#54970,#54960,#54950,#54940));
#54990=FACE_OUTER_BOUND('',#54980,.T.);
#55000=ADVANCED_FACE('',(#54990),#54930,.T.);
#55010=COLOUR_RGB('',0.560784339904785,0.588235318660736,
0.600000023841858);
#55020=FILL_AREA_STYLE_COLOUR('',#55010);
#55030=FILL_AREA_STYLE('',(#55020));
#55040=SURFACE_STYLE_FILL_AREA(#55030);
#55050=SURFACE_SIDE_STYLE('',(#55040));
#55060=SURFACE_STYLE_USAGE(.BOTH.,#55050);
#55070=PRESENTATION_STYLE_ASSIGNMENT((#55060));
#55080=CARTESIAN_POINT('',(-27.7000000002408,29.2499999997109,
3.2000000115485));
#55090=DIRECTION('',(-1.23069611928547E-13,1.,-4.08396006638899E-13));
#55100=DIRECTION('',(7.19441145561563E-28,-4.08396006638899E-13,-1.));
#55110=AXIS2_PLACEMENT_3D('',#55080,#55090,#55100);
#55120=CYLINDRICAL_SURFACE('',#55110,1.05);
#55130=CARTESIAN_POINT('',(-27.7000000002408,29.2499999997114,
4.2500000115485));
#55140=DIRECTION('',(-1.23069611928547E-13,1.,-4.08396006638899E-13));
#55150=VECTOR('',#55140,1.);
#55160=LINE('',#55130,#55150);
#55170=CARTESIAN_POINT('',(-27.70000000024,21.935376677801,
4.25000001155148));
#55180=VERTEX_POINT('',#55170);
#55190=EDGE_CURVE('',#55180,#47710,#55160,.T.);
#55200=ORIENTED_EDGE('',*,*,#55190,.T.);
#55210=CARTESIAN_POINT('',(-27.7000000002408,29.2499999997109,
3.2000000115485));
#55220=DIRECTION('',(-1.23069611928547E-13,1.,-4.08396006638899E-13));
#55230=DIRECTION('',(7.19441145561563E-28,-4.08396006638899E-13,-1.));
#55240=AXIS2_PLACEMENT_3D('',#55210,#55220,#55230);
#55250=CYLINDRICAL_SURFACE('',#55240,1.05);
#55260=CARTESIAN_POINT('',(-29.1279095060162,20.7032930356684,
1.24300042632111));
#55270=DIRECTION('',(-2.13034578493193E-12,-1.91265641701048E-12,-1.));
#55280=DIRECTION('',(-0.885798939780028,0.464069217126689,
9.99453071583165E-13));
#55290=AXIS2_PLACEMENT_3D('',#55260,#55270,#55280);
#55300=CYLINDRICAL_SURFACE('',#55290,1.88598930481179);
#55310=CARTESIAN_POINT('',(-27.3228978290522,21.2499999991477,
4.17994590418338));
#55320=CARTESIAN_POINT('',(-27.3324438575675,21.2815172361503,
4.18361940096151));
#55330=CARTESIAN_POINT('',(-27.3428060383147,21.3127518835238,
4.1874472230907));
#55340=CARTESIAN_POINT('',(-27.3539580880062,21.3436460823811,
4.19134001123783));
#55350=CARTESIAN_POINT('',(-27.365110166216,21.374540360242,
4.1952328093397));
#55360=CARTESIAN_POINT('',(-27.3770519307068,21.4050938117191,
4.19919032461414));
#55370=CARTESIAN_POINT('',(-27.3897526130357,21.435253603786,
4.20311842865555));
#55380=CARTESIAN_POINT('',(-27.402458827491,21.4654265327679,
4.20704824368914));
#55390=CARTESIAN_POINT('',(-27.415897910803,21.4951499518977,
4.21094130981303));
#55400=CARTESIAN_POINT('',(-27.4301111038006,21.5245337088753,
4.21472164016649));
#55410=CARTESIAN_POINT('',(-27.4443331808318,21.5539358323305,
4.21850433343605));
#55420=CARTESIAN_POINT('',(-27.459357298699,21.5830461256693,
4.22218044862977));
#55430=CARTESIAN_POINT('',(-27.4751608912263,21.6117960209173,
4.22564486970574));
#55440=CARTESIAN_POINT('',(-27.4909644486375,21.6405458522818,
4.22910928308363));
#55450=CARTESIAN_POINT('',(-27.5075472304468,21.6689347935759,
4.23236182280768));
#55460=CARTESIAN_POINT('',(-27.5248788007163,21.6968966869107,
4.23529347983845));
#55470=CARTESIAN_POINT('',(-27.5422103622579,21.7248585661644,
4.23822513539287));
#55480=CARTESIAN_POINT('',(-27.5602904185716,21.7523929223037,
4.24083577184523));
#55490=CARTESIAN_POINT('',(-27.5790814101273,21.7794376297086,
4.24301424662469));
#55500=CARTESIAN_POINT('',(-27.5978724205437,21.8064823642584,
4.2451927235907));
#55510=CARTESIAN_POINT('',(-27.6173740277713,21.8330369910989,
4.24693896131546));
#55520=CARTESIAN_POINT('',(-27.6375426045017,21.8590448069268,
4.24814078154265));
#55530=CARTESIAN_POINT('',(-27.6577112296095,21.8850526851384,
4.24934260465258));
#55540=CARTESIAN_POINT('',(-27.6785464590429,21.9105133370664,
4.25000001155149));
#55550=CARTESIAN_POINT('',(-27.70000000024,21.935376677801,
4.25000001155148));
#55560=B_SPLINE_CURVE_WITH_KNOTS('',3,(#55310,#55320,#55330,#55340,
#55350,#55360,#55370,#55380,#55390,#55400,#55410,#55420,#55430,#55440,
#55450,#55460,#55470,#55480,#55490,#55500,#55510,#55520,#55530,#55540,
#55550),.UNSPECIFIED.,.F.,.F.,(4,3,3,3,3,3,3,3,4),(0.,0.0993298251619943
,0.198396026115197,0.297070002176697,0.395891934875848,0.494934952083664
,0.593996523318432,0.692911828888584,0.791574059445272),.UNSPECIFIED.);
#55570=SURFACE_CURVE('',#55560,(#55250,#55300),.CURVE_3D.);
#55580=CARTESIAN_POINT('',(-27.3228978290522,21.2499999991473,
4.17994590418336));
#55590=VERTEX_POINT('',#55580);
#55600=EDGE_CURVE('',#55590,#55180,#55570,.T.);
#55610=ORIENTED_EDGE('',*,*,#55600,.T.);
#55620=CARTESIAN_POINT('',(-27.7000000002399,21.2499999991469,
3.20000001155176));
#55630=DIRECTION('',(-1.23069611928547E-13,1.,-4.08396006638899E-13));
#55640=DIRECTION('',(7.19441145561563E-28,-4.08396006638899E-13,-1.));
#55650=AXIS2_PLACEMENT_3D('',#55620,#55630,#55640);
#55660=CIRCLE('',#55650,1.05);
#55670=CARTESIAN_POINT('',(-27.3228978290572,21.2499999991465,
2.22005411891825));
#55680=VERTEX_POINT('',#55670);
#55690=EDGE_CURVE('',#55590,#55680,#55660,.T.);
#55700=ORIENTED_EDGE('',*,*,#55690,.F.);
#55710=CARTESIAN_POINT('',(-27.7000000002399,21.9353766777918,
2.15000001155148));
#55720=CARTESIAN_POINT('',(-27.6784685880604,21.9104230893561,
2.15000001155149));
#55730=CARTESIAN_POINT('',(-27.6576352540987,21.8849555601209,
2.15066159374248));
#55740=CARTESIAN_POINT('',(-27.6375243159478,21.859021223046,
2.15186033151253));
#55750=CARTESIAN_POINT('',(-27.6173979171977,21.8330669485426,
2.15305999083104));
#55760=CARTESIAN_POINT('',(-27.5979287590415,21.8065594447629,
2.15480213139161));
#55770=CARTESIAN_POINT('',(-27.5791560036376,21.7795449795664,
2.1569771314165));
#55780=CARTESIAN_POINT('',(-27.5603832849953,21.7525305672708,
2.15915212718221));
#55790=CARTESIAN_POINT('',(-27.5423072123133,21.7250094934725,
2.16175996491988));
#55800=CARTESIAN_POINT('',(-27.5249632948933,21.6970329926596,
2.16469225451434));
#55810=CARTESIAN_POINT('',(-27.5076193957306,21.6690565212967,
2.16762454102208));
#55820=CARTESIAN_POINT('',(-27.491007881399,21.6406249590062,
2.1708811985876));
#55830=CARTESIAN_POINT('',(-27.4751596426883,21.6117937495613,
2.17435542709942));
#55840=CARTESIAN_POINT('',(-27.4593114038871,21.5829625399518,
2.17782965563106));
#55850=CARTESIAN_POINT('',(-27.4442266477964,21.5537320435186,
2.18152132281284));
#55860=CARTESIAN_POINT('',(-27.4299308753564,21.5241610078155,
2.18532633603589));
#55870=CARTESIAN_POINT('',(-27.415635084128,21.4945899332483,
2.18913135425973));
#55880=CARTESIAN_POINT('',(-27.4021284637986,21.4646787148158,
2.19304954407787));
#55890=CARTESIAN_POINT('',(-27.3894305225088,21.4344882775684,
2.19698126820647));
#55900=CARTESIAN_POINT('',(-27.3767325421236,21.4042977473686,
2.20091300444034));
#55910=CARTESIAN_POINT('',(-27.3648434120949,21.373828457216,
2.204858068609));
#55920=CARTESIAN_POINT('',(-27.353776189172,21.3431419490387,
2.208723525069));
#55930=CARTESIAN_POINT('',(-27.3427111531443,21.3124615045482,
2.21258821771066));
#55940=CARTESIAN_POINT('',(-27.3324071873298,21.2813961654097,
2.2163947335602));
#55950=CARTESIAN_POINT('',(-27.3228978290572,21.2499999991467,
2.22005411891825));
#55960=B_SPLINE_CURVE_WITH_KNOTS('',3,(#55710,#55720,#55730,#55740,
#55750,#55760,#55770,#55780,#55790,#55800,#55810,#55820,#55830,#55840,
#55850,#55860,#55870,#55880,#55890,#55900,#55910,#55920,#55930,#55940,
#55950),.UNSPECIFIED.,.F.,.F.,(4,3,3,3,3,3,3,3,4),(0.,0.0986920945475338
,0.197446528800365,0.296478102114756,0.395684730868464,0.494920816012672
,0.594014335500004,0.692783930037193,0.791574059443248),.UNSPECIFIED.);
#55970=SURFACE_CURVE('',#55960,(#55250,#55300),.CURVE_3D.);
#55980=CARTESIAN_POINT('',(-27.70000000024,21.9353766777918,
2.15000001155148));
#55990=VERTEX_POINT('',#55980);
#56000=EDGE_CURVE('',#55990,#55680,#55970,.T.);
#56010=ORIENTED_EDGE('',*,*,#56000,.T.);
#56020=CARTESIAN_POINT('',(-27.7000000002408,29.2499999997105,
2.1500000115485));
#56030=DIRECTION('',(-1.23069611928547E-13,1.,-4.08396006638899E-13));
#56040=VECTOR('',#56030,1.);
#56050=LINE('',#56020,#56040);
#56060=EDGE_CURVE('',#55990,#47690,#56050,.T.);
#56070=ORIENTED_EDGE('',*,*,#56060,.F.);
#56080=ORIENTED_EDGE('',*,*,#47740,.T.);
#56090=EDGE_LOOP('',(#56080,#56070,#56010,#55700,#55610,#55200));
#56100=FACE_OUTER_BOUND('',#56090,.T.);
#56110=ADVANCED_FACE('',(#56100),#55120,.F.);
#56120=COLOUR_RGB('',0.560784339904785,0.588235318660736,
0.600000023841858);
#56130=FILL_AREA_STYLE_COLOUR('',#56120);
#56140=FILL_AREA_STYLE('',(#56130));
#56150=SURFACE_STYLE_FILL_AREA(#56140);
#56160=SURFACE_SIDE_STYLE('',(#56150));
#56170=SURFACE_STYLE_USAGE(.BOTH.,#56160);
#56180=PRESENTATION_STYLE_ASSIGNMENT((#56170));
#56190=CARTESIAN_POINT('',(-28.2210941893683,21.2499999991478,
5.50585986623973));
#56200=DIRECTION('',(-1.21042065259795E-13,1.,-4.0839600663922E-13));
#56210=DIRECTION('',(1.,1.21042065259795E-13,-4.94330966271057E-26));
#56220=AXIS2_PLACEMENT_3D('',#56190,#56200,#56210);
#56230=PLANE('',#56220);
#56240=CARTESIAN_POINT('',(-27.3228978290588,21.2499999991434,
1.24300042631622));
#56250=DIRECTION('',(-2.13034578493193E-12,-1.91265641701048E-12,-1.));
#56260=VECTOR('',#56250,1.);
#56270=LINE('',#56240,#56260);
#56280=EDGE_CURVE('',#55590,#55680,#56270,.T.);
#56290=ORIENTED_EDGE('',*,*,#56280,.F.);
#56300=ORIENTED_EDGE('',*,*,#55690,.T.);
#56310=EDGE_LOOP('',(#56300,#56290));
#56320=FACE_OUTER_BOUND('',#56310,.T.);
#56330=ADVANCED_FACE('',(#56320),#56230,.T.);
#56340=COLOUR_RGB('',0.560784339904785,0.588235318660736,
0.600000023841858);
#56350=FILL_AREA_STYLE_COLOUR('',#56340);
#56360=FILL_AREA_STYLE('',(#56350));
#56370=SURFACE_STYLE_FILL_AREA(#56360);
#56380=SURFACE_SIDE_STYLE('',(#56370));
#56390=SURFACE_STYLE_USAGE(.BOTH.,#56380);
#56400=PRESENTATION_STYLE_ASSIGNMENT((#56390));
#56410=ORIENTED_EDGE('',*,*,#55600,.F.);
#56420=CARTESIAN_POINT('',(-27.70000000024,21.935376677801,
4.25000001155148));
#56430=CARTESIAN_POINT('',(-27.7156958759088,21.9535672367068,
4.25000001155148));
#56440=CARTESIAN_POINT('',(-27.7317772355334,21.9715009154279,
4.24964794828039));
#56450=CARTESIAN_POINT('',(-27.7482093186276,21.9891324699746,
4.24889269510904));
#56460=CARTESIAN_POINT('',(-27.7646413511843,22.0067639702947,
4.2481374442605));
#56470=CARTESIAN_POINT('',(-27.7814237877999,22.0240929660365,
4.24697894221823));
#56480=CARTESIAN_POINT('',(-27.7985153085159,22.0410772953865,
4.24536824047154));
#56490=CARTESIAN_POINT('',(-27.8156068103211,22.0580616059443,
4.24375754050701));
#56500=CARTESIAN_POINT('',(-27.833006994691,22.0747008397785,
4.24169461350245));
#56510=CARTESIAN_POINT('',(-27.8506689908721,22.0909573770606,
4.23913371577934));
#56520=CARTESIAN_POINT('',(-27.8683310065047,22.1072139322462,
4.23657281523586));
#56530=CARTESIAN_POINT('',(-27.886254351897,22.1230873647292,
4.23351396843678));
#56540=CARTESIAN_POINT('',(-27.9043880831423,22.1385459700549,
4.22991530494585));
#56550=CARTESIAN_POINT('',(-27.9225218810661,22.1540046322226,
4.22631662822247));
#56560=CARTESIAN_POINT('',(-27.9408655212206,22.1690480523727,
4.22217822937662));
#56570=CARTESIAN_POINT('',(-27.9593659853182,22.1836516740162,
4.21746219059511));
#56580=CARTESIAN_POINT('',(-27.977852510984,22.1982442931473,
4.21274970492366));
#56590=CARTESIAN_POINT('',(-27.9965586130337,22.2124476102971,
4.20744472418446));
#56600=CARTESIAN_POINT('',(-28.0154396598822,22.226239685863,
4.20149780042914));
#56610=CARTESIAN_POINT('',(-28.0343177683189,22.2400296150015,
4.1955518021792));
#56620=CARTESIAN_POINT('',(-28.0533576689497,22.2533981573181,
4.18896727751604));
#56630=CARTESIAN_POINT('',(-28.072470722614,22.2663044343444,
4.18171563279215));
#56640=CARTESIAN_POINT('',(-28.091583726937,22.2792106780524,
4.17446400678876));
#56650=CARTESIAN_POINT('',(-28.1107684497168,22.2916537435705,
4.16654563905608));
#56660=CARTESIAN_POINT('',(-28.1299310302098,22.3036038241488,
4.15794536984773));
#56670=CARTESIAN_POINT('',(-28.149093679597,22.3155539476907,
4.14934506971927));
#56680=CARTESIAN_POINT('',(-28.168232629284,22.3270102507598,
4.14006348668245));
#56690=CARTESIAN_POINT('',(-28.1872544605828,22.3379562252569,
4.13009844229802));
#56700=CARTESIAN_POINT('',(-28.2062815467971,22.3489052236568,
4.12013064499966));
#56710=CARTESIAN_POINT('',(-28.2251681554419,22.3593313505939,
4.10949296760981));
#56720=CARTESIAN_POINT('',(-28.243889757776,22.3692656472724,
4.09815586197344));
#56730=CARTESIAN_POINT('',(-28.262627795453,22.3792086650833,
4.08680880370505));
#56740=CARTESIAN_POINT('',(-28.2812603863395,22.3886895073909,
4.07472275548955));
#56750=CARTESIAN_POINT('',(-28.2996798725568,22.3976930274523,
4.0619072285687));
#56760=CARTESIAN_POINT('',(-28.318099151684,22.4066964462872,
4.04909184573275));
#56770=CARTESIAN_POINT('',(-28.3363032997566,22.4152216707945,
4.03554810629355));
#56780=CARTESIAN_POINT('',(-28.3541830851409,22.4232648620486,
4.02130658734707));
#56790=CARTESIAN_POINT('',(-28.3720628235753,22.4313080321823,
4.0070651057969));
#56800=CARTESIAN_POINT('',(-28.3896162270295,22.4388684904303,
3.99212727655703));
#56810=CARTESIAN_POINT('',(-28.4067406723574,22.4459551289197,
3.97654210466756));
#56820=CARTESIAN_POINT('',(-28.4238652139671,22.4530418072535,
3.96095684515072));
#56830=CARTESIAN_POINT('',(-28.440559054275,22.4596542014788,
3.94472587031018));
#56840=CARTESIAN_POINT('',(-28.4567329760561,22.465813311728,
3.92791154691314));
#56850=CARTESIAN_POINT('',(-28.4729141884657,22.471975198285,
3.91108964421729));
#56860=CARTESIAN_POINT('',(-28.488544712323,22.4776729587538,
3.89371978084557));
#56870=CARTESIAN_POINT('',(-28.5036366673788,22.4829669049009,
3.87577224184045));
#56880=CARTESIAN_POINT('',(-28.5187424957597,22.4882657175239,
3.85780820450615));
#56890=CARTESIAN_POINT('',(-28.5333508670547,22.4931737840899,
3.83921104058855));
#56900=CARTESIAN_POINT('',(-28.547379822282,22.4977124248281,
3.82003826617458));
#56910=CARTESIAN_POINT('',(-28.5634776236595,22.5029203776617,
3.79803808801657));
#56920=CARTESIAN_POINT('',(-28.5788102904544,22.5076413940539,
3.77528177234452));
#56930=CARTESIAN_POINT('',(-28.5932679460735,22.5119151798075,
3.75188077489308));
#56940=CARTESIAN_POINT('',(-28.6077255484083,22.5161889498098,
3.72847986368702));
#56950=CARTESIAN_POINT('',(-28.6213062151045,22.5200152704089,
3.70443729815085));
#56960=CARTESIAN_POINT('',(-28.6339232351645,22.5234395193605,
3.67988269645277));
#56970=CARTESIAN_POINT('',(-28.6465403393418,22.5268637911415,
3.65532793104988));
#56980=CARTESIAN_POINT('',(-28.6581924052851,22.5298859244627,
3.63026416745645));
#56990=CARTESIAN_POINT('',(-28.6688208181542,22.5325533327729,
3.60482864539053));
#57000=CARTESIAN_POINT('',(-28.6741350025834,22.5338870314053,
3.5921109370198));
#57010=CARTESIAN_POINT('',(-28.6791936196136,22.5351320259407,
3.57930058819107));
#57020=CARTESIAN_POINT('',(-28.6839920230104,22.5362941066356,
3.56641466617666));
#57030=CARTESIAN_POINT('',(-28.6887883878631,22.5374556936345,
3.55353421859131));
#57040=CARTESIAN_POINT('',(-28.6933306402382,22.5385359015491,
3.54056481350138));
#57050=CARTESIAN_POINT('',(-28.6976311047103,22.5395436055129,
3.5274632604715));
#57060=CARTESIAN_POINT('',(-28.7062289759212,22.5415582969389,
3.50126946993006));
#57070=CARTESIAN_POINT('',(-28.7138294330014,22.5432762679321,
3.47462709320184));
#57080=CARTESIAN_POINT('',(-28.7203750753096,22.5447249094211,
3.4476584581601));
#57090=CARTESIAN_POINT('',(-28.7269206611105,22.5461735384043,
3.4206900559334));
#57100=CARTESIAN_POINT('',(-28.732410706492,22.5473528413732,
3.39339783493027));
#57110=CARTESIAN_POINT('',(-28.7368084883024,22.5482850822166,
3.36591613217197));
#57120=CARTESIAN_POINT('',(-28.7412062666015,22.5492173223157,
3.33843445135597));
#57130=CARTESIAN_POINT('',(-28.7445113738194,22.5499025158655,
3.31076582818224));
#57140=CARTESIAN_POINT('',(-28.7467105218352,22.5503563784754,
3.28304869595978));
#57150=CARTESIAN_POINT('',(-28.7489096852458,22.5508102442626,
3.25533136970709));
#57160=CARTESIAN_POINT('',(-28.7500028166022,22.5510327879025,
3.22756804269661));
#57170=CARTESIAN_POINT('',(-28.7499999947819,22.5510322107686,
3.19989295097378));
#57180=CARTESIAN_POINT('',(-28.7499985830901,22.5510319220418,
3.18604773866979));
#57190=CARTESIAN_POINT('',(-28.7497232289472,22.5509756676225,
3.17222470167468));
#57200=CARTESIAN_POINT('',(-28.7491771729168,22.5508637319467,
3.15843968992093));
#57210=CARTESIAN_POINT('',(-28.7486313602347,22.5507518461547,
3.14466082142054));
#57220=CARTESIAN_POINT('',(-28.7478131132922,22.5505839264631,
3.13086863954918));
#57230=CARTESIAN_POINT('',(-28.7467203047291,22.5503583974525,
3.11707471884558));
#57240=CARTESIAN_POINT('',(-28.7445347415459,22.5499073505641,
3.08948755833131));
#57250=CARTESIAN_POINT('',(-28.741249854875,22.5492264164778,
3.06190024515502));
#57260=CARTESIAN_POINT('',(-28.7368667821615,22.5482974383733,
3.03444857982113));
#57270=CARTESIAN_POINT('',(-28.7324837423402,22.5473684672401,
3.00699712049483));
#57280=CARTESIAN_POINT('',(-28.7270027827707,22.5461914344782,
2.97968387727746));
#57290=CARTESIAN_POINT('',(-28.7204492800737,22.5447413303958,
2.95264749531815));
#57300=CARTESIAN_POINT('',(-28.713895773305,22.5432912254124,
2.92561109656078));
#57310=CARTESIAN_POINT('',(-28.7062703449264,22.5415680351493,
2.8988541570772));
#57320=CARTESIAN_POINT('',(-28.6976221548765,22.5395415083235,
2.8725094978285));
#57330=CARTESIAN_POINT('',(-28.6889738889894,22.5375149637267,
2.84616460755952));
#57340=CARTESIAN_POINT('',(-28.6793038161775,22.5351851008654,
2.82023449395631));
#57350=CARTESIAN_POINT('',(-28.6686814772195,22.5325183567937,
2.79483807336261));
#57360=CARTESIAN_POINT('',(-28.6633685132784,22.5311845342571,
2.78213557277561));
#57370=CARTESIAN_POINT('',(-28.6578261699209,22.5297686213789,
2.76958485526658));
#57380=CARTESIAN_POINT('',(-28.6520404824535,22.5282599751749,
2.75714685278792));
#57390=CARTESIAN_POINT('',(-28.6462522137526,22.5267506559016,
2.74470330120394));
#57400=CARTESIAN_POINT('',(-28.6402128396733,22.5251464917007,
2.73235819293293));
#57410=CARTESIAN_POINT('',(-28.6339289492822,22.5234410701553,
2.72012844733754));
#57420=CARTESIAN_POINT('',(-28.6213611085401,22.5200302107916,
2.69566883945212));
#57430=CARTESIAN_POINT('',(-28.60781386942,22.516214233329,
2.67167211694058));
#57440=CARTESIAN_POINT('',(-28.5933625688578,22.5119431482807,
2.64827243294655));
#57450=CARTESIAN_POINT('',(-28.5789113668859,22.5076720923708,
2.62487290859093));
#57460=CARTESIAN_POINT('',(-28.563557907074,22.502946088348,
2.60207362782988));
#57470=CARTESIAN_POINT('',(-28.5474062071795,22.4977209606401,
2.57999781765058));
#57480=CARTESIAN_POINT('',(-28.5333427310428,22.4931713801432,
2.56077614862012));
#57490=CARTESIAN_POINT('',(-28.518675900023,22.4882437705083,
2.54210462386908));
#57500=CARTESIAN_POINT('',(-28.5034884743847,22.4829149149264,
2.52405158754424));
#57510=CARTESIAN_POINT('',(-28.4883008968081,22.4775860060335,
2.50599837061293));
#57520=CARTESIAN_POINT('',(-28.4725941410376,22.4718561787855,
2.48856510028006));
#57530=CARTESIAN_POINT('',(-28.456458194508,22.46570864901,
2.47180292262212));
#57540=CARTESIAN_POINT('',(-28.4483870779864,22.4626336865932,
2.46341856854759));
#57550=CARTESIAN_POINT('',(-28.4402238499546,22.4594603625466,
2.45521656769347));
#57560=CARTESIAN_POINT('',(-28.4319325281306,22.4561683033727,
2.44715555575993));
#57570=CARTESIAN_POINT('',(-28.4236411339727,22.4528762154787,
2.43909447350183));
#57580=CARTESIAN_POINT('',(-28.4152267453718,22.4494671706733,
2.43118037420216));
#57590=CARTESIAN_POINT('',(-28.4066994560119,22.4459380717125,
2.42342040892685));
#57600=CARTESIAN_POINT('',(-28.3896448359289,22.4388798566725,
2.40790044073516));
#57610=CARTESIAN_POINT('',(-28.3721382460405,22.4313408389052,
2.39299818684385));
#57620=CARTESIAN_POINT('',(-28.354272697208,22.4233051710737,
2.37876482111198));
#57630=CARTESIAN_POINT('',(-28.3364072860636,22.4152695651723,
2.36453156507525));
#57640=CARTESIAN_POINT('',(-28.3181847474409,22.4067378723127,
2.35096870524395));
#57650=CARTESIAN_POINT('',(-28.2997104608409,22.3977079787884,
2.33811407740149));
#57660=CARTESIAN_POINT('',(-28.2812361644163,22.3886780804621,
2.32525944272297));
#57670=CARTESIAN_POINT('',(-28.2625121414559,22.3791507658913,
2.3131143208579));
#57680=CARTESIAN_POINT('',(-28.2436490729026,22.3691379096951,
2.30169845537698));
#57690=CARTESIAN_POINT('',(-28.2247858399756,22.3591249662465,
2.2902824904177));
#57700=CARTESIAN_POINT('',(-28.2057855827962,22.3486274443459,
2.27959674301333));
#57710=CARTESIAN_POINT('',(-28.1867563536597,22.3376694922064,
2.26964080543359));
#57720=CARTESIAN_POINT('',(-28.1772417587004,22.3321905274284,
2.26466284690295));
#57730=CARTESIAN_POINT('',(-28.1677199848474,22.3265967177409,
2.25986710774833));
#57740=CARTESIAN_POINT('',(-28.1582037356791,22.3208919899367,
2.2552517187084));
#57750=CARTESIAN_POINT('',(-28.1486917375775,22.3151898105292,
2.25063839143947));
#57760=CARTESIAN_POINT('',(-28.1391681787897,22.3093667069346,
2.24619678959995));
#57770=CARTESIAN_POINT('',(-28.1296298209664,22.3034159460387,
2.24191952581817));
#57780=CARTESIAN_POINT('',(-28.1105552305118,22.2915157501049,
2.2333659512496));
#57790=CARTESIAN_POINT('',(-28.0914404045081,22.2791157192412,
2.22547936091985));
#57800=CARTESIAN_POINT('',(-28.0723679514087,22.2662350321523,
2.21824540425529));
#57810=CARTESIAN_POINT('',(-28.0532955942,22.2533544098238,
2.21101148396099));
#57820=CARTESIAN_POINT('',(-28.0342668632512,22.2399938630587,
2.20443062593888));
#57830=CARTESIAN_POINT('',(-28.0153642411219,22.226184591702,
2.19847847130322));
#57840=CARTESIAN_POINT('',(-27.9964616154745,22.2123753177752,
2.19252631555981));
#57850=CARTESIAN_POINT('',(-27.9776862420739,22.1981181053307,
2.18720310555818));
#57860=CARTESIAN_POINT('',(-27.9591158814742,22.1834542164542,
2.1824741101146));
#57870=CARTESIAN_POINT('',(-27.9405454312348,22.1687902567946,
2.17774509184401));
#57880=CARTESIAN_POINT('',(-27.9221809570851,22.1537203992389,
2.17361037369759));
#57890=CARTESIAN_POINT('',(-27.9040917817532,22.1382933268371,
2.17002596104393));
#57900=CARTESIAN_POINT('',(-27.8860136715869,22.12287569119,
2.16644374097887));
#57910=CARTESIAN_POINT('',(-27.8681700374436,22.1070682466787,
2.16340204201298));
#57920=CARTESIAN_POINT('',(-27.850563111275,22.0908599153956,
2.16085096083951));
#57930=CARTESIAN_POINT('',(-27.8329594600305,22.0746545988952,
2.15830035417233));
#57940=CARTESIAN_POINT('',(-27.8156071478355,22.0580611296604,
2.15624304169269));
#57950=CARTESIAN_POINT('',(-27.7985473044186,22.0411090898545,
2.1546347984134));
#57960=CARTESIAN_POINT('',(-27.7814874814568,22.0241570703744,
2.15302655706242));
#57970=CARTESIAN_POINT('',(-27.7647204593196,22.0068467962707,
2.15186738939682));
#57980=CARTESIAN_POINT('',(-27.7482839462704,21.9892125404471,
2.15111076069809));
#57990=CARTESIAN_POINT('',(-27.7318474261398,21.9715782770262,
2.15035413167338));
#58000=CARTESIAN_POINT('',(-27.715741695863,21.9536203392193,
2.15000001155148));
#58010=CARTESIAN_POINT('',(-27.7000000002399,21.9353766777918,
2.15000001155148));
#58020=B_SPLINE_CURVE_WITH_KNOTS('',3,(#56420,#56430,#56440,#56450,
#56460,#56470,#56480,#56490,#56500,#56510,#56520,#56530,#56540,#56550,
#56560,#56570,#56580,#56590,#56600,#56610,#56620,#56630,#56640,#56650,
#56660,#56670,#56680,#56690,#56700,#56710,#56720,#56730,#56740,#56750,
#56760,#56770,#56780,#56790,#56800,#56810,#56820,#56830,#56840,#56850,
#56860,#56870,#56880,#56890,#56900,#56910,#56920,#56930,#56940,#56950,
#56960,#56970,#56980,#56990,#57000,#57010,#57020,#57030,#57040,#57050,
#57060,#57070,#57080,#57090,#57100,#57110,#57120,#57130,#57140,#57150,
#57160,#57170,#57180,#57190,#57200,#57210,#57220,#57230,#57240,#57250,
#57260,#57270,#57280,#57290,#57300,#57310,#57320,#57330,#57340,#57350,
#57360,#57370,#57380,#57390,#57400,#57410,#57420,#57430,#57440,#57450,
#57460,#57470,#57480,#57490,#57500,#57510,#57520,#57530,#57540,#57550,
#57560,#57570,#57580,#57590,#57600,#57610,#57620,#57630,#57640,#57650,
#57660,#57670,#57680,#57690,#57700,#57710,#57720,#57730,#57740,#57750,
#57760,#57770,#57780,#57790,#57800,#57810,#57820,#57830,#57840,#57850,
#57860,#57870,#57880,#57890,#57900,#57910,#57920,#57930,#57940,#57950,
#57960,#57970,#57980,#57990,#58000,#58010),.UNSPECIFIED.,.F.,.F.,(4,3,3,
3,3,3,3,3,3,3,3,3,3,3,3,3,3,3,3,3,3,3,3,3,3,3,3,3,3,3,3,3,3,3,3,3,3,3,3,
3,3,3,3,3,3,3,3,3,3,3,3,3,3,4),(0.,0.0722226641243191,0.144628244282234,
0.217072826018093,0.289438878000701,0.361645230715306,0.433857342998001,
0.506320885883297,0.578846810124951,0.651260073581563,0.723443229802359,
0.795810088526606,0.868441801742771,0.941129330955364,1.01366181509951,
1.08587748967832,1.15826228525635,1.24167106241551,1.32517836849162,
1.40847292683122,1.44994621674461,1.49134710513876,1.57451426687491,
1.65799119799128,1.74149684743267,1.82474309669377,1.8662076727525,
1.90765142845318,1.99091134810189,2.07444257526379,2.15795373878878,
2.24116209118163,2.28258583462859,2.32408110516608,2.40741879776444,
2.4909642963983,2.56363060871031,2.63602013513971,2.67207799030945,
2.70820102705961,2.78070882140438,2.85342183678268,2.92613783924052,
2.99864313702642,3.03475294367647,3.07080511948191,3.1430811898731,
3.21551111013852,3.28795181534318,3.36022699976606,3.43234397861958,
3.50459862972841,3.57693990783782,3.64927208154703),.UNSPECIFIED.);
#58030=SURFACE_CURVE('',#58020,(#55250,#55300),.CURVE_3D.);
#58040=EDGE_CURVE('',#55180,#55990,#58030,.T.);
#58050=ORIENTED_EDGE('',*,*,#58040,.F.);
#58060=ORIENTED_EDGE('',*,*,#56000,.F.);
#58070=ORIENTED_EDGE('',*,*,#56280,.T.);
#58080=EDGE_LOOP('',(#58070,#58060,#58050,#56410));
#58090=FACE_OUTER_BOUND('',#58080,.T.);
#58100=ADVANCED_FACE('',(#58090),#55300,.T.);
#58110=COLOUR_RGB('',0.823529481887817,0.823529481887817,
0.784313797950745);
#58120=FILL_AREA_STYLE_COLOUR('',#58110);
#58130=FILL_AREA_STYLE('',(#58120));
#58140=SURFACE_STYLE_FILL_AREA(#58130);
#58150=SURFACE_SIDE_STYLE('',(#58140));
#58160=SURFACE_STYLE_USAGE(.BOTH.,#58150);
#58170=PRESENTATION_STYLE_ASSIGNMENT((#58160));
#58180=CARTESIAN_POINT('',(-16.3499999999526,27.8000000001341,
6.15000001165006));
#58190=DIRECTION('',(-1.0900289045847E-24,-1.,4.08396006638903E-13));
#58200=DIRECTION('',(-1.,1.10308823321327E-24,3.19771212653255E-14));
#58210=AXIS2_PLACEMENT_3D('',#58180,#58190,#58200);
#58220=PLANE('',#58210);
#58230=ORIENTED_EDGE('',*,*,#8180,.F.);
#58240=CARTESIAN_POINT('',(-16.5500000001044,27.8000000001337,
5.15000001012958));
#58250=DIRECTION('',(-3.19771212653255E-14,-4.08396006638903E-13,-1.));
#58260=VECTOR('',#58250,1.);
#58270=LINE('',#58240,#58260);
#58280=EDGE_CURVE('',#8090,#3530,#58270,.T.);
#58290=ORIENTED_EDGE('',*,*,#58280,.F.);
#58300=ORIENTED_EDGE('',*,*,#3540,.T.);
#58310=CARTESIAN_POINT('',(-15.6404163056523,27.8000000002185,
9.59313637959766E-15));
#58320=DIRECTION('',(-3.19771212653255E-14,-4.08396006638903E-13,-1.));
#58330=VECTOR('',#58320,1.);
#58340=LINE('',#58310,#58330);
#58350=EDGE_CURVE('',#8170,#3450,#58340,.T.);
#58360=ORIENTED_EDGE('',*,*,#58350,.T.);
#58370=EDGE_LOOP('',(#58360,#58300,#58290,#58230));
#58380=FACE_OUTER_BOUND('',#58370,.T.);
#58390=ADVANCED_FACE('',(#58380),#58220,.F.);
#58400=COLOUR_RGB('',0.560784339904785,0.588235318660736,
0.600000023841858);
#58410=FILL_AREA_STYLE_COLOUR('',#58400);
#58420=FILL_AREA_STYLE('',(#58410));
#58430=SURFACE_STYLE_FILL_AREA(#58420);
#58440=SURFACE_SIDE_STYLE('',(#58430));
#58450=SURFACE_STYLE_USAGE(.BOTH.,#58440);
#58460=PRESENTATION_STYLE_ASSIGNMENT((#58450));
#58470=CARTESIAN_POINT('',(-15.3404163056523,27.8000000002185,0.));
#58480=DIRECTION('',(3.19771212653255E-14,4.08396006638903E-13,1.));
#58490=DIRECTION('',(0.,1.,-4.08396006638903E-13));
#58500=AXIS2_PLACEMENT_3D('',#58470,#58480,#58490);
#58510=CYLINDRICAL_SURFACE('',#58500,0.3);
#58520=ORIENTED_EDGE('',*,*,#3460,.T.);
#58530=CARTESIAN_POINT('',(-15.1282842712963,28.0121320345744,
-9.34172474980233E-14));
#58540=DIRECTION('',(-3.19771212653255E-14,-4.08396006638903E-13,-1.));
#58550=VECTOR('',#58540,1.);
#58560=LINE('',#58530,#58550);
#58570=EDGE_CURVE('',#8260,#3360,#58560,.T.);
#58580=ORIENTED_EDGE('',*,*,#58570,.T.);
#58590=ORIENTED_EDGE('',*,*,#8270,.F.);
#58600=ORIENTED_EDGE('',*,*,#58350,.F.);
#58610=EDGE_LOOP('',(#58600,#58590,#58580,#58520));
#58620=FACE_OUTER_BOUND('',#58610,.T.);
#58630=ADVANCED_FACE('',(#58620),#58510,.T.);
#58640=COLOUR_RGB('',0.560784339904785,0.588235318660736,
0.600000023841858);
#58650=FILL_AREA_STYLE_COLOUR('',#58640);
#58660=FILL_AREA_STYLE('',(#58650));
#58670=SURFACE_STYLE_FILL_AREA(#58660);
#58680=SURFACE_SIDE_STYLE('',(#58670));
#58690=SURFACE_STYLE_USAGE(.BOTH.,#58680);
#58700=PRESENTATION_STYLE_ASSIGNMENT((#58690));
#58710=CARTESIAN_POINT('',(-16.5500000001044,28.6000000002206,
6.15000001164974));
#58720=DIRECTION('',(-1.,-4.81238243855058E-33,3.19771212653255E-14));
#58730=DIRECTION('',(-1.30593334409493E-26,1.,-4.08396006638903E-13));
#58740=AXIS2_PLACEMENT_3D('',#58710,#58720,#58730);
#58750=PLANE('',#58740);
#58760=CARTESIAN_POINT('',(-16.5500000001045,9.25000000017709,
0.800000009969065));
#58770=DIRECTION('',(-1.31771325608118E-26,1.,-4.11450890056899E-13));
#58780=VECTOR('',#58770,1.);
#58790=LINE('',#58760,#58780);
#58800=CARTESIAN_POINT('',(-16.5500000001045,28.6000000002184,
0.800000009961104));
#58810=VERTEX_POINT('',#58800);
#58820=CARTESIAN_POINT('',(-16.5500000001045,29.2500000001432,
0.800000009960836));
#58830=VERTEX_POINT('',#58820);
#58840=EDGE_CURVE('',#58810,#58830,#58790,.T.);
#58850=ORIENTED_EDGE('',*,*,#58840,.T.);
#58860=CARTESIAN_POINT('',(-16.5500000001044,28.6000000002202,
5.15000001012958));
#58870=DIRECTION('',(-3.19771212653255E-14,-4.08396006638903E-13,-1.));
#58880=VECTOR('',#58870,1.);
#58890=LINE('',#58860,#58880);
#58900=EDGE_CURVE('',#58810,#3610,#58890,.T.);
#58910=ORIENTED_EDGE('',*,*,#58900,.F.);
#58920=ORIENTED_EDGE('',*,*,#3620,.T.);
#58930=ORIENTED_EDGE('',*,*,#58280,.T.);
#58940=ORIENTED_EDGE('',*,*,#8100,.F.);
#58950=CARTESIAN_POINT('',(-16.5500000001044,29.250000000145,
5.15000001012958));
#58960=DIRECTION('',(-3.19771212653255E-14,-4.08396006638903E-13,-1.));
#58970=VECTOR('',#58960,1.);
#58980=LINE('',#58950,#58970);
#58990=EDGE_CURVE('',#8010,#58830,#58980,.T.);
#59000=ORIENTED_EDGE('',*,*,#58990,.F.);
#59010=EDGE_LOOP('',(#59000,#58940,#58930,#58920,#58910,#58850));
#59020=FACE_OUTER_BOUND('',#59010,.T.);
#59030=ADVANCED_FACE('',(#59020),#58750,.F.);
#59040=COLOUR_RGB('',0.560784339904785,0.588235318660736,
0.600000023841858);
#59050=FILL_AREA_STYLE_COLOUR('',#59040);
#59060=FILL_AREA_STYLE('',(#59050));
#59070=SURFACE_STYLE_FILL_AREA(#59060);
#59080=SURFACE_SIDE_STYLE('',(#59070));
#59090=SURFACE_STYLE_USAGE(.BOTH.,#59080);
#59100=PRESENTATION_STYLE_ASSIGNMENT((#59090));
#59110=CARTESIAN_POINT('',(-16.3978088201907,29.1775079943251,
6.1500000116495));
#59120=DIRECTION('',(-0.819152044288994,-0.573576436351043,
2.60440450362907E-13));
#59130=DIRECTION('',(-0.573576436351043,0.819152044288994,
-3.16197100457588E-13));
#59140=AXIS2_PLACEMENT_3D('',#59110,#59120,#59130);
#59150=PLANE('',#59140);
#59160=CARTESIAN_POINT('',(-2.44441750495588,9.25000000017709,
0.800000010006364));
#59170=DIRECTION('',(0.573576436351043,-0.819152044288994,
1.85371162864101E-12));
#59180=VECTOR('',#59170,1.);
#59190=LINE('',#59160,#59180);
#59200=CARTESIAN_POINT('',(-16.4485682691262,29.2500000001432,
0.800000009961105));
#59210=VERTEX_POINT('',#59200);
#59220=CARTESIAN_POINT('',(-15.9934333693426,28.6000000002184,
0.800000009962575));
#59230=VERTEX_POINT('',#59220);
#59240=EDGE_CURVE('',#59210,#59230,#59190,.T.);
#59250=ORIENTED_EDGE('',*,*,#59240,.T.);
#59260=CARTESIAN_POINT('',(-16.4485682691261,29.250000000145,
5.15000001012958));
#59270=DIRECTION('',(3.19771212653256E-14,4.08396006638903E-13,1.));
#59280=VECTOR('',#59270,1.);
#59290=LINE('',#59260,#59280);
#59300=EDGE_CURVE('',#3770,#59210,#59290,.T.);
#59310=ORIENTED_EDGE('',*,*,#59300,.T.);
#59320=ORIENTED_EDGE('',*,*,#3780,.T.);
#59330=CARTESIAN_POINT('',(-15.9934333693424,28.6000000002202,
5.15000001012958));
#59340=DIRECTION('',(3.19771212653256E-14,4.08396006638903E-13,1.));
#59350=VECTOR('',#59340,1.);
#59360=LINE('',#59330,#59350);
#59370=EDGE_CURVE('',#3690,#59230,#59360,.T.);
#59380=ORIENTED_EDGE('',*,*,#59370,.F.);
#59390=EDGE_LOOP('',(#59380,#59320,#59310,#59250));
#59400=FACE_OUTER_BOUND('',#59390,.T.);
#59410=ADVANCED_FACE('',(#59400),#59150,.F.);
#59420=COLOUR_RGB('',0.560784339904785,0.588235318660736,
0.600000023841858);
#59430=FILL_AREA_STYLE_COLOUR('',#59420);
#59440=FILL_AREA_STYLE('',(#59430));
#59450=SURFACE_STYLE_FILL_AREA(#59440);
#59460=SURFACE_SIDE_STYLE('',(#59450));
#59470=SURFACE_STYLE_USAGE(.BOTH.,#59460);
#59480=PRESENTATION_STYLE_ASSIGNMENT((#59470));
#59490=CARTESIAN_POINT('',(-16.3200003309251,28.6000000002206,
6.15000001164973));
#59500=DIRECTION('',(1.0900289045847E-24,1.,-4.08396006638903E-13));
#59510=DIRECTION('',(1.,-1.10308823321327E-24,-3.19771212653255E-14));
#59520=AXIS2_PLACEMENT_3D('',#59490,#59500,#59510);
#59530=PLANE('',#59520);
#59540=CARTESIAN_POINT('',(2.39999999987203,28.6000000002184,
0.800000010011211));
#59550=DIRECTION('',(-1.,1.02993679785655E-26,-2.64420503363937E-12));
#59560=VECTOR('',#59550,1.);
#59570=LINE('',#59540,#59560);
#59580=EDGE_CURVE('',#59230,#58810,#59570,.T.);
#59590=ORIENTED_EDGE('',*,*,#59580,.T.);
#59600=ORIENTED_EDGE('',*,*,#59370,.T.);
#59610=ORIENTED_EDGE('',*,*,#3700,.T.);
#59620=ORIENTED_EDGE('',*,*,#58900,.T.);
#59630=EDGE_LOOP('',(#59620,#59610,#59600,#59590));
#59640=FACE_OUTER_BOUND('',#59630,.T.);
#59650=ADVANCED_FACE('',(#59640),#59530,.F.);
#59660=COLOUR_RGB('',0.560784339904785,0.588235318660736,
0.600000023841858);
#59670=FILL_AREA_STYLE_COLOUR('',#59660);
#59680=FILL_AREA_STYLE('',(#59670));
#59690=SURFACE_STYLE_FILL_AREA(#59680);
#59700=SURFACE_SIDE_STYLE('',(#59690));
#59710=SURFACE_STYLE_USAGE(.BOTH.,#59700);
#59720=PRESENTATION_STYLE_ASSIGNMENT((#59710));
#59730=CARTESIAN_POINT('',(-6.74999999998052,29.2500000002222,
0.800000009986749));
#59740=DIRECTION('',(2.64420503363937E-12,-4.11450890056899E-13,-1.));
#59750=DIRECTION('',(1.,-5.52610734949609E-12,2.64420503364164E-12));
#59760=AXIS2_PLACEMENT_3D('',#59730,#59740,#59750);
#59770=PLANE('',#59760);
#59780=ORIENTED_EDGE('',*,*,#58840,.F.);
#59790=CARTESIAN_POINT('',(2.39999999987203,29.2500000001432,
0.800000010010944));
#59800=DIRECTION('',(1.,1.07981805061549E-24,2.64420503363937E-12));
#59810=VECTOR('',#59800,1.);
#59820=LINE('',#59790,#59810);
#59830=EDGE_CURVE('',#58830,#59210,#59820,.T.);
#59840=ORIENTED_EDGE('',*,*,#59830,.F.);
#59850=ORIENTED_EDGE('',*,*,#59240,.F.);
#59860=ORIENTED_EDGE('',*,*,#59580,.F.);
#59870=EDGE_LOOP('',(#59860,#59850,#59840,#59780));
#59880=FACE_OUTER_BOUND('',#59870,.T.);
#59890=ADVANCED_FACE('',(#59880),#59770,.F.);
#59900=COLOUR_RGB('',0.560784339904785,0.588235318660736,
0.600000023841858);
#59910=FILL_AREA_STYLE_COLOUR('',#59900);
#59920=FILL_AREA_STYLE('',(#59910));
#59930=SURFACE_STYLE_FILL_AREA(#59920);
#59940=SURFACE_SIDE_STYLE('',(#59930));
#59950=SURFACE_STYLE_USAGE(.BOTH.,#59940);
#59960=PRESENTATION_STYLE_ASSIGNMENT((#59950));
#59970=CARTESIAN_POINT('',(-16.5500000001044,29.2500000001454,
6.15000001164947));
#59980=DIRECTION('',(2.15839213109719E-30,-1.,4.08396006638903E-13));
#59990=DIRECTION('',(-1.,1.30571702364358E-26,3.19771212653255E-14));
#60000=AXIS2_PLACEMENT_3D('',#59970,#59980,#59990);
#60010=PLANE('',#60000);
#60020=ORIENTED_EDGE('',*,*,#58990,.T.);
#60030=ORIENTED_EDGE('',*,*,#8020,.T.);
#60040=ORIENTED_EDGE('',*,*,#24820,.T.);
#60050=ORIENTED_EDGE('',*,*,#3860,.T.);
#60060=ORIENTED_EDGE('',*,*,#59300,.F.);
#60070=ORIENTED_EDGE('',*,*,#59830,.T.);
#60080=EDGE_LOOP('',(#60070,#60060,#60050,#60040,#60030,#60020));
#60090=FACE_OUTER_BOUND('',#60080,.T.);
#60100=ADVANCED_FACE('',(#60090),#60010,.F.);
#60110=COLOUR_RGB('',0.560784339904785,0.588235318660736,
0.600000023841858);
#60120=FILL_AREA_STYLE_COLOUR('',#60110);
#60130=FILL_AREA_STYLE('',(#60120));
#60140=SURFACE_STYLE_FILL_AREA(#60130);
#60150=SURFACE_SIDE_STYLE('',(#60140));
#60160=SURFACE_STYLE_USAGE(.BOTH.,#60150);
#60170=PRESENTATION_STYLE_ASSIGNMENT((#60160));
#60180=CARTESIAN_POINT('',(-15.1282842712961,28.012132034577,
6.15000001164993));
#60190=DIRECTION('',(-0.707106781186546,-0.707106781186549,
3.11390824993411E-13));
#60200=DIRECTION('',(-0.707106781186549,0.707106781186546,
-2.66168346414338E-13));
#60210=AXIS2_PLACEMENT_3D('',#60180,#60190,#60200);
#60220=PLANE('',#60210);
#60230=ORIENTED_EDGE('',*,*,#58570,.F.);
#60240=ORIENTED_EDGE('',*,*,#3370,.T.);
#60250=ORIENTED_EDGE('',*,*,#22900,.T.);
#60260=ORIENTED_EDGE('',*,*,#8350,.F.);
#60270=EDGE_LOOP('',(#60260,#60250,#60240,#60230));
#60280=FACE_OUTER_BOUND('',#60270,.T.);
#60290=ADVANCED_FACE('',(#60280),#60220,.F.);
#60300=COLOUR_RGB('',0.560784339904785,0.588235318660736,
0.600000023841858);
#60310=FILL_AREA_STYLE_COLOUR('',#60300);
#60320=FILL_AREA_STYLE('',(#60310));
#60330=SURFACE_STYLE_FILL_AREA(#60320);
#60340=SURFACE_SIDE_STYLE('',(#60330));
#60350=SURFACE_STYLE_USAGE(.BOTH.,#60340);
#60360=PRESENTATION_STYLE_ASSIGNMENT((#60350));
#60370=CARTESIAN_POINT('',(-6.74999999998535,28.6000000002206,
6.15000001164942));
#60380=DIRECTION('',(1.0900289045847E-24,1.,-4.08396006638903E-13));
#60390=DIRECTION('',(1.,-1.10308823321327E-24,-3.19771212653255E-14));
#60400=AXIS2_PLACEMENT_3D('',#60370,#60380,#60390);
#60410=PLANE('',#60400);
#60420=CARTESIAN_POINT('',(2.39999999987203,28.6000000002184,
0.800000010011211));
#60430=DIRECTION('',(-1.,1.02993679785655E-26,-2.64420503363937E-12));
#60440=VECTOR('',#60430,1.);
#60450=LINE('',#60420,#60440);
#60460=CARTESIAN_POINT('',(-6.74999999998552,28.6000000002184,
0.800000009987016));
#60470=VERTEX_POINT('',#60460);
#60480=CARTESIAN_POINT('',(-7.30656663060179,28.6000000002184,
0.800000009985545));
#60490=VERTEX_POINT('',#60480);
#60500=EDGE_CURVE('',#60470,#60490,#60450,.T.);
#60510=ORIENTED_EDGE('',*,*,#60500,.T.);
#60520=CARTESIAN_POINT('',(-6.74999999998538,28.6000000002202,
5.15000001012958));
#60530=DIRECTION('',(-3.19771212653255E-14,-4.08396006638903E-13,-1.));
#60540=VECTOR('',#60530,1.);
#60550=LINE('',#60520,#60540);
#60560=EDGE_CURVE('',#60470,#2590,#60550,.T.);
#60570=ORIENTED_EDGE('',*,*,#60560,.F.);
#60580=ORIENTED_EDGE('',*,*,#2600,.T.);
#60590=CARTESIAN_POINT('',(-7.30656663060166,28.6000000002202,
5.15000001012958));
#60600=DIRECTION('',(3.19771212653256E-14,4.08396006638903E-13,1.));
#60610=VECTOR('',#60600,1.);
#60620=LINE('',#60590,#60610);
#60630=EDGE_CURVE('',#2510,#60490,#60620,.T.);
#60640=ORIENTED_EDGE('',*,*,#60630,.F.);
#60650=EDGE_LOOP('',(#60640,#60580,#60570,#60510));
#60660=FACE_OUTER_BOUND('',#60650,.T.);
#60670=ADVANCED_FACE('',(#60660),#60410,.F.);
#60680=COLOUR_RGB('',0.560784339904785,0.588235318660736,
0.600000023841858);
#60690=FILL_AREA_STYLE_COLOUR('',#60680);
#60700=FILL_AREA_STYLE('',(#60690));
#60710=SURFACE_STYLE_FILL_AREA(#60700);
#60720=SURFACE_SIDE_STYLE('',(#60710));
#60730=SURFACE_STYLE_USAGE(.BOTH.,#60720);
#60740=PRESENTATION_STYLE_ASSIGNMENT((#60730));
#60750=CARTESIAN_POINT('',(-7.11925551654468,28.8675079944017,
6.15000001164933));
#60760=DIRECTION('',(0.819152044288994,-0.573576436351043,
2.0805220185297E-13));
#60770=DIRECTION('',(-0.573576436351043,-0.819152044288994,
3.52879746977849E-13));
#60780=AXIS2_PLACEMENT_3D('',#60750,#60760,#60770);
#60790=PLANE('',#60780);
#60800=CARTESIAN_POINT('',(-20.8555824949885,9.25000000017709,
0.80000000995768));
#60810=DIRECTION('',(0.573576436351043,0.819152044288994,
1.17961196366423E-12));
#60820=VECTOR('',#60810,1.);
#60830=LINE('',#60800,#60820);
#60840=CARTESIAN_POINT('',(-6.85143173076928,29.250000000213,
0.800000009986481));
#60850=VERTEX_POINT('',#60840);
#60860=EDGE_CURVE('',#60490,#60850,#60830,.T.);
#60870=ORIENTED_EDGE('',*,*,#60860,.T.);
#60880=ORIENTED_EDGE('',*,*,#60630,.T.);
#60890=ORIENTED_EDGE('',*,*,#2520,.T.);
#60900=CARTESIAN_POINT('',(-6.85143173076914,29.2500000002147,
5.15000001012958));
#60910=DIRECTION('',(3.19771212653255E-14,4.08396006638903E-13,1.));
#60920=VECTOR('',#60910,1.);
#60930=LINE('',#60900,#60920);
#60940=EDGE_CURVE('',#2430,#60850,#60930,.T.);
#60950=ORIENTED_EDGE('',*,*,#60940,.F.);
#60960=EDGE_LOOP('',(#60950,#60890,#60880,#60870));
#60970=FACE_OUTER_BOUND('',#60960,.T.);
#60980=ADVANCED_FACE('',(#60970),#60790,.F.);
#60990=COLOUR_RGB('',0.560784339904785,0.588235318660736,
0.600000023841858);
#61000=FILL_AREA_STYLE_COLOUR('',#60990);
#61010=FILL_AREA_STYLE('',(#61000));
#61020=SURFACE_STYLE_FILL_AREA(#61010);
#61030=SURFACE_SIDE_STYLE('',(#61020));
#61040=SURFACE_STYLE_USAGE(.BOTH.,#61030);
#61050=PRESENTATION_STYLE_ASSIGNMENT((#61040));
#61060=CARTESIAN_POINT('',(-6.76293533217383,29.2500000002151,
6.15000001164916));
#61070=DIRECTION('',(-1.21042065259795E-13,-1.,4.08396006638907E-13));
#61080=DIRECTION('',(-1.,1.21042065259808E-13,3.19771212652761E-14));
#61090=AXIS2_PLACEMENT_3D('',#61060,#61070,#61080);
#61100=PLANE('',#61090);
#61110=CARTESIAN_POINT('',(-0.650000004680077,29.250000000214,
5.15000001012958));
#61120=DIRECTION('',(-7.56414481409698E-12,-4.08396006637991E-13,-1.));
#61130=VECTOR('',#61120,1.);
#61140=LINE('',#61110,#61130);
#61150=CARTESIAN_POINT('',(-0.650000004704387,29.2500000002127,
1.9361058685869));
#61160=VERTEX_POINT('',#61150);
#61170=CARTESIAN_POINT('',(-0.650000004708254,29.2500000002125,
1.42500000034022));
#61180=VERTEX_POINT('',#61170);
#61190=EDGE_CURVE('',#61160,#61180,#61140,.T.);
#61200=ORIENTED_EDGE('',*,*,#61190,.F.);
#61210=CARTESIAN_POINT('',(2.39999999987203,29.2500000002121,
1.42500000052949));
#61220=DIRECTION('',(-1.,1.21042065234451E-13,-6.20550663018634E-11));
#61230=VECTOR('',#61220,1.);
#61240=LINE('',#61210,#61230);
#61250=CARTESIAN_POINT('',(-4.95000000121541,29.250000000213,
1.42500000007378));
#61260=VERTEX_POINT('',#61250);
#61270=EDGE_CURVE('',#61180,#61260,#61240,.T.);
#61280=ORIENTED_EDGE('',*,*,#61270,.F.);
#61290=CARTESIAN_POINT('',(-4.9500000014561,29.2500000002145,
5.15000001012958));
#61300=DIRECTION('',(-6.46138767349212E-11,4.08396006646726E-13,1.));
#61310=VECTOR('',#61300,1.);
#61320=LINE('',#61290,#61310);
#61330=CARTESIAN_POINT('',(-4.95000000126823,29.2500000002133,
2.24249006708918));
#61340=VERTEX_POINT('',#61330);
#61350=EDGE_CURVE('',#61260,#61340,#61320,.T.);
#61360=ORIENTED_EDGE('',*,*,#61350,.F.);
#61370=CARTESIAN_POINT('',(-2.04249012421763,29.2500000002142,
5.15000001012958));
#61380=DIRECTION('',(0.707106773162185,2.0325408023325E-13,
0.70710678921091));
#61390=VECTOR('',#61380,1.);
#61400=LINE('',#61370,#61390);
#61410=CARTESIAN_POINT('',(-4.55000000123144,29.2500000002134,
2.64249007620451));
#61420=VERTEX_POINT('',#61410);
#61430=EDGE_CURVE('',#61340,#61420,#61400,.T.);
#61440=ORIENTED_EDGE('',*,*,#61430,.F.);
#61450=CARTESIAN_POINT('',(-4.55000000140015,29.2500000002145,
5.15000001012958));
#61460=DIRECTION('',(-6.72842083041265E-11,4.08396006647049E-13,1.));
#61470=VECTOR('',#61460,1.);
#61480=LINE('',#61450,#61470);
#61490=CARTESIAN_POINT('',(-4.55000000132304,29.250000000214,
4.00375421747128));
#61500=VERTEX_POINT('',#61490);
#61510=EDGE_CURVE('',#61420,#61500,#61480,.T.);
#61520=ORIENTED_EDGE('',*,*,#61510,.F.);
#61530=CARTESIAN_POINT('',(2.39999999987203,29.2500000002103,
-2.94624578371696));
#61540=DIRECTION('',(-0.707106781186895,3.74394959479218E-13,
0.7071067811862));
#61550=VECTOR('',#61540,1.);
#61560=LINE('',#61530,#61550);
#61570=CARTESIAN_POINT('',(-4.9500000045865,29.2500000002142,
4.40375422073435));
#61580=VERTEX_POINT('',#61570);
#61590=EDGE_CURVE('',#61500,#61580,#61560,.T.);
#61600=ORIENTED_EDGE('',*,*,#61590,.F.);
#61610=CARTESIAN_POINT('',(-4.95000000461061,29.2500000002145,
5.15000001012958));
#61620=DIRECTION('',(-3.23069383674606E-11,4.08396006642816E-13,1.));
#61630=VECTOR('',#61620,1.);
#61640=LINE('',#61610,#61630);
#61650=CARTESIAN_POINT('',(-4.95000000461465,29.2500000002146,
5.27499999995331));
#61660=VERTEX_POINT('',#61650);
#61670=EDGE_CURVE('',#61580,#61660,#61640,.T.);
#61680=ORIENTED_EDGE('',*,*,#61670,.F.);
#61690=CARTESIAN_POINT('',(2.39999999987203,29.2500000002137,
5.27500000043426));
#61700=DIRECTION('',(1.,-1.21042065233068E-13,6.5435938273331E-11));
#61710=VECTOR('',#61700,1.);
#61720=LINE('',#61690,#61710);
#61730=CARTESIAN_POINT('',(-0.650000004679137,29.250000000214,
5.27500000023468));
#61740=VERTEX_POINT('',#61730);
#61750=EDGE_CURVE('',#61660,#61740,#61720,.T.);
#61760=ORIENTED_EDGE('',*,*,#61750,.F.);
#61770=CARTESIAN_POINT('',(-0.650000004680082,29.250000000214,
5.15000001012958));
#61780=DIRECTION('',(-7.56414481409698E-12,-4.08396006637991E-13,-1.));
#61790=VECTOR('',#61780,1.);
#61800=LINE('',#61770,#61790);
#61810=CARTESIAN_POINT('',(-0.650000004683003,29.2500000002138,
4.76389265173664));
#61820=VERTEX_POINT('',#61810);
#61830=EDGE_CURVE('',#61740,#61820,#61800,.T.);
#61840=ORIENTED_EDGE('',*,*,#61830,.F.);
#61850=CARTESIAN_POINT('',(-0.326017462662535,29.250000000214,
5.15000001012958));
#61860=DIRECTION('',(-0.642787609684347,-2.35089725464377E-13,
-0.766044443120817));
#61870=VECTOR('',#61860,1.);
#61880=LINE('',#61850,#61870);
#61890=CARTESIAN_POINT('',(-1.15000000387756,29.2500000002137,
4.16801585639596));
#61900=VERTEX_POINT('',#61890);
#61910=EDGE_CURVE('',#61820,#61900,#61880,.T.);
#61920=ORIENTED_EDGE('',*,*,#61910,.F.);
#61930=CARTESIAN_POINT('',(-1.15000000394101,29.2500000002141,
5.15000001012958));
#61940=DIRECTION('',(6.46138767349211E-11,-4.08396006646726E-13,-1.));
#61950=VECTOR('',#61940,1.);
#61960=LINE('',#61930,#61950);
#61970=CARTESIAN_POINT('',(-1.15000000377185,29.250000000213,
2.53198266376918));
#61980=VERTEX_POINT('',#61970);
#61990=EDGE_CURVE('',#61900,#61980,#61960,.T.);
#62000=ORIENTED_EDGE('',*,*,#61990,.F.);
#62010=CARTESIAN_POINT('',(-3.34677739353135,29.2500000002143,
5.15000001012958));
#62020=DIRECTION('',(0.642787609688732,-3.90687482365593E-13,
-0.766044443117138));
#62030=VECTOR('',#62020,1.);
#62040=LINE('',#62010,#62030);
#62050=EDGE_CURVE('',#61980,#61160,#62040,.T.);
#62060=ORIENTED_EDGE('',*,*,#62050,.F.);
#62070=EDGE_LOOP('',(#62060,#62000,#61920,#61840,#61760,#61680,#61600,
#61520,#61440,#61360,#61280,#61200));
#62080=FACE_BOUND('',#62070,.T.);
#62090=CARTESIAN_POINT('',(2.39999999987203,29.250000000215,
8.45375421930598));
#62100=DIRECTION('',(-0.707106781186895,3.74394959479218E-13,
0.7071067811862));
#62110=VECTOR('',#62100,1.);
#62120=LINE('',#62090,#62110);
#62130=CARTESIAN_POINT('',(6.84999999863796,29.2500000002126,
4.00375422054442));
#62140=VERTEX_POINT('',#62130);
#62150=CARTESIAN_POINT('',(6.45000000162354,29.2500000002128,
4.40375421755844));
#62160=VERTEX_POINT('',#62150);
#62170=EDGE_CURVE('',#62140,#62160,#62120,.T.);
#62180=ORIENTED_EDGE('',*,*,#62170,.F.);
#62190=CARTESIAN_POINT('',(6.45000000157532,29.2500000002131,
5.15000001012958));
#62200=DIRECTION('',(-6.46138767349212E-11,4.08396006646726E-13,1.));
#62210=VECTOR('',#62200,1.);
#62220=LINE('',#62190,#62210);
#62230=CARTESIAN_POINT('',(6.45000000156725,29.2500000002132,
5.2749999999559));
#62240=VERTEX_POINT('',#62230);
#62250=EDGE_CURVE('',#62160,#62240,#62220,.T.);
#62260=ORIENTED_EDGE('',*,*,#62250,.F.);
#62270=CARTESIAN_POINT('',(2.39999999987203,29.2500000002137,
5.27499999969088));
#62280=DIRECTION('',(1.,-1.21042065233068E-13,6.5435938273331E-11));
#62290=VECTOR('',#62280,1.);
#62300=LINE('',#62270,#62290);
#62310=CARTESIAN_POINT('',(10.7499999983533,29.2500000002127,
5.27500000023727));
#62320=VERTEX_POINT('',#62310);
#62330=EDGE_CURVE('',#62240,#62320,#62300,.T.);
#62340=ORIENTED_EDGE('',*,*,#62330,.F.);
#62350=CARTESIAN_POINT('',(10.7499999983523,29.2500000002126,
5.15000001012958));
#62360=DIRECTION('',(-7.56414481409698E-12,-4.08396006637991E-13,-1.));
#62370=VECTOR('',#62360,1.);
#62380=LINE('',#62350,#62370);
#62390=CARTESIAN_POINT('',(10.7499999983494,29.2500000002125,
4.76389265173921));
#62400=VERTEX_POINT('',#62390);
#62410=EDGE_CURVE('',#62320,#62400,#62380,.T.);
#62420=ORIENTED_EDGE('',*,*,#62410,.F.);
#62430=CARTESIAN_POINT('',(11.0739825403677,29.2500000002126,
5.15000001012958));
#62440=DIRECTION('',(-0.642787609684347,-2.35089725464377E-13,
-0.766044443120817));
#62450=VECTOR('',#62440,1.);
#62460=LINE('',#62430,#62450);
#62470=CARTESIAN_POINT('',(10.2499999991549,29.2500000002123,
4.16801585639853));
#62480=VERTEX_POINT('',#62470);
#62490=EDGE_CURVE('',#62400,#62480,#62460,.T.);
#62500=ORIENTED_EDGE('',*,*,#62490,.F.);
#62510=CARTESIAN_POINT('',(10.2499999990914,29.2500000002127,
5.15000001012958));
#62520=DIRECTION('',(6.46138767349211E-11,-4.08396006646726E-13,-1.));
#62530=VECTOR('',#62520,1.);
#62540=LINE('',#62510,#62530);
#62550=CARTESIAN_POINT('',(10.2499999992606,29.2500000002116,
2.53198266969837));
#62560=VERTEX_POINT('',#62550);
#62570=EDGE_CURVE('',#62480,#62560,#62540,.T.);
#62580=ORIENTED_EDGE('',*,*,#62570,.F.);
#62590=CARTESIAN_POINT('',(8.05322261447625,29.2500000002129,
5.15000001012958));
#62600=DIRECTION('',(0.642787609688732,-3.90687482365593E-13,
-0.766044443117138));
#62610=VECTOR('',#62600,1.);
#62620=LINE('',#62590,#62610);
#62630=CARTESIAN_POINT('',(10.7499999983296,29.2500000002113,
1.93610587451423));
#62640=VERTEX_POINT('',#62630);
#62650=EDGE_CURVE('',#62560,#62640,#62620,.T.);
#62660=ORIENTED_EDGE('',*,*,#62650,.F.);
#62670=CARTESIAN_POINT('',(10.7499999983539,29.2500000002126,
5.15000001012958));
#62680=DIRECTION('',(-7.56414481409698E-12,-4.08396006637991E-13,-1.));
#62690=VECTOR('',#62680,1.);
#62700=LINE('',#62670,#62690);
#62710=CARTESIAN_POINT('',(10.7499999983257,29.2500000002111,
1.42500000034275));
#62720=VERTEX_POINT('',#62710);
#62730=EDGE_CURVE('',#62640,#62720,#62700,.T.);
#62740=ORIENTED_EDGE('',*,*,#62730,.F.);
#62750=CARTESIAN_POINT('',(2.39999999987203,29.2500000002121,
1.42499999982484));
#62760=DIRECTION('',(-1.,1.21042065234464E-13,-6.20252038688087E-11));
#62770=VECTOR('',#62760,1.);
#62780=LINE('',#62750,#62770);
#62790=CARTESIAN_POINT('',(6.44999999865585,29.2500000002116,
1.42500000007636));
#62800=VERTEX_POINT('',#62790);
#62810=EDGE_CURVE('',#62720,#62800,#62780,.T.);
#62820=ORIENTED_EDGE('',*,*,#62810,.F.);
#62830=CARTESIAN_POINT('',(6.44999999841516,29.2500000002131,
5.15000001012958));
#62840=DIRECTION('',(-6.46138767349212E-11,4.08396006646726E-13,1.));
#62850=VECTOR('',#62840,1.);
#62860=LINE('',#62830,#62850);
#62870=CARTESIAN_POINT('',(6.44999999860302,29.250000000212,
2.24249007101448));
#62880=VERTEX_POINT('',#62870);
#62890=EDGE_CURVE('',#62800,#62880,#62860,.T.);
#62900=ORIENTED_EDGE('',*,*,#62890,.F.);
#62910=CARTESIAN_POINT('',(9.35750993771589,29.2500000002128,
5.15000001012958));
#62920=DIRECTION('',(0.707106781186276,2.03281835808866E-13,
0.707106781186819));
#62930=VECTOR('',#62920,1.);
#62940=LINE('',#62910,#62930);
#62950=CARTESIAN_POINT('',(6.84999999872955,29.2500000002121,
2.64249007114131));
#62960=VERTEX_POINT('',#62950);
#62970=EDGE_CURVE('',#62880,#62960,#62940,.T.);
#62980=ORIENTED_EDGE('',*,*,#62970,.F.);
#62990=CARTESIAN_POINT('',(6.84999999856083,29.2500000002131,
5.15000001012958));
#63000=DIRECTION('',(-6.72842083041265E-11,4.08396006647049E-13,1.));
#63010=VECTOR('',#63000,1.);
#63020=LINE('',#62990,#63010);
#63030=EDGE_CURVE('',#62960,#62140,#63020,.T.);
#63040=ORIENTED_EDGE('',*,*,#63030,.F.);
#63050=EDGE_LOOP('',(#63040,#62980,#62900,#62820,#62740,#62660,#62580,
#62500,#62420,#62340,#62260,#62180));
#63060=FACE_BOUND('',#63050,.T.);
#63070=ORIENTED_EDGE('',*,*,#10080,.T.);
#63080=CARTESIAN_POINT('',(15.4999999927647,29.250000000212,
5.15000001012958));
#63090=DIRECTION('',(3.1977121752627E-14,4.08396006638903E-13,1.));
#63100=VECTOR('',#63090,1.);
#63110=LINE('',#63080,#63100);
#63120=CARTESIAN_POINT('',(15.4999999927647,29.2500000002123,
5.89007575811474));
#63130=VERTEX_POINT('',#63120);
#63140=EDGE_CURVE('',#63130,#10030,#63110,.T.);
#63150=ORIENTED_EDGE('',*,*,#63140,.T.);
#63160=CARTESIAN_POINT('',(14.2999999983274,29.2500000002114,
3.25000000006867));
#63170=DIRECTION('',(5.9656937493592E-10,-1.,4.08396260867947E-13));
#63180=DIRECTION('',(-1.,-5.9656937493592E-10,6.3954243017858E-14));
#63190=AXIS2_PLACEMENT_3D('',#63160,#63170,#63180);
#63200=CIRCLE('',#63190,2.9);
#63210=CARTESIAN_POINT('',(14.2999999985071,29.2500000002102,
0.350000000068671));
#63220=VERTEX_POINT('',#63210);
#63230=EDGE_CURVE('',#63220,#63130,#63200,.T.);
#63240=ORIENTED_EDGE('',*,*,#63230,.T.);
#63250=CARTESIAN_POINT('',(2.39999999987203,29.2500000002117,
0.349999999331332));
#63260=DIRECTION('',(1.,-1.2104206523449E-13,6.19612122574132E-11));
#63270=VECTOR('',#63260,1.);
#63280=LINE('',#63250,#63270);
#63290=CARTESIAN_POINT('',(13.699999998508,29.2500000002103,
0.350000000136077));
#63300=VERTEX_POINT('',#63290);
#63310=EDGE_CURVE('',#63300,#63220,#63280,.T.);
#63320=ORIENTED_EDGE('',*,*,#63310,.T.);
#63330=CARTESIAN_POINT('',(13.7000000015501,29.2500000002115,
3.25000000001016));
#63340=DIRECTION('',(-5.9656937493592E-10,1.,-4.08396260867947E-13));
#63350=DIRECTION('',(-1.,-5.9656937493592E-10,6.3954243017858E-14));
#63360=AXIS2_PLACEMENT_3D('',#63330,#63340,#63350);
#63370=CIRCLE('',#63360,2.89999999987409);
#63380=CARTESIAN_POINT('',(12.5000000033618,29.2500000002127,
5.89007575718413));
#63390=VERTEX_POINT('',#63380);
#63400=EDGE_CURVE('',#63300,#63390,#63370,.T.);
#63410=ORIENTED_EDGE('',*,*,#63400,.F.);
#63420=CARTESIAN_POINT('',(12.5000000033618,29.2500000002124,
5.15000001012958));
#63430=DIRECTION('',(-3.19771217525304E-14,-4.08396006638903E-13,-1.));
#63440=VECTOR('',#63430,1.);
#63450=LINE('',#63420,#63440);
#63460=EDGE_CURVE('',#9610,#63390,#63450,.T.);
#63470=ORIENTED_EDGE('',*,*,#63460,.T.);
#63480=ORIENTED_EDGE('',*,*,#9620,.T.);
#63490=CARTESIAN_POINT('',(4.09999998973224,29.2500000002134,
5.15000001012958));
#63500=DIRECTION('',(3.1977121752627E-14,4.08396006638903E-13,1.));
#63510=VECTOR('',#63500,1.);
#63520=LINE('',#63490,#63510);
#63530=CARTESIAN_POINT('',(4.09999999186891,29.2500000009298,
5.89007575811216));
#63540=VERTEX_POINT('',#63530);
#63550=EDGE_CURVE('',#63540,#9570,#63520,.T.);
#63560=ORIENTED_EDGE('',*,*,#63550,.T.);
#63570=CARTESIAN_POINT('',(2.89999999529497,29.2500000002128,
3.25000000006608));
#63580=DIRECTION('',(5.9656937493592E-10,-1.,4.08396260867947E-13));
#63590=DIRECTION('',(-1.,-5.9656937493592E-10,6.3954243017858E-14));
#63600=AXIS2_PLACEMENT_3D('',#63570,#63580,#63590);
#63610=CIRCLE('',#63600,2.9);
#63620=CARTESIAN_POINT('',(2.89999999547466,29.2500000002116,
0.350000000066085));
#63630=VERTEX_POINT('',#63620);
#63640=EDGE_CURVE('',#63630,#63540,#63610,.T.);
#63650=ORIENTED_EDGE('',*,*,#63640,.T.);
#63660=CARTESIAN_POINT('',(2.39999999987203,29.2500000002117,
0.350000000035103));
#63670=DIRECTION('',(1.,-1.2104206523449E-13,6.19612122574132E-11));
#63680=VECTOR('',#63670,1.);
#63690=LINE('',#63660,#63680);
#63700=CARTESIAN_POINT('',(2.29999999547557,29.2500000002117,
0.350000000028909));
#63710=VERTEX_POINT('',#63700);
#63720=EDGE_CURVE('',#63710,#63630,#63690,.T.);
#63730=ORIENTED_EDGE('',*,*,#63720,.T.);
#63740=CARTESIAN_POINT('',(2.29999999851768,29.2500000002129,
3.25000000000758));
#63750=DIRECTION('',(-5.9656937493592E-10,1.,-4.08396260867947E-13));
#63760=DIRECTION('',(-1.,-5.9656937493592E-10,6.3954243017858E-14));
#63770=AXIS2_PLACEMENT_3D('',#63740,#63750,#63760);
#63780=CIRCLE('',#63770,2.89999999987409);
#63790=CARTESIAN_POINT('',(1.10000000200118,29.2499999994981,
5.89007575794145));
#63800=VERTEX_POINT('',#63790);
#63810=EDGE_CURVE('',#63710,#63800,#63780,.T.);
#63820=ORIENTED_EDGE('',*,*,#63810,.F.);
#63830=CARTESIAN_POINT('',(1.10000000032932,29.2500000002138,
5.15000001012958));
#63840=DIRECTION('',(-3.19771217525304E-14,-4.08396006638903E-13,-1.));
#63850=VECTOR('',#63840,1.);
#63860=LINE('',#63830,#63850);
#63870=EDGE_CURVE('',#9150,#63800,#63860,.T.);
#63880=ORIENTED_EDGE('',*,*,#63870,.T.);
#63890=ORIENTED_EDGE('',*,*,#9160,.T.);
#63900=CARTESIAN_POINT('',(-6.74999999998198,29.2500000002147,
5.15000001012958));
#63910=DIRECTION('',(-3.19771212653255E-14,-4.08396006638903E-13,-1.));
#63920=VECTOR('',#63910,1.);
#63930=LINE('',#63900,#63920);
#63940=CARTESIAN_POINT('',(-6.74999999998193,29.250000000213,
0.800000009986749));
#63950=VERTEX_POINT('',#63940);
#63960=EDGE_CURVE('',#9070,#63950,#63930,.T.);
#63970=ORIENTED_EDGE('',*,*,#63960,.F.);
#63980=CARTESIAN_POINT('',(2.39999999987203,29.2500000002119,
0.800000010010944));
#63990=DIRECTION('',(1.,-1.21042065258715E-13,2.64420503363942E-12));
#64000=VECTOR('',#63990,1.);
#64010=LINE('',#63980,#64000);
#64020=EDGE_CURVE('',#60850,#63950,#64010,.T.);
#64030=ORIENTED_EDGE('',*,*,#64020,.T.);
#64040=ORIENTED_EDGE('',*,*,#60940,.T.);
#64050=ORIENTED_EDGE('',*,*,#2440,.T.);
#64060=ORIENTED_EDGE('',*,*,#17270,.F.);
#64070=EDGE_LOOP('',(#64060,#64050,#64040,#64030,#63970,#63890,#63880,
#63820,#63730,#63650,#63560,#63480,#63470,#63410,#63320,#63240,#63150,
#63070));
#64080=FACE_OUTER_BOUND('',#64070,.T.);
#64090=ADVANCED_FACE('',(#62080,#63060,#64080),#61100,.F.);
#64100=COLOUR_RGB('',0.560784339904785,0.588235318660736,
0.600000023841858);
#64110=FILL_AREA_STYLE_COLOUR('',#64100);
#64120=FILL_AREA_STYLE('',(#64110));
#64130=SURFACE_STYLE_FILL_AREA(#64120);
#64140=SURFACE_SIDE_STYLE('',(#64130));
#64150=SURFACE_STYLE_USAGE(.BOTH.,#64140);
#64160=PRESENTATION_STYLE_ASSIGNMENT((#64150));
#64170=CARTESIAN_POINT('',(-34.9189280411926,29.1499999997088,
0.279518361583357));
#64180=DIRECTION('',(-1.23069611928547E-13,1.,-4.08396006638899E-13));
#64190=DIRECTION('',(1.,1.23069611928534E-13,-3.19771212653758E-14));
#64200=AXIS2_PLACEMENT_3D('',#64170,#64180,#64190);
#64210=PLANE('',#64200);
#64220=CARTESIAN_POINT('',(-2.90000003404333,29.149999999714,
3.34999997097389));
#64230=DIRECTION('',(-1.23069611928547E-13,1.,-4.08396006638899E-13));
#64240=DIRECTION('',(1.,1.23069611932782E-13,1.03690421285626E-11));
#64250=AXIS2_PLACEMENT_3D('',#64220,#64230,#64240);
#64260=CIRCLE('',#64250,1.);
#64270=CARTESIAN_POINT('',(-2.50000003406593,29.1499999997145,
4.26651510997492));
#64280=VERTEX_POINT('',#64270);
#64290=CARTESIAN_POINT('',(-2.50000003410659,29.1499999997137,
2.43348483195511));
#64300=VERTEX_POINT('',#64290);
#64310=EDGE_CURVE('',#64280,#64300,#64260,.T.);
#64320=ORIENTED_EDGE('',*,*,#64310,.F.);
#64330=CARTESIAN_POINT('',(-2.50000003403917,29.1499999997148,
5.15000001012958));
#64340=DIRECTION('',(2.48200988849446E-11,4.08396006641953E-13,1.));
#64350=VECTOR('',#64340,1.);
#64360=LINE('',#64330,#64350);
#64370=CARTESIAN_POINT('',(-2.50000003413162,29.1499999997133,
1.42500000022546));
#64380=VERTEX_POINT('',#64370);
#64390=EDGE_CURVE('',#64380,#64300,#64360,.T.);
#64400=ORIENTED_EDGE('',*,*,#64390,.T.);
#64410=CARTESIAN_POINT('',(-36.1000000048662,29.1499999997092,
1.42499999814041));
#64420=DIRECTION('',(1.,1.2306961195389E-13,6.20550663018633E-11));
#64430=VECTOR('',#64420,1.);
#64440=LINE('',#64410,#64430);
#64450=CARTESIAN_POINT('',(-0.650000004708242,29.1499999997135,
1.42500000034026));
#64460=VERTEX_POINT('',#64450);
#64470=EDGE_CURVE('',#64380,#64460,#64440,.T.);
#64480=ORIENTED_EDGE('',*,*,#64470,.F.);
#64490=CARTESIAN_POINT('',(-0.650000004680065,29.1499999997151,
5.15000001012958));
#64500=DIRECTION('',(-7.56414481409698E-12,-4.0839600663983E-13,-1.));
#64510=VECTOR('',#64500,1.);
#64520=LINE('',#64490,#64510);
#64530=CARTESIAN_POINT('',(-0.650000004704375,29.1499999997137,
1.93610586858694));
#64540=VERTEX_POINT('',#64530);
#64550=EDGE_CURVE('',#64540,#64460,#64520,.T.);
#64560=ORIENTED_EDGE('',*,*,#64550,.T.);
#64570=CARTESIAN_POINT('',(-3.3467773935313,29.1499999997147,
5.15000001012958));
#64580=DIRECTION('',(-0.642787609688732,2.33757457834827E-13,
0.766044443117138));
#64590=VECTOR('',#64580,1.);
#64600=LINE('',#64570,#64590);
#64610=CARTESIAN_POINT('',(-1.15000000377184,29.1499999997139,
2.53198266376922));
#64620=VERTEX_POINT('',#64610);
#64630=EDGE_CURVE('',#64540,#64620,#64600,.T.);
#64640=ORIENTED_EDGE('',*,*,#64630,.F.);
#64650=CARTESIAN_POINT('',(-1.150000003941,29.149999999715,
5.15000001012958));
#64660=DIRECTION('',(6.46138767349211E-11,-4.08396006630945E-13,-1.));
#64670=VECTOR('',#64660,1.);
#64680=LINE('',#64650,#64670);
#64690=CARTESIAN_POINT('',(-1.15000000387755,29.1499999997146,
4.168015856396));
#64700=VERTEX_POINT('',#64690);
#64710=EDGE_CURVE('',#64700,#64620,#64680,.T.);
#64720=ORIENTED_EDGE('',*,*,#64710,.T.);
#64730=CARTESIAN_POINT('',(-0.326017462662557,29.1499999997151,
5.15000001012958));
#64740=DIRECTION('',(0.642787609684347,3.92019749995143E-13,
0.766044443120817));
#64750=VECTOR('',#64740,1.);
#64760=LINE('',#64730,#64750);
#64770=CARTESIAN_POINT('',(-0.65000000468299,29.1499999997149,
4.76389265173668));
#64780=VERTEX_POINT('',#64770);
#64790=EDGE_CURVE('',#64700,#64780,#64760,.T.);
#64800=ORIENTED_EDGE('',*,*,#64790,.F.);
#64810=CARTESIAN_POINT('',(-0.65000000468007,29.1499999997151,
5.15000001012958));
#64820=DIRECTION('',(7.56414481409698E-12,4.0839600663983E-13,1.));
#64830=VECTOR('',#64820,1.);
#64840=LINE('',#64810,#64830);
#64850=CARTESIAN_POINT('',(-0.650000004679125,29.1499999997151,
5.27500000023473));
#64860=VERTEX_POINT('',#64850);
#64870=EDGE_CURVE('',#64780,#64860,#64840,.T.);
#64880=ORIENTED_EDGE('',*,*,#64870,.F.);
#64890=CARTESIAN_POINT('',(-36.1000000048208,29.1499999997107,
5.27499999791502));
#64900=DIRECTION('',(1.,1.23069611955271E-13,6.54359382733309E-11));
#64910=VECTOR('',#64900,1.);
#64920=LINE('',#64890,#64910);
#64930=CARTESIAN_POINT('',(-2.50000003404331,29.1499999997149,
5.27500000011367));
#64940=VERTEX_POINT('',#64930);
#64950=EDGE_CURVE('',#64940,#64860,#64920,.T.);
#64960=ORIENTED_EDGE('',*,*,#64950,.T.);
#64970=CARTESIAN_POINT('',(-2.50000003404612,29.1499999997148,
5.15000001012958));
#64980=DIRECTION('',(2.24217994183992E-11,4.08396006641659E-13,1.));
#64990=VECTOR('',#64980,1.);
#65000=LINE('',#64970,#64990);
#65010=EDGE_CURVE('',#64280,#64940,#65000,.T.);
#65020=ORIENTED_EDGE('',*,*,#65010,.T.);
#65030=EDGE_LOOP('',(#65020,#64960,#64880,#64800,#64720,#64640,#64560,
#64480,#64400,#64320));
#65040=FACE_OUTER_BOUND('',#65030,.T.);
#65050=ADVANCED_FACE('',(#65040),#64210,.T.);
#65060=COLOUR_RGB('',0.980392217636108,0.517647087574005,
0.168627455830574);
#65070=FILL_AREA_STYLE_COLOUR('',#65060);
#65080=FILL_AREA_STYLE('',(#65070));
#65090=SURFACE_STYLE_FILL_AREA(#65080);
#65100=SURFACE_SIDE_STYLE('',(#65090));
#65110=SURFACE_STYLE_USAGE(.BOTH.,#65100);
#65120=PRESENTATION_STYLE_ASSIGNMENT((#65110));
#65130=CARTESIAN_POINT('',(-2.90000003404333,29.149999999714,
3.34999997097389));
#65140=DIRECTION('',(-1.23069611928547E-13,1.,-4.08396006638899E-13));
#65150=DIRECTION('',(1.,1.23069611932782E-13,1.03690421285626E-11));
#65160=AXIS2_PLACEMENT_3D('',#65130,#65140,#65150);
#65170=CYLINDRICAL_SURFACE('',#65160,1.);
#65180=CARTESIAN_POINT('',(-2.50000003406592,29.1499999997145,
4.26651510997492));
#65190=DIRECTION('',(-1.23069611928547E-13,1.,-4.08396006638899E-13));
#65200=VECTOR('',#65190,1.);
#65210=LINE('',#65180,#65200);
#65220=CARTESIAN_POINT('',(-2.50000003406586,28.6499999997145,
4.26651510997512));
#65230=VERTEX_POINT('',#65220);
#65240=EDGE_CURVE('',#65230,#64280,#65210,.T.);
#65250=ORIENTED_EDGE('',*,*,#65240,.T.);
#65260=CARTESIAN_POINT('',(-2.90000003404327,28.649999999714,
3.34999997097409));
#65270=DIRECTION('',(-1.23069611928547E-13,1.,-4.08396006638899E-13));
#65280=DIRECTION('',(1.,1.23069611932782E-13,1.03690421285626E-11));
#65290=AXIS2_PLACEMENT_3D('',#65260,#65270,#65280);
#65300=CIRCLE('',#65290,1.);
#65310=CARTESIAN_POINT('',(-2.50000003410653,28.6499999997137,
2.43348483195532));
#65320=VERTEX_POINT('',#65310);
#65330=EDGE_CURVE('',#65230,#65320,#65300,.T.);
#65340=ORIENTED_EDGE('',*,*,#65330,.F.);
#65350=CARTESIAN_POINT('',(-2.50000003410659,29.1499999997137,
2.43348483195511));
#65360=DIRECTION('',(-1.23069611928547E-13,1.,-4.08396006638899E-13));
#65370=VECTOR('',#65360,1.);
#65380=LINE('',#65350,#65370);
#65390=EDGE_CURVE('',#65320,#64300,#65380,.T.);
#65400=ORIENTED_EDGE('',*,*,#65390,.F.);
#65410=ORIENTED_EDGE('',*,*,#64310,.T.);
#65420=EDGE_LOOP('',(#65410,#65400,#65340,#65250));
#65430=FACE_OUTER_BOUND('',#65420,.T.);
#65440=ADVANCED_FACE('',(#65430),#65170,.F.);
#65450=COLOUR_RGB('',0.980392217636108,0.517647087574005,
0.168627455830574);
#65460=FILL_AREA_STYLE_COLOUR('',#65450);
#65470=FILL_AREA_STYLE('',(#65460));
#65480=SURFACE_STYLE_FILL_AREA(#65470);
#65490=SURFACE_SIDE_STYLE('',(#65480));
#65500=SURFACE_STYLE_USAGE(.BOTH.,#65490);
#65510=PRESENTATION_STYLE_ASSIGNMENT((#65500));
#65520=CARTESIAN_POINT('',(-30.9000000003473,28.6499999997106,
3.3499999995428));
#65530=DIRECTION('',(-1.23069611928547E-13,1.,-4.08396006638899E-13));
#65540=DIRECTION('',(1.,1.23069611928534E-13,-3.19771212653758E-14));
#65550=AXIS2_PLACEMENT_3D('',#65520,#65530,#65540);
#65560=PLANE('',#65550);
#65570=CARTESIAN_POINT('',(-2.50000003404605,28.6499999997148,
5.15000001012958));
#65580=DIRECTION('',(2.24217994183992E-11,4.08396006641659E-13,1.));
#65590=VECTOR('',#65580,1.);
#65600=LINE('',#65570,#65590);
#65610=CARTESIAN_POINT('',(-2.50000003404325,28.6499999997149,
5.27500000011387));
#65620=VERTEX_POINT('',#65610);
#65630=EDGE_CURVE('',#65230,#65620,#65600,.T.);
#65640=ORIENTED_EDGE('',*,*,#65630,.F.);
#65650=CARTESIAN_POINT('',(-3.30000003406322,28.6499999997148,
5.27500000006152));
#65660=DIRECTION('',(1.,1.23069611955271E-13,6.5435931748953E-11));
#65670=VECTOR('',#65660,1.);
#65680=LINE('',#65650,#65670);
#65690=CARTESIAN_POINT('',(-3.30000003406322,28.6499999997148,
5.27500000006152));
#65700=VERTEX_POINT('',#65690);
#65710=EDGE_CURVE('',#65700,#65620,#65680,.T.);
#65720=ORIENTED_EDGE('',*,*,#65710,.T.);
#65730=CARTESIAN_POINT('',(-3.30000003406192,28.6499999997147,
5.15000001012958));
#65740=DIRECTION('',(-1.03706392448422E-11,4.08396006637622E-13,1.));
#65750=VECTOR('',#65740,1.);
#65760=LINE('',#65730,#65750);
#65770=CARTESIAN_POINT('',(-3.30000003405276,28.6499999997144,
4.26651510996112));
#65780=VERTEX_POINT('',#65770);
#65790=EDGE_CURVE('',#65780,#65700,#65760,.T.);
#65800=ORIENTED_EDGE('',*,*,#65790,.T.);
#65810=CARTESIAN_POINT('',(-2.90000003404327,28.649999999714,
3.34999997097409));
#65820=DIRECTION('',(-1.23069611928547E-13,1.,-4.08396006638899E-13));
#65830=DIRECTION('',(1.,1.23069611932782E-13,1.03690421285626E-11));
#65840=AXIS2_PLACEMENT_3D('',#65810,#65820,#65830);
#65850=CIRCLE('',#65840,1.);
#65860=CARTESIAN_POINT('',(-3.30000003403376,28.6499999997136,
2.43348483197877));
#65870=VERTEX_POINT('',#65860);
#65880=EDGE_CURVE('',#65870,#65780,#65850,.T.);
#65890=ORIENTED_EDGE('',*,*,#65880,.T.);
#65900=CARTESIAN_POINT('',(-3.30000003406193,28.6499999997147,
5.15000001012958));
#65910=DIRECTION('',(1.03706399758997E-11,-4.08396006637622E-13,-1.));
#65920=VECTOR('',#65910,1.);
#65930=LINE('',#65900,#65920);
#65940=CARTESIAN_POINT('',(-3.3000000340233,28.6499999997132,
1.42500000017641));
#65950=VERTEX_POINT('',#65940);
#65960=EDGE_CURVE('',#65870,#65950,#65930,.T.);
#65970=ORIENTED_EDGE('',*,*,#65960,.F.);
#65980=CARTESIAN_POINT('',(-3.3000000340233,28.6499999997132,
1.42500000017641));
#65990=DIRECTION('',(1.,1.2306961195389E-13,6.20550250932498E-11));
#66000=VECTOR('',#65990,1.);
#66010=LINE('',#65980,#66000);
#66020=CARTESIAN_POINT('',(-2.50000003413156,28.6499999997133,
1.42500000022606));
#66030=VERTEX_POINT('',#66020);
#66040=EDGE_CURVE('',#65950,#66030,#66010,.T.);
#66050=ORIENTED_EDGE('',*,*,#66040,.F.);
#66060=CARTESIAN_POINT('',(-2.50000003403911,28.6499999997148,
5.15000001012958));
#66070=DIRECTION('',(2.48200988849446E-11,4.08396006641953E-13,1.));
#66080=VECTOR('',#66070,1.);
#66090=LINE('',#66060,#66080);
#66100=EDGE_CURVE('',#66030,#65320,#66090,.T.);
#66110=ORIENTED_EDGE('',*,*,#66100,.F.);
#66120=ORIENTED_EDGE('',*,*,#65330,.T.);
#66130=EDGE_LOOP('',(#66120,#66110,#66050,#65970,#65890,#65800,#65720,
#65640));
#66140=FACE_OUTER_BOUND('',#66130,.T.);
#66150=ADVANCED_FACE('',(#66140),#65560,.T.);
#66160=COLOUR_RGB('',0.980392217636108,0.517647087574005,
0.168627455830574);
#66170=FILL_AREA_STYLE_COLOUR('',#66160);
#66180=FILL_AREA_STYLE('',(#66170));
#66190=SURFACE_STYLE_FILL_AREA(#66180);
#66200=SURFACE_SIDE_STYLE('',(#66190));
#66210=SURFACE_STYLE_USAGE(.BOTH.,#66200);
#66220=PRESENTATION_STYLE_ASSIGNMENT((#66210));
#66230=CARTESIAN_POINT('',(-2.50000003406191,29.1499999997145,
4.44544508599778));
#66240=DIRECTION('',(-1.,-1.2306961191939E-13,2.24217994183993E-11));
#66250=DIRECTION('',(-2.24217994183992E-11,-4.08396006641658E-13,-1.));
#66260=AXIS2_PLACEMENT_3D('',#66230,#66240,#66250);
#66270=PLANE('',#66260);
#66280=ORIENTED_EDGE('',*,*,#65010,.F.);
#66290=CARTESIAN_POINT('',(-2.50000003404331,29.1499999997149,
5.27500000011367));
#66300=DIRECTION('',(1.23069611928547E-13,-1.,4.08396006638899E-13));
#66310=VECTOR('',#66300,1.);
#66320=LINE('',#66290,#66310);
#66330=EDGE_CURVE('',#64940,#65620,#66320,.T.);
#66340=ORIENTED_EDGE('',*,*,#66330,.F.);
#66350=ORIENTED_EDGE('',*,*,#65630,.T.);
#66360=ORIENTED_EDGE('',*,*,#65240,.F.);
#66370=EDGE_LOOP('',(#66360,#66350,#66340,#66280));
#66380=FACE_OUTER_BOUND('',#66370,.T.);
#66390=ADVANCED_FACE('',(#66380),#66270,.T.);
#66400=COLOUR_RGB('',0.980392217636108,0.517647087574005,
0.168627455830574);
#66410=FILL_AREA_STYLE_COLOUR('',#66400);
#66420=FILL_AREA_STYLE('',(#66410));
#66430=SURFACE_STYLE_FILL_AREA(#66420);
#66440=SURFACE_SIDE_STYLE('',(#66430));
#66450=SURFACE_STYLE_USAGE(.BOTH.,#66440);
#66460=PRESENTATION_STYLE_ASSIGNMENT((#66450));
#66470=CARTESIAN_POINT('',(-1.15000000377655,29.249999999714,
2.60477671061539));
#66480=DIRECTION('',(-1.,-1.23069611954935E-13,-6.46138767349211E-11));
#66490=DIRECTION('',(6.46138767349211E-11,-4.08396006630947E-13,-1.));
#66500=AXIS2_PLACEMENT_3D('',#66470,#66480,#66490);
#66510=PLANE('',#66500);
#66520=ORIENTED_EDGE('',*,*,#61990,.T.);
#66530=CARTESIAN_POINT('',(-1.1500000038751,9.25000000017709,
4.16801585640413));
#66540=DIRECTION('',(-1.23069611928547E-13,1.,-4.08396006638899E-13));
#66550=VECTOR('',#66540,1.);
#66560=LINE('',#66530,#66550);
#66570=EDGE_CURVE('',#64700,#61900,#66560,.T.);
#66580=ORIENTED_EDGE('',*,*,#66570,.T.);
#66590=ORIENTED_EDGE('',*,*,#64710,.F.);
#66600=CARTESIAN_POINT('',(-1.15000000376939,9.25000000017709,
2.53198266377735));
#66610=DIRECTION('',(-1.23069611928547E-13,1.,-4.08396006638899E-13));
#66620=VECTOR('',#66610,1.);
#66630=LINE('',#66600,#66620);
#66640=EDGE_CURVE('',#64620,#61980,#66630,.T.);
#66650=ORIENTED_EDGE('',*,*,#66640,.F.);
#66660=EDGE_LOOP('',(#66650,#66590,#66580,#66520));
#66670=FACE_OUTER_BOUND('',#66660,.T.);
#66680=ADVANCED_FACE('',(#66670),#66510,.T.);
#66690=COLOUR_RGB('',0.560784339904785,0.588235318660736,
0.600000023841858);
#66700=FILL_AREA_STYLE_COLOUR('',#66690);
#66710=FILL_AREA_STYLE('',(#66700));
#66720=SURFACE_STYLE_FILL_AREA(#66710);
#66730=SURFACE_SIDE_STYLE('',(#66720));
#66740=SURFACE_STYLE_USAGE(.BOTH.,#66730);
#66750=PRESENTATION_STYLE_ASSIGNMENT((#66740));
#66760=CARTESIAN_POINT('',(-0.850000008290145,29.2499999997148,
4.52554192891759));
#66770=DIRECTION('',(-0.766044443120817,1.68235100577152E-13,
0.642787609684347));
#66780=DIRECTION('',(-0.642787609684347,-3.91957113154792E-13,
-0.766044443120817));
#66790=AXIS2_PLACEMENT_3D('',#66760,#66770,#66780);
#66800=PLANE('',#66790);
#66810=ORIENTED_EDGE('',*,*,#61910,.T.);
#66820=CARTESIAN_POINT('',(-0.650000004680541,9.25000000017709,
4.76389265174481));
#66830=DIRECTION('',(-1.23069611928547E-13,1.,-4.08396006638899E-13));
#66840=VECTOR('',#66830,1.);
#66850=LINE('',#66820,#66840);
#66860=EDGE_CURVE('',#64780,#61820,#66850,.T.);
#66870=ORIENTED_EDGE('',*,*,#66860,.T.);
#66880=ORIENTED_EDGE('',*,*,#64790,.T.);
#66890=ORIENTED_EDGE('',*,*,#66570,.F.);
#66900=EDGE_LOOP('',(#66890,#66880,#66870,#66810));
#66910=FACE_OUTER_BOUND('',#66900,.T.);
#66920=ADVANCED_FACE('',(#66910),#66800,.T.);
#66930=COLOUR_RGB('',0.560784339904785,0.588235318660736,
0.600000023841858);
#66940=FILL_AREA_STYLE_COLOUR('',#66930);
#66950=FILL_AREA_STYLE('',(#66940));
#66960=SURFACE_STYLE_FILL_AREA(#66950);
#66970=SURFACE_SIDE_STYLE('',(#66960));
#66980=SURFACE_STYLE_USAGE(.BOTH.,#66970);
#66990=PRESENTATION_STYLE_ASSIGNMENT((#66980));
#67000=CARTESIAN_POINT('',(-0.650000004680557,29.249999999715,
5.08723910413632));
#67010=DIRECTION('',(-1.,-1.23069611925458E-13,7.56414481409703E-12));
#67020=DIRECTION('',(-7.56414481409698E-12,-4.0839600663983E-13,-1.));
#67030=AXIS2_PLACEMENT_3D('',#67000,#67010,#67020);
#67040=PLANE('',#67030);
#67050=ORIENTED_EDGE('',*,*,#61830,.T.);
#67060=CARTESIAN_POINT('',(-0.650000004677587,29.2499999997151,
5.27500000023468));
#67070=DIRECTION('',(1.23069611928547E-13,-1.,4.08396006638899E-13));
#67080=VECTOR('',#67070,1.);
#67090=LINE('',#67060,#67080);
#67100=EDGE_CURVE('',#61740,#64860,#67090,.T.);
#67110=ORIENTED_EDGE('',*,*,#67100,.F.);
#67120=ORIENTED_EDGE('',*,*,#64870,.T.);
#67130=ORIENTED_EDGE('',*,*,#66860,.F.);
#67140=EDGE_LOOP('',(#67130,#67120,#67110,#67050));
#67150=FACE_OUTER_BOUND('',#67140,.T.);
#67160=ADVANCED_FACE('',(#67150),#67040,.T.);
#67170=COLOUR_RGB('',0.560784339904785,0.588235318660736,
0.600000023841858);
#67180=FILL_AREA_STYLE_COLOUR('',#67170);
#67190=FILL_AREA_STYLE('',(#67180));
#67200=SURFACE_STYLE_FILL_AREA(#67190);
#67210=SURFACE_SIDE_STYLE('',(#67200));
#67220=SURFACE_STYLE_USAGE(.BOTH.,#67210);
#67230=PRESENTATION_STYLE_ASSIGNMENT((#67220));
#67240=CARTESIAN_POINT('',(-4.85000001668658,29.2499999997142,
4.30375423283453));
#67250=DIRECTION('',(0.7071067811862,3.75802942856643E-13,
0.707106781186895));
#67260=DIRECTION('',(-0.707106781186895,2.01756228551015E-13,
0.7071067811862));
#67270=AXIS2_PLACEMENT_3D('',#67240,#67250,#67260);
#67280=PLANE('',#67270);
#67290=ORIENTED_EDGE('',*,*,#61590,.T.);
#67300=CARTESIAN_POINT('',(-4.55000000132057,9.25000000017709,
4.00375421747944));
#67310=DIRECTION('',(-1.23069611928547E-13,1.,-4.08396006638899E-13));
#67320=VECTOR('',#67310,1.);
#67330=LINE('',#67300,#67320);
#67340=CARTESIAN_POINT('',(-4.55000000132302,29.1499999997141,
4.00375421747132));
#67350=VERTEX_POINT('',#67340);
#67360=EDGE_CURVE('',#67350,#61500,#67330,.T.);
#67370=ORIENTED_EDGE('',*,*,#67360,.T.);
#67380=CARTESIAN_POINT('',(2.39999999987203,29.1499999997121,
-2.94624578371691));
#67390=DIRECTION('',(-0.707106781186895,2.01755279150007E-13,
0.7071067811862));
#67400=VECTOR('',#67390,1.);
#67410=LINE('',#67380,#67400);
#67420=CARTESIAN_POINT('',(-4.95000000458649,29.1499999997142,
4.4037542207344));
#67430=VERTEX_POINT('',#67420);
#67440=EDGE_CURVE('',#67350,#67430,#67410,.T.);
#67450=ORIENTED_EDGE('',*,*,#67440,.F.);
#67460=CARTESIAN_POINT('',(-4.95000000458404,9.25000000017709,
4.40375422074252));
#67470=DIRECTION('',(-1.23069611928547E-13,1.,-4.08396006638899E-13));
#67480=VECTOR('',#67470,1.);
#67490=LINE('',#67460,#67480);
#67500=EDGE_CURVE('',#67430,#61580,#67490,.T.);
#67510=ORIENTED_EDGE('',*,*,#67500,.F.);
#67520=EDGE_LOOP('',(#67510,#67450,#67370,#67290));
#67530=FACE_OUTER_BOUND('',#67520,.T.);
#67540=ADVANCED_FACE('',(#67530),#67280,.T.);
#67550=COLOUR_RGB('',0.560784339904785,0.588235318660736,
0.600000023841858);
#67560=FILL_AREA_STYLE_COLOUR('',#67550);
#67570=FILL_AREA_STYLE('',(#67560));
#67580=SURFACE_STYLE_FILL_AREA(#67570);
#67590=SURFACE_SIDE_STYLE('',(#67580));
#67600=SURFACE_STYLE_USAGE(.BOTH.,#67590);
#67610=PRESENTATION_STYLE_ASSIGNMENT((#67600));
#67620=CARTESIAN_POINT('',(-4.63786797007724,29.2499999997135,
2.55462210536442));
#67630=DIRECTION('',(0.70710678921091,-2.01756224286526E-13,
-0.707106773162185));
#67640=DIRECTION('',(0.707106773162185,3.75802945146107E-13,
0.70710678921091));
#67650=AXIS2_PLACEMENT_3D('',#67620,#67630,#67640);
#67660=PLANE('',#67650);
#67670=CARTESIAN_POINT('',(-4.95000000126577,9.25000000017709,
2.24249006709735));
#67680=DIRECTION('',(-1.23069611928547E-13,1.,-4.08396006638899E-13));
#67690=VECTOR('',#67680,1.);
#67700=LINE('',#67670,#67690);
#67710=CARTESIAN_POINT('',(-4.95000000126822,29.1499999997133,
2.24249006708922));
#67720=VERTEX_POINT('',#67710);
#67730=EDGE_CURVE('',#67720,#61340,#67700,.T.);
#67740=ORIENTED_EDGE('',*,*,#67730,.T.);
#67750=CARTESIAN_POINT('',(-2.04249012421765,29.1499999997149,
5.15000001012958));
#67760=DIRECTION('',(-0.707106773162185,-3.75893760562462E-13,
-0.70710678921091));
#67770=VECTOR('',#67760,1.);
#67780=LINE('',#67750,#67770);
#67790=CARTESIAN_POINT('',(-4.55000000123143,29.1499999997136,
2.64249007620455));
#67800=VERTEX_POINT('',#67790);
#67810=EDGE_CURVE('',#67800,#67720,#67780,.T.);
#67820=ORIENTED_EDGE('',*,*,#67810,.T.);
#67830=CARTESIAN_POINT('',(-4.55000000122898,9.25000000017709,
2.64249007621267));
#67840=DIRECTION('',(-1.23069611928547E-13,1.,-4.08396006638899E-13));
#67850=VECTOR('',#67840,1.);
#67860=LINE('',#67830,#67850);
#67870=EDGE_CURVE('',#67800,#61420,#67860,.T.);
#67880=ORIENTED_EDGE('',*,*,#67870,.F.);
#67890=ORIENTED_EDGE('',*,*,#61430,.T.);
#67900=EDGE_LOOP('',(#67890,#67880,#67820,#67740));
#67910=FACE_OUTER_BOUND('',#67900,.T.);
#67920=ADVANCED_FACE('',(#67910),#67660,.T.);
#67930=COLOUR_RGB('',0.560784339904785,0.588235318660736,
0.600000023841858);
#67940=FILL_AREA_STYLE_COLOUR('',#67930);
#67950=FILL_AREA_STYLE('',(#67940));
#67960=SURFACE_STYLE_FILL_AREA(#67950);
#67970=SURFACE_SIDE_STYLE('',(#67960));
#67980=SURFACE_STYLE_USAGE(.BOTH.,#67970);
#67990=PRESENTATION_STYLE_ASSIGNMENT((#67980));
#68000=CARTESIAN_POINT('',(-4.95000000126288,29.2499999997133,
2.15964736169233));
#68010=DIRECTION('',(1.,1.23069611954935E-13,6.46138767349212E-11));
#68020=DIRECTION('',(-6.46138767349212E-11,4.08396006630947E-13,1.));
#68030=AXIS2_PLACEMENT_3D('',#68000,#68010,#68020);
#68040=PLANE('',#68030);
#68050=ORIENTED_EDGE('',*,*,#61350,.T.);
#68060=CARTESIAN_POINT('',(-4.95000000121541,29.249999999713,
1.42500000007378));
#68070=DIRECTION('',(1.23069611928547E-13,-1.,4.08396006638899E-13));
#68080=VECTOR('',#68070,1.);
#68090=LINE('',#68060,#68080);
#68100=CARTESIAN_POINT('',(-4.9500000012154,29.149999999713,
1.42500000007382));
#68110=VERTEX_POINT('',#68100);
#68120=EDGE_CURVE('',#61260,#68110,#68090,.T.);
#68130=ORIENTED_EDGE('',*,*,#68120,.F.);
#68140=CARTESIAN_POINT('',(-4.95000000145609,29.1499999997145,
5.15000001012958));
#68150=DIRECTION('',(-6.46138767349212E-11,4.08396006630945E-13,1.));
#68160=VECTOR('',#68150,1.);
#68170=LINE('',#68140,#68160);
#68180=EDGE_CURVE('',#68110,#67720,#68170,.T.);
#68190=ORIENTED_EDGE('',*,*,#68180,.F.);
#68200=ORIENTED_EDGE('',*,*,#67730,.F.);
#68210=EDGE_LOOP('',(#68200,#68190,#68130,#68050));
#68220=FACE_OUTER_BOUND('',#68210,.T.);
#68230=ADVANCED_FACE('',(#68220),#68040,.T.);
#68240=COLOUR_RGB('',0.560784339904785,0.588235318660736,
0.600000023841858);
#68250=FILL_AREA_STYLE_COLOUR('',#68240);
#68260=FILL_AREA_STYLE('',(#68250));
#68270=SURFACE_STYLE_FILL_AREA(#68260);
#68280=SURFACE_SIDE_STYLE('',(#68270));
#68290=SURFACE_STYLE_USAGE(.BOTH.,#68280);
#68300=PRESENTATION_STYLE_ASSIGNMENT((#68290));
#68310=CARTESIAN_POINT('',(-2.94019238292535,29.2499999997133,
1.4250000001981));
#68320=DIRECTION('',(-6.20550663018633E-11,4.08396006631262E-13,1.));
#68330=DIRECTION('',(-1.,-1.2306961195389E-13,-6.20550663018633E-11));
#68340=AXIS2_PLACEMENT_3D('',#68310,#68320,#68330);
#68350=PLANE('',#68340);
#68360=CARTESIAN_POINT('',(-0.650000004708254,29.2499999997135,
1.42500000034022));
#68370=DIRECTION('',(1.23069611928547E-13,-1.,4.08396006638899E-13));
#68380=VECTOR('',#68370,1.);
#68390=LINE('',#68360,#68380);
#68400=EDGE_CURVE('',#61180,#64460,#68390,.T.);
#68410=ORIENTED_EDGE('',*,*,#68400,.F.);
#68420=ORIENTED_EDGE('',*,*,#64470,.T.);
#68430=CARTESIAN_POINT('',(-2.50000003413162,29.1499999997133,
1.42500000022585));
#68440=DIRECTION('',(1.23069611928547E-13,-1.,4.08396006638899E-13));
#68450=VECTOR('',#68440,1.);
#68460=LINE('',#68430,#68450);
#68470=EDGE_CURVE('',#64380,#66030,#68460,.T.);
#68480=ORIENTED_EDGE('',*,*,#68470,.F.);
#68490=ORIENTED_EDGE('',*,*,#66040,.T.);
#68500=CARTESIAN_POINT('',(-3.30000003402336,29.1499999997132,
1.42500000017621));
#68510=DIRECTION('',(1.23069611928547E-13,-1.,4.08396006638899E-13));
#68520=VECTOR('',#68510,1.);
#68530=LINE('',#68500,#68520);
#68540=CARTESIAN_POINT('',(-3.30000003402336,29.1499999997132,
1.42500000017582));
#68550=VERTEX_POINT('',#68540);
#68560=EDGE_CURVE('',#68550,#65950,#68530,.T.);
#68570=ORIENTED_EDGE('',*,*,#68560,.T.);
#68580=EDGE_CURVE('',#68110,#68550,#64440,.T.);
#68590=ORIENTED_EDGE('',*,*,#68580,.T.);
#68600=ORIENTED_EDGE('',*,*,#68120,.T.);
#68610=ORIENTED_EDGE('',*,*,#61270,.T.);
#68620=EDGE_LOOP('',(#68610,#68600,#68590,#68570,#68490,#68480,#68420,
#68410));
#68630=FACE_OUTER_BOUND('',#68620,.T.);
#68640=ADVANCED_FACE('',(#68630),#68350,.T.);
#68650=COLOUR_RGB('',0.560784339904785,0.588235318660736,
0.600000023841858);
#68660=FILL_AREA_STYLE_COLOUR('',#68650);
#68670=FILL_AREA_STYLE('',(#68660));
#68680=SURFACE_STYLE_FILL_AREA(#68670);
#68690=SURFACE_SIDE_STYLE('',(#68680));
#68700=SURFACE_STYLE_USAGE(.BOTH.,#68690);
#68710=PRESENTATION_STYLE_ASSIGNMENT((#68700));
#68720=CARTESIAN_POINT('',(-2.90000003404333,29.149999999714,
3.34999997097389));
#68730=DIRECTION('',(-1.23069611928547E-13,1.,-4.08396006638899E-13));
#68740=DIRECTION('',(1.,1.23069611932782E-13,1.03690421285626E-11));
#68750=AXIS2_PLACEMENT_3D('',#68720,#68730,#68740);
#68760=CYLINDRICAL_SURFACE('',#68750,1.);
#68770=CARTESIAN_POINT('',(-2.90000003404333,29.149999999714,
3.34999997097389));
#68780=DIRECTION('',(-1.23069611928547E-13,1.,-4.08396006638899E-13));
#68790=DIRECTION('',(1.,1.23069611932782E-13,1.03690421285626E-11));
#68800=AXIS2_PLACEMENT_3D('',#68770,#68780,#68790);
#68810=CIRCLE('',#68800,1.);
#68820=CARTESIAN_POINT('',(-3.30000003403382,29.1499999997136,
2.43348483197857));
#68830=VERTEX_POINT('',#68820);
#68840=CARTESIAN_POINT('',(-3.30000003405282,29.1499999997144,
4.26651510996091));
#68850=VERTEX_POINT('',#68840);
#68860=EDGE_CURVE('',#68830,#68850,#68810,.T.);
#68870=ORIENTED_EDGE('',*,*,#68860,.T.);
#68880=CARTESIAN_POINT('',(-3.30000003403382,29.1499999997136,
2.43348483197857));
#68890=DIRECTION('',(-1.23069611928547E-13,1.,-4.08396006638899E-13));
#68900=VECTOR('',#68890,1.);
#68910=LINE('',#68880,#68900);
#68920=EDGE_CURVE('',#65870,#68830,#68910,.T.);
#68930=ORIENTED_EDGE('',*,*,#68920,.T.);
#68940=ORIENTED_EDGE('',*,*,#65880,.F.);
#68950=CARTESIAN_POINT('',(-3.30000003405282,29.1499999997144,
4.26651510996091));
#68960=DIRECTION('',(-1.23069611928547E-13,1.,-4.08396006638899E-13));
#68970=VECTOR('',#68960,1.);
#68980=LINE('',#68950,#68970);
#68990=EDGE_CURVE('',#65780,#68850,#68980,.T.);
#69000=ORIENTED_EDGE('',*,*,#68990,.F.);
#69010=EDGE_LOOP('',(#69000,#68940,#68930,#68870));
#69020=FACE_OUTER_BOUND('',#69010,.T.);
#69030=ADVANCED_FACE('',(#69020),#68760,.F.);
#69040=COLOUR_RGB('',0.980392217636108,0.517647087574005,
0.168627455830574);
#69050=FILL_AREA_STYLE_COLOUR('',#69040);
#69060=FILL_AREA_STYLE('',(#69050));
#69070=SURFACE_STYLE_FILL_AREA(#69060);
#69080=SURFACE_SIDE_STYLE('',(#69070));
#69090=SURFACE_STYLE_USAGE(.BOTH.,#69080);
#69100=PRESENTATION_STYLE_ASSIGNMENT((#69090));
#69110=CARTESIAN_POINT('',(-3.30000003406199,29.1499999997147,
5.15000001012958));
#69120=DIRECTION('',(1.03706392448422E-11,-4.08396006637622E-13,-1.));
#69130=VECTOR('',#69120,1.);
#69140=LINE('',#69110,#69130);
#69150=CARTESIAN_POINT('',(-3.30000003406328,29.1499999997148,
5.27500000006132));
#69160=VERTEX_POINT('',#69150);
#69170=EDGE_CURVE('',#69160,#68850,#69140,.T.);
#69180=ORIENTED_EDGE('',*,*,#69170,.T.);
#69190=CARTESIAN_POINT('',(-4.95000000461464,29.1499999997146,
5.27499999995335));
#69200=VERTEX_POINT('',#69190);
#69210=EDGE_CURVE('',#69200,#69160,#64920,.T.);
#69220=ORIENTED_EDGE('',*,*,#69210,.T.);
#69230=CARTESIAN_POINT('',(-4.9500000046106,29.1499999997145,
5.15000001012958));
#69240=DIRECTION('',(-3.23069383674606E-11,4.08396006634925E-13,1.));
#69250=VECTOR('',#69240,1.);
#69260=LINE('',#69230,#69250);
#69270=EDGE_CURVE('',#67430,#69200,#69260,.T.);
#69280=ORIENTED_EDGE('',*,*,#69270,.T.);
#69290=ORIENTED_EDGE('',*,*,#67440,.T.);
#69300=CARTESIAN_POINT('',(-4.55000000140014,29.1499999997146,
5.15000001012958));
#69310=DIRECTION('',(6.72842083041265E-11,-4.08396006630609E-13,-1.));
#69320=VECTOR('',#69310,1.);
#69330=LINE('',#69300,#69320);
#69340=EDGE_CURVE('',#67350,#67800,#69330,.T.);
#69350=ORIENTED_EDGE('',*,*,#69340,.F.);
#69360=ORIENTED_EDGE('',*,*,#67810,.F.);
#69370=ORIENTED_EDGE('',*,*,#68180,.T.);
#69380=ORIENTED_EDGE('',*,*,#68580,.F.);
#69390=CARTESIAN_POINT('',(-3.30000003406199,29.1499999997147,
5.15000001012958));
#69400=DIRECTION('',(1.03706399758997E-11,-4.08396006637622E-13,-1.));
#69410=VECTOR('',#69400,1.);
#69420=LINE('',#69390,#69410);
#69430=EDGE_CURVE('',#68830,#68550,#69420,.T.);
#69440=ORIENTED_EDGE('',*,*,#69430,.T.);
#69450=ORIENTED_EDGE('',*,*,#68860,.F.);
#69460=EDGE_LOOP('',(#69450,#69440,#69380,#69370,#69360,#69350,#69290,
#69280,#69220,#69180));
#69470=FACE_OUTER_BOUND('',#69460,.T.);
#69480=ADVANCED_FACE('',(#69470),#64210,.T.);
#69490=COLOUR_RGB('',0.980392217636108,0.517647087574005,
0.168627455830574);
#69500=FILL_AREA_STYLE_COLOUR('',#69490);
#69510=FILL_AREA_STYLE('',(#69500));
#69520=SURFACE_STYLE_FILL_AREA(#69510);
#69530=SURFACE_SIDE_STYLE('',(#69520));
#69540=SURFACE_STYLE_USAGE(.BOTH.,#69530);
#69550=PRESENTATION_STYLE_ASSIGNMENT((#69540));
#69560=CARTESIAN_POINT('',(-4.55000000131467,29.2499999997141,
3.87949015242547));
#69570=DIRECTION('',(1.,1.23069611956026E-13,6.72842083041265E-11));
#69580=DIRECTION('',(-6.72842083041265E-11,4.08396006630618E-13,1.));
#69590=AXIS2_PLACEMENT_3D('',#69560,#69570,#69580);
#69600=PLANE('',#69590);
#69610=ORIENTED_EDGE('',*,*,#61510,.T.);
#69620=ORIENTED_EDGE('',*,*,#67870,.T.);
#69630=ORIENTED_EDGE('',*,*,#69340,.T.);
#69640=ORIENTED_EDGE('',*,*,#67360,.F.);
#69650=EDGE_LOOP('',(#69640,#69630,#69620,#69610));
#69660=FACE_OUTER_BOUND('',#69650,.T.);
#69670=ADVANCED_FACE('',(#69660),#69600,.T.);
#69680=COLOUR_RGB('',0.560784339904785,0.588235318660736,
0.600000023841858);
#69690=FILL_AREA_STYLE_COLOUR('',#69680);
#69700=FILL_AREA_STYLE('',(#69690));
#69710=SURFACE_STYLE_FILL_AREA(#69700);
#69720=SURFACE_SIDE_STYLE('',(#69710));
#69730=SURFACE_STYLE_USAGE(.BOTH.,#69720);
#69740=PRESENTATION_STYLE_ASSIGNMENT((#69730));
#69750=CARTESIAN_POINT('',(-4.95000000461465,29.2499999997146,
5.27499999995331));
#69760=DIRECTION('',(1.,1.23069611941741E-13,3.23069383674605E-11));
#69770=DIRECTION('',(-3.23069383674606E-11,4.08396006634923E-13,1.));
#69780=AXIS2_PLACEMENT_3D('',#69750,#69760,#69770);
#69790=PLANE('',#69780);
#69800=ORIENTED_EDGE('',*,*,#67500,.T.);
#69810=ORIENTED_EDGE('',*,*,#69270,.F.);
#69820=CARTESIAN_POINT('',(-4.95000000461465,29.2499999997146,
5.27499999995331));
#69830=DIRECTION('',(1.23069611928547E-13,-1.,4.08396006638899E-13));
#69840=VECTOR('',#69830,1.);
#69850=LINE('',#69820,#69840);
#69860=EDGE_CURVE('',#61660,#69200,#69850,.T.);
#69870=ORIENTED_EDGE('',*,*,#69860,.T.);
#69880=ORIENTED_EDGE('',*,*,#61670,.T.);
#69890=EDGE_LOOP('',(#69880,#69870,#69810,#69800));
#69900=FACE_OUTER_BOUND('',#69890,.T.);
#69910=ADVANCED_FACE('',(#69900),#69790,.T.);
#69920=COLOUR_RGB('',0.560784339904785,0.588235318660736,
0.600000023841858);
#69930=FILL_AREA_STYLE_COLOUR('',#69920);
#69940=FILL_AREA_STYLE('',(#69930));
#69950=SURFACE_STYLE_FILL_AREA(#69940);
#69960=SURFACE_SIDE_STYLE('',(#69950));
#69970=SURFACE_STYLE_USAGE(.BOTH.,#69960);
#69980=PRESENTATION_STYLE_ASSIGNMENT((#69970));
#69990=CARTESIAN_POINT('',(-3.50000000144658,29.2499999997148,
5.27500000004819));
#70000=DIRECTION('',(6.54359382733309E-11,-4.08396006630846E-13,-1.));
#70010=DIRECTION('',(1.,1.23069611955271E-13,6.54359382733309E-11));
#70020=AXIS2_PLACEMENT_3D('',#69990,#70000,#70010);
#70030=PLANE('',#70020);
#70040=ORIENTED_EDGE('',*,*,#69860,.F.);
#70050=ORIENTED_EDGE('',*,*,#69210,.F.);
#70060=CARTESIAN_POINT('',(-3.30000003406328,29.1499999997148,
5.27500000006132));
#70070=DIRECTION('',(1.23069611928547E-13,-1.,4.08396006638899E-13));
#70080=VECTOR('',#70070,1.);
#70090=LINE('',#70060,#70080);
#70100=EDGE_CURVE('',#69160,#65700,#70090,.T.);
#70110=ORIENTED_EDGE('',*,*,#70100,.F.);
#70120=ORIENTED_EDGE('',*,*,#65710,.F.);
#70130=ORIENTED_EDGE('',*,*,#66330,.T.);
#70140=ORIENTED_EDGE('',*,*,#64950,.F.);
#70150=ORIENTED_EDGE('',*,*,#67100,.T.);
#70160=ORIENTED_EDGE('',*,*,#61750,.T.);
#70170=EDGE_LOOP('',(#70160,#70150,#70140,#70130,#70120,#70110,#70050,
#70040));
#70180=FACE_OUTER_BOUND('',#70170,.T.);
#70190=ADVANCED_FACE('',(#70180),#70030,.T.);
#70200=COLOUR_RGB('',0.560784339904785,0.588235318660736,
0.600000023841858);
#70210=FILL_AREA_STYLE_COLOUR('',#70200);
#70220=FILL_AREA_STYLE('',(#70210));
#70230=SURFACE_STYLE_FILL_AREA(#70220);
#70240=SURFACE_SIDE_STYLE('',(#70230));
#70250=SURFACE_STYLE_USAGE(.BOTH.,#70240);
#70260=PRESENTATION_STYLE_ASSIGNMENT((#70250));
#70270=CARTESIAN_POINT('',(-3.30000003406328,29.1499999997148,
5.27500000006132));
#70280=DIRECTION('',(1.,1.23069611932782E-13,1.03706392448421E-11));
#70290=DIRECTION('',(-1.03706392448422E-11,4.08396006637622E-13,1.));
#70300=AXIS2_PLACEMENT_3D('',#70270,#70280,#70290);
#70310=PLANE('',#70300);
#70320=ORIENTED_EDGE('',*,*,#68990,.T.);
#70330=ORIENTED_EDGE('',*,*,#65790,.F.);
#70340=ORIENTED_EDGE('',*,*,#70100,.T.);
#70350=ORIENTED_EDGE('',*,*,#69170,.F.);
#70360=EDGE_LOOP('',(#70350,#70340,#70330,#70320));
#70370=FACE_OUTER_BOUND('',#70360,.T.);
#70380=ADVANCED_FACE('',(#70370),#70310,.T.);
#70390=COLOUR_RGB('',0.980392217636108,0.517647087574005,
0.168627455830574);
#70400=FILL_AREA_STYLE_COLOUR('',#70390);
#70410=FILL_AREA_STYLE('',(#70400));
#70420=SURFACE_STYLE_FILL_AREA(#70410);
#70430=SURFACE_SIDE_STYLE('',(#70420));
#70440=SURFACE_STYLE_USAGE(.BOTH.,#70430);
#70450=PRESENTATION_STYLE_ASSIGNMENT((#70440));
#70460=CARTESIAN_POINT('',(-3.30000003403196,29.1499999997135,
2.2545548559594));
#70470=DIRECTION('',(1.,1.23069611932782E-13,1.03706399758996E-11));
#70480=DIRECTION('',(-1.03706399758997E-11,4.08396006637622E-13,1.));
#70490=AXIS2_PLACEMENT_3D('',#70460,#70470,#70480);
#70500=PLANE('',#70490);
#70510=ORIENTED_EDGE('',*,*,#69430,.F.);
#70520=ORIENTED_EDGE('',*,*,#68560,.F.);
#70530=ORIENTED_EDGE('',*,*,#65960,.T.);
#70540=ORIENTED_EDGE('',*,*,#68920,.F.);
#70550=EDGE_LOOP('',(#70540,#70530,#70520,#70510));
#70560=FACE_OUTER_BOUND('',#70550,.T.);
#70570=ADVANCED_FACE('',(#70560),#70500,.T.);
#70580=COLOUR_RGB('',0.980392217636108,0.517647087574005,
0.168627455830574);
#70590=FILL_AREA_STYLE_COLOUR('',#70580);
#70600=FILL_AREA_STYLE('',(#70590));
#70610=SURFACE_STYLE_FILL_AREA(#70600);
#70620=SURFACE_SIDE_STYLE('',(#70610));
#70630=SURFACE_STYLE_USAGE(.BOTH.,#70620);
#70640=PRESENTATION_STYLE_ASSIGNMENT((#70630));
#70650=CARTESIAN_POINT('',(-2.50000003413162,29.1499999997133,
1.42500000022585));
#70660=DIRECTION('',(-1.,-1.23069611918411E-13,2.48200988849447E-11));
#70670=DIRECTION('',(-2.48200988849446E-11,-4.08396006641953E-13,-1.));
#70680=AXIS2_PLACEMENT_3D('',#70650,#70660,#70670);
#70690=PLANE('',#70680);
#70700=ORIENTED_EDGE('',*,*,#65390,.T.);
#70710=ORIENTED_EDGE('',*,*,#66100,.T.);
#70720=ORIENTED_EDGE('',*,*,#68470,.T.);
#70730=ORIENTED_EDGE('',*,*,#64390,.F.);
#70740=EDGE_LOOP('',(#70730,#70720,#70710,#70700));
#70750=FACE_OUTER_BOUND('',#70740,.T.);
#70760=ADVANCED_FACE('',(#70750),#70690,.T.);
#70770=COLOUR_RGB('',0.980392217636108,0.517647087574005,
0.168627455830574);
#70780=FILL_AREA_STYLE_COLOUR('',#70770);
#70790=FILL_AREA_STYLE('',(#70780));
#70800=SURFACE_STYLE_FILL_AREA(#70790);
#70810=SURFACE_SIDE_STYLE('',(#70800));
#70820=SURFACE_STYLE_USAGE(.BOTH.,#70810);
#70830=PRESENTATION_STYLE_ASSIGNMENT((#70820));
#70840=CARTESIAN_POINT('',(-0.650000004708254,29.2499999997135,
1.42500000034022));
#70850=DIRECTION('',(-1.,-1.23069611925458E-13,7.56414481409703E-12));
#70860=DIRECTION('',(-7.56414481409698E-12,-4.0839600663983E-13,-1.));
#70870=AXIS2_PLACEMENT_3D('',#70840,#70850,#70860);
#70880=PLANE('',#70870);
#70890=CARTESIAN_POINT('',(-0.650000004701926,9.25000000017709,
1.93610586859506));
#70900=DIRECTION('',(-1.23069611928547E-13,1.,-4.08396006638899E-13));
#70910=VECTOR('',#70900,1.);
#70920=LINE('',#70890,#70910);
#70930=EDGE_CURVE('',#64540,#61160,#70920,.T.);
#70940=ORIENTED_EDGE('',*,*,#70930,.T.);
#70950=ORIENTED_EDGE('',*,*,#64550,.F.);
#70960=ORIENTED_EDGE('',*,*,#68400,.T.);
#70970=ORIENTED_EDGE('',*,*,#61190,.T.);
#70980=EDGE_LOOP('',(#70970,#70960,#70950,#70940));
#70990=FACE_OUTER_BOUND('',#70980,.T.);
#71000=ADVANCED_FACE('',(#70990),#70880,.T.);
#71010=COLOUR_RGB('',0.560784339904785,0.588235318660736,
0.600000023841858);
#71020=FILL_AREA_STYLE_COLOUR('',#71010);
#71030=FILL_AREA_STYLE('',(#71020));
#71040=SURFACE_STYLE_FILL_AREA(#71030);
#71050=SURFACE_SIDE_STYLE('',(#71040));
#71060=SURFACE_STYLE_USAGE(.BOTH.,#71050);
#71070=PRESENTATION_STYLE_ASSIGNMENT((#71060));
#71080=CARTESIAN_POINT('',(-0.850000008138224,29.2499999997138,
2.17445659119664));
#71090=DIRECTION('',(-0.766044443117138,-3.56788685248287E-13,
-0.642787609688732));
#71100=DIRECTION('',(0.642787609688732,-2.33741869800088E-13,
-0.766044443117138));
#71110=AXIS2_PLACEMENT_3D('',#71080,#71090,#71100);
#71120=PLANE('',#71110);
#71130=ORIENTED_EDGE('',*,*,#62050,.T.);
#71140=ORIENTED_EDGE('',*,*,#66640,.T.);
#71150=ORIENTED_EDGE('',*,*,#64630,.T.);
#71160=ORIENTED_EDGE('',*,*,#70930,.F.);
#71170=EDGE_LOOP('',(#71160,#71150,#71140,#71130));
#71180=FACE_OUTER_BOUND('',#71170,.T.);
#71190=ADVANCED_FACE('',(#71180),#71120,.T.);
#71200=COLOUR_RGB('',0.560784339904785,0.588235318660736,
0.600000023841858);
#71210=FILL_AREA_STYLE_COLOUR('',#71200);
#71220=FILL_AREA_STYLE('',(#71210));
#71230=SURFACE_STYLE_FILL_AREA(#71220);
#71240=SURFACE_SIDE_STYLE('',(#71230));
#71250=SURFACE_STYLE_USAGE(.BOTH.,#71240);
#71260=PRESENTATION_STYLE_ASSIGNMENT((#71250));
#71270=CARTESIAN_POINT('',(6.54999999011639,29.2499999997148,
2.34249006252792));
#71280=DIRECTION('',(0.707106781186819,-2.01756228551055E-13,
-0.707106781186276));
#71290=DIRECTION('',(0.707106781186276,3.75802942856622E-13,
0.707106781186819));
#71300=AXIS2_PLACEMENT_3D('',#71270,#71280,#71290);
#71310=PLANE('',#71300);
#71320=CARTESIAN_POINT('',(6.44999999860548,9.25000000017709,
2.24249007102265));
#71330=DIRECTION('',(-1.23069611928547E-13,1.,-4.08396006638899E-13));
#71340=VECTOR('',#71330,1.);
#71350=LINE('',#71320,#71340);
#71360=CARTESIAN_POINT('',(6.44999999860304,29.1499999997147,
2.24249007101452));
#71370=VERTEX_POINT('',#71360);
#71380=EDGE_CURVE('',#71370,#62880,#71350,.T.);
#71390=ORIENTED_EDGE('',*,*,#71380,.T.);
#71400=CARTESIAN_POINT('',(9.35750993771586,29.1499999997163,
5.15000001012958));
#71410=DIRECTION('',(0.707106781186276,3.75893760562462E-13,
0.707106781186819));
#71420=VECTOR('',#71410,1.);
#71430=LINE('',#71400,#71420);
#71440=CARTESIAN_POINT('',(6.84999999872956,29.149999999715,
2.64249007114135));
#71450=VERTEX_POINT('',#71440);
#71460=EDGE_CURVE('',#71370,#71450,#71430,.T.);
#71470=ORIENTED_EDGE('',*,*,#71460,.F.);
#71480=CARTESIAN_POINT('',(6.84999999873201,9.25000000017709,
2.64249007114948));
#71490=DIRECTION('',(-1.23069611928547E-13,1.,-4.08396006638899E-13));
#71500=VECTOR('',#71490,1.);
#71510=LINE('',#71480,#71500);
#71520=EDGE_CURVE('',#71450,#62960,#71510,.T.);
#71530=ORIENTED_EDGE('',*,*,#71520,.F.);
#71540=ORIENTED_EDGE('',*,*,#62970,.T.);
#71550=EDGE_LOOP('',(#71540,#71530,#71470,#71390));
#71560=FACE_OUTER_BOUND('',#71550,.T.);
#71570=ADVANCED_FACE('',(#71560),#71310,.T.);
#71580=COLOUR_RGB('',0.560784339904785,0.588235318660736,
0.600000023841858);
#71590=FILL_AREA_STYLE_COLOUR('',#71580);
#71600=FILL_AREA_STYLE('',(#71590));
#71610=SURFACE_STYLE_FILL_AREA(#71600);
#71620=SURFACE_SIDE_STYLE('',(#71610));
#71630=SURFACE_STYLE_USAGE(.BOTH.,#71620);
#71640=PRESENTATION_STYLE_ASSIGNMENT((#71630));
#71650=CARTESIAN_POINT('',(-34.9189280411926,29.1499999997088,
0.279518361583357));
#71660=DIRECTION('',(-1.23069611928547E-13,1.,-4.08396006638899E-13));
#71670=DIRECTION('',(1.,1.23069611928534E-13,-3.19771212653758E-14));
#71680=AXIS2_PLACEMENT_3D('',#71650,#71660,#71670);
#71690=PLANE('',#71680);
#71700=CARTESIAN_POINT('',(8.09999996897044,29.1499999997161,
5.15000001012958));
#71710=DIRECTION('',(1.03577912213354E-11,-4.08396006637624E-13,-1.));
#71720=VECTOR('',#71710,1.);
#71730=LINE('',#71700,#71720);
#71740=CARTESIAN_POINT('',(8.09999996896914,29.1499999997162,
5.27500000006391));
#71750=VERTEX_POINT('',#71740);
#71760=CARTESIAN_POINT('',(8.09999996897959,29.1499999997158,
4.26651510996351));
#71770=VERTEX_POINT('',#71760);
#71780=EDGE_CURVE('',#71750,#71770,#71730,.T.);
#71790=ORIENTED_EDGE('',*,*,#71780,.T.);
#71800=CARTESIAN_POINT('',(-36.1000000048208,29.1499999997107,
5.27499999717164));
#71810=DIRECTION('',(1.,1.23069611955271E-13,6.54359382733309E-11));
#71820=VECTOR('',#71810,1.);
#71830=LINE('',#71800,#71820);
#71840=CARTESIAN_POINT('',(6.45000000156726,29.149999999716,
5.27499999995594));
#71850=VERTEX_POINT('',#71840);
#71860=EDGE_CURVE('',#71850,#71750,#71830,.T.);
#71870=ORIENTED_EDGE('',*,*,#71860,.T.);
#71880=CARTESIAN_POINT('',(6.45000000157534,29.1499999997159,
5.15000001012958));
#71890=DIRECTION('',(-6.46138767349212E-11,4.08396006630945E-13,1.));
#71900=VECTOR('',#71890,1.);
#71910=LINE('',#71880,#71900);
#71920=CARTESIAN_POINT('',(6.45000000162355,29.1499999997156,
4.40375421755846));
#71930=VERTEX_POINT('',#71920);
#71940=EDGE_CURVE('',#71930,#71850,#71910,.T.);
#71950=ORIENTED_EDGE('',*,*,#71940,.T.);
#71960=CARTESIAN_POINT('',(2.39999999987203,29.1499999997168,
8.45375421930601));
#71970=DIRECTION('',(-0.707106781186895,2.01755279150007E-13,
0.7071067811862));
#71980=VECTOR('',#71970,1.);
#71990=LINE('',#71960,#71980);
#72000=CARTESIAN_POINT('',(6.84999999863797,29.1499999997155,
4.00375422054444));
#72010=VERTEX_POINT('',#72000);
#72020=EDGE_CURVE('',#72010,#71930,#71990,.T.);
#72030=ORIENTED_EDGE('',*,*,#72020,.T.);
#72040=CARTESIAN_POINT('',(6.84999999856085,29.149999999716,
5.15000001012958));
#72050=DIRECTION('',(6.72842083041265E-11,-4.08396006630609E-13,-1.));
#72060=VECTOR('',#72050,1.);
#72070=LINE('',#72040,#72060);
#72080=EDGE_CURVE('',#72010,#71450,#72070,.T.);
#72090=ORIENTED_EDGE('',*,*,#72080,.F.);
#72100=ORIENTED_EDGE('',*,*,#71460,.T.);
#72110=CARTESIAN_POINT('',(6.44999999841517,29.1499999997159,
5.15000001012958));
#72120=DIRECTION('',(-6.46138767349212E-11,4.08396006630945E-13,1.));
#72130=VECTOR('',#72120,1.);
#72140=LINE('',#72110,#72130);
#72150=CARTESIAN_POINT('',(6.44999999865586,29.1499999997144,
1.42500000007641));
#72160=VERTEX_POINT('',#72150);
#72170=EDGE_CURVE('',#72160,#71370,#72140,.T.);
#72180=ORIENTED_EDGE('',*,*,#72170,.T.);
#72190=CARTESIAN_POINT('',(2.39999999987204,29.1499999997139,
1.4249999998277));
#72200=DIRECTION('',(-1.,-1.23069611953878E-13,-6.20252038688086E-11));
#72210=VECTOR('',#72200,1.);
#72220=LINE('',#72190,#72210);
#72230=CARTESIAN_POINT('',(8.09999996900378,29.1499999997146,
1.42500000017842));
#72240=VERTEX_POINT('',#72230);
#72250=EDGE_CURVE('',#72240,#72160,#72220,.T.);
#72260=ORIENTED_EDGE('',*,*,#72250,.T.);
#72270=CARTESIAN_POINT('',(8.09999996898885,29.1499999997161,
5.15000001012958));
#72280=DIRECTION('',(4.01086789302829E-12,-4.08396006638405E-13,-1.));
#72290=VECTOR('',#72280,1.);
#72300=LINE('',#72270,#72290);
#72310=CARTESIAN_POINT('',(8.09999996899974,29.149999999715,
2.43348483198067));
#72320=VERTEX_POINT('',#72310);
#72330=EDGE_CURVE('',#72320,#72240,#72300,.T.);
#72340=ORIENTED_EDGE('',*,*,#72330,.T.);
#72350=CARTESIAN_POINT('',(8.49999996898909,29.1499999997154,
3.34999997097649));
#72360=DIRECTION('',(-1.23069611928547E-13,1.,-4.08396006638899E-13));
#72370=DIRECTION('',(1.,1.23069611932782E-13,1.03690421285626E-11));
#72380=AXIS2_PLACEMENT_3D('',#72350,#72360,#72370);
#72390=CIRCLE('',#72380,1.);
#72400=EDGE_CURVE('',#72320,#71770,#72390,.T.);
#72410=ORIENTED_EDGE('',*,*,#72400,.F.);
#72420=EDGE_LOOP('',(#72410,#72340,#72260,#72180,#72100,#72090,#72030,
#71950,#71870,#71790));
#72430=FACE_OUTER_BOUND('',#72420,.T.);
#72440=ADVANCED_FACE('',(#72430),#71690,.T.);
#72450=COLOUR_RGB('',0.980392217636108,0.517647087574005,
0.168627455830574);
#72460=FILL_AREA_STYLE_COLOUR('',#72450);
#72470=FILL_AREA_STYLE('',(#72460));
#72480=SURFACE_STYLE_FILL_AREA(#72470);
#72490=SURFACE_SIDE_STYLE('',(#72480));
#72500=SURFACE_STYLE_USAGE(.BOTH.,#72490);
#72510=PRESENTATION_STYLE_ASSIGNMENT((#72500));
#72520=CARTESIAN_POINT('',(-30.9000000003473,28.6499999997106,
3.3499999995428));
#72530=DIRECTION('',(-1.23069611928547E-13,1.,-4.08396006638899E-13));
#72540=DIRECTION('',(1.,1.23069611928534E-13,-3.19771212653758E-14));
#72550=AXIS2_PLACEMENT_3D('',#72520,#72530,#72540);
#72560=PLANE('',#72550);
#72570=CARTESIAN_POINT('',(8.49999996898915,28.6499999997154,
3.34999997097669));
#72580=DIRECTION('',(-1.23069611928547E-13,1.,-4.08396006638899E-13));
#72590=DIRECTION('',(1.,1.23069611932782E-13,1.03690421285626E-11));
#72600=AXIS2_PLACEMENT_3D('',#72570,#72580,#72590);
#72610=CIRCLE('',#72600,1.);
#72620=CARTESIAN_POINT('',(8.0999999689998,28.649999999715,
2.43348483198087));
#72630=VERTEX_POINT('',#72620);
#72640=CARTESIAN_POINT('',(8.09999996897965,28.6499999997158,
4.26651510996371));
#72650=VERTEX_POINT('',#72640);
#72660=EDGE_CURVE('',#72630,#72650,#72610,.T.);
#72670=ORIENTED_EDGE('',*,*,#72660,.T.);
#72680=CARTESIAN_POINT('',(8.09999996898891,28.6499999997161,
5.15000001012958));
#72690=DIRECTION('',(-4.01086789302829E-12,4.08396006638405E-13,1.));
#72700=VECTOR('',#72690,1.);
#72710=LINE('',#72680,#72700);
#72720=CARTESIAN_POINT('',(8.09999996900385,28.6499999997146,
1.42500000017862));
#72730=VERTEX_POINT('',#72720);
#72740=EDGE_CURVE('',#72730,#72630,#72710,.T.);
#72750=ORIENTED_EDGE('',*,*,#72740,.T.);
#72760=CARTESIAN_POINT('',(8.89999996890284,28.6499999997147,
1.42500000022824));
#72770=DIRECTION('',(-1.,-1.23069611953878E-13,-6.20253266267738E-11));
#72780=VECTOR('',#72770,1.);
#72790=LINE('',#72760,#72780);
#72800=CARTESIAN_POINT('',(8.89999996890284,28.6499999997147,
1.42500000022824));
#72810=VERTEX_POINT('',#72800);
#72820=EDGE_CURVE('',#72810,#72730,#72790,.T.);
#72830=ORIENTED_EDGE('',*,*,#72820,.T.);
#72840=CARTESIAN_POINT('',(8.89999996898636,28.6499999997162,
5.15000001012958));
#72850=DIRECTION('',(-2.24218009948747E-11,-4.08396006641659E-13,-1.));
#72860=VECTOR('',#72850,1.);
#72870=LINE('',#72840,#72860);
#72880=CARTESIAN_POINT('',(8.89999996892545,28.6499999997151,
2.43348483195772));
#72890=VERTEX_POINT('',#72880);
#72900=EDGE_CURVE('',#72890,#72810,#72870,.T.);
#72910=ORIENTED_EDGE('',*,*,#72900,.T.);
#72920=CARTESIAN_POINT('',(8.49999996898915,28.6499999997154,
3.34999997097669));
#72930=DIRECTION('',(-1.23069611928547E-13,1.,-4.08396006638899E-13));
#72940=DIRECTION('',(1.,1.23069611932782E-13,1.03690421285626E-11));
#72950=AXIS2_PLACEMENT_3D('',#72920,#72930,#72940);
#72960=CIRCLE('',#72950,1.);
#72970=CARTESIAN_POINT('',(8.89999996896655,28.6499999997159,
4.26651510997772));
#72980=VERTEX_POINT('',#72970);
#72990=EDGE_CURVE('',#72980,#72890,#72960,.T.);
#73000=ORIENTED_EDGE('',*,*,#72990,.T.);
#73010=CARTESIAN_POINT('',(8.89999996898636,28.6499999997162,
5.15000001012958));
#73020=DIRECTION('',(-2.24217994183995E-11,-4.08396006641659E-13,-1.));
#73030=VECTOR('',#73020,1.);
#73040=LINE('',#73010,#73030);
#73050=CARTESIAN_POINT('',(8.89999996898917,28.6499999997163,
5.27500000011646));
#73060=VERTEX_POINT('',#73050);
#73070=EDGE_CURVE('',#73060,#72980,#73040,.T.);
#73080=ORIENTED_EDGE('',*,*,#73070,.T.);
#73090=CARTESIAN_POINT('',(8.09999996896921,28.6499999997162,
5.27500000006411));
#73100=DIRECTION('',(1.,1.23069611955271E-13,6.54359317489533E-11));
#73110=VECTOR('',#73100,1.);
#73120=LINE('',#73090,#73110);
#73130=CARTESIAN_POINT('',(8.09999996896921,28.6499999997162,
5.27500000006411));
#73140=VERTEX_POINT('',#73130);
#73150=EDGE_CURVE('',#73140,#73060,#73120,.T.);
#73160=ORIENTED_EDGE('',*,*,#73150,.T.);
#73170=CARTESIAN_POINT('',(8.0999999689705,28.6499999997161,
5.15000001012958));
#73180=DIRECTION('',(-1.03577912213354E-11,4.08396006637624E-13,1.));
#73190=VECTOR('',#73180,1.);
#73200=LINE('',#73170,#73190);
#73210=EDGE_CURVE('',#72650,#73140,#73200,.T.);
#73220=ORIENTED_EDGE('',*,*,#73210,.T.);
#73230=EDGE_LOOP('',(#73220,#73160,#73080,#73000,#72910,#72830,#72750,
#72670));
#73240=FACE_OUTER_BOUND('',#73230,.T.);
#73250=ADVANCED_FACE('',(#73240),#72560,.T.);
#73260=COLOUR_RGB('',0.980392217636108,0.517647087574005,
0.168627455830574);
#73270=FILL_AREA_STYLE_COLOUR('',#73260);
#73280=FILL_AREA_STYLE('',(#73270));
#73290=SURFACE_STYLE_FILL_AREA(#73280);
#73300=SURFACE_SIDE_STYLE('',(#73290));
#73310=SURFACE_STYLE_USAGE(.BOTH.,#73300);
#73320=PRESENTATION_STYLE_ASSIGNMENT((#73310));
#73330=CARTESIAN_POINT('',(8.09999996900046,29.1499999997149,
2.25455485596199));
#73340=DIRECTION('',(1.,1.23069611930185E-13,4.01086789302823E-12));
#73350=DIRECTION('',(-4.01086789302828E-12,4.08396006638405E-13,1.));
#73360=AXIS2_PLACEMENT_3D('',#73330,#73340,#73350);
#73370=PLANE('',#73360);
#73380=ORIENTED_EDGE('',*,*,#72330,.F.);
#73390=CARTESIAN_POINT('',(8.09999996900378,29.1499999997146,
1.42500000017842));
#73400=DIRECTION('',(1.23069611928547E-13,-1.,4.08396006638899E-13));
#73410=VECTOR('',#73400,1.);
#73420=LINE('',#73390,#73410);
#73430=EDGE_CURVE('',#72240,#72730,#73420,.T.);
#73440=ORIENTED_EDGE('',*,*,#73430,.F.);
#73450=ORIENTED_EDGE('',*,*,#72740,.F.);
#73460=CARTESIAN_POINT('',(8.09999996899974,29.149999999715,
2.43348483198067));
#73470=DIRECTION('',(-1.23069611928547E-13,1.,-4.08396006638899E-13));
#73480=VECTOR('',#73470,1.);
#73490=LINE('',#73460,#73480);
#73500=EDGE_CURVE('',#72630,#72320,#73490,.T.);
#73510=ORIENTED_EDGE('',*,*,#73500,.F.);
#73520=EDGE_LOOP('',(#73510,#73450,#73440,#73380));
#73530=FACE_OUTER_BOUND('',#73520,.T.);
#73540=ADVANCED_FACE('',(#73530),#73370,.T.);
#73550=COLOUR_RGB('',0.980392217636108,0.517647087574005,
0.168627455830574);
#73560=FILL_AREA_STYLE_COLOUR('',#73550);
#73570=FILL_AREA_STYLE('',(#73560));
#73580=SURFACE_STYLE_FILL_AREA(#73570);
#73590=SURFACE_SIDE_STYLE('',(#73580));
#73600=SURFACE_STYLE_USAGE(.BOTH.,#73590);
#73610=PRESENTATION_STYLE_ASSIGNMENT((#73600));
#73620=CARTESIAN_POINT('',(8.3098076200831,29.2499999997146,
1.42500000019139));
#73630=DIRECTION('',(-6.20252038688086E-11,4.08396006631265E-13,1.));
#73640=DIRECTION('',(-1.,-1.23069611953878E-13,-6.20252038688086E-11));
#73650=AXIS2_PLACEMENT_3D('',#73620,#73630,#73640);
#73660=PLANE('',#73650);
#73670=CARTESIAN_POINT('',(10.7499999983257,29.2499999997149,
1.42500000034494));
#73680=DIRECTION('',(1.23069611928547E-13,-1.,4.08396006638899E-13));
#73690=VECTOR('',#73680,1.);
#73700=LINE('',#73670,#73690);
#73710=CARTESIAN_POINT('',(10.7499999983257,29.1499999997149,
1.42500000034279));
#73720=VERTEX_POINT('',#73710);
#73730=EDGE_CURVE('',#62720,#73720,#73700,.T.);
#73740=ORIENTED_EDGE('',*,*,#73730,.F.);
#73750=CARTESIAN_POINT('',(8.89999996890278,29.1499999997147,
1.42500000022804));
#73760=VERTEX_POINT('',#73750);
#73770=EDGE_CURVE('',#73720,#73760,#72220,.T.);
#73780=ORIENTED_EDGE('',*,*,#73770,.F.);
#73790=CARTESIAN_POINT('',(8.89999996890278,29.1499999997147,
1.42500000022804));
#73800=DIRECTION('',(1.23069611928547E-13,-1.,4.08396006638899E-13));
#73810=VECTOR('',#73800,1.);
#73820=LINE('',#73790,#73810);
#73830=EDGE_CURVE('',#73760,#72810,#73820,.T.);
#73840=ORIENTED_EDGE('',*,*,#73830,.F.);
#73850=ORIENTED_EDGE('',*,*,#72820,.F.);
#73860=ORIENTED_EDGE('',*,*,#73430,.T.);
#73870=ORIENTED_EDGE('',*,*,#72250,.F.);
#73880=CARTESIAN_POINT('',(6.45000000181703,29.2499999997144,
1.42500000007636));
#73890=DIRECTION('',(1.23069611928547E-13,-1.,4.08396006638899E-13));
#73900=VECTOR('',#73890,1.);
#73910=LINE('',#73880,#73900);
#73920=EDGE_CURVE('',#62800,#72160,#73910,.T.);
#73930=ORIENTED_EDGE('',*,*,#73920,.T.);
#73940=ORIENTED_EDGE('',*,*,#62810,.T.);
#73950=EDGE_LOOP('',(#73940,#73930,#73870,#73860,#73850,#73840,#73780,
#73740));
#73960=FACE_OUTER_BOUND('',#73950,.T.);
#73970=ADVANCED_FACE('',(#73960),#73660,.T.);
#73980=COLOUR_RGB('',0.560784339904785,0.588235318660736,
0.600000023841858);
#73990=FILL_AREA_STYLE_COLOUR('',#73980);
#74000=FILL_AREA_STYLE('',(#73990));
#74010=SURFACE_STYLE_FILL_AREA(#74000);
#74020=SURFACE_SIDE_STYLE('',(#74010));
#74030=SURFACE_STYLE_USAGE(.BOTH.,#74020);
#74040=PRESENTATION_STYLE_ASSIGNMENT((#74030));
#74050=CARTESIAN_POINT('',(10.7499999983257,29.2499999997149,
1.42500000034494));
#74060=DIRECTION('',(-1.,-1.23069611925458E-13,7.56414481409703E-12));
#74070=DIRECTION('',(-7.56414481409698E-12,-4.0839600663983E-13,-1.));
#74080=AXIS2_PLACEMENT_3D('',#74050,#74060,#74070);
#74090=PLANE('',#74080);
#74100=CARTESIAN_POINT('',(10.749999998332,9.25000000017709,
1.9361058745224));
#74110=DIRECTION('',(-1.23069611928547E-13,1.,-4.08396006638899E-13));
#74120=VECTOR('',#74110,1.);
#74130=LINE('',#74100,#74120);
#74140=CARTESIAN_POINT('',(10.7499999983296,29.1499999997151,
1.93610587451427));
#74150=VERTEX_POINT('',#74140);
#74160=EDGE_CURVE('',#74150,#62640,#74130,.T.);
#74170=ORIENTED_EDGE('',*,*,#74160,.T.);
#74180=CARTESIAN_POINT('',(10.7499999983539,29.1499999997165,
5.15000001012958));
#74190=DIRECTION('',(-7.56414481409698E-12,-4.0839600663983E-13,-1.));
#74200=VECTOR('',#74190,1.);
#74210=LINE('',#74180,#74200);
#74220=EDGE_CURVE('',#74150,#73720,#74210,.T.);
#74230=ORIENTED_EDGE('',*,*,#74220,.F.);
#74240=ORIENTED_EDGE('',*,*,#73730,.T.);
#74250=ORIENTED_EDGE('',*,*,#62730,.T.);
#74260=EDGE_LOOP('',(#74250,#74240,#74230,#74170));
#74270=FACE_OUTER_BOUND('',#74260,.T.);
#74280=ADVANCED_FACE('',(#74270),#74090,.T.);
#74290=COLOUR_RGB('',0.560784339904785,0.588235318660736,
0.600000023841858);
#74300=FILL_AREA_STYLE_COLOUR('',#74290);
#74310=FILL_AREA_STYLE('',(#74300));
#74320=SURFACE_STYLE_FILL_AREA(#74310);
#74330=SURFACE_SIDE_STYLE('',(#74320));
#74340=SURFACE_STYLE_USAGE(.BOTH.,#74330);
#74350=PRESENTATION_STYLE_ASSIGNMENT((#74340));
#74360=CARTESIAN_POINT('',(8.49999996898909,29.1499999997154,
3.34999997097649));
#74370=DIRECTION('',(-1.23069611928547E-13,1.,-4.08396006638899E-13));
#74380=DIRECTION('',(1.,1.23069611932782E-13,1.03690421285626E-11));
#74390=AXIS2_PLACEMENT_3D('',#74360,#74370,#74380);
#74400=CYLINDRICAL_SURFACE('',#74390,1.);
#74410=CARTESIAN_POINT('',(8.49999996898909,29.1499999997154,
3.34999997097649));
#74420=DIRECTION('',(-1.23069611928547E-13,1.,-4.08396006638899E-13));
#74430=DIRECTION('',(1.,1.23069611932782E-13,1.03690421285626E-11));
#74440=AXIS2_PLACEMENT_3D('',#74410,#74420,#74430);
#74450=CIRCLE('',#74440,1.);
#74460=CARTESIAN_POINT('',(8.89999996896649,29.1499999997159,
4.26651510997751));
#74470=VERTEX_POINT('',#74460);
#74480=CARTESIAN_POINT('',(8.89999996892539,29.1499999997151,
2.43348483195752));
#74490=VERTEX_POINT('',#74480);
#74500=EDGE_CURVE('',#74470,#74490,#74450,.T.);
#74510=ORIENTED_EDGE('',*,*,#74500,.T.);
#74520=CARTESIAN_POINT('',(8.89999996896649,29.1499999997159,
4.26651510997751));
#74530=DIRECTION('',(-1.23069611928547E-13,1.,-4.08396006638899E-13));
#74540=VECTOR('',#74530,1.);
#74550=LINE('',#74520,#74540);
#74560=EDGE_CURVE('',#72980,#74470,#74550,.T.);
#74570=ORIENTED_EDGE('',*,*,#74560,.T.);
#74580=ORIENTED_EDGE('',*,*,#72990,.F.);
#74590=CARTESIAN_POINT('',(8.89999996892539,29.1499999997151,
2.43348483195752));
#74600=DIRECTION('',(-1.23069611928547E-13,1.,-4.08396006638899E-13));
#74610=VECTOR('',#74600,1.);
#74620=LINE('',#74590,#74610);
#74630=EDGE_CURVE('',#72890,#74490,#74620,.T.);
#74640=ORIENTED_EDGE('',*,*,#74630,.F.);
#74650=EDGE_LOOP('',(#74640,#74580,#74570,#74510));
#74660=FACE_OUTER_BOUND('',#74650,.T.);
#74670=ADVANCED_FACE('',(#74660),#74400,.F.);
#74680=COLOUR_RGB('',0.980392217636108,0.517647087574005,
0.168627455830574);
#74690=FILL_AREA_STYLE_COLOUR('',#74680);
#74700=FILL_AREA_STYLE('',(#74690));
#74710=SURFACE_STYLE_FILL_AREA(#74700);
#74720=SURFACE_SIDE_STYLE('',(#74710));
#74730=SURFACE_STYLE_USAGE(.BOTH.,#74720);
#74740=PRESENTATION_STYLE_ASSIGNMENT((#74730));
#74750=CARTESIAN_POINT('',(8.89999996890278,29.1499999997147,
1.42500000022804));
#74760=DIRECTION('',(-1.,-1.2306961191939E-13,2.24218009948748E-11));
#74770=DIRECTION('',(-2.24218009948747E-11,-4.08396006641658E-13,-1.));
#74780=AXIS2_PLACEMENT_3D('',#74750,#74760,#74770);
#74790=PLANE('',#74780);
#74800=ORIENTED_EDGE('',*,*,#74630,.T.);
#74810=ORIENTED_EDGE('',*,*,#72900,.F.);
#74820=ORIENTED_EDGE('',*,*,#73830,.T.);
#74830=CARTESIAN_POINT('',(8.8999999689863,29.1499999997162,
5.15000001012958));
#74840=DIRECTION('',(2.24218009948747E-11,4.08396006641659E-13,1.));
#74850=VECTOR('',#74840,1.);
#74860=LINE('',#74830,#74850);
#74870=EDGE_CURVE('',#73760,#74490,#74860,.T.);
#74880=ORIENTED_EDGE('',*,*,#74870,.F.);
#74890=EDGE_LOOP('',(#74880,#74820,#74810,#74800));
#74900=FACE_OUTER_BOUND('',#74890,.T.);
#74910=ADVANCED_FACE('',(#74900),#74790,.T.);
#74920=COLOUR_RGB('',0.980392217636108,0.517647087574005,
0.168627455830574);
#74930=FILL_AREA_STYLE_COLOUR('',#74920);
#74940=FILL_AREA_STYLE('',(#74930));
#74950=SURFACE_STYLE_FILL_AREA(#74940);
#74960=SURFACE_SIDE_STYLE('',(#74950));
#74970=SURFACE_STYLE_USAGE(.BOTH.,#74960);
#74980=PRESENTATION_STYLE_ASSIGNMENT((#74970));
#74990=CARTESIAN_POINT('',(8.8999999689705,29.1499999997159,
4.44544508600037));
#75000=DIRECTION('',(-1.,-1.2306961191939E-13,2.24217994183995E-11));
#75010=DIRECTION('',(-2.24217994183995E-11,-4.08396006641658E-13,-1.));
#75020=AXIS2_PLACEMENT_3D('',#74990,#75000,#75010);
#75030=PLANE('',#75020);
#75040=CARTESIAN_POINT('',(8.8999999689863,29.1499999997162,
5.15000001012958));
#75050=DIRECTION('',(2.24217994183995E-11,4.08396006641659E-13,1.));
#75060=VECTOR('',#75050,1.);
#75070=LINE('',#75040,#75060);
#75080=CARTESIAN_POINT('',(8.89999996898911,29.1499999997163,
5.27500000011626));
#75090=VERTEX_POINT('',#75080);
#75100=EDGE_CURVE('',#74470,#75090,#75070,.T.);
#75110=ORIENTED_EDGE('',*,*,#75100,.F.);
#75120=CARTESIAN_POINT('',(8.89999996898911,29.1499999997163,
5.27500000011626));
#75130=DIRECTION('',(1.23069611928547E-13,-1.,4.08396006638899E-13));
#75140=VECTOR('',#75130,1.);
#75150=LINE('',#75120,#75140);
#75160=EDGE_CURVE('',#75090,#73060,#75150,.T.);
#75170=ORIENTED_EDGE('',*,*,#75160,.F.);
#75180=ORIENTED_EDGE('',*,*,#73070,.F.);
#75190=ORIENTED_EDGE('',*,*,#74560,.F.);
#75200=EDGE_LOOP('',(#75190,#75180,#75170,#75110));
#75210=FACE_OUTER_BOUND('',#75200,.T.);
#75220=ADVANCED_FACE('',(#75210),#75030,.T.);
#75230=COLOUR_RGB('',0.980392217636108,0.517647087574005,
0.168627455830574);
#75240=FILL_AREA_STYLE_COLOUR('',#75230);
#75250=FILL_AREA_STYLE('',(#75240));
#75260=SURFACE_STYLE_FILL_AREA(#75250);
#75270=SURFACE_SIDE_STYLE('',(#75260));
#75280=SURFACE_STYLE_USAGE(.BOTH.,#75270);
#75290=PRESENTATION_STYLE_ASSIGNMENT((#75280));
#75300=ORIENTED_EDGE('',*,*,#74870,.T.);
#75310=ORIENTED_EDGE('',*,*,#73770,.T.);
#75320=ORIENTED_EDGE('',*,*,#74220,.T.);
#75330=CARTESIAN_POINT('',(8.05322261447629,29.1499999997161,
5.15000001012958));
#75340=DIRECTION('',(-0.642787609688732,2.33757457834827E-13,
0.766044443117138));
#75350=VECTOR('',#75340,1.);
#75360=LINE('',#75330,#75350);
#75370=CARTESIAN_POINT('',(10.2499999992606,29.1499999997153,
2.53198266969841));
#75380=VERTEX_POINT('',#75370);
#75390=EDGE_CURVE('',#74150,#75380,#75360,.T.);
#75400=ORIENTED_EDGE('',*,*,#75390,.F.);
#75410=CARTESIAN_POINT('',(10.2499999990914,29.1499999997164,
5.15000001012958));
#75420=DIRECTION('',(6.46138767349211E-11,-4.08396006630945E-13,-1.));
#75430=VECTOR('',#75420,1.);
#75440=LINE('',#75410,#75430);
#75450=CARTESIAN_POINT('',(10.2499999991549,29.149999999716,
4.16801585639857));
#75460=VERTEX_POINT('',#75450);
#75470=EDGE_CURVE('',#75460,#75380,#75440,.T.);
#75480=ORIENTED_EDGE('',*,*,#75470,.T.);
#75490=CARTESIAN_POINT('',(11.0739825403677,29.1499999997165,
5.15000001012958));
#75500=DIRECTION('',(0.642787609684347,3.92019749995143E-13,
0.766044443120817));
#75510=VECTOR('',#75500,1.);
#75520=LINE('',#75490,#75510);
#75530=CARTESIAN_POINT('',(10.7499999983494,29.1499999997163,
4.76389265173925));
#75540=VERTEX_POINT('',#75530);
#75550=EDGE_CURVE('',#75460,#75540,#75520,.T.);
#75560=ORIENTED_EDGE('',*,*,#75550,.F.);
#75570=CARTESIAN_POINT('',(10.7499999983523,29.1499999997165,
5.15000001012958));
#75580=DIRECTION('',(7.56414481409698E-12,4.0839600663983E-13,1.));
#75590=VECTOR('',#75580,1.);
#75600=LINE('',#75570,#75590);
#75610=CARTESIAN_POINT('',(10.7499999983533,29.1499999997165,
5.27500000023731));
#75620=VERTEX_POINT('',#75610);
#75630=EDGE_CURVE('',#75540,#75620,#75600,.T.);
#75640=ORIENTED_EDGE('',*,*,#75630,.F.);
#75650=EDGE_CURVE('',#75090,#75620,#71830,.T.);
#75660=ORIENTED_EDGE('',*,*,#75650,.T.);
#75670=ORIENTED_EDGE('',*,*,#75100,.T.);
#75680=ORIENTED_EDGE('',*,*,#74500,.F.);
#75690=EDGE_LOOP('',(#75680,#75670,#75660,#75640,#75560,#75480,#75400,
#75320,#75310,#75300));
#75700=FACE_OUTER_BOUND('',#75690,.T.);
#75710=ADVANCED_FACE('',(#75700),#71690,.T.);
#75720=COLOUR_RGB('',0.980392217636108,0.517647087574005,
0.168627455830574);
#75730=FILL_AREA_STYLE_COLOUR('',#75720);
#75740=FILL_AREA_STYLE('',(#75730));
#75750=SURFACE_STYLE_FILL_AREA(#75740);
#75760=SURFACE_SIDE_STYLE('',(#75750));
#75770=SURFACE_STYLE_USAGE(.BOTH.,#75760);
#75780=PRESENTATION_STYLE_ASSIGNMENT((#75770));
#75790=CARTESIAN_POINT('',(10.5499999998672,29.2499999997152,
2.17445659119923));
#75800=DIRECTION('',(-0.766044443117138,-3.56788685248287E-13,
-0.642787609688732));
#75810=DIRECTION('',(0.642787609688732,-2.33741869800088E-13,
-0.766044443117138));
#75820=AXIS2_PLACEMENT_3D('',#75790,#75800,#75810);
#75830=PLANE('',#75820);
#75840=CARTESIAN_POINT('',(10.249999999263,9.25000000017709,
2.53198266970654));
#75850=DIRECTION('',(-1.23069611928547E-13,1.,-4.08396006638899E-13));
#75860=VECTOR('',#75850,1.);
#75870=LINE('',#75840,#75860);
#75880=EDGE_CURVE('',#75380,#62560,#75870,.T.);
#75890=ORIENTED_EDGE('',*,*,#75880,.T.);
#75900=ORIENTED_EDGE('',*,*,#75390,.T.);
#75910=ORIENTED_EDGE('',*,*,#74160,.F.);
#75920=ORIENTED_EDGE('',*,*,#62650,.T.);
#75930=EDGE_LOOP('',(#75920,#75910,#75900,#75890));
#75940=FACE_OUTER_BOUND('',#75930,.T.);
#75950=ADVANCED_FACE('',(#75940),#75830,.T.);
#75960=COLOUR_RGB('',0.560784339904785,0.588235318660736,
0.600000023841858);
#75970=FILL_AREA_STYLE_COLOUR('',#75960);
#75980=FILL_AREA_STYLE('',(#75970));
#75990=SURFACE_STYLE_FILL_AREA(#75980);
#76000=SURFACE_SIDE_STYLE('',(#75990));
#76010=SURFACE_STYLE_USAGE(.BOTH.,#76000);
#76020=PRESENTATION_STYLE_ASSIGNMENT((#76010));
#76030=CARTESIAN_POINT('',(10.2499999992559,29.2499999997154,
2.60477671061797));
#76040=DIRECTION('',(-1.,-1.23069611954935E-13,-6.46138767349211E-11));
#76050=DIRECTION('',(6.46138767349211E-11,-4.08396006630947E-13,-1.));
#76060=AXIS2_PLACEMENT_3D('',#76030,#76040,#76050);
#76070=PLANE('',#76060);
#76080=CARTESIAN_POINT('',(10.2499999991573,9.25000000017709,
4.1680158564067));
#76090=DIRECTION('',(-1.23069611928547E-13,1.,-4.08396006638899E-13));
#76100=VECTOR('',#76090,1.);
#76110=LINE('',#76080,#76100);
#76120=EDGE_CURVE('',#75460,#62480,#76110,.T.);
#76130=ORIENTED_EDGE('',*,*,#76120,.T.);
#76140=ORIENTED_EDGE('',*,*,#75470,.F.);
#76150=ORIENTED_EDGE('',*,*,#75880,.F.);
#76160=ORIENTED_EDGE('',*,*,#62570,.T.);
#76170=EDGE_LOOP('',(#76160,#76150,#76140,#76130));
#76180=FACE_OUTER_BOUND('',#76170,.T.);
#76190=ADVANCED_FACE('',(#76180),#76070,.T.);
#76200=COLOUR_RGB('',0.560784339904785,0.588235318660736,
0.600000023841858);
#76210=FILL_AREA_STYLE_COLOUR('',#76200);
#76220=FILL_AREA_STYLE('',(#76210));
#76230=SURFACE_STYLE_FILL_AREA(#76220);
#76240=SURFACE_SIDE_STYLE('',(#76230));
#76250=SURFACE_STYLE_USAGE(.BOTH.,#76240);
#76260=PRESENTATION_STYLE_ASSIGNMENT((#76250));
#76270=CARTESIAN_POINT('',(10.5499999947666,29.2499999997162,
4.52554192894918));
#76280=DIRECTION('',(-0.766044443120817,1.68235100577152E-13,
0.642787609684347));
#76290=DIRECTION('',(-0.642787609684347,-3.91957113154792E-13,
-0.766044443120817));
#76300=AXIS2_PLACEMENT_3D('',#76270,#76280,#76290);
#76310=PLANE('',#76300);
#76320=CARTESIAN_POINT('',(10.7499999983519,9.25000000017709,
4.76389265174738));
#76330=DIRECTION('',(-1.23069611928547E-13,1.,-4.08396006638899E-13));
#76340=VECTOR('',#76330,1.);
#76350=LINE('',#76320,#76340);
#76360=EDGE_CURVE('',#75540,#62400,#76350,.T.);
#76370=ORIENTED_EDGE('',*,*,#76360,.T.);
#76380=ORIENTED_EDGE('',*,*,#75550,.T.);
#76390=ORIENTED_EDGE('',*,*,#76120,.F.);
#76400=ORIENTED_EDGE('',*,*,#62490,.T.);
#76410=EDGE_LOOP('',(#76400,#76390,#76380,#76370));
#76420=FACE_OUTER_BOUND('',#76410,.T.);
#76430=ADVANCED_FACE('',(#76420),#76310,.T.);
#76440=COLOUR_RGB('',0.560784339904785,0.588235318660736,
0.600000023841858);
#76450=FILL_AREA_STYLE_COLOUR('',#76440);
#76460=FILL_AREA_STYLE('',(#76450));
#76470=SURFACE_STYLE_FILL_AREA(#76460);
#76480=SURFACE_SIDE_STYLE('',(#76470));
#76490=SURFACE_STYLE_USAGE(.BOTH.,#76480);
#76500=PRESENTATION_STYLE_ASSIGNMENT((#76490));
#76510=CARTESIAN_POINT('',(10.7499999983519,29.2499999997164,
5.0872391041389));
#76520=DIRECTION('',(-1.,-1.23069611925458E-13,7.56414481409703E-12));
#76530=DIRECTION('',(-7.56414481409698E-12,-4.0839600663983E-13,-1.));
#76540=AXIS2_PLACEMENT_3D('',#76510,#76520,#76530);
#76550=PLANE('',#76540);
#76560=ORIENTED_EDGE('',*,*,#62410,.T.);
#76570=CARTESIAN_POINT('',(10.7499999983533,29.2499999997165,
5.27500000023727));
#76580=DIRECTION('',(1.23069611928547E-13,-1.,4.08396006638899E-13));
#76590=VECTOR('',#76580,1.);
#76600=LINE('',#76570,#76590);
#76610=EDGE_CURVE('',#62320,#75620,#76600,.T.);
#76620=ORIENTED_EDGE('',*,*,#76610,.F.);
#76630=ORIENTED_EDGE('',*,*,#75630,.T.);
#76640=ORIENTED_EDGE('',*,*,#76360,.F.);
#76650=EDGE_LOOP('',(#76640,#76630,#76620,#76560));
#76660=FACE_OUTER_BOUND('',#76650,.T.);
#76670=ADVANCED_FACE('',(#76660),#76550,.T.);
#76680=COLOUR_RGB('',0.560784339904785,0.588235318660736,
0.600000023841858);
#76690=FILL_AREA_STYLE_COLOUR('',#76680);
#76700=FILL_AREA_STYLE('',(#76690));
#76710=SURFACE_STYLE_FILL_AREA(#76700);
#76720=SURFACE_SIDE_STYLE('',(#76710));
#76730=SURFACE_STYLE_USAGE(.BOTH.,#76720);
#76740=PRESENTATION_STYLE_ASSIGNMENT((#76730));
#76750=CARTESIAN_POINT('',(6.54999998630167,29.2500000002128,
4.30375423288041));
#76760=DIRECTION('',(0.7071067811862,2.03189920550035E-13,
0.707106781186895));
#76770=DIRECTION('',(-0.707106781186895,3.74369250857803E-13,
0.7071067811862));
#76780=AXIS2_PLACEMENT_3D('',#76750,#76760,#76770);
#76790=PLANE('',#76780);
#76800=CARTESIAN_POINT('',(6.84999999864042,9.25000000017709,
4.00375422054771));
#76810=DIRECTION('',(-1.23069611944972E-13,1.,-1.64284329434379E-13));
#76820=VECTOR('',#76810,1.);
#76830=LINE('',#76800,#76820);
#76840=EDGE_CURVE('',#72010,#62140,#76830,.T.);
#76850=ORIENTED_EDGE('',*,*,#76840,.T.);
#76860=ORIENTED_EDGE('',*,*,#72020,.F.);
#76870=CARTESIAN_POINT('',(6.450000001626,9.25000000017709,
4.40375421756173));
#76880=DIRECTION('',(1.2306961194432E-13,-1.,1.64284329435031E-13));
#76890=VECTOR('',#76880,1.);
#76900=LINE('',#76870,#76890);
#76910=EDGE_CURVE('',#62160,#71930,#76900,.T.);
#76920=ORIENTED_EDGE('',*,*,#76910,.T.);
#76930=ORIENTED_EDGE('',*,*,#62170,.T.);
#76940=EDGE_LOOP('',(#76930,#76920,#76860,#76850));
#76950=FACE_OUTER_BOUND('',#76940,.T.);
#76960=ADVANCED_FACE('',(#76950),#76790,.T.);
#76970=COLOUR_RGB('',0.560784339904785,0.588235318660736,
0.600000023841858);
#76980=FILL_AREA_STYLE_COLOUR('',#76970);
#76990=FILL_AREA_STYLE('',(#76980));
#77000=SURFACE_STYLE_FILL_AREA(#76990);
#77010=SURFACE_SIDE_STYLE('',(#77000));
#77020=SURFACE_STYLE_USAGE(.BOTH.,#77010);
#77030=PRESENTATION_STYLE_ASSIGNMENT((#77020));
#77040=CARTESIAN_POINT('',(6.45000000156725,29.249999999716,
5.2749999999559));
#77050=DIRECTION('',(1.,1.23069611954935E-13,6.46138767349212E-11));
#77060=DIRECTION('',(-6.46138767349212E-11,4.08396006630947E-13,1.));
#77070=AXIS2_PLACEMENT_3D('',#77040,#77050,#77060);
#77080=PLANE('',#77070);
#77090=ORIENTED_EDGE('',*,*,#71940,.F.);
#77100=CARTESIAN_POINT('',(6.45000000156725,29.249999999716,
5.2749999999559));
#77110=DIRECTION('',(1.23069611928547E-13,-1.,4.08396006638899E-13));
#77120=VECTOR('',#77110,1.);
#77130=LINE('',#77100,#77120);
#77140=EDGE_CURVE('',#62240,#71850,#77130,.T.);
#77150=ORIENTED_EDGE('',*,*,#77140,.T.);
#77160=ORIENTED_EDGE('',*,*,#62250,.T.);
#77170=ORIENTED_EDGE('',*,*,#76910,.F.);
#77180=EDGE_LOOP('',(#77170,#77160,#77150,#77090));
#77190=FACE_OUTER_BOUND('',#77180,.T.);
#77200=ADVANCED_FACE('',(#77190),#77080,.T.);
#77210=COLOUR_RGB('',0.560784339904785,0.588235318660736,
0.600000023841858);
#77220=FILL_AREA_STYLE_COLOUR('',#77210);
#77230=FILL_AREA_STYLE('',(#77220));
#77240=SURFACE_STYLE_FILL_AREA(#77230);
#77250=SURFACE_SIDE_STYLE('',(#77240));
#77260=SURFACE_STYLE_USAGE(.BOTH.,#77250);
#77270=PRESENTATION_STYLE_ASSIGNMENT((#77260));
#77280=CARTESIAN_POINT('',(8.09999996896914,29.1499999997162,
5.27500000006391));
#77290=DIRECTION('',(1.,1.23069611932777E-13,1.03577912213353E-11));
#77300=DIRECTION('',(-1.03577912213354E-11,4.08396006637624E-13,1.));
#77310=AXIS2_PLACEMENT_3D('',#77280,#77290,#77300);
#77320=PLANE('',#77310);
#77330=CARTESIAN_POINT('',(8.09999996897959,29.1499999997158,
4.26651510996351));
#77340=DIRECTION('',(-1.23069611928547E-13,1.,-4.08396006638899E-13));
#77350=VECTOR('',#77340,1.);
#77360=LINE('',#77330,#77350);
#77370=EDGE_CURVE('',#72650,#71770,#77360,.T.);
#77380=ORIENTED_EDGE('',*,*,#77370,.T.);
#77390=ORIENTED_EDGE('',*,*,#73210,.F.);
#77400=CARTESIAN_POINT('',(8.09999996896914,29.1499999997162,
5.27500000006391));
#77410=DIRECTION('',(1.23069611928547E-13,-1.,4.08396006638899E-13));
#77420=VECTOR('',#77410,1.);
#77430=LINE('',#77400,#77420);
#77440=EDGE_CURVE('',#71750,#73140,#77430,.T.);
#77450=ORIENTED_EDGE('',*,*,#77440,.T.);
#77460=ORIENTED_EDGE('',*,*,#71780,.F.);
#77470=EDGE_LOOP('',(#77460,#77450,#77390,#77380));
#77480=FACE_OUTER_BOUND('',#77470,.T.);
#77490=ADVANCED_FACE('',(#77480),#77320,.T.);
#77500=COLOUR_RGB('',0.980392217636108,0.517647087574005,
0.168627455830574);
#77510=FILL_AREA_STYLE_COLOUR('',#77500);
#77520=FILL_AREA_STYLE('',(#77510));
#77530=SURFACE_STYLE_FILL_AREA(#77520);
#77540=SURFACE_SIDE_STYLE('',(#77530));
#77550=SURFACE_STYLE_USAGE(.BOTH.,#77540);
#77560=PRESENTATION_STYLE_ASSIGNMENT((#77550));
#77570=CARTESIAN_POINT('',(7.90000000152694,29.2499999997162,
5.27500000005078));
#77580=DIRECTION('',(6.54359382733309E-11,-4.08396006630846E-13,-1.));
#77590=DIRECTION('',(1.,1.23069611955271E-13,6.54359382733309E-11));
#77600=AXIS2_PLACEMENT_3D('',#77570,#77580,#77590);
#77610=PLANE('',#77600);
#77620=ORIENTED_EDGE('',*,*,#77140,.F.);
#77630=ORIENTED_EDGE('',*,*,#71860,.F.);
#77640=ORIENTED_EDGE('',*,*,#77440,.F.);
#77650=ORIENTED_EDGE('',*,*,#73150,.F.);
#77660=ORIENTED_EDGE('',*,*,#75160,.T.);
#77670=ORIENTED_EDGE('',*,*,#75650,.F.);
#77680=ORIENTED_EDGE('',*,*,#76610,.T.);
#77690=ORIENTED_EDGE('',*,*,#62330,.T.);
#77700=EDGE_LOOP('',(#77690,#77680,#77670,#77660,#77650,#77640,#77630,
#77620));
#77710=FACE_OUTER_BOUND('',#77700,.T.);
#77720=ADVANCED_FACE('',(#77710),#77610,.T.);
#77730=COLOUR_RGB('',0.560784339904785,0.588235318660736,
0.600000023841858);
#77740=FILL_AREA_STYLE_COLOUR('',#77730);
#77750=FILL_AREA_STYLE('',(#77740));
#77760=SURFACE_STYLE_FILL_AREA(#77750);
#77770=SURFACE_SIDE_STYLE('',(#77760));
#77780=SURFACE_STYLE_USAGE(.BOTH.,#77770);
#77790=PRESENTATION_STYLE_ASSIGNMENT((#77780));
#77800=CARTESIAN_POINT('',(8.49999996898909,29.1499999997154,
3.34999997097649));
#77810=DIRECTION('',(-1.23069611928547E-13,1.,-4.08396006638899E-13));
#77820=DIRECTION('',(1.,1.23069611932782E-13,1.03690421285626E-11));
#77830=AXIS2_PLACEMENT_3D('',#77800,#77810,#77820);
#77840=CYLINDRICAL_SURFACE('',#77830,1.);
#77850=ORIENTED_EDGE('',*,*,#72400,.T.);
#77860=ORIENTED_EDGE('',*,*,#73500,.T.);
#77870=ORIENTED_EDGE('',*,*,#72660,.F.);
#77880=ORIENTED_EDGE('',*,*,#77370,.F.);
#77890=EDGE_LOOP('',(#77880,#77870,#77860,#77850));
#77900=FACE_OUTER_BOUND('',#77890,.T.);
#77910=ADVANCED_FACE('',(#77900),#77840,.F.);
#77920=COLOUR_RGB('',0.980392217636108,0.517647087574005,
0.168627455830574);
#77930=FILL_AREA_STYLE_COLOUR('',#77920);
#77940=FILL_AREA_STYLE('',(#77930));
#77950=SURFACE_STYLE_FILL_AREA(#77940);
#77960=SURFACE_SIDE_STYLE('',(#77950));
#77970=SURFACE_STYLE_USAGE(.BOTH.,#77960);
#77980=PRESENTATION_STYLE_ASSIGNMENT((#77970));
#77990=CARTESIAN_POINT('',(6.84999999864632,29.2499999997155,
3.87949015552697));
#78000=DIRECTION('',(1.,1.23069611956026E-13,6.72842083041265E-11));
#78010=DIRECTION('',(-6.72842083041265E-11,4.08396006630618E-13,1.));
#78020=AXIS2_PLACEMENT_3D('',#77990,#78000,#78010);
#78030=PLANE('',#78020);
#78040=ORIENTED_EDGE('',*,*,#63030,.T.);
#78050=ORIENTED_EDGE('',*,*,#71520,.T.);
#78060=ORIENTED_EDGE('',*,*,#72080,.T.);
#78070=ORIENTED_EDGE('',*,*,#76840,.F.);
#78080=EDGE_LOOP('',(#78070,#78060,#78050,#78040));
#78090=FACE_OUTER_BOUND('',#78080,.T.);
#78100=ADVANCED_FACE('',(#78090),#78030,.T.);
#78110=COLOUR_RGB('',0.560784339904785,0.588235318660736,
0.600000023841858);
#78120=FILL_AREA_STYLE_COLOUR('',#78110);
#78130=FILL_AREA_STYLE('',(#78120));
#78140=SURFACE_STYLE_FILL_AREA(#78130);
#78150=SURFACE_SIDE_STYLE('',(#78140));
#78160=SURFACE_STYLE_USAGE(.BOTH.,#78150);
#78170=PRESENTATION_STYLE_ASSIGNMENT((#78160));
#78180=CARTESIAN_POINT('',(6.44999999860838,29.2499999997147,
2.15964735853247));
#78190=DIRECTION('',(1.,1.23069611954935E-13,6.46138767349212E-11));
#78200=DIRECTION('',(-6.46138767349212E-11,4.08396006630947E-13,1.));
#78210=AXIS2_PLACEMENT_3D('',#78180,#78190,#78200);
#78220=PLANE('',#78210);
#78230=ORIENTED_EDGE('',*,*,#62890,.T.);
#78240=ORIENTED_EDGE('',*,*,#73920,.F.);
#78250=ORIENTED_EDGE('',*,*,#72170,.F.);
#78260=ORIENTED_EDGE('',*,*,#71380,.F.);
#78270=EDGE_LOOP('',(#78260,#78250,#78240,#78230));
#78280=FACE_OUTER_BOUND('',#78270,.T.);
#78290=ADVANCED_FACE('',(#78280),#78220,.T.);
#78300=COLOUR_RGB('',0.560784339904785,0.588235318660736,
0.600000023841858);
#78310=FILL_AREA_STYLE_COLOUR('',#78300);
#78320=FILL_AREA_STYLE('',(#78310));
#78330=SURFACE_STYLE_FILL_AREA(#78320);
#78340=SURFACE_SIDE_STYLE('',(#78330));
#78350=SURFACE_STYLE_USAGE(.BOTH.,#78340);
#78360=PRESENTATION_STYLE_ASSIGNMENT((#78350));
#78370=CARTESIAN_POINT('',(-6.74999999998866,28.000000000133,
6.15000001164967));
#78380=DIRECTION('',(1.,-5.5261073494961E-12,-3.19771212630687E-14));
#78390=DIRECTION('',(-5.52610734949609E-12,-1.,4.08396006639079E-13));
#78400=AXIS2_PLACEMENT_3D('',#78370,#78380,#78390);
#78410=PLANE('',#78400);
#78420=CARTESIAN_POINT('',(-6.75000000009264,9.25000000017709,
0.800000009994978));
#78430=DIRECTION('',(-5.5261073494961E-12,-1.,4.11450890042287E-13));
#78440=VECTOR('',#78430,1.);
#78450=LINE('',#78420,#78440);
#78460=EDGE_CURVE('',#63950,#60470,#78450,.T.);
#78470=ORIENTED_EDGE('',*,*,#78460,.T.);
#78480=ORIENTED_EDGE('',*,*,#63960,.T.);
#78490=ORIENTED_EDGE('',*,*,#9080,.F.);
#78500=ORIENTED_EDGE('',*,*,#21300,.F.);
#78510=ORIENTED_EDGE('',*,*,#2680,.T.);
#78520=ORIENTED_EDGE('',*,*,#60560,.T.);
#78530=EDGE_LOOP('',(#78520,#78510,#78500,#78490,#78480,#78470));
#78540=FACE_OUTER_BOUND('',#78530,.T.);
#78550=ADVANCED_FACE('',(#78540),#78410,.F.);
#78560=COLOUR_RGB('',0.560784339904785,0.588235318660736,
0.600000023841858);
#78570=FILL_AREA_STYLE_COLOUR('',#78560);
#78580=FILL_AREA_STYLE('',(#78570));
#78590=SURFACE_STYLE_FILL_AREA(#78580);
#78600=SURFACE_SIDE_STYLE('',(#78590));
#78610=SURFACE_STYLE_USAGE(.BOTH.,#78600);
#78620=PRESENTATION_STYLE_ASSIGNMENT((#78610));
#78630=ORIENTED_EDGE('',*,*,#60500,.F.);
#78640=ORIENTED_EDGE('',*,*,#60860,.F.);
#78650=ORIENTED_EDGE('',*,*,#64020,.F.);
#78660=ORIENTED_EDGE('',*,*,#78460,.F.);
#78670=EDGE_LOOP('',(#78660,#78650,#78640,#78630));
#78680=FACE_OUTER_BOUND('',#78670,.T.);
#78690=ADVANCED_FACE('',(#78680),#59770,.F.);
#78700=COLOUR_RGB('',0.560784339904785,0.588235318660736,
0.600000023841858);
#78710=FILL_AREA_STYLE_COLOUR('',#78700);
#78720=FILL_AREA_STYLE('',(#78710));
#78730=SURFACE_STYLE_FILL_AREA(#78720);
#78740=SURFACE_SIDE_STYLE('',(#78730));
#78750=SURFACE_STYLE_USAGE(.BOTH.,#78740);
#78760=PRESENTATION_STYLE_ASSIGNMENT((#78750));
#78770=CARTESIAN_POINT('',(4.09999999534169,24.5500000187061,
6.15000001226168));
#78780=DIRECTION('',(1.,1.19349310973061E-9,-3.19771222400449E-14));
#78790=DIRECTION('',(1.19349310973061E-9,-1.,8.16792267487758E-13));
#78800=AXIS2_PLACEMENT_3D('',#78770,#78780,#78790);
#78810=PLANE('',#78800);
#78820=CARTESIAN_POINT('',(4.09999999110519,29.2500000225519,
5.89007575845929));
#78830=DIRECTION('',(-5.9656937493592E-10,1.,-4.08396260867947E-13));
#78840=VECTOR('',#78830,1.);
#78850=LINE('',#78820,#78840);
#78860=EDGE_CURVE('',#18340,#63540,#78850,.T.);
#78870=ORIENTED_EDGE('',*,*,#78860,.F.);
#78880=ORIENTED_EDGE('',*,*,#63550,.F.);
#78890=ORIENTED_EDGE('',*,*,#9580,.T.);
#78900=ORIENTED_EDGE('',*,*,#18410,.T.);
#78910=EDGE_LOOP('',(#78900,#78890,#78880,#78870));
#78920=FACE_OUTER_BOUND('',#78910,.T.);
#78930=ADVANCED_FACE('',(#78920),#78810,.F.);
#78940=COLOUR_RGB('',0.560784339904785,0.588235318660736,
0.600000023841858);
#78950=FILL_AREA_STYLE_COLOUR('',#78940);
#78960=FILL_AREA_STYLE('',(#78950));
#78970=SURFACE_STYLE_FILL_AREA(#78960);
#78980=SURFACE_SIDE_STYLE('',(#78970));
#78990=SURFACE_STYLE_USAGE(.BOTH.,#78980);
#79000=PRESENTATION_STYLE_ASSIGNMENT((#78990));
#79010=CARTESIAN_POINT('',(3.16120610621768,29.250000021992,
6.13821248664262));
#79020=DIRECTION('',(5.9656937493592E-10,-1.,4.08396260867947E-13));
#79030=VECTOR('',#79020,1.);
#79040=LINE('',#79010,#79030);
#79050=CARTESIAN_POINT('',(3.16120610957065,23.6295834446765,
6.13821248664492));
#79060=VERTEX_POINT('',#79050);
#79070=EDGE_CURVE('',#20490,#79060,#79040,.T.);
#79080=ORIENTED_EDGE('',*,*,#79070,.F.);
#79090=CARTESIAN_POINT('',(2.9000000016323,18.6270526745853,
3.25000000007042));
#79100=DIRECTION('',(-5.43002848271454E-10,0.499999999999577,
-0.866025403784683));
#79110=DIRECTION('',(-3.75356137798849E-10,0.866025403784683,
0.499999999999577));
#79120=AXIS2_PLACEMENT_3D('',#79090,#79100,#79110);
#79130=ELLIPSE('',#79120,5.8000000000008,2.9);
#79140=CARTESIAN_POINT('',(4.95060966565783,22.1788128026311,
5.30060966480654));
#79150=VERTEX_POINT('',#79140);
#79160=EDGE_CURVE('',#79060,#79150,#79130,.T.);
#79170=ORIENTED_EDGE('',*,*,#79160,.F.);
#79180=CARTESIAN_POINT('',(2.9000000016323,18.6270526637736,
3.25000000007042));
#79190=DIRECTION('',(-0.866025404381127,0.499999998966505,
-5.39300711148116E-11));
#79200=DIRECTION('',(0.499999998966505,0.866025404381127,
3.06649656505038E-11));
#79210=AXIS2_PLACEMENT_3D('',#79180,#79190,#79200);
#79220=ELLIPSE('',#79210,5.80000000599547,2.9);
#79230=CARTESIAN_POINT('',(4.90000000021769,22.0911542917029,
1.15000000068993));
#79240=VERTEX_POINT('',#79230);
#79250=EDGE_CURVE('',#79150,#79240,#79220,.T.);
#79260=ORIENTED_EDGE('',*,*,#79250,.F.);
#79270=CARTESIAN_POINT('',(4.89999999594693,29.2500000230272,
1.150000000687));
#79280=DIRECTION('',(-5.9656937493592E-10,1.,-4.08396260867947E-13));
#79290=VECTOR('',#79280,1.);
#79300=LINE('',#79270,#79290);
#79310=CARTESIAN_POINT('',(4.90000000011436,22.2643593719261,
1.15000000068986));
#79320=VERTEX_POINT('',#79310);
#79330=EDGE_CURVE('',#79240,#79320,#79300,.T.);
#79340=ORIENTED_EDGE('',*,*,#79330,.F.);
#79350=CARTESIAN_POINT('',(2.9000000016323,18.6270526745074,
3.25000000007042));
#79360=DIRECTION('',(-6.50374603975574E-10,0.500000000000423,
0.866025403784194));
#79370=DIRECTION('',(3.13365025739649E-10,-0.866025403784194,
0.500000000000423));
#79380=AXIS2_PLACEMENT_3D('',#79350,#79360,#79370);
#79390=ELLIPSE('',#79380,5.79999999999919,2.9);
#79400=CARTESIAN_POINT('',(2.90000000203756,23.650000016455,
0.350000000068371));
#79410=VERTEX_POINT('',#79400);
#79420=EDGE_CURVE('',#79320,#79410,#79390,.T.);
#79430=ORIENTED_EDGE('',*,*,#79420,.F.);
#79440=CARTESIAN_POINT('',(2.89999999463937,29.8500000163347,
0.350000000065513));
#79450=DIRECTION('',(-1.19325641018176E-9,1.,-6.12594370746826E-13));
#79460=VECTOR('',#79450,1.);
#79470=LINE('',#79440,#79460);
#79480=CARTESIAN_POINT('',(2.89999999559398,29.0500000162828,
0.350000000066003));
#79490=VERTEX_POINT('',#79480);
#79500=EDGE_CURVE('',#79410,#79490,#79470,.T.);
#79510=ORIENTED_EDGE('',*,*,#79500,.F.);
#79520=CARTESIAN_POINT('',(2.89999999547466,29.2500000218338,
0.350000000066085));
#79530=DIRECTION('',(5.9656937493592E-10,-1.,4.08396260867947E-13));
#79540=VECTOR('',#79530,1.);
#79550=LINE('',#79520,#79540);
#79560=EDGE_CURVE('',#63630,#79490,#79550,.T.);
#79570=ORIENTED_EDGE('',*,*,#79560,.T.);
#79580=ORIENTED_EDGE('',*,*,#63640,.F.);
#79590=ORIENTED_EDGE('',*,*,#78860,.T.);
#79600=ORIENTED_EDGE('',*,*,#18350,.T.);
#79610=ORIENTED_EDGE('',*,*,#20570,.T.);
#79620=EDGE_LOOP('',(#79610,#79600,#79590,#79580,#79570,#79510,#79430,
#79340,#79260,#79170,#79080));
#79630=FACE_OUTER_BOUND('',#79620,.T.);
#79640=ADVANCED_FACE('',(#79630),#17550,.F.);
#79650=COLOUR_RGB('',0.560784339904785,0.588235318660736,
0.600000023841858);
#79660=FILL_AREA_STYLE_COLOUR('',#79650);
#79670=FILL_AREA_STYLE('',(#79660));
#79680=SURFACE_STYLE_FILL_AREA(#79670);
#79690=SURFACE_SIDE_STYLE('',(#79680));
#79700=SURFACE_STYLE_USAGE(.BOTH.,#79690);
#79710=PRESENTATION_STYLE_ASSIGNMENT((#79700));
#79720=CARTESIAN_POINT('',(2.03879388719168,29.2500000213224,
6.13821248625051));
#79730=DIRECTION('',(-3.49349417758454E-10,4.08396052456783E-13,1.));
#79740=DIRECTION('',(-1.,-5.96569374936063E-10,-3.4934941775821E-10));
#79750=AXIS2_PLACEMENT_3D('',#79720,#79730,#79740);
#79760=PLANE('',#79750);
#79770=ORIENTED_EDGE('',*,*,#20500,.T.);
#79780=CARTESIAN_POINT('',(2.30000000227797,23.6500000161582,
3.24999999996786));
#79790=DIRECTION('',(-1.19337782341808E-9,1.,-4.88388316302528E-13));
#79800=DIRECTION('',(-1.,-1.19337745224706E-9,-6.1991112058554E-11));
#79810=AXIS2_PLACEMENT_3D('',#79780,#79790,#79800);
#79820=CONICAL_SURFACE('',#79810,2.90000000000077,0.523598775598299);
#79830=CARTESIAN_POINT('',(2.03879389049396,23.6500000154779,
6.13821248625279));
#79840=CARTESIAN_POINT('',(2.06026934184483,23.6466496802868,
6.1382124862603));
#79850=CARTESIAN_POINT('',(2.08184351039929,23.6436940279662,
6.13821248626784));
#79860=CARTESIAN_POINT('',(2.1034989195358,23.6411480185759,
6.1382124862754));
#79870=CARTESIAN_POINT('',(2.12515422979946,23.6386020208099,
6.13821248628297));
#79880=CARTESIAN_POINT('',(2.14689057652542,23.6364657378092,
6.13821248629056));
#79890=CARTESIAN_POINT('',(2.1686872407347,23.6347510697851,
6.13821248629818));
#79900=CARTESIAN_POINT('',(2.19048383131822,23.6330364075529,
6.13821248630579));
#79910=CARTESIAN_POINT('',(2.21234050307348,23.6317434156628,
6.13821248631343));
#79920=CARTESIAN_POINT('',(2.23423410044318,23.6308801652134,
6.13821248632108));
#79930=CARTESIAN_POINT('',(2.2561276487153,23.6300169166999,
6.13821248632873));
#79940=CARTESIAN_POINT('',(2.27805786364419,23.6295834436352,
6.13821248633639));
#79950=CARTESIAN_POINT('',(2.30000000171789,23.629583443667,
6.13821248634405));
#79960=B_SPLINE_CURVE_WITH_KNOTS('',3,(#79830,#79840,#79850,#79860,
#79870,#79880,#79890,#79900,#79910,#79920,#79930,#79940,#79950),
.UNSPECIFIED.,.F.,.F.,(4,3,3,3,4),(0.,0.0653115961135242,
0.130817083813323,0.196482325150467,0.262265265862334),.UNSPECIFIED.);
#79970=SURFACE_CURVE('',#79960,(#79760,#79820),.CURVE_3D.);
#79980=CARTESIAN_POINT('',(2.30000000171887,23.6295834432201,
6.13821248634405));
#79990=VERTEX_POINT('',#79980);
#80000=EDGE_CURVE('',#20410,#79990,#79970,.T.);
#80010=ORIENTED_EDGE('',*,*,#80000,.F.);
#80020=CARTESIAN_POINT('',(1.17490327194996,23.6295834413175,
6.138212485951));
#80030=DIRECTION('',(1.,1.69109663769556E-9,3.49349417757763E-10));
#80040=VECTOR('',#80030,1.);
#80050=LINE('',#80020,#80040);
#80060=EDGE_CURVE('',#79990,#79060,#80050,.T.);
#80070=ORIENTED_EDGE('',*,*,#80060,.F.);
#80080=ORIENTED_EDGE('',*,*,#79070,.T.);
#80090=EDGE_LOOP('',(#80080,#80070,#80010,#79770));
#80100=FACE_OUTER_BOUND('',#80090,.T.);
#80110=ADVANCED_FACE('',(#80100),#79760,.F.);
#80120=COLOUR_RGB('',0.560784339904785,0.588235318660736,
0.600000023841858);
#80130=FILL_AREA_STYLE_COLOUR('',#80120);
#80140=FILL_AREA_STYLE('',(#80130));
#80150=SURFACE_STYLE_FILL_AREA(#80140);
#80160=SURFACE_SIDE_STYLE('',(#80150));
#80170=SURFACE_STYLE_USAGE(.BOTH.,#80160);
#80180=PRESENTATION_STYLE_ASSIGNMENT((#80170));
#80190=CARTESIAN_POINT('',(-22.5299466379317,11.3000000055372,
5.87999996356582));
#80200=DIRECTION('',(-2.41484413501388E-10,1.,3.50079581708565E-9));
#80210=DIRECTION('',(1.,2.41484413508576E-10,-2.05315251750154E-12));
#80220=AXIS2_PLACEMENT_3D('',#80190,#80200,#80210);
#80230=PLANE('',#80220);
#80240=CARTESIAN_POINT('',(1.17490327930534,11.3000000142235,
5.03390158360217));
#80250=DIRECTION('',(0.999425947141932,3.59948710876776E-10,
-0.0338788456038932));
#80260=VECTOR('',#80250,1.);
#80270=LINE('',#80240,#80260);
#80280=CARTESIAN_POINT('',(0.469386206107697,11.3000000139694,
5.0578174165482));
#80290=VERTEX_POINT('',#80280);
#80300=CARTESIAN_POINT('',(3.85000001425151,11.3000000284681,
4.94322033851554));
#80310=VERTEX_POINT('',#80300);
#80320=EDGE_CURVE('',#80290,#80310,#80270,.T.);
#80330=ORIENTED_EDGE('',*,*,#80320,.T.);
#80340=CARTESIAN_POINT('',(0.469386205958505,11.3000000310433,
0.180687249072217));
#80350=DIRECTION('',(3.05900894780276E-11,-3.50079581707826E-9,1.));
#80360=VECTOR('',#80350,1.);
#80370=LINE('',#80340,#80360);
#80380=CARTESIAN_POINT('',(0.469386205988157,11.3000000276499,
1.15000000042083));
#80390=VERTEX_POINT('',#80380);
#80400=EDGE_CURVE('',#80390,#80290,#80370,.T.);
#80410=ORIENTED_EDGE('',*,*,#80400,.T.);
#80420=CARTESIAN_POINT('',(1.17490327930509,11.3000000278203,
1.15000000046456));
#80430=DIRECTION('',(1.,2.4148441328437E-10,6.19911120590188E-11));
#80440=VECTOR('',#80430,1.);
#80450=LINE('',#80420,#80440);
#80460=CARTESIAN_POINT('',(3.85000001448665,11.3000000284663,
1.1500000006304));
#80470=VERTEX_POINT('',#80460);
#80480=EDGE_CURVE('',#80390,#80470,#80450,.T.);
#80490=ORIENTED_EDGE('',*,*,#80480,.F.);
#80500=CARTESIAN_POINT('',(3.85000001454674,11.3000000318596,
0.180687249072001));
#80510=DIRECTION('',(-6.19911078346621E-11,-3.50079581710062E-9,1.));
#80520=VECTOR('',#80510,1.);
#80530=LINE('',#80500,#80520);
#80540=EDGE_CURVE('',#80470,#80310,#80530,.T.);
#80550=ORIENTED_EDGE('',*,*,#80540,.F.);
#80560=EDGE_LOOP('',(#80550,#80490,#80410,#80330));
#80570=FACE_OUTER_BOUND('',#80560,.T.);
#80580=ADVANCED_FACE('',(#80570),#80230,.T.);
#80590=COLOUR_RGB('',0.823529481887817,0.823529481887817,
0.784313797950745);
#80600=FILL_AREA_STYLE_COLOUR('',#80590);
#80610=FILL_AREA_STYLE('',(#80600));
#80620=SURFACE_STYLE_FILL_AREA(#80610);
#80630=SURFACE_SIDE_STYLE('',(#80620));
#80640=SURFACE_STYLE_USAGE(.BOTH.,#80630);
#80650=PRESENTATION_STYLE_ASSIGNMENT((#80640));
#80660=CARTESIAN_POINT('',(0.400007616738855,19.2499983815522,
5.87500042558102));
#80670=DIRECTION('',(-0.999961923059037,-0.00872653608676351,
3.91036708722038E-14));
#80680=DIRECTION('',(-0.00872653608676352,0.999961923059037,
-8.16482117072299E-13));
#80690=AXIS2_PLACEMENT_3D('',#80660,#80670,#80680);
#80700=PLANE('',#80690);
#80710=CARTESIAN_POINT('',(0.365384807103401,23.217379133837,
5.06134288679466));
#80720=CARTESIAN_POINT('',(0.365855657114211,23.1634250703229,
5.01626877320411));
#80730=CARTESIAN_POINT('',(0.366323326364739,23.1098354858112,
4.97062311856556));
#80740=CARTESIAN_POINT('',(0.366786494530268,23.056761674519,
4.92435345130883));
#80750=CARTESIAN_POINT('',(0.367249664053312,23.0036877076709,
4.87808364843872));
#80760=CARTESIAN_POINT('',(0.367708342308599,22.9511283890977,
4.8311899229091));
#80770=CARTESIAN_POINT('',(0.368161059848081,22.8992521008565,
4.78358869449105));
#80780=CARTESIAN_POINT('',(0.368387419772802,22.8733138243883,
4.75978795884096));
#80790=CARTESIAN_POINT('',(0.368612288268414,22.8475464487569,
4.7358096515219));
#80800=CARTESIAN_POINT('',(0.368835461587485,22.821973321104,
4.71163946668367));
#80810=CARTESIAN_POINT('',(0.369058634971899,22.7964001859635,
4.68746927476854));
#80820=CARTESIAN_POINT('',(0.369280114013083,22.7710212033134,
4.66310718134677));
#80830=CARTESIAN_POINT('',(0.369499674810321,22.7458620296331,
4.63853591593166));
#80840=CARTESIAN_POINT('',(0.36971923559886,22.7207028569495,
4.61396465148999));
#80850=CARTESIAN_POINT('',(0.369936879269672,22.6957633641835,
4.58918417196674));
#80860=CARTESIAN_POINT('',(0.370152354600462,22.6710723385569,
4.56417391299035));
#80870=CARTESIAN_POINT('',(0.370367829807937,22.6463813270609,
4.53916366832733));
#80880=CARTESIAN_POINT('',(0.370581138179461,22.6219386103546,
4.51392357294809));
#80890=CARTESIAN_POINT('',(0.370791991560353,22.5977772076921,
4.48842947295845));
#80900=CARTESIAN_POINT('',(0.371002844654274,22.5736158379132,
4.46293540766631));
#80910=CARTESIAN_POINT('',(0.371211244743806,22.5497355545771,
4.43718722522307));
#80920=CARTESIAN_POINT('',(0.371416854160387,22.5261750506658,
4.41115695625749));
#80930=CARTESIAN_POINT('',(0.371622463069043,22.5026146049569,
4.38512675159551));
#80940=CARTESIAN_POINT('',(0.371825283895666,22.4793736417831,
4.35881428789539));
#80950=CARTESIAN_POINT('',(0.372024913364529,22.4564983719625,
4.33218767974581));
#80960=CARTESIAN_POINT('',(0.372224579329838,22.4336189200636,
4.30555620369481));
#80970=CARTESIAN_POINT('',(0.372420900615565,22.4111227305338,
4.27863214158534));
#80980=CARTESIAN_POINT('',(0.372613829247077,22.3890153005682,
4.25131753569832));
#80990=CARTESIAN_POINT('',(0.37280681375004,22.3669014683688,
4.22399501959769));
#81000=CARTESIAN_POINT('',(0.372996526289568,22.3451625659408,
4.19626243677813));
#81010=CARTESIAN_POINT('',(0.373182022093254,22.323906853625,
4.16812276523332));
#81020=CARTESIAN_POINT('',(0.373367518216757,22.3026511046617,
4.13998304517219));
#81030=CARTESIAN_POINT('',(0.373548799886817,22.281878284197,
4.11143602711484));
#81040=CARTESIAN_POINT('',(0.373724882536166,22.2617012124573,
4.08247872509294));
#81050=CARTESIAN_POINT('',(0.373900965366676,22.2415241199586,
4.05352139327858));
#81060=CARTESIAN_POINT('',(0.374071852276781,22.2219424209251,
4.02415342712861));
#81070=CARTESIAN_POINT('',(0.37423650483326,22.20307510801,
3.99436579249979));
#81080=CARTESIAN_POINT('',(0.374401157302361,22.1842078051073,
3.96457817367865));
#81090=CARTESIAN_POINT('',(0.374559579275287,22.1660544463029,
3.93437034017933));
#81100=CARTESIAN_POINT('',(0.374710659756109,22.1487423391118,
3.9037280102033));
#81110=CARTESIAN_POINT('',(0.374861739776495,22.1314302846815,
3.87308577361357));
#81120=CARTESIAN_POINT('',(0.375005482508332,22.114959000185,
3.84200825540012));
#81130=CARTESIAN_POINT('',(0.375140684278771,22.0994664128598,
3.81047806516507));
#81140=CARTESIAN_POINT('',(0.375205670905438,22.0920196835357,
3.79532263713438));
#81150=CARTESIAN_POINT('',(0.375268683066037,22.0847992056242,
3.78006252752648));
#81160=CARTESIAN_POINT('',(0.375329578629751,22.0778212656498,
3.76469575051023));
#81170=CARTESIAN_POINT('',(0.37539047532415,22.0708431961117,
3.74932868816947));
#81180=CARTESIAN_POINT('',(0.375449226664676,22.064110959749,
3.73386393942783));
#81190=CARTESIAN_POINT('',(0.375505896439932,22.057617247137,
3.71823804222249));
#81200=CARTESIAN_POINT('',(0.375619201208446,22.0446338075352,
3.68699583846129));
#81210=CARTESIAN_POINT('',(0.375723806465464,22.0326472340033,
3.65519968948793));
#81220=CARTESIAN_POINT('',(0.375817944272856,22.0218601104554,
3.62295564767412));
#81230=CARTESIAN_POINT('',(0.375912081572801,22.011073045055,
3.5907117796707));
#81240=CARTESIAN_POINT('',(0.375995731216396,22.0014877457819,
3.55802338198353));
#81250=CARTESIAN_POINT('',(0.376067398414549,21.9932754988407,
3.52501885096419));
#81260=CARTESIAN_POINT('',(0.376103231238349,21.9891694642079,
3.50851694248855));
#81270=CARTESIAN_POINT('',(0.37613607248771,21.9854062296087,
3.4919369374335));
#81280=CARTESIAN_POINT('',(0.376165773899147,21.9820027851946,
3.47529671161977));
#81290=CARTESIAN_POINT('',(0.376195475347325,21.9785993365704,
3.45865646522202));
#81300=CARTESIAN_POINT('',(0.376222036380956,21.9755557435638,
3.44195622541831));
#81310=CARTESIAN_POINT('',(0.37624534100499,21.972885298334,
3.42521410768841));
#81320=CARTESIAN_POINT('',(0.376338652114386,21.9621929049869,
3.35817910310109));
#81330=CARTESIAN_POINT('',(0.376379291802447,21.95753605825,
3.29085067352674));
#81340=CARTESIAN_POINT('',(0.376364624527651,21.9592167613562,
3.22293036077168));
#81350=CARTESIAN_POINT('',(0.37636096089315,21.9596365722599,
3.20596502776962));
#81360=CARTESIAN_POINT('',(0.376353847288233,21.9604517105927,
3.18898738775826));
#81370=CARTESIAN_POINT('',(0.376343300996903,21.9616601957986,
3.17202136622993));
#81380=CARTESIAN_POINT('',(0.376332754732643,21.9628686779024,
3.15505538825054));
#81390=CARTESIAN_POINT('',(0.376318775966095,21.9644704858019,
3.13810139883888));
#81400=CARTESIAN_POINT('',(0.376301429555688,21.9664581874209,
3.12118413947013));
#81410=CARTESIAN_POINT('',(0.376284083157728,21.9684458876137,
3.1042668922396));
#81420=CARTESIAN_POINT('',(0.376263369620904,21.9708194237229,
3.08738672061517));
#81430=CARTESIAN_POINT('',(0.376239399769642,21.9735660964375,
3.07056801641723));
#81440=CARTESIAN_POINT('',(0.376215429897358,21.976312771561,
3.05374929746945));
#81450=CARTESIAN_POINT('',(0.376188204452644,21.9794324983504,
3.03699234858291));
#81460=CARTESIAN_POINT('',(0.376157875522838,21.9829078492423,
3.02032025028781));
#81470=CARTESIAN_POINT('',(0.376127546524756,21.9863832079579,
3.00364811446035));
#81480=CARTESIAN_POINT('',(0.376094114919368,21.9902140902068,
2.98706107811786));
#81490=CARTESIAN_POINT('',(0.376057767105476,21.9943791368549,
2.97058016896406));
#81500=CARTESIAN_POINT('',(0.376021419166275,21.998544197862,
2.95409920299207));
#81510=CARTESIAN_POINT('',(0.375982155934796,22.0030433181873,
2.93772455609285));
#81520=CARTESIAN_POINT('',(0.375940189798095,22.0078521608187,
2.92147467086979));
#81530=CARTESIAN_POINT('',(0.375898223377394,22.0126610359932,
2.90522467567818));
#81540=CARTESIAN_POINT('',(0.375853555374441,22.0177794817948,
2.88909973691574));
#81550=CARTESIAN_POINT('',(0.375806413947285,22.0231813539335,
2.87311491300551));
#81560=CARTESIAN_POINT('',(0.37575926632847,22.028583935566,
2.85712798961352));
#81570=CARTESIAN_POINT('',(0.375709513790483,22.0342850116129,
2.84123636097401));
#81580=CARTESIAN_POINT('',(0.375657309117335,22.040267074236,
2.82544213899441));
#81590=CARTESIAN_POINT('',(0.375448489518034,22.0641954286266,
2.76226497675696));
#81600=CARTESIAN_POINT('',(0.375200431533692,22.0926200560261,
2.70064796461508));
#81610=CARTESIAN_POINT('',(0.374923082643792,22.1244010887913,
2.64071558676686));
#81620=CARTESIAN_POINT('',(0.374784408423993,22.1402915793741,
2.61074944649565));
#81630=CARTESIAN_POINT('',(0.374638412537218,22.157021049836,
2.58120428070967));
#81640=CARTESIAN_POINT('',(0.374486325313864,22.1744485182867,
2.55209635092933));
#81650=CARTESIAN_POINT('',(0.374334238168804,22.1918759777659,
2.52298843613342));
#81660=CARTESIAN_POINT('',(0.374176059225856,22.2100014887713,
2.4943175383353));
#81670=CARTESIAN_POINT('',(0.374012996910416,22.2286865781244,
2.46610184748621));
#81680=CARTESIAN_POINT('',(0.373849878902598,22.2473780491916,
2.43787651983707));
#81690=CARTESIAN_POINT('',(0.373682188498662,22.266593464246,
2.41015584297579));
#81700=CARTESIAN_POINT('',(0.373509981509706,22.2863264293225,
2.38278356936327));
#81710=CARTESIAN_POINT('',(0.373337788158096,22.3060578317142,
2.35541346340457));
#81720=CARTESIAN_POINT('',(0.3731612004716,22.3262927749747,
2.32841444784258));
#81730=CARTESIAN_POINT('',(0.372980801363459,22.3469644638671,
2.30174990639182));
#81740=CARTESIAN_POINT('',(0.372793144149368,22.3684678492666,
2.27401255438823));
#81750=CARTESIAN_POINT('',(0.372601358884966,22.3904442623472,
2.2466366587748));
#81760=CARTESIAN_POINT('',(0.372405986959592,22.4128316660392,
2.21958479050695));
#81770=CARTESIAN_POINT('',(0.372210614349763,22.4352191481621,
2.19253282746696));
#81780=CARTESIAN_POINT('',(0.372011651209323,22.4580180643131,
2.16580457023073));
#81790=CARTESIAN_POINT('',(0.371809549865955,22.4811765828773,
2.13936717095182));
#81800=CARTESIAN_POINT('',(0.371607448177783,22.504335140952,
2.11292972656835));
#81810=CARTESIAN_POINT('',(0.37140220531914,22.5278536414865,
2.08678293255581));
#81820=CARTESIAN_POINT('',(0.371194207921814,22.5516877808693,
2.06089875023912));
#81830=CARTESIAN_POINT('',(0.370986210426515,22.5755219314786,
2.03501455573031));
#81840=CARTESIAN_POINT('',(0.370775456170828,22.5996719755182,
2.00939284369831));
#81850=CARTESIAN_POINT('',(0.370562284340627,22.6240990461394,
1.9840102710188));
#81860=CARTESIAN_POINT('',(0.370349112578221,22.6485261089919,
1.9586277064118));
#81870=CARTESIAN_POINT('',(0.370133521611169,22.6732303852206,
1.93348420470668));
#81880=CARTESIAN_POINT('',(0.369915816891715,22.6981768734673,
1.90856080226896));
#81890=CARTESIAN_POINT('',(0.369698112338681,22.7231233426442,
1.88363741888348));
#81900=CARTESIAN_POINT('',(0.369478292861374,22.7483121581223,
1.8589340933873));
#81910=CARTESIAN_POINT('',(0.369256640096567,22.7737110475263,
1.83443581560044));
#81920=CARTESIAN_POINT('',(0.369034987542881,22.7991099127381,
1.80993756114788));
#81930=CARTESIAN_POINT('',(0.368811500879442,22.8247189460965,
1.78564433606284));
#81940=CARTESIAN_POINT('',(0.368586444779373,22.8505078190677,
1.76154460607834));
#81950=CARTESIAN_POINT('',(0.368361388892617,22.8762966675957,
1.73744489893603));
#81960=CARTESIAN_POINT('',(0.368134763012438,22.9022654195386,
1.71353868363397));
#81970=CARTESIAN_POINT('',(0.367906819267137,22.9283851838567,
1.68981740756478));
#81980=CARTESIAN_POINT('',(0.367450934090488,22.9806244473401,
1.6423750962311));
#81990=CARTESIAN_POINT('',(0.366989781398233,23.0334673082857,
1.59567014171795));
#82000=CARTESIAN_POINT('',(0.366525266618414,23.0866954262809,
1.54966279531223));
#82010=CARTESIAN_POINT('',(0.366292980770632,23.1133127462274,
1.52665630353128));
#82020=CARTESIAN_POINT('',(0.366059974590359,23.1400126081035,
1.50383667615882));
#82030=CARTESIAN_POINT('',(0.365826122302407,23.1668094243025,
1.48116746876068));
#82040=CARTESIAN_POINT('',(0.365592222029995,23.1936117389757,
1.45849360983792));
#82050=CARTESIAN_POINT('',(0.365357322926671,23.2205285083198,
1.43595567690216));
#82060=CARTESIAN_POINT('',(0.365121515457116,23.2475493661244,
1.41354277481033));
#82070=CARTESIAN_POINT('',(0.364649900532292,23.3015910800965,
1.36871697198454));
#82080=CARTESIAN_POINT('',(0.36417465944419,23.3560483111958,
1.32439016471244));
#82090=CARTESIAN_POINT('',(0.363696390636378,23.4108524845863,
1.28048858718759));
#82100=CARTESIAN_POINT('',(0.363218121168691,23.465656733591,
1.236586949091));
#82110=CARTESIAN_POINT('',(0.362736818290232,23.5208085770178,
1.19311051859054));
#82120=CARTESIAN_POINT('',(0.362252955976626,23.5762537026435,
1.1500000003327));
#82130=B_SPLINE_CURVE_WITH_KNOTS('',3,(#80710,#80720,#80730,#80740,
#80750,#80760,#80770,#80780,#80790,#80800,#80810,#80820,#80830,#80840,
#80850,#80860,#80870,#80880,#80890,#80900,#80910,#80920,#80930,#80940,
#80950,#80960,#80970,#80980,#80990,#81000,#81010,#81020,#81030,#81040,
#81050,#81060,#81070,#81080,#81090,#81100,#81110,#81120,#81130,#81140,
#81150,#81160,#81170,#81180,#81190,#81200,#81210,#81220,#81230,#81240,
#81250,#81260,#81270,#81280,#81290,#81300,#81310,#81320,#81330,#81340,
#81350,#81360,#81370,#81380,#81390,#81400,#81410,#81420,#81430,#81440,
#81450,#81460,#81470,#81480,#81490,#81500,#81510,#81520,#81530,#81540,
#81550,#81560,#81570,#81580,#81590,#81600,#81610,#81620,#81630,#81640,
#81650,#81660,#81670,#81680,#81690,#81700,#81710,#81720,#81730,#81740,
#81750,#81760,#81770,#81780,#81790,#81800,#81810,#81820,#81830,#81840,
#81850,#81860,#81870,#81880,#81890,#81900,#81910,#81920,#81930,#81940,
#81950,#81960,#81970,#81980,#81990,#82000,#82010,#82020,#82030,#82040,
#82050,#82060,#82070,#82080,#82090,#82100,#82110,#82120),.UNSPECIFIED.,
.F.,.F.,(4,3,3,3,3,3,3,3,3,3,3,3,3,3,3,3,3,3,3,3,3,3,3,3,3,3,3,3,3,3,3,3
,3,3,3,3,3,3,3,3,3,3,3,3,3,3,3,4),(0.,0.211110595727251,
0.422364656064388,0.527955177452499,0.63349070638154,0.738960796523498,
0.844365688224934,0.949716471075229,1.05503491574534,1.16036813789517,
1.26601777719926,1.37187670292939,1.47772080671611,1.58340827738694,
1.68889252100544,1.73953604660566,1.79019941161949,1.89199213926595,
1.99404198033661,2.04502981479269,2.09593965913042,2.29896764616953,
2.34993981588283,2.4010074471354,2.45212454358298,2.5032374323572,
2.55428701341595,2.60521082985942,2.65594524363758,2.70659025350188,
2.90970873223183,3.0114959136644,3.11317592616131,3.21449665158558,
3.31571296588282,3.42102613370592,3.52641578348442,3.63191493732448,
3.7375372836786,3.84327717343989,3.94911028841905,4.0549949184722,
4.16087374677568,4.37232019963583,4.47772634534884,4.58304785694691,
4.79370025538886,5.00438413014565),.UNSPECIFIED.);
#82140=SURFACE_CURVE('',#82130,(#79820,#80700),.CURVE_3D.);
#82150=CARTESIAN_POINT('',(0.365384807100137,23.21737913433,
5.06134288720764));
#82160=VERTEX_POINT('',#82150);
#82170=CARTESIAN_POINT('',(0.36225295597819,23.5762537025456,
1.15000000040819));
#82180=VERTEX_POINT('',#82170);
#82190=EDGE_CURVE('',#82160,#82180,#82140,.T.);
#82200=ORIENTED_EDGE('',*,*,#82190,.F.);
#82210=CARTESIAN_POINT('',(0.312738918645461,29.2500000202906,
1.15000000040235));
#82220=DIRECTION('',(0.00872653608676351,-0.999961923059037,
1.02933500158259E-12));
#82230=VECTOR('',#82220,1.);
#82240=LINE('',#82210,#82230);
#82250=EDGE_CURVE('',#82180,#80390,#82240,.T.);
#82260=ORIENTED_EDGE('',*,*,#82250,.F.);
#82270=ORIENTED_EDGE('',*,*,#80400,.F.);
#82280=CARTESIAN_POINT('',(0.3127389186456,29.2500000202922,
5.06312749334619));
#82290=DIRECTION('',(0.00872653570494981,-0.999961879307525,
-0.000295814728262388));
#82300=VECTOR('',#82290,1.);
#82310=LINE('',#82280,#82300);
#82320=EDGE_CURVE('',#82160,#80290,#82310,.T.);
#82330=ORIENTED_EDGE('',*,*,#82320,.T.);
#82340=EDGE_LOOP('',(#82330,#82270,#82260,#82200));
#82350=FACE_OUTER_BOUND('',#82340,.T.);
#82360=ADVANCED_FACE('',(#82350),#80700,.F.);
#82370=COLOUR_RGB('',0.560784339904785,0.588235318660736,
0.600000023841858);
#82380=FILL_AREA_STYLE_COLOUR('',#82370);
#82390=FILL_AREA_STYLE('',(#82380));
#82400=SURFACE_STYLE_FILL_AREA(#82390);
#82410=SURFACE_SIDE_STYLE('',(#82400));
#82420=SURFACE_STYLE_USAGE(.BOTH.,#82410);
#82430=PRESENTATION_STYLE_ASSIGNMENT((#82420));
#82440=CARTESIAN_POINT('',(0.699999995829329,29.2500000136607,
5.04999999922836));
#82450=DIRECTION('',(0.0338788456038932,4.08342429913366E-11,
0.999425947141932));
#82460=DIRECTION('',(-0.999425947141932,-1.19255555554652E-9,
0.0338788456038932));
#82470=AXIS2_PLACEMENT_3D('',#82440,#82450,#82460);
#82480=PLANE('',#82470);
#82490=CARTESIAN_POINT('',(2.30000000417072,21.6508023880536,
4.99576271121965));
#82500=CARTESIAN_POINT('',(2.28203297448708,21.651857296794,
4.99637176307218));
#82510=CARTESIAN_POINT('',(2.26410569249984,21.6533910391862,
4.99697946754514));
#82520=CARTESIAN_POINT('',(2.24625464790886,21.6553890761868,
4.99758458769958));
#82530=CARTESIAN_POINT('',(2.22840349566563,21.6573871252368,
4.99818971150325));
#82540=CARTESIAN_POINT('',(2.21062921616201,21.6598493015975,
4.99879222945133));
#82550=CARTESIAN_POINT('',(2.19296407297729,21.6627531183542,
4.99939104786315));
#82560=CARTESIAN_POINT('',(2.17529860176484,21.6656569890326,
4.99998987739457));
#82570=CARTESIAN_POINT('',(2.15774347296404,21.6690021455603,
5.00058496650523));
#82580=CARTESIAN_POINT('',(2.14032288516186,21.6727606688254,
5.00117549490407));
#82590=CARTESIAN_POINT('',(2.1228977173244,21.6765201802415,
5.00176617855835));
#82600=CARTESIAN_POINT('',(2.10555203398327,21.680704955586,
5.00235416782177));
#82610=CARTESIAN_POINT('',(2.08829702807851,21.6852941196491,
5.00293908327492));
#82620=CARTESIAN_POINT('',(2.05378669963431,21.694472531988,
5.00410892491458));
#82630=CARTESIAN_POINT('',(2.01964132599256,21.7052702669416,
5.00526639520609));
#82640=CARTESIAN_POINT('',(1.98595088101079,21.7174883105685,
5.00640844418594));
#82650=CARTESIAN_POINT('',(1.95226077095819,21.7297062327313,
5.00755048181225));
#82660=CARTESIAN_POINT('',(1.91902892343875,21.7433423325179,
5.00867698511538));
#82670=CARTESIAN_POINT('',(1.88633863865885,21.7581672184556,
5.00978513035952));
#82680=CARTESIAN_POINT('',(1.85364839181458,21.7729920871897,
5.01089327431771));
#82690=CARTESIAN_POINT('',(1.8215010332118,21.7890042220546,
5.01198301527668));
#82700=CARTESIAN_POINT('',(1.78996958919047,21.8059595368157,
5.01305187778323));
#82710=CARTESIAN_POINT('',(1.77420387516759,21.814437189901,
5.01358630876574));
#82720=CARTESIAN_POINT('',(1.75859205113024,21.8231504649161,
5.01411552314653));
#82730=CARTESIAN_POINT('',(1.74314247674561,21.8320684043487,
5.01463923753113));
#82740=CARTESIAN_POINT('',(1.72769830998405,21.8409832223454,
5.01516276860647));
#82750=CARTESIAN_POINT('',(1.71239156518891,21.8501165124911,
5.01568164129468));
#82760=CARTESIAN_POINT('',(1.69720443200047,21.8594569343526,
5.01619645936754));
#82770=CARTESIAN_POINT('',(1.6668320323117,21.8781366300212,
5.0172260322357));
#82780=CARTESIAN_POINT('',(1.636953568676,21.8976342328347,
5.01823886152423));
#82790=CARTESIAN_POINT('',(1.60752223335157,21.9178231194945,
5.01923653390546));
#82800=CARTESIAN_POINT('',(1.57809069118994,21.9380121480376,
5.02023421329812));
#82810=CARTESIAN_POINT('',(1.54910519940347,21.9588934744378,
5.02121677233908));
#82820=CARTESIAN_POINT('',(1.52052520662095,21.9803597171994,
5.02218558565109));
#82830=CARTESIAN_POINT('',(1.49194514220833,22.0018260137619,
5.02315440139125));
#82840=CARTESIAN_POINT('',(1.46376991527906,22.0238780110681,
5.02410949382688));
#82850=CARTESIAN_POINT('',(1.43596727410117,22.0464219159408,
5.02505195623705));
#82860=CARTESIAN_POINT('',(1.40816463963083,22.0689658153746,
5.02599441841984));
#82870=CARTESIAN_POINT('',(1.38073421323885,22.0920021858958,
5.02692426337964));
#82880=CARTESIAN_POINT('',(1.35365239262092,22.1154464356467,
5.02784229119456));
#82890=CARTESIAN_POINT('',(1.32657061489771,22.1388906482644,
5.02876031755542));
#82900=CARTESIAN_POINT('',(1.29983724631443,22.1627431222755,
5.02966653343697));
#82910=CARTESIAN_POINT('',(1.27343671008401,22.1869254237415,
5.03056146686588));
#82920=CARTESIAN_POINT('',(1.24703622397361,22.2111076792986,
5.03145639859581));
#82930=CARTESIAN_POINT('',(1.22096848488527,22.2356200061674,
5.03234005074661));
#82940=CARTESIAN_POINT('',(1.19522481360947,22.260388254922,
5.03321271756691));
#82950=CARTESIAN_POINT('',(1.1694759263968,22.2851615219827,
5.03408556119863));
#82960=CARTESIAN_POINT('',(1.14408115263206,22.3101605153587,
5.03494640098982));
#82970=CARTESIAN_POINT('',(1.11891959446484,22.3354338016314,
5.03579933516238));
#82980=CARTESIAN_POINT('',(1.09376139989813,22.3607037093678,
5.0366521553146));
#82990=CARTESIAN_POINT('',(1.06885831057537,22.3862272177604,
5.03749632784536));
#83000=CARTESIAN_POINT('',(1.04418393890205,22.4119732809817,
5.03833274722153));
#83010=CARTESIAN_POINT('',(1.01950953312912,22.4377193797836,
5.03916916775363));
#83020=CARTESIAN_POINT('',(0.995063781080481,22.4636882147539,
5.03999783731202));
#83030=CARTESIAN_POINT('',(0.970823761215652,22.4898537610837,
5.04081953289809));
#83040=CARTESIAN_POINT('',(0.946583722023154,22.5160193282765,
5.04164122913933));
#83050=CARTESIAN_POINT('',(0.922549375060106,22.5423817442741,
5.04245595276263));
#83060=CARTESIAN_POINT('',(0.898700921882583,22.5689188174236,
5.04326437490168));
#83070=B_SPLINE_CURVE_WITH_KNOTS('',3,(#82490,#82500,#82510,#82520,
#82530,#82540,#82550,#82560,#82570,#82580,#82590,#82600,#82610,#82620,
#82630,#82640,#82650,#82660,#82670,#82680,#82690,#82700,#82710,#82720,
#82730,#82740,#82750,#82760,#82770,#82780,#82790,#82800,#82810,#82820,
#82830,#82840,#82850,#82860,#82870,#82880,#82890,#82900,#82910,#82920,
#82930,#82940,#82950,#82960,#82970,#82980,#82990,#83000,#83010,#83020,
#83030,#83040,#83050,#83060),.UNSPECIFIED.,.F.,.F.,(4,3,3,3,3,3,3,3,3,3,
3,3,3,3,3,3,3,3,3,4),(0.,0.0539777434147468,0.107810972470951,
0.161430166909227,0.214978507965479,0.32235942738307,0.43003776574982,
0.537676891731346,0.591316324459531,0.644823762017284,0.751880395467813,
0.859070747653062,0.966419698388125,1.07388554340971,1.18136555266258,
1.28870377749801,1.39576195607575,1.50276884412742,1.60979006888744,
1.71683764201179),.UNSPECIFIED.);
#83080=SURFACE_CURVE('',#83070,(#79820,#82480),.CURVE_3D.);
#83090=CARTESIAN_POINT('',(2.30000000416828,21.6508023880538,
4.99576271121973));
#83100=VERTEX_POINT('',#83090);
#83110=CARTESIAN_POINT('',(0.898700921882582,22.5689188174236,
5.04326437490168));
#83120=VERTEX_POINT('',#83110);
#83130=EDGE_CURVE('',#83100,#83120,#83080,.T.);
#83140=ORIENTED_EDGE('',*,*,#83130,.T.);
#83150=CARTESIAN_POINT('',(2.30000000169384,23.6500000157855,
6.15000000003829));
#83160=DIRECTION('',(-1.06172220489348E-9,0.866025403784765,
0.499999999999435));
#83170=VECTOR('',#83160,5.80000000000339);
#83180=LINE('',#83150,#83170);
#83190=EDGE_CURVE('',#83100,#79990,#83180,.T.);
#83200=ORIENTED_EDGE('',*,*,#83190,.F.);
#83210=ORIENTED_EDGE('',*,*,#80000,.T.);
#83220=ORIENTED_EDGE('',*,*,#20420,.F.);
#83230=CARTESIAN_POINT('',(2.30000000206822,23.6500000158,
3.24999999998886));
#83240=DIRECTION('',(8.94973413591474E-10,-1.,4.48391393689947E-13));
#83250=DIRECTION('',(-1.,-8.94973413591502E-10,-6.19911784678797E-11));
#83260=AXIS2_PLACEMENT_3D('',#83230,#83240,#83250);
#83270=CIRCLE('',#83260,2.90000000008384);
#83280=CARTESIAN_POINT('',(2.29999999881636,23.6500000166633,
0.350000000031196));
#83290=VERTEX_POINT('',#83280);
#83300=EDGE_CURVE('',#20320,#83290,#83270,.T.);
#83310=ORIENTED_EDGE('',*,*,#83300,.F.);
#83320=CARTESIAN_POINT('',(2.30000000203856,23.65000001578,
0.350000000007497));
#83330=DIRECTION('',(-1.00249985943396E-9,0.866025403784194,
-0.500000000000423));
#83340=VECTOR('',#83330,5.80000000000154);
#83350=LINE('',#83320,#83340);
#83360=CARTESIAN_POINT('',(2.3000000036433,22.2643593691301,
1.15000000052895));
#83370=VERTEX_POINT('',#83360);
#83380=EDGE_CURVE('',#83370,#83290,#83350,.T.);
#83390=ORIENTED_EDGE('',*,*,#83380,.T.);
#83400=CARTESIAN_POINT('',(-6.72976640885034,20.1000000054373,
1.14999999997025));
#83410=DIRECTION('',(-6.19911120591368E-11,4.88386452533153E-13,1.));
#83420=DIRECTION('',(1.,1.20654933250024E-9,6.19911120585476E-11));
#83430=AXIS2_PLACEMENT_3D('',#83400,#83410,#83420);
#83440=PLANE('',#83430);
#83450=CARTESIAN_POINT('',(2.30000000364181,22.2643593691301,
1.15000000052895));
#83460=CARTESIAN_POINT('',(2.27198642176096,22.2643593691064,
1.15000000052722));
#83470=CARTESIAN_POINT('',(2.24391636403006,22.2653321950943,
1.15000000052549));
#83480=CARTESIAN_POINT('',(2.21585672249815,22.2672779787309,
1.15000000052375));
#83490=CARTESIAN_POINT('',(2.18779752016696,22.2692237319113,
1.15000000052201));
#83500=CARTESIAN_POINT('',(2.15975144402278,22.2721424455178,
1.15000000052082));
#83510=CARTESIAN_POINT('',(2.13179629125047,22.2760083410307,
1.15000000051909));
#83520=CARTESIAN_POINT('',(2.1038413348362,22.2798742093894,
1.15000000051735));
#83530=CARTESIAN_POINT('',(2.07597982508897,22.2846868344795,
1.15000000051814));
#83540=CARTESIAN_POINT('',(2.04829084808277,22.2903943847483,
1.15000000051642));
#83550=CARTESIAN_POINT('',(2.02060187931375,22.2961019333191,
1.1500000005147));
#83560=CARTESIAN_POINT('',(1.99308747331008,22.3027037182086,
1.15000000051468));
#83570=CARTESIAN_POINT('',(1.9658209922824,22.3101256880725,
1.15000000051299));
#83580=CARTESIAN_POINT('',(1.93855437846839,22.3175476940811,
1.15000000051129));
#83590=CARTESIAN_POINT('',(1.91153711238198,22.3257891231907,
1.15000000050627));
#83600=CARTESIAN_POINT('',(1.88483257117519,22.3347597798168,
1.15000000050461));
#83610=CARTESIAN_POINT('',(1.85812767876409,22.3437305544203,
1.15000000050295));
#83620=CARTESIAN_POINT('',(1.83173686070321,22.3534296821585,
1.15000000049988));
#83630=CARTESIAN_POINT('',(1.80571012044336,22.3637581021628,
1.15000000049826));
#83640=CARTESIAN_POINT('',(1.75364544854953,22.3844193833428,
1.15000000049503));
#83650=CARTESIAN_POINT('',(1.7026099037392,22.4077630060286,
1.15000000049185));
#83660=CARTESIAN_POINT('',(1.65259121316138,22.4332862999679,
1.15000000048874));
#83670=CARTESIAN_POINT('',(1.60257223026091,22.4588097430721,
1.15000000048562));
#83680=CARTESIAN_POINT('',(1.55356599974055,22.4865143780228,
1.15000000048257));
#83690=CARTESIAN_POINT('',(1.50556655869718,22.5159308519684,
1.15000000047958));
#83700=CARTESIAN_POINT('',(1.45756710291959,22.5453473349437,
1.15000000047659));
#83710=CARTESIAN_POINT('',(1.41057146220923,22.5764776239883,
1.15000000047366));
#83720=CARTESIAN_POINT('',(1.36459352332158,22.6088808767249,
1.1500000004708));
#83730=CARTESIAN_POINT('',(1.34160446071839,22.6250825687478,
1.15000000046937));
#83740=CARTESIAN_POINT('',(1.31886994913309,22.6416030589706,
1.15000000046926));
#83750=CARTESIAN_POINT('',(1.29639385240418,22.6583894132217,
1.15000000046786));
#83760=CARTESIAN_POINT('',(1.27391536424352,22.6751775535223,
1.15000000046646));
#83770=CARTESIAN_POINT('',(1.25171458438699,22.6922159858048,
1.15000000047833));
#83780=CARTESIAN_POINT('',(1.22969939391677,22.7095311085379,
1.15000000047696));
#83790=CARTESIAN_POINT('',(1.20768847152417,22.7268428743939,
1.15000000047559));
#83800=CARTESIAN_POINT('',(1.18588507383282,22.7444149516582,
1.15000000045965));
#83810=CARTESIAN_POINT('',(1.16427357314778,22.7622217826357,
1.15000000045831));
#83820=CARTESIAN_POINT('',(1.14266203725871,22.7800286426197,
1.15000000045696));
#83830=CARTESIAN_POINT('',(1.12124232600182,22.7980703533065,
1.15000000045562));
#83840=CARTESIAN_POINT('',(1.10000000433163,22.816324684264,
1.1500000004543));
#83850=B_SPLINE_CURVE_WITH_KNOTS('',3,(#83450,#83460,#83470,#83480,
#83490,#83500,#83510,#83520,#83530,#83540,#83550,#83560,#83570,#83580,
#83590,#83600,#83610,#83620,#83630,#83640,#83650,#83660,#83670,#83680,
#83690,#83700,#83710,#83720,#83730,#83740,#83750,#83760,#83770,#83780,
#83790,#83800,#83810,#83820,#83830,#83840),.UNSPECIFIED.,.F.,.F.,(4,3,3,
3,3,3,3,3,3,3,3,3,3,4),(0.,0.0842107013058133,0.168739649436046,
0.253490541214788,0.338301749254767,0.422965755933256,0.507244884977542,
0.675472192924755,0.844175454929086,1.01306259956816,1.09734035639709,
1.18138790827978,1.26539474506039,1.34940943424409),.UNSPECIFIED.);
#83860=SURFACE_CURVE('',#83850,(#83440,#79820),.CURVE_3D.);
#83870=CARTESIAN_POINT('',(1.10000000433163,22.816324684264,
1.15000000045429));
#83880=VERTEX_POINT('',#83870);
#83890=EDGE_CURVE('',#83370,#83880,#83860,.T.);
#83900=ORIENTED_EDGE('',*,*,#83890,.F.);
#83910=CARTESIAN_POINT('',(1.10000000433162,22.816324684264,
1.15000000045429));
#83920=CARTESIAN_POINT('',(1.06654057346333,22.8450776395296,
1.15000000045221));
#83930=CARTESIAN_POINT('',(1.03350254296759,22.8743733945042,
1.15000000045014));
#83940=CARTESIAN_POINT('',(1.00084369731142,22.9041336065515,
1.1500000004481));
#83950=CARTESIAN_POINT('',(0.968184858998701,22.9338938119072,
1.15000000044607));
#83960=CARTESIAN_POINT('',(0.935904949429163,22.9641189909069,
1.15000000044405));
#83970=CARTESIAN_POINT('',(0.90397104588174,22.9947397654841,
1.15000000044206));
#83980=CARTESIAN_POINT('',(0.872037182986145,23.0253605010811,
1.15000000044006));
#83990=CARTESIAN_POINT('',(0.84044919555904,23.0563771848327,
1.15000000043809));
#84000=CARTESIAN_POINT('',(0.809182550064689,23.0877263914493,
1.15000000043613));
#84010=CARTESIAN_POINT('',(0.777915956164335,23.1190755463357,
1.15000000043418));
#84020=CARTESIAN_POINT('',(0.74697065087672,23.1507574556695,
1.15000000043225));
#84030=CARTESIAN_POINT('',(0.716329340215787,23.1827127010172,
1.15000000043033));
#84040=CARTESIAN_POINT('',(0.685688077060838,23.2146678968218,
1.15000000042842));
#84050=CARTESIAN_POINT('',(0.655350802340244,23.246896572122,
1.15000000042652));
#84060=CARTESIAN_POINT('',(0.625306221105464,23.2793421925175,
1.15000000042464));
#84070=CARTESIAN_POINT('',(0.595261673102702,23.3117877770251,
1.15000000042276));
#84080=CARTESIAN_POINT('',(0.565509841467522,23.3444503857362,
1.1500000004209));
#84090=CARTESIAN_POINT('',(0.536044175744918,23.3772758743981,
1.15000000041906));
#84100=CARTESIAN_POINT('',(0.506571056584478,23.4101096663761,
1.15000000041722));
#84110=CARTESIAN_POINT('',(0.47741985708322,23.4430656023217,
1.15000000041638));
#84120=CARTESIAN_POINT('',(0.448470063177082,23.4762267607259,
1.15000000041457));
#84130=CARTESIAN_POINT('',(0.419521074862028,23.5093869963487,
1.15000000041276));
#84140=CARTESIAN_POINT('',(0.390788803485961,23.5427360173154,
1.15000000040998));
#84150=CARTESIAN_POINT('',(0.362252955914833,23.57625370262,
1.15000000040819));
#84160=B_SPLINE_CURVE_WITH_KNOTS('',3,(#83910,#83920,#83930,#83940,
#83950,#83960,#83970,#83980,#83990,#84000,#84010,#84020,#84030,#84040,
#84050,#84060,#84070,#84080,#84090,#84100,#84110,#84120,#84130,#84140,
#84150),.UNSPECIFIED.,.F.,.F.,(4,3,3,3,3,3,3,3,4),(0.,0.132452324565086,
0.265097466876997,0.397883394946071,0.530716698079971,0.663468015572185,
0.795978654733886,0.928117902515174,1.06017471805167),.UNSPECIFIED.);
#84170=SURFACE_CURVE('',#84160,(#79820,#83440),.CURVE_3D.);
#84180=EDGE_CURVE('',#83880,#82180,#84170,.T.);
#84190=ORIENTED_EDGE('',*,*,#84180,.F.);
#84200=ORIENTED_EDGE('',*,*,#82190,.T.);
#84210=CARTESIAN_POINT('',(0.898700921055949,22.5689188183434,
5.0432643749297));
#84220=CARTESIAN_POINT('',(0.875326631241613,22.5949282720471,
5.04405672373445));
#84230=CARTESIAN_POINT('',(0.852130902818264,22.6211056131957,
5.0448430196107));
#84240=CARTESIAN_POINT('',(0.829097698394885,22.6474326711306,
5.04562380619882));
#84250=CARTESIAN_POINT('',(0.806064492081153,22.6737597312263,
5.04640459285102));
#84260=CARTESIAN_POINT('',(0.783193797889743,22.7002365793788,
5.04717987061772));
#84270=CARTESIAN_POINT('',(0.76047187324582,22.7268470982822,
5.04795010534892));
#84280=CARTESIAN_POINT('',(0.715028145662982,22.7800679935557,
5.04949057068572));
#84290=CARTESIAN_POINT('',(0.670177415754803,22.8338228592263,
5.05101093440645));
#84300=CARTESIAN_POINT('',(0.625833617565433,22.8879998267876,
5.05251411400113));
#84310=CARTESIAN_POINT('',(0.581489877257041,22.942176723633,
5.05401729163374));
#84320=CARTESIAN_POINT('',(0.537653122403154,22.9967766946798,
5.05550328331875));
#84330=CARTESIAN_POINT('',(0.494262179549296,23.0517034080694,
5.05697416273259));
#84340=CARTESIAN_POINT('',(0.450871295127876,23.1066300474918,
5.05844504016567));
#84350=CARTESIAN_POINT('',(0.407926390454919,23.161883925555,
5.05990079964086));
#84360=CARTESIAN_POINT('',(0.365384807133076,23.2173791342854,
5.06134288720619));
#84370=B_SPLINE_CURVE_WITH_KNOTS('',3,(#84210,#84220,#84230,#84240,
#84250,#84260,#84270,#84280,#84290,#84300,#84310,#84320,#84330,#84340,
#84350,#84360),.UNSPECIFIED.,.F.,.F.,(4,3,3,3,3,4),(0.,0.104951243529446
,0.209935526728246,0.419983344025421,0.630056905421739,0.84000377793129)
,.UNSPECIFIED.);
#84380=SURFACE_CURVE('',#84370,(#79820,#82480),.CURVE_3D.);
#84390=EDGE_CURVE('',#83120,#82160,#84380,.T.);
#84400=ORIENTED_EDGE('',*,*,#84390,.T.);
#84410=EDGE_LOOP('',(#84400,#84200,#84190,#83900,#83390,#83310,#83220,
#83210,#83200,#83140));
#84420=FACE_OUTER_BOUND('',#84410,.T.);
#84430=ADVANCED_FACE('',(#84420),#79820,.F.);
#84440=COLOUR_RGB('',0.560784339904785,0.588235318660736,
0.600000023841858);
#84450=FILL_AREA_STYLE_COLOUR('',#84440);
#84460=FILL_AREA_STYLE('',(#84450));
#84470=SURFACE_STYLE_FILL_AREA(#84460);
#84480=SURFACE_SIDE_STYLE('',(#84470));
#84490=SURFACE_STYLE_USAGE(.BOTH.,#84480);
#84500=PRESENTATION_STYLE_ASSIGNMENT((#84490));
#84510=CARTESIAN_POINT('',(2.30000000167899,23.6500000155712,
6.14999999988687));
#84520=DIRECTION('',(-5.43002848271454E-10,0.499999999999577,
-0.866025403784683));
#84530=DIRECTION('',(-1.06449072863181E-9,0.866025403784683,
0.499999999999577));
#84540=AXIS2_PLACEMENT_3D('',#84510,#84520,#84530);
#84550=PLANE('',#84540);
#84560=CARTESIAN_POINT('',(9.03316150322529,29.2500000254963,
9.38316150885364));
#84570=DIRECTION('',(0.447213594547848,0.774596669775396,
0.447213595527303));
#84580=VECTOR('',#84570,1.);
#84590=LINE('',#84560,#84580);
#84600=CARTESIAN_POINT('',(4.56885246268379,21.5175899247974,
4.91885245853475));
#84610=VERTEX_POINT('',#84600);
#84620=EDGE_CURVE('',#84610,#79150,#84590,.T.);
#84630=ORIENTED_EDGE('',*,*,#84620,.F.);
#84640=ORIENTED_EDGE('',*,*,#79160,.T.);
#84650=ORIENTED_EDGE('',*,*,#80060,.T.);
#84660=ORIENTED_EDGE('',*,*,#83190,.T.);
#84670=CARTESIAN_POINT('',(1.17490327309096,21.7168608507226,
5.03390158338722));
#84680=DIRECTION('',(-0.997709702189667,0.0585791139035123,
0.0338206678066141));
#84690=VECTOR('',#84680,1.);
#84700=LINE('',#84670,#84690);
#84710=EDGE_CURVE('',#84610,#83100,#84700,.T.);
#84720=ORIENTED_EDGE('',*,*,#84710,.T.);
#84730=EDGE_LOOP('',(#84720,#84660,#84650,#84640,#84630));
#84740=FACE_OUTER_BOUND('',#84730,.T.);
#84750=ADVANCED_FACE('',(#84740),#84550,.T.);
#84760=COLOUR_RGB('',0.560784339904785,0.588235318660736,
0.600000023841858);
#84770=FILL_AREA_STYLE_COLOUR('',#84760);
#84780=FILL_AREA_STYLE('',(#84770));
#84790=SURFACE_STYLE_FILL_AREA(#84780);
#84800=SURFACE_SIDE_STYLE('',(#84790));
#84810=SURFACE_STYLE_USAGE(.BOTH.,#84800);
#84820=PRESENTATION_STYLE_ASSIGNMENT((#84810));
#84830=CARTESIAN_POINT('',(4.25000000538904,20.9653212669427,
3.25000000013047));
#84840=DIRECTION('',(-0.866025404381127,0.499999998966505,
-5.39300711148116E-11));
#84850=DIRECTION('',(0.499999998966505,0.866025404381128,
3.05726008904516E-11));
#84860=AXIS2_PLACEMENT_3D('',#84830,#84840,#84850);
#84870=PLANE('',#84860);
#84880=ORIENTED_EDGE('',*,*,#84620,.T.);
#84890=CARTESIAN_POINT('',(9.03316150351163,29.2500000254944,
4.7675199486369));
#84900=DIRECTION('',(-0.499928195994691,-0.86590103798364,
0.0169467185126925));
#84910=VECTOR('',#84900,1.);
#84920=LINE('',#84890,#84910);
#84930=CARTESIAN_POINT('',(4.25000000527329,20.9653212669234,
4.92966101641587));
#84940=VERTEX_POINT('',#84930);
#84950=EDGE_CURVE('',#84610,#84940,#84920,.T.);
#84960=ORIENTED_EDGE('',*,*,#84950,.F.);
#84970=CARTESIAN_POINT('',(4.25000000557895,20.9653212669406,
0.180687249068028));
#84980=DIRECTION('',(-6.43642163360197E-11,-3.62195073801504E-12,1.));
#84990=VECTOR('',#84980,1.);
#85000=LINE('',#84970,#84990);
#85010=CARTESIAN_POINT('',(4.25000000551656,20.965321266937,
1.15000000065047));
#85020=VERTEX_POINT('',#85010);
#85030=EDGE_CURVE('',#85020,#84940,#85000,.T.);
#85040=ORIENTED_EDGE('',*,*,#85030,.T.);
#85050=CARTESIAN_POINT('',(-2.16743369649153,9.85000001022053,
1.14999999973813));
#85060=DIRECTION('',(0.499999998966505,0.866025404381127,
3.05726254620171E-11));
#85070=VECTOR('',#85060,1.);
#85080=LINE('',#85050,#85070);
#85090=EDGE_CURVE('',#85020,#79240,#85080,.T.);
#85100=ORIENTED_EDGE('',*,*,#85090,.F.);
#85110=ORIENTED_EDGE('',*,*,#79250,.T.);
#85120=EDGE_LOOP('',(#85110,#85100,#85040,#84960,#84880));
#85130=FACE_OUTER_BOUND('',#85120,.T.);
#85140=ADVANCED_FACE('',(#85130),#84870,.T.);
#85150=COLOUR_RGB('',0.560784339904785,0.588235318660736,
0.600000023841858);
#85160=FILL_AREA_STYLE_COLOUR('',#85150);
#85170=FILL_AREA_STYLE('',(#85160));
#85180=SURFACE_STYLE_FILL_AREA(#85170);
#85190=SURFACE_SIDE_STYLE('',(#85180));
#85200=SURFACE_STYLE_USAGE(.BOTH.,#85190);
#85210=PRESENTATION_STYLE_ASSIGNMENT((#85200));
#85220=CARTESIAN_POINT('',(3.85000000673253,17.8000000227986,
-0.276823648672245));
#85230=DIRECTION('',(1.,1.20655015235724E-9,6.19911120585475E-11));
#85240=DIRECTION('',(1.20655015235721E-9,-1.,4.88386527328538E-13));
#85250=AXIS2_PLACEMENT_3D('',#85220,#85230,#85240);
#85260=PLANE('',#85250);
#85270=ORIENTED_EDGE('',*,*,#80540,.T.);
#85280=CARTESIAN_POINT('',(3.84999999282908,29.2500000224008,
1.15000000062163));
#85290=DIRECTION('',(1.20655015235721E-9,-1.,4.8838652732856E-13));
#85300=VECTOR('',#85290,1.);
#85310=LINE('',#85280,#85300);
#85320=CARTESIAN_POINT('',(3.85000000664408,17.8000000227993,
1.15000000062722));
#85330=VERTEX_POINT('',#85320);
#85340=EDGE_CURVE('',#85330,#80470,#85310,.T.);
#85350=ORIENTED_EDGE('',*,*,#85340,.T.);
#85360=CARTESIAN_POINT('',(3.85000000673253,17.8000000227986,
-0.276823648672245));
#85370=DIRECTION('',(-6.19911120591368E-11,4.88386452533153E-13,1.));
#85380=VECTOR('',#85370,1.);
#85390=LINE('',#85360,#85380);
#85400=CARTESIAN_POINT('',(3.85000000640893,17.8000000228011,
4.94322033851581));
#85410=VERTEX_POINT('',#85400);
#85420=EDGE_CURVE('',#85330,#85410,#85390,.T.);
#85430=ORIENTED_EDGE('',*,*,#85420,.F.);
#85440=CARTESIAN_POINT('',(3.84999999259393,29.2500000224024,
4.9432203385163));
#85450=DIRECTION('',(1.20655015235725E-9,-1.,-4.23076205388752E-14));
#85460=VECTOR('',#85450,1.);
#85470=LINE('',#85440,#85460);
#85480=EDGE_CURVE('',#85410,#80310,#85470,.T.);
#85490=ORIENTED_EDGE('',*,*,#85480,.F.);
#85500=EDGE_LOOP('',(#85490,#85430,#85350,#85270));
#85510=FACE_OUTER_BOUND('',#85500,.T.);
#85520=ADVANCED_FACE('',(#85510),#85260,.F.);
#85530=COLOUR_RGB('',0.823529481887817,0.823529481887817,
0.784313797950745);
#85540=FILL_AREA_STYLE_COLOUR('',#85530);
#85550=FILL_AREA_STYLE('',(#85540));
#85560=SURFACE_STYLE_FILL_AREA(#85550);
#85570=SURFACE_SIDE_STYLE('',(#85560));
#85580=SURFACE_STYLE_USAGE(.BOTH.,#85570);
#85590=PRESENTATION_STYLE_ASSIGNMENT((#85580));
#85600=ORIENTED_EDGE('',*,*,#80320,.F.);
#85610=ORIENTED_EDGE('',*,*,#85480,.T.);
#85620=CARTESIAN_POINT('',(6.87532949555241,29.2500000242072,
4.84066679623061));
#85630=DIRECTION('',(-0.255444783550967,-0.966784868396535,
0.00865914522878807));
#85640=VECTOR('',#85630,1.);
#85650=LINE('',#85620,#85640);
#85660=CARTESIAN_POINT('',(4.10000001149992,18.7461779742988,
4.93474576204888));
#85670=VERTEX_POINT('',#85660);
#85680=EDGE_CURVE('',#85670,#85410,#85650,.T.);
#85690=ORIENTED_EDGE('',*,*,#85680,.T.);
#85700=CARTESIAN_POINT('',(4.09999994114115,29.2500000225515,
4.93474576400477));
#85710=DIRECTION('',(6.69839727408204E-9,-1.,-1.86206616491215E-10));
#85720=VECTOR('',#85710,1.);
#85730=LINE('',#85700,#85720);
#85740=CARTESIAN_POINT('',(4.10000000658192,19.4803847860332,
4.9347457621856));
#85750=VERTEX_POINT('',#85740);
#85760=EDGE_CURVE('',#85750,#85670,#85730,.T.);
#85770=ORIENTED_EDGE('',*,*,#85760,.T.);
#85780=CARTESIAN_POINT('',(9.74049018205945,29.2500000259164,
4.74354270534013));
#85790=DIRECTION('',(-0.499928209444182,-0.86590103020965,
0.0169467189686075));
#85800=VECTOR('',#85790,1.);
#85810=LINE('',#85780,#85800);
#85820=CARTESIAN_POINT('',(4.25000000676043,19.7401923988711,
4.92966101641552));
#85830=VERTEX_POINT('',#85820);
#85840=EDGE_CURVE('',#85830,#85750,#85810,.T.);
#85850=ORIENTED_EDGE('',*,*,#85840,.T.);
#85860=CARTESIAN_POINT('',(4.24999999527741,29.250000022641,
4.92966101641622));
#85870=DIRECTION('',(-1.20654933250024E-9,1.,4.22798287761034E-14));
#85880=VECTOR('',#85870,1.);
#85890=LINE('',#85860,#85880);
#85900=EDGE_CURVE('',#85830,#84940,#85890,.T.);
#85910=ORIENTED_EDGE('',*,*,#85900,.F.);
#85920=ORIENTED_EDGE('',*,*,#84950,.T.);
#85930=ORIENTED_EDGE('',*,*,#84710,.F.);
#85940=ORIENTED_EDGE('',*,*,#83130,.F.);
#85950=ORIENTED_EDGE('',*,*,#84390,.F.);
#85960=ORIENTED_EDGE('',*,*,#82320,.F.);
#85970=EDGE_LOOP('',(#85960,#85950,#85940,#85930,#85920,#85910,#85850,
#85770,#85690,#85610,#85600));
#85980=FACE_OUTER_BOUND('',#85970,.T.);
#85990=ADVANCED_FACE('',(#85980),#82480,.F.);
#86000=COLOUR_RGB('',0.560784339904785,0.588235318660736,
0.600000023841858);
#86010=FILL_AREA_STYLE_COLOUR('',#86000);
#86020=FILL_AREA_STYLE('',(#86010));
#86030=SURFACE_STYLE_FILL_AREA(#86020);
#86040=SURFACE_SIDE_STYLE('',(#86030));
#86050=SURFACE_STYLE_USAGE(.BOTH.,#86040);
#86060=PRESENTATION_STYLE_ASSIGNMENT((#86050));
#86070=CARTESIAN_POINT('',(4.25000000502715,21.3210144923473,
2.08610528549764));
#86080=DIRECTION('',(1.,1.20654933250024E-9,6.43642163403897E-11));
#86090=DIRECTION('',(-1.20654933250022E-9,1.,-4.08396437838678E-13));
#86100=AXIS2_PLACEMENT_3D('',#86070,#86080,#86090);
#86110=PLANE('',#86100);
#86120=CARTESIAN_POINT('',(4.25000000705713,19.7401923988728,
0.180687249068528));
#86130=DIRECTION('',(-6.43642163360197E-11,-3.62195059053299E-12,1.));
#86140=VECTOR('',#86130,1.);
#86150=LINE('',#86120,#86140);
#86160=CARTESIAN_POINT('',(4.25000000699474,19.7401923988692,
1.15000000065107));
#86170=VERTEX_POINT('',#86160);
#86180=EDGE_CURVE('',#86170,#85830,#86150,.T.);
#86190=ORIENTED_EDGE('',*,*,#86180,.T.);
#86200=CARTESIAN_POINT('',(4.24999999552069,29.2500000226395,
1.15000000064643));
#86210=DIRECTION('',(1.20654933250021E-9,-1.,4.88386527328457E-13));
#86220=VECTOR('',#86210,1.);
#86230=LINE('',#86200,#86220);
#86240=EDGE_CURVE('',#85020,#86170,#86230,.T.);
#86250=ORIENTED_EDGE('',*,*,#86240,.T.);
#86260=ORIENTED_EDGE('',*,*,#85030,.F.);
#86270=ORIENTED_EDGE('',*,*,#85900,.T.);
#86280=EDGE_LOOP('',(#86270,#86260,#86250,#86190));
#86290=FACE_OUTER_BOUND('',#86280,.T.);
#86300=ADVANCED_FACE('',(#86290),#86110,.F.);
#86310=COLOUR_RGB('',0.560784339904785,0.588235318660736,
0.600000023841858);
#86320=FILL_AREA_STYLE_COLOUR('',#86310);
#86330=FILL_AREA_STYLE('',(#86320));
#86340=SURFACE_STYLE_FILL_AREA(#86330);
#86350=SURFACE_SIDE_STYLE('',(#86340));
#86360=SURFACE_STYLE_USAGE(.BOTH.,#86350);
#86370=PRESENTATION_STYLE_ASSIGNMENT((#86360));
#86380=CARTESIAN_POINT('',(4.25000000708319,19.7401923988685,
-0.276823648648396));
#86390=DIRECTION('',(0.866025396612714,-0.500000012421792,
5.39300706398103E-11));
#86400=DIRECTION('',(-0.500000012421792,-0.866025396612714,
-3.05726017283538E-11));
#86410=AXIS2_PLACEMENT_3D('',#86380,#86390,#86400);
#86420=PLANE('',#86410);
#86430=ORIENTED_EDGE('',*,*,#86180,.F.);
#86440=ORIENTED_EDGE('',*,*,#85840,.F.);
#86450=CARTESIAN_POINT('',(4.10000000690499,19.4803847860306,
-0.276823648657568));
#86460=DIRECTION('',(-6.19911120591368E-11,4.88386452533153E-13,1.));
#86470=VECTOR('',#86460,1.);
#86480=LINE('',#86450,#86470);
#86490=CARTESIAN_POINT('',(4.10000000681654,19.4803847860313,
1.1500000006419));
#86500=VERTEX_POINT('',#86490);
#86510=EDGE_CURVE('',#86500,#85750,#86480,.T.);
#86520=ORIENTED_EDGE('',*,*,#86510,.T.);
#86530=CARTESIAN_POINT('',(9.74049018228238,29.2500000259149,
1.15000000098679));
#86540=DIRECTION('',(-0.500000012421792,-0.866025396612714,
-3.05726328299084E-11));
#86550=VECTOR('',#86540,1.);
#86560=LINE('',#86530,#86550);
#86570=EDGE_CURVE('',#86170,#86500,#86560,.T.);
#86580=ORIENTED_EDGE('',*,*,#86570,.T.);
#86590=EDGE_LOOP('',(#86580,#86520,#86440,#86430));
#86600=FACE_OUTER_BOUND('',#86590,.T.);
#86610=ADVANCED_FACE('',(#86600),#86420,.F.);
#86620=COLOUR_RGB('',0.823529481887817,0.823529481887817,
0.784313797950745);
#86630=FILL_AREA_STYLE_COLOUR('',#86620);
#86640=FILL_AREA_STYLE('',(#86630));
#86650=SURFACE_STYLE_FILL_AREA(#86640);
#86660=SURFACE_SIDE_STYLE('',(#86650));
#86670=SURFACE_STYLE_USAGE(.BOTH.,#86660);
#86680=PRESENTATION_STYLE_ASSIGNMENT((#86670));
#86690=CARTESIAN_POINT('',(4.10000000690499,19.4803847860306,
-0.276823648657568));
#86700=DIRECTION('',(1.,6.69839727407049E-9,6.19911120558654E-11));
#86710=DIRECTION('',(6.69839727407046E-9,-1.,4.88386867774249E-13));
#86720=AXIS2_PLACEMENT_3D('',#86690,#86700,#86710);
#86730=PLANE('',#86720);
#86740=ORIENTED_EDGE('',*,*,#86510,.F.);
#86750=ORIENTED_EDGE('',*,*,#85760,.F.);
#86760=CARTESIAN_POINT('',(4.10000001182299,18.7461779742963,
-0.276823648657209));
#86770=DIRECTION('',(-6.19911120591368E-11,4.88386452533153E-13,1.));
#86780=VECTOR('',#86770,1.);
#86790=LINE('',#86760,#86780);
#86800=CARTESIAN_POINT('',(4.10000001173454,18.746177974297,
1.15000000064226));
#86810=VERTEX_POINT('',#86800);
#86820=EDGE_CURVE('',#86810,#85670,#86790,.T.);
#86830=ORIENTED_EDGE('',*,*,#86820,.T.);
#86840=CARTESIAN_POINT('',(4.09999994137577,29.25000002255,
1.15000000063713));
#86850=DIRECTION('',(6.69839727407046E-9,-1.,4.88386867773884E-13));
#86860=VECTOR('',#86850,1.);
#86870=LINE('',#86840,#86860);
#86880=EDGE_CURVE('',#86500,#86810,#86870,.T.);
#86890=ORIENTED_EDGE('',*,*,#86880,.T.);
#86900=EDGE_LOOP('',(#86890,#86830,#86750,#86740));
#86910=FACE_OUTER_BOUND('',#86900,.T.);
#86920=ADVANCED_FACE('',(#86910),#86730,.F.);
#86930=COLOUR_RGB('',0.823529481887817,0.823529481887817,
0.784313797950745);
#86940=FILL_AREA_STYLE_COLOUR('',#86930);
#86950=FILL_AREA_STYLE('',(#86940));
#86960=SURFACE_STYLE_FILL_AREA(#86950);
#86970=SURFACE_SIDE_STYLE('',(#86960));
#86980=SURFACE_STYLE_USAGE(.BOTH.,#86970);
#86990=PRESENTATION_STYLE_ASSIGNMENT((#86980));
#87000=CARTESIAN_POINT('',(4.10000001182299,18.7461779742963,
-0.276823648657209));
#87010=DIRECTION('',(0.966821115584605,-0.255454360815665,
6.00590765664078E-11));
#87020=DIRECTION('',(-0.255454360815665,-0.966821115584605,
-1.53637175724446E-11));
#87030=AXIS2_PLACEMENT_3D('',#87000,#87010,#87020);
#87040=PLANE('',#87030);
#87050=ORIENTED_EDGE('',*,*,#86820,.F.);
#87060=ORIENTED_EDGE('',*,*,#85680,.F.);
#87070=ORIENTED_EDGE('',*,*,#85420,.T.);
#87080=CARTESIAN_POINT('',(6.87532949578128,29.2500000242057,
1.15000000080917));
#87090=DIRECTION('',(-0.255454360815665,-0.966821115584605,
-1.53637117601513E-11));
#87100=VECTOR('',#87090,1.);
#87110=LINE('',#87080,#87100);
#87120=EDGE_CURVE('',#86810,#85330,#87110,.T.);
#87130=ORIENTED_EDGE('',*,*,#87120,.T.);
#87140=EDGE_LOOP('',(#87130,#87070,#87060,#87050));
#87150=FACE_OUTER_BOUND('',#87140,.T.);
#87160=ADVANCED_FACE('',(#87150),#87040,.F.);
#87170=COLOUR_RGB('',0.823529481887817,0.823529481887817,
0.784313797950745);
#87180=FILL_AREA_STYLE_COLOUR('',#87170);
#87190=FILL_AREA_STYLE('',(#87180));
#87200=SURFACE_STYLE_FILL_AREA(#87190);
#87210=SURFACE_SIDE_STYLE('',(#87200));
#87220=SURFACE_STYLE_USAGE(.BOTH.,#87210);
#87230=PRESENTATION_STYLE_ASSIGNMENT((#87220));
#87240=ORIENTED_EDGE('',*,*,#85340,.F.);
#87250=ORIENTED_EDGE('',*,*,#80480,.T.);
#87260=ORIENTED_EDGE('',*,*,#82250,.T.);
#87270=ORIENTED_EDGE('',*,*,#84180,.T.);
#87280=ORIENTED_EDGE('',*,*,#83890,.T.);
#87290=CARTESIAN_POINT('',(1.17490327276409,22.2643593674806,
1.15000000045921));
#87300=DIRECTION('',(-1.,-1.19337745224706E-9,-6.1991112058554E-11));
#87310=VECTOR('',#87300,1.);
#87320=LINE('',#87290,#87310);
#87330=EDGE_CURVE('',#79320,#83370,#87320,.T.);
#87340=ORIENTED_EDGE('',*,*,#87330,.T.);
#87350=ORIENTED_EDGE('',*,*,#79330,.T.);
#87360=ORIENTED_EDGE('',*,*,#85090,.T.);
#87370=ORIENTED_EDGE('',*,*,#86240,.F.);
#87380=ORIENTED_EDGE('',*,*,#86570,.F.);
#87390=ORIENTED_EDGE('',*,*,#86880,.F.);
#87400=ORIENTED_EDGE('',*,*,#87120,.F.);
#87410=EDGE_LOOP('',(#87400,#87390,#87380,#87370,#87360,#87350,#87340,
#87280,#87270,#87260,#87250,#87240));
#87420=FACE_OUTER_BOUND('',#87410,.T.);
#87430=ADVANCED_FACE('',(#87420),#83440,.T.);
#87440=COLOUR_RGB('',0.560784339904785,0.588235318660736,
0.600000023841858);
#87450=FILL_AREA_STYLE_COLOUR('',#87440);
#87460=FILL_AREA_STYLE('',(#87450));
#87470=SURFACE_STYLE_FILL_AREA(#87460);
#87480=SURFACE_SIDE_STYLE('',(#87470));
#87490=SURFACE_STYLE_USAGE(.BOTH.,#87480);
#87500=PRESENTATION_STYLE_ASSIGNMENT((#87490));
#87510=CARTESIAN_POINT('',(2.89999999547466,29.2500000218338,
0.350000000066085));
#87520=DIRECTION('',(6.19612122574131E-11,-4.08396223903786E-13,-1.));
#87530=DIRECTION('',(1.,5.96569374935946E-10,6.19612122571695E-11));
#87540=AXIS2_PLACEMENT_3D('',#87510,#87520,#87530);
#87550=PLANE('',#87540);
#87560=ORIENTED_EDGE('',*,*,#79500,.T.);
#87570=CARTESIAN_POINT('',(1.17490327193741,23.6500000143962,
0.349999999961482));
#87580=DIRECTION('',(-1.,-1.19342924022261E-9,-6.19612122569257E-11));
#87590=VECTOR('',#87580,1.);
#87600=LINE('',#87570,#87590);
#87610=EDGE_CURVE('',#79410,#83290,#87600,.T.);
#87620=ORIENTED_EDGE('',*,*,#87610,.F.);
#87630=CARTESIAN_POINT('',(2.29999999547557,29.2500000214758,
0.350000000028909));
#87640=DIRECTION('',(5.9656937493592E-10,-1.,4.08396260867947E-13));
#87650=VECTOR('',#87640,1.);
#87660=LINE('',#87630,#87650);
#87670=EDGE_CURVE('',#63710,#83290,#87660,.T.);
#87680=ORIENTED_EDGE('',*,*,#87670,.T.);
#87690=ORIENTED_EDGE('',*,*,#63720,.F.);
#87700=ORIENTED_EDGE('',*,*,#79560,.F.);
#87710=EDGE_LOOP('',(#87700,#87690,#87680,#87620,#87560));
#87720=FACE_OUTER_BOUND('',#87710,.T.);
#87730=ADVANCED_FACE('',(#87720),#87550,.F.);
#87740=COLOUR_RGB('',0.560784339904785,0.588235318660736,
0.600000023841858);
#87750=FILL_AREA_STYLE_COLOUR('',#87740);
#87760=FILL_AREA_STYLE('',(#87750));
#87770=SURFACE_STYLE_FILL_AREA(#87760);
#87780=SURFACE_SIDE_STYLE('',(#87770));
#87790=SURFACE_STYLE_USAGE(.BOTH.,#87780);
#87800=PRESENTATION_STYLE_ASSIGNMENT((#87790));
#87810=ORIENTED_EDGE('',*,*,#29750,.T.);
#87820=CARTESIAN_POINT('',(1.1000000016868,29.2500000207622,
5.89007575779856));
#87830=DIRECTION('',(5.9656937493592E-10,-1.,4.08396260867947E-13));
#87840=VECTOR('',#87830,1.);
#87850=LINE('',#87820,#87840);
#87860=EDGE_CURVE('',#63800,#29740,#87850,.T.);
#87870=ORIENTED_EDGE('',*,*,#87860,.T.);
#87880=ORIENTED_EDGE('',*,*,#63810,.T.);
#87890=ORIENTED_EDGE('',*,*,#87670,.F.);
#87900=ORIENTED_EDGE('',*,*,#83300,.T.);
#87910=EDGE_LOOP('',(#87900,#87890,#87880,#87870,#87810));
#87920=FACE_OUTER_BOUND('',#87910,.T.);
#87930=ADVANCED_FACE('',(#87920),#29060,.F.);
#87940=COLOUR_RGB('',0.560784339904785,0.588235318660736,
0.600000023841858);
#87950=FILL_AREA_STYLE_COLOUR('',#87940);
#87960=FILL_AREA_STYLE('',(#87950));
#87970=SURFACE_STYLE_FILL_AREA(#87960);
#87980=SURFACE_SIDE_STYLE('',(#87970));
#87990=SURFACE_STYLE_USAGE(.BOTH.,#87980);
#88000=PRESENTATION_STYLE_ASSIGNMENT((#87990));
#88010=CARTESIAN_POINT('',(-0.700000000104883,-1.44833395015907,
6.1500000116615));
#88020=DIRECTION('',(0.258819045102477,-0.96592582628908,
3.86203962174825E-13));
#88030=DIRECTION('',(-0.96592582628908,-0.258819045102477,
1.36588191742501E-13));
#88040=AXIS2_PLACEMENT_3D('',#88010,#88020,#88030);
#88050=PLANE('',#88040);
#88060=ORIENTED_EDGE('',*,*,#11300,.F.);
#88070=ORIENTED_EDGE('',*,*,#21970,.F.);
#88080=ORIENTED_EDGE('',*,*,#1220,.T.);
#88090=ORIENTED_EDGE('',*,*,#44430,.T.);
#88100=EDGE_LOOP('',(#88090,#88080,#88070,#88060));
#88110=FACE_OUTER_BOUND('',#88100,.T.);
#88120=ADVANCED_FACE('',(#88110),#88050,.F.);
#88130=COLOUR_RGB('',0.560784339904785,0.588235318660736,
0.600000023841858);
#88140=FILL_AREA_STYLE_COLOUR('',#88130);
#88150=FILL_AREA_STYLE('',(#88140));
#88160=SURFACE_STYLE_FILL_AREA(#88150);
#88170=SURFACE_SIDE_STYLE('',(#88160));
#88180=SURFACE_STYLE_USAGE(.BOTH.,#88170);
#88190=PRESENTATION_STYLE_ASSIGNMENT((#88180));
#88200=CARTESIAN_POINT('',(1.100000000568,29.0500000117257,
6.1500000122581));
#88210=DIRECTION('',(-1.,-1.19325641018175E-9,3.19771222398515E-14));
#88220=DIRECTION('',(-1.19325641018175E-9,1.,-8.16792267487766E-13));
#88230=AXIS2_PLACEMENT_3D('',#88200,#88210,#88220);
#88240=PLANE('',#88230);
#88250=ORIENTED_EDGE('',*,*,#9240,.T.);
#88260=ORIENTED_EDGE('',*,*,#63870,.F.);
#88270=ORIENTED_EDGE('',*,*,#87860,.F.);
#88280=ORIENTED_EDGE('',*,*,#29830,.F.);
#88290=EDGE_LOOP('',(#88280,#88270,#88260,#88250));
#88300=FACE_OUTER_BOUND('',#88290,.T.);
#88310=ADVANCED_FACE('',(#88300),#88240,.F.);
#88320=COLOUR_RGB('',0.560784339904785,0.588235318660736,
0.600000023841858);
#88330=FILL_AREA_STYLE_COLOUR('',#88320);
#88340=FILL_AREA_STYLE('',(#88330));
#88350=SURFACE_STYLE_FILL_AREA(#88340);
#88360=SURFACE_SIDE_STYLE('',(#88350));
#88370=SURFACE_STYLE_USAGE(.BOTH.,#88360);
#88380=PRESENTATION_STYLE_ASSIGNMENT((#88370));
#88390=CARTESIAN_POINT('',(2.30000000364254,22.264359369724,
1.15000000000895));
#88400=DIRECTION('',(-6.50374603975575E-10,0.500000000000423,
0.866025403784194));
#88410=DIRECTION('',(1.00249963738936E-9,-0.866025403784194,
0.500000000000423));
#88420=AXIS2_PLACEMENT_3D('',#88390,#88400,#88410);
#88430=PLANE('',#88420);
#88440=ORIENTED_EDGE('',*,*,#87610,.T.);
#88450=ORIENTED_EDGE('',*,*,#79420,.T.);
#88460=ORIENTED_EDGE('',*,*,#87330,.F.);
#88470=ORIENTED_EDGE('',*,*,#83380,.F.);
#88480=EDGE_LOOP('',(#88470,#88460,#88450,#88440));
#88490=FACE_OUTER_BOUND('',#88480,.T.);
#88500=ADVANCED_FACE('',(#88490),#88430,.T.);
#88510=COLOUR_RGB('',0.560784339904785,0.588235318660736,
0.600000023841858);
#88520=FILL_AREA_STYLE_COLOUR('',#88510);
#88530=FILL_AREA_STYLE('',(#88520));
#88540=SURFACE_STYLE_FILL_AREA(#88530);
#88550=SURFACE_SIDE_STYLE('',(#88540));
#88560=SURFACE_STYLE_USAGE(.BOTH.,#88550);
#88570=PRESENTATION_STYLE_ASSIGNMENT((#88560));
#88580=CARTESIAN_POINT('',(15.4999999983741,24.550000025507,
6.15000001226427));
#88590=DIRECTION('',(1.,1.19349310973061E-9,-3.19771222400449E-14));
#88600=DIRECTION('',(1.19349310973061E-9,-1.,8.16792267487758E-13));
#88610=AXIS2_PLACEMENT_3D('',#88580,#88590,#88600);
#88620=PLANE('',#88610);
#88630=CARTESIAN_POINT('',(15.4999999941108,29.2500000293528,
5.89007575847409));
#88640=DIRECTION('',(-5.9656937493592E-10,1.,-4.08396260867947E-13));
#88650=VECTOR('',#88640,1.);
#88660=LINE('',#88630,#88650);
#88670=CARTESIAN_POINT('',(15.4999999976927,24.5709600247324,
5.89007575811665));
#88680=VERTEX_POINT('',#88670);
#88690=EDGE_CURVE('',#88680,#63130,#88660,.T.);
#88700=ORIENTED_EDGE('',*,*,#88690,.F.);
#88710=ORIENTED_EDGE('',*,*,#63140,.F.);
#88720=ORIENTED_EDGE('',*,*,#10040,.T.);
#88730=CARTESIAN_POINT('',(15.4999999983489,24.5709600247276,
-2.94496504981917E-14));
#88740=DIRECTION('',(3.19771212652089E-14,8.16792267525923E-13,1.));
#88750=VECTOR('',#88740,1.);
#88760=LINE('',#88730,#88750);
#88770=EDGE_CURVE('',#88680,#9950,#88760,.T.);
#88780=ORIENTED_EDGE('',*,*,#88770,.T.);
#88790=EDGE_LOOP('',(#88780,#88720,#88710,#88700));
#88800=FACE_OUTER_BOUND('',#88790,.T.);
#88810=ADVANCED_FACE('',(#88800),#88620,.F.);
#88820=COLOUR_RGB('',0.560784339904785,0.588235318660736,
0.600000023841858);
#88830=FILL_AREA_STYLE_COLOUR('',#88820);
#88840=FILL_AREA_STYLE('',(#88830));
#88850=SURFACE_STYLE_FILL_AREA(#88840);
#88860=SURFACE_SIDE_STYLE('',(#88850));
#88870=SURFACE_STYLE_USAGE(.BOTH.,#88860);
#88880=PRESENTATION_STYLE_ASSIGNMENT((#88870));
#88890=CARTESIAN_POINT('',(14.2999999983274,29.2500000286358,
3.25000000006867));
#88900=DIRECTION('',(-5.9656937493592E-10,1.,-4.08396260867947E-13));
#88910=DIRECTION('',(-1.,-5.9656937493592E-10,6.3954243017858E-14));
#88920=AXIS2_PLACEMENT_3D('',#88890,#88900,#88910);
#88930=CYLINDRICAL_SURFACE('',#88920,2.9);
#88940=CARTESIAN_POINT('',(14.5612061092501,29.2500000287928,
6.13821248664521));
#88950=DIRECTION('',(-5.9656937493592E-10,1.,-4.08396260867947E-13));
#88960=VECTOR('',#88950,1.);
#88970=LINE('',#88940,#88960);
#88980=CARTESIAN_POINT('',(14.5612061126031,23.6295834514774,
6.1382124866475));
#88990=VERTEX_POINT('',#88980);
#89000=EDGE_CURVE('',#88990,#18810,#88970,.T.);
#89010=ORIENTED_EDGE('',*,*,#89000,.T.);
#89020=CARTESIAN_POINT('',(14.3000000046647,18.6270526813862,
3.25000000007301));
#89030=DIRECTION('',(-5.43002848271454E-10,0.499999999999577,
-0.866025403784683));
#89040=DIRECTION('',(-3.75356137798849E-10,0.866025403784683,
0.499999999999577));
#89050=AXIS2_PLACEMENT_3D('',#89020,#89030,#89040);
#89060=ELLIPSE('',#89050,5.8000000000008,2.9);
#89070=CARTESIAN_POINT('',(16.3506096686903,22.178812809432,
5.30060966480912));
#89080=VERTEX_POINT('',#89070);
#89090=EDGE_CURVE('',#88990,#89080,#89060,.T.);
#89100=ORIENTED_EDGE('',*,*,#89090,.F.);
#89110=CARTESIAN_POINT('',(14.3000000046647,18.6270526705745,
3.25000000007301));
#89120=DIRECTION('',(-0.866025404381127,0.499999998966505,
-5.39300711148116E-11));
#89130=DIRECTION('',(0.499999998966505,0.866025404381127,
3.06649656505038E-11));
#89140=AXIS2_PLACEMENT_3D('',#89110,#89120,#89130);
#89150=ELLIPSE('',#89140,5.80000000599547,2.9);
#89160=CARTESIAN_POINT('',(16.3000000032501,22.0911542985037,
1.15000000069252));
#89170=VERTEX_POINT('',#89160);
#89180=EDGE_CURVE('',#89080,#89170,#89150,.T.);
#89190=ORIENTED_EDGE('',*,*,#89180,.F.);
#89200=CARTESIAN_POINT('',(16.2999999989794,29.2500000298281,
1.15000000068959));
#89210=DIRECTION('',(-5.9656937493592E-10,1.,-4.08396260867947E-13));
#89220=VECTOR('',#89210,1.);
#89230=LINE('',#89200,#89220);
#89240=CARTESIAN_POINT('',(16.3000000031468,22.264359378727,
1.15000000069245));
#89250=VERTEX_POINT('',#89240);
#89260=EDGE_CURVE('',#89170,#89250,#89230,.T.);
#89270=ORIENTED_EDGE('',*,*,#89260,.F.);
#89280=CARTESIAN_POINT('',(14.3000000046647,18.6270526813083,
3.25000000007301));
#89290=DIRECTION('',(-6.50374603975574E-10,0.500000000000423,
0.866025403784194));
#89300=DIRECTION('',(3.13365025739649E-10,-0.866025403784194,
0.500000000000423));
#89310=AXIS2_PLACEMENT_3D('',#89280,#89290,#89300);
#89320=ELLIPSE('',#89310,5.79999999999919,2.9);
#89330=CARTESIAN_POINT('',(14.30000000507,23.6500000232559,
0.350000000070958));
#89340=VERTEX_POINT('',#89330);
#89350=EDGE_CURVE('',#89250,#89340,#89320,.T.);
#89360=ORIENTED_EDGE('',*,*,#89350,.F.);
#89370=CARTESIAN_POINT('',(14.2999999976718,29.8500000231356,
0.350000000068099));
#89380=DIRECTION('',(-1.19325641018176E-9,1.,-6.12594370746826E-13));
#89390=VECTOR('',#89380,1.);
#89400=LINE('',#89370,#89390);
#89410=CARTESIAN_POINT('',(14.2999999986264,29.0500000230837,
0.350000000068589));
#89420=VERTEX_POINT('',#89410);
#89430=EDGE_CURVE('',#89340,#89420,#89400,.T.);
#89440=ORIENTED_EDGE('',*,*,#89430,.F.);
#89450=CARTESIAN_POINT('',(14.2999999985071,29.2500000286347,
0.350000000068671));
#89460=DIRECTION('',(5.9656937493592E-10,-1.,4.08396260867947E-13));
#89470=VECTOR('',#89460,1.);
#89480=LINE('',#89450,#89470);
#89490=EDGE_CURVE('',#63220,#89420,#89480,.T.);
#89500=ORIENTED_EDGE('',*,*,#89490,.T.);
#89510=ORIENTED_EDGE('',*,*,#63230,.F.);
#89520=ORIENTED_EDGE('',*,*,#88690,.T.);
#89530=CARTESIAN_POINT('',(14.5790399983489,24.5709600236284,0.));
#89540=DIRECTION('',(3.19771212652089E-14,8.16792267525923E-13,1.));
#89550=DIRECTION('',(0.,1.,-8.16792267525923E-13));
#89560=AXIS2_PLACEMENT_3D('',#89530,#89540,#89550);
#89570=CYLINDRICAL_SURFACE('',#89560,0.92096);
#89580=CARTESIAN_POINT('',(14.5790399994575,23.6500000236334,
6.13654407207709));
#89590=CARTESIAN_POINT('',(14.5942114177974,23.6500000236516,
6.1350774627219));
#89600=CARTESIAN_POINT('',(14.6093846945343,23.6503751706883,
6.13348979723665));
#89610=CARTESIAN_POINT('',(14.6245303019169,23.6511241937805,
6.13178418425617));
#89620=CARTESIAN_POINT('',(14.6396758994995,23.651873216388,
6.13007857237931));
#89630=CARTESIAN_POINT('',(14.6547935591306,23.6529961035035,
6.1282550432758));
#89640=CARTESIAN_POINT('',(14.6698538370423,23.654488437439,
6.12631850476703));
#89650=CARTESIAN_POINT('',(14.6999735115589,23.6574730179805,
6.12244554107308));
#89660=CARTESIAN_POINT('',(14.7298408279338,23.6619293225262,
6.11812392679537));
#89670=CARTESIAN_POINT('',(14.7594289508626,23.6678392413396,
6.11337651052714));
#89680=CARTESIAN_POINT('',(14.7742165196677,23.6707929039053,
6.11100384414066));
#89690=CARTESIAN_POINT('',(14.7889188449798,23.6741074618963,
6.10852721918589));
#89700=CARTESIAN_POINT('',(14.8035092858049,23.677774230761,
6.10595490181071));
#89710=CARTESIAN_POINT('',(14.8180999526587,23.6814410564297,
6.10338254458634));
#89720=CARTESIAN_POINT('',(14.8325776080731,23.6854597680751,
6.10071471193674));
#89730=CARTESIAN_POINT('',(14.8469194938987,23.6898199113561,
6.09796051050508));
#89740=CARTESIAN_POINT('',(14.8756110891378,23.6985425764034,
6.09245060520777));
#89750=CARTESIAN_POINT('',(14.9038835013945,23.7086718089715,
6.08656982418582));
#89760=CARTESIAN_POINT('',(14.931551787538,23.7201352707707,
6.08039614579179));
#89770=CARTESIAN_POINT('',(14.9592199882417,23.7315986971706,
6.07422248646211));
#89780=CARTESIAN_POINT('',(14.9862789637759,23.744394225052,
6.06775730541933));
#89790=CARTESIAN_POINT('',(15.0125595359167,23.75841578967,
6.06109567792668));
#89800=CARTESIAN_POINT('',(15.025703663459,23.7654286215327,
6.05776389043995));
#89810=CARTESIAN_POINT('',(15.0386299882017,23.7727332391159,
6.05438956404259));
#89820=CARTESIAN_POINT('',(15.0514100173769,23.7803691770358,
6.05096108301647));
#89830=CARTESIAN_POINT('',(15.0641867167419,23.7880031254279,
6.04753349527404));
#89840=CARTESIAN_POINT('',(15.0767950805669,23.7959569659788,
6.04405726353827));
#89850=CARTESIAN_POINT('',(15.0892147661478,23.8042208059669,
6.04054475967968));
#89860=CARTESIAN_POINT('',(15.1140543824257,23.820748649039,
6.03351968263936));
#89870=CARTESIAN_POINT('',(15.1381369760354,23.8385173103242,
6.02634926848586));
#89880=CARTESIAN_POINT('',(15.1613081979278,23.8574258160553,
6.01914213994642));
#89890=CARTESIAN_POINT('',(15.1844793344015,23.8763342520819,
6.01193503797542));
#89900=CARTESIAN_POINT('',(15.206735845368,23.8963799069007,
6.00469256363339));
#89910=CARTESIAN_POINT('',(15.2279422876569,23.9174363893719,
5.99753036634089));
#89920=CARTESIAN_POINT('',(15.2491489079181,23.9384930485569,
5.99036810894057));
#89930=CARTESIAN_POINT('',(15.2693027360079,23.9605575533006,
5.98328745840394));
#89940=CARTESIAN_POINT('',(15.2882954273465,23.9834874216869,
5.97640278601241));
#89950=CARTESIAN_POINT('',(15.297797054218,23.9949587318732,
5.97295853543041));
#89960=CARTESIAN_POINT('',(15.3069846029596,24.006614346179,
5.96957222565809));
#89970=CARTESIAN_POINT('',(15.3159233113452,24.018537807726,
5.96622897208481));
#89980=CARTESIAN_POINT('',(15.3248616930696,24.0304608335353,
5.96288584068927));
#89990=CARTESIAN_POINT('',(15.3335388271222,24.0426386436601,
5.95959008677712));
#90000=CARTESIAN_POINT('',(15.3419348699494,24.0550542798331,
5.95635765007868));
#90010=CARTESIAN_POINT('',(15.3587271808955,24.0798858853289,
5.94989268994557));
#90020=CARTESIAN_POINT('',(15.374392075745,24.105668922256,
5.94368204563807));
#90030=CARTESIAN_POINT('',(15.3887892920835,24.1322421155228,
5.93785004805534));
#90040=CARTESIAN_POINT('',(15.3959876827234,24.1455283106585,
5.93493413738037));
#90050=CARTESIAN_POINT('',(15.4028692362498,24.1590108895304,
5.93211291872308));
#90060=CARTESIAN_POINT('',(15.40941922897,24.1726665954255,
5.929400861719));
#90070=CARTESIAN_POINT('',(15.4159692254269,24.186322309111,
5.92668880316773));
#90080=CARTESIAN_POINT('',(15.4221875703729,24.2001509582148,
5.92408595997709));
#90090=CARTESIAN_POINT('',(15.4280619726945,24.2141281182791,
5.92160554519993));
#90100=CARTESIAN_POINT('',(15.4339363861969,24.2281053049463,
5.91912512570176));
#90110=CARTESIAN_POINT('',(15.4394667787282,24.242230794976,
5.91676718283108));
#90120=CARTESIAN_POINT('',(15.4446434998716,24.2564796589806,
5.9145433495384));
#90130=CARTESIAN_POINT('',(15.4498202386894,24.2707285716342,
5.91231950865303));
#90140=CARTESIAN_POINT('',(15.4546432447815,24.2851006399554,
5.91022981696809));
#90150=CARTESIAN_POINT('',(15.459105592222,24.299571239633,
5.9082840761334));
#90160=CARTESIAN_POINT('',(15.4680162689308,24.3284669805475,
5.90439870688136));
#90170=CARTESIAN_POINT('',(15.4755434342912,24.3579235333443,
5.90106430751313));
#90180=CARTESIAN_POINT('',(15.481623424106,24.3879013413783,
5.89835157916774));
#90190=CARTESIAN_POINT('',(15.4846618041321,24.4028822831121,
5.89699593551175));
#90200=CARTESIAN_POINT('',(15.48733443966,24.4179761367374,
5.89579728488793));
#90210=CARTESIAN_POINT('',(15.4896309608011,24.4331506600154,
5.89476429579926));
#90220=CARTESIAN_POINT('',(15.4919274767937,24.4483251492745,
5.89373130902639));
#90230=CARTESIAN_POINT('',(15.493847805955,24.4635799377748,
5.89286402739282));
#90240=CARTESIAN_POINT('',(15.4953853331455,24.4788809869479,
5.89216841031753));
#90250=CARTESIAN_POINT('',(15.4969228601799,24.4941820345674,
5.89147279331288));
#90260=CARTESIAN_POINT('',(15.4980775431716,24.5095289500112,
5.8909488668796));
#90270=CARTESIAN_POINT('',(15.4988468289347,24.5248870813773,
5.89059960688373));
#90280=CARTESIAN_POINT('',(15.4996161163163,24.5402452450553,
5.89025034615305));
#90290=CARTESIAN_POINT('',(15.4999999983674,24.5556142260504,
5.89007575781415));
#90300=CARTESIAN_POINT('',(15.4999999983491,24.5709600247316,
5.8900757578183));
#90310=B_SPLINE_CURVE_WITH_KNOTS('',3,(#89580,#89590,#89600,#89610,
#89620,#89630,#89640,#89650,#89660,#89670,#89680,#89690,#89700,#89710,
#89720,#89730,#89740,#89750,#89760,#89770,#89780,#89790,#89800,#89810,
#89820,#89830,#89840,#89850,#89860,#89870,#89880,#89890,#89900,#89910,
#89920,#89930,#89940,#89950,#89960,#89970,#89980,#89990,#90000,#90010,
#90020,#90030,#90040,#90050,#90060,#90070,#90080,#90090,#90100,#90110,
#90120,#90130,#90140,#90150,#90160,#90170,#90180,#90190,#90200,#90210,
#90220,#90230,#90240,#90250,#90260,#90270,#90280,#90290,#90300),
.UNSPECIFIED.,.F.,.F.,(4,3,3,3,3,3,3,3,3,3,3,3,3,3,3,3,3,3,3,3,3,3,3,3,4
),(0.,0.0457575343754896,0.0915382576053172,0.183062227172368,
0.228858523883222,0.274617527166278,0.366252153996529,0.457940201569105,
0.503705011863593,0.549607034024409,0.641762714453426,0.734038407559231,
0.826005606758511,0.871784788064453,0.917696726287758,1.00990685324759,
1.05607578926867,1.1022042678726,1.1482362498631,1.19412405259788,
1.28586167594145,1.33195948786555,1.37812921560814,1.42429780864721,
1.47039395856852),.UNSPECIFIED.);
#90320=SURFACE_CURVE('',#90310,(#89570,#88930),.CURVE_3D.);
#90330=EDGE_CURVE('',#18900,#88680,#90320,.T.);
#90340=ORIENTED_EDGE('',*,*,#90330,.T.);
#90350=ORIENTED_EDGE('',*,*,#18910,.T.);
#90360=EDGE_LOOP('',(#90350,#90340,#89520,#89510,#89500,#89440,#89360,
#89270,#89190,#89100,#89010));
#90370=FACE_OUTER_BOUND('',#90360,.T.);
#90380=ADVANCED_FACE('',(#90370),#88930,.F.);
#90390=COLOUR_RGB('',0.560784339904785,0.588235318660736,
0.600000023841858);
#90400=FILL_AREA_STYLE_COLOUR('',#90390);
#90410=FILL_AREA_STYLE('',(#90400));
#90420=SURFACE_STYLE_FILL_AREA(#90410);
#90430=SURFACE_SIDE_STYLE('',(#90420));
#90440=SURFACE_STYLE_USAGE(.BOTH.,#90430);
#90450=PRESENTATION_STYLE_ASSIGNMENT((#90440));
#90460=CARTESIAN_POINT('',(13.4387938902241,29.2500000281233,
6.13821248625309));
#90470=DIRECTION('',(-3.49349417758454E-10,4.08396052456783E-13,1.));
#90480=DIRECTION('',(-1.,-5.96569374936063E-10,-3.4934941775821E-10));
#90490=AXIS2_PLACEMENT_3D('',#90460,#90470,#90480);
#90500=PLANE('',#90490);
#90510=CARTESIAN_POINT('',(13.7000000053104,23.6500000229591,
3.24999999997044));
#90520=DIRECTION('',(-1.193377735006E-9,1.,-4.88388316302528E-13));
#90530=DIRECTION('',(-1.,-1.19337745224706E-9,-6.1991112058554E-11));
#90540=AXIS2_PLACEMENT_3D('',#90510,#90520,#90530);
#90550=CONICAL_SURFACE('',#90540,2.90000000000077,0.523598775598299);
#90560=CARTESIAN_POINT('',(13.4387938935264,23.6500000222788,
6.13821248625538));
#90570=CARTESIAN_POINT('',(13.4602693448773,23.6466496870877,
6.13821248626288));
#90580=CARTESIAN_POINT('',(13.4818435134317,23.6436940347671,
6.13821248627042));
#90590=CARTESIAN_POINT('',(13.5034989225682,23.6411480253767,
6.13821248627799));
#90600=CARTESIAN_POINT('',(13.5251542328295,23.6386020276111,
6.13821248628556));
#90610=CARTESIAN_POINT('',(13.5468905795554,23.6364657446103,
6.13821248629315));
#90620=CARTESIAN_POINT('',(13.5686872437671,23.634751076586,
6.13821248630076));
#90630=CARTESIAN_POINT('',(13.5904838343507,23.6330364143538,
6.13821248630838));
#90640=CARTESIAN_POINT('',(13.6123405061059,23.6317434224637,
6.13821248631602));
#90650=CARTESIAN_POINT('',(13.6342341034756,23.6308801720143,
6.13821248632367));
#90660=CARTESIAN_POINT('',(13.6561276517477,23.6300169235007,
6.13821248633131));
#90670=CARTESIAN_POINT('',(13.6780578666766,23.6295834504361,
6.13821248633897));
#90680=CARTESIAN_POINT('',(13.7000000047503,23.6295834504678,
6.13821248634664));
#90690=B_SPLINE_CURVE_WITH_KNOTS('',3,(#90560,#90570,#90580,#90590,
#90600,#90610,#90620,#90630,#90640,#90650,#90660,#90670,#90680),
.UNSPECIFIED.,.F.,.F.,(4,3,3,3,4),(0.,0.065311596113525,
0.130817083813309,0.196482325150448,0.262265265862316),.UNSPECIFIED.);
#90700=SURFACE_CURVE('',#90690,(#90500,#90550),.CURVE_3D.);
#90710=CARTESIAN_POINT('',(13.7000000047503,23.6295834504678,
6.13821248634664));
#90720=VERTEX_POINT('',#90710);
#90730=EDGE_CURVE('',#18710,#90720,#90700,.T.);
#90740=ORIENTED_EDGE('',*,*,#90730,.F.);
#90750=CARTESIAN_POINT('',(12.5749032749824,23.6295834481184,
6.13821248595359));
#90760=DIRECTION('',(1.,1.69109663769556E-9,3.49349417757763E-10));
#90770=VECTOR('',#90760,1.);
#90780=LINE('',#90750,#90770);
#90790=EDGE_CURVE('',#90720,#88990,#90780,.T.);
#90800=ORIENTED_EDGE('',*,*,#90790,.F.);
#90810=ORIENTED_EDGE('',*,*,#89000,.F.);
#90820=ORIENTED_EDGE('',*,*,#18820,.F.);
#90830=EDGE_LOOP('',(#90820,#90810,#90800,#90740));
#90840=FACE_OUTER_BOUND('',#90830,.T.);
#90850=ADVANCED_FACE('',(#90840),#90500,.F.);
#90860=COLOUR_RGB('',0.560784339904785,0.588235318660736,
0.600000023841858);
#90870=FILL_AREA_STYLE_COLOUR('',#90860);
#90880=FILL_AREA_STYLE('',(#90870));
#90890=SURFACE_STYLE_FILL_AREA(#90880);
#90900=SURFACE_SIDE_STYLE('',(#90890));
#90910=SURFACE_STYLE_USAGE(.BOTH.,#90900);
#90920=PRESENTATION_STYLE_ASSIGNMENT((#90910));
#90930=CARTESIAN_POINT('',(-11.1299466348992,11.300000012338,
5.87999996356841));
#90940=DIRECTION('',(-2.41484413501388E-10,1.,3.50079581708565E-9));
#90950=DIRECTION('',(1.,2.41484413508576E-10,-2.05315251750154E-12));
#90960=AXIS2_PLACEMENT_3D('',#90930,#90940,#90950);
#90970=PLANE('',#90960);
#90980=CARTESIAN_POINT('',(12.5749032823378,11.3000000210244,
5.03390158360476));
#90990=DIRECTION('',(0.999425947141932,3.59948710876776E-10,
-0.0338788456038932));
#91000=VECTOR('',#90990,1.);
#91010=LINE('',#90980,#91000);
#91020=CARTESIAN_POINT('',(11.8693862091401,11.3000000207703,
5.05781741655079));
#91030=VERTEX_POINT('',#91020);
#91040=CARTESIAN_POINT('',(15.2500000172839,11.300000035269,
4.94322033851813));
#91050=VERTEX_POINT('',#91040);
#91060=EDGE_CURVE('',#91030,#91050,#91010,.T.);
#91070=ORIENTED_EDGE('',*,*,#91060,.T.);
#91080=CARTESIAN_POINT('',(11.8693862089909,11.3000000378442,
0.180687249074803));
#91090=DIRECTION('',(3.05900894780276E-11,-3.50079581707826E-9,1.));
#91100=VECTOR('',#91090,1.);
#91110=LINE('',#91080,#91100);
#91120=CARTESIAN_POINT('',(11.8693862090206,11.3000000344508,
1.15000000042341));
#91130=VERTEX_POINT('',#91120);
#91140=EDGE_CURVE('',#91130,#91030,#91110,.T.);
#91150=ORIENTED_EDGE('',*,*,#91140,.T.);
#91160=CARTESIAN_POINT('',(12.5749032823375,11.3000000346212,
1.15000000046715));
#91170=DIRECTION('',(1.,2.4148441328437E-10,6.19911120590188E-11));
#91180=VECTOR('',#91170,1.);
#91190=LINE('',#91160,#91180);
#91200=CARTESIAN_POINT('',(15.2500000175191,11.3000000352671,
1.15000000063298));
#91210=VERTEX_POINT('',#91200);
#91220=EDGE_CURVE('',#91130,#91210,#91190,.T.);
#91230=ORIENTED_EDGE('',*,*,#91220,.F.);
#91240=CARTESIAN_POINT('',(15.2500000175792,11.3000000386605,
0.180687249074587));
#91250=DIRECTION('',(-6.19911078346621E-11,-3.50079581710062E-9,1.));
#91260=VECTOR('',#91250,1.);
#91270=LINE('',#91240,#91260);
#91280=EDGE_CURVE('',#91210,#91050,#91270,.T.);
#91290=ORIENTED_EDGE('',*,*,#91280,.F.);
#91300=EDGE_LOOP('',(#91290,#91230,#91150,#91070));
#91310=FACE_OUTER_BOUND('',#91300,.T.);
#91320=ADVANCED_FACE('',(#91310),#90970,.T.);
#91330=COLOUR_RGB('',0.823529481887817,0.823529481887817,
0.784313797950745);
#91340=FILL_AREA_STYLE_COLOUR('',#91330);
#91350=FILL_AREA_STYLE('',(#91340));
#91360=SURFACE_STYLE_FILL_AREA(#91350);
#91370=SURFACE_SIDE_STYLE('',(#91360));
#91380=SURFACE_STYLE_USAGE(.BOTH.,#91370);
#91390=PRESENTATION_STYLE_ASSIGNMENT((#91380));
#91400=CARTESIAN_POINT('',(11.8000076197713,19.2499983883531,
5.8750004255836));
#91410=DIRECTION('',(-0.999961923059037,-0.00872653608676351,
3.91036708722038E-14));
#91420=DIRECTION('',(-0.00872653608676352,0.999961923059037,
-8.16482117072299E-13));
#91430=AXIS2_PLACEMENT_3D('',#91400,#91410,#91420);
#91440=PLANE('',#91430);
#91450=CARTESIAN_POINT('',(11.7653848101358,23.2173791406379,
5.06134288679724));
#91460=CARTESIAN_POINT('',(11.7658556601466,23.1634250771237,
5.01626877320668));
#91470=CARTESIAN_POINT('',(11.7663233293972,23.1098354926121,
4.97062311856816));
#91480=CARTESIAN_POINT('',(11.7667864975627,23.0567616813199,
4.92435345131141));
#91490=CARTESIAN_POINT('',(11.7672496670857,23.0036877144718,
4.87808364844131));
#91500=CARTESIAN_POINT('',(11.767708345341,22.9511283958986,
4.83118992291168));
#91510=CARTESIAN_POINT('',(11.7681610628805,22.8992521076574,
4.78358869449364));
#91520=CARTESIAN_POINT('',(11.7683874228052,22.8733138311891,
4.75978795884353));
#91530=CARTESIAN_POINT('',(11.7686122913008,22.8475464555578,
4.73580965152451));
#91540=CARTESIAN_POINT('',(11.7688354646199,22.8219733279049,
4.71163946668626));
#91550=CARTESIAN_POINT('',(11.7690586380043,22.7964001927644,
4.68746927477113));
#91560=CARTESIAN_POINT('',(11.7692801170455,22.7710212101143,
4.66310718134935));
#91570=CARTESIAN_POINT('',(11.7694996778428,22.745862036434,
4.63853591593425));
#91580=CARTESIAN_POINT('',(11.7697192386313,22.7207028637504,
4.61396465149259));
#91590=CARTESIAN_POINT('',(11.7699368823021,22.6957633709844,
4.58918417196932));
#91600=CARTESIAN_POINT('',(11.7701523576329,22.6710723453577,
4.56417391299293));
#91610=CARTESIAN_POINT('',(11.7703678328404,22.6463813338618,
4.53916366832993));
#91620=CARTESIAN_POINT('',(11.7705811412119,22.6219386171555,
4.51392357295067));
#91630=CARTESIAN_POINT('',(11.7707919945928,22.5977772144929,
4.48842947296104));
#91640=CARTESIAN_POINT('',(11.7710028476867,22.5736158447141,
4.46293540766891));
#91650=CARTESIAN_POINT('',(11.7712112477762,22.549735561378,
4.43718722522567));
#91660=CARTESIAN_POINT('',(11.7714168571928,22.5261750574667,
4.41115695626008));
#91670=CARTESIAN_POINT('',(11.7716224661015,22.5026146117578,
4.38512675159809));
#91680=CARTESIAN_POINT('',(11.7718252869281,22.479373648584,
4.35881428789796));
#91690=CARTESIAN_POINT('',(11.772024916397,22.4564983787633,
4.33218767974839));
#91700=CARTESIAN_POINT('',(11.7722245823623,22.4336189268645,
4.30555620369739));
#91710=CARTESIAN_POINT('',(11.772420903648,22.4111227373347,
4.27863214158793));
#91720=CARTESIAN_POINT('',(11.7726138322795,22.3890153073691,
4.2513175357009));
#91730=CARTESIAN_POINT('',(11.7728068167825,22.3669014751697,
4.22399501960027));
#91740=CARTESIAN_POINT('',(11.772996529322,22.3451625727417,
4.19626243678071));
#91750=CARTESIAN_POINT('',(11.7731820251257,22.3239068604259,
4.16812276523591));
#91760=CARTESIAN_POINT('',(11.7733675212492,22.3026511114626,
4.13998304517476));
#91770=CARTESIAN_POINT('',(11.7735488029192,22.2818782909979,
4.11143602711743));
#91780=CARTESIAN_POINT('',(11.7737248855686,22.2617012192582,
4.08247872509552));
#91790=CARTESIAN_POINT('',(11.7739009683991,22.2415241267595,
4.05352139328117));
#91800=CARTESIAN_POINT('',(11.7740718553092,22.221942427726,
4.02415342713119));
#91810=CARTESIAN_POINT('',(11.7742365078657,22.2030751148108,
3.99436579250237));
#91820=CARTESIAN_POINT('',(11.7744011603348,22.1842078119082,
3.96457817368122));
#91830=CARTESIAN_POINT('',(11.7745595823077,22.1660544531037,
3.93437034018192));
#91840=CARTESIAN_POINT('',(11.7747106627885,22.1487423459127,
3.90372801020588));
#91850=CARTESIAN_POINT('',(11.7748617428089,22.1314302914824,
3.87308577361615));
#91860=CARTESIAN_POINT('',(11.7750054855408,22.1149590069859,
3.84200825540269));
#91870=CARTESIAN_POINT('',(11.7751406873112,22.0994664196606,
3.81047806516765));
#91880=CARTESIAN_POINT('',(11.7752056739379,22.0920196903361,
3.79532263713607));
#91890=CARTESIAN_POINT('',(11.7752686860985,22.0847992124246,
3.78006252752814));
#91900=CARTESIAN_POINT('',(11.7753295816622,22.0778212724507,
3.76469575051281));
#91910=CARTESIAN_POINT('',(11.7753904783566,22.0708432029052,
3.74932868815579));
#91920=CARTESIAN_POINT('',(11.7754492296972,22.0641109665431,
3.73386393941391));
#91930=CARTESIAN_POINT('',(11.7755058994724,22.0576172539379,
3.71823804222508));
#91940=CARTESIAN_POINT('',(11.7756192042409,22.044633814336,
3.68699583846388));
#91950=CARTESIAN_POINT('',(11.7757238094979,22.0326472408042,
3.6551996894905));
#91960=CARTESIAN_POINT('',(11.7758179473053,22.0218601172562,
3.6229556476767));
#91970=CARTESIAN_POINT('',(11.7759120846052,22.0110730518559,
3.59071177967329));
#91980=CARTESIAN_POINT('',(11.7759957342488,22.0014877525828,
3.55802338198611));
#91990=CARTESIAN_POINT('',(11.776067401447,21.9932755056416,
3.52501885096677));
#92000=CARTESIAN_POINT('',(11.7761032342708,21.9891694710088,
3.50851694249115));
#92010=CARTESIAN_POINT('',(11.7761360755201,21.9854062364096,
3.49193693743608));
#92020=CARTESIAN_POINT('',(11.7761657769316,21.9820027919955,
3.47529671162236));
#92030=CARTESIAN_POINT('',(11.7761954783798,21.9785993433703,
3.45865646521999));
#92040=CARTESIAN_POINT('',(11.7762220394134,21.9755557503639,
3.44195622541624));
#92050=CARTESIAN_POINT('',(11.7762453440374,21.9728853051348,
3.425214107691));
#92060=CARTESIAN_POINT('',(11.7763386551468,21.9621929117878,
3.35817910310368));
#92070=CARTESIAN_POINT('',(11.7763792948349,21.9575360650509,
3.29085067352933));
#92080=CARTESIAN_POINT('',(11.7763646275601,21.9592167681571,
3.22293036077427));
#92090=CARTESIAN_POINT('',(11.7763609639256,21.9596365790608,
3.2059650277722));
#92100=CARTESIAN_POINT('',(11.7763538503207,21.9604517173936,
3.18898738776085));
#92110=CARTESIAN_POINT('',(11.7763433040293,21.9616602025995,
3.17202136623251));
#92120=CARTESIAN_POINT('',(11.7763327577651,21.9628686847031,
3.15505538825679));
#92130=CARTESIAN_POINT('',(11.7763187789985,21.9644704926023,
3.13810139884513));
#92140=CARTESIAN_POINT('',(11.7763014325881,21.9664581942218,
3.12118413947271));
#92150=CARTESIAN_POINT('',(11.7762840861902,21.9684458944139,
3.10426689224753));
#92160=CARTESIAN_POINT('',(11.7762633726533,21.9708194305229,
3.08738672062306));
#92170=CARTESIAN_POINT('',(11.7762394028021,21.9735661032384,
3.07056801641982));
#92180=CARTESIAN_POINT('',(11.7762154329298,21.9763127783629,
3.05374929746582));
#92190=CARTESIAN_POINT('',(11.7761882074851,21.9794325051526,
3.03699234857932));
#92200=CARTESIAN_POINT('',(11.7761578785553,21.9829078560432,
3.02032025029039));
#92210=CARTESIAN_POINT('',(11.7761275495572,21.9863832147601,
3.00364811445669));
#92220=CARTESIAN_POINT('',(11.7760941179518,21.9902140970093,
2.98706107811427));
#92230=CARTESIAN_POINT('',(11.7760577701379,21.9943791436558,
2.97058016896664));
#92240=CARTESIAN_POINT('',(11.7760214221987,21.9985442046615,
2.95409920300016));
#92250=CARTESIAN_POINT('',(11.7759821589672,22.0030433249866,
2.9377245561009));
#92260=CARTESIAN_POINT('',(11.7759401928305,22.0078521676196,
2.92147467087238));
#92270=CARTESIAN_POINT('',(11.7758982264098,22.0126610427941,
2.90522467568077));
#92280=CARTESIAN_POINT('',(11.7758535584069,22.0177794885957,
2.88909973691833));
#92290=CARTESIAN_POINT('',(11.7758064169797,22.0231813607344,
2.8731149130081));
#92300=CARTESIAN_POINT('',(11.7757592693609,22.0285839423669,
2.8571279896161));
#92310=CARTESIAN_POINT('',(11.7757095168229,22.0342850184138,
2.84123636097661));
#92320=CARTESIAN_POINT('',(11.7756573121498,22.0402670810369,
2.825442138997));
#92330=CARTESIAN_POINT('',(11.7754484925505,22.0641954354275,
2.76226497675954));
#92340=CARTESIAN_POINT('',(11.7752004345661,22.092620062827,
2.70064796461767));
#92350=CARTESIAN_POINT('',(11.7749230856762,22.1244010955922,
2.64071558676944));
#92360=CARTESIAN_POINT('',(11.7747844114564,22.140291586175,
2.61074944649823));
#92370=CARTESIAN_POINT('',(11.7746384155697,22.1570210566369,
2.58120428071225));
#92380=CARTESIAN_POINT('',(11.7744863283463,22.1744485250876,
2.55209635093192));
#92390=CARTESIAN_POINT('',(11.7743342412012,22.1918759845668,
2.52298843613601));
#92400=CARTESIAN_POINT('',(11.7741760622583,22.2100014955722,
2.49431753833789));
#92410=CARTESIAN_POINT('',(11.7740129999428,22.2286865849253,
2.4661018474888));
#92420=CARTESIAN_POINT('',(11.773849881935,22.2473780559925,
2.43787651983967));
#92430=CARTESIAN_POINT('',(11.7736821915311,22.2665934710469,
2.41015584297837));
#92440=CARTESIAN_POINT('',(11.7735099845421,22.2863264361234,
2.38278356936586));
#92450=CARTESIAN_POINT('',(11.7733377911905,22.3060578385151,
2.35541346340717));
#92460=CARTESIAN_POINT('',(11.773161203504,22.3262927817755,
2.32841444784517));
#92470=CARTESIAN_POINT('',(11.7729808043959,22.3469644706679,
2.30174990639441));
#92480=CARTESIAN_POINT('',(11.7727931471818,22.3684678560675,
2.27401255439082));
#92490=CARTESIAN_POINT('',(11.7726013619174,22.3904442691481,
2.24663665877739));
#92500=CARTESIAN_POINT('',(11.772405989992,22.4128316728401,
2.21958479050955));
#92510=CARTESIAN_POINT('',(11.7722106173822,22.435219154963,
2.19253282746954));
#92520=CARTESIAN_POINT('',(11.7720116542418,22.458018071114,
2.16580457023332));
#92530=CARTESIAN_POINT('',(11.7718095528984,22.4811765896782,
2.13936717095441));
#92540=CARTESIAN_POINT('',(11.7716074512102,22.5043351477529,
2.11292972657092));
#92550=CARTESIAN_POINT('',(11.7714022083516,22.5278536482874,
2.08678293255842));
#92560=CARTESIAN_POINT('',(11.7711942109542,22.5516877876702,
2.06089875024171));
#92570=CARTESIAN_POINT('',(11.770986213459,22.575521938269,
2.03501455574438));
#92580=CARTESIAN_POINT('',(11.7707754592034,22.5996719823083,
2.00939284371211));
#92590=CARTESIAN_POINT('',(11.7705622873731,22.6240990529402,
1.98401027102139));
#92600=CARTESIAN_POINT('',(11.7703491156107,22.6485261157928,
1.95862770641438));
#92610=CARTESIAN_POINT('',(11.7701335246436,22.6732303920214,
1.93348420470927));
#92620=CARTESIAN_POINT('',(11.7699158199241,22.6981768802682,
1.90856080227154));
#92630=CARTESIAN_POINT('',(11.7696981153712,22.7231233494397,
1.88363741889148));
#92640=CARTESIAN_POINT('',(11.7694782958939,22.7483121649177,
1.85893409339522));
#92650=CARTESIAN_POINT('',(11.769256643129,22.7737110543272,
1.83443581560303));
#92660=CARTESIAN_POINT('',(11.7690349905753,22.799109919539,
1.80993756115047));
#92670=CARTESIAN_POINT('',(11.7688115039119,22.8247189528974,
1.78564433606544));
#92680=CARTESIAN_POINT('',(11.7685864478118,22.8505078258686,
1.76154460608093));
#92690=CARTESIAN_POINT('',(11.768361391925,22.8762966743966,
1.73744489893862));
#92700=CARTESIAN_POINT('',(11.7681347660449,22.9022654263395,
1.71353868363655));
#92710=CARTESIAN_POINT('',(11.7679068222996,22.9283851906576,
1.68981740756737));
#92720=CARTESIAN_POINT('',(11.7674509371229,22.980624454141,
1.6423750962337));
#92730=CARTESIAN_POINT('',(11.7669897844307,23.0334673150866,
1.59567014172054));
#92740=CARTESIAN_POINT('',(11.7665252696508,23.0866954330817,
1.54966279531481));
#92750=CARTESIAN_POINT('',(11.7662929838031,23.1133127530282,
1.52665630353388));
#92760=CARTESIAN_POINT('',(11.7660599776228,23.1400126149044,
1.5038366761614));
#92770=CARTESIAN_POINT('',(11.7658261253348,23.1668094311034,
1.48116746876326));
#92780=CARTESIAN_POINT('',(11.7655922250624,23.1936117457766,
1.4584936098405));
#92790=CARTESIAN_POINT('',(11.7653573259591,23.2205285151207,
1.43595567690474));
#92800=CARTESIAN_POINT('',(11.7651215184895,23.2475493729253,
1.41354277481292));
#92810=CARTESIAN_POINT('',(11.7646499035647,23.3015910868974,
1.36871697198714));
#92820=CARTESIAN_POINT('',(11.7641746624766,23.3560483179967,
1.32439016471503));
#92830=CARTESIAN_POINT('',(11.7636963936688,23.4108524913872,
1.28048858719017));
#92840=CARTESIAN_POINT('',(11.7632181242011,23.4656567403919,
1.2365869490936));
#92850=CARTESIAN_POINT('',(11.7627368213227,23.5208085838187,
1.19311051859312));
#92860=CARTESIAN_POINT('',(11.7622529590091,23.5762537094444,
1.15000000033529));
#92870=B_SPLINE_CURVE_WITH_KNOTS('',3,(#91450,#91460,#91470,#91480,
#91490,#91500,#91510,#91520,#91530,#91540,#91550,#91560,#91570,#91580,
#91590,#91600,#91610,#91620,#91630,#91640,#91650,#91660,#91670,#91680,
#91690,#91700,#91710,#91720,#91730,#91740,#91750,#91760,#91770,#91780,
#91790,#91800,#91810,#91820,#91830,#91840,#91850,#91860,#91870,#91880,
#91890,#91900,#91910,#91920,#91930,#91940,#91950,#91960,#91970,#91980,
#91990,#92000,#92010,#92020,#92030,#92040,#92050,#92060,#92070,#92080,
#92090,#92100,#92110,#92120,#92130,#92140,#92150,#92160,#92170,#92180,
#92190,#92200,#92210,#92220,#92230,#92240,#92250,#92260,#92270,#92280,
#92290,#92300,#92310,#92320,#92330,#92340,#92350,#92360,#92370,#92380,
#92390,#92400,#92410,#92420,#92430,#92440,#92450,#92460,#92470,#92480,
#92490,#92500,#92510,#92520,#92530,#92540,#92550,#92560,#92570,#92580,
#92590,#92600,#92610,#92620,#92630,#92640,#92650,#92660,#92670,#92680,
#92690,#92700,#92710,#92720,#92730,#92740,#92750,#92760,#92770,#92780,
#92790,#92800,#92810,#92820,#92830,#92840,#92850,#92860),.UNSPECIFIED.,
.F.,.F.,(4,3,3,3,3,3,3,3,3,3,3,3,3,3,3,3,3,3,3,3,3,3,3,3,3,3,3,3,3,3,3,3
,3,3,3,3,3,3,3,3,3,3,3,3,3,3,3,4),(0.,0.211110595727193,
0.422364656064298,0.527955177452303,0.633490706381348,0.738960796523304,
0.844365688224743,0.949716471075052,1.05503491574516,1.16036813789502,
1.26601777719911,1.37187670292923,1.47772080671594,1.58340827738677,
1.68889252100526,1.73953604660551,1.79019941161936,1.89199213926581,
1.99404198033647,2.04502981479255,2.09593965913028,2.29896764616938,
2.34993981588269,2.40100744713525,2.45212454358283,2.50323743235705,
2.55428701341581,2.6052108298593,2.65594524363746,2.70659025350175,
2.90970873223169,3.01149591366426,3.11317592616116,3.21449665158543,
3.31571296588266,3.42102613370575,3.52641578348423,3.63191493732431,
3.73753728367842,3.84327717343978,3.94911028841891,4.05499491847205,
4.16087374677553,4.3723201996358,4.47772634534901,4.58304785694709,
4.79370025538911,5.00438413014591),.UNSPECIFIED.);
#92880=SURFACE_CURVE('',#92870,(#90550,#91440),.CURVE_3D.);
#92890=CARTESIAN_POINT('',(11.7653848101326,23.2173791411309,
5.06134288721023));
#92900=VERTEX_POINT('',#92890);
#92910=CARTESIAN_POINT('',(11.7622529590106,23.5762537093465,
1.15000000041078));
#92920=VERTEX_POINT('',#92910);
#92930=EDGE_CURVE('',#92900,#92920,#92880,.T.);
#92940=ORIENTED_EDGE('',*,*,#92930,.F.);
#92950=CARTESIAN_POINT('',(11.7127389216779,29.2500000270915,
1.15000000040494));
#92960=DIRECTION('',(0.00872653608676351,-0.999961923059037,
1.02933500158259E-12));
#92970=VECTOR('',#92960,1.);
#92980=LINE('',#92950,#92970);
#92990=EDGE_CURVE('',#92920,#91130,#92980,.T.);
#93000=ORIENTED_EDGE('',*,*,#92990,.F.);
#93010=ORIENTED_EDGE('',*,*,#91140,.F.);
#93020=CARTESIAN_POINT('',(11.712738921678,29.2500000270931,
5.06312749334878));
#93030=DIRECTION('',(0.00872653570494981,-0.999961879307525,
-0.000295814728262388));
#93040=VECTOR('',#93030,1.);
#93050=LINE('',#93020,#93040);
#93060=EDGE_CURVE('',#92900,#91030,#93050,.T.);
#93070=ORIENTED_EDGE('',*,*,#93060,.T.);
#93080=EDGE_LOOP('',(#93070,#93010,#93000,#92940));
#93090=FACE_OUTER_BOUND('',#93080,.T.);
#93100=ADVANCED_FACE('',(#93090),#91440,.F.);
#93110=COLOUR_RGB('',0.560784339904785,0.588235318660736,
0.600000023841858);
#93120=FILL_AREA_STYLE_COLOUR('',#93110);
#93130=FILL_AREA_STYLE('',(#93120));
#93140=SURFACE_STYLE_FILL_AREA(#93130);
#93150=SURFACE_SIDE_STYLE('',(#93140));
#93160=SURFACE_STYLE_USAGE(.BOTH.,#93150);
#93170=PRESENTATION_STYLE_ASSIGNMENT((#93160));
#93180=CARTESIAN_POINT('',(12.0999999988618,29.2500000204616,
5.04999999923095));
#93190=DIRECTION('',(0.0338788456038932,4.08342429913366E-11,
0.999425947141932));
#93200=DIRECTION('',(-0.999425947141932,-1.19255555554652E-9,
0.0338788456038932));
#93210=AXIS2_PLACEMENT_3D('',#93180,#93190,#93200);
#93220=PLANE('',#93210);
#93230=CARTESIAN_POINT('',(13.7000000072031,21.6508023948545,
4.99576271122224));
#93240=CARTESIAN_POINT('',(13.6820329775195,21.6518573035949,
4.99637176307476));
#93250=CARTESIAN_POINT('',(13.6641056955323,21.6533910459871,
4.99697946754773));
#93260=CARTESIAN_POINT('',(13.6462546509413,21.6553890829877,
4.99758458770217));
#93270=CARTESIAN_POINT('',(13.6284034987098,21.6573871320364,
4.99818971150544));
#93280=CARTESIAN_POINT('',(13.610629219206,21.6598493083965,
4.99879222945352));
#93290=CARTESIAN_POINT('',(13.5929640760097,21.6627531251551,
4.99939104786574));
#93300=CARTESIAN_POINT('',(13.5752986048079,21.6656569958317,
4.99998987739679));
#93310=CARTESIAN_POINT('',(13.557743476007,21.6690021523589,
5.00058496650746));
#93320=CARTESIAN_POINT('',(13.5403228881943,21.6727606756263,
5.00117549490666));
#93330=CARTESIAN_POINT('',(13.5228977203568,21.6765201870424,
5.00176617856093));
#93340=CARTESIAN_POINT('',(13.5055520370157,21.6807049623869,
5.00235416782436));
#93350=CARTESIAN_POINT('',(13.4882970311109,21.68529412645,
5.0029390832775));
#93360=CARTESIAN_POINT('',(13.4537867026667,21.6944725387889,
5.00410892491716));
#93370=CARTESIAN_POINT('',(13.419641329025,21.7052702737425,
5.00526639520868));
#93380=CARTESIAN_POINT('',(13.3859508840432,21.7174883173694,
5.00640844418852));
#93390=CARTESIAN_POINT('',(13.3522607739906,21.7297062395322,
5.00755048181484));
#93400=CARTESIAN_POINT('',(13.3190289264712,21.7433423393188,
5.00867698511797));
#93410=CARTESIAN_POINT('',(13.2863386416913,21.7581672252565,
5.00978513036211));
#93420=CARTESIAN_POINT('',(13.253648394847,21.7729920939906,
5.0108932743203));
#93430=CARTESIAN_POINT('',(13.2215010362442,21.7890042288555,
5.01198301527927));
#93440=CARTESIAN_POINT('',(13.1899695922229,21.8059595436166,
5.01305187778582));
#93450=CARTESIAN_POINT('',(13.1742038782,21.8144371967019,
5.01358630876833));
#93460=CARTESIAN_POINT('',(13.1585920541627,21.823150471717,
5.01411552314911));
#93470=CARTESIAN_POINT('',(13.143142479778,21.8320684111496,
5.01463923753371));
#93480=CARTESIAN_POINT('',(13.1276983130216,21.8409832291433,
5.01516276860888));
#93490=CARTESIAN_POINT('',(13.1123915682264,21.8501165192889,
5.0156816412971));
#93500=CARTESIAN_POINT('',(13.0972044350329,21.8594569411535,
5.01619645937013));
#93510=CARTESIAN_POINT('',(13.0668320353441,21.8781366368221,
5.01722603223829));
#93520=CARTESIAN_POINT('',(13.0369535717084,21.8976342396356,
5.01823886152682));
#93530=CARTESIAN_POINT('',(13.007522236384,21.9178231262954,
5.01923653390805));
#93540=CARTESIAN_POINT('',(12.9780906942224,21.9380121548385,
5.02023421330071));
#93550=CARTESIAN_POINT('',(12.9491052024359,21.9588934812387,
5.02121677234167));
#93560=CARTESIAN_POINT('',(12.9205252096534,21.9803597240003,
5.02218558565368));
#93570=CARTESIAN_POINT('',(12.8919451452408,22.0018260205628,
5.02315440139383));
#93580=CARTESIAN_POINT('',(12.8637699183115,22.023878017869,
5.02410949382947));
#93590=CARTESIAN_POINT('',(12.8359672771336,22.0464219227417,
5.02505195623963));
#93600=CARTESIAN_POINT('',(12.8081646426633,22.0689658221755,
5.02599441842242));
#93610=CARTESIAN_POINT('',(12.7807342162713,22.0920021926967,
5.02692426338222));
#93620=CARTESIAN_POINT('',(12.7536523956534,22.1154464424476,
5.02784229119714));
#93630=CARTESIAN_POINT('',(12.7265706179301,22.1388906550653,
5.028760317558));
#93640=CARTESIAN_POINT('',(12.6998372493468,22.1627431290764,
5.02966653343955));
#93650=CARTESIAN_POINT('',(12.6734367131164,22.1869254305424,
5.03056146686847));
#93660=CARTESIAN_POINT('',(12.647036227006,22.2111076860995,
5.0314563985984));
#93670=CARTESIAN_POINT('',(12.6209684879177,22.2356200129683,
5.0323400507492));
#93680=CARTESIAN_POINT('',(12.5952248166419,22.2603882617229,
5.0332127175695));
#93690=CARTESIAN_POINT('',(12.5694759294292,22.2851615287836,
5.03408556120122));
#93700=CARTESIAN_POINT('',(12.5440811556645,22.3101605221596,
5.0349464009924));
#93710=CARTESIAN_POINT('',(12.5189195974973,22.3354338084323,
5.03579933516497));
#93720=CARTESIAN_POINT('',(12.4937614029405,22.3607037161587,
5.03665215531684));
#93730=CARTESIAN_POINT('',(12.4688583136176,22.3862272245511,
5.03749632784761));
#93740=CARTESIAN_POINT('',(12.4441839419345,22.4119732877826,
5.03833274722412));
#93750=CARTESIAN_POINT('',(12.4195095361615,22.4377193865845,
5.03916916775621));
#93760=CARTESIAN_POINT('',(12.3950637841129,22.4636882215547,
5.03999783731461));
#93770=CARTESIAN_POINT('',(12.3708237642481,22.4898537678846,
5.04081953290067));
#93780=CARTESIAN_POINT('',(12.3465837250556,22.5160193350774,
5.04164122914192));
#93790=CARTESIAN_POINT('',(12.3225493780925,22.542381751075,
5.04245595276521));
#93800=CARTESIAN_POINT('',(12.298700924915,22.5689188242245,
5.04326437490426));
#93810=B_SPLINE_CURVE_WITH_KNOTS('',3,(#93230,#93240,#93250,#93260,
#93270,#93280,#93290,#93300,#93310,#93320,#93330,#93340,#93350,#93360,
#93370,#93380,#93390,#93400,#93410,#93420,#93430,#93440,#93450,#93460,
#93470,#93480,#93490,#93500,#93510,#93520,#93530,#93540,#93550,#93560,
#93570,#93580,#93590,#93600,#93610,#93620,#93630,#93640,#93650,#93660,
#93670,#93680,#93690,#93700,#93710,#93720,#93730,#93740,#93750,#93760,
#93770,#93780,#93790,#93800),.UNSPECIFIED.,.F.,.F.,(4,3,3,3,3,3,3,3,3,3,
3,3,3,3,3,3,3,3,3,4),(0.,0.0539777434147511,0.107810972470964,
0.161430166909235,0.214978507965488,0.322359427383086,0.430037765749833,
0.537676891731365,0.591316324459553,0.644823762017307,0.751880395467837,
0.859070747653086,0.966419698388132,1.07388554340972,1.18136555266259,
1.288703777498,1.39576195607573,1.50276884412741,1.60979006888746,
1.71683764201182),.UNSPECIFIED.);
#93820=SURFACE_CURVE('',#93810,(#90550,#93220),.CURVE_3D.);
#93830=CARTESIAN_POINT('',(13.7000000071772,21.6508023943605,
4.99576271122312));
#93840=VERTEX_POINT('',#93830);
#93850=CARTESIAN_POINT('',(12.298700924915,22.5689188242245,
5.04326437490426));
#93860=VERTEX_POINT('',#93850);
#93870=EDGE_CURVE('',#93840,#93860,#93820,.T.);
#93880=ORIENTED_EDGE('',*,*,#93870,.T.);
#93890=CARTESIAN_POINT('',(13.7000000047263,23.6500000225864,
6.15000000004088));
#93900=DIRECTION('',(-1.06172220489348E-9,0.866025403784765,
0.499999999999435));
#93910=VECTOR('',#93900,5.80000000000339);
#93920=LINE('',#93890,#93910);
#93930=EDGE_CURVE('',#93840,#90720,#93920,.T.);
#93940=ORIENTED_EDGE('',*,*,#93930,.F.);
#93950=ORIENTED_EDGE('',*,*,#90730,.T.);
#93960=ORIENTED_EDGE('',*,*,#18740,.F.);
#93970=CARTESIAN_POINT('',(13.7000000051007,23.6500000226009,
3.24999999999145));
#93980=DIRECTION('',(-8.94973413591474E-10,1.,-4.48391393689947E-13));
#93990=DIRECTION('',(-1.,-8.94973413591474E-10,6.40101000391073E-14));
#94000=AXIS2_PLACEMENT_3D('',#93970,#93980,#93990);
#94010=CIRCLE('',#94000,2.90000000008384);
#94020=CARTESIAN_POINT('',(13.700000005071,23.650000022536,
0.350000000035987));
#94030=VERTEX_POINT('',#94020);
#94040=EDGE_CURVE('',#94030,#18730,#94010,.T.);
#94050=ORIENTED_EDGE('',*,*,#94040,.T.);
#94060=CARTESIAN_POINT('',(13.700000005071,23.6500000225809,
0.350000000010083));
#94070=DIRECTION('',(-1.00249985943396E-9,0.866025403784194,
-0.500000000000423));
#94080=VECTOR('',#94070,5.80000000000154);
#94090=LINE('',#94060,#94080);
#94100=CARTESIAN_POINT('',(13.7000000066757,22.264359375931,
1.15000000053154));
#94110=VERTEX_POINT('',#94100);
#94120=EDGE_CURVE('',#94110,#94030,#94090,.T.);
#94130=ORIENTED_EDGE('',*,*,#94120,.T.);
#94140=CARTESIAN_POINT('',(4.67023359418209,20.1000000122382,
1.14999999997283));
#94150=DIRECTION('',(-6.19911120591368E-11,4.88386452533153E-13,1.));
#94160=DIRECTION('',(1.,1.20654933250024E-9,6.19911120585476E-11));
#94170=AXIS2_PLACEMENT_3D('',#94140,#94150,#94160);
#94180=PLANE('',#94170);
#94190=CARTESIAN_POINT('',(13.7000000066742,22.264359375931,
1.15000000053154));
#94200=CARTESIAN_POINT('',(13.6719864247849,22.2643593759073,
1.1500000005298));
#94210=CARTESIAN_POINT('',(13.643916367054,22.2653322018958,
1.15000000052808));
#94220=CARTESIAN_POINT('',(13.6158567255306,22.2672779855318,
1.15000000052634));
#94230=CARTESIAN_POINT('',(13.5877975231994,22.2692237387122,
1.1500000005246));
#94240=CARTESIAN_POINT('',(13.5597514470552,22.2721424523187,
1.15000000052341));
#94250=CARTESIAN_POINT('',(13.5317962942829,22.2760083478316,
1.15000000052167));
#94260=CARTESIAN_POINT('',(13.5038413378686,22.2798742161903,
1.15000000051994));
#94270=CARTESIAN_POINT('',(13.4759798281214,22.2846868412804,
1.15000000052073));
#94280=CARTESIAN_POINT('',(13.4482908511152,22.2903943915492,
1.15000000051901));
#94290=CARTESIAN_POINT('',(13.4206018823462,22.29610194012,
1.15000000051729));
#94300=CARTESIAN_POINT('',(13.3930874763425,22.3027037250094,
1.15000000051727));
#94310=CARTESIAN_POINT('',(13.3658209953148,22.3101256948734,
1.15000000051557));
#94320=CARTESIAN_POINT('',(13.3385543815008,22.317547700882,
1.15000000051388));
#94330=CARTESIAN_POINT('',(13.3115371154144,22.3257891299915,
1.15000000050885));
#94340=CARTESIAN_POINT('',(13.2848325742076,22.3347597866177,
1.15000000050719));
#94350=CARTESIAN_POINT('',(13.2581276817965,22.3437305612212,
1.15000000050553));
#94360=CARTESIAN_POINT('',(13.2317368637356,22.3534296889594,
1.15000000050247));
#94370=CARTESIAN_POINT('',(13.2057101234758,22.3637581089637,
1.15000000050085));
#94380=CARTESIAN_POINT('',(13.153645451582,22.3844193901436,
1.15000000049761));
#94390=CARTESIAN_POINT('',(13.1026099067716,22.4077630128295,
1.15000000049444));
#94400=CARTESIAN_POINT('',(13.0525912161938,22.4332863067688,
1.15000000049132));
#94410=CARTESIAN_POINT('',(13.0025722332933,22.458809749873,
1.15000000048821));
#94420=CARTESIAN_POINT('',(12.953566002773,22.4865143848237,
1.15000000048516));
#94430=CARTESIAN_POINT('',(12.9055665617296,22.5159308587692,
1.15000000048217));
#94440=CARTESIAN_POINT('',(12.857567105952,22.5453473417446,
1.15000000047918));
#94450=CARTESIAN_POINT('',(12.8105714652417,22.5764776307892,
1.15000000047625));
#94460=CARTESIAN_POINT('',(12.764593526354,22.6088808835257,
1.15000000047338));
#94470=CARTESIAN_POINT('',(12.7416044637548,22.6250825755459,
1.15000000047195));
#94480=CARTESIAN_POINT('',(12.7188699521694,22.6416030657686,
1.15000000047185));
#94490=CARTESIAN_POINT('',(12.6963938554366,22.6583894200226,
1.15000000047045));
#94500=CARTESIAN_POINT('',(12.6739153672759,22.6751775603232,
1.15000000046905));
#94510=CARTESIAN_POINT('',(12.6517145874194,22.6922159926057,
1.15000000048092));
#94520=CARTESIAN_POINT('',(12.6296993969492,22.7095311153388,
1.15000000047955));
#94530=CARTESIAN_POINT('',(12.6076884745622,22.7268428811904,
1.15000000047817));
#94540=CARTESIAN_POINT('',(12.5858850768707,22.7444149584545,
1.15000000046224));
#94550=CARTESIAN_POINT('',(12.5642735761802,22.7622217894366,
1.15000000046089));
#94560=CARTESIAN_POINT('',(12.5426620402869,22.7800286494241,
1.15000000045954));
#94570=CARTESIAN_POINT('',(12.52124232903,22.798070360111,
1.15000000045821));
#94580=CARTESIAN_POINT('',(12.5000000073641,22.8163246910649,
1.15000000045688));
#94590=B_SPLINE_CURVE_WITH_KNOTS('',3,(#94190,#94200,#94210,#94220,
#94230,#94240,#94250,#94260,#94270,#94280,#94290,#94300,#94310,#94320,
#94330,#94340,#94350,#94360,#94370,#94380,#94390,#94400,#94410,#94420,
#94430,#94440,#94450,#94460,#94470,#94480,#94490,#94500,#94510,#94520,
#94530,#94540,#94550,#94560,#94570,#94580),.UNSPECIFIED.,.F.,.F.,(4,3,3,
3,3,3,3,3,3,3,3,3,3,4),(0.,0.0842107013058153,0.168739649436048,
0.253490541214792,0.338301749254774,0.422965755933266,0.507244884977548,
0.675472192924764,0.8441754549291,1.01306259956818,1.09734035639712,
1.18138790827982,1.26539474506042,1.34940943424407),.UNSPECIFIED.);
#94600=SURFACE_CURVE('',#94590,(#94180,#90550),.CURVE_3D.);
#94610=CARTESIAN_POINT('',(12.5000000073641,22.8163246910649,
1.15000000045688));
#94620=VERTEX_POINT('',#94610);
#94630=EDGE_CURVE('',#94110,#94620,#94600,.T.);
#94640=ORIENTED_EDGE('',*,*,#94630,.F.);
#94650=CARTESIAN_POINT('',(12.500000007364,22.8163246910649,
1.15000000045688));
#94660=CARTESIAN_POINT('',(12.4665405764958,22.8450776463305,
1.15000000045479));
#94670=CARTESIAN_POINT('',(12.433502546,22.8743734013051,
1.15000000045273));
#94680=CARTESIAN_POINT('',(12.4008437003439,22.9041336133524,
1.15000000045069));
#94690=CARTESIAN_POINT('',(12.3681848620311,22.933893818708,
1.15000000044865));
#94700=CARTESIAN_POINT('',(12.3359049524616,22.9641189977078,
1.15000000044664));
#94710=CARTESIAN_POINT('',(12.3039710489142,22.994739772285,
1.15000000044464));
#94720=CARTESIAN_POINT('',(12.2720371860186,23.025360507882,
1.15000000044265));
#94730=CARTESIAN_POINT('',(12.2404491985915,23.0563771916336,
1.15000000044067));
#94740=CARTESIAN_POINT('',(12.2091825530971,23.0877263982502,
1.15000000043872));
#94750=CARTESIAN_POINT('',(12.1779159591968,23.1190755531366,
1.15000000043677));
#94760=CARTESIAN_POINT('',(12.1469706539092,23.1507574624703,
1.15000000043483));
#94770=CARTESIAN_POINT('',(12.1163293432482,23.1827127078181,
1.15000000043292));
#94780=CARTESIAN_POINT('',(12.0856880800933,23.2146679036227,
1.150000000431));
#94790=CARTESIAN_POINT('',(12.0553508053727,23.2468965789229,
1.15000000042911));
#94800=CARTESIAN_POINT('',(12.0253062241379,23.2793421993183,
1.15000000042723));
#94810=CARTESIAN_POINT('',(11.9952616761351,23.311787783826,
1.15000000042535));
#94820=CARTESIAN_POINT('',(11.9655098444999,23.3444503925372,
1.15000000042349));
#94830=CARTESIAN_POINT('',(11.9360441787774,23.377275881199,
1.15000000042165));
#94840=CARTESIAN_POINT('',(11.9065710596169,23.410109673177,
1.1500000004198));
#94850=CARTESIAN_POINT('',(11.8774198601157,23.4430656091226,
1.15000000041897));
#94860=CARTESIAN_POINT('',(11.8484700662095,23.4762267675268,
1.15000000041716));
#94870=CARTESIAN_POINT('',(11.8195210778912,23.5093870031533,
1.15000000041535));
#94880=CARTESIAN_POINT('',(11.7907888065151,23.5427360241201,
1.15000000041256));
#94890=CARTESIAN_POINT('',(11.7622529589473,23.5762537094209,
1.15000000041078));
#94900=B_SPLINE_CURVE_WITH_KNOTS('',3,(#94650,#94660,#94670,#94680,
#94690,#94700,#94710,#94720,#94730,#94740,#94750,#94760,#94770,#94780,
#94790,#94800,#94810,#94820,#94830,#94840,#94850,#94860,#94870,#94880,
#94890),.UNSPECIFIED.,.F.,.F.,(4,3,3,3,3,3,3,3,4),(0.,0.132452324565087,
0.265097466876997,0.397883394946042,0.530716698079944,0.66346801557206,
0.795978654733822,0.928117902515117,1.0601747180516),.UNSPECIFIED.);
#94910=SURFACE_CURVE('',#94900,(#90550,#94180),.CURVE_3D.);
#94920=EDGE_CURVE('',#94620,#92920,#94910,.T.);
#94930=ORIENTED_EDGE('',*,*,#94920,.F.);
#94940=ORIENTED_EDGE('',*,*,#92930,.T.);
#94950=CARTESIAN_POINT('',(12.2987009240884,22.5689188251443,
5.04326437493228));
#94960=CARTESIAN_POINT('',(12.2753266342711,22.5949282788512,
5.04405672373714));
#94970=CARTESIAN_POINT('',(12.2521309058478,22.6211056199999,
5.04484301961339));
#94980=CARTESIAN_POINT('',(12.2290977014273,22.6474326779315,
5.04562380620141));
#94990=CARTESIAN_POINT('',(12.2060644951136,22.6737597380271,
5.04640459285361));
#95000=CARTESIAN_POINT('',(12.1831938009222,22.7002365861797,
5.04717987062031));
#95010=CARTESIAN_POINT('',(12.1604718762783,22.7268471050831,
5.04795010535151));
#95020=CARTESIAN_POINT('',(12.1150281486954,22.7800680003566,
5.04949057068831));
#95030=CARTESIAN_POINT('',(12.0701774187872,22.8338228660272,
5.05101093440903));
#95040=CARTESIAN_POINT('',(12.0258336205979,22.8879998335885,
5.05251411400371));
#95050=CARTESIAN_POINT('',(11.9814898802895,22.9421767304339,
5.05401729163632));
#95060=CARTESIAN_POINT('',(11.9376531254356,22.9967767014807,
5.05550328332134));
#95070=CARTESIAN_POINT('',(11.8942621825817,23.0517034148702,
5.05697416273518));
#95080=CARTESIAN_POINT('',(11.8508712981603,23.1066300542927,
5.05844504016826));
#95090=CARTESIAN_POINT('',(11.8079263934873,23.1618839323559,
5.05990079964345));
#95100=CARTESIAN_POINT('',(11.7653848101655,23.2173791410863,
5.06134288720878));
#95110=B_SPLINE_CURVE_WITH_KNOTS('',3,(#94950,#94960,#94970,#94980,
#94990,#95000,#95010,#95020,#95030,#95040,#95050,#95060,#95070,#95080,
#95090,#95100),.UNSPECIFIED.,.F.,.F.,(4,3,3,3,3,4),(0.,0.104951243529448
,0.209935526728247,0.419983344025476,0.630056905421795,0.840003777931456
),.UNSPECIFIED.);
#95120=SURFACE_CURVE('',#95110,(#90550,#93220),.CURVE_3D.);
#95130=EDGE_CURVE('',#93860,#92900,#95120,.T.);
#95140=ORIENTED_EDGE('',*,*,#95130,.T.);
#95150=EDGE_LOOP('',(#95140,#94940,#94930,#94640,#94130,#94050,#93960,
#93950,#93940,#93880));
#95160=FACE_OUTER_BOUND('',#95150,.T.);
#95170=ADVANCED_FACE('',(#95160),#90550,.F.);
#95180=COLOUR_RGB('',0.560784339904785,0.588235318660736,
0.600000023841858);
#95190=FILL_AREA_STYLE_COLOUR('',#95180);
#95200=FILL_AREA_STYLE('',(#95190));
#95210=SURFACE_STYLE_FILL_AREA(#95200);
#95220=SURFACE_SIDE_STYLE('',(#95210));
#95230=SURFACE_STYLE_USAGE(.BOTH.,#95220);
#95240=PRESENTATION_STYLE_ASSIGNMENT((#95230));
#95250=CARTESIAN_POINT('',(13.7000000047114,23.6500000223721,
6.14999999988946));
#95260=DIRECTION('',(-5.43002848271454E-10,0.499999999999577,
-0.866025403784683));
#95270=DIRECTION('',(-1.06449072863181E-9,0.866025403784683,
0.499999999999577));
#95280=AXIS2_PLACEMENT_3D('',#95250,#95260,#95270);
#95290=PLANE('',#95280);
#95300=CARTESIAN_POINT('',(20.4331615062577,29.2500000322972,
9.38316150885623));
#95310=DIRECTION('',(0.447213594547848,0.774596669775396,
0.447213595527303));
#95320=VECTOR('',#95310,1.);
#95330=LINE('',#95300,#95320);
#95340=CARTESIAN_POINT('',(15.9688524657162,21.5175899315983,
4.91885245853733));
#95350=VERTEX_POINT('',#95340);
#95360=EDGE_CURVE('',#95350,#89080,#95330,.T.);
#95370=ORIENTED_EDGE('',*,*,#95360,.F.);
#95380=ORIENTED_EDGE('',*,*,#89090,.T.);
#95390=ORIENTED_EDGE('',*,*,#90790,.T.);
#95400=ORIENTED_EDGE('',*,*,#93930,.T.);
#95410=CARTESIAN_POINT('',(12.5749032761234,21.7168608575235,
5.03390158338981));
#95420=DIRECTION('',(-0.997709702189667,0.0585791139035123,
0.0338206678066141));
#95430=VECTOR('',#95420,1.);
#95440=LINE('',#95410,#95430);
#95450=EDGE_CURVE('',#95350,#93840,#95440,.T.);
#95460=ORIENTED_EDGE('',*,*,#95450,.T.);
#95470=EDGE_LOOP('',(#95460,#95400,#95390,#95380,#95370));
#95480=FACE_OUTER_BOUND('',#95470,.T.);
#95490=ADVANCED_FACE('',(#95480),#95290,.T.);
#95500=COLOUR_RGB('',0.560784339904785,0.588235318660736,
0.600000023841858);
#95510=FILL_AREA_STYLE_COLOUR('',#95500);
#95520=FILL_AREA_STYLE('',(#95510));
#95530=SURFACE_STYLE_FILL_AREA(#95520);
#95540=SURFACE_SIDE_STYLE('',(#95530));
#95550=SURFACE_STYLE_USAGE(.BOTH.,#95540);
#95560=PRESENTATION_STYLE_ASSIGNMENT((#95550));
#95570=CARTESIAN_POINT('',(15.6500000084215,20.9653212737436,
3.25000000013305));
#95580=DIRECTION('',(-0.866025404381127,0.499999998966505,
-5.39300711148116E-11));
#95590=DIRECTION('',(0.499999998966505,0.866025404381128,
3.05726008904516E-11));
#95600=AXIS2_PLACEMENT_3D('',#95570,#95580,#95590);
#95610=PLANE('',#95600);
#95620=ORIENTED_EDGE('',*,*,#95360,.T.);
#95630=CARTESIAN_POINT('',(20.4331615065441,29.2500000322953,
4.76751994863949));
#95640=DIRECTION('',(-0.499928195994691,-0.86590103798364,
0.0169467185126925));
#95650=VECTOR('',#95640,1.);
#95660=LINE('',#95630,#95650);
#95670=CARTESIAN_POINT('',(15.6500000083057,20.9653212737243,
4.92966101641846));
#95680=VERTEX_POINT('',#95670);
#95690=EDGE_CURVE('',#95350,#95680,#95660,.T.);
#95700=ORIENTED_EDGE('',*,*,#95690,.F.);
#95710=CARTESIAN_POINT('',(15.6500000086114,20.9653212737415,
0.180687249070615));
#95720=DIRECTION('',(-6.43642163360197E-11,-3.62195073801504E-12,1.));
#95730=VECTOR('',#95720,1.);
#95740=LINE('',#95710,#95730);
#95750=CARTESIAN_POINT('',(15.650000008549,20.9653212737379,
1.15000000065306));
#95760=VERTEX_POINT('',#95750);
#95770=EDGE_CURVE('',#95760,#95680,#95740,.T.);
#95780=ORIENTED_EDGE('',*,*,#95770,.T.);
#95790=CARTESIAN_POINT('',(9.2325663065409,9.85000001702142,
1.14999999974072));
#95800=DIRECTION('',(0.499999998966505,0.866025404381127,
3.05726254620171E-11));
#95810=VECTOR('',#95800,1.);
#95820=LINE('',#95790,#95810);
#95830=EDGE_CURVE('',#95760,#89170,#95820,.T.);
#95840=ORIENTED_EDGE('',*,*,#95830,.F.);
#95850=ORIENTED_EDGE('',*,*,#89180,.T.);
#95860=EDGE_LOOP('',(#95850,#95840,#95780,#95700,#95620));
#95870=FACE_OUTER_BOUND('',#95860,.T.);
#95880=ADVANCED_FACE('',(#95870),#95610,.T.);
#95890=COLOUR_RGB('',0.560784339904785,0.588235318660736,
0.600000023841858);
#95900=FILL_AREA_STYLE_COLOUR('',#95890);
#95910=FILL_AREA_STYLE('',(#95900));
#95920=SURFACE_STYLE_FILL_AREA(#95910);
#95930=SURFACE_SIDE_STYLE('',(#95920));
#95940=SURFACE_STYLE_USAGE(.BOTH.,#95930);
#95950=PRESENTATION_STYLE_ASSIGNMENT((#95940));
#95960=CARTESIAN_POINT('',(15.250000009765,17.8000000295995,
-0.276823648669659));
#95970=DIRECTION('',(1.,1.20655015235724E-9,6.19911120585475E-11));
#95980=DIRECTION('',(1.20655015235721E-9,-1.,4.88386527328538E-13));
#95990=AXIS2_PLACEMENT_3D('',#95960,#95970,#95980);
#96000=PLANE('',#95990);
#96010=ORIENTED_EDGE('',*,*,#91280,.T.);
#96020=CARTESIAN_POINT('',(15.2499999958615,29.2500000292017,
1.15000000062421));
#96030=DIRECTION('',(1.20655015235721E-9,-1.,4.8838652732856E-13));
#96040=VECTOR('',#96030,1.);
#96050=LINE('',#96020,#96040);
#96060=CARTESIAN_POINT('',(15.2500000096765,17.8000000296002,
1.15000000062981));
#96070=VERTEX_POINT('',#96060);
#96080=EDGE_CURVE('',#96070,#91210,#96050,.T.);
#96090=ORIENTED_EDGE('',*,*,#96080,.T.);
#96100=CARTESIAN_POINT('',(15.250000009765,17.8000000295995,
-0.276823648669659));
#96110=DIRECTION('',(-6.19911120591368E-11,4.88386452533153E-13,1.));
#96120=VECTOR('',#96110,1.);
#96130=LINE('',#96100,#96120);
#96140=CARTESIAN_POINT('',(15.2500000094414,17.800000029602,
4.9432203385184));
#96150=VERTEX_POINT('',#96140);
#96160=EDGE_CURVE('',#96070,#96150,#96130,.T.);
#96170=ORIENTED_EDGE('',*,*,#96160,.F.);
#96180=CARTESIAN_POINT('',(15.2499999956264,29.2500000292033,
4.94322033851889));
#96190=DIRECTION('',(1.20655015235725E-9,-1.,-4.23076205388752E-14));
#96200=VECTOR('',#96190,1.);
#96210=LINE('',#96180,#96200);
#96220=EDGE_CURVE('',#96150,#91050,#96210,.T.);
#96230=ORIENTED_EDGE('',*,*,#96220,.F.);
#96240=EDGE_LOOP('',(#96230,#96170,#96090,#96010));
#96250=FACE_OUTER_BOUND('',#96240,.T.);
#96260=ADVANCED_FACE('',(#96250),#96000,.F.);
#96270=COLOUR_RGB('',0.823529481887817,0.823529481887817,
0.784313797950745);
#96280=FILL_AREA_STYLE_COLOUR('',#96270);
#96290=FILL_AREA_STYLE('',(#96280));
#96300=SURFACE_STYLE_FILL_AREA(#96290);
#96310=SURFACE_SIDE_STYLE('',(#96300));
#96320=SURFACE_STYLE_USAGE(.BOTH.,#96310);
#96330=PRESENTATION_STYLE_ASSIGNMENT((#96320));
#96340=ORIENTED_EDGE('',*,*,#91060,.F.);
#96350=ORIENTED_EDGE('',*,*,#96220,.T.);
#96360=CARTESIAN_POINT('',(18.2753294985848,29.250000031008,
4.8406667962332));
#96370=DIRECTION('',(-0.255444783550967,-0.966784868396535,
0.00865914522878807));
#96380=VECTOR('',#96370,1.);
#96390=LINE('',#96360,#96380);
#96400=CARTESIAN_POINT('',(15.5000000145324,18.7461779810997,
4.93474576205147));
#96410=VERTEX_POINT('',#96400);
#96420=EDGE_CURVE('',#96410,#96150,#96390,.T.);
#96430=ORIENTED_EDGE('',*,*,#96420,.T.);
#96440=CARTESIAN_POINT('',(15.4999999441736,29.2500000293524,
4.93474576400735));
#96450=DIRECTION('',(6.69839727408204E-9,-1.,-1.86206616491215E-10));
#96460=VECTOR('',#96450,1.);
#96470=LINE('',#96440,#96460);
#96480=CARTESIAN_POINT('',(15.5000000096143,19.4803847928341,
4.93474576218819));
#96490=VERTEX_POINT('',#96480);
#96500=EDGE_CURVE('',#96490,#96410,#96470,.T.);
#96510=ORIENTED_EDGE('',*,*,#96500,.T.);
#96520=CARTESIAN_POINT('',(21.1404901850919,29.2500000327173,
4.74354270534272));
#96530=DIRECTION('',(-0.499928209444182,-0.86590103020965,
0.0169467189686075));
#96540=VECTOR('',#96530,1.);
#96550=LINE('',#96520,#96540);
#96560=CARTESIAN_POINT('',(15.6500000097929,19.740192405672,
4.9296610164181));
#96570=VERTEX_POINT('',#96560);
#96580=EDGE_CURVE('',#96570,#96490,#96550,.T.);
#96590=ORIENTED_EDGE('',*,*,#96580,.T.);
#96600=CARTESIAN_POINT('',(15.6499999983098,29.2500000294419,
4.92966101641881));
#96610=DIRECTION('',(-1.20654933250024E-9,1.,4.22798287761034E-14));
#96620=VECTOR('',#96610,1.);
#96630=LINE('',#96600,#96620);
#96640=EDGE_CURVE('',#96570,#95680,#96630,.T.);
#96650=ORIENTED_EDGE('',*,*,#96640,.F.);
#96660=ORIENTED_EDGE('',*,*,#95690,.T.);
#96670=ORIENTED_EDGE('',*,*,#95450,.F.);
#96680=ORIENTED_EDGE('',*,*,#93870,.F.);
#96690=ORIENTED_EDGE('',*,*,#95130,.F.);
#96700=ORIENTED_EDGE('',*,*,#93060,.F.);
#96710=EDGE_LOOP('',(#96700,#96690,#96680,#96670,#96660,#96650,#96590,
#96510,#96430,#96350,#96340));
#96720=FACE_OUTER_BOUND('',#96710,.T.);
#96730=ADVANCED_FACE('',(#96720),#93220,.F.);
#96740=COLOUR_RGB('',0.560784339904785,0.588235318660736,
0.600000023841858);
#96750=FILL_AREA_STYLE_COLOUR('',#96740);
#96760=FILL_AREA_STYLE('',(#96750));
#96770=SURFACE_STYLE_FILL_AREA(#96760);
#96780=SURFACE_SIDE_STYLE('',(#96770));
#96790=SURFACE_STYLE_USAGE(.BOTH.,#96780);
#96800=PRESENTATION_STYLE_ASSIGNMENT((#96790));
#96810=CARTESIAN_POINT('',(15.6500000080596,21.3210144991482,
2.08610528550022));
#96820=DIRECTION('',(1.,1.20654933250024E-9,6.43642163403897E-11));
#96830=DIRECTION('',(-1.20654933250022E-9,1.,-4.08396437838678E-13));
#96840=AXIS2_PLACEMENT_3D('',#96810,#96820,#96830);
#96850=PLANE('',#96840);
#96860=CARTESIAN_POINT('',(15.6500000100896,19.7401924056736,
0.180687249071115));
#96870=DIRECTION('',(-6.43642163360197E-11,-3.62195059053299E-12,1.));
#96880=VECTOR('',#96870,1.);
#96890=LINE('',#96860,#96880);
#96900=CARTESIAN_POINT('',(15.6500000100272,19.7401924056701,
1.15000000065366));
#96910=VERTEX_POINT('',#96900);
#96920=EDGE_CURVE('',#96910,#96570,#96890,.T.);
#96930=ORIENTED_EDGE('',*,*,#96920,.T.);
#96940=CARTESIAN_POINT('',(15.6499999985531,29.2500000294404,
1.15000000064901));
#96950=DIRECTION('',(1.20654933250021E-9,-1.,4.88386527328457E-13));
#96960=VECTOR('',#96950,1.);
#96970=LINE('',#96940,#96960);
#96980=EDGE_CURVE('',#95760,#96910,#96970,.T.);
#96990=ORIENTED_EDGE('',*,*,#96980,.T.);
#97000=ORIENTED_EDGE('',*,*,#95770,.F.);
#97010=ORIENTED_EDGE('',*,*,#96640,.T.);
#97020=EDGE_LOOP('',(#97010,#97000,#96990,#96930));
#97030=FACE_OUTER_BOUND('',#97020,.T.);
#97040=ADVANCED_FACE('',(#97030),#96850,.F.);
#97050=COLOUR_RGB('',0.560784339904785,0.588235318660736,
0.600000023841858);
#97060=FILL_AREA_STYLE_COLOUR('',#97050);
#97070=FILL_AREA_STYLE('',(#97060));
#97080=SURFACE_STYLE_FILL_AREA(#97070);
#97090=SURFACE_SIDE_STYLE('',(#97080));
#97100=SURFACE_STYLE_USAGE(.BOTH.,#97090);
#97110=PRESENTATION_STYLE_ASSIGNMENT((#97100));
#97120=CARTESIAN_POINT('',(15.6500000101156,19.7401924056694,
-0.276823648645809));
#97130=DIRECTION('',(0.866025396612714,-0.500000012421792,
5.39300706398103E-11));
#97140=DIRECTION('',(-0.500000012421792,-0.866025396612714,
-3.05726017283538E-11));
#97150=AXIS2_PLACEMENT_3D('',#97120,#97130,#97140);
#97160=PLANE('',#97150);
#97170=ORIENTED_EDGE('',*,*,#96920,.F.);
#97180=ORIENTED_EDGE('',*,*,#96580,.F.);
#97190=CARTESIAN_POINT('',(15.5000000099374,19.4803847928315,
-0.276823648654982));
#97200=DIRECTION('',(-6.19911120591368E-11,4.88386452533153E-13,1.));
#97210=VECTOR('',#97200,1.);
#97220=LINE('',#97190,#97210);
#97230=CARTESIAN_POINT('',(15.500000009849,19.4803847928322,
1.15000000064448));
#97240=VERTEX_POINT('',#97230);
#97250=EDGE_CURVE('',#97240,#96490,#97220,.T.);
#97260=ORIENTED_EDGE('',*,*,#97250,.T.);
#97270=CARTESIAN_POINT('',(21.1404901853148,29.2500000327158,
1.15000000098937));
#97280=DIRECTION('',(-0.500000012421792,-0.866025396612714,
-3.05726328299084E-11));
#97290=VECTOR('',#97280,1.);
#97300=LINE('',#97270,#97290);
#97310=EDGE_CURVE('',#96910,#97240,#97300,.T.);
#97320=ORIENTED_EDGE('',*,*,#97310,.T.);
#97330=EDGE_LOOP('',(#97320,#97260,#97180,#97170));
#97340=FACE_OUTER_BOUND('',#97330,.T.);
#97350=ADVANCED_FACE('',(#97340),#97160,.F.);
#97360=COLOUR_RGB('',0.823529481887817,0.823529481887817,
0.784313797950745);
#97370=FILL_AREA_STYLE_COLOUR('',#97360);
#97380=FILL_AREA_STYLE('',(#97370));
#97390=SURFACE_STYLE_FILL_AREA(#97380);
#97400=SURFACE_SIDE_STYLE('',(#97390));
#97410=SURFACE_STYLE_USAGE(.BOTH.,#97400);
#97420=PRESENTATION_STYLE_ASSIGNMENT((#97410));
#97430=CARTESIAN_POINT('',(15.5000000099374,19.4803847928315,
-0.276823648654982));
#97440=DIRECTION('',(1.,6.69839727407049E-9,6.19911120558654E-11));
#97450=DIRECTION('',(6.69839727407046E-9,-1.,4.88386867774249E-13));
#97460=AXIS2_PLACEMENT_3D('',#97430,#97440,#97450);
#97470=PLANE('',#97460);
#97480=ORIENTED_EDGE('',*,*,#97250,.F.);
#97490=ORIENTED_EDGE('',*,*,#96500,.F.);
#97500=CARTESIAN_POINT('',(15.5000000148554,18.7461779810972,
-0.276823648654623));
#97510=DIRECTION('',(-6.19911120591368E-11,4.88386452533153E-13,1.));
#97520=VECTOR('',#97510,1.);
#97530=LINE('',#97500,#97520);
#97540=CARTESIAN_POINT('',(15.500000014767,18.7461779810979,
1.15000000064484));
#97550=VERTEX_POINT('',#97540);
#97560=EDGE_CURVE('',#97550,#96410,#97530,.T.);
#97570=ORIENTED_EDGE('',*,*,#97560,.T.);
#97580=CARTESIAN_POINT('',(15.4999999444082,29.2500000293509,
1.15000000063971));
#97590=DIRECTION('',(6.69839727407046E-9,-1.,4.88386867773884E-13));
#97600=VECTOR('',#97590,1.);
#97610=LINE('',#97580,#97600);
#97620=EDGE_CURVE('',#97240,#97550,#97610,.T.);
#97630=ORIENTED_EDGE('',*,*,#97620,.T.);
#97640=EDGE_LOOP('',(#97630,#97570,#97490,#97480));
#97650=FACE_OUTER_BOUND('',#97640,.T.);
#97660=ADVANCED_FACE('',(#97650),#97470,.F.);
#97670=COLOUR_RGB('',0.823529481887817,0.823529481887817,
0.784313797950745);
#97680=FILL_AREA_STYLE_COLOUR('',#97670);
#97690=FILL_AREA_STYLE('',(#97680));
#97700=SURFACE_STYLE_FILL_AREA(#97690);
#97710=SURFACE_SIDE_STYLE('',(#97700));
#97720=SURFACE_STYLE_USAGE(.BOTH.,#97710);
#97730=PRESENTATION_STYLE_ASSIGNMENT((#97720));
#97740=CARTESIAN_POINT('',(15.5000000148554,18.7461779810972,
-0.276823648654623));
#97750=DIRECTION('',(0.966821115584605,-0.255454360815665,
6.00590765664078E-11));
#97760=DIRECTION('',(-0.255454360815665,-0.966821115584605,
-1.53637175724446E-11));
#97770=AXIS2_PLACEMENT_3D('',#97740,#97750,#97760);
#97780=PLANE('',#97770);
#97790=ORIENTED_EDGE('',*,*,#97560,.F.);
#97800=ORIENTED_EDGE('',*,*,#96420,.F.);
#97810=ORIENTED_EDGE('',*,*,#96160,.T.);
#97820=CARTESIAN_POINT('',(18.2753294988137,29.2500000310065,
1.15000000081176));
#97830=DIRECTION('',(-0.255454360815665,-0.966821115584605,
-1.53637117601513E-11));
#97840=VECTOR('',#97830,1.);
#97850=LINE('',#97820,#97840);
#97860=EDGE_CURVE('',#97550,#96070,#97850,.T.);
#97870=ORIENTED_EDGE('',*,*,#97860,.T.);
#97880=EDGE_LOOP('',(#97870,#97810,#97800,#97790));
#97890=FACE_OUTER_BOUND('',#97880,.T.);
#97900=ADVANCED_FACE('',(#97890),#97780,.F.);
#97910=COLOUR_RGB('',0.823529481887817,0.823529481887817,
0.784313797950745);
#97920=FILL_AREA_STYLE_COLOUR('',#97910);
#97930=FILL_AREA_STYLE('',(#97920));
#97940=SURFACE_STYLE_FILL_AREA(#97930);
#97950=SURFACE_SIDE_STYLE('',(#97940));
#97960=SURFACE_STYLE_USAGE(.BOTH.,#97950);
#97970=PRESENTATION_STYLE_ASSIGNMENT((#97960));
#97980=ORIENTED_EDGE('',*,*,#96080,.F.);
#97990=ORIENTED_EDGE('',*,*,#91220,.T.);
#98000=ORIENTED_EDGE('',*,*,#92990,.T.);
#98010=ORIENTED_EDGE('',*,*,#94920,.T.);
#98020=ORIENTED_EDGE('',*,*,#94630,.T.);
#98030=CARTESIAN_POINT('',(12.5749032757965,22.2643593742815,
1.15000000046179));
#98040=DIRECTION('',(-1.,-1.19337745224706E-9,-6.1991112058554E-11));
#98050=VECTOR('',#98040,1.);
#98060=LINE('',#98030,#98050);
#98070=EDGE_CURVE('',#89250,#94110,#98060,.T.);
#98080=ORIENTED_EDGE('',*,*,#98070,.T.);
#98090=ORIENTED_EDGE('',*,*,#89260,.T.);
#98100=ORIENTED_EDGE('',*,*,#95830,.T.);
#98110=ORIENTED_EDGE('',*,*,#96980,.F.);
#98120=ORIENTED_EDGE('',*,*,#97310,.F.);
#98130=ORIENTED_EDGE('',*,*,#97620,.F.);
#98140=ORIENTED_EDGE('',*,*,#97860,.F.);
#98150=EDGE_LOOP('',(#98140,#98130,#98120,#98110,#98100,#98090,#98080,
#98020,#98010,#98000,#97990,#97980));
#98160=FACE_OUTER_BOUND('',#98150,.T.);
#98170=ADVANCED_FACE('',(#98160),#94180,.T.);
#98180=COLOUR_RGB('',0.560784339904785,0.588235318660736,
0.600000023841858);
#98190=FILL_AREA_STYLE_COLOUR('',#98180);
#98200=FILL_AREA_STYLE('',(#98190));
#98210=SURFACE_STYLE_FILL_AREA(#98200);
#98220=SURFACE_SIDE_STYLE('',(#98210));
#98230=SURFACE_STYLE_USAGE(.BOTH.,#98220);
#98240=PRESENTATION_STYLE_ASSIGNMENT((#98230));
#98250=CARTESIAN_POINT('',(14.2999999985071,29.2500000286347,
0.350000000068671));
#98260=DIRECTION('',(6.19612122574131E-11,-4.08396223903786E-13,-1.));
#98270=DIRECTION('',(1.,5.96569374935946E-10,6.19612122571695E-11));
#98280=AXIS2_PLACEMENT_3D('',#98250,#98260,#98270);
#98290=PLANE('',#98280);
#98300=ORIENTED_EDGE('',*,*,#89430,.T.);
#98310=CARTESIAN_POINT('',(12.5749032749698,23.6500000211971,
0.349999999964068));
#98320=DIRECTION('',(-1.,-1.19342924022261E-9,-6.19612122569257E-11));
#98330=VECTOR('',#98320,1.);
#98340=LINE('',#98310,#98330);
#98350=EDGE_CURVE('',#89340,#94030,#98340,.T.);
#98360=ORIENTED_EDGE('',*,*,#98350,.F.);
#98370=CARTESIAN_POINT('',(13.699999998508,29.2500000282767,
0.350000000031495));
#98380=DIRECTION('',(5.9656937493592E-10,-1.,4.08396260867947E-13));
#98390=VECTOR('',#98380,1.);
#98400=LINE('',#98370,#98390);
#98410=EDGE_CURVE('',#63300,#94030,#98400,.T.);
#98420=ORIENTED_EDGE('',*,*,#98410,.T.);
#98430=ORIENTED_EDGE('',*,*,#63310,.F.);
#98440=ORIENTED_EDGE('',*,*,#89490,.F.);
#98450=EDGE_LOOP('',(#98440,#98430,#98420,#98360,#98300));
#98460=FACE_OUTER_BOUND('',#98450,.T.);
#98470=ADVANCED_FACE('',(#98460),#98290,.F.);
#98480=COLOUR_RGB('',0.560784339904785,0.588235318660736,
0.600000023841858);
#98490=FILL_AREA_STYLE_COLOUR('',#98480);
#98500=FILL_AREA_STYLE('',(#98490));
#98510=SURFACE_STYLE_FILL_AREA(#98500);
#98520=SURFACE_SIDE_STYLE('',(#98510));
#98530=SURFACE_STYLE_USAGE(.BOTH.,#98520);
#98540=PRESENTATION_STYLE_ASSIGNMENT((#98530));
#98550=ORIENTED_EDGE('',*,*,#24450,.T.);
#98560=CARTESIAN_POINT('',(12.5000000047103,29.2500000275631,
5.89007575779707));
#98570=DIRECTION('',(5.9656937493592E-10,-1.,4.08396260867947E-13));
#98580=VECTOR('',#98570,1.);
#98590=LINE('',#98560,#98580);
#98600=EDGE_CURVE('',#63390,#24440,#98590,.T.);
#98610=ORIENTED_EDGE('',*,*,#98600,.T.);
#98620=ORIENTED_EDGE('',*,*,#63400,.T.);
#98630=ORIENTED_EDGE('',*,*,#98410,.F.);
#98640=ORIENTED_EDGE('',*,*,#94040,.F.);
#98650=EDGE_LOOP('',(#98640,#98630,#98620,#98610,#98550));
#98660=FACE_OUTER_BOUND('',#98650,.T.);
#98670=ADVANCED_FACE('',(#98660),#23760,.F.);
#98680=COLOUR_RGB('',0.560784339904785,0.588235318660736,
0.600000023841858);
#98690=FILL_AREA_STYLE_COLOUR('',#98680);
#98700=FILL_AREA_STYLE('',(#98690));
#98710=SURFACE_STYLE_FILL_AREA(#98700);
#98720=SURFACE_SIDE_STYLE('',(#98710));
#98730=SURFACE_STYLE_USAGE(.BOTH.,#98720);
#98740=PRESENTATION_STYLE_ASSIGNMENT((#98730));
#98750=ORIENTED_EDGE('',*,*,#90330,.F.);
#98760=ORIENTED_EDGE('',*,*,#88770,.F.);
#98770=ORIENTED_EDGE('',*,*,#9960,.T.);
#98780=ORIENTED_EDGE('',*,*,#18970,.T.);
#98790=EDGE_LOOP('',(#98780,#98770,#98760,#98750));
#98800=FACE_OUTER_BOUND('',#98790,.T.);
#98810=ADVANCED_FACE('',(#98800),#89570,.F.);
#98820=COLOUR_RGB('',0.560784339904785,0.588235318660736,
0.600000023841858);
#98830=FILL_AREA_STYLE_COLOUR('',#98820);
#98840=FILL_AREA_STYLE('',(#98830));
#98850=SURFACE_STYLE_FILL_AREA(#98840);
#98860=SURFACE_SIDE_STYLE('',(#98850));
#98870=SURFACE_STYLE_USAGE(.BOTH.,#98860);
#98880=PRESENTATION_STYLE_ASSIGNMENT((#98870));
#98890=CARTESIAN_POINT('',(12.5000000036004,29.0500000185266,
6.15000001226069));
#98900=DIRECTION('',(-1.,-1.19325641018175E-9,3.19771222398515E-14));
#98910=DIRECTION('',(-1.19325641018175E-9,1.,-8.16792267487766E-13));
#98920=AXIS2_PLACEMENT_3D('',#98890,#98900,#98910);
#98930=PLANE('',#98920);
#98940=ORIENTED_EDGE('',*,*,#9700,.T.);
#98950=ORIENTED_EDGE('',*,*,#63460,.F.);
#98960=ORIENTED_EDGE('',*,*,#98600,.F.);
#98970=ORIENTED_EDGE('',*,*,#24530,.F.);
#98980=EDGE_LOOP('',(#98970,#98960,#98950,#98940));
#98990=FACE_OUTER_BOUND('',#98980,.T.);
#99000=ADVANCED_FACE('',(#98990),#98930,.F.);
#99010=COLOUR_RGB('',0.560784339904785,0.588235318660736,
0.600000023841858);
#99020=FILL_AREA_STYLE_COLOUR('',#99010);
#99030=FILL_AREA_STYLE('',(#99020));
#99040=SURFACE_STYLE_FILL_AREA(#99030);
#99050=SURFACE_SIDE_STYLE('',(#99040));
#99060=SURFACE_STYLE_USAGE(.BOTH.,#99050);
#99070=PRESENTATION_STYLE_ASSIGNMENT((#99060));
#99080=CARTESIAN_POINT('',(13.700000006675,22.2643593765249,
1.15000000001153));
#99090=DIRECTION('',(-6.50374603975575E-10,0.500000000000423,
0.866025403784194));
#99100=DIRECTION('',(1.00249963738936E-9,-0.866025403784194,
0.500000000000423));
#99110=AXIS2_PLACEMENT_3D('',#99080,#99090,#99100);
#99120=PLANE('',#99110);
#99130=ORIENTED_EDGE('',*,*,#98350,.T.);
#99140=ORIENTED_EDGE('',*,*,#89350,.T.);
#99150=ORIENTED_EDGE('',*,*,#98070,.F.);
#99160=ORIENTED_EDGE('',*,*,#94120,.F.);
#99170=EDGE_LOOP('',(#99160,#99150,#99140,#99130));
#99180=FACE_OUTER_BOUND('',#99170,.T.);
#99190=ADVANCED_FACE('',(#99180),#99120,.T.);
#99200=COLOUR_RGB('',0.560784339904785,0.588235318660736,
0.600000023841858);
#99210=FILL_AREA_STYLE_COLOUR('',#99200);
#99220=FILL_AREA_STYLE('',(#99210));
#99230=SURFACE_STYLE_FILL_AREA(#99220);
#99240=SURFACE_SIDE_STYLE('',(#99230));
#99250=SURFACE_STYLE_USAGE(.BOTH.,#99240);
#99260=PRESENTATION_STYLE_ASSIGNMENT((#99250));
#99270=CARTESIAN_POINT('',(20.3103744224013,28.1491850373958,
6.15000001164874));
#99280=DIRECTION('',(-0.642787609685505,0.766044443119846,
-2.92294994135305E-13));
#99290=DIRECTION('',(0.766044443119846,0.642787609685505,
-2.87007788964798E-13));
#99300=AXIS2_PLACEMENT_3D('',#99270,#99280,#99290);
#99310=PLANE('',#99300);
#99320=ORIENTED_EDGE('',*,*,#17040,.F.);
#99330=ORIENTED_EDGE('',*,*,#10240,.F.);
#99340=ORIENTED_EDGE('',*,*,#17340,.T.);
#99350=ORIENTED_EDGE('',*,*,#2280,.T.);
#99360=EDGE_LOOP('',(#99350,#99340,#99330,#99320));
#99370=FACE_OUTER_BOUND('',#99360,.T.);
#99380=ADVANCED_FACE('',(#99370),#99310,.F.);
#99390=COLOUR_RGB('',0.560784339904785,0.588235318660736,
0.600000023841858);
#99400=FILL_AREA_STYLE_COLOUR('',#99390);
#99410=FILL_AREA_STYLE('',(#99400));
#99420=SURFACE_STYLE_FILL_AREA(#99410);
#99430=SURFACE_SIDE_STYLE('',(#99420));
#99440=SURFACE_STYLE_USAGE(.BOTH.,#99430);
#99450=PRESENTATION_STYLE_ASSIGNMENT((#99440));
#99460=CARTESIAN_POINT('',(19.0042663561412,27.4942132916248,
6.15000001164905));
#99470=DIRECTION('',(-0.984807753012175,-0.173648177667118,
1.02408539260477E-13));
#99480=DIRECTION('',(-0.173648177667118,0.984807753012175,
-3.96638784802439E-13));
#99490=AXIS2_PLACEMENT_3D('',#99460,#99470,#99480);
#99500=PLANE('',#99490);
#99510=ORIENTED_EDGE('',*,*,#16810,.T.);
#99520=ORIENTED_EDGE('',*,*,#2040,.T.);
#99530=ORIENTED_EDGE('',*,*,#16090,.T.);
#99540=ORIENTED_EDGE('',*,*,#10480,.F.);
#99550=EDGE_LOOP('',(#99540,#99530,#99520,#99510));
#99560=FACE_OUTER_BOUND('',#99550,.T.);
#99570=ADVANCED_FACE('',(#99560),#99500,.F.);
#99580=COLOUR_RGB('',0.560784339904785,0.588235318660736,
0.600000023841858);
#99590=FILL_AREA_STYLE_COLOUR('',#99580);
#99600=FILL_AREA_STYLE('',(#99590));
#99610=SURFACE_STYLE_FILL_AREA(#99600);
#99620=SURFACE_SIDE_STYLE('',(#99610));
#99630=SURFACE_STYLE_USAGE(.BOTH.,#99620);
#99640=PRESENTATION_STYLE_ASSIGNMENT((#99630));
#99650=CARTESIAN_POINT('',(20.4922435426367,2.78383442670157,
6.1500000116591));
#99660=DIRECTION('',(-0.446121769630039,0.894972271448765,
-3.51237411785662E-13));
#99670=DIRECTION('',(0.894972271448765,0.446121769630039,
-2.1081298604481E-13));
#99680=AXIS2_PLACEMENT_3D('',#99650,#99660,#99670);
#99690=PLANE('',#99680);
#99700=ORIENTED_EDGE('',*,*,#11050,.F.);
#99710=ORIENTED_EDGE('',*,*,#15560,.T.);
#99720=ORIENTED_EDGE('',*,*,#1470,.T.);
#99730=ORIENTED_EDGE('',*,*,#14960,.F.);
#99740=EDGE_LOOP('',(#99730,#99720,#99710,#99700));
#99750=FACE_OUTER_BOUND('',#99740,.T.);
#99760=ADVANCED_FACE('',(#99750),#99690,.F.);
#99770=COLOUR_RGB('',0.560784339904785,0.588235318660736,
0.600000023841858);
#99780=FILL_AREA_STYLE_COLOUR('',#99770);
#99790=FILL_AREA_STYLE('',(#99780));
#99800=SURFACE_STYLE_FILL_AREA(#99790);
#99810=SURFACE_SIDE_STYLE('',(#99800));
#99820=SURFACE_STYLE_USAGE(.BOTH.,#99810);
#99830=PRESENTATION_STYLE_ASSIGNMENT((#99820));
#99840=CARTESIAN_POINT('',(0.599999999895278,2.1174173525651E-12,
6.15000001166087));
#99850=DIRECTION('',(0.0871557427476591,0.996194698091746,
-4.09628926290328E-13));
#99860=DIRECTION('',(0.996194698091746,-0.0871557427476591,
3.73861862903737E-15));
#99870=AXIS2_PLACEMENT_3D('',#99840,#99850,#99860);
#99880=PLANE('',#99870);
#99890=ORIENTED_EDGE('',*,*,#11460,.T.);
#99900=ORIENTED_EDGE('',*,*,#44500,.F.);
#99910=ORIENTED_EDGE('',*,*,#1060,.T.);
#99920=ORIENTED_EDGE('',*,*,#43900,.T.);
#99930=EDGE_LOOP('',(#99920,#99910,#99900,#99890));
#99940=FACE_OUTER_BOUND('',#99930,.T.);
#99950=ADVANCED_FACE('',(#99940),#99880,.F.);
#99960=COLOUR_RGB('',0.560784339904785,0.588235318660736,
0.600000023841858);
#99970=FILL_AREA_STYLE_COLOUR('',#99960);
#99980=FILL_AREA_STYLE('',(#99970));
#99990=SURFACE_STYLE_FILL_AREA(#99980);
#100000=SURFACE_SIDE_STYLE('',(#99990));
#100010=SURFACE_STYLE_USAGE(.BOTH.,#100000);
#100020=PRESENTATION_STYLE_ASSIGNMENT((#100010));
#100030=CARTESIAN_POINT('',(-7.10000000010484,0.200000000001726,
6.15000001166103));
#100040=DIRECTION('',(-1.,1.30593272779735E-26,3.19771212653255E-14));
#100050=DIRECTION('',(-3.19771212653255E-14,-4.08396006638903E-13,-1.));
#100060=AXIS2_PLACEMENT_3D('',#100030,#100040,#100050);
#100070=PLANE('',#100060);
#100080=ORIENTED_EDGE('',*,*,#43970,.F.);
#100090=ORIENTED_EDGE('',*,*,#900,.T.);
#100100=ORIENTED_EDGE('',*,*,#44950,.T.);
#100110=ORIENTED_EDGE('',*,*,#11620,.F.);
#100120=EDGE_LOOP('',(#100110,#100100,#100090,#100080));
#100130=FACE_OUTER_BOUND('',#100120,.T.);
#100140=ADVANCED_FACE('',(#100130),#100070,.F.);
#100150=COLOUR_RGB('',0.560784339904785,0.588235318660736,
0.600000023841858);
#100160=FILL_AREA_STYLE_COLOUR('',#100150);
#100170=FILL_AREA_STYLE('',(#100160));
#100180=SURFACE_STYLE_FILL_AREA(#100170);
#100190=SURFACE_SIDE_STYLE('',(#100180));
#100200=SURFACE_STYLE_USAGE(.BOTH.,#100190);
#100210=PRESENTATION_STYLE_ASSIGNMENT((#100200));
#100220=CARTESIAN_POINT('',(-27.7000000002408,29.2499999997109,
3.2000000115485));
#100230=DIRECTION('',(-1.23069611928547E-13,1.,-4.08396006638899E-13));
#100240=DIRECTION('',(7.19441145561563E-28,-4.08396006638899E-13,-1.));
#100250=AXIS2_PLACEMENT_3D('',#100220,#100230,#100240);
#100260=CYLINDRICAL_SURFACE('',#100250,1.05);
#100270=ORIENTED_EDGE('',*,*,#58040,.T.);
#100280=ORIENTED_EDGE('',*,*,#55190,.F.);
#100290=ORIENTED_EDGE('',*,*,#47720,.T.);
#100300=ORIENTED_EDGE('',*,*,#56060,.T.);
#100310=EDGE_LOOP('',(#100300,#100290,#100280,#100270));
#100320=FACE_OUTER_BOUND('',#100310,.T.);
#100330=ADVANCED_FACE('',(#100320),#100260,.F.);
#100340=COLOUR_RGB('',0.560784339904785,0.588235318660736,
0.600000023841858);
#100350=FILL_AREA_STYLE_COLOUR('',#100340);
#100360=FILL_AREA_STYLE('',(#100350));
#100370=SURFACE_STYLE_FILL_AREA(#100360);
#100380=SURFACE_SIDE_STYLE('',(#100370));
#100390=SURFACE_STYLE_USAGE(.BOTH.,#100380);
#100400=PRESENTATION_STYLE_ASSIGNMENT((#100390));
#100410=CLOSED_SHELL('',(#5660,#12740,#13190,#13480,#13770,#14010,#14250
,#14540,#14780,#15070,#15360,#15600,#15840,#16130,#16370,#16560,#16850,
#17090,#17380,#18520,#19080,#20130,#20620,#20810,#21100,#21340,#21530,
#21770,#22010,#22250,#22490,#22780,#22970,#23160,#23400,#23590,#24570,
#24860,#25330,#25760,#26070,#26380,#26620,#27180,#27600,#27890,#28130,
#28370,#28650,#28890,#29870,#30810,#31190,#31730,#32200,#33980,#35550,
#35890,#36260,#36640,#37950,#38260,#38580,#39680,#39920,#40160,#40350,
#40540,#40780,#41030,#41230,#41370,#41660,#41950,#42240,#42530,#42770,
#43010,#43330,#43720,#44010,#44250,#44540,#44780,#45020,#45230,#45470,
#45710,#45900,#46090,#46330,#46520,#47900,#48860,#49670,#50050,#50360,
#50670,#51150,#51700,#51890,#52130,#52370,#52660,#52900,#53140,#53430,
#53720,#53950,#54140,#54380,#54570,#54810,#55000,#56110,#56330,#58100,
#58390,#58630,#59030,#59410,#59650,#59890,#60100,#60290,#60670,#60980,
#64090,#65050,#65440,#66150,#66390,#66680,#66920,#67160,#67540,#67920,
#68230,#68640,#69030,#69480,#69670,#69910,#70190,#70380,#70570,#70760,
#71000,#71190,#71570,#72440,#73250,#73540,#73970,#74280,#74670,#74910,
#75220,#75710,#75950,#76190,#76430,#76670,#76960,#77200,#77490,#77720,
#77910,#78100,#78290,#78550,#78690,#78930,#79640,#80110,#80580,#82360,
#84430,#84750,#85140,#85520,#85990,#86300,#86610,#86920,#87160,#87430,
#87730,#87930,#88120,#88310,#88500,#88810,#90380,#90850,#91320,#93100,
#95170,#95490,#95880,#96260,#96730,#97040,#97350,#97660,#97900,#98170,
#98470,#98670,#98810,#99000,#99190,#99380,#99570,#99760,#99950,#100140,
#100330));
#100420=MANIFOLD_SOLID_BREP('',#100410);
#100430=CARTESIAN_POINT('',(0.,0.,0.));
#100440=DIRECTION('',(0.,0.,1.));
#100450=DIRECTION('',(1.,0.,0.));
#100460=AXIS2_PLACEMENT_3D('',#100430,#100440,#100450);
#100470=APPLICATION_CONTEXT(' ');
#100480=APPLICATION_PROTOCOL_DEFINITION(' ','automotive_design',1998,
#100470);
#100490=PRODUCT_CONTEXT('',#100470,'mechanical');
#100500=PRODUCT_DEFINITION_CONTEXT('part definition',#100470,'design');
#100510=PRODUCT('PT_4_TWIN-SELECT','PT_4_TWIN-SELECT','',(#100490));
#100520=PRODUCT_RELATED_PRODUCT_CATEGORY('part',' ',(#100510));
#100530=PRODUCT_DEFINITION_FORMATION_WITH_SPECIFIED_SOURCE('','',#100510
,.BOUGHT.);
#100540=PRODUCT_DEFINITION('',' ',#100530,#100500);
#100550=PRODUCT_DEFINITION_SHAPE('','',#100540);
#100560=DIMENSIONAL_EXPONENTS(1.,0.,0.,0.,0.,0.,0.);
#100570=DIMENSIONAL_EXPONENTS(0.,0.,0.,0.,0.,0.,0.);
#100580=DIMENSIONAL_EXPONENTS(0.,0.,0.,0.,0.,0.,0.);
#100590=(LENGTH_UNIT() NAMED_UNIT(*) SI_UNIT(.MILLI.,.METRE.));
#100600=(NAMED_UNIT(*) PLANE_ANGLE_UNIT() SI_UNIT($,.RADIAN.));
#100610=(NAMED_UNIT(*) SI_UNIT($,.STERADIAN.) SOLID_ANGLE_UNIT());
#100620=(GEOMETRIC_REPRESENTATION_CONTEXT(3) 
GLOBAL_UNCERTAINTY_ASSIGNED_CONTEXT((#100630)) 
GLOBAL_UNIT_ASSIGNED_CONTEXT((#100590,#100600,#100610)) 
REPRESENTATION_CONTEXT('',''));
#100630=UNCERTAINTY_MEASURE_WITH_UNIT(LENGTH_MEASURE(1.E-6),#100590,
'distance_accuracy_value','maximum gap value');
#100640=ADVANCED_BREP_SHAPE_REPRESENTATION('',(#100460,#100420),#100620)
;
#100650=SHAPE_DEFINITION_REPRESENTATION(#100550,#100640);
#100660=COLOUR_RGB('',0.560784339904785,0.588235318660736,
0.600000023841858);
#100670=FILL_AREA_STYLE_COLOUR('',#100660);
#100680=FILL_AREA_STYLE('',(#100670));
#100690=SURFACE_STYLE_FILL_AREA(#100680);
#100700=SURFACE_SIDE_STYLE('',(#100690));
#100710=SURFACE_STYLE_USAGE(.BOTH.,#100700);
#100720=PRESENTATION_STYLE_ASSIGNMENT((#100710));
#100730=STYLED_ITEM('',(#100720),#100420);
#100740=OVER_RIDING_STYLED_ITEM('',(#5730),#5660,#100730);
#100750=OVER_RIDING_STYLED_ITEM('',(#12810),#12740,#100730);
#100760=OVER_RIDING_STYLED_ITEM('',(#13260),#13190,#100730);
#100770=OVER_RIDING_STYLED_ITEM('',(#13550),#13480,#100730);
#100780=OVER_RIDING_STYLED_ITEM('',(#13840),#13770,#100730);
#100790=OVER_RIDING_STYLED_ITEM('',(#14080),#14010,#100730);
#100800=OVER_RIDING_STYLED_ITEM('',(#14320),#14250,#100730);
#100810=OVER_RIDING_STYLED_ITEM('',(#14610),#14540,#100730);
#100820=OVER_RIDING_STYLED_ITEM('',(#14850),#14780,#100730);
#100830=OVER_RIDING_STYLED_ITEM('',(#15140),#15070,#100730);
#100840=OVER_RIDING_STYLED_ITEM('',(#15430),#15360,#100730);
#100850=OVER_RIDING_STYLED_ITEM('',(#15670),#15600,#100730);
#100860=OVER_RIDING_STYLED_ITEM('',(#15910),#15840,#100730);
#100870=OVER_RIDING_STYLED_ITEM('',(#16200),#16130,#100730);
#100880=OVER_RIDING_STYLED_ITEM('',(#16440),#16370,#100730);
#100890=OVER_RIDING_STYLED_ITEM('',(#16630),#16560,#100730);
#100900=OVER_RIDING_STYLED_ITEM('',(#16920),#16850,#100730);
#100910=OVER_RIDING_STYLED_ITEM('',(#17160),#17090,#100730);
#100920=OVER_RIDING_STYLED_ITEM('',(#17450),#17380,#100730);
#100930=OVER_RIDING_STYLED_ITEM('',(#18590),#18520,#100730);
#100940=OVER_RIDING_STYLED_ITEM('',(#19150),#19080,#100730);
#100950=OVER_RIDING_STYLED_ITEM('',(#20200),#20130,#100730);
#100960=OVER_RIDING_STYLED_ITEM('',(#20690),#20620,#100730);
#100970=OVER_RIDING_STYLED_ITEM('',(#20880),#20810,#100730);
#100980=OVER_RIDING_STYLED_ITEM('',(#21170),#21100,#100730);
#100990=OVER_RIDING_STYLED_ITEM('',(#21410),#21340,#100730);
#101000=OVER_RIDING_STYLED_ITEM('',(#21600),#21530,#100730);
#101010=OVER_RIDING_STYLED_ITEM('',(#21840),#21770,#100730);
#101020=OVER_RIDING_STYLED_ITEM('',(#22080),#22010,#100730);
#101030=OVER_RIDING_STYLED_ITEM('',(#22320),#22250,#100730);
#101040=OVER_RIDING_STYLED_ITEM('',(#22560),#22490,#100730);
#101050=OVER_RIDING_STYLED_ITEM('',(#22850),#22780,#100730);
#101060=OVER_RIDING_STYLED_ITEM('',(#23040),#22970,#100730);
#101070=OVER_RIDING_STYLED_ITEM('',(#23230),#23160,#100730);
#101080=OVER_RIDING_STYLED_ITEM('',(#23470),#23400,#100730);
#101090=OVER_RIDING_STYLED_ITEM('',(#23660),#23590,#100730);
#101100=OVER_RIDING_STYLED_ITEM('',(#24640),#24570,#100730);
#101110=OVER_RIDING_STYLED_ITEM('',(#24930),#24860,#100730);
#101120=OVER_RIDING_STYLED_ITEM('',(#25400),#25330,#100730);
#101130=OVER_RIDING_STYLED_ITEM('',(#25830),#25760,#100730);
#101140=OVER_RIDING_STYLED_ITEM('',(#26140),#26070,#100730);
#101150=OVER_RIDING_STYLED_ITEM('',(#26450),#26380,#100730);
#101160=OVER_RIDING_STYLED_ITEM('',(#26690),#26620,#100730);
#101170=OVER_RIDING_STYLED_ITEM('',(#27250),#27180,#100730);
#101180=OVER_RIDING_STYLED_ITEM('',(#27670),#27600,#100730);
#101190=OVER_RIDING_STYLED_ITEM('',(#27960),#27890,#100730);
#101200=OVER_RIDING_STYLED_ITEM('',(#28200),#28130,#100730);
#101210=OVER_RIDING_STYLED_ITEM('',(#28440),#28370,#100730);
#101220=OVER_RIDING_STYLED_ITEM('',(#28720),#28650,#100730);
#101230=OVER_RIDING_STYLED_ITEM('',(#28960),#28890,#100730);
#101240=OVER_RIDING_STYLED_ITEM('',(#29940),#29870,#100730);
#101250=OVER_RIDING_STYLED_ITEM('',(#30880),#30810,#100730);
#101260=OVER_RIDING_STYLED_ITEM('',(#31260),#31190,#100730);
#101270=OVER_RIDING_STYLED_ITEM('',(#31800),#31730,#100730);
#101280=OVER_RIDING_STYLED_ITEM('',(#32270),#32200,#100730);
#101290=OVER_RIDING_STYLED_ITEM('',(#34050),#33980,#100730);
#101300=OVER_RIDING_STYLED_ITEM('',(#35620),#35550,#100730);
#101310=OVER_RIDING_STYLED_ITEM('',(#35960),#35890,#100730);
#101320=OVER_RIDING_STYLED_ITEM('',(#36330),#36260,#100730);
#101330=OVER_RIDING_STYLED_ITEM('',(#36710),#36640,#100730);
#101340=OVER_RIDING_STYLED_ITEM('',(#38020),#37950,#100730);
#101350=OVER_RIDING_STYLED_ITEM('',(#38330),#38260,#100730);
#101360=OVER_RIDING_STYLED_ITEM('',(#38650),#38580,#100730);
#101370=OVER_RIDING_STYLED_ITEM('',(#39750),#39680,#100730);
#101380=OVER_RIDING_STYLED_ITEM('',(#39990),#39920,#100730);
#101390=OVER_RIDING_STYLED_ITEM('',(#40230),#40160,#100730);
#101400=OVER_RIDING_STYLED_ITEM('',(#40420),#40350,#100730);
#101410=OVER_RIDING_STYLED_ITEM('',(#40610),#40540,#100730);
#101420=OVER_RIDING_STYLED_ITEM('',(#40850),#40780,#100730);
#101430=OVER_RIDING_STYLED_ITEM('',(#41100),#41030,#100730);
#101440=OVER_RIDING_STYLED_ITEM('',(#41300),#41230,#100730);
#101450=OVER_RIDING_STYLED_ITEM('',(#41440),#41370,#100730);
#101460=OVER_RIDING_STYLED_ITEM('',(#41730),#41660,#100730);
#101470=OVER_RIDING_STYLED_ITEM('',(#42020),#41950,#100730);
#101480=OVER_RIDING_STYLED_ITEM('',(#42310),#42240,#100730);
#101490=OVER_RIDING_STYLED_ITEM('',(#42600),#42530,#100730);
#101500=OVER_RIDING_STYLED_ITEM('',(#42840),#42770,#100730);
#101510=OVER_RIDING_STYLED_ITEM('',(#43080),#43010,#100730);
#101520=OVER_RIDING_STYLED_ITEM('',(#43400),#43330,#100730);
#101530=OVER_RIDING_STYLED_ITEM('',(#43790),#43720,#100730);
#101540=OVER_RIDING_STYLED_ITEM('',(#44080),#44010,#100730);
#101550=OVER_RIDING_STYLED_ITEM('',(#44320),#44250,#100730);
#101560=OVER_RIDING_STYLED_ITEM('',(#44610),#44540,#100730);
#101570=OVER_RIDING_STYLED_ITEM('',(#44850),#44780,#100730);
#101580=OVER_RIDING_STYLED_ITEM('',(#45090),#45020,#100730);
#101590=OVER_RIDING_STYLED_ITEM('',(#45300),#45230,#100730);
#101600=OVER_RIDING_STYLED_ITEM('',(#45540),#45470,#100730);
#101610=OVER_RIDING_STYLED_ITEM('',(#45780),#45710,#100730);
#101620=OVER_RIDING_STYLED_ITEM('',(#45970),#45900,#100730);
#101630=OVER_RIDING_STYLED_ITEM('',(#46160),#46090,#100730);
#101640=OVER_RIDING_STYLED_ITEM('',(#46400),#46330,#100730);
#101650=OVER_RIDING_STYLED_ITEM('',(#46590),#46520,#100730);
#101660=OVER_RIDING_STYLED_ITEM('',(#47970),#47900,#100730);
#101670=OVER_RIDING_STYLED_ITEM('',(#48930),#48860,#100730);
#101680=OVER_RIDING_STYLED_ITEM('',(#49740),#49670,#100730);
#101690=OVER_RIDING_STYLED_ITEM('',(#50120),#50050,#100730);
#101700=OVER_RIDING_STYLED_ITEM('',(#50430),#50360,#100730);
#101710=OVER_RIDING_STYLED_ITEM('',(#50740),#50670,#100730);
#101720=OVER_RIDING_STYLED_ITEM('',(#51220),#51150,#100730);
#101730=OVER_RIDING_STYLED_ITEM('',(#51770),#51700,#100730);
#101740=OVER_RIDING_STYLED_ITEM('',(#51960),#51890,#100730);
#101750=OVER_RIDING_STYLED_ITEM('',(#52200),#52130,#100730);
#101760=OVER_RIDING_STYLED_ITEM('',(#52440),#52370,#100730);
#101770=OVER_RIDING_STYLED_ITEM('',(#52730),#52660,#100730);
#101780=OVER_RIDING_STYLED_ITEM('',(#52970),#52900,#100730);
#101790=OVER_RIDING_STYLED_ITEM('',(#53210),#53140,#100730);
#101800=OVER_RIDING_STYLED_ITEM('',(#53500),#53430,#100730);
#101810=OVER_RIDING_STYLED_ITEM('',(#53790),#53720,#100730);
#101820=OVER_RIDING_STYLED_ITEM('',(#54020),#53950,#100730);
#101830=OVER_RIDING_STYLED_ITEM('',(#54210),#54140,#100730);
#101840=OVER_RIDING_STYLED_ITEM('',(#54450),#54380,#100730);
#101850=OVER_RIDING_STYLED_ITEM('',(#54640),#54570,#100730);
#101860=OVER_RIDING_STYLED_ITEM('',(#54880),#54810,#100730);
#101870=OVER_RIDING_STYLED_ITEM('',(#55070),#55000,#100730);
#101880=OVER_RIDING_STYLED_ITEM('',(#56180),#56110,#100730);
#101890=OVER_RIDING_STYLED_ITEM('',(#56400),#56330,#100730);
#101900=OVER_RIDING_STYLED_ITEM('',(#58170),#58100,#100730);
#101910=OVER_RIDING_STYLED_ITEM('',(#58460),#58390,#100730);
#101920=OVER_RIDING_STYLED_ITEM('',(#58700),#58630,#100730);
#101930=OVER_RIDING_STYLED_ITEM('',(#59100),#59030,#100730);
#101940=OVER_RIDING_STYLED_ITEM('',(#59480),#59410,#100730);
#101950=OVER_RIDING_STYLED_ITEM('',(#59720),#59650,#100730);
#101960=OVER_RIDING_STYLED_ITEM('',(#59960),#59890,#100730);
#101970=OVER_RIDING_STYLED_ITEM('',(#60170),#60100,#100730);
#101980=OVER_RIDING_STYLED_ITEM('',(#60360),#60290,#100730);
#101990=OVER_RIDING_STYLED_ITEM('',(#60740),#60670,#100730);
#102000=OVER_RIDING_STYLED_ITEM('',(#61050),#60980,#100730);
#102010=OVER_RIDING_STYLED_ITEM('',(#64160),#64090,#100730);
#102020=OVER_RIDING_STYLED_ITEM('',(#65120),#65050,#100730);
#102030=OVER_RIDING_STYLED_ITEM('',(#65510),#65440,#100730);
#102040=OVER_RIDING_STYLED_ITEM('',(#66220),#66150,#100730);
#102050=OVER_RIDING_STYLED_ITEM('',(#66460),#66390,#100730);
#102060=OVER_RIDING_STYLED_ITEM('',(#66750),#66680,#100730);
#102070=OVER_RIDING_STYLED_ITEM('',(#66990),#66920,#100730);
#102080=OVER_RIDING_STYLED_ITEM('',(#67230),#67160,#100730);
#102090=OVER_RIDING_STYLED_ITEM('',(#67610),#67540,#100730);
#102100=OVER_RIDING_STYLED_ITEM('',(#67990),#67920,#100730);
#102110=OVER_RIDING_STYLED_ITEM('',(#68300),#68230,#100730);
#102120=OVER_RIDING_STYLED_ITEM('',(#68710),#68640,#100730);
#102130=OVER_RIDING_STYLED_ITEM('',(#69100),#69030,#100730);
#102140=OVER_RIDING_STYLED_ITEM('',(#69550),#69480,#100730);
#102150=OVER_RIDING_STYLED_ITEM('',(#69740),#69670,#100730);
#102160=OVER_RIDING_STYLED_ITEM('',(#69980),#69910,#100730);
#102170=OVER_RIDING_STYLED_ITEM('',(#70260),#70190,#100730);
#102180=OVER_RIDING_STYLED_ITEM('',(#70450),#70380,#100730);
#102190=OVER_RIDING_STYLED_ITEM('',(#70640),#70570,#100730);
#102200=OVER_RIDING_STYLED_ITEM('',(#70830),#70760,#100730);
#102210=OVER_RIDING_STYLED_ITEM('',(#71070),#71000,#100730);
#102220=OVER_RIDING_STYLED_ITEM('',(#71260),#71190,#100730);
#102230=OVER_RIDING_STYLED_ITEM('',(#71640),#71570,#100730);
#102240=OVER_RIDING_STYLED_ITEM('',(#72510),#72440,#100730);
#102250=OVER_RIDING_STYLED_ITEM('',(#73320),#73250,#100730);
#102260=OVER_RIDING_STYLED_ITEM('',(#73610),#73540,#100730);
#102270=OVER_RIDING_STYLED_ITEM('',(#74040),#73970,#100730);
#102280=OVER_RIDING_STYLED_ITEM('',(#74350),#74280,#100730);
#102290=OVER_RIDING_STYLED_ITEM('',(#74740),#74670,#100730);
#102300=OVER_RIDING_STYLED_ITEM('',(#74980),#74910,#100730);
#102310=OVER_RIDING_STYLED_ITEM('',(#75290),#75220,#100730);
#102320=OVER_RIDING_STYLED_ITEM('',(#75780),#75710,#100730);
#102330=OVER_RIDING_STYLED_ITEM('',(#76020),#75950,#100730);
#102340=OVER_RIDING_STYLED_ITEM('',(#76260),#76190,#100730);
#102350=OVER_RIDING_STYLED_ITEM('',(#76500),#76430,#100730);
#102360=OVER_RIDING_STYLED_ITEM('',(#76740),#76670,#100730);
#102370=OVER_RIDING_STYLED_ITEM('',(#77030),#76960,#100730);
#102380=OVER_RIDING_STYLED_ITEM('',(#77270),#77200,#100730);
#102390=OVER_RIDING_STYLED_ITEM('',(#77560),#77490,#100730);
#102400=OVER_RIDING_STYLED_ITEM('',(#77790),#77720,#100730);
#102410=OVER_RIDING_STYLED_ITEM('',(#77980),#77910,#100730);
#102420=OVER_RIDING_STYLED_ITEM('',(#78170),#78100,#100730);
#102430=OVER_RIDING_STYLED_ITEM('',(#78360),#78290,#100730);
#102440=OVER_RIDING_STYLED_ITEM('',(#78620),#78550,#100730);
#102450=OVER_RIDING_STYLED_ITEM('',(#78760),#78690,#100730);
#102460=OVER_RIDING_STYLED_ITEM('',(#79000),#78930,#100730);
#102470=OVER_RIDING_STYLED_ITEM('',(#79710),#79640,#100730);
#102480=OVER_RIDING_STYLED_ITEM('',(#80180),#80110,#100730);
#102490=OVER_RIDING_STYLED_ITEM('',(#80650),#80580,#100730);
#102500=OVER_RIDING_STYLED_ITEM('',(#82430),#82360,#100730);
#102510=OVER_RIDING_STYLED_ITEM('',(#84500),#84430,#100730);
#102520=OVER_RIDING_STYLED_ITEM('',(#84820),#84750,#100730);
#102530=OVER_RIDING_STYLED_ITEM('',(#85210),#85140,#100730);
#102540=OVER_RIDING_STYLED_ITEM('',(#85590),#85520,#100730);
#102550=OVER_RIDING_STYLED_ITEM('',(#86060),#85990,#100730);
#102560=OVER_RIDING_STYLED_ITEM('',(#86370),#86300,#100730);
#102570=OVER_RIDING_STYLED_ITEM('',(#86680),#86610,#100730);
#102580=OVER_RIDING_STYLED_ITEM('',(#86990),#86920,#100730);
#102590=OVER_RIDING_STYLED_ITEM('',(#87230),#87160,#100730);
#102600=OVER_RIDING_STYLED_ITEM('',(#87500),#87430,#100730);
#102610=OVER_RIDING_STYLED_ITEM('',(#87800),#87730,#100730);
#102620=OVER_RIDING_STYLED_ITEM('',(#88000),#87930,#100730);
#102630=OVER_RIDING_STYLED_ITEM('',(#88190),#88120,#100730);
#102640=OVER_RIDING_STYLED_ITEM('',(#88380),#88310,#100730);
#102650=OVER_RIDING_STYLED_ITEM('',(#88570),#88500,#100730);
#102660=OVER_RIDING_STYLED_ITEM('',(#88880),#88810,#100730);
#102670=OVER_RIDING_STYLED_ITEM('',(#90450),#90380,#100730);
#102680=OVER_RIDING_STYLED_ITEM('',(#90920),#90850,#100730);
#102690=OVER_RIDING_STYLED_ITEM('',(#91390),#91320,#100730);
#102700=OVER_RIDING_STYLED_ITEM('',(#93170),#93100,#100730);
#102710=OVER_RIDING_STYLED_ITEM('',(#95240),#95170,#100730);
#102720=OVER_RIDING_STYLED_ITEM('',(#95560),#95490,#100730);
#102730=OVER_RIDING_STYLED_ITEM('',(#95950),#95880,#100730);
#102740=OVER_RIDING_STYLED_ITEM('',(#96330),#96260,#100730);
#102750=OVER_RIDING_STYLED_ITEM('',(#96800),#96730,#100730);
#102760=OVER_RIDING_STYLED_ITEM('',(#97110),#97040,#100730);
#102770=OVER_RIDING_STYLED_ITEM('',(#97420),#97350,#100730);
#102780=OVER_RIDING_STYLED_ITEM('',(#97730),#97660,#100730);
#102790=OVER_RIDING_STYLED_ITEM('',(#97970),#97900,#100730);
#102800=OVER_RIDING_STYLED_ITEM('',(#98240),#98170,#100730);
#102810=OVER_RIDING_STYLED_ITEM('',(#98540),#98470,#100730);
#102820=OVER_RIDING_STYLED_ITEM('',(#98740),#98670,#100730);
#102830=OVER_RIDING_STYLED_ITEM('',(#98880),#98810,#100730);
#102840=OVER_RIDING_STYLED_ITEM('',(#99070),#99000,#100730);
#102850=OVER_RIDING_STYLED_ITEM('',(#99260),#99190,#100730);
#102860=OVER_RIDING_STYLED_ITEM('',(#99450),#99380,#100730);
#102870=OVER_RIDING_STYLED_ITEM('',(#99640),#99570,#100730);
#102880=OVER_RIDING_STYLED_ITEM('',(#99830),#99760,#100730);
#102890=OVER_RIDING_STYLED_ITEM('',(#100020),#99950,#100730);
#102900=OVER_RIDING_STYLED_ITEM('',(#100210),#100140,#100730);
#102910=OVER_RIDING_STYLED_ITEM('',(#100400),#100330,#100730);
#102920=DRAUGHTING_MODEL('',(#100730,#100740,#100750,#100760,#100770,
#100780,#100790,#100800,#100810,#100820,#100830,#100840,#100850,#100860,
#100870,#100880,#100890,#100900,#100910,#100920,#100930,#100940,#100950,
#100960,#100970,#100980,#100990,#101000,#101010,#101020,#101030,#101040,
#101050,#101060,#101070,#101080,#101090,#101100,#101110,#101120,#101130,
#101140,#101150,#101160,#101170,#101180,#101190,#101200,#101210,#101220,
#101230,#101240,#101250,#101260,#101270,#101280,#101290,#101300,#101310,
#101320,#101330,#101340,#101350,#101360,#101370,#101380,#101390,#101400,
#101410,#101420,#101430,#101440,#101450,#101460,#101470,#101480,#101490,
#101500,#101510,#101520,#101530,#101540,#101550,#101560,#101570,#101580,
#101590,#101600,#101610,#101620,#101630,#101640,#101650,#101660,#101670,
#101680,#101690,#101700,#101710,#101720,#101730,#101740,#101750,#101760,
#101770,#101780,#101790,#101800,#101810,#101820,#101830,#101840,#101850,
#101860,#101870,#101880,#101890,#101900,#101910,#101920,#101930,#101940,
#101950,#101960,#101970,#101980,#101990,#102000,#102010,#102020,#102030,
#102040,#102050,#102060,#102070,#102080,#102090,#102100,#102110,#102120,
#102130,#102140,#102150,#102160,#102170,#102180,#102190,#102200,#102210,
#102220,#102230,#102240,#102250,#102260,#102270,#102280,#102290,#102300,
#102310,#102320,#102330,#102340,#102350,#102360,#102370,#102380,#102390,
#102400,#102410,#102420,#102430,#102440,#102450,#102460,#102470,#102480,
#102490,#102500,#102510,#102520,#102530,#102540,#102550,#102560,#102570,
#102580,#102590,#102600,#102610,#102620,#102630,#102640,#102650,#102660,
#102670,#102680,#102690,#102700,#102710,#102720,#102730,#102740,#102750,
#102760,#102770,#102780,#102790,#102800,#102810,#102820,#102830,#102840,
#102850,#102860,#102870,#102880,#102890,#102900,#102910),#100620);
#102930=CARTESIAN_POINT('',(-1.0654698900936E-8,44.7999999999996,
5.99999999984405));
#102940=DIRECTION('',(1.,-1.23259516440783E-32,1.11022302462516E-16));
#102950=DIRECTION('',(0.,1.,1.11022302462516E-16));
#102960=AXIS2_PLACEMENT_3D('',#102930,#102940,#102950);
#102970=ITEM_DEFINED_TRANSFORMATION('PT_4_TWIN-SELECT','',#100460,
#102960);
#102980=APPLICATION_CONTEXT(' ');
#102990=APPLICATION_PROTOCOL_DEFINITION(' ','automotive_design',1998,
#102980);
#103000=PRODUCT_CONTEXT('',#102980,'mechanical');
#103010=PRODUCT_DEFINITION_CONTEXT('part definition',#102980,'design');
#103020=PRODUCT('PT_4_TWIN-SELECT','PT_4_TWIN-SELECT','',(#103000));
#103030=PRODUCT_RELATED_PRODUCT_CATEGORY('part',' ',(#103020));
#103040=PRODUCT_DEFINITION_FORMATION_WITH_SPECIFIED_SOURCE('','',#103020
,.BOUGHT.);
#103050=PRODUCT_DEFINITION('',' ',#103040,#103010);
#103060=PRODUCT_DEFINITION_SHAPE('','',#103050);
#103070=DIMENSIONAL_EXPONENTS(1.,0.,0.,0.,0.,0.,0.);
#103080=DIMENSIONAL_EXPONENTS(0.,0.,0.,0.,0.,0.,0.);
#103090=DIMENSIONAL_EXPONENTS(0.,0.,0.,0.,0.,0.,0.);
#103100=(LENGTH_UNIT() NAMED_UNIT(*) SI_UNIT(.MILLI.,.METRE.));
#103110=(NAMED_UNIT(*) PLANE_ANGLE_UNIT() SI_UNIT($,.RADIAN.));
#103120=(NAMED_UNIT(*) SI_UNIT($,.STERADIAN.) SOLID_ANGLE_UNIT());
#103130=(GEOMETRIC_REPRESENTATION_CONTEXT(3) 
GLOBAL_UNCERTAINTY_ASSIGNED_CONTEXT((#103140)) 
GLOBAL_UNIT_ASSIGNED_CONTEXT((#103100,#103110,#103120)) 
REPRESENTATION_CONTEXT('',''));
#103140=UNCERTAINTY_MEASURE_WITH_UNIT(LENGTH_MEASURE(1.E-6),#103100,
'distance_accuracy_value','maximum gap value');
#103150=SHAPE_REPRESENTATION('',(#100460,#102960),#103130);
#103160=SHAPE_DEFINITION_REPRESENTATION(#103060,#103150);
#103170=(REPRESENTATION_RELATIONSHIP('','',#100640,#103150) 
REPRESENTATION_RELATIONSHIP_WITH_TRANSFORMATION(#102970) 
SHAPE_REPRESENTATION_RELATIONSHIP());
#103180=NEXT_ASSEMBLY_USAGE_OCCURRENCE('1','','PT_4_TWIN-SELECT',#103050
,#100540,'');
#103190=PRODUCT_DEFINITION_SHAPE('','',#103180);
#103200=CONTEXT_DEPENDENT_SHAPE_REPRESENTATION(#103170,#103190);
ENDSEC;
END-ISO-10303-21;
